{"type":"FeatureCollection","features":[{"type":"Feature","properties":{"height":60.0},"geometry":{"type":"Polygon","coordinates":[[[54.378895,24.509724],[54.379001,24.50989],[54.379641,24.509548],[54.379535,24.509383],[54.378895,24.509724]]]}},{"type":"Feature","properties":{"height":60.0},"geometry":{"type":"Polygon","coordinates":[[[54.378591,24.509439],[54.377802,24.509708],[54.378003,24.51002],[54.378717,24.509628],[54.378591,24.509439]]]}},{"type":"Feature","properties":{"height":40.0},"geometry":{"type":"Polygon","coordinates":[[[54.379725,24.509683],[54.379077,24.510028],[54.379145,24.510132],[54.379792,24.509788],[54.379725,24.509683]]]}},{"type":"Feature","properties":{"height":40.0},"geometry":{"type":"Polygon","coordinates":[[[54.378775,24.509801],[54.378546,24.509927],[54.378806,24.510318],[54.379035,24.510192],[54.378775,24.509801]]]}},{"type":"Feature","properties":{"height":12.0},"geometry":{"type":"Polygon","coordinates":[[[54.381604,24.510143],[54.381569,24.510072],[54.381468,24.510112],[54.381503,24.510184],[54.381604,24.510143]]]}},{"type":"Feature","properties":{"height":40.0},"geometry":{"type":"Polygon","coordinates":[[[54.379918,24.509156],[54.379666,24.509281],[54.379942,24.509691],[54.380178,24.509563],[54.379918,24.509156]]]}},{"type":"Feature","properties":{"height":12.0},"geometry":{"type":"Polygon","coordinates":[[[54.381563,24.509278],[54.381611,24.509312],[54.381657,24.509259],[54.38161,24.509225],[54.381563,24.509278]]]}},{"type":"Feature","properties":{"height":12.0},"geometry":{"type":"Polygon","coordinates":[[[54.393607,24.509151],[54.393658,24.509149],[54.393655,24.509094],[54.393604,24.509096],[54.393607,24.509151]]]}},{"type":"Feature","properties":{"height":60.0},"geometry":{"type":"Polygon","coordinates":[[[54.39318,24.509612],[54.393287,24.509787],[54.393625,24.509616],[54.393613,24.509596],[54.393795,24.509504],[54.393563,24.509125],[54.393369,24.509224],[54.393505,24.509447],[54.39318,24.509612]]]}},{"type":"Feature","properties":{"height":12.0},"geometry":{"type":"Polygon","coordinates":[[[54.393382,24.509472],[54.393334,24.509406],[54.393287,24.509433],[54.393335,24.5095],[54.393382,24.509472]]]}},{"type":"Feature","properties":{"height":12.0},"geometry":{"type":"Polygon","coordinates":[[[54.393483,24.509415],[54.393366,24.509245],[54.393317,24.509272],[54.393434,24.509442],[54.393483,24.509415]]]}},{"type":"Feature","properties":{"height":12.0},"geometry":{"type":"Polygon","coordinates":[[[54.393855,24.509448],[54.393889,24.50943],[54.393853,24.509371],[54.393818,24.509388],[54.393855,24.509448]]]}},{"type":"Feature","properties":{"height":96.0},"geometry":{"type":"Polygon","coordinates":[[[54.406232,24.508999],[54.405842,24.508615],[54.405724,24.508722],[54.406121,24.509114],[54.406232,24.508999]]]}},{"type":"Feature","properties":{"height":12.0},"geometry":{"type":"Polygon","coordinates":[[[54.407587,24.508811],[54.407523,24.508861],[54.40755,24.50889],[54.407615,24.508841],[54.407587,24.508811]]]}},{"type":"Feature","properties":{"height":12.0},"geometry":{"type":"Polygon","coordinates":[[[54.4107,24.509161],[54.410762,24.50916],[54.41076,24.509063],[54.410698,24.509064],[54.4107,24.509161]]]}},{"type":"Feature","properties":{"height":12.0},"geometry":{"type":"Polygon","coordinates":[[[54.407708,24.508969],[54.407656,24.509013],[54.407812,24.509166],[54.407864,24.509122],[54.407708,24.508969]]]}},{"type":"Feature","properties":{"height":12.0},"geometry":{"type":"Polygon","coordinates":[[[54.406299,24.509036],[54.406258,24.509081],[54.406344,24.509146],[54.406384,24.509101],[54.406299,24.509036]]]}},{"type":"Feature","properties":{"height":12.0},"geometry":{"type":"Polygon","coordinates":[[[54.407233,24.509325],[54.407274,24.509285],[54.40717,24.509197],[54.407129,24.509238],[54.407233,24.509325]]]}},{"type":"Feature","properties":{"height":96.0},"geometry":{"type":"Polygon","coordinates":[[[54.4079,24.509383],[54.407538,24.50905],[54.407416,24.509159],[54.407784,24.509501],[54.4079,24.509383]]]}},{"type":"Feature","properties":{"height":12.0},"geometry":{"type":"Polygon","coordinates":[[[54.410727,24.509544],[54.411053,24.509534],[54.411049,24.50944],[54.410723,24.509449],[54.410727,24.509544]]]}},{"type":"Feature","properties":{"height":95.0},"geometry":{"type":"Polygon","coordinates":[[[54.405316,24.509626],[54.405418,24.509695],[54.405598,24.509432],[54.405477,24.509367],[54.405383,24.509473],[54.405231,24.509371],[54.405105,24.509539],[54.405253,24.509684],[54.405316,24.509626]]]}},{"type":"Feature","properties":{"height":96.0},"geometry":{"type":"Polygon","coordinates":[[[54.407446,24.509794],[54.40758,24.509657],[54.4072,24.5093],[54.40706,24.509435],[54.407446,24.509794]]]}},{"type":"Feature","properties":{"height":96.0},"geometry":{"type":"Polygon","coordinates":[[[54.407179,24.509921],[54.406811,24.509574],[54.406652,24.509706],[54.407014,24.510038],[54.407179,24.509921]]]}},{"type":"Feature","properties":{"height":40.0},"geometry":{"type":"Polygon","coordinates":[[[54.409847,24.510306],[54.41019,24.509994],[54.410005,24.509826],[54.409662,24.510138],[54.409847,24.510306]]]}},{"type":"Feature","properties":{"height":12.0},"geometry":{"type":"Polygon","coordinates":[[[54.39429,24.510095],[54.39426,24.510124],[54.394225,24.510094],[54.394156,24.51016],[54.394253,24.510242],[54.394351,24.510146],[54.39429,24.510095]]]}},{"type":"Feature","properties":{"height":12.0},"geometry":{"type":"Polygon","coordinates":[[[54.393823,24.510109],[54.393764,24.510129],[54.393786,24.510183],[54.393845,24.510163],[54.393823,24.510109]]]}},{"type":"Feature","properties":{"height":12.0},"geometry":{"type":"Polygon","coordinates":[[[54.394036,24.510193],[54.394111,24.510159],[54.394067,24.510079],[54.393992,24.510113],[54.394036,24.510193]]]}},{"type":"Feature","properties":{"height":12.0},"geometry":{"type":"Polygon","coordinates":[[[54.394163,24.509938],[54.393848,24.510074],[54.393879,24.510134],[54.394195,24.509998],[54.394163,24.509938]]]}},{"type":"Feature","properties":{"height":12.0},"geometry":{"type":"Polygon","coordinates":[[[54.393911,24.50995],[54.393869,24.509955],[54.393874,24.509991],[54.393916,24.509985],[54.393911,24.50995]]]}},{"type":"Feature","properties":{"height":12.0},"geometry":{"type":"Polygon","coordinates":[[[54.394052,24.509655],[54.394018,24.509606],[54.393978,24.509629],[54.394012,24.509678],[54.394052,24.509655]]]}},{"type":"Feature","properties":{"height":12.0},"geometry":{"type":"Polygon","coordinates":[[[54.394078,24.509774],[54.394119,24.509751],[54.394058,24.50966],[54.394017,24.509683],[54.394078,24.509774]]]}},{"type":"Feature","properties":{"height":12.0},"geometry":{"type":"Polygon","coordinates":[[[54.394128,24.509765],[54.394031,24.509807],[54.394077,24.509894],[54.394173,24.509852],[54.394128,24.509765]]]}},{"type":"Feature","properties":{"height":12.0},"geometry":{"type":"Polygon","coordinates":[[[54.393063,24.509778],[54.393091,24.509737],[54.393021,24.509696],[54.392992,24.509738],[54.393063,24.509778]]]}},{"type":"Feature","properties":{"height":12.0},"geometry":{"type":"Polygon","coordinates":[[[54.393166,24.509611],[54.393338,24.509528],[54.393311,24.509483],[54.393096,24.509587],[54.393144,24.509669],[54.393187,24.509647],[54.393166,24.509611]]]}},{"type":"Feature","properties":{"height":40.0},"geometry":{"type":"Polygon","coordinates":[[[54.396934,24.510367],[54.396681,24.510653],[54.396758,24.510709],[54.396756,24.510711],[54.396883,24.510805],[54.397139,24.510517],[54.396934,24.510367]]]}},{"type":"Feature","properties":{"height":12.8},"geometry":{"type":"Polygon","coordinates":[[[54.405388,24.510966],[54.40559,24.51097],[54.405791,24.510912],[54.406071,24.510807],[54.406128,24.510777],[54.406219,24.510731],[54.406266,24.510799],[54.406359,24.510753],[54.406459,24.510693],[54.406547,24.510635],[54.406487,24.51055],[54.406524,24.510524],[54.406565,24.510262],[54.406429,24.510139],[54.406362,24.510195],[54.406243,24.510295],[54.406188,24.51034],[54.406084,24.510413],[54.405947,24.51048],[54.405819,24.510521],[54.405749,24.51053],[54.405719,24.510534],[54.405565,24.510545],[54.405454,24.510618],[54.405328,24.510706],[54.405146,24.510891],[54.405193,24.51093],[54.405285,24.510962],[54.405388,24.510966]]]}},{"type":"Feature","properties":{"height":12.0},"geometry":{"type":"Polygon","coordinates":[[[54.410239,24.510791],[54.41027,24.510774],[54.410248,24.510742],[54.410303,24.51071],[54.410208,24.510574],[54.410122,24.510624],[54.410239,24.510791]]]}},{"type":"Feature","properties":{"height":12.0},"geometry":{"type":"Polygon","coordinates":[[[54.410637,24.510739],[54.410584,24.510715],[54.410558,24.510764],[54.410611,24.510787],[54.410637,24.510739]]]}},{"type":"Feature","properties":{"height":12.0},"geometry":{"type":"Polygon","coordinates":[[[54.409052,24.510734],[54.409067,24.510761],[54.409091,24.510782],[54.40912,24.510795],[54.409153,24.510798],[54.409182,24.510793],[54.409208,24.51078],[54.409228,24.51076],[54.409241,24.510737],[54.409247,24.51071],[54.409243,24.510684],[54.409231,24.51066],[54.409212,24.510639],[54.409185,24.510624],[54.409155,24.510618],[54.409124,24.51062],[54.409095,24.510631],[54.409071,24.51065],[54.409055,24.510675],[54.409048,24.510704],[54.409052,24.510734]]]}},{"type":"Feature","properties":{"height":40.0},"geometry":{"type":"Polygon","coordinates":[[[54.409967,24.510835],[54.409931,24.510855],[54.41,24.510958],[54.410233,24.510827],[54.410096,24.510626],[54.4099,24.510736],[54.409967,24.510835]]]}},{"type":"Feature","properties":{"height":12.0},"geometry":{"type":"Polygon","coordinates":[[[54.41043,24.510834],[54.410233,24.510956],[54.410308,24.511057],[54.410506,24.510935],[54.41043,24.510834]]]}},{"type":"Feature","properties":{"height":12.0},"geometry":{"type":"Polygon","coordinates":[[[54.408261,24.510837],[54.408205,24.510839],[54.408208,24.510914],[54.408264,24.510912],[54.408261,24.510837]]]}},{"type":"Feature","properties":{"height":12.0},"geometry":{"type":"Polygon","coordinates":[[[54.408019,24.510923],[54.408094,24.51092],[54.408092,24.510864],[54.408017,24.510866],[54.408019,24.510923]]]}},{"type":"Feature","properties":{"height":12.0},"geometry":{"type":"Polygon","coordinates":[[[54.408175,24.51086],[54.408097,24.510862],[54.408099,24.510913],[54.408177,24.510911],[54.408175,24.51086]]]}},{"type":"Feature","properties":{"height":110.0},"geometry":{"type":"Polygon","coordinates":[[[54.408953,24.510705],[54.408422,24.510998],[54.408511,24.511131],[54.409042,24.510838],[54.408953,24.510705]]]}},{"type":"Feature","properties":{"height":12.0},"geometry":{"type":"Polygon","coordinates":[[[54.408002,24.510925],[54.408006,24.510869],[54.407933,24.510865],[54.40793,24.510921],[54.408002,24.510925]]]}},{"type":"Feature","properties":{"height":110.0},"geometry":{"type":"Polygon","coordinates":[[[54.408052,24.511278],[54.408085,24.511255],[54.40813,24.511309],[54.408204,24.511259],[54.408159,24.511205],[54.407855,24.510834],[54.407781,24.510885],[54.407748,24.510907],[54.407694,24.510841],[54.407603,24.510903],[54.407657,24.510969],[54.407961,24.511339],[54.408052,24.511278]]]}},{"type":"Feature","properties":{"height":12.0},"geometry":{"type":"Polygon","coordinates":[[[54.40819,24.51101],[54.408194,24.511095],[54.408272,24.511092],[54.408263,24.510917],[54.408164,24.51092],[54.408169,24.511011],[54.40819,24.51101]]]}},{"type":"Feature","properties":{"height":12.0},"geometry":{"type":"Polygon","coordinates":[[[54.408124,24.511014],[54.408074,24.511007],[54.408064,24.511064],[54.408114,24.511071],[54.408124,24.511014]]]}},{"type":"Feature","properties":{"height":12.0},"geometry":{"type":"Polygon","coordinates":[[[54.410164,24.511031],[54.410094,24.511064],[54.410136,24.511137],[54.410205,24.511104],[54.410164,24.511031]]]}},{"type":"Feature","properties":{"height":12.0},"geometry":{"type":"Polygon","coordinates":[[[54.410294,24.511057],[54.41026,24.511006],[54.410221,24.511027],[54.410255,24.511078],[54.410294,24.511057]]]}},{"type":"Feature","properties":{"height":60.0},"geometry":{"type":"Polygon","coordinates":[[[54.408975,24.511277],[54.409014,24.511336],[54.40908,24.511434],[54.409192,24.511602],[54.409672,24.511336],[54.409455,24.511011],[54.408975,24.511277]]]}},{"type":"Feature","properties":{"height":60.0},"geometry":{"type":"Polygon","coordinates":[[[54.406208,24.511313],[54.406171,24.511417],[54.406264,24.511687],[54.406305,24.511805],[54.406382,24.511872],[54.406643,24.511846],[54.407025,24.511609],[54.406651,24.511065],[54.406208,24.511313]]]}},{"type":"Feature","properties":{"height":60.0},"geometry":{"type":"Polygon","coordinates":[[[54.40716,24.510943],[54.406739,24.511169],[54.407107,24.511705],[54.407305,24.511605],[54.407555,24.511438],[54.40716,24.510943]]]}},{"type":"Feature","properties":{"height":60.0},"geometry":{"type":"Polygon","coordinates":[[[54.408237,24.51165],[54.408457,24.511973],[54.40895,24.511696],[54.408731,24.511373],[54.408237,24.51165]]]}},{"type":"Feature","properties":{"height":12.0},"geometry":{"type":"Polygon","coordinates":[[[54.38068,24.511537],[54.380696,24.511459],[54.380733,24.511466],[54.380742,24.511423],[54.380622,24.511403],[54.380589,24.511568],[54.380709,24.511588],[54.380718,24.511544],[54.38068,24.511537]]]}},{"type":"Feature","properties":{"height":12.0},"geometry":{"type":"Polygon","coordinates":[[[54.380777,24.511456],[54.380751,24.511521],[54.380794,24.511535],[54.38082,24.51147],[54.380777,24.511456]]]}},{"type":"Feature","properties":{"height":60.0},"geometry":{"type":"Polygon","coordinates":[[[54.381509,24.511102],[54.382367,24.511768],[54.382751,24.511343],[54.381894,24.510679],[54.381509,24.511102]]]}},{"type":"Feature","properties":{"height":60.0},"geometry":{"type":"Polygon","coordinates":[[[54.383375,24.510679],[54.382681,24.51014],[54.3823,24.510555],[54.382984,24.511092],[54.383375,24.510679]]]}},{"type":"Feature","properties":{"height":40.0},"geometry":{"type":"Polygon","coordinates":[[[54.378616,24.510072],[54.378399,24.510189],[54.378537,24.510401],[54.378754,24.510285],[54.378616,24.510072]]]}},{"type":"Feature","properties":{"height":40.0},"geometry":{"type":"Polygon","coordinates":[[[54.378275,24.510024],[54.378115,24.510113],[54.378367,24.510488],[54.378527,24.510399],[54.378275,24.510024]]]}},{"type":"Feature","properties":{"height":6.4},"geometry":{"type":"Polygon","coordinates":[[[54.381318,24.512427],[54.380313,24.511587],[54.380238,24.511685],[54.381238,24.51251],[54.381318,24.512427]]]}},{"type":"Feature","properties":{"height":6.4},"geometry":{"type":"Polygon","coordinates":[[[54.380028,24.511878],[54.379543,24.512354],[54.379653,24.512439],[54.380141,24.511968],[54.380028,24.511878]]]}},{"type":"Feature","properties":{"height":90.0},"geometry":{"type":"Polygon","coordinates":[[[54.405511,24.512124],[54.405539,24.512127],[54.405563,24.512123],[54.40558,24.51211],[54.405592,24.512091],[54.405607,24.512063],[54.405618,24.512039],[54.405623,24.512022],[54.405627,24.512006],[54.405626,24.511958],[54.405734,24.511947],[54.405742,24.512005],[54.405746,24.512021],[54.405752,24.512039],[54.405762,24.512063],[54.405777,24.51209],[54.40579,24.512108],[54.405807,24.512122],[54.40583,24.512127],[54.405859,24.512123],[54.405882,24.512107],[54.405892,24.512081],[54.405894,24.512054],[54.405881,24.511799],[54.405455,24.511831],[54.405478,24.512082],[54.405488,24.512108],[54.405511,24.512124]]]}},{"type":"Feature","properties":{"height":12.0},"geometry":{"type":"Polygon","coordinates":[[[54.407975,24.511962],[54.407963,24.511913],[54.40791,24.511924],[54.407922,24.511973],[54.407975,24.511962]]]}},{"type":"Feature","properties":{"height":12.0},"geometry":{"type":"Polygon","coordinates":[[[54.411333,24.509838],[54.411432,24.509798],[54.411355,24.509641],[54.411256,24.509681],[54.411333,24.509838]]]}},{"type":"Feature","properties":{"height":12.0},"geometry":{"type":"Polygon","coordinates":[[[54.411065,24.509532],[54.411448,24.509523],[54.411445,24.509433],[54.411062,24.509442],[54.411065,24.509532]]]}},{"type":"Feature","properties":{"height":12.0},"geometry":{"type":"Polygon","coordinates":[[[54.41156,24.509263],[54.411555,24.50948],[54.411673,24.509482],[54.411678,24.509265],[54.41156,24.509263]]]}},{"type":"Feature","properties":{"height":12.0},"geometry":{"type":"Polygon","coordinates":[[[54.411122,24.509219],[54.41117,24.50922],[54.411171,24.509148],[54.411123,24.509147],[54.411122,24.509219]]]}},{"type":"Feature","properties":{"height":12.0},"geometry":{"type":"Polygon","coordinates":[[[54.411234,24.509309],[54.411288,24.509311],[54.411302,24.508986],[54.411248,24.508984],[54.411234,24.509309]]]}},{"type":"Feature","properties":{"height":40.0},"geometry":{"type":"Polygon","coordinates":[[[54.411477,24.50934],[54.411487,24.508984],[54.411317,24.50898],[54.411307,24.509336],[54.411477,24.50934]]]}},{"type":"Feature","properties":{"height":12.0},"geometry":{"type":"Polygon","coordinates":[[[54.41158,24.508954],[54.411571,24.509162],[54.411694,24.509167],[54.411703,24.508958],[54.41158,24.508954]]]}},{"type":"Feature","properties":{"height":12.0},"geometry":{"type":"Polygon","coordinates":[[[54.41097,24.508702],[54.411097,24.508706],[54.4111,24.508608],[54.410973,24.508605],[54.41097,24.508702]]]}},{"type":"Feature","properties":{"height":12.0},"geometry":{"type":"Polygon","coordinates":[[[54.417698,24.50357],[54.417664,24.503569],[54.417657,24.503786],[54.41769,24.503787],[54.417698,24.50357]]]}},{"type":"Feature","properties":{"height":12.0},"geometry":{"type":"Polygon","coordinates":[[[54.417267,24.503056],[54.417265,24.503098],[54.417372,24.503102],[54.417374,24.50306],[54.417267,24.503056]]]}},{"type":"Feature","properties":{"height":12.0},"geometry":{"type":"Polygon","coordinates":[[[54.417557,24.50323],[54.417605,24.503229],[54.417604,24.503168],[54.417556,24.503169],[54.417557,24.50323]]]}},{"type":"Feature","properties":{"height":12.0},"geometry":{"type":"Polygon","coordinates":[[[54.417465,24.503137],[54.417461,24.503227],[54.417523,24.503229],[54.417526,24.503139],[54.417465,24.503137]]]}},{"type":"Feature","properties":{"height":12.0},"geometry":{"type":"Polygon","coordinates":[[[54.415726,24.503477],[54.415728,24.503421],[54.415635,24.503418],[54.415632,24.503473],[54.415726,24.503477]]]}},{"type":"Feature","properties":{"height":12.0},"geometry":{"type":"Polygon","coordinates":[[[54.415813,24.503642],[54.415855,24.50364],[54.415852,24.503558],[54.415809,24.503559],[54.415813,24.503642]]]}},{"type":"Feature","properties":{"height":12.0},"geometry":{"type":"Polygon","coordinates":[[[54.415424,24.504009],[54.415415,24.503972],[54.415356,24.503984],[54.415365,24.504022],[54.415424,24.504009]]]}},{"type":"Feature","properties":{"height":90.0},"geometry":{"type":"Polygon","coordinates":[[[54.414508,24.504375],[54.414312,24.504214],[54.414153,24.504371],[54.414331,24.504524],[54.414508,24.504375]]]}},{"type":"Feature","properties":{"height":64.0},"geometry":{"type":"Polygon","coordinates":[[[54.415507,24.504192],[54.415311,24.504031],[54.415152,24.504188],[54.41533,24.504341],[54.415507,24.504192]]]}},{"type":"Feature","properties":{"height":41.0},"geometry":{"type":"Polygon","coordinates":[[[54.415988,24.504182],[54.415792,24.50402],[54.415633,24.504178],[54.415811,24.504331],[54.415988,24.504182]]]}},{"type":"Feature","properties":{"height":12.0},"geometry":{"type":"Polygon","coordinates":[[[54.415683,24.504083],[54.41564,24.504033],[54.415568,24.504083],[54.415612,24.504134],[54.415683,24.504083]]]}},{"type":"Feature","properties":{"height":12.0},"geometry":{"type":"Polygon","coordinates":[[[54.415408,24.504032],[54.415383,24.504049],[54.415422,24.504097],[54.415448,24.50408],[54.415408,24.504032]]]}},{"type":"Feature","properties":{"height":71.0},"geometry":{"type":"Polygon","coordinates":[[[54.415022,24.504167],[54.414826,24.504005],[54.414667,24.504163],[54.414844,24.504316],[54.415022,24.504167]]]}},{"type":"Feature","properties":{"height":12.0},"geometry":{"type":"Polygon","coordinates":[[[54.415445,24.504508],[54.41549,24.504472],[54.415441,24.504421],[54.415396,24.504457],[54.415445,24.504508]]]}},{"type":"Feature","properties":{"height":49.0},"geometry":{"type":"Polygon","coordinates":[[[54.415806,24.50466],[54.41561,24.504498],[54.415451,24.504656],[54.415629,24.504809],[54.415806,24.50466]]]}},{"type":"Feature","properties":{"height":12.0},"geometry":{"type":"Polygon","coordinates":[[[54.415342,24.505069],[54.415278,24.505114],[54.415313,24.505155],[54.415377,24.50511],[54.415342,24.505069]]]}},{"type":"Feature","properties":{"height":56.0},"geometry":{"type":"Polygon","coordinates":[[[54.415428,24.504987],[54.415232,24.504826],[54.415073,24.504983],[54.415251,24.505136],[54.415428,24.504987]]]}},{"type":"Feature","properties":{"height":12.0},"geometry":{"type":"Polygon","coordinates":[[[54.415784,24.50493],[54.415737,24.504966],[54.415794,24.505027],[54.415841,24.50499],[54.415784,24.50493]]]}},{"type":"Feature","properties":{"height":64.0},"geometry":{"type":"Polygon","coordinates":[[[54.414868,24.50483],[54.414671,24.504668],[54.414513,24.504826],[54.41469,24.504979],[54.414868,24.50483]]]}},{"type":"Feature","properties":{"height":60.0},"geometry":{"type":"Polygon","coordinates":[[[54.409606,24.50559],[54.409506,24.505526],[54.409388,24.505493],[54.409265,24.505495],[54.409148,24.505532],[54.40905,24.505601],[54.408981,24.505693],[54.408947,24.505801],[54.408954,24.505922],[54.409005,24.506033],[54.409094,24.506123],[54.409211,24.50618],[54.409342,24.506198],[54.409472,24.506175],[54.409587,24.506114],[54.409672,24.506021],[54.409717,24.505908],[54.409719,24.505787],[54.40968,24.50568],[54.409606,24.50559]]]}},{"type":"Feature","properties":{"height":12.0},"geometry":{"type":"Polygon","coordinates":[[[54.407868,24.505818],[54.408033,24.505842],[54.408028,24.505741],[54.407866,24.505725],[54.407868,24.505818]]]}},{"type":"Feature","properties":{"height":110.0},"geometry":{"type":"Polygon","coordinates":[[[54.406793,24.505817],[54.406828,24.505695],[54.406787,24.505553],[54.406674,24.505453],[54.406428,24.5057],[54.406702,24.505922],[54.406793,24.505817]]]}},{"type":"Feature","properties":{"height":40.0},"geometry":{"type":"Polygon","coordinates":[[[54.405586,24.505474],[54.405385,24.505424],[54.405291,24.505739],[54.405492,24.505789],[54.405586,24.505474]]]}},{"type":"Feature","properties":{"height":60.0},"geometry":{"type":"Polygon","coordinates":[[[54.406344,24.50524],[54.406082,24.505495],[54.406364,24.505735],[54.406626,24.50548],[54.406344,24.50524]]]}},{"type":"Feature","properties":{"height":40.0},"geometry":{"type":"Polygon","coordinates":[[[54.392558,24.505648],[54.392773,24.505636],[54.392737,24.505136],[54.392522,24.505149],[54.392558,24.505648]]]}},{"type":"Feature","properties":{"height":12.0},"geometry":{"type":"Polygon","coordinates":[[[54.389658,24.505614],[54.389782,24.505607],[54.389761,24.505337],[54.389699,24.505341],[54.389702,24.50538],[54.38964,24.505384],[54.389658,24.505614]]]}},{"type":"Feature","properties":{"height":40.0},"geometry":{"type":"Polygon","coordinates":[[[54.389842,24.505811],[54.390056,24.505797],[54.390029,24.505456],[54.390013,24.505457],[54.389993,24.505205],[54.389795,24.505218],[54.389842,24.505811]]]}},{"type":"Feature","properties":{"height":12.0},"geometry":{"type":"Polygon","coordinates":[[[54.392266,24.505103],[54.392208,24.505104],[54.392211,24.505213],[54.392269,24.505212],[54.392266,24.505103]]]}},{"type":"Feature","properties":{"height":12.0},"geometry":{"type":"Polygon","coordinates":[[[54.392434,24.505191],[54.392431,24.505081],[54.392319,24.505083],[54.392322,24.505193],[54.392434,24.505191]]]}},{"type":"Feature","properties":{"height":12.0},"geometry":{"type":"Polygon","coordinates":[[[54.392181,24.504943],[54.392236,24.504938],[54.392228,24.504858],[54.392173,24.504863],[54.392181,24.504943]]]}},{"type":"Feature","properties":{"height":12.0},"geometry":{"type":"Polygon","coordinates":[[[54.392482,24.505074],[54.392592,24.505063],[54.392563,24.504815],[54.392452,24.504825],[54.392482,24.505074]]]}},{"type":"Feature","properties":{"height":40.0},"geometry":{"type":"Polygon","coordinates":[[[54.39262,24.504452],[54.392177,24.504496],[54.39221,24.504771],[54.392653,24.504727],[54.39262,24.504452]]]}},{"type":"Feature","properties":{"height":12.0},"geometry":{"type":"Polygon","coordinates":[[[54.397479,24.504785],[54.397473,24.504684],[54.397401,24.504687],[54.397407,24.504788],[54.397479,24.504785]]]}},{"type":"Feature","properties":{"height":12.0},"geometry":{"type":"Polygon","coordinates":[[[54.406184,24.50457],[54.406088,24.504593],[54.406141,24.504759],[54.406233,24.504739],[54.406184,24.50457]]]}},{"type":"Feature","properties":{"height":12.0},"geometry":{"type":"Polygon","coordinates":[[[54.406525,24.504539],[54.406432,24.504537],[54.406428,24.504679],[54.406523,24.504681],[54.406525,24.504539]]]}},{"type":"Feature","properties":{"height":140.0},"geometry":{"type":"Polygon","coordinates":[[[54.40961,24.504393],[54.409259,24.504094],[54.409054,24.504354],[54.409349,24.504692],[54.40961,24.504393]]]}},{"type":"Feature","properties":{"height":95.0},"geometry":{"type":"Polygon","coordinates":[[[54.410673,24.504204],[54.410705,24.504046],[54.410233,24.503968],[54.410201,24.504126],[54.410673,24.504204]]]}},{"type":"Feature","properties":{"height":12.0},"geometry":{"type":"Polygon","coordinates":[[[54.407134,24.50368],[54.407036,24.503648],[54.406985,24.503805],[54.407074,24.503829],[54.407134,24.50368]]]}},{"type":"Feature","properties":{"height":95.0},"geometry":{"type":"Polygon","coordinates":[[[54.409576,24.503605],[54.409909,24.503972],[54.410053,24.503863],[54.40972,24.503497],[54.409576,24.503605]]]}},{"type":"Feature","properties":{"height":12.0},"geometry":{"type":"Polygon","coordinates":[[[54.406943,24.503344],[54.40688,24.503364],[54.406917,24.503485],[54.406997,24.503468],[54.406943,24.503344]]]}},{"type":"Feature","properties":{"height":12.0},"geometry":{"type":"Polygon","coordinates":[[[54.40731,24.502996],[54.407335,24.502994],[54.407403,24.502885],[54.407345,24.502871],[54.407275,24.502956],[54.40724,24.502926],[54.407184,24.502987],[54.407116,24.503077],[54.407179,24.503113],[54.40731,24.502996]]]}},{"type":"Feature","properties":{"height":12.0},"geometry":{"type":"Polygon","coordinates":[[[54.38924,24.503322],[54.389242,24.503268],[54.389134,24.503267],[54.389133,24.50332],[54.38924,24.503322]]]}},{"type":"Feature","properties":{"height":12.0},"geometry":{"type":"Polygon","coordinates":[[[54.388952,24.503303],[54.388737,24.503327],[54.388744,24.503378],[54.388959,24.503353],[54.388952,24.503303]]]}},{"type":"Feature","properties":{"height":12.0},"geometry":{"type":"Polygon","coordinates":[[[54.392183,24.503621],[54.392091,24.503633],[54.392099,24.503682],[54.392191,24.50367],[54.392183,24.503621]]]}},{"type":"Feature","properties":{"height":12.0},"geometry":{"type":"Polygon","coordinates":[[[54.392104,24.503938],[54.392054,24.50394],[54.392065,24.504132],[54.392116,24.50413],[54.392104,24.503938]]]}},{"type":"Feature","properties":{"height":12.0},"geometry":{"type":"Polygon","coordinates":[[[54.392347,24.503906],[54.392379,24.504127],[54.39259,24.504102],[54.392558,24.503881],[54.392347,24.503906]]]}},{"type":"Feature","properties":{"height":12.0},"geometry":{"type":"Polygon","coordinates":[[[54.392268,24.503729],[54.392105,24.503737],[54.392111,24.503839],[54.392274,24.503831],[54.392268,24.503729]]]}},{"type":"Feature","properties":{"height":12.0},"geometry":{"type":"Polygon","coordinates":[[[54.392554,24.503762],[54.392463,24.503763],[54.392463,24.503812],[54.392554,24.503811],[54.392554,24.503762]]]}},{"type":"Feature","properties":{"height":12.0},"geometry":{"type":"Polygon","coordinates":[[[54.392139,24.504225],[54.39209,24.504227],[54.392098,24.504395],[54.392147,24.504393],[54.392139,24.504225]]]}},{"type":"Feature","properties":{"height":12.0},"geometry":{"type":"Polygon","coordinates":[[[54.392523,24.504304],[54.392592,24.504285],[54.39258,24.504249],[54.392511,24.504268],[54.392523,24.504304]]]}},{"type":"Feature","properties":{"height":12.0},"geometry":{"type":"Polygon","coordinates":[[[54.392397,24.504407],[54.392504,24.504401],[54.392488,24.504165],[54.392381,24.504171],[54.392397,24.504407]]]}},{"type":"Feature","properties":{"height":40.0},"geometry":{"type":"Polygon","coordinates":[[[54.392272,24.503917],[54.392164,24.503927],[54.392222,24.504432],[54.392329,24.504421],[54.392272,24.503917]]]}},{"type":"Feature","properties":{"height":60.0},"geometry":{"type":"Polygon","coordinates":[[[54.383437,24.504477],[54.383408,24.504477],[54.383408,24.504506],[54.383317,24.504507],[54.383321,24.50491],[54.383623,24.504907],[54.383622,24.504853],[54.383705,24.504852],[54.383696,24.503998],[54.383613,24.503999],[54.38361,24.503752],[54.38347,24.503754],[54.383478,24.504444],[54.383437,24.504445],[54.383437,24.504477]]]}},{"type":"Feature","properties":{"height":12.0},"geometry":{"type":"Polygon","coordinates":[[[54.383303,24.504399],[54.38346,24.504395],[54.38346,24.504383],[54.38343,24.504384],[54.383429,24.504342],[54.383302,24.504345],[54.383303,24.504399]]]}},{"type":"Feature","properties":{"height":12.0},"geometry":{"type":"Polygon","coordinates":[[[54.383686,24.503916],[54.383616,24.503917],[54.383617,24.503994],[54.383687,24.503993],[54.383686,24.503916]]]}},{"type":"Feature","properties":{"height":12.0},"geometry":{"type":"Polygon","coordinates":[[[54.383715,24.504033],[54.383864,24.504031],[54.383861,24.503897],[54.383712,24.503899],[54.383715,24.504033]]]}},{"type":"Feature","properties":{"height":12.0},"geometry":{"type":"Polygon","coordinates":[[[54.38737,24.504086],[54.387414,24.50408],[54.387406,24.504034],[54.387362,24.50404],[54.38737,24.504086]]]}},{"type":"Feature","properties":{"height":12.0},"geometry":{"type":"Polygon","coordinates":[[[54.387554,24.504018],[54.387489,24.50402],[54.387493,24.504101],[54.387557,24.504098],[54.387554,24.504018]]]}},{"type":"Feature","properties":{"height":12.0},"geometry":{"type":"Polygon","coordinates":[[[54.387525,24.504011],[54.387519,24.503969],[54.3874,24.503984],[54.387407,24.504026],[54.387525,24.504011]]]}},{"type":"Feature","properties":{"height":12.0},"geometry":{"type":"Polygon","coordinates":[[[54.388048,24.50359],[54.387984,24.503605],[54.387995,24.503646],[54.38806,24.503632],[54.388048,24.50359]]]}},{"type":"Feature","properties":{"height":144.0},"geometry":{"type":"Polygon","coordinates":[[[54.38822,24.503184],[54.388072,24.503066],[54.388044,24.503077],[54.387856,24.503149],[54.387806,24.503021],[54.387665,24.503036],[54.387577,24.503046],[54.387576,24.503105],[54.387363,24.503126],[54.387339,24.50325],[54.38767,24.503205],[54.387675,24.503391],[54.388232,24.503194],[54.38822,24.503184]]]}},{"type":"Feature","properties":{"height":12.0},"geometry":{"type":"Polygon","coordinates":[[[54.382743,24.50478],[54.382818,24.504775],[54.382809,24.504652],[54.382733,24.504657],[54.382743,24.50478]]]}},{"type":"Feature","properties":{"height":40.0},"geometry":{"type":"Polygon","coordinates":[[[54.405179,24.505828],[54.405064,24.506126],[54.405359,24.506221],[54.405475,24.505923],[54.405179,24.505828]]]}},{"type":"Feature","properties":{"height":135.0},"geometry":{"type":"Polygon","coordinates":[[[54.407629,24.506391],[54.407608,24.506369],[54.407472,24.506231],[54.407244,24.506239],[54.407028,24.506464],[54.407336,24.506699],[54.407629,24.506391]]]}},{"type":"Feature","properties":{"height":40.0},"geometry":{"type":"Polygon","coordinates":[[[54.405345,24.506365],[54.405066,24.506279],[54.404973,24.506527],[54.405252,24.506613],[54.405345,24.506365]]]}},{"type":"Feature","properties":{"height":40.0},"geometry":{"type":"Polygon","coordinates":[[[54.405237,24.506716],[54.404948,24.50662],[54.404806,24.507019],[54.405062,24.507112],[54.405237,24.506716]]]}},{"type":"Feature","properties":{"height":40.0},"geometry":{"type":"Polygon","coordinates":[[[54.410335,24.50673],[54.410383,24.506739],[54.410425,24.506759],[54.410502,24.506803],[54.410588,24.506808],[54.410673,24.506793],[54.410773,24.506792],[54.410797,24.506728],[54.410732,24.506708],[54.410747,24.506615],[54.410678,24.506576],[54.410546,24.50654],[54.410371,24.50656],[54.410298,24.506611],[54.410298,24.506661],[54.410335,24.50673]]]}},{"type":"Feature","properties":{"height":40.0},"geometry":{"type":"Polygon","coordinates":[[[54.410904,24.507326],[54.410922,24.507285],[54.41095,24.507251],[54.41101,24.507189],[54.41103,24.507113],[54.411028,24.507033],[54.411043,24.506943],[54.410977,24.506911],[54.410945,24.506966],[54.410847,24.506938],[54.410793,24.506994],[54.410732,24.507106],[54.410726,24.507266],[54.410769,24.50734],[54.410823,24.507348],[54.410904,24.507326]]]}},{"type":"Feature","properties":{"height":9.6},"geometry":{"type":"Polygon","coordinates":[[[54.40712,24.507428],[54.407102,24.50741],[54.407208,24.50732],[54.407231,24.50734],[54.407333,24.507251],[54.406919,24.506861],[54.406822,24.506949],[54.406855,24.506983],[54.406749,24.507074],[54.406783,24.507111],[54.406677,24.507196],[54.407019,24.507514],[54.40712,24.507428]]]}},{"type":"Feature","properties":{"height":12.0},"geometry":{"type":"Polygon","coordinates":[[[54.404497,24.507354],[54.40453,24.507326],[54.404437,24.507235],[54.404404,24.507263],[54.404497,24.507354]]]}},{"type":"Feature","properties":{"height":40.0},"geometry":{"type":"Polygon","coordinates":[[[54.392715,24.506783],[54.39253,24.506794],[54.392556,24.507137],[54.392741,24.507125],[54.392715,24.506783]]]}},{"type":"Feature","properties":{"height":12.0},"geometry":{"type":"Polygon","coordinates":[[[54.391916,24.506892],[54.39188,24.506896],[54.391888,24.506957],[54.391924,24.506953],[54.391916,24.506892]]]}},{"type":"Feature","properties":{"height":12.0},"geometry":{"type":"Polygon","coordinates":[[[54.392001,24.506959],[54.392067,24.506945],[54.392055,24.506897],[54.392098,24.506888],[54.392088,24.506846],[54.391978,24.506869],[54.392001,24.506959]]]}},{"type":"Feature","properties":{"height":12.0},"geometry":{"type":"Polygon","coordinates":[[[54.391865,24.506847],[54.391859,24.506801],[54.39177,24.50681],[54.391776,24.506856],[54.391865,24.506847]]]}},{"type":"Feature","properties":{"height":12.0},"geometry":{"type":"Polygon","coordinates":[[[54.389248,24.507021],[54.389152,24.507028],[54.389156,24.507062],[54.389251,24.507055],[54.389248,24.507021]]]}},{"type":"Feature","properties":{"height":12.0},"geometry":{"type":"Polygon","coordinates":[[[54.391816,24.507144],[54.391942,24.507142],[54.39194,24.507053],[54.391814,24.507055],[54.391816,24.507144]]]}},{"type":"Feature","properties":{"height":12.0},"geometry":{"type":"Polygon","coordinates":[[[54.392985,24.507152],[54.392904,24.50716],[54.392911,24.507214],[54.392992,24.507205],[54.392985,24.507152]]]}},{"type":"Feature","properties":{"height":40.0},"geometry":{"type":"Polygon","coordinates":[[[54.391934,24.507327],[54.391531,24.507352],[54.391541,24.50749],[54.391944,24.507466],[54.391934,24.507327]]]}},{"type":"Feature","properties":{"height":12.0},"geometry":{"type":"Polygon","coordinates":[[[54.391179,24.507511],[54.39118,24.507431],[54.391047,24.507429],[54.391046,24.50751],[54.391179,24.507511]]]}},{"type":"Feature","properties":{"height":12.0},"geometry":{"type":"Polygon","coordinates":[[[54.406721,24.507521],[54.406764,24.507492],[54.406644,24.507341],[54.406601,24.50737],[54.406721,24.507521]]]}},{"type":"Feature","properties":{"height":40.0},"geometry":{"type":"Polygon","coordinates":[[[54.409648,24.507874],[54.409709,24.507832],[54.409692,24.507556],[54.409481,24.507344],[54.409287,24.507513],[54.409648,24.507874]]]}},{"type":"Feature","properties":{"height":120.0},"geometry":{"type":"Polygon","coordinates":[[[54.405862,24.507159],[54.405855,24.507079],[54.405593,24.506955],[54.405529,24.506966],[54.404898,24.508066],[54.404993,24.508131],[54.405356,24.508068],[54.405862,24.507159]]]}},{"type":"Feature","properties":{"height":12.0},"geometry":{"type":"Polygon","coordinates":[[[54.407171,24.507807],[54.407201,24.507774],[54.407167,24.507749],[54.407137,24.507782],[54.407171,24.507807]]]}},{"type":"Feature","properties":{"height":40.0},"geometry":{"type":"Polygon","coordinates":[[[54.409927,24.508019],[54.409973,24.508004],[54.410019,24.508],[54.41011,24.507998],[54.410185,24.50796],[54.410248,24.507906],[54.410332,24.507855],[54.410313,24.507789],[54.410247,24.507805],[54.410204,24.507719],[54.410122,24.507721],[54.40999,24.507756],[54.409856,24.507859],[54.409825,24.507938],[54.409854,24.50798],[54.409927,24.508019]]]}},{"type":"Feature","properties":{"height":12.0},"geometry":{"type":"Polygon","coordinates":[[[54.408889,24.507995],[54.408918,24.507994],[54.408914,24.507905],[54.408927,24.507904],[54.408925,24.507856],[54.408877,24.507857],[54.40888,24.50792],[54.408846,24.507921],[54.408851,24.508027],[54.40889,24.508025],[54.408889,24.507995]]]}},{"type":"Feature","properties":{"height":96.0},"geometry":{"type":"Polygon","coordinates":[[[54.406757,24.508271],[54.406367,24.507886],[54.406249,24.507993],[54.406645,24.508385],[54.406757,24.508271]]]}},{"type":"Feature","properties":{"height":12.0},"geometry":{"type":"Polygon","coordinates":[[[54.409231,24.508233],[54.40932,24.508159],[54.409278,24.508116],[54.409189,24.50819],[54.409231,24.508233]]]}},{"type":"Feature","properties":{"height":96.0},"geometry":{"type":"Polygon","coordinates":[[[54.406489,24.508672],[54.406098,24.508287],[54.40598,24.508394],[54.406377,24.508786],[54.406489,24.508672]]]}},{"type":"Feature","properties":{"height":40.0},"geometry":{"type":"Polygon","coordinates":[[[54.409025,24.508571],[54.409032,24.508581],[54.408987,24.508608],[54.409005,24.508634],[54.408969,24.508655],[54.409,24.508698],[54.409034,24.508678],[54.409057,24.508711],[54.409117,24.508675],[54.409097,24.508646],[54.40914,24.50862],[54.409158,24.508646],[54.409334,24.508542],[54.409273,24.508456],[54.40922,24.508487],[54.409158,24.5084],[54.409014,24.508484],[54.409061,24.50855],[54.409025,24.508571]]]}},{"type":"Feature","properties":{"height":12.0},"geometry":{"type":"Polygon","coordinates":[[[54.410964,24.508601],[54.410813,24.508596],[54.410809,24.508696],[54.41096,24.508701],[54.410964,24.508601]]]}},{"type":"Feature","properties":{"height":12.0},"geometry":{"type":"Polygon","coordinates":[[[54.393088,24.508707],[54.39297,24.508709],[54.39297,24.508739],[54.393088,24.508737],[54.393088,24.508707]]]}},{"type":"Feature","properties":{"height":12.0},"geometry":{"type":"Polygon","coordinates":[[[54.393102,24.50873],[54.393216,24.508734],[54.393217,24.5087],[54.393104,24.508696],[54.393102,24.50873]]]}},{"type":"Feature","properties":{"height":12.0},"geometry":{"type":"Polygon","coordinates":[[[54.378601,24.508569],[54.378529,24.50857],[54.37853,24.508679],[54.378603,24.508678],[54.378601,24.508569]]]}},{"type":"Feature","properties":{"height":12.0},"geometry":{"type":"Polygon","coordinates":[[[54.378755,24.50842],[54.378758,24.508523],[54.378867,24.508521],[54.378864,24.508417],[54.378755,24.50842]]]}},{"type":"Feature","properties":{"height":12.0},"geometry":{"type":"Polygon","coordinates":[[[54.382867,24.50828],[54.38292,24.508253],[54.3829,24.508219],[54.382846,24.508246],[54.382867,24.50828]]]}},{"type":"Feature","properties":{"height":40.0},"geometry":{"type":"Polygon","coordinates":[[[54.379757,24.507281],[54.379536,24.507284],[54.379537,24.507395],[54.379519,24.507396],[54.379521,24.507576],[54.379762,24.507573],[54.379757,24.507281]]]}},{"type":"Feature","properties":{"height":12.0},"geometry":{"type":"Polygon","coordinates":[[[54.37934,24.507452],[54.37934,24.507547],[54.379402,24.507547],[54.379401,24.507332],[54.379298,24.507332],[54.379299,24.507452],[54.37934,24.507452]]]}},{"type":"Feature","properties":{"height":41.6},"geometry":{"type":"Polygon","coordinates":[[[54.377977,24.498244],[54.378096,24.498326],[54.378263,24.4981],[54.378171,24.498025],[54.377977,24.498244]]]}},{"type":"Feature","properties":{"height":40.0},"geometry":{"type":"Polygon","coordinates":[[[54.379415,24.498117],[54.379253,24.498302],[54.379489,24.498472],[54.37965,24.498288],[54.379415,24.498117]]]}},{"type":"Feature","properties":{"height":64.0},"geometry":{"type":"Polygon","coordinates":[[[54.377939,24.498278],[54.377764,24.498474],[54.377898,24.498573],[54.378057,24.498368],[54.377939,24.498278]]]}},{"type":"Feature","properties":{"height":12.0},"geometry":{"type":"Polygon","coordinates":[[[54.378948,24.498445],[54.378874,24.498541],[54.379057,24.498658],[54.379131,24.498562],[54.378948,24.498445]]]}},{"type":"Feature","properties":{"height":10.0},"geometry":{"type":"Polygon","coordinates":[[[54.386851,24.497281],[54.38657,24.497309],[54.386579,24.497389],[54.38654,24.497392],[54.386584,24.497755],[54.386624,24.49775],[54.386643,24.497912],[54.386615,24.497915],[54.386626,24.498009],[54.386667,24.498005],[54.38671,24.49836],[54.386674,24.498363],[54.386683,24.498432],[54.386731,24.498427],[54.386772,24.498766],[54.387145,24.498729],[54.387124,24.498559],[54.387008,24.498571],[54.386851,24.497281]]]}},{"type":"Feature","properties":{"height":60.0},"geometry":{"type":"Polygon","coordinates":[[[54.386874,24.497916],[54.386911,24.498227],[54.388302,24.498089],[54.388263,24.497779],[54.386874,24.497916]]]}},{"type":"Feature","properties":{"height":35.0},"geometry":{"type":"Polygon","coordinates":[[[54.387651,24.498305],[54.38763,24.498122],[54.387525,24.497221],[54.38752,24.497188],[54.387077,24.497236],[54.387033,24.497241],[54.387179,24.49834],[54.387222,24.498337],[54.387651,24.498305]]]}},{"type":"Feature","properties":{"height":60.0},"geometry":{"type":"Polygon","coordinates":[[[54.383961,24.497722],[54.38397,24.497711],[54.383883,24.497654],[54.383911,24.497619],[54.383771,24.497526],[54.383867,24.497404],[54.383596,24.497226],[54.383377,24.497502],[54.383929,24.497866],[54.384015,24.497758],[54.383961,24.497722]]]}},{"type":"Feature","properties":{"height":64.0},"geometry":{"type":"Polygon","coordinates":[[[54.378077,24.497902],[54.378194,24.497989],[54.378389,24.49777],[54.378271,24.497684],[54.378077,24.497902]]]}},{"type":"Feature","properties":{"height":67.2},"geometry":{"type":"Polygon","coordinates":[[[54.3788,24.49737],[54.3786,24.497223],[54.378324,24.497533],[54.378523,24.49768],[54.3788,24.49737]]]}},{"type":"Feature","properties":{"height":38.4},"geometry":{"type":"Polygon","coordinates":[[[54.378168,24.497639],[54.378274,24.49752],[54.378023,24.497334],[54.377916,24.497454],[54.378168,24.497639]]]}},{"type":"Feature","properties":{"height":25.0},"geometry":{"type":"Polygon","coordinates":[[[54.387246,24.498547],[54.387222,24.498337],[54.387179,24.49834],[54.387033,24.497241],[54.387077,24.497236],[54.387055,24.497066],[54.38704,24.496954],[54.38694,24.496187],[54.386709,24.496212],[54.386851,24.497281],[54.387008,24.498571],[54.387124,24.498559],[54.387246,24.498547]]]}},{"type":"Feature","properties":{"height":22.4},"geometry":{"type":"Polygon","coordinates":[[[54.388906,24.497166],[54.388918,24.497268],[54.388968,24.497263],[54.388956,24.497162],[54.388906,24.497166]]]}},{"type":"Feature","properties":{"height":60.0},"geometry":{"type":"Polygon","coordinates":[[[54.388982,24.497306],[54.38896,24.497113],[54.388935,24.497116],[54.388926,24.497036],[54.387784,24.497144],[54.387828,24.497497],[54.388971,24.497388],[54.388962,24.497308],[54.388982,24.497306]]]}},{"type":"Feature","properties":{"height":12.0},"geometry":{"type":"Polygon","coordinates":[[[54.39123,24.497241],[54.391343,24.497244],[54.391345,24.497181],[54.391232,24.497178],[54.39123,24.497241]]]}},{"type":"Feature","properties":{"height":25.0},"geometry":{"type":"Polygon","coordinates":[[[54.387617,24.497215],[54.387525,24.497221],[54.38763,24.498122],[54.38834,24.498051],[54.388782,24.498006],[54.388649,24.496995],[54.387604,24.497104],[54.387617,24.497215]]]}},{"type":"Feature","properties":{"height":12.0},"geometry":{"type":"Polygon","coordinates":[[[54.389601,24.497604],[54.389604,24.497657],[54.389542,24.49766],[54.389549,24.497806],[54.389614,24.497803],[54.389614,24.497799],[54.38975,24.497793],[54.389743,24.497623],[54.389684,24.497625],[54.389683,24.497601],[54.389601,24.497604]]]}},{"type":"Feature","properties":{"height":99.6},"geometry":{"type":"Polygon","coordinates":[[[54.388059,24.498145],[54.38808,24.498143],[54.388084,24.498167],[54.388142,24.498161],[54.388139,24.498137],[54.388164,24.498134],[54.388172,24.498193],[54.388313,24.498178],[54.388302,24.498089],[54.388263,24.497779],[54.388169,24.497037],[54.388009,24.497054],[54.388016,24.497113],[54.388,24.497114],[54.387996,24.497088],[54.387931,24.497095],[54.387935,24.497123],[54.387919,24.497126],[54.387911,24.497066],[54.387776,24.497079],[54.387784,24.497144],[54.387828,24.497497],[54.387918,24.498223],[54.388068,24.498208],[54.388059,24.498145]]]}},{"type":"Feature","properties":{"height":12.0},"geometry":{"type":"Polygon","coordinates":[[[54.408096,24.497352],[54.408151,24.49732],[54.408105,24.497266],[54.408002,24.497236],[54.407959,24.497276],[54.408011,24.497316],[54.408051,24.497341],[54.408096,24.497352]]]}},{"type":"Feature","properties":{"height":40.0},"geometry":{"type":"Polygon","coordinates":[[[54.406015,24.497531],[54.406053,24.497539],[54.406089,24.497391],[54.405991,24.497375],[54.406007,24.497326],[54.4058,24.497287],[54.40574,24.497548],[54.406,24.497594],[54.406015,24.497531]]]}},{"type":"Feature","properties":{"height":123.0},"geometry":{"type":"Polygon","coordinates":[[[54.404603,24.49768],[54.404405,24.497288],[54.404144,24.497398],[54.404343,24.497789],[54.404603,24.49768]]]}},{"type":"Feature","properties":{"height":12.0},"geometry":{"type":"Polygon","coordinates":[[[54.404122,24.498105],[54.404135,24.498077],[54.404083,24.498057],[54.404069,24.498085],[54.404122,24.498105]]]}},{"type":"Feature","properties":{"height":62.0},"geometry":{"type":"Polygon","coordinates":[[[54.409415,24.497947],[54.409165,24.497863],[54.40899,24.49793],[54.408992,24.498391],[54.409383,24.498324],[54.409415,24.497947]]]}},{"type":"Feature","properties":{"height":106.0},"geometry":{"type":"Polygon","coordinates":[[[54.405168,24.498391],[54.405195,24.498462],[54.405252,24.498498],[54.405313,24.498501],[54.405388,24.498458],[54.405412,24.498398],[54.405332,24.498066],[54.405283,24.498019],[54.405209,24.498001],[54.405129,24.498028],[54.405089,24.49808],[54.4051,24.498143],[54.405124,24.498198],[54.405163,24.498294],[54.405168,24.498391]]]}},{"type":"Feature","properties":{"height":60.0},"geometry":{"type":"Polygon","coordinates":[[[54.410993,24.499029],[54.410985,24.497515],[54.410798,24.49756],[54.410624,24.497708],[54.41061,24.498871],[54.410683,24.498953],[54.410748,24.499018],[54.410993,24.499029]]]}},{"type":"Feature","properties":{"height":16.0},"geometry":{"type":"Polygon","coordinates":[[[54.406255,24.499347],[54.406373,24.499138],[54.406474,24.49889],[54.406529,24.498602],[54.406545,24.49833],[54.406522,24.498107],[54.406444,24.497802],[54.406266,24.497764],[54.405957,24.497715],[54.405643,24.497652],[54.405791,24.497852],[54.405871,24.49802],[54.405922,24.498291],[54.40593,24.498508],[54.40592,24.498713],[54.405882,24.498867],[54.405791,24.499035],[54.405713,24.499138],[54.405677,24.499174],[54.406139,24.499496],[54.406255,24.499347]]]}},{"type":"Feature","properties":{"height":15.0},"geometry":{"type":"Polygon","coordinates":[[[54.403441,24.498738],[54.403406,24.498846],[54.403429,24.498854],[54.403445,24.498825],[54.403492,24.498763],[54.403547,24.498701],[54.403653,24.49863],[54.40363,24.498579],[54.403789,24.498523],[54.403927,24.498463],[54.404068,24.498379],[54.404149,24.498291],[54.404172,24.498239],[54.404153,24.498207],[54.404167,24.498192],[54.404081,24.49813],[54.404068,24.498147],[54.403978,24.498096],[54.403208,24.498413],[54.403221,24.498438],[54.403215,24.49853],[54.403338,24.49853],[54.403441,24.498738]]]}},{"type":"Feature","properties":{"height":12.0},"geometry":{"type":"Polygon","coordinates":[[[54.396129,24.498519],[54.396073,24.498517],[54.39607,24.498583],[54.396127,24.498585],[54.396129,24.498519]]]}},{"type":"Feature","properties":{"height":12.0},"geometry":{"type":"Polygon","coordinates":[[[54.393313,24.498116],[54.39331,24.498197],[54.393352,24.498198],[54.393355,24.498117],[54.393313,24.498116]]]}},{"type":"Feature","properties":{"height":165.2},"geometry":{"type":"Polygon","coordinates":[[[54.391505,24.497815],[54.391368,24.497883],[54.391404,24.498122],[54.391497,24.498179],[54.391913,24.49816],[54.391881,24.497941],[54.391505,24.497815]]]}},{"type":"Feature","properties":{"height":120.0},"geometry":{"type":"Polygon","coordinates":[[[54.390929,24.498107],[54.389896,24.498215],[54.389941,24.498568],[54.390974,24.498461],[54.390929,24.498107]]]}},{"type":"Feature","properties":{"height":60.0},"geometry":{"type":"Polygon","coordinates":[[[54.394388,24.49958],[54.394868,24.499526],[54.39537,24.499471],[54.39526,24.498664],[54.395136,24.498542],[54.393466,24.49866],[54.393621,24.499665],[54.394354,24.499584],[54.394388,24.49958]]]}},{"type":"Feature","properties":{"height":167.0},"geometry":{"type":"Polygon","coordinates":[[[54.404666,24.499116],[54.404693,24.499178],[54.404753,24.499227],[54.404834,24.499233],[54.40491,24.49923],[54.404982,24.499211],[54.405028,24.499168],[54.405053,24.499122],[54.405137,24.49905],[54.405204,24.499015],[54.405249,24.498965],[54.405266,24.498892],[54.40526,24.498815],[54.405215,24.498748],[54.405143,24.498716],[54.405048,24.498732],[54.404974,24.498761],[54.404899,24.498808],[54.404816,24.498871],[54.404741,24.498948],[54.404673,24.499035],[54.404666,24.499116]]]}},{"type":"Feature","properties":{"height":22.4},"geometry":{"type":"Polygon","coordinates":[[[54.404422,24.499054],[54.404488,24.499097],[54.404499,24.499148],[54.40446,24.499219],[54.404425,24.499258],[54.404404,24.499268],[54.404407,24.499292],[54.40468,24.499299],[54.404893,24.499256],[54.405087,24.49919],[54.405252,24.499057],[54.405358,24.498901],[54.40544,24.498736],[54.405445,24.498549],[54.405429,24.498461],[54.405388,24.498458],[54.405313,24.498501],[54.405252,24.498498],[54.405195,24.498462],[54.405168,24.498391],[54.405163,24.498294],[54.405124,24.498198],[54.4051,24.498143],[54.405071,24.498172],[54.405047,24.498153],[54.404875,24.498333],[54.404851,24.498402],[54.404855,24.498473],[54.40483,24.498577],[54.404772,24.498671],[54.404698,24.498736],[54.404569,24.498791],[54.404451,24.498802],[54.404327,24.498776],[54.404234,24.498809],[54.404127,24.498878],[54.40417,24.49892],[54.404128,24.498955],[54.404169,24.498992],[54.404244,24.499042],[54.404346,24.499045],[54.404422,24.499054]]]}},{"type":"Feature","properties":{"height":22.4},"geometry":{"type":"Polygon","coordinates":[[[54.403029,24.498868],[54.403198,24.498826],[54.40331,24.498827],[54.403406,24.498846],[54.403441,24.498738],[54.403338,24.49853],[54.403215,24.49853],[54.403221,24.498438],[54.403208,24.498413],[54.403016,24.498458],[54.402864,24.498563],[54.402757,24.498744],[54.40274,24.498873],[54.402759,24.498984],[54.402809,24.499041],[54.402916,24.498932],[54.403029,24.498868]]]}},{"type":"Feature","properties":{"height":12.0},"geometry":{"type":"Polygon","coordinates":[[[54.408923,24.498695],[54.408924,24.498611],[54.408852,24.4986],[54.408836,24.49866],[54.408874,24.498774],[54.408914,24.498778],[54.408923,24.498695]]]}},{"type":"Feature","properties":{"height":35.2},"geometry":{"type":"Polygon","coordinates":[[[54.409435,24.498769],[54.408993,24.498738],[54.409005,24.499092],[54.409382,24.499166],[54.409435,24.498769]]]}},{"type":"Feature","properties":{"height":35.2},"geometry":{"type":"Polygon","coordinates":[[[54.409382,24.499166],[54.409435,24.498769],[54.408993,24.498738],[54.409005,24.499092],[54.408977,24.499208],[54.408919,24.499457],[54.409276,24.499552],[54.409382,24.499166]]]}},{"type":"Feature","properties":{"height":106.0},"geometry":{"type":"Polygon","coordinates":[[[54.404169,24.498992],[54.404128,24.498955],[54.404065,24.498942],[54.404006,24.498969],[54.40397,24.499012],[54.403959,24.499091],[54.403992,24.499162],[54.404102,24.499212],[54.404211,24.499253],[54.404345,24.499283],[54.404404,24.499268],[54.404425,24.499258],[54.40446,24.499219],[54.404499,24.499148],[54.404488,24.499097],[54.404422,24.499054],[54.404346,24.499045],[54.404244,24.499042],[54.404169,24.498992]]]}},{"type":"Feature","properties":{"height":282.1},"geometry":{"type":"Polygon","coordinates":[[[54.403167,24.499287],[54.403283,24.499245],[54.403411,24.499157],[54.403468,24.499094],[54.403515,24.499023],[54.403464,24.498982],[54.403434,24.49893],[54.403429,24.498854],[54.403406,24.498846],[54.40331,24.498827],[54.403198,24.498826],[54.403029,24.498868],[54.402916,24.498932],[54.402809,24.499041],[54.40277,24.499106],[54.402825,24.499141],[54.40285,24.499176],[54.402864,24.49922],[54.402856,24.499279],[54.403021,24.499304],[54.403167,24.499287]]]}},{"type":"Feature","properties":{"height":110.0},"geometry":{"type":"Polygon","coordinates":[[[54.403634,24.499578],[54.403649,24.499568],[54.403666,24.499552],[54.403672,24.499531],[54.403667,24.499509],[54.403644,24.499465],[54.403609,24.499427],[54.403558,24.499379],[54.40351,24.499365],[54.403484,24.499365],[54.403464,24.499375],[54.403455,24.499386],[54.403448,24.499406],[54.403154,24.499593],[54.403134,24.499601],[54.403113,24.499596],[54.403093,24.499605],[54.40308,24.499633],[54.403087,24.499668],[54.403115,24.499713],[54.403154,24.499754],[54.403206,24.499786],[54.403248,24.499802],[54.40327,24.499798],[54.403287,24.499782],[54.403285,24.499747],[54.403312,24.499759],[54.403549,24.499625],[54.403592,24.4996],[54.403588,24.499575],[54.40361,24.499579],[54.403634,24.499578]]]}},{"type":"Feature","properties":{"height":105.0},"geometry":{"type":"Polygon","coordinates":[[[54.405857,24.499717],[54.405882,24.499686],[54.4059,24.499639],[54.405913,24.499591],[54.40592,24.499554],[54.405949,24.499553],[54.405943,24.49951],[54.405949,24.499467],[54.405957,24.499437],[54.405909,24.499442],[54.405895,24.499396],[54.405869,24.499343],[54.405839,24.499307],[54.405806,24.499287],[54.405775,24.499281],[54.405742,24.499286],[54.405708,24.499305],[54.405686,24.499336],[54.405663,24.49939],[54.405653,24.499428],[54.405662,24.499471],[54.405613,24.499478],[54.405622,24.499565],[54.405674,24.499562],[54.405676,24.499605],[54.405692,24.49964],[54.405713,24.499673],[54.405739,24.499701],[54.405764,24.499721],[54.405796,24.499734],[54.405825,24.499734],[54.405857,24.499717]]]}},{"type":"Feature","properties":{"height":35.2},"geometry":{"type":"Polygon","coordinates":[[[54.409345,24.49924],[54.408977,24.499208],[54.408919,24.499457],[54.409276,24.499552],[54.409345,24.49924]]]}},{"type":"Feature","properties":{"height":16.0},"geometry":{"type":"Polygon","coordinates":[[[54.405367,24.499437],[54.405329,24.499455],[54.405291,24.499479],[54.405053,24.499607],[54.404746,24.499696],[54.404642,24.499708],[54.40449,24.499725],[54.404483,24.500286],[54.404761,24.500267],[54.404883,24.500239],[54.405188,24.500172],[54.405551,24.500001],[54.405667,24.499947],[54.405928,24.49974],[54.406139,24.499496],[54.405677,24.499174],[54.405491,24.499342],[54.405367,24.499437]]]}},{"type":"Feature","properties":{"height":105.0},"geometry":{"type":"Polygon","coordinates":[[[54.405116,24.499807],[54.405135,24.499841],[54.405162,24.499875],[54.405202,24.499908],[54.405246,24.499932],[54.405235,24.499977],[54.405283,24.499981],[54.405322,24.499987],[54.405356,24.499999],[54.405361,24.499974],[54.405413,24.499984],[54.405476,24.499987],[54.405525,24.499979],[54.40556,24.499962],[54.40558,24.499939],[54.40559,24.49991],[54.405587,24.499875],[54.405567,24.499842],[54.405533,24.499803],[54.405491,24.499773],[54.405446,24.499761],[54.405462,24.499718],[54.405372,24.499686],[54.405352,24.499729],[54.405308,24.499711],[54.405267,24.499708],[54.405225,24.49971],[54.405185,24.499718],[54.405155,24.499729],[54.405127,24.499749],[54.405114,24.499773],[54.405116,24.499807]]]}},{"type":"Feature","properties":{"height":60.0},"geometry":{"type":"Polygon","coordinates":[[[54.409433,24.500448],[54.409613,24.500479],[54.409746,24.500476],[54.409871,24.500412],[54.409926,24.500296],[54.409975,24.49974],[54.409991,24.499615],[54.410012,24.49951],[54.409978,24.499439],[54.4099,24.49938],[54.409787,24.499363],[54.409615,24.499373],[54.409548,24.499419],[54.409498,24.499556],[54.409349,24.50004],[54.4093,24.500253],[54.409341,24.500381],[54.409433,24.500448]]]}},{"type":"Feature","properties":{"height":105.0},"geometry":{"type":"Polygon","coordinates":[[[54.404705,24.500215],[54.404745,24.500204],[54.404792,24.500179],[54.404832,24.500143],[54.404863,24.500118],[54.404886,24.500133],[54.404909,24.500095],[54.404942,24.500063],[54.404968,24.500044],[54.404926,24.500022],[54.404945,24.499977],[54.404952,24.499946],[54.404959,24.499921],[54.404958,24.499875],[54.404944,24.499841],[54.404923,24.49982],[54.404893,24.499806],[54.404854,24.499803],[54.404816,24.499816],[54.404762,24.499847],[54.404729,24.499872],[54.404708,24.499911],[54.404664,24.499891],[54.404615,24.499966],[54.404659,24.499991],[54.404633,24.500028],[54.404622,24.500064],[54.404618,24.500102],[54.40462,24.500139],[54.404628,24.500168],[54.404645,24.500196],[54.404668,24.500212],[54.404705,24.500215]]]}},{"type":"Feature","properties":{"height":110.0},"geometry":{"type":"Polygon","coordinates":[[[54.404082,24.500107],[54.404111,24.500109],[54.404135,24.500134],[54.404116,24.500148],[54.404109,24.500161],[54.404113,24.500183],[54.404141,24.500206],[54.404184,24.500229],[54.404243,24.500234],[54.4043,24.50023],[54.404336,24.500214],[54.404353,24.500188],[54.404349,24.500168],[54.404333,24.500156],[54.404328,24.500137],[54.404329,24.499803],[54.40434,24.499793],[54.404345,24.49978],[54.404342,24.499763],[54.404325,24.499746],[54.404286,24.499723],[54.404214,24.499702],[54.404159,24.499696],[54.4041,24.4997],[54.40408,24.499709],[54.404072,24.499726],[54.404076,24.499745],[54.404111,24.499771],[54.404093,24.499783],[54.404069,24.499783],[54.404071,24.499825],[54.404082,24.500107]]]}},{"type":"Feature","properties":{"height":19.2},"geometry":{"type":"Polygon","coordinates":[[[54.404959,24.499921],[54.404952,24.499946],[54.405162,24.499875],[54.405135,24.499841],[54.405116,24.499807],[54.405114,24.499773],[54.404944,24.499841],[54.404958,24.499875],[54.404959,24.499921]]]}},{"type":"Feature","properties":{"height":22.4},"geometry":{"type":"Polygon","coordinates":[[[54.403476,24.499943],[54.403581,24.500013],[54.403698,24.500065],[54.403823,24.500099],[54.403952,24.500113],[54.404082,24.500107],[54.404071,24.499825],[54.404024,24.499827],[54.403997,24.499749],[54.403968,24.49971],[54.403894,24.499653],[54.403777,24.499622],[54.403688,24.499633],[54.403606,24.499672],[54.403549,24.499625],[54.403312,24.499759],[54.403385,24.499857],[54.403476,24.499943]]]}},{"type":"Feature","properties":{"height":12.0},"geometry":{"type":"Polygon","coordinates":[[[54.395264,24.500113],[54.395296,24.500107],[54.395273,24.500002],[54.395241,24.500009],[54.395264,24.500113]]]}},{"type":"Feature","properties":{"height":12.0},"geometry":{"type":"Polygon","coordinates":[[[54.395562,24.49998],[54.395534,24.499827],[54.395419,24.499844],[54.395447,24.499997],[54.395562,24.49998]]]}},{"type":"Feature","properties":{"height":15.0},"geometry":{"type":"Polygon","coordinates":[[[54.388093,24.500027],[54.388097,24.500065],[54.388104,24.500121],[54.388824,24.500049],[54.388835,24.500142],[54.389065,24.500119],[54.389052,24.500012],[54.389497,24.499972],[54.389489,24.499896],[54.389471,24.499728],[54.389403,24.499085],[54.388005,24.4992],[54.388093,24.500027]]]}},{"type":"Feature","properties":{"height":18.0},"geometry":{"type":"Polygon","coordinates":[[[54.389625,24.499882],[54.389725,24.499872],[54.389801,24.499864],[54.389986,24.499845],[54.389968,24.499683],[54.38978,24.4997],[54.389703,24.499707],[54.389605,24.499716],[54.389524,24.499723],[54.389471,24.499728],[54.389489,24.499896],[54.389552,24.499889],[54.389625,24.499882]]]}},{"type":"Feature","properties":{"height":60.0},"geometry":{"type":"Polygon","coordinates":[[[54.386768,24.499506],[54.386877,24.499783],[54.386944,24.499887],[54.387034,24.499983],[54.387235,24.500209],[54.387459,24.500387],[54.387853,24.500347],[54.387841,24.500174],[54.387727,24.499275],[54.386775,24.499375],[54.386768,24.499506]]]}},{"type":"Feature","properties":{"height":140.3},"geometry":{"type":"Polygon","coordinates":[[[54.387559,24.49967],[54.387528,24.499625],[54.38749,24.499618],[54.387455,24.499618],[54.387457,24.499569],[54.387409,24.499614],[54.387351,24.499635],[54.387277,24.499646],[54.387222,24.499655],[54.387164,24.499664],[54.387096,24.499682],[54.387026,24.499701],[54.386981,24.499722],[54.386922,24.49975],[54.386909,24.499785],[54.386921,24.499828],[54.386961,24.499857],[54.386992,24.499871],[54.387069,24.499881],[54.387129,24.499883],[54.387276,24.499883],[54.387276,24.499849],[54.387705,24.499809],[54.387628,24.499748],[54.387559,24.49967]]]}},{"type":"Feature","properties":{"height":12.0},"geometry":{"type":"Polygon","coordinates":[[[54.381588,24.499455],[54.381525,24.499426],[54.381493,24.499483],[54.381556,24.499512],[54.381588,24.499455]]]}},{"type":"Feature","properties":{"height":12.0},"geometry":{"type":"Polygon","coordinates":[[[54.386821,24.498921],[54.386817,24.498866],[54.386748,24.498874],[54.386647,24.498885],[54.386653,24.498939],[54.386821,24.498921]]]}},{"type":"Feature","properties":{"height":12.0},"geometry":{"type":"Polygon","coordinates":[[[54.379405,24.498736],[54.37919,24.498593],[54.37908,24.49873],[54.379296,24.498873],[54.379405,24.498736]]]}},{"type":"Feature","properties":{"height":12.0},"geometry":{"type":"Polygon","coordinates":[[[54.378767,24.498679],[54.378748,24.498633],[54.378678,24.498656],[54.378697,24.498702],[54.378767,24.498679]]]}},{"type":"Feature","properties":{"height":12.0},"geometry":{"type":"Polygon","coordinates":[[[54.378841,24.498827],[54.378741,24.498751],[54.378627,24.498872],[54.378728,24.498949],[54.378841,24.498827]]]}},{"type":"Feature","properties":{"height":12.0},"geometry":{"type":"Polygon","coordinates":[[[54.378595,24.499077],[54.378635,24.499036],[54.378544,24.498962],[54.378463,24.499043],[54.378526,24.499094],[54.378566,24.499053],[54.378595,24.499077]]]}},{"type":"Feature","properties":{"height":25.0},"geometry":{"type":"Polygon","coordinates":[[[54.38062,24.499002],[54.380487,24.499527],[54.380699,24.499574],[54.380733,24.499478],[54.38079,24.499493],[54.380845,24.499603],[54.381059,24.499614],[54.38122,24.4995],[54.381157,24.499399],[54.3811,24.499414],[54.381037,24.499295],[54.381459,24.49904],[54.381157,24.498601],[54.381322,24.498504],[54.381705,24.498655],[54.381694,24.498807],[54.381799,24.49897],[54.381927,24.498916],[54.381895,24.498638],[54.381863,24.498592],[54.381815,24.498526],[54.381286,24.498381],[54.381084,24.498496],[54.381068,24.498473],[54.380628,24.498745],[54.380749,24.49892],[54.38062,24.499002]]]}},{"type":"Feature","properties":{"height":12.0},"geometry":{"type":"Polygon","coordinates":[[[54.382139,24.499038],[54.382084,24.499027],[54.382033,24.499036],[54.38199,24.499062],[54.381963,24.499096],[54.381953,24.499125],[54.381951,24.499147],[54.381961,24.499193],[54.38199,24.499233],[54.382024,24.499255],[54.382054,24.499265],[54.382084,24.499268],[54.382134,24.499258],[54.382177,24.499232],[54.382207,24.49919],[54.382215,24.499147],[54.382211,24.499118],[54.3822,24.499091],[54.382177,24.499062],[54.382139,24.499038]]]}},{"type":"Feature","properties":{"height":40.0},"geometry":{"type":"Polygon","coordinates":[[[54.380274,24.49938],[54.380314,24.499328],[54.380392,24.499377],[54.380495,24.499243],[54.380252,24.499089],[54.380269,24.499068],[54.38019,24.499018],[54.380059,24.49919],[54.380013,24.49916],[54.379954,24.499237],[54.379974,24.49925],[54.38,24.499216],[54.380022,24.49923],[54.379985,24.499278],[54.380323,24.499493],[54.380365,24.499437],[54.380274,24.49938]]]}},{"type":"Feature","properties":{"height":89.0},"geometry":{"type":"Polygon","coordinates":[[[54.377961,24.501167],[54.377761,24.501379],[54.377974,24.501545],[54.378174,24.501332],[54.377961,24.501167]]]}},{"type":"Feature","properties":{"height":76.0},"geometry":{"type":"Polygon","coordinates":[[[54.378186,24.502251],[54.378018,24.502117],[54.377828,24.502314],[54.377996,24.502449],[54.378186,24.502251]]]}},{"type":"Feature","properties":{"height":76.0},"geometry":{"type":"Polygon","coordinates":[[[54.377856,24.502438],[54.377752,24.502561],[54.377954,24.502704],[54.378059,24.502581],[54.377856,24.502438]]]}},{"type":"Feature","properties":{"height":20.0},"geometry":{"type":"Polygon","coordinates":[[[54.387849,24.502784],[54.387831,24.50274],[54.38779,24.502794],[54.387696,24.502592],[54.387657,24.502602],[54.387613,24.502521],[54.387477,24.502822],[54.387584,24.502858],[54.387665,24.503036],[54.387806,24.503021],[54.387856,24.503149],[54.388044,24.503077],[54.387896,24.50273],[54.387849,24.502784]]]}},{"type":"Feature","properties":{"height":25.0},"geometry":{"type":"Polygon","coordinates":[[[54.38779,24.502794],[54.387831,24.50274],[54.387849,24.502784],[54.387896,24.50273],[54.388088,24.502397],[54.388062,24.502234],[54.388085,24.502229],[54.388073,24.502115],[54.388043,24.502123],[54.388028,24.501976],[54.387597,24.502492],[54.387696,24.502592],[54.38779,24.502794]]]}},{"type":"Feature","properties":{"height":12.0},"geometry":{"type":"Polygon","coordinates":[[[54.387867,24.50216],[54.387938,24.502083],[54.387908,24.50206],[54.387837,24.502137],[54.387867,24.50216]]]}},{"type":"Feature","properties":{"height":60.0},"geometry":{"type":"Polygon","coordinates":[[[54.378036,24.50187],[54.37789,24.501751],[54.377689,24.501955],[54.377836,24.502074],[54.378036,24.50187]]]}},{"type":"Feature","properties":{"height":71.0},"geometry":{"type":"Polygon","coordinates":[[[54.388636,24.501616],[54.388801,24.501602],[54.388787,24.501473],[54.388309,24.501515],[54.388322,24.501643],[54.388463,24.50163],[54.388636,24.501616]]]}},{"type":"Feature","properties":{"height":155.0},"geometry":{"type":"Polygon","coordinates":[[[54.389597,24.501482],[54.389594,24.501451],[54.389464,24.501461],[54.389467,24.501497],[54.389347,24.501506],[54.389387,24.501932],[54.389393,24.502003],[54.389518,24.501993],[54.389522,24.502028],[54.389661,24.502018],[54.389657,24.501978],[54.389783,24.501969],[54.389737,24.501471],[54.389597,24.501482]]]}},{"type":"Feature","properties":{"height":12.0},"geometry":{"type":"Polygon","coordinates":[[[54.395747,24.501897],[54.395661,24.501895],[54.395658,24.501997],[54.395744,24.502],[54.395747,24.501897]]]}},{"type":"Feature","properties":{"height":131.0},"geometry":{"type":"Polygon","coordinates":[[[54.388409,24.502106],[54.388375,24.502109],[54.388387,24.502222],[54.388419,24.502219],[54.388432,24.502337],[54.389065,24.502279],[54.389053,24.502166],[54.389088,24.502163],[54.389074,24.502042],[54.389046,24.502045],[54.389032,24.501921],[54.388395,24.501979],[54.388409,24.502106]]]}},{"type":"Feature","properties":{"height":18.0},"geometry":{"type":"Polygon","coordinates":[[[54.389954,24.502559],[54.390155,24.502536],[54.39033,24.502516],[54.390312,24.502373],[54.390137,24.50239],[54.389929,24.502411],[54.389884,24.502415],[54.389868,24.502417],[54.389887,24.502566],[54.389897,24.502565],[54.389954,24.502559]]]}},{"type":"Feature","properties":{"height":15.0},"geometry":{"type":"Polygon","coordinates":[[[54.389908,24.50273],[54.389894,24.502624],[54.389887,24.502566],[54.389868,24.502417],[54.389851,24.502276],[54.388637,24.502403],[54.38865,24.502507],[54.388658,24.502571],[54.388742,24.503235],[54.389955,24.503108],[54.389908,24.50273]]]}},{"type":"Feature","properties":{"height":60.0},"geometry":{"type":"Polygon","coordinates":[[[54.395873,24.502153],[54.395441,24.502211],[54.395492,24.502519],[54.395924,24.502461],[54.395873,24.502153]]]}},{"type":"Feature","properties":{"height":12.0},"geometry":{"type":"Polygon","coordinates":[[[54.407648,24.502313],[54.407586,24.50231],[54.407557,24.502355],[54.407515,24.502391],[54.407507,24.502438],[54.407551,24.502448],[54.407608,24.502389],[54.407648,24.502313]]]}},{"type":"Feature","properties":{"height":60.0},"geometry":{"type":"Polygon","coordinates":[[[54.408157,24.502479],[54.408295,24.5021],[54.408364,24.501961],[54.408422,24.501858],[54.408025,24.50174],[54.40778,24.502229],[54.407696,24.502403],[54.408114,24.502577],[54.408157,24.502479]]]}},{"type":"Feature","properties":{"height":90.0},"geometry":{"type":"Polygon","coordinates":[[[54.410542,24.501564],[54.410544,24.501523],[54.410437,24.50152],[54.410436,24.501607],[54.410335,24.501603],[54.410333,24.501852],[54.410433,24.501853],[54.410432,24.501791],[54.410568,24.501791],[54.410573,24.501566],[54.410542,24.501564]]]}},{"type":"Feature","properties":{"height":60.0},"geometry":{"type":"Polygon","coordinates":[[[54.409021,24.501962],[54.409339,24.501953],[54.40943,24.501922],[54.409545,24.501851],[54.409584,24.501746],[54.40961,24.501599],[54.409605,24.501431],[54.408723,24.501471],[54.408702,24.501576],[54.408679,24.501799],[54.408731,24.501922],[54.408752,24.50195],[54.409021,24.501962]]]}},{"type":"Feature","properties":{"height":12.0},"geometry":{"type":"Polygon","coordinates":[[[54.408147,24.500887],[54.408085,24.500876],[54.408054,24.500908],[54.408053,24.500954],[54.408025,24.501013],[54.408063,24.501044],[54.408114,24.500971],[54.408147,24.500887]]]}},{"type":"Feature","properties":{"height":15.0},"geometry":{"type":"Polygon","coordinates":[[[54.388096,24.500864],[54.387919,24.500905],[54.387967,24.500978],[54.388012,24.50105],[54.388047,24.501141],[54.388159,24.501031],[54.388286,24.500916],[54.388392,24.500908],[54.388397,24.500962],[54.388586,24.500945],[54.388582,24.500892],[54.388747,24.500877],[54.388789,24.501246],[54.388481,24.501271],[54.388484,24.501295],[54.388487,24.501319],[54.388794,24.501296],[54.388834,24.501649],[54.388641,24.50167],[54.388636,24.501616],[54.388463,24.50163],[54.388472,24.501697],[54.388386,24.501705],[54.388229,24.501596],[54.388112,24.501492],[54.38812,24.501571],[54.388097,24.501653],[54.388053,24.501752],[54.388156,24.501762],[54.388134,24.501871],[54.388028,24.501976],[54.387597,24.502492],[54.387696,24.502592],[54.38779,24.502794],[54.387831,24.50274],[54.387849,24.502784],[54.387896,24.50273],[54.388088,24.502397],[54.38938,24.502276],[54.389295,24.501406],[54.389356,24.501286],[54.389445,24.501249],[54.389579,24.501265],[54.389685,24.501313],[54.389665,24.501116],[54.389647,24.500933],[54.389565,24.500983],[54.389449,24.50104],[54.389335,24.501049],[54.389278,24.50102],[54.389208,24.500967],[54.389189,24.500819],[54.389113,24.500147],[54.388807,24.500174],[54.388793,24.500075],[54.388104,24.50016],[54.387841,24.500174],[54.387853,24.500347],[54.387851,24.500347],[54.387459,24.500387],[54.387532,24.500461],[54.387716,24.500586],[54.388096,24.500864]]]}},{"type":"Feature","properties":{"height":10.0},"geometry":{"type":"Polygon","coordinates":[[[54.388481,24.501271],[54.388468,24.501168],[54.388273,24.501188],[54.388305,24.501451],[54.388501,24.501431],[54.388487,24.501319],[54.388484,24.501295],[54.388481,24.501271]]]}},{"type":"Feature","properties":{"height":42.0},"geometry":{"type":"Polygon","coordinates":[[[54.388748,24.500711],[54.388187,24.500768],[54.388214,24.500985],[54.388295,24.501647],[54.388313,24.501792],[54.388874,24.501735],[54.388748,24.500711]]]}},{"type":"Feature","properties":{"height":71.0},"geometry":{"type":"Polygon","coordinates":[[[54.38873,24.500933],[54.388586,24.500945],[54.388397,24.500962],[54.388251,24.500975],[54.388265,24.501103],[54.388743,24.501062],[54.38873,24.500933]]]}},{"type":"Feature","properties":{"height":22.0},"geometry":{"type":"Polygon","coordinates":[[[54.389986,24.499845],[54.390312,24.502373],[54.39033,24.502516],[54.390406,24.5031],[54.391157,24.503036],[54.3911,24.502522],[54.391418,24.50248],[54.391325,24.501708],[54.391318,24.501642],[54.39123,24.500918],[54.39098,24.498843],[54.389877,24.498968],[54.389968,24.499683],[54.389986,24.499845]]]}},{"type":"Feature","properties":{"height":40.0},"geometry":{"type":"Polygon","coordinates":[[[54.391917,24.50094],[54.391905,24.500853],[54.391893,24.500759],[54.391889,24.500727],[54.391623,24.500751],[54.39166,24.500999],[54.391921,24.500969],[54.391917,24.50094]]]}},{"type":"Feature","properties":{"height":60.0},"geometry":{"type":"Polygon","coordinates":[[[54.395488,24.500472],[54.394922,24.50055],[54.395064,24.501399],[54.39563,24.50132],[54.395488,24.500472]]]}},{"type":"Feature","properties":{"height":155.0},"geometry":{"type":"Polygon","coordinates":[[[54.389426,24.500263],[54.389421,24.500227],[54.389282,24.500242],[54.389287,24.500282],[54.389168,24.500294],[54.389229,24.500794],[54.389336,24.500783],[54.38934,24.500815],[54.3895,24.500799],[54.389496,24.500766],[54.389628,24.500753],[54.389567,24.500249],[54.389426,24.500263]]]}},{"type":"Feature","properties":{"height":131.0},"geometry":{"type":"Polygon","coordinates":[[[54.388116,24.500285],[54.388085,24.500287],[54.388097,24.500411],[54.388123,24.500409],[54.388134,24.50052],[54.388762,24.500469],[54.388752,24.500367],[54.38879,24.500363],[54.388778,24.50023],[54.38874,24.500233],[54.388728,24.500109],[54.388104,24.50016],[54.388116,24.500285]]]}},{"type":"Feature","properties":{"height":12.0},"geometry":{"type":"Polygon","coordinates":[[[54.39489,24.500451],[54.394937,24.500444],[54.394916,24.50033],[54.394869,24.500337],[54.39489,24.500451]]]}},{"type":"Feature","properties":{"height":40.0},"geometry":{"type":"Polygon","coordinates":[[[54.41747,24.501885],[54.41724,24.501685],[54.417163,24.501757],[54.41722,24.501818],[54.417181,24.501902],[54.417059,24.501949],[54.417254,24.502089],[54.41747,24.501885]]]}},{"type":"Feature","properties":{"height":12.0},"geometry":{"type":"Polygon","coordinates":[[[54.416865,24.501923],[54.41685,24.501875],[54.416805,24.501887],[54.41682,24.501934],[54.416865,24.501923]]]}},{"type":"Feature","properties":{"height":12.0},"geometry":{"type":"Polygon","coordinates":[[[54.416757,24.501916],[54.416682,24.501917],[54.416683,24.501966],[54.416758,24.501965],[54.416757,24.501916]]]}},{"type":"Feature","properties":{"height":12.0},"geometry":{"type":"Polygon","coordinates":[[[54.416668,24.501925],[54.416572,24.501928],[54.416574,24.501975],[54.41667,24.501971],[54.416668,24.501925]]]}},{"type":"Feature","properties":{"height":12.0},"geometry":{"type":"Polygon","coordinates":[[[54.411529,24.502276],[54.411457,24.502349],[54.41167,24.502522],[54.411742,24.502449],[54.411529,24.502276]]]}},{"type":"Feature","properties":{"height":30.0},"geometry":{"type":"Polygon","coordinates":[[[54.413379,24.502328],[54.41321,24.502225],[54.412899,24.502033],[54.412741,24.501881],[54.412655,24.501769],[54.412574,24.501625],[54.412526,24.501486],[54.411982,24.501472],[54.412018,24.501673],[54.412065,24.501807],[54.412137,24.50199],[54.412222,24.502147],[54.412374,24.502354],[54.412629,24.502656],[54.412874,24.50282],[54.412944,24.502892],[54.413013,24.502973],[54.413098,24.503119],[54.41317,24.503099],[54.41329,24.502809],[54.413379,24.502328]]]}},{"type":"Feature","properties":{"height":12.0},"geometry":{"type":"Polygon","coordinates":[[[54.415501,24.502417],[54.415496,24.502476],[54.415522,24.502478],[54.415526,24.502419],[54.415501,24.502417]]]}},{"type":"Feature","properties":{"height":60.0},"geometry":{"type":"Polygon","coordinates":[[[54.411354,24.502702],[54.411224,24.502679],[54.411155,24.502628],[54.411149,24.502248],[54.410947,24.502245],[54.410913,24.502838],[54.411356,24.502864],[54.411354,24.502702]]]}},{"type":"Feature","properties":{"height":12.0},"geometry":{"type":"Polygon","coordinates":[[[54.411463,24.502535],[54.41146,24.502658],[54.411509,24.502659],[54.411512,24.502535],[54.411463,24.502535]]]}},{"type":"Feature","properties":{"height":12.0},"geometry":{"type":"Polygon","coordinates":[[[54.411694,24.502566],[54.411855,24.502805],[54.411957,24.502748],[54.411796,24.502509],[54.411694,24.502566]]]}},{"type":"Feature","properties":{"height":12.0},"geometry":{"type":"Polygon","coordinates":[[[54.411649,24.502947],[54.411733,24.502911],[54.411657,24.50276],[54.411573,24.502795],[54.411649,24.502947]]]}},{"type":"Feature","properties":{"height":12.0},"geometry":{"type":"Polygon","coordinates":[[[54.415505,24.502893],[54.415497,24.502843],[54.415439,24.50285],[54.415447,24.502901],[54.415505,24.502893]]]}},{"type":"Feature","properties":{"height":12.0},"geometry":{"type":"Polygon","coordinates":[[[54.415815,24.502783],[54.415689,24.502779],[54.415685,24.502856],[54.415811,24.502861],[54.415815,24.502783]]]}},{"type":"Feature","properties":{"height":12.0},"geometry":{"type":"Polygon","coordinates":[[[54.415396,24.502784],[54.415403,24.502838],[54.415465,24.502832],[54.415458,24.502778],[54.415396,24.502784]]]}},{"type":"Feature","properties":{"height":12.0},"geometry":{"type":"Polygon","coordinates":[[[54.415618,24.502785],[54.415565,24.502779],[54.415561,24.502807],[54.415614,24.502812],[54.415618,24.502785]]]}},{"type":"Feature","properties":{"height":12.0},"geometry":{"type":"Polygon","coordinates":[[[54.415469,24.502637],[54.415468,24.502603],[54.41539,24.502607],[54.415392,24.50264],[54.415469,24.502637]]]}},{"type":"Feature","properties":{"height":12.0},"geometry":{"type":"Polygon","coordinates":[[[54.415395,24.502643],[54.415395,24.502682],[54.415466,24.502682],[54.415466,24.502644],[54.415395,24.502643]]]}},{"type":"Feature","properties":{"height":12.0},"geometry":{"type":"Polygon","coordinates":[[[54.416995,24.502628],[54.416892,24.50263],[54.416893,24.502654],[54.416996,24.502652],[54.416995,24.502628]]]}},{"type":"Feature","properties":{"height":12.0},"geometry":{"type":"Polygon","coordinates":[[[54.417349,24.502775],[54.417408,24.502771],[54.417402,24.50271],[54.417344,24.502715],[54.417349,24.502775]]]}},{"type":"Feature","properties":{"height":12.0},"geometry":{"type":"Polygon","coordinates":[[[54.416942,24.502762],[54.417051,24.502767],[54.417054,24.502707],[54.416945,24.502702],[54.416942,24.502762]]]}},{"type":"Feature","properties":{"height":12.0},"geometry":{"type":"Polygon","coordinates":[[[54.417057,24.502721],[54.41706,24.502794],[54.417302,24.502785],[54.417299,24.502712],[54.417057,24.502721]]]}},{"type":"Feature","properties":{"height":12.0},"geometry":{"type":"Polygon","coordinates":[[[54.417908,24.502514],[54.417932,24.502489],[54.417885,24.502453],[54.417861,24.502478],[54.417908,24.502514]]]}},{"type":"Feature","properties":{"height":12.0},"geometry":{"type":"Polygon","coordinates":[[[54.417504,24.502442],[54.417421,24.502442],[54.417421,24.502556],[54.4175,24.502562],[54.417504,24.502442]]]}},{"type":"Feature","properties":{"height":12.0},"geometry":{"type":"Polygon","coordinates":[[[54.41842,24.502393],[54.418376,24.5023],[54.418174,24.502378],[54.418218,24.502471],[54.41842,24.502393]]]}},{"type":"Feature","properties":{"height":12.0},"geometry":{"type":"Polygon","coordinates":[[[54.417619,24.50236],[54.41759,24.502323],[54.417548,24.502351],[54.417577,24.502387],[54.417619,24.50236]]]}},{"type":"Feature","properties":{"height":60.0},"geometry":{"type":"Polygon","coordinates":[[[54.412125,24.498673],[54.412019,24.498054],[54.411841,24.498125],[54.411699,24.498182],[54.411825,24.498912],[54.411943,24.498902],[54.412125,24.498673]]]}},{"type":"Feature","properties":{"height":60.0},"geometry":{"type":"Polygon","coordinates":[[[54.412019,24.498054],[54.412041,24.498045],[54.41181,24.4975],[54.411496,24.497386],[54.411403,24.497422],[54.411699,24.498182],[54.411841,24.498125],[54.412019,24.498054]]]}},{"type":"Feature","properties":{"height":12.0},"geometry":{"type":"Polygon","coordinates":[[[54.420544,24.48297],[54.420527,24.48309],[54.420835,24.483127],[54.420852,24.483007],[54.420544,24.48297]]]}},{"type":"Feature","properties":{"height":40.0},"geometry":{"type":"Polygon","coordinates":[[[54.420432,24.483032],[54.420094,24.483],[54.420075,24.483162],[54.420414,24.483194],[54.420432,24.483032]]]}},{"type":"Feature","properties":{"height":12.0},"geometry":{"type":"Polygon","coordinates":[[[54.419997,24.483043],[54.419673,24.483014],[54.41966,24.483134],[54.419984,24.483163],[54.419997,24.483043]]]}},{"type":"Feature","properties":{"height":12.0},"geometry":{"type":"Polygon","coordinates":[[[54.420826,24.483278],[54.420839,24.483149],[54.42052,24.483123],[54.420507,24.483251],[54.420826,24.483278]]]}},{"type":"Feature","properties":{"height":12.0},"geometry":{"type":"Polygon","coordinates":[[[54.4197,24.48285],[54.419682,24.482985],[54.420003,24.48302],[54.420021,24.482886],[54.4197,24.48285]]]}},{"type":"Feature","properties":{"height":12.0},"geometry":{"type":"Polygon","coordinates":[[[54.420388,24.482858],[54.4203,24.48283],[54.420265,24.48292],[54.420354,24.482948],[54.420388,24.482858]]]}},{"type":"Feature","properties":{"height":12.0},"geometry":{"type":"Polygon","coordinates":[[[54.420514,24.482771],[54.420522,24.482703],[54.420194,24.48267],[54.420186,24.482738],[54.420514,24.482771]]]}},{"type":"Feature","properties":{"height":12.0},"geometry":{"type":"Polygon","coordinates":[[[54.419782,24.48283],[54.420103,24.48287],[54.420123,24.482738],[54.419802,24.482698],[54.419782,24.48283]]]}},{"type":"Feature","properties":{"height":12.0},"geometry":{"type":"Polygon","coordinates":[[[54.420578,24.482733],[54.420561,24.482854],[54.420871,24.48289],[54.420888,24.482769],[54.420578,24.482733]]]}},{"type":"Feature","properties":{"height":12.0},"geometry":{"type":"Polygon","coordinates":[[[54.418396,24.482685],[54.418382,24.482821],[54.418708,24.482848],[54.418722,24.482713],[54.418396,24.482685]]]}},{"type":"Feature","properties":{"height":12.0},"geometry":{"type":"Polygon","coordinates":[[[54.418957,24.482661],[54.418929,24.482747],[54.419026,24.482773],[54.419055,24.482687],[54.418957,24.482661]]]}},{"type":"Feature","properties":{"height":12.0},"geometry":{"type":"Polygon","coordinates":[[[54.419191,24.482619],[54.419171,24.48275],[54.419494,24.482791],[54.419514,24.482659],[54.419191,24.482619]]]}},{"type":"Feature","properties":{"height":12.0},"geometry":{"type":"Polygon","coordinates":[[[54.418851,24.482817],[54.418763,24.482813],[54.418757,24.482922],[54.418845,24.482927],[54.418851,24.482817]]]}},{"type":"Feature","properties":{"height":12.0},"geometry":{"type":"Polygon","coordinates":[[[54.419245,24.482795],[54.419228,24.482927],[54.419551,24.482961],[54.419568,24.482829],[54.419245,24.482795]]]}},{"type":"Feature","properties":{"height":12.0},"geometry":{"type":"Polygon","coordinates":[[[54.419205,24.482882],[54.418873,24.482852],[54.418857,24.482995],[54.419189,24.483025],[54.419205,24.482882]]]}},{"type":"Feature","properties":{"height":12.0},"geometry":{"type":"Polygon","coordinates":[[[54.418366,24.482861],[54.418361,24.482982],[54.418686,24.482995],[54.418692,24.482873],[54.418366,24.482861]]]}},{"type":"Feature","properties":{"height":12.0},"geometry":{"type":"Polygon","coordinates":[[[54.410882,24.485296],[54.410832,24.485218],[54.410723,24.485276],[54.410774,24.485354],[54.410882,24.485296]]]}},{"type":"Feature","properties":{"height":12.0},"geometry":{"type":"Polygon","coordinates":[[[54.407336,24.485327],[54.407262,24.485263],[54.406967,24.48555],[54.407042,24.485614],[54.407336,24.485327]]]}},{"type":"Feature","properties":{"height":60.0},"geometry":{"type":"Polygon","coordinates":[[[54.40334,24.485265],[54.403951,24.4858],[54.404147,24.485609],[54.404246,24.485473],[54.404367,24.485274],[54.404384,24.485225],[54.40362,24.484898],[54.403526,24.485074],[54.40334,24.485265]]]}},{"type":"Feature","properties":{"height":64.0},"geometry":{"type":"Polygon","coordinates":[[[54.408129,24.484962],[54.408142,24.484996],[54.408361,24.485107],[54.408422,24.485073],[54.408489,24.48516],[54.408602,24.485076],[54.408334,24.484777],[54.408129,24.484931],[54.408129,24.484962]]]}},{"type":"Feature","properties":{"height":99.0},"geometry":{"type":"Polygon","coordinates":[[[54.405743,24.48448],[54.405017,24.484393],[54.404939,24.484734],[54.405619,24.484873],[54.405743,24.48448]]]}},{"type":"Feature","properties":{"height":64.0},"geometry":{"type":"Polygon","coordinates":[[[54.408793,24.48444],[54.408584,24.484581],[54.408829,24.484883],[54.409038,24.484742],[54.408793,24.48444]]]}},{"type":"Feature","properties":{"height":60.0},"geometry":{"type":"Polygon","coordinates":[[[54.404542,24.48481],[54.40454,24.484515],[54.403751,24.484451],[54.40362,24.484898],[54.404384,24.485225],[54.404472,24.48503],[54.404542,24.48481]]]}},{"type":"Feature","properties":{"height":12.0},"geometry":{"type":"Polygon","coordinates":[[[54.39089,24.484485],[54.390771,24.484369],[54.39068,24.484447],[54.390799,24.484563],[54.39089,24.484485]]]}},{"type":"Feature","properties":{"height":40.0},"geometry":{"type":"Polygon","coordinates":[[[54.38416,24.485367],[54.384215,24.485316],[54.384235,24.48533],[54.38436,24.485202],[54.384341,24.485187],[54.384391,24.485133],[54.384443,24.485177],[54.384549,24.485072],[54.38441,24.484958],[54.384305,24.485063],[54.384321,24.485075],[54.384266,24.48513],[54.384254,24.485119],[54.38413,24.485244],[54.384142,24.485253],[54.384094,24.485306],[54.38408,24.485295],[54.383967,24.485404],[54.384108,24.485521],[54.384215,24.485411],[54.38416,24.485367]]]}},{"type":"Feature","properties":{"height":12.0},"geometry":{"type":"Polygon","coordinates":[[[54.38797,24.485159],[54.387919,24.485113],[54.387843,24.485182],[54.387894,24.485229],[54.38797,24.485159]]]}},{"type":"Feature","properties":{"height":25.6},"geometry":{"type":"Polygon","coordinates":[[[54.380027,24.485116],[54.380048,24.485123],[54.38007,24.485125],[54.380096,24.485106],[54.38011,24.485113],[54.380098,24.485131],[54.380173,24.485206],[54.380319,24.485313],[54.380516,24.485087],[54.380209,24.48486],[54.380016,24.485069],[54.380017,24.485096],[54.380027,24.485116]]]}},{"type":"Feature","properties":{"height":40.0},"geometry":{"type":"Polygon","coordinates":[[[54.380844,24.485136],[54.380901,24.485175],[54.380884,24.485195],[54.380969,24.485254],[54.381299,24.484858],[54.381158,24.48476],[54.380844,24.485136]]]}},{"type":"Feature","properties":{"height":12.8},"geometry":{"type":"Polygon","coordinates":[[[54.382298,24.484805],[54.382146,24.48498],[54.382286,24.485081],[54.382438,24.484906],[54.382298,24.484805]]]}},{"type":"Feature","properties":{"height":12.0},"geometry":{"type":"Polygon","coordinates":[[[54.380484,24.484868],[54.380417,24.484945],[54.380552,24.485042],[54.380618,24.484966],[54.380484,24.484868]]]}},{"type":"Feature","properties":{"height":12.8},"geometry":{"type":"Polygon","coordinates":[[[54.379186,24.485003],[54.378995,24.484865],[54.378877,24.485],[54.379068,24.485138],[54.379186,24.485003]]]}},{"type":"Feature","properties":{"height":12.8},"geometry":{"type":"Polygon","coordinates":[[[54.378957,24.484851],[54.37877,24.484724],[54.378662,24.484857],[54.378849,24.484984],[54.378957,24.484851]]]}},{"type":"Feature","properties":{"height":12.8},"geometry":{"type":"Polygon","coordinates":[[[54.379388,24.485161],[54.3792,24.485025],[54.37909,24.485151],[54.379279,24.485286],[54.379388,24.485161]]]}},{"type":"Feature","properties":{"height":19.2},"geometry":{"type":"Polygon","coordinates":[[[54.379585,24.485315],[54.37941,24.485193],[54.379308,24.485314],[54.379483,24.485436],[54.379585,24.485315]]]}},{"type":"Feature","properties":{"height":12.0},"geometry":{"type":"Polygon","coordinates":[[[54.381194,24.4853],[54.381123,24.485207],[54.381053,24.485252],[54.381125,24.485345],[54.381194,24.4853]]]}},{"type":"Feature","properties":{"height":12.8},"geometry":{"type":"Polygon","coordinates":[[[54.381937,24.485212],[54.381783,24.485388],[54.381926,24.485493],[54.382081,24.485317],[54.381937,24.485212]]]}},{"type":"Feature","properties":{"height":22.4},"geometry":{"type":"Polygon","coordinates":[[[54.379835,24.485477],[54.379655,24.48535],[54.37955,24.485474],[54.37973,24.485601],[54.379835,24.485477]]]}},{"type":"Feature","properties":{"height":12.8},"geometry":{"type":"Polygon","coordinates":[[[54.381776,24.485422],[54.381627,24.485588],[54.381762,24.485687],[54.38191,24.485521],[54.381776,24.485422]]]}},{"type":"Feature","properties":{"height":12.8},"geometry":{"type":"Polygon","coordinates":[[[54.378118,24.484257],[54.377927,24.484123],[54.377814,24.484257],[54.378006,24.484391],[54.378118,24.484257]]]}},{"type":"Feature","properties":{"height":40.0},"geometry":{"type":"Polygon","coordinates":[[[54.380175,24.484545],[54.380371,24.484317],[54.3799,24.483983],[54.379704,24.484211],[54.380175,24.484545]],[[54.379916,24.484088],[54.380263,24.48433],[54.380168,24.484443],[54.379821,24.484201],[54.379916,24.484088]]]}},{"type":"Feature","properties":{"height":40.0},"geometry":{"type":"Polygon","coordinates":[[[54.382169,24.484271],[54.382136,24.484313],[54.382109,24.484295],[54.382027,24.484397],[54.381998,24.484377],[54.381952,24.484434],[54.382018,24.484478],[54.381958,24.484553],[54.38207,24.484628],[54.382291,24.484353],[54.382169,24.484271]]]}},{"type":"Feature","properties":{"height":12.8},"geometry":{"type":"Polygon","coordinates":[[[54.378333,24.484405],[54.37815,24.484275],[54.378034,24.48441],[54.378218,24.48454],[54.378333,24.484405]]]}},{"type":"Feature","properties":{"height":12.8},"geometry":{"type":"Polygon","coordinates":[[[54.378538,24.484554],[54.378354,24.484422],[54.378239,24.484554],[54.378423,24.484686],[54.378538,24.484554]]]}},{"type":"Feature","properties":{"height":12.0},"geometry":{"type":"Polygon","coordinates":[[[54.379469,24.484658],[54.379188,24.484464],[54.379112,24.484557],[54.379393,24.48475],[54.379469,24.484658]]]}},{"type":"Feature","properties":{"height":12.8},"geometry":{"type":"Polygon","coordinates":[[[54.378742,24.484704],[54.378563,24.484576],[54.378453,24.484705],[54.378631,24.484833],[54.378742,24.484704]]]}},{"type":"Feature","properties":{"height":12.0},"geometry":{"type":"Polygon","coordinates":[[[54.380385,24.484852],[54.380272,24.484767],[54.380226,24.484818],[54.380338,24.484903],[54.380385,24.484852]]]}},{"type":"Feature","properties":{"height":12.0},"geometry":{"type":"Polygon","coordinates":[[[54.382015,24.484722],[54.381936,24.484661],[54.381885,24.484717],[54.381964,24.484778],[54.382015,24.484722]]]}},{"type":"Feature","properties":{"height":40.0},"geometry":{"type":"Polygon","coordinates":[[[54.38046,24.484713],[54.380781,24.484691],[54.380797,24.48466],[54.380673,24.484575],[54.380693,24.484546],[54.380577,24.484469],[54.380553,24.484492],[54.380451,24.484425],[54.380429,24.484457],[54.38046,24.484713]]]}},{"type":"Feature","properties":{"height":12.0},"geometry":{"type":"Polygon","coordinates":[[[54.379566,24.484514],[54.379455,24.484439],[54.379375,24.484536],[54.379486,24.484611],[54.379566,24.484514]]]}},{"type":"Feature","properties":{"height":12.8},"geometry":{"type":"Polygon","coordinates":[[[54.382619,24.484421],[54.382473,24.484591],[54.382616,24.484693],[54.382762,24.484523],[54.382619,24.484421]]]}},{"type":"Feature","properties":{"height":12.8},"geometry":{"type":"Polygon","coordinates":[[[54.382461,24.484607],[54.382315,24.48478],[54.382458,24.48488],[54.382604,24.484706],[54.382461,24.484607]]]}},{"type":"Feature","properties":{"height":12.8},"geometry":{"type":"Polygon","coordinates":[[[54.382631,24.484407],[54.382772,24.484504],[54.382918,24.484328],[54.382778,24.484231],[54.382631,24.484407]]]}},{"type":"Feature","properties":{"height":12.8},"geometry":{"type":"Polygon","coordinates":[[[54.382936,24.484042],[54.382784,24.484214],[54.382928,24.48432],[54.383081,24.484148],[54.382936,24.484042]]]}},{"type":"Feature","properties":{"height":12.0},"geometry":{"type":"Polygon","coordinates":[[[54.384478,24.484154],[54.384503,24.484128],[54.384471,24.484102],[54.384385,24.484192],[54.384434,24.484231],[54.384495,24.484167],[54.384478,24.484154]]]}},{"type":"Feature","properties":{"height":12.0},"geometry":{"type":"Polygon","coordinates":[[[54.38236,24.48406],[54.382335,24.484123],[54.382456,24.484163],[54.382481,24.4841],[54.38236,24.48406]]]}},{"type":"Feature","properties":{"height":12.0},"geometry":{"type":"Polygon","coordinates":[[[54.382617,24.483965],[54.382451,24.483829],[54.382395,24.483885],[54.382561,24.484021],[54.382617,24.483965]]]}},{"type":"Feature","properties":{"height":22.4},"geometry":{"type":"Polygon","coordinates":[[[54.383698,24.483402],[54.383558,24.483302],[54.38341,24.483473],[54.38355,24.483573],[54.383698,24.483402]]]}},{"type":"Feature","properties":{"height":12.8},"geometry":{"type":"Polygon","coordinates":[[[54.383524,24.483601],[54.383384,24.483501],[54.383236,24.483672],[54.383376,24.483772],[54.383524,24.483601]]]}},{"type":"Feature","properties":{"height":12.0},"geometry":{"type":"Polygon","coordinates":[[[54.382391,24.483809],[54.382105,24.483592],[54.382052,24.483649],[54.382338,24.483867],[54.382391,24.483809]]]}},{"type":"Feature","properties":{"height":12.0},"geometry":{"type":"Polygon","coordinates":[[[54.381675,24.48369],[54.381453,24.483511],[54.381346,24.483621],[54.381569,24.4838],[54.381675,24.48369]]]}},{"type":"Feature","properties":{"height":12.0},"geometry":{"type":"Polygon","coordinates":[[[54.381381,24.483434],[54.381297,24.483519],[54.381374,24.483581],[54.381457,24.483497],[54.381381,24.483434]]]}},{"type":"Feature","properties":{"height":12.0},"geometry":{"type":"Polygon","coordinates":[[[54.382079,24.483554],[54.3818,24.483391],[54.38175,24.483461],[54.382029,24.483625],[54.382079,24.483554]]]}},{"type":"Feature","properties":{"height":12.0},"geometry":{"type":"Polygon","coordinates":[[[54.381653,24.483452],[54.381611,24.483506],[54.381681,24.483553],[54.381724,24.483499],[54.381653,24.483452]]]}},{"type":"Feature","properties":{"height":12.0},"geometry":{"type":"Polygon","coordinates":[[[54.37918,24.483511],[54.379067,24.483488],[54.379038,24.483604],[54.379151,24.483627],[54.37918,24.483511]]]}},{"type":"Feature","properties":{"height":12.0},"geometry":{"type":"Polygon","coordinates":[[[54.379349,24.483753],[54.379436,24.48367],[54.379371,24.483614],[54.379284,24.483697],[54.379349,24.483753]]]}},{"type":"Feature","properties":{"height":60.0},"geometry":{"type":"Polygon","coordinates":[[[54.37826,24.483784],[54.378251,24.483701],[54.378339,24.483606],[54.378543,24.483744],[54.378629,24.48365],[54.37834,24.48345],[54.378295,24.483509],[54.378225,24.48347],[54.378086,24.483642],[54.378109,24.483859],[54.378423,24.48407],[54.378507,24.483958],[54.37826,24.483784]]]}},{"type":"Feature","properties":{"height":12.0},"geometry":{"type":"Polygon","coordinates":[[[54.378765,24.483677],[54.378621,24.483843],[54.378666,24.483875],[54.37881,24.483709],[54.378765,24.483677]]]}},{"type":"Feature","properties":{"height":12.0},"geometry":{"type":"Polygon","coordinates":[[[54.379252,24.483725],[54.379192,24.483834],[54.379231,24.483852],[54.379292,24.483743],[54.379252,24.483725]]]}},{"type":"Feature","properties":{"height":12.0},"geometry":{"type":"Polygon","coordinates":[[[54.380653,24.483893],[54.380273,24.483625],[54.380203,24.483708],[54.380588,24.483971],[54.380653,24.483893]]]}},{"type":"Feature","properties":{"height":12.0},"geometry":{"type":"Polygon","coordinates":[[[54.380788,24.484007],[54.380738,24.483973],[54.380683,24.484044],[54.380729,24.484076],[54.380788,24.484007]]]}},{"type":"Feature","properties":{"height":60.0},"geometry":{"type":"Polygon","coordinates":[[[54.381717,24.4836],[54.381693,24.48368],[54.381723,24.483699],[54.381711,24.483739],[54.381694,24.483761],[54.381643,24.483728],[54.381566,24.483827],[54.381559,24.483849],[54.381476,24.483958],[54.381461,24.484006],[54.381432,24.484044],[54.381569,24.484132],[54.381541,24.484169],[54.381477,24.484127],[54.381468,24.484125],[54.38143,24.484174],[54.381426,24.484184],[54.381529,24.48425],[54.381551,24.484177],[54.381936,24.484425],[54.382281,24.48398],[54.382157,24.483901],[54.38185,24.484296],[54.381874,24.484218],[54.381794,24.484198],[54.382024,24.483901],[54.38205,24.483814],[54.381717,24.4836]]]}},{"type":"Feature","properties":{"height":12.0},"geometry":{"type":"Polygon","coordinates":[[[54.379354,24.484132],[54.379465,24.483997],[54.379377,24.483937],[54.379162,24.484199],[54.379247,24.484257],[54.379317,24.48417],[54.379276,24.484142],[54.379309,24.484101],[54.379354,24.484132]]]}},{"type":"Feature","properties":{"height":60.0},"geometry":{"type":"Polygon","coordinates":[[[54.378613,24.484118],[54.378635,24.484162],[54.37867,24.4842],[54.378722,24.484225],[54.378766,24.484226],[54.378798,24.484198],[54.378862,24.484247],[54.379146,24.483911],[54.3791,24.483886],[54.3791,24.48382],[54.379088,24.483792],[54.379055,24.483771],[54.379023,24.48375],[54.378976,24.483737],[54.378936,24.483735],[54.378904,24.483748],[54.378871,24.483726],[54.378585,24.484049],[54.378609,24.484072],[54.378613,24.484118]]]}},{"type":"Feature","properties":{"height":40.0},"geometry":{"type":"Polygon","coordinates":[[[54.382417,24.482721],[54.382181,24.482555],[54.381995,24.482773],[54.382231,24.48294],[54.382417,24.482721]]]}},{"type":"Feature","properties":{"height":40.0},"geometry":{"type":"Polygon","coordinates":[[[54.380101,24.482706],[54.379911,24.482575],[54.379693,24.482837],[54.379883,24.482968],[54.380101,24.482706]]]}},{"type":"Feature","properties":{"height":12.0},"geometry":{"type":"Polygon","coordinates":[[[54.380149,24.482909],[54.380056,24.482845],[54.380146,24.482737],[54.380101,24.482706],[54.379883,24.482968],[54.380021,24.483063],[54.380149,24.482909]]]}},{"type":"Feature","properties":{"height":12.0},"geometry":{"type":"Polygon","coordinates":[[[54.37893,24.483304],[54.378654,24.483109],[54.378562,24.483217],[54.378838,24.483412],[54.37893,24.483304]]]}},{"type":"Feature","properties":{"height":12.0},"geometry":{"type":"Polygon","coordinates":[[[54.381622,24.483238],[54.381542,24.483334],[54.381665,24.483419],[54.381745,24.483323],[54.381622,24.483238]]]}},{"type":"Feature","properties":{"height":12.0},"geometry":{"type":"Polygon","coordinates":[[[54.38159,24.48316],[54.381591,24.483159],[54.381363,24.483006],[54.381314,24.483066],[54.381413,24.483132],[54.381391,24.48316],[54.381574,24.483282],[54.381615,24.483231],[54.381697,24.483285],[54.381725,24.48325],[54.38159,24.48316]]]}},{"type":"Feature","properties":{"height":60.0},"geometry":{"type":"Polygon","coordinates":[[[54.380959,24.483173],[54.380992,24.483135],[54.381033,24.483163],[54.3811,24.483084],[54.381127,24.483103],[54.381221,24.482991],[54.381104,24.482909],[54.381087,24.48293],[54.380654,24.482628],[54.380568,24.482731],[54.380612,24.482761],[54.38056,24.482824],[54.380602,24.482853],[54.38048,24.482998],[54.380359,24.482914],[54.380394,24.482872],[54.380332,24.482828],[54.380054,24.483157],[54.38083,24.483699],[54.381095,24.483384],[54.380861,24.483221],[54.380923,24.483148],[54.380959,24.483173]],[[54.380287,24.4832],[54.380177,24.483125],[54.380328,24.482942],[54.380438,24.483017],[54.380287,24.4832]],[[54.38039,24.483222],[54.380693,24.482861],[54.380975,24.483057],[54.380672,24.483418],[54.38039,24.483222]],[[54.380959,24.483384],[54.380803,24.483573],[54.380711,24.48351],[54.380867,24.483322],[54.380959,24.483384]]]}},{"type":"Feature","properties":{"height":40.0},"geometry":{"type":"Polygon","coordinates":[[[54.382936,24.483084],[54.3827,24.482918],[54.382514,24.483137],[54.38275,24.483303],[54.382936,24.483084]]]}},{"type":"Feature","properties":{"height":40.0},"geometry":{"type":"Polygon","coordinates":[[[54.38337,24.483044],[54.383134,24.482878],[54.382948,24.483096],[54.383184,24.483263],[54.38337,24.483044]]]}},{"type":"Feature","properties":{"height":12.8},"geometry":{"type":"Polygon","coordinates":[[[54.384034,24.48301],[54.383894,24.48291],[54.383746,24.483081],[54.383886,24.483181],[54.384034,24.48301]]]}},{"type":"Feature","properties":{"height":12.8},"geometry":{"type":"Polygon","coordinates":[[[54.383867,24.483208],[54.383727,24.483108],[54.383579,24.483279],[54.383719,24.483379],[54.383867,24.483208]]]}},{"type":"Feature","properties":{"height":40.0},"geometry":{"type":"Polygon","coordinates":[[[54.383176,24.483271],[54.38294,24.483105],[54.382754,24.483324],[54.38299,24.48349],[54.383176,24.483271]]]}},{"type":"Feature","properties":{"height":40.0},"geometry":{"type":"Polygon","coordinates":[[[54.382679,24.482906],[54.382443,24.48274],[54.382257,24.482958],[54.382493,24.483125],[54.382679,24.482906]]]}},{"type":"Feature","properties":{"height":40.0},"geometry":{"type":"Polygon","coordinates":[[[54.383125,24.482853],[54.382889,24.482686],[54.382703,24.482905],[54.382939,24.483071],[54.383125,24.482853]]]}},{"type":"Feature","properties":{"height":22.4},"geometry":{"type":"Polygon","coordinates":[[[54.3842,24.482817],[54.38406,24.482717],[54.383912,24.482889],[54.384052,24.482989],[54.3842,24.482817]]]}},{"type":"Feature","properties":{"height":40.0},"geometry":{"type":"Polygon","coordinates":[[[54.383592,24.482804],[54.383356,24.482638],[54.38317,24.482856],[54.383406,24.483023],[54.383592,24.482804]]]}},{"type":"Feature","properties":{"height":60.0},"geometry":{"type":"Polygon","coordinates":[[[54.387203,24.482327],[54.386697,24.482936],[54.387087,24.483209],[54.387599,24.482609],[54.387203,24.482327]]]}},{"type":"Feature","properties":{"height":12.0},"geometry":{"type":"Polygon","coordinates":[[[54.390765,24.482792],[54.390518,24.482654],[54.390461,24.482735],[54.39071,24.482873],[54.390765,24.482792]]]}},{"type":"Feature","properties":{"height":12.0},"geometry":{"type":"Polygon","coordinates":[[[54.389972,24.482894],[54.390062,24.482824],[54.389997,24.482755],[54.389907,24.482825],[54.389972,24.482894]]]}},{"type":"Feature","properties":{"height":12.0},"geometry":{"type":"Polygon","coordinates":[[[54.391191,24.482839],[54.39115,24.482902],[54.391195,24.482925],[54.391234,24.482861],[54.391191,24.482839]]]}},{"type":"Feature","properties":{"height":40.0},"geometry":{"type":"Polygon","coordinates":[[[54.391529,24.483135],[54.391537,24.483121],[54.39149,24.483096],[54.391564,24.482973],[54.391611,24.482997],[54.391621,24.48298],[54.391667,24.483003],[54.391742,24.482883],[54.391509,24.482769],[54.391275,24.48317],[54.391503,24.483283],[54.39158,24.48316],[54.391529,24.483135]]]}},{"type":"Feature","properties":{"height":12.0},"geometry":{"type":"Polygon","coordinates":[[[54.391462,24.482801],[54.391195,24.48268],[54.391155,24.48275],[54.391256,24.482798],[54.391247,24.482816],[54.391264,24.482825],[54.391235,24.482879],[54.391382,24.482946],[54.391462,24.482801]]]}},{"type":"Feature","properties":{"height":12.0},"geometry":{"type":"Polygon","coordinates":[[[54.391062,24.48262],[54.390947,24.482828],[54.391028,24.482867],[54.391149,24.48266],[54.391062,24.48262]]]}},{"type":"Feature","properties":{"height":12.0},"geometry":{"type":"Polygon","coordinates":[[[54.390942,24.482565],[54.390825,24.482772],[54.390912,24.482816],[54.391035,24.482607],[54.390942,24.482565]]]}},{"type":"Feature","properties":{"height":12.0},"geometry":{"type":"Polygon","coordinates":[[[54.392476,24.48318],[54.392379,24.483134],[54.392282,24.483312],[54.392375,24.483354],[54.392476,24.48318]]]}},{"type":"Feature","properties":{"height":12.0},"geometry":{"type":"Polygon","coordinates":[[[54.392281,24.483077],[54.392174,24.483027],[54.392146,24.483078],[54.392252,24.483127],[54.392281,24.483077]]]}},{"type":"Feature","properties":{"height":12.0},"geometry":{"type":"Polygon","coordinates":[[[54.392141,24.483051],[54.392042,24.483006],[54.392022,24.483043],[54.392118,24.483089],[54.392141,24.483051]]]}},{"type":"Feature","properties":{"height":12.0},"geometry":{"type":"Polygon","coordinates":[[[54.391056,24.482942],[54.390997,24.483025],[54.391238,24.483168],[54.391302,24.483085],[54.391056,24.482942]]]}},{"type":"Feature","properties":{"height":12.0},"geometry":{"type":"Polygon","coordinates":[[[54.392319,24.48314],[54.392267,24.483114],[54.392207,24.483218],[54.392261,24.483243],[54.392319,24.48314]]]}},{"type":"Feature","properties":{"height":12.0},"geometry":{"type":"Polygon","coordinates":[[[54.391627,24.483427],[54.391532,24.483387],[54.391516,24.483417],[54.391612,24.483457],[54.391627,24.483427]]]}},{"type":"Feature","properties":{"height":40.0},"geometry":{"type":"Polygon","coordinates":[[[54.39122,24.483711],[54.3913,24.483619],[54.391235,24.483566],[54.391258,24.483539],[54.391324,24.483594],[54.391408,24.483498],[54.391224,24.483358],[54.391015,24.483564],[54.39122,24.483711]]]}},{"type":"Feature","properties":{"height":12.0},"geometry":{"type":"Polygon","coordinates":[[[54.391411,24.48382],[54.391274,24.483685],[54.391186,24.48376],[54.391324,24.483896],[54.391411,24.48382]]]}},{"type":"Feature","properties":{"height":60.0},"geometry":{"type":"Polygon","coordinates":[[[54.405703,24.483852],[54.405667,24.483746],[54.405455,24.483133],[54.405126,24.483265],[54.405318,24.483913],[54.404939,24.484017],[54.404987,24.484318],[54.404994,24.484359],[54.405703,24.48437],[54.405703,24.483852]]]}},{"type":"Feature","properties":{"height":20.0},"geometry":{"type":"Polygon","coordinates":[[[54.402754,24.48227],[54.402445,24.482395],[54.402362,24.482355],[54.402377,24.482242],[54.402291,24.482238],[54.401421,24.483154],[54.401422,24.483271],[54.401463,24.483334],[54.401638,24.483375],[54.401836,24.48329],[54.402151,24.483205],[54.40257,24.483215],[54.403095,24.483396],[54.403021,24.483179],[54.403255,24.483046],[54.403244,24.483017],[54.403079,24.482706],[54.402754,24.48227]]]}},{"type":"Feature","properties":{"height":40.0},"geometry":{"type":"Polygon","coordinates":[[[54.40655,24.482498],[54.406374,24.482594],[54.406708,24.483103],[54.406884,24.483008],[54.40655,24.482498]]]}},{"type":"Feature","properties":{"height":12.0},"geometry":{"type":"Polygon","coordinates":[[[54.409403,24.482883],[54.409307,24.482887],[54.409312,24.483001],[54.409408,24.482998],[54.409403,24.482883]]]}},{"type":"Feature","properties":{"height":12.0},"geometry":{"type":"Polygon","coordinates":[[[54.406525,24.4825],[54.406485,24.482446],[54.40631,24.482553],[54.40635,24.482607],[54.406525,24.4825]]]}},{"type":"Feature","properties":{"height":12.0},"geometry":{"type":"Polygon","coordinates":[[[54.406349,24.482621],[54.406314,24.482564],[54.406107,24.48267],[54.406143,24.482727],[54.406349,24.482621]]]}},{"type":"Feature","properties":{"height":90.0},"geometry":{"type":"Polygon","coordinates":[[[54.40529,24.481997],[54.405261,24.482119],[54.405287,24.48226],[54.405336,24.482344],[54.405364,24.482334],[54.405417,24.48244],[54.405651,24.482324],[54.405622,24.482223],[54.405591,24.482228],[54.405542,24.482007],[54.405398,24.481892],[54.40529,24.481997]]]}},{"type":"Feature","properties":{"height":100.0},"geometry":{"type":"Polygon","coordinates":[[[54.407183,24.482071],[54.407041,24.482137],[54.407181,24.482327],[54.407302,24.482429],[54.407416,24.48261],[54.407605,24.482539],[54.407647,24.482408],[54.407249,24.481963],[54.407183,24.482071]]]}},{"type":"Feature","properties":{"height":90.0},"geometry":{"type":"Polygon","coordinates":[[[54.405846,24.481639],[54.405621,24.481752],[54.40558,24.481799],[54.405601,24.481854],[54.405747,24.481985],[54.405815,24.482137],[54.40588,24.482196],[54.40612,24.482046],[54.405951,24.481864],[54.405846,24.481639]]]}},{"type":"Feature","properties":{"height":90.0},"geometry":{"type":"Polygon","coordinates":[[[54.40632,24.481609],[54.406244,24.481517],[54.406178,24.481406],[54.406001,24.481509],[54.405923,24.481577],[54.406003,24.481671],[54.406057,24.481768],[54.406142,24.481883],[54.406228,24.481951],[54.406456,24.481804],[54.406371,24.481697],[54.40632,24.481609]]]}},{"type":"Feature","properties":{"height":60.0},"geometry":{"type":"Polygon","coordinates":[[[54.404047,24.481517],[54.404445,24.481313],[54.404282,24.481036],[54.403673,24.48131],[54.403917,24.481584],[54.404047,24.481517]]]}},{"type":"Feature","properties":{"height":12.0},"geometry":{"type":"Polygon","coordinates":[[[54.389809,24.482389],[54.389772,24.482455],[54.389903,24.482514],[54.389939,24.482448],[54.389809,24.482389]]]}},{"type":"Feature","properties":{"height":12.0},"geometry":{"type":"Polygon","coordinates":[[[54.390718,24.482472],[54.39058,24.482459],[54.390563,24.482582],[54.390697,24.482594],[54.390718,24.482472]]]}},{"type":"Feature","properties":{"height":12.8},"geometry":{"type":"Polygon","coordinates":[[[54.384363,24.482627],[54.384223,24.482527],[54.384075,24.482698],[54.384215,24.482798],[54.384363,24.482627]]]}},{"type":"Feature","properties":{"height":40.0},"geometry":{"type":"Polygon","coordinates":[[[54.383337,24.482604],[54.383101,24.482438],[54.382915,24.482656],[54.383151,24.482823],[54.383337,24.482604]]]}},{"type":"Feature","properties":{"height":9.6},"geometry":{"type":"Polygon","coordinates":[[[54.383804,24.482554],[54.383568,24.482388],[54.383382,24.482607],[54.383617,24.482773],[54.383804,24.482554]]]}},{"type":"Feature","properties":{"height":12.8},"geometry":{"type":"Polygon","coordinates":[[[54.384526,24.482433],[54.384386,24.482333],[54.384238,24.482504],[54.384378,24.482604],[54.384526,24.482433]]]}},{"type":"Feature","properties":{"height":12.0},"geometry":{"type":"Polygon","coordinates":[[[54.382509,24.482411],[54.382447,24.482495],[54.382517,24.482538],[54.382579,24.482454],[54.382509,24.482411]]]}},{"type":"Feature","properties":{"height":40.0},"geometry":{"type":"Polygon","coordinates":[[[54.383533,24.482368],[54.383298,24.482202],[54.383111,24.482421],[54.383347,24.482587],[54.383533,24.482368]]]}},{"type":"Feature","properties":{"height":12.0},"geometry":{"type":"Polygon","coordinates":[[[54.386893,24.482028],[54.38669,24.482051],[54.386699,24.482115],[54.386898,24.482089],[54.386893,24.482028]]]}},{"type":"Feature","properties":{"height":12.0},"geometry":{"type":"Polygon","coordinates":[[[54.383768,24.482032],[54.383703,24.482123],[54.383748,24.482149],[54.383812,24.482058],[54.383768,24.482032]]]}},{"type":"Feature","properties":{"height":40.0},"geometry":{"type":"Polygon","coordinates":[[[54.384254,24.482029],[54.384009,24.481859],[54.383855,24.482043],[54.384101,24.482213],[54.384254,24.482029]]]}},{"type":"Feature","properties":{"height":12.8},"geometry":{"type":"Polygon","coordinates":[[[54.384863,24.482046],[54.384723,24.481946],[54.384575,24.482117],[54.384715,24.482217],[54.384863,24.482046]]]}},{"type":"Feature","properties":{"height":12.0},"geometry":{"type":"Polygon","coordinates":[[[54.383553,24.482018],[54.38359,24.481971],[54.383549,24.481944],[54.383512,24.481991],[54.383553,24.482018]]]}},{"type":"Feature","properties":{"height":40.0},"geometry":{"type":"Polygon","coordinates":[[[54.383069,24.482052],[54.382901,24.481932],[54.382714,24.482151],[54.382871,24.482264],[54.383069,24.482052]]]}},{"type":"Feature","properties":{"height":12.0},"geometry":{"type":"Polygon","coordinates":[[[54.383826,24.482197],[54.383798,24.482235],[54.383866,24.482278],[54.383895,24.48224],[54.383826,24.482197]]]}},{"type":"Feature","properties":{"height":12.8},"geometry":{"type":"Polygon","coordinates":[[[54.384698,24.48224],[54.384558,24.48214],[54.38441,24.482311],[54.38455,24.482411],[54.384698,24.48224]]]}},{"type":"Feature","properties":{"height":40.0},"geometry":{"type":"Polygon","coordinates":[[[54.38326,24.482179],[54.383087,24.482066],[54.382892,24.48227],[54.383065,24.482389],[54.38326,24.482179]]]}},{"type":"Feature","properties":{"height":40.0},"geometry":{"type":"Polygon","coordinates":[[[54.382324,24.482283],[54.382088,24.482117],[54.381902,24.482335],[54.382138,24.482502],[54.382324,24.482283]]]}},{"type":"Feature","properties":{"height":40.0},"geometry":{"type":"Polygon","coordinates":[[[54.381638,24.482215],[54.381395,24.482041],[54.381219,24.482244],[54.381462,24.482418],[54.381638,24.482215]]]}},{"type":"Feature","properties":{"height":12.0},"geometry":{"type":"Polygon","coordinates":[[[54.380165,24.482194],[54.380016,24.482363],[54.380066,24.4824],[54.380215,24.48223],[54.380165,24.482194]]]}},{"type":"Feature","properties":{"height":40.0},"geometry":{"type":"Polygon","coordinates":[[[54.381384,24.482032],[54.381142,24.481858],[54.380966,24.482061],[54.381208,24.482235],[54.381384,24.482032]]]}},{"type":"Feature","properties":{"height":40.0},"geometry":{"type":"Polygon","coordinates":[[[54.382518,24.482051],[54.382282,24.481885],[54.382096,24.482104],[54.382332,24.48227],[54.382518,24.482051]]]}},{"type":"Feature","properties":{"height":40.0},"geometry":{"type":"Polygon","coordinates":[[[54.381797,24.482058],[54.381556,24.48188],[54.381432,24.482019],[54.381673,24.482196],[54.381797,24.482058]]]}},{"type":"Feature","properties":{"height":40.0},"geometry":{"type":"Polygon","coordinates":[[[54.378729,24.481993],[54.378469,24.481816],[54.37834,24.481973],[54.378601,24.48215],[54.378729,24.481993]]]}},{"type":"Feature","properties":{"height":12.0},"geometry":{"type":"Polygon","coordinates":[[[54.378525,24.482223],[54.378648,24.482306],[54.378685,24.482262],[54.37834,24.482028],[54.378235,24.482156],[54.378457,24.482306],[54.378525,24.482223]]]}},{"type":"Feature","properties":{"height":12.0},"geometry":{"type":"Polygon","coordinates":[[[54.380295,24.482573],[54.380381,24.482638],[54.380463,24.482548],[54.380286,24.482414],[54.380106,24.482613],[54.380196,24.482681],[54.380295,24.482573]]]}},{"type":"Feature","properties":{"height":40.0},"geometry":{"type":"Polygon","coordinates":[[[54.382123,24.482532],[54.381887,24.482366],[54.381701,24.482584],[54.381937,24.482751],[54.382123,24.482532]]]}},{"type":"Feature","properties":{"height":60.0},"geometry":{"type":"Polygon","coordinates":[[[54.378251,24.482533],[54.37798,24.482348],[54.377608,24.482798],[54.377879,24.482984],[54.378251,24.482533]]]}},{"type":"Feature","properties":{"height":12.0},"geometry":{"type":"Polygon","coordinates":[[[54.378904,24.481261],[54.378821,24.481205],[54.378597,24.481479],[54.378679,24.481535],[54.378904,24.481261]]]}},{"type":"Feature","properties":{"height":12.0},"geometry":{"type":"Polygon","coordinates":[[[54.380798,24.481235],[54.380637,24.481123],[54.380471,24.481319],[54.380632,24.481432],[54.380798,24.481235]]]}},{"type":"Feature","properties":{"height":12.0},"geometry":{"type":"Polygon","coordinates":[[[54.381218,24.481298],[54.381127,24.481259],[54.381091,24.481329],[54.381182,24.481368],[54.381218,24.481298]]]}},{"type":"Feature","properties":{"height":40.0},"geometry":{"type":"Polygon","coordinates":[[[54.382012,24.481305],[54.381774,24.481136],[54.381588,24.481357],[54.381824,24.481519],[54.382012,24.481305]]]}},{"type":"Feature","properties":{"height":12.0},"geometry":{"type":"Polygon","coordinates":[[[54.380417,24.481344],[54.380256,24.481232],[54.38009,24.481428],[54.380251,24.48154],[54.380417,24.481344]]]}},{"type":"Feature","properties":{"height":40.0},"geometry":{"type":"Polygon","coordinates":[[[54.382265,24.481485],[54.382027,24.481316],[54.381842,24.481538],[54.382077,24.4817],[54.382265,24.481485]]]}},{"type":"Feature","properties":{"height":12.0},"geometry":{"type":"Polygon","coordinates":[[[54.380595,24.481469],[54.380435,24.481357],[54.380269,24.481553],[54.380429,24.481665],[54.380595,24.481469]]]}},{"type":"Feature","properties":{"height":12.0},"geometry":{"type":"Polygon","coordinates":[[[54.378968,24.481627],[54.379091,24.481485],[54.37889,24.481342],[54.378767,24.481484],[54.378968,24.481627]]]}},{"type":"Feature","properties":{"height":12.0},"geometry":{"type":"Polygon","coordinates":[[[54.379266,24.481523],[54.379183,24.481467],[54.378958,24.481741],[54.379041,24.481797],[54.379266,24.481523]]]}},{"type":"Feature","properties":{"height":12.0},"geometry":{"type":"Polygon","coordinates":[[[54.378649,24.481564],[54.378567,24.481508],[54.378342,24.481782],[54.378425,24.481838],[54.378649,24.481564]]]}},{"type":"Feature","properties":{"height":12.0},"geometry":{"type":"Polygon","coordinates":[[[54.379013,24.481822],[54.37893,24.481766],[54.378706,24.48204],[54.378788,24.482096],[54.379013,24.481822]]]}},{"type":"Feature","properties":{"height":40.0},"geometry":{"type":"Polygon","coordinates":[[[54.381126,24.481847],[54.380883,24.481672],[54.380707,24.481875],[54.38095,24.48205],[54.381126,24.481847]]]}},{"type":"Feature","properties":{"height":40.0},"geometry":{"type":"Polygon","coordinates":[[[54.381933,24.481876],[54.381693,24.481698],[54.381568,24.481837],[54.381809,24.482015],[54.381933,24.481876]]]}},{"type":"Feature","properties":{"height":40.0},"geometry":{"type":"Polygon","coordinates":[[[54.381538,24.481875],[54.381297,24.481697],[54.381173,24.481836],[54.381414,24.482014],[54.381538,24.481875]]]}},{"type":"Feature","properties":{"height":12.0},"geometry":{"type":"Polygon","coordinates":[[[54.379725,24.481675],[54.379659,24.481753],[54.379762,24.481825],[54.379828,24.481747],[54.379725,24.481675]]]}},{"type":"Feature","properties":{"height":40.0},"geometry":{"type":"Polygon","coordinates":[[[54.380873,24.481663],[54.38063,24.481489],[54.380454,24.481692],[54.380696,24.481867],[54.380873,24.481663]]]}},{"type":"Feature","properties":{"height":12.8},"geometry":{"type":"Polygon","coordinates":[[[54.385239,24.481566],[54.385099,24.481466],[54.384951,24.481637],[54.385091,24.481737],[54.385239,24.481566]]]}},{"type":"Feature","properties":{"height":40.0},"geometry":{"type":"Polygon","coordinates":[[[54.38419,24.481608],[54.383953,24.48144],[54.383767,24.481661],[54.384002,24.481823],[54.38419,24.481608]]]}},{"type":"Feature","properties":{"height":40.0},"geometry":{"type":"Polygon","coordinates":[[[54.383723,24.481678],[54.383478,24.481508],[54.383324,24.481692],[54.38357,24.481861],[54.383723,24.481678]]]}},{"type":"Feature","properties":{"height":12.0},"geometry":{"type":"Polygon","coordinates":[[[54.383414,24.48176],[54.383377,24.481798],[54.383524,24.481919],[54.383562,24.481881],[54.383414,24.48176]]]}},{"type":"Feature","properties":{"height":40.0},"geometry":{"type":"Polygon","coordinates":[[[54.382733,24.481811],[54.382497,24.481645],[54.38231,24.481864],[54.382546,24.48203],[54.382733,24.481811]]]}},{"type":"Feature","properties":{"height":40.0},"geometry":{"type":"Polygon","coordinates":[[[54.383989,24.481863],[54.383743,24.481693],[54.38359,24.481877],[54.383835,24.482047],[54.383989,24.481863]]]}},{"type":"Feature","properties":{"height":12.8},"geometry":{"type":"Polygon","coordinates":[[[54.385024,24.481844],[54.384884,24.481744],[54.384736,24.481915],[54.384876,24.482016],[54.385024,24.481844]]]}},{"type":"Feature","properties":{"height":40.0},"geometry":{"type":"Polygon","coordinates":[[[54.384453,24.4818],[54.384207,24.48163],[54.384054,24.481814],[54.384299,24.481983],[54.384453,24.4818]]]}},{"type":"Feature","properties":{"height":22.4},"geometry":{"type":"Polygon","coordinates":[[[54.385394,24.481378],[54.385254,24.481278],[54.385106,24.481449],[54.385245,24.481549],[54.385394,24.481378]]]}},{"type":"Feature","properties":{"height":40.0},"geometry":{"type":"Polygon","coordinates":[[[54.384654,24.481575],[54.384409,24.481405],[54.384255,24.481589],[54.3845,24.481759],[54.384654,24.481575]]]}},{"type":"Feature","properties":{"height":40.0},"geometry":{"type":"Polygon","coordinates":[[[54.383458,24.481499],[54.383212,24.48133],[54.383059,24.481513],[54.383304,24.481683],[54.383458,24.481499]]]}},{"type":"Feature","properties":{"height":40.0},"geometry":{"type":"Polygon","coordinates":[[[54.384851,24.481347],[54.384606,24.481177],[54.384452,24.481361],[54.384698,24.481531],[54.384851,24.481347]]]}},{"type":"Feature","properties":{"height":40.0},"geometry":{"type":"Polygon","coordinates":[[[54.384405,24.481362],[54.384167,24.481193],[54.383982,24.481414],[54.384217,24.481577],[54.384405,24.481362]]]}},{"type":"Feature","properties":{"height":40.0},"geometry":{"type":"Polygon","coordinates":[[[54.383198,24.481319],[54.382952,24.481149],[54.382799,24.481333],[54.383044,24.481503],[54.383198,24.481319]]]}},{"type":"Feature","properties":{"height":40.0},"geometry":{"type":"Polygon","coordinates":[[[54.384608,24.48112],[54.384371,24.480951],[54.384185,24.481172],[54.38442,24.481335],[54.384608,24.48112]]]}},{"type":"Feature","properties":{"height":40.0},"geometry":{"type":"Polygon","coordinates":[[[54.384323,24.480943],[54.384086,24.480774],[54.3839,24.480996],[54.384135,24.481158],[54.384323,24.480943]]]}},{"type":"Feature","properties":{"height":40.0},"geometry":{"type":"Polygon","coordinates":[[[54.382433,24.481027],[54.382428,24.481061],[54.382617,24.481083],[54.382649,24.480863],[54.382257,24.480817],[54.382231,24.481003],[54.382433,24.481027]]]}},{"type":"Feature","properties":{"height":40.0},"geometry":{"type":"Polygon","coordinates":[[[54.3835,24.480992],[54.383244,24.480815],[54.383116,24.480968],[54.383372,24.481145],[54.3835,24.480992]]]}},{"type":"Feature","properties":{"height":40.0},"geometry":{"type":"Polygon","coordinates":[[[54.384736,24.480545],[54.384491,24.480366],[54.384372,24.480501],[54.384617,24.48068],[54.384736,24.480545]]]}},{"type":"Feature","properties":{"height":40.0},"geometry":{"type":"Polygon","coordinates":[[[54.383151,24.480498],[54.382916,24.480322],[54.382732,24.480525],[54.382968,24.480701],[54.383151,24.480498]]]}},{"type":"Feature","properties":{"height":40.0},"geometry":{"type":"Polygon","coordinates":[[[54.382675,24.480523],[54.38244,24.480347],[54.382256,24.480551],[54.382491,24.480727],[54.382675,24.480523]]]}},{"type":"Feature","properties":{"height":40.0},"geometry":{"type":"Polygon","coordinates":[[[54.383803,24.480567],[54.383565,24.480398],[54.383379,24.48062],[54.383615,24.480782],[54.383803,24.480567]]]}},{"type":"Feature","properties":{"height":12.0},"geometry":{"type":"Polygon","coordinates":[[[54.382352,24.480728],[54.382354,24.480796],[54.382411,24.480794],[54.382409,24.480726],[54.382352,24.480728]]]}},{"type":"Feature","properties":{"height":40.0},"geometry":{"type":"Polygon","coordinates":[[[54.382953,24.480744],[54.382717,24.480568],[54.382534,24.480772],[54.382769,24.480948],[54.382953,24.480744]]]}},{"type":"Feature","properties":{"height":12.8},"geometry":{"type":"Polygon","coordinates":[[[54.384991,24.480728],[54.384753,24.48056],[54.384641,24.48069],[54.384879,24.480859],[54.384991,24.480728]]]}},{"type":"Feature","properties":{"height":40.0},"geometry":{"type":"Polygon","coordinates":[[[54.38406,24.480767],[54.383822,24.480598],[54.383636,24.480819],[54.383871,24.480982],[54.38406,24.480767]]]}},{"type":"Feature","properties":{"height":12.0},"geometry":{"type":"Polygon","coordinates":[[[54.38362,24.48085],[54.383524,24.480754],[54.383399,24.480859],[54.383495,24.480954],[54.38362,24.48085]]]}},{"type":"Feature","properties":{"height":12.0},"geometry":{"type":"Polygon","coordinates":[[[54.382473,24.480773],[54.382475,24.480814],[54.382515,24.480813],[54.382514,24.480772],[54.382473,24.480773]]]}},{"type":"Feature","properties":{"height":12.0},"geometry":{"type":"Polygon","coordinates":[[[54.382103,24.480787],[54.38203,24.480869],[54.382118,24.480934],[54.382191,24.480852],[54.382103,24.480787]]]}},{"type":"Feature","properties":{"height":12.0},"geometry":{"type":"Polygon","coordinates":[[[54.381223,24.480761],[54.381063,24.480649],[54.380897,24.480845],[54.381057,24.480957],[54.381223,24.480761]]]}},{"type":"Feature","properties":{"height":40.0},"geometry":{"type":"Polygon","coordinates":[[[54.379566,24.48067],[54.379524,24.48064],[54.379555,24.480604],[54.37945,24.480531],[54.379208,24.480817],[54.379335,24.480907],[54.379438,24.480785],[54.37948,24.480815],[54.379446,24.480856],[54.379567,24.480941],[54.379832,24.480629],[54.379687,24.480528],[54.379566,24.48067]]]}},{"type":"Feature","properties":{"height":12.0},"geometry":{"type":"Polygon","coordinates":[[[54.382265,24.480813],[54.382268,24.480698],[54.382185,24.480697],[54.382182,24.480811],[54.382265,24.480813]]]}},{"type":"Feature","properties":{"height":12.0},"geometry":{"type":"Polygon","coordinates":[[[54.380315,24.480447],[54.380242,24.480395],[54.380002,24.480674],[54.380074,24.480726],[54.380315,24.480447]]]}},{"type":"Feature","properties":{"height":12.0},"geometry":{"type":"Polygon","coordinates":[[[54.381003,24.480613],[54.380843,24.4805],[54.380677,24.480697],[54.380837,24.480809],[54.381003,24.480613]]]}},{"type":"Feature","properties":{"height":22.4},"geometry":{"type":"Polygon","coordinates":[[[54.37801,24.48067],[54.37789,24.48056],[54.377721,24.480713],[54.377841,24.480823],[54.37801,24.48067]]]}},{"type":"Feature","properties":{"height":12.0},"geometry":{"type":"Polygon","coordinates":[[[54.380823,24.480878],[54.380663,24.480766],[54.380497,24.480962],[54.380657,24.481075],[54.380823,24.480878]]]}},{"type":"Feature","properties":{"height":40.0},"geometry":{"type":"Polygon","coordinates":[[[54.381503,24.480947],[54.381265,24.480779],[54.381079,24.481],[54.381315,24.481162],[54.381503,24.480947]]]}},{"type":"Feature","properties":{"height":12.0},"geometry":{"type":"Polygon","coordinates":[[[54.380486,24.480968],[54.380458,24.481003],[54.380506,24.481035],[54.380534,24.481001],[54.380486,24.480968]]]}},{"type":"Feature","properties":{"height":40.0},"geometry":{"type":"Polygon","coordinates":[[[54.379787,24.481244],[54.379958,24.481057],[54.379724,24.480881],[54.379553,24.481068],[54.379787,24.481244]]]}},{"type":"Feature","properties":{"height":12.0},"geometry":{"type":"Polygon","coordinates":[[[54.381022,24.481025],[54.380862,24.480913],[54.380696,24.481109],[54.380856,24.481221],[54.381022,24.481025]]]}},{"type":"Feature","properties":{"height":40.0},"geometry":{"type":"Polygon","coordinates":[[[54.381764,24.48112],[54.381527,24.480951],[54.381341,24.481172],[54.381576,24.481335],[54.381764,24.48112]]]}},{"type":"Feature","properties":{"height":12.0},"geometry":{"type":"Polygon","coordinates":[[[54.380608,24.481113],[54.380447,24.481001],[54.380281,24.481198],[54.380442,24.48131],[54.380608,24.481113]]]}},{"type":"Feature","properties":{"height":12.0},"geometry":{"type":"Polygon","coordinates":[[[54.378954,24.481053],[54.378863,24.481163],[54.379052,24.481293],[54.379143,24.481182],[54.378954,24.481053]]]}},{"type":"Feature","properties":{"height":22.4},"geometry":{"type":"Polygon","coordinates":[[[54.378831,24.479933],[54.378693,24.479808],[54.378523,24.479963],[54.378661,24.480088],[54.378831,24.479933]]]}},{"type":"Feature","properties":{"height":40.0},"geometry":{"type":"Polygon","coordinates":[[[54.381677,24.479845],[54.381497,24.47971],[54.381326,24.479899],[54.381505,24.480034],[54.381677,24.479845]]]}},{"type":"Feature","properties":{"height":12.0},"geometry":{"type":"Polygon","coordinates":[[[54.380394,24.479808],[54.380299,24.479913],[54.380484,24.480051],[54.380579,24.479946],[54.380394,24.479808]]]}},{"type":"Feature","properties":{"height":40.0},"geometry":{"type":"Polygon","coordinates":[[[54.381875,24.479991],[54.381696,24.479856],[54.381524,24.480046],[54.381703,24.480181],[54.381875,24.479991]]]}},{"type":"Feature","properties":{"height":12.0},"geometry":{"type":"Polygon","coordinates":[[[54.382206,24.480144],[54.382283,24.48005],[54.3822,24.479994],[54.382123,24.480087],[54.382206,24.480144]]]}},{"type":"Feature","properties":{"height":40.0},"geometry":{"type":"Polygon","coordinates":[[[54.381464,24.480095],[54.381285,24.479961],[54.381113,24.48015],[54.381292,24.480285],[54.381464,24.480095]]]}},{"type":"Feature","properties":{"height":22.4},"geometry":{"type":"Polygon","coordinates":[[[54.378502,24.480238],[54.378635,24.480118],[54.378493,24.479989],[54.378387,24.480085],[54.378309,24.480157],[54.37845,24.480285],[54.378502,24.480238]]]}},{"type":"Feature","properties":{"height":22.4},"geometry":{"type":"Polygon","coordinates":[[[54.37822,24.480473],[54.37808,24.48035],[54.378036,24.480391],[54.377897,24.48052],[54.378037,24.480644],[54.37822,24.480473]]]}},{"type":"Feature","properties":{"height":12.0},"geometry":{"type":"Polygon","coordinates":[[[54.380069,24.480502],[54.380219,24.480322],[54.380061,24.480214],[54.379911,24.480393],[54.380069,24.480502]]]}},{"type":"Feature","properties":{"height":12.0},"geometry":{"type":"Polygon","coordinates":[[[54.379726,24.480356],[54.379668,24.480419],[54.379941,24.480625],[54.379999,24.480561],[54.379726,24.480356]]]}},{"type":"Feature","properties":{"height":40.0},"geometry":{"type":"Polygon","coordinates":[[[54.382069,24.480516],[54.3817,24.480241],[54.381517,24.480452],[54.381914,24.480716],[54.382069,24.480516]]]}},{"type":"Feature","properties":{"height":40.0},"geometry":{"type":"Polygon","coordinates":[[[54.38167,24.480221],[54.38149,24.480086],[54.381319,24.480275],[54.381498,24.48041],[54.38167,24.480221]]]}},{"type":"Feature","properties":{"height":12.0},"geometry":{"type":"Polygon","coordinates":[[[54.38059,24.480132],[54.380512,24.480076],[54.380273,24.480352],[54.380351,24.480408],[54.38059,24.480132]]]}},{"type":"Feature","properties":{"height":12.0},"geometry":{"type":"Polygon","coordinates":[[[54.380104,24.480113],[54.380026,24.480057],[54.379795,24.480325],[54.379874,24.48038],[54.380104,24.480113]]]}},{"type":"Feature","properties":{"height":40.0},"geometry":{"type":"Polygon","coordinates":[[[54.380411,24.480083],[54.380249,24.479972],[54.380066,24.480192],[54.380228,24.480303],[54.380411,24.480083]]]}},{"type":"Feature","properties":{"height":9.6},"geometry":{"type":"Polygon","coordinates":[[[54.384211,24.480161],[54.383966,24.479982],[54.383847,24.480117],[54.384091,24.480296],[54.384211,24.480161]]]}},{"type":"Feature","properties":{"height":40.0},"geometry":{"type":"Polygon","coordinates":[[[54.38335,24.480257],[54.383114,24.480081],[54.382931,24.480284],[54.383166,24.48046],[54.38335,24.480257]]]}},{"type":"Feature","properties":{"height":40.0},"geometry":{"type":"Polygon","coordinates":[[[54.382873,24.4803],[54.382638,24.480124],[54.382454,24.480328],[54.38269,24.480504],[54.382873,24.4803]]]}},{"type":"Feature","properties":{"height":9.6},"geometry":{"type":"Polygon","coordinates":[[[54.38447,24.48035],[54.384225,24.480171],[54.384105,24.480306],[54.38435,24.480485],[54.38447,24.48035]]]}},{"type":"Feature","properties":{"height":40.0},"geometry":{"type":"Polygon","coordinates":[[[54.383086,24.480049],[54.382851,24.479873],[54.382667,24.480077],[54.382902,24.480253],[54.383086,24.480049]]]}},{"type":"Feature","properties":{"height":40.0},"geometry":{"type":"Polygon","coordinates":[[[54.383946,24.479972],[54.383701,24.479792],[54.383582,24.479927],[54.383826,24.480107],[54.383946,24.479972]]]}},{"type":"Feature","properties":{"height":40.0},"geometry":{"type":"Polygon","coordinates":[[[54.382827,24.479867],[54.382591,24.479691],[54.382408,24.479894],[54.382643,24.48007],[54.382827,24.479867]]]}},{"type":"Feature","properties":{"height":60.0},"geometry":{"type":"Polygon","coordinates":[[[54.405002,24.480933],[54.40512,24.480847],[54.405129,24.480857],[54.405239,24.480777],[54.405221,24.480756],[54.405285,24.480709],[54.405345,24.480777],[54.405368,24.48076],[54.405389,24.480784],[54.405508,24.480697],[54.405367,24.480537],[54.405263,24.480613],[54.405173,24.48051],[54.405027,24.480617],[54.404982,24.480566],[54.404751,24.480736],[54.404947,24.480958],[54.404995,24.480924],[54.405002,24.480933]]]}},{"type":"Feature","properties":{"height":12.0},"geometry":{"type":"Polygon","coordinates":[[[54.404697,24.481102],[54.40464,24.481125],[54.404658,24.48116],[54.404714,24.481136],[54.404697,24.481102]]]}},{"type":"Feature","properties":{"height":40.0},"geometry":{"type":"Polygon","coordinates":[[[54.406368,24.480461],[54.406291,24.480385],[54.406233,24.480433],[54.406308,24.480507],[54.406263,24.480544],[54.406226,24.480507],[54.406171,24.480554],[54.406214,24.480596],[54.406255,24.480562],[54.406437,24.480741],[54.406583,24.480618],[54.406482,24.480519],[54.406398,24.480436],[54.406368,24.480461]]]}},{"type":"Feature","properties":{"height":12.0},"geometry":{"type":"Polygon","coordinates":[[[54.406136,24.480569],[54.406217,24.480515],[54.406185,24.480475],[54.406104,24.480529],[54.406136,24.480569]]]}},{"type":"Feature","properties":{"height":12.0},"geometry":{"type":"Polygon","coordinates":[[[54.406523,24.480297],[54.406404,24.480249],[54.406365,24.480328],[54.406484,24.480376],[54.406523,24.480297]]]}},{"type":"Feature","properties":{"height":12.0},"geometry":{"type":"Polygon","coordinates":[[[54.406444,24.48045],[54.406479,24.480403],[54.406349,24.480324],[54.406297,24.480395],[54.406379,24.480445],[54.406396,24.480421],[54.406444,24.48045]]]}},{"type":"Feature","properties":{"height":12.0},"geometry":{"type":"Polygon","coordinates":[[[54.406264,24.480477],[54.406226,24.480438],[54.406187,24.480469],[54.406224,24.480508],[54.406264,24.480477]]]}},{"type":"Feature","properties":{"height":12.0},"geometry":{"type":"Polygon","coordinates":[[[54.405699,24.480497],[54.405775,24.48046],[54.405748,24.480415],[54.405672,24.480452],[54.405699,24.480497]]]}},{"type":"Feature","properties":{"height":60.0},"geometry":{"type":"Polygon","coordinates":[[[54.405776,24.479976],[54.405813,24.480035],[54.405737,24.480075],[54.4058,24.480173],[54.405816,24.480165],[54.405905,24.480306],[54.406136,24.480184],[54.406141,24.480191],[54.406324,24.480095],[54.406255,24.479987],[54.40643,24.479895],[54.406373,24.479805],[54.406268,24.479861],[54.406249,24.479829],[54.406281,24.479812],[54.406176,24.479648],[54.405927,24.479779],[54.405983,24.479867],[54.405776,24.479976]]]}},{"type":"Feature","properties":{"height":12.0},"geometry":{"type":"Polygon","coordinates":[[[54.406771,24.479935],[54.406679,24.480012],[54.406743,24.480076],[54.406836,24.48],[54.406771,24.479935]]]}},{"type":"Feature","properties":{"height":12.0},"geometry":{"type":"Polygon","coordinates":[[[54.410524,24.48008],[54.410593,24.480014],[54.410443,24.479885],[54.410374,24.479952],[54.410524,24.48008]]]}},{"type":"Feature","properties":{"height":12.0},"geometry":{"type":"Polygon","coordinates":[[[54.420695,24.480334],[54.420696,24.480302],[54.420661,24.480301],[54.420658,24.480379],[54.420901,24.480388],[54.420903,24.480342],[54.420695,24.480334]]]}},{"type":"Feature","properties":{"height":12.0},"geometry":{"type":"Polygon","coordinates":[[[54.42066,24.480236],[54.420569,24.480232],[54.420562,24.480364],[54.420653,24.480368],[54.42066,24.480236]]]}},{"type":"Feature","properties":{"height":12.0},"geometry":{"type":"Polygon","coordinates":[[[54.418942,24.480131],[54.41898,24.480132],[54.418981,24.480071],[54.418944,24.48007],[54.418942,24.480131]]]}},{"type":"Feature","properties":{"height":12.0},"geometry":{"type":"Polygon","coordinates":[[[54.418873,24.480042],[54.418867,24.480078],[54.418932,24.480088],[54.418939,24.480052],[54.418873,24.480042]]]}},{"type":"Feature","properties":{"height":12.0},"geometry":{"type":"Polygon","coordinates":[[[54.419929,24.480822],[54.419923,24.480877],[54.419987,24.480883],[54.419993,24.480828],[54.419929,24.480822]]]}},{"type":"Feature","properties":{"height":12.0},"geometry":{"type":"Polygon","coordinates":[[[54.418733,24.481824],[54.41873,24.481743],[54.418675,24.481744],[54.418672,24.481686],[54.418544,24.481691],[54.41855,24.481831],[54.418733,24.481824]]]}},{"type":"Feature","properties":{"height":12.0},"geometry":{"type":"Polygon","coordinates":[[[54.4193,24.481784],[54.419322,24.48163],[54.418982,24.481589],[54.41896,24.481742],[54.4193,24.481784]]]}},{"type":"Feature","properties":{"height":12.0},"geometry":{"type":"Polygon","coordinates":[[[54.418898,24.481561],[54.418579,24.481524],[54.41856,24.481659],[54.41888,24.481695],[54.418898,24.481561]]]}},{"type":"Feature","properties":{"height":12.0},"geometry":{"type":"Polygon","coordinates":[[[54.419748,24.48167],[54.419421,24.481631],[54.419401,24.481768],[54.419728,24.481807],[54.419748,24.48167]]]}},{"type":"Feature","properties":{"height":12.0},"geometry":{"type":"Polygon","coordinates":[[[54.42007,24.481706],[54.420064,24.481769],[54.420125,24.481774],[54.420131,24.481711],[54.42007,24.481706]]]}},{"type":"Feature","properties":{"height":12.0},"geometry":{"type":"Polygon","coordinates":[[[54.4202,24.481772],[54.420202,24.48172],[54.420134,24.481718],[54.420132,24.481769],[54.4202,24.481772]]]}},{"type":"Feature","properties":{"height":40.0},"geometry":{"type":"Polygon","coordinates":[[[54.420621,24.481788],[54.420283,24.481748],[54.42026,24.481911],[54.420597,24.481951],[54.420621,24.481788]]]}},{"type":"Feature","properties":{"height":12.0},"geometry":{"type":"Polygon","coordinates":[[[54.420715,24.481813],[54.420707,24.481946],[54.421032,24.481962],[54.42104,24.48183],[54.420715,24.481813]]]}},{"type":"Feature","properties":{"height":12.0},"geometry":{"type":"Polygon","coordinates":[[[54.420171,24.481889],[54.419851,24.481856],[54.419834,24.481991],[54.420155,24.482024],[54.420171,24.481889]]]}},{"type":"Feature","properties":{"height":12.0},"geometry":{"type":"Polygon","coordinates":[[[54.418573,24.481898],[54.418529,24.481901],[54.41853,24.481923],[54.418575,24.48192],[54.418573,24.481898]]]}},{"type":"Feature","properties":{"height":12.0},"geometry":{"type":"Polygon","coordinates":[[[54.418868,24.481775],[54.418826,24.48177],[54.418813,24.48185],[54.418855,24.481855],[54.418868,24.481775]]]}},{"type":"Feature","properties":{"height":40.0},"geometry":{"type":"Polygon","coordinates":[[[54.411024,24.481756],[54.411121,24.481663],[54.411198,24.48173],[54.411169,24.481758],[54.411214,24.481796],[54.41124,24.481771],[54.411321,24.481841],[54.411222,24.481936],[54.411307,24.482009],[54.411484,24.481839],[54.411116,24.48152],[54.410943,24.481686],[54.411024,24.481756]]]}},{"type":"Feature","properties":{"height":12.0},"geometry":{"type":"Polygon","coordinates":[[[54.410916,24.481829],[54.410945,24.481801],[54.410906,24.481767],[54.410876,24.481795],[54.410916,24.481829]]]}},{"type":"Feature","properties":{"height":12.0},"geometry":{"type":"Polygon","coordinates":[[[54.411398,24.482052],[54.41132,24.482132],[54.411351,24.482158],[54.41143,24.482077],[54.411398,24.482052]]]}},{"type":"Feature","properties":{"height":40.0},"geometry":{"type":"Polygon","coordinates":[[[54.412739,24.481932],[54.412378,24.481741],[54.412202,24.482016],[54.412563,24.482207],[54.412739,24.481932]]]}},{"type":"Feature","properties":{"height":12.0},"geometry":{"type":"Polygon","coordinates":[[[54.418765,24.482454],[54.418784,24.482322],[54.41846,24.482285],[54.418442,24.482417],[54.418765,24.482454]]]}},{"type":"Feature","properties":{"height":12.0},"geometry":{"type":"Polygon","coordinates":[[[54.418842,24.482331],[54.418821,24.482465],[54.419142,24.482506],[54.419163,24.482372],[54.418842,24.482331]]]}},{"type":"Feature","properties":{"height":12.0},"geometry":{"type":"Polygon","coordinates":[[[54.418814,24.482496],[54.418805,24.482555],[54.419127,24.482596],[54.419136,24.482537],[54.418814,24.482496]]]}},{"type":"Feature","properties":{"height":12.0},"geometry":{"type":"Polygon","coordinates":[[[54.418434,24.482447],[54.418417,24.482581],[54.418743,24.482614],[54.41876,24.48248],[54.418434,24.482447]]]}},{"type":"Feature","properties":{"height":40.0},"geometry":{"type":"Polygon","coordinates":[[[54.419212,24.482394],[54.419192,24.482579],[54.419525,24.482609],[54.419545,24.482424],[54.419212,24.482394]]]}},{"type":"Feature","properties":{"height":40.0},"geometry":{"type":"Polygon","coordinates":[[[54.419816,24.482661],[54.420152,24.482694],[54.420176,24.482499],[54.41984,24.482465],[54.419816,24.482661]]]}},{"type":"Feature","properties":{"height":12.0},"geometry":{"type":"Polygon","coordinates":[[[54.420906,24.482665],[54.420916,24.482582],[54.420606,24.482548],[54.420604,24.482565],[54.420605,24.482565],[54.420596,24.482634],[54.420595,24.482634],[54.420587,24.482694],[54.420895,24.482727],[54.420903,24.482665],[54.420906,24.482665]]]}},{"type":"Feature","properties":{"height":12.0},"geometry":{"type":"Polygon","coordinates":[[[54.420223,24.482516],[54.420209,24.482647],[54.420531,24.482676],[54.420545,24.482545],[54.420223,24.482516]]]}},{"type":"Feature","properties":{"height":12.0},"geometry":{"type":"Polygon","coordinates":[[[54.420945,24.482404],[54.420635,24.482364],[54.420616,24.482487],[54.420926,24.482526],[54.420945,24.482404]]]}},{"type":"Feature","properties":{"height":12.0},"geometry":{"type":"Polygon","coordinates":[[[54.42058,24.482347],[54.420258,24.482308],[54.420239,24.48244],[54.420561,24.482479],[54.42058,24.482347]]]}},{"type":"Feature","properties":{"height":12.0},"geometry":{"type":"Polygon","coordinates":[[[54.419561,24.482349],[54.419372,24.482333],[54.419365,24.482406],[54.419551,24.482421],[54.419537,24.482567],[54.419598,24.482572],[54.419637,24.482182],[54.419579,24.482177],[54.419561,24.482349]]]}},{"type":"Feature","properties":{"height":12.0},"geometry":{"type":"Polygon","coordinates":[[[54.419661,24.482112],[54.419648,24.482184],[54.419722,24.482194],[54.419735,24.482123],[54.419661,24.482112]]]}},{"type":"Feature","properties":{"height":12.0},"geometry":{"type":"Polygon","coordinates":[[[54.419746,24.482179],[54.4198,24.482179],[54.4198,24.48213],[54.419747,24.48213],[54.419746,24.482179]]]}},{"type":"Feature","properties":{"height":12.0},"geometry":{"type":"Polygon","coordinates":[[[54.419663,24.48224],[54.419714,24.482238],[54.419713,24.4822],[54.419662,24.482202],[54.419663,24.48224]]]}},{"type":"Feature","properties":{"height":12.0},"geometry":{"type":"Polygon","coordinates":[[[54.419732,24.482203],[54.419723,24.48224],[54.419837,24.482261],[54.419845,24.482224],[54.419732,24.482203]]]}},{"type":"Feature","properties":{"height":12.0},"geometry":{"type":"Polygon","coordinates":[[[54.42027,24.482219],[54.42026,24.482281],[54.420578,24.482324],[54.420588,24.482262],[54.42027,24.482219]]]}},{"type":"Feature","properties":{"height":12.0},"geometry":{"type":"Polygon","coordinates":[[[54.420657,24.482212],[54.420643,24.482332],[54.420954,24.482361],[54.420967,24.48224],[54.420657,24.482212]]]}},{"type":"Feature","properties":{"height":40.0},"geometry":{"type":"Polygon","coordinates":[[[54.420191,24.482427],[54.420215,24.482222],[54.419879,24.482189],[54.419855,24.482394],[54.420191,24.482427]]]}},{"type":"Feature","properties":{"height":40.0},"geometry":{"type":"Polygon","coordinates":[[[54.419255,24.482114],[54.419228,24.482308],[54.419559,24.482347],[54.419586,24.482153],[54.419255,24.482114]]]}},{"type":"Feature","properties":{"height":12.0},"geometry":{"type":"Polygon","coordinates":[[[54.418494,24.482084],[54.418475,24.482211],[54.418798,24.482252],[54.418817,24.482124],[54.418494,24.482084]]]}},{"type":"Feature","properties":{"height":12.0},"geometry":{"type":"Polygon","coordinates":[[[54.419207,24.482064],[54.418884,24.482029],[54.418874,24.482108],[54.419196,24.482143],[54.419207,24.482064]]]}},{"type":"Feature","properties":{"height":12.0},"geometry":{"type":"Polygon","coordinates":[[[54.418821,24.482062],[54.418837,24.481991],[54.418801,24.481985],[54.418785,24.482055],[54.418821,24.482062]]]}},{"type":"Feature","properties":{"height":12.0},"geometry":{"type":"Polygon","coordinates":[[[54.419294,24.481947],[54.419275,24.482078],[54.4196,24.482116],[54.419618,24.481986],[54.419294,24.481947]]]}},{"type":"Feature","properties":{"height":12.0},"geometry":{"type":"Polygon","coordinates":[[[54.419837,24.482116],[54.419835,24.482019],[54.419674,24.482022],[54.419676,24.482118],[54.419837,24.482116]]]}},{"type":"Feature","properties":{"height":12.0},"geometry":{"type":"Polygon","coordinates":[[[54.420207,24.482195],[54.420228,24.482064],[54.419907,24.482023],[54.419887,24.482154],[54.420207,24.482195]]]}},{"type":"Feature","properties":{"height":12.0},"geometry":{"type":"Polygon","coordinates":[[[54.420468,24.48202],[54.420378,24.481999],[54.420353,24.482089],[54.420444,24.482109],[54.420468,24.48202]]]}},{"type":"Feature","properties":{"height":12.0},"geometry":{"type":"Polygon","coordinates":[[[54.420697,24.48197],[54.420677,24.482093],[54.420987,24.482135],[54.421007,24.482012],[54.420697,24.48197]]]}},{"type":"Feature","properties":{"height":12.8},"geometry":{"type":"Polygon","coordinates":[[[54.380255,24.485783],[54.380077,24.485651],[54.37996,24.485781],[54.380137,24.485913],[54.380255,24.485783]]]}},{"type":"Feature","properties":{"height":22.4},"geometry":{"type":"Polygon","coordinates":[[[54.380454,24.485938],[54.380275,24.485807],[54.38018,24.485915],[54.380358,24.486046],[54.380454,24.485938]]]}},{"type":"Feature","properties":{"height":12.0},"geometry":{"type":"Polygon","coordinates":[[[54.381096,24.485835],[54.38104,24.485793],[54.38099,24.485848],[54.381046,24.48589],[54.381096,24.485835]]]}},{"type":"Feature","properties":{"height":12.8},"geometry":{"type":"Polygon","coordinates":[[[54.381613,24.485615],[54.381464,24.485787],[54.381603,24.485886],[54.381751,24.485714],[54.381613,24.485615]]]}},{"type":"Feature","properties":{"height":12.0},"geometry":{"type":"Polygon","coordinates":[[[54.380973,24.485564],[54.38079,24.485537],[54.380762,24.485697],[54.380945,24.485723],[54.380973,24.485564]]]}},{"type":"Feature","properties":{"height":22.4},"geometry":{"type":"Polygon","coordinates":[[[54.380053,24.485633],[54.379864,24.485497],[54.379747,24.485631],[54.379936,24.485767],[54.380053,24.485633]]]}},{"type":"Feature","properties":{"height":40.0},"geometry":{"type":"Polygon","coordinates":[[[54.384531,24.485723],[54.384349,24.485892],[54.384443,24.485969],[54.384706,24.485695],[54.384357,24.485404],[54.384087,24.485676],[54.384181,24.485751],[54.384351,24.485564],[54.384531,24.485723]]]}},{"type":"Feature","properties":{"height":40.0},"geometry":{"type":"Polygon","coordinates":[[[54.384095,24.485772],[54.383929,24.485946],[54.383751,24.4858],[54.383927,24.485626],[54.383833,24.485548],[54.38357,24.48582],[54.383925,24.486112],[54.384186,24.485842],[54.384095,24.485772]]]}},{"type":"Feature","properties":{"height":40.0},"geometry":{"type":"Polygon","coordinates":[[[54.384782,24.485761],[54.384518,24.486027],[54.384605,24.486101],[54.384775,24.485918],[54.384959,24.48607],[54.384783,24.486244],[54.384874,24.48632],[54.385139,24.486051],[54.384782,24.485761]]]}},{"type":"Feature","properties":{"height":40.0},"geometry":{"type":"Polygon","coordinates":[[[54.384563,24.48615],[54.384398,24.486329],[54.384218,24.486182],[54.384391,24.486004],[54.384301,24.485928],[54.384032,24.486202],[54.384391,24.486495],[54.384655,24.486223],[54.384563,24.48615]]]}},{"type":"Feature","properties":{"height":12.8},"geometry":{"type":"Polygon","coordinates":[[[54.380877,24.486206],[54.380689,24.486067],[54.380573,24.486197],[54.380761,24.486336],[54.380877,24.486206]]]}},{"type":"Feature","properties":{"height":12.8},"geometry":{"type":"Polygon","coordinates":[[[54.381285,24.485993],[54.381128,24.486171],[54.381268,24.486273],[54.381425,24.486095],[54.381285,24.485993]]]}},{"type":"Feature","properties":{"height":12.8},"geometry":{"type":"Polygon","coordinates":[[[54.381587,24.485901],[54.381446,24.4858],[54.381295,24.485975],[54.381435,24.486075],[54.381587,24.485901]]]}},{"type":"Feature","properties":{"height":12.8},"geometry":{"type":"Polygon","coordinates":[[[54.380677,24.486066],[54.380496,24.485937],[54.380384,24.486066],[54.380566,24.486196],[54.380677,24.486066]]]}},{"type":"Feature","properties":{"height":12.0},"geometry":{"type":"Polygon","coordinates":[[[54.37927,24.486243],[54.379211,24.486209],[54.379184,24.486248],[54.379244,24.486282],[54.37927,24.486243]]]}},{"type":"Feature","properties":{"height":60.0},"geometry":{"type":"Polygon","coordinates":[[[54.37878,24.486211],[54.378835,24.48614],[54.378537,24.485947],[54.377906,24.486755],[54.378181,24.486933],[54.378536,24.486478],[54.3786,24.486519],[54.37882,24.486237],[54.37878,24.486211]]]}},{"type":"Feature","properties":{"height":12.0},"geometry":{"type":"Polygon","coordinates":[[[54.378817,24.486542],[54.378744,24.486504],[54.378722,24.486539],[54.378795,24.486577],[54.378817,24.486542]]]}},{"type":"Feature","properties":{"height":12.0},"geometry":{"type":"Polygon","coordinates":[[[54.379577,24.486679],[54.379614,24.486619],[54.379571,24.486597],[54.379534,24.486657],[54.379577,24.486679]]]}},{"type":"Feature","properties":{"height":12.0},"geometry":{"type":"Polygon","coordinates":[[[54.383092,24.486354],[54.383103,24.486339],[54.383209,24.486405],[54.383225,24.486384],[54.383253,24.486401],[54.3833,24.486337],[54.383102,24.486215],[54.383028,24.486314],[54.383092,24.486354]]]}},{"type":"Feature","properties":{"height":40.0},"geometry":{"type":"Polygon","coordinates":[[[54.385539,24.486245],[54.385449,24.486329],[54.385417,24.486301],[54.385502,24.486217],[54.385451,24.486177],[54.385372,24.486252],[54.385333,24.486218],[54.385373,24.48618],[54.385332,24.486138],[54.385282,24.486184],[54.38524,24.486147],[54.385148,24.486236],[54.385543,24.486575],[54.385722,24.486403],[54.385539,24.486245]]]}},{"type":"Feature","properties":{"height":12.0},"geometry":{"type":"Polygon","coordinates":[[[54.387364,24.48671],[54.387265,24.486819],[54.387313,24.486855],[54.38741,24.486744],[54.387364,24.48671]]]}},{"type":"Feature","properties":{"height":40.0},"geometry":{"type":"Polygon","coordinates":[[[54.385516,24.486706],[54.385113,24.486646],[54.385057,24.486927],[54.385453,24.486989],[54.385516,24.486706]]]}},{"type":"Feature","properties":{"height":12.0},"geometry":{"type":"Polygon","coordinates":[[[54.387449,24.486816],[54.38738,24.486892],[54.387469,24.486958],[54.387539,24.486882],[54.387449,24.486816]]]}},{"type":"Feature","properties":{"height":12.0},"geometry":{"type":"Polygon","coordinates":[[[54.384102,24.48691],[54.384035,24.486988],[54.384223,24.487121],[54.384293,24.487043],[54.384102,24.48691]]]}},{"type":"Feature","properties":{"height":12.0},"geometry":{"type":"Polygon","coordinates":[[[54.384191,24.486806],[54.384124,24.486882],[54.384312,24.487017],[54.384381,24.486938],[54.384191,24.486806]]]}},{"type":"Feature","properties":{"height":12.0},"geometry":{"type":"Polygon","coordinates":[[[54.383157,24.486794],[54.383105,24.486857],[54.38315,24.486887],[54.383201,24.486825],[54.383157,24.486794]]]}},{"type":"Feature","properties":{"height":12.0},"geometry":{"type":"Polygon","coordinates":[[[54.379985,24.487024],[54.380019,24.486986],[54.379913,24.486908],[54.379879,24.486946],[54.379985,24.487024]]]}},{"type":"Feature","properties":{"height":12.0},"geometry":{"type":"Polygon","coordinates":[[[54.379977,24.486896],[54.38002,24.486919],[54.379999,24.486952],[54.380054,24.486981],[54.380082,24.486937],[54.379948,24.486866],[54.379927,24.486899],[54.379963,24.486918],[54.379977,24.486896]]]}},{"type":"Feature","properties":{"height":12.0},"geometry":{"type":"Polygon","coordinates":[[[54.37977,24.486934],[54.379606,24.486803],[54.379516,24.486896],[54.37968,24.487027],[54.37977,24.486934]]]}},{"type":"Feature","properties":{"height":12.0},"geometry":{"type":"Polygon","coordinates":[[[54.378328,24.486925],[54.378361,24.486946],[54.378443,24.486836],[54.378448,24.486839],[54.37851,24.486757],[54.378517,24.486762],[54.378587,24.486668],[54.378541,24.48664],[54.378328,24.486925]]]}},{"type":"Feature","properties":{"height":12.0},"geometry":{"type":"Polygon","coordinates":[[[54.379254,24.487922],[54.379153,24.487845],[54.379116,24.487885],[54.379217,24.487962],[54.379254,24.487922]]]}},{"type":"Feature","properties":{"height":19.2},"geometry":{"type":"Polygon","coordinates":[[[54.381912,24.487812],[54.381815,24.487921],[54.382036,24.488084],[54.382133,24.487976],[54.381912,24.487812]]]}},{"type":"Feature","properties":{"height":25.6},"geometry":{"type":"Polygon","coordinates":[[[54.381389,24.48804],[54.381192,24.487905],[54.381102,24.488013],[54.381299,24.488148],[54.381389,24.48804]]]}},{"type":"Feature","properties":{"height":40.0},"geometry":{"type":"Polygon","coordinates":[[[54.379183,24.488063],[54.378962,24.487917],[54.378836,24.488075],[54.379057,24.488221],[54.379183,24.488063]]]}},{"type":"Feature","properties":{"height":38.4},"geometry":{"type":"Polygon","coordinates":[[[54.380654,24.488314],[54.380501,24.488213],[54.380344,24.488411],[54.380497,24.488512],[54.380654,24.488314]]]}},{"type":"Feature","properties":{"height":35.2},"geometry":{"type":"Polygon","coordinates":[[[54.381113,24.488411],[54.380898,24.488256],[54.380789,24.48838],[54.381004,24.488536],[54.381113,24.488411]]]}},{"type":"Feature","properties":{"height":22.4},"geometry":{"type":"Polygon","coordinates":[[[54.382127,24.48838],[54.382008,24.488293],[54.38185,24.488474],[54.38197,24.48856],[54.382127,24.48838]]]}},{"type":"Feature","properties":{"height":28.8},"geometry":{"type":"Polygon","coordinates":[[[54.381804,24.488345],[54.381622,24.48821],[54.381531,24.488313],[54.381713,24.488447],[54.381804,24.488345]]]}},{"type":"Feature","properties":{"height":25.6},"geometry":{"type":"Polygon","coordinates":[[[54.382315,24.488179],[54.382197,24.488095],[54.382038,24.48828],[54.382156,24.488364],[54.382315,24.488179]]]}},{"type":"Feature","properties":{"height":22.4},"geometry":{"type":"Polygon","coordinates":[[[54.38082,24.488104],[54.380677,24.488008],[54.380515,24.488208],[54.380657,24.488304],[54.38082,24.488104]]]}},{"type":"Feature","properties":{"height":32.0},"geometry":{"type":"Polygon","coordinates":[[[54.381605,24.488191],[54.38141,24.488056],[54.381319,24.488164],[54.381514,24.488299],[54.381605,24.488191]]]}},{"type":"Feature","properties":{"height":12.0},"geometry":{"type":"Polygon","coordinates":[[[54.384155,24.488079],[54.384011,24.488245],[54.384088,24.4883],[54.384233,24.488134],[54.384155,24.488079]]]}},{"type":"Feature","properties":{"height":12.0},"geometry":{"type":"Polygon","coordinates":[[[54.384074,24.488454],[54.384166,24.488518],[54.38424,24.488431],[54.384229,24.488423],[54.384147,24.488367],[54.384074,24.488454]]]}},{"type":"Feature","properties":{"height":12.0},"geometry":{"type":"Polygon","coordinates":[[[54.385111,24.488432],[54.385056,24.488408],[54.385027,24.488464],[54.385082,24.488488],[54.385111,24.488432]]]}},{"type":"Feature","properties":{"height":12.0},"geometry":{"type":"Polygon","coordinates":[[[54.384297,24.488166],[54.384131,24.488356],[54.384147,24.488367],[54.384229,24.488423],[54.38439,24.488237],[54.384297,24.488166]]]}},{"type":"Feature","properties":{"height":40.0},"geometry":{"type":"Polygon","coordinates":[[[54.3861,24.488258],[54.386205,24.488335],[54.386173,24.488369],[54.386108,24.488321],[54.386055,24.488379],[54.386185,24.488481],[54.386334,24.488328],[54.386082,24.488145],[54.385948,24.4883],[54.386018,24.488354],[54.3861,24.488258]]]}},{"type":"Feature","properties":{"height":60.0},"geometry":{"type":"Polygon","coordinates":[[[54.38539,24.48828],[54.38548,24.488178],[54.385512,24.488201],[54.385607,24.488099],[54.385564,24.488067],[54.385602,24.488027],[54.385504,24.487955],[54.385521,24.487933],[54.38542,24.487862],[54.385368,24.487918],[54.385317,24.487884],[54.385015,24.488232],[54.385171,24.488347],[54.385131,24.488391],[54.38538,24.48857],[54.385542,24.488391],[54.38539,24.48828]]]}},{"type":"Feature","properties":{"height":12.0},"geometry":{"type":"Polygon","coordinates":[[[54.383733,24.488044],[54.38369,24.488085],[54.383731,24.488117],[54.383773,24.488077],[54.383733,24.488044]]]}},{"type":"Feature","properties":{"height":40.0},"geometry":{"type":"Polygon","coordinates":[[[54.383861,24.487795],[54.383691,24.487963],[54.383867,24.48811],[54.384038,24.487939],[54.383861,24.487795]]]}},{"type":"Feature","properties":{"height":40.0},"geometry":{"type":"Polygon","coordinates":[[[54.383736,24.487863],[54.383795,24.487805],[54.383806,24.487814],[54.383908,24.487709],[54.383768,24.487597],[54.383667,24.487699],[54.383723,24.487747],[54.383664,24.487806],[54.383643,24.487789],[54.383523,24.487909],[54.383624,24.487991],[54.383748,24.487874],[54.383736,24.487863]]]}},{"type":"Feature","properties":{"height":12.0},"geometry":{"type":"Polygon","coordinates":[[[54.383385,24.487633],[54.38323,24.487791],[54.383403,24.487933],[54.38356,24.487773],[54.383385,24.487633]]]}},{"type":"Feature","properties":{"height":40.0},"geometry":{"type":"Polygon","coordinates":[[[54.38469,24.487613],[54.384706,24.487592],[54.384597,24.487519],[54.384441,24.4877],[54.384467,24.487719],[54.38444,24.48775],[54.384414,24.487732],[54.384372,24.487783],[54.384458,24.487844],[54.384428,24.487881],[54.384339,24.487818],[54.384297,24.487867],[54.384389,24.487936],[54.384373,24.487956],[54.384479,24.488032],[54.38478,24.487679],[54.38469,24.487613]]]}},{"type":"Feature","properties":{"height":60.0},"geometry":{"type":"Polygon","coordinates":[[[54.386651,24.487474],[54.386809,24.48759],[54.386827,24.48776],[54.38697,24.487746],[54.386947,24.487591],[54.387058,24.487472],[54.387114,24.487405],[54.387136,24.487426],[54.387264,24.487411],[54.387253,24.487282],[54.387069,24.487297],[54.386903,24.487165],[54.386943,24.487126],[54.386854,24.487055],[54.386515,24.487435],[54.386613,24.487512],[54.386651,24.487474]]]}},{"type":"Feature","properties":{"height":40.0},"geometry":{"type":"Polygon","coordinates":[[[54.38414,24.487287],[54.383956,24.4875],[54.38413,24.487627],[54.38415,24.487603],[54.38414,24.487578],[54.384211,24.487572],[54.384219,24.487597],[54.384242,24.487613],[54.384381,24.487454],[54.38414,24.487287]]]}},{"type":"Feature","properties":{"height":40.0},"geometry":{"type":"Polygon","coordinates":[[[54.383447,24.487349],[54.383276,24.487525],[54.383101,24.487385],[54.383279,24.487209],[54.38318,24.487133],[54.382919,24.487403],[54.383275,24.487695],[54.383537,24.487425],[54.383447,24.487349]]]}},{"type":"Feature","properties":{"height":12.0},"geometry":{"type":"Polygon","coordinates":[[[54.383552,24.487465],[54.383397,24.487622],[54.38357,24.487765],[54.383724,24.487605],[54.383552,24.487465]]]}},{"type":"Feature","properties":{"height":35.2},"geometry":{"type":"Polygon","coordinates":[[[54.381183,24.487701],[54.381016,24.487586],[54.380855,24.487778],[54.381022,24.487894],[54.381183,24.487701]]]}},{"type":"Feature","properties":{"height":22.4},"geometry":{"type":"Polygon","coordinates":[[[54.381469,24.48751],[54.381371,24.487626],[54.381558,24.487756],[54.381656,24.48764],[54.381469,24.48751]]]}},{"type":"Feature","properties":{"height":25.6},"geometry":{"type":"Polygon","coordinates":[[[54.379207,24.48783],[54.37933,24.487689],[54.3793,24.487667],[54.379473,24.48747],[54.379086,24.48719],[54.379061,24.487219],[54.378887,24.487093],[54.37899,24.486976],[54.378791,24.486831],[54.378406,24.487271],[54.378264,24.487168],[54.378168,24.487278],[54.378119,24.487243],[54.378178,24.487176],[54.378058,24.487089],[54.378,24.487155],[54.377885,24.487071],[54.377786,24.487185],[54.37763,24.487072],[54.377712,24.486979],[54.377627,24.486917],[54.377437,24.487134],[54.377523,24.487197],[54.377592,24.487118],[54.377747,24.487231],[54.377662,24.487329],[54.377718,24.487369],[54.37767,24.487423],[54.377858,24.487559],[54.377901,24.48751],[54.377946,24.487543],[54.377857,24.487645],[54.378003,24.487751],[54.377913,24.487854],[54.377511,24.488312],[54.377709,24.488456],[54.378164,24.487937],[54.378221,24.487979],[54.377781,24.488482],[54.37789,24.488561],[54.378793,24.487529],[54.379207,24.48783]]]}},{"type":"Feature","properties":{"height":12.0},"geometry":{"type":"Polygon","coordinates":[[[54.379918,24.487102],[54.379954,24.487063],[54.37985,24.486984],[54.379814,24.487023],[54.379918,24.487102]]]}},{"type":"Feature","properties":{"height":12.0},"geometry":{"type":"Polygon","coordinates":[[[54.379885,24.487152],[54.379917,24.487111],[54.3798,24.487038],[54.379768,24.487079],[54.379885,24.487152]]]}},{"type":"Feature","properties":{"height":12.0},"geometry":{"type":"Polygon","coordinates":[[[54.37955,24.487187],[54.379516,24.487168],[54.379489,24.487206],[54.379523,24.487225],[54.37955,24.487187]]]}},{"type":"Feature","properties":{"height":40.0},"geometry":{"type":"Polygon","coordinates":[[[54.383074,24.487043],[54.382985,24.486973],[54.382813,24.487146],[54.382635,24.486999],[54.382814,24.486824],[54.38272,24.486746],[54.38245,24.48702],[54.382804,24.487315],[54.383074,24.487043]]]}},{"type":"Feature","properties":{"height":12.0},"geometry":{"type":"Polygon","coordinates":[[[54.384433,24.486972],[54.384364,24.487052],[54.38455,24.487188],[54.384621,24.487109],[54.384433,24.486972]]]}},{"type":"Feature","properties":{"height":12.0},"geometry":{"type":"Polygon","coordinates":[[[54.384013,24.487014],[54.383944,24.487093],[54.384133,24.487228],[54.384204,24.487148],[54.384013,24.487014]]]}},{"type":"Feature","properties":{"height":12.0},"geometry":{"type":"Polygon","coordinates":[[[54.384345,24.487076],[54.384275,24.487158],[54.38446,24.487295],[54.384536,24.487209],[54.384345,24.487076]]]}},{"type":"Feature","properties":{"height":12.0},"geometry":{"type":"Polygon","coordinates":[[[54.383834,24.487226],[54.383766,24.487304],[54.383952,24.487438],[54.384023,24.48736],[54.383834,24.487226]]]}},{"type":"Feature","properties":{"height":12.0},"geometry":{"type":"Polygon","coordinates":[[[54.384808,24.487298],[54.384731,24.487386],[54.384795,24.48743],[54.384873,24.487343],[54.384808,24.487298]]]}},{"type":"Feature","properties":{"height":12.0},"geometry":{"type":"Polygon","coordinates":[[[54.384446,24.487315],[54.384257,24.487181],[54.384184,24.487264],[54.384374,24.487398],[54.384446,24.487315]]]}},{"type":"Feature","properties":{"height":12.0},"geometry":{"type":"Polygon","coordinates":[[[54.383924,24.487119],[54.383855,24.487199],[54.384045,24.487334],[54.384114,24.487255],[54.383924,24.487119]]]}},{"type":"Feature","properties":{"height":12.0},"geometry":{"type":"Polygon","coordinates":[[[54.386453,24.486984],[54.386339,24.48711],[54.386425,24.487174],[54.386544,24.487055],[54.386453,24.486984]]]}},{"type":"Feature","properties":{"height":147.0},"geometry":{"type":"Polygon","coordinates":[[[54.394866,24.487404],[54.394906,24.48744],[54.394864,24.487477],[54.394986,24.48759],[54.39537,24.487249],[54.395338,24.487219],[54.395256,24.487186],[54.395144,24.487174],[54.395019,24.487192],[54.39497,24.487235],[54.395012,24.487275],[54.394866,24.487404]]]}},{"type":"Feature","properties":{"height":40.0},"geometry":{"type":"Polygon","coordinates":[[[54.394747,24.487473],[54.39462,24.487343],[54.394572,24.487382],[54.394555,24.487364],[54.394369,24.487515],[54.394513,24.487662],[54.394747,24.487473]]]}},{"type":"Feature","properties":{"height":141.0},"geometry":{"type":"Polygon","coordinates":[[[54.394793,24.488419],[54.394904,24.48833],[54.394968,24.488395],[54.395185,24.488219],[54.395111,24.488144],[54.395209,24.488065],[54.395036,24.487889],[54.394611,24.488232],[54.394793,24.488419]]]}},{"type":"Feature","properties":{"height":60.0},"geometry":{"type":"Polygon","coordinates":[[[54.394198,24.487939],[54.394521,24.488303],[54.394611,24.488232],[54.395036,24.487889],[54.394747,24.487473],[54.394198,24.487939]]]}},{"type":"Feature","properties":{"height":40.0},"geometry":{"type":"Polygon","coordinates":[[[54.394113,24.487773],[54.394066,24.487813],[54.394198,24.487939],[54.394424,24.487743],[54.394275,24.4876],[54.394095,24.487756],[54.394113,24.487773]]]}},{"type":"Feature","properties":{"height":60.0},"geometry":{"type":"Polygon","coordinates":[[[54.400196,24.489399],[54.400966,24.489714],[54.401757,24.489883],[54.4026,24.489943],[54.40288,24.489596],[54.402625,24.488136],[54.402288,24.488086],[54.401773,24.487981],[54.401144,24.487765],[54.400111,24.487303],[54.399543,24.486934],[54.399146,24.486636],[54.398968,24.486502],[54.397734,24.487851],[54.398874,24.488706],[54.400196,24.489399]]]}},{"type":"Feature","properties":{"height":60.0},"geometry":{"type":"Polygon","coordinates":[[[54.407318,24.487873],[54.406913,24.488103],[54.407192,24.488511],[54.407598,24.488281],[54.407318,24.487873]]]}},{"type":"Feature","properties":{"height":60.0},"geometry":{"type":"Polygon","coordinates":[[[54.406903,24.488107],[54.406497,24.488337],[54.406776,24.488745],[54.407182,24.488515],[54.406903,24.488107]]]}},{"type":"Feature","properties":{"height":60.0},"geometry":{"type":"Polygon","coordinates":[[[54.40936,24.487784],[54.408633,24.48819],[54.408609,24.488156],[54.40859,24.488122],[54.409363,24.48769],[54.409247,24.487364],[54.40914,24.487448],[54.409053,24.487508],[54.408884,24.487647],[54.408656,24.487803],[54.408334,24.48801],[54.40848,24.488244],[54.408637,24.488493],[54.409511,24.488057],[54.40936,24.487784]]]}},{"type":"Feature","properties":{"height":64.0},"geometry":{"type":"Polygon","coordinates":[[[54.405832,24.487429],[54.405686,24.487602],[54.405983,24.487822],[54.406127,24.487642],[54.405832,24.487429]]]}},{"type":"Feature","properties":{"height":60.0},"geometry":{"type":"Polygon","coordinates":[[[54.40032,24.486616],[54.400223,24.486739],[54.400169,24.486792],[54.400636,24.487122],[54.400754,24.487158],[54.400866,24.487117],[54.401207,24.486363],[54.400743,24.486123],[54.400631,24.486302],[54.400543,24.486389],[54.40032,24.486616]]]}},{"type":"Feature","properties":{"height":30.0},"geometry":{"type":"Polygon","coordinates":[[[54.404417,24.486697],[54.404408,24.486649],[54.404351,24.486594],[54.404229,24.486476],[54.404155,24.486392],[54.404107,24.486339],[54.40406,24.486285],[54.404023,24.48626],[54.403971,24.486254],[54.403234,24.486607],[54.403281,24.48673],[54.403416,24.487086],[54.403444,24.48716],[54.403478,24.487193],[54.40353,24.487207],[54.403767,24.487123],[54.404122,24.486933],[54.40439,24.486736],[54.404417,24.486697]],[[54.403947,24.486521],[54.404072,24.486675],[54.403843,24.486806],[54.403623,24.486912],[54.403554,24.486721],[54.403758,24.486626],[54.403947,24.486521]]]}},{"type":"Feature","properties":{"height":12.0},"geometry":{"type":"Polygon","coordinates":[[[54.389615,24.485699],[54.389693,24.485636],[54.389584,24.485525],[54.389443,24.485639],[54.389596,24.485795],[54.389659,24.485745],[54.389615,24.485699]]]}},{"type":"Feature","properties":{"height":12.0},"geometry":{"type":"Polygon","coordinates":[[[54.407605,24.486034],[54.4077,24.485931],[54.407651,24.485895],[54.407557,24.485997],[54.407605,24.486034]]]}},{"type":"Feature","properties":{"height":12.0},"geometry":{"type":"Polygon","coordinates":[[[54.406818,24.485672],[54.406859,24.48561],[54.406754,24.485552],[54.406713,24.485613],[54.406818,24.485672]]]}},{"type":"Feature","properties":{"height":64.0},"geometry":{"type":"Polygon","coordinates":[[[54.407454,24.485669],[54.407464,24.485677],[54.407456,24.485685],[54.407698,24.485879],[54.407889,24.48568],[54.407828,24.485631],[54.407809,24.485647],[54.407564,24.485445],[54.407378,24.485639],[54.407438,24.485686],[54.407454,24.485669]]]}},{"type":"Feature","properties":{"height":12.0},"geometry":{"type":"Polygon","coordinates":[[[54.408963,24.485678],[54.409042,24.485617],[54.409001,24.485574],[54.408922,24.485635],[54.408963,24.485678]]]}},{"type":"Feature","properties":{"height":12.0},"geometry":{"type":"Polygon","coordinates":[[[54.409136,24.485626],[54.409022,24.485692],[54.409129,24.485845],[54.409188,24.485811],[54.409107,24.485694],[54.409162,24.485662],[54.409136,24.485626]]]}},{"type":"Feature","properties":{"height":26.0},"geometry":{"type":"Polygon","coordinates":[[[54.410363,24.485619],[54.410402,24.485593],[54.410413,24.48552],[54.410404,24.485468],[54.410388,24.485446],[54.41025,24.485463],[54.41025,24.485424],[54.410362,24.485422],[54.410404,24.485395],[54.410434,24.485322],[54.410978,24.485104],[54.410804,24.484786],[54.410074,24.485144],[54.409836,24.485253],[54.409801,24.485318],[54.409673,24.485244],[54.409599,24.48533],[54.409528,24.485349],[54.409423,24.4854],[54.409337,24.485483],[54.4093,24.485577],[54.409298,24.485763],[54.409317,24.485856],[54.409397,24.485985],[54.409484,24.48606],[54.409624,24.486071],[54.409707,24.486047],[54.40979,24.485963],[54.409837,24.485885],[54.409867,24.485772],[54.409861,24.485668],[54.409829,24.485565],[54.409853,24.48555],[54.410504,24.486668],[54.410863,24.4865],[54.410363,24.485619]]]}},{"type":"Feature","properties":{"height":12.0},"geometry":{"type":"Polygon","coordinates":[[[54.411454,24.485589],[54.41135,24.48563],[54.411365,24.485661],[54.411468,24.48562],[54.411454,24.485589]]]}},{"type":"Feature","properties":{"height":12.0},"geometry":{"type":"Polygon","coordinates":[[[54.411471,24.485757],[54.411432,24.48566],[54.411375,24.485678],[54.411414,24.485776],[54.411471,24.485757]]]}},{"type":"Feature","properties":{"height":12.0},"geometry":{"type":"Polygon","coordinates":[[[54.417324,24.487723],[54.417238,24.487724],[54.417239,24.487769],[54.417325,24.487769],[54.417324,24.487723]]]}},{"type":"Feature","properties":{"height":40.0},"geometry":{"type":"Polygon","coordinates":[[[54.413283,24.487199],[54.413284,24.487227],[54.413107,24.487233],[54.413184,24.487452],[54.4134,24.487443],[54.413388,24.487195],[54.413283,24.487199]]]}},{"type":"Feature","properties":{"height":12.0},"geometry":{"type":"Polygon","coordinates":[[[54.415674,24.487726],[54.415671,24.487682],[54.415613,24.487685],[54.415615,24.487729],[54.415674,24.487726]]]}},{"type":"Feature","properties":{"height":40.0},"geometry":{"type":"Polygon","coordinates":[[[54.413521,24.487621],[54.413488,24.487622],[54.413484,24.487529],[54.413516,24.487528],[54.413513,24.487454],[54.413245,24.487464],[54.413256,24.48771],[54.413524,24.4877],[54.413521,24.487621]]]}},{"type":"Feature","properties":{"height":12.0},"geometry":{"type":"Polygon","coordinates":[[[54.413046,24.487541],[54.412959,24.487562],[54.413014,24.487751],[54.4131,24.487731],[54.413046,24.487541]]]}},{"type":"Feature","properties":{"height":12.0},"geometry":{"type":"Polygon","coordinates":[[[54.413587,24.48789],[54.413519,24.487893],[54.413522,24.487954],[54.41359,24.487952],[54.413587,24.48789]]]}},{"type":"Feature","properties":{"height":12.0},"geometry":{"type":"Polygon","coordinates":[[[54.41644,24.488121],[54.416593,24.488124],[54.416595,24.487977],[54.416443,24.487975],[54.41644,24.488121]]]}},{"type":"Feature","properties":{"height":12.0},"geometry":{"type":"Polygon","coordinates":[[[54.416245,24.48801],[54.416244,24.487954],[54.416008,24.487961],[54.41601,24.488017],[54.416245,24.48801]]]}},{"type":"Feature","properties":{"height":40.0},"geometry":{"type":"Polygon","coordinates":[[[54.415123,24.487771],[54.415123,24.487815],[54.415187,24.487815],[54.415187,24.488213],[54.41537,24.488213],[54.41537,24.487962],[54.415619,24.487961],[54.415619,24.487771],[54.415123,24.487771]]]}},{"type":"Feature","properties":{"height":12.0},"geometry":{"type":"Polygon","coordinates":[[[54.415997,24.487814],[54.416006,24.487944],[54.416262,24.487931],[54.416254,24.487801],[54.415997,24.487814]]]}},{"type":"Feature","properties":{"height":12.0},"geometry":{"type":"Polygon","coordinates":[[[54.415635,24.487942],[54.415702,24.487941],[54.415703,24.48797],[54.415751,24.487968],[54.415745,24.487766],[54.41563,24.487769],[54.415635,24.487942]]]}},{"type":"Feature","properties":{"height":12.0},"geometry":{"type":"Polygon","coordinates":[[[54.415137,24.487806],[54.415186,24.487804],[54.415185,24.487772],[54.415136,24.487774],[54.415137,24.487806]]]}},{"type":"Feature","properties":{"height":12.0},"geometry":{"type":"Polygon","coordinates":[[[54.415853,24.48779],[54.415885,24.487791],[54.415887,24.487747],[54.415855,24.487746],[54.415853,24.48779]]]}},{"type":"Feature","properties":{"height":12.0},"geometry":{"type":"Polygon","coordinates":[[[54.415996,24.487795],[54.416102,24.487798],[54.416103,24.487769],[54.415997,24.487765],[54.415996,24.487795]]]}},{"type":"Feature","properties":{"height":12.0},"geometry":{"type":"Polygon","coordinates":[[[54.416613,24.488021],[54.416666,24.48802],[54.416665,24.487971],[54.416611,24.487972],[54.416613,24.488021]]]}},{"type":"Feature","properties":{"height":12.0},"geometry":{"type":"Polygon","coordinates":[[[54.416615,24.488135],[54.416669,24.488133],[54.416665,24.488042],[54.416611,24.488044],[54.416615,24.488135]]]}},{"type":"Feature","properties":{"height":12.0},"geometry":{"type":"Polygon","coordinates":[[[54.416746,24.488148],[54.416701,24.488149],[54.416705,24.488242],[54.41675,24.488241],[54.416746,24.488148]]]}},{"type":"Feature","properties":{"height":12.0},"geometry":{"type":"Polygon","coordinates":[[[54.416684,24.488149],[54.416593,24.488148],[54.416591,24.488243],[54.416682,24.488244],[54.416684,24.488149]]]}},{"type":"Feature","properties":{"height":12.0},"geometry":{"type":"Polygon","coordinates":[[[54.416749,24.488305],[54.416748,24.488248],[54.416706,24.488248],[54.416706,24.488305],[54.416749,24.488305]]]}},{"type":"Feature","properties":{"height":12.0},"geometry":{"type":"Polygon","coordinates":[[[54.416596,24.488328],[54.41665,24.48833],[54.416654,24.488266],[54.4166,24.488263],[54.416596,24.488328]]]}},{"type":"Feature","properties":{"height":12.0},"geometry":{"type":"Polygon","coordinates":[[[54.416694,24.488407],[54.416723,24.488408],[54.416725,24.488369],[54.416695,24.488368],[54.416694,24.488407]]]}},{"type":"Feature","properties":{"height":12.0},"geometry":{"type":"Polygon","coordinates":[[[54.416694,24.488479],[54.416696,24.488436],[54.416652,24.488434],[54.416649,24.488477],[54.416694,24.488479]]]}},{"type":"Feature","properties":{"height":12.0},"geometry":{"type":"Polygon","coordinates":[[[54.416276,24.488277],[54.416236,24.488277],[54.416232,24.488489],[54.416527,24.488493],[54.416528,24.48842],[54.416348,24.488417],[54.416349,24.488388],[54.416274,24.488387],[54.416276,24.488277]]]}},{"type":"Feature","properties":{"height":12.0},"geometry":{"type":"Polygon","coordinates":[[[54.415432,24.488438],[54.415412,24.488438],[54.415411,24.488484],[54.415431,24.488484],[54.415432,24.488438]]]}},{"type":"Feature","properties":{"height":12.0},"geometry":{"type":"Polygon","coordinates":[[[54.414979,24.488475],[54.414976,24.488355],[54.414852,24.488358],[54.414856,24.488478],[54.414979,24.488475]]]}},{"type":"Feature","properties":{"height":12.0},"geometry":{"type":"Polygon","coordinates":[[[54.415566,24.488292],[54.415472,24.488296],[54.415474,24.488334],[54.415568,24.48833],[54.415566,24.488292]]]}},{"type":"Feature","properties":{"height":12.0},"geometry":{"type":"Polygon","coordinates":[[[54.415435,24.488313],[54.415318,24.488314],[54.415319,24.488397],[54.415436,24.488396],[54.415435,24.488313]]]}},{"type":"Feature","properties":{"height":12.0},"geometry":{"type":"Polygon","coordinates":[[[54.415602,24.488387],[54.415696,24.488385],[54.415695,24.488336],[54.415601,24.488338],[54.415602,24.488387]]]}},{"type":"Feature","properties":{"height":12.0},"geometry":{"type":"Polygon","coordinates":[[[54.41619,24.488385],[54.416187,24.488349],[54.416146,24.488352],[54.41615,24.488389],[54.41619,24.488385]]]}},{"type":"Feature","properties":{"height":12.0},"geometry":{"type":"Polygon","coordinates":[[[54.41571,24.4882],[54.415648,24.488202],[54.415652,24.488313],[54.415714,24.488311],[54.41571,24.4882]]]}},{"type":"Feature","properties":{"height":12.0},"geometry":{"type":"Polygon","coordinates":[[[54.416526,24.488234],[54.41658,24.488226],[54.416572,24.488179],[54.416518,24.488187],[54.416526,24.488234]]]}},{"type":"Feature","properties":{"height":12.0},"geometry":{"type":"Polygon","coordinates":[[[54.416526,24.488363],[54.416522,24.488295],[54.416505,24.488295],[54.416498,24.48818],[54.41658,24.488176],[54.416579,24.488153],[54.416604,24.488152],[54.416603,24.488132],[54.416422,24.48814],[54.416416,24.48802],[54.416335,24.488024],[54.416351,24.488306],[54.416475,24.488301],[54.416479,24.488365],[54.416526,24.488363]]]}},{"type":"Feature","properties":{"height":12.0},"geometry":{"type":"Polygon","coordinates":[[[54.414968,24.48833],[54.414972,24.488235],[54.414839,24.488231],[54.414836,24.488326],[54.414968,24.48833]]]}},{"type":"Feature","properties":{"height":60.0},"geometry":{"type":"Polygon","coordinates":[[[54.411356,24.488668],[54.411319,24.488851],[54.411174,24.48887],[54.411147,24.488931],[54.411198,24.488999],[54.411309,24.488996],[54.411433,24.489161],[54.411262,24.489253],[54.411314,24.489336],[54.412016,24.488946],[54.412063,24.489038],[54.411491,24.489354],[54.411585,24.489507],[54.411649,24.489483],[54.411713,24.489593],[54.411972,24.489642],[54.411955,24.489719],[54.41212,24.489755],[54.412285,24.489127],[54.412411,24.48913],[54.412493,24.489091],[54.412803,24.48968],[54.412956,24.4896],[54.412923,24.48955],[54.413136,24.489455],[54.413198,24.489316],[54.413261,24.489348],[54.413305,24.489173],[54.412655,24.488956],[54.41266,24.488896],[54.41288,24.488938],[54.413489,24.488848],[54.413445,24.488556],[54.412861,24.488626],[54.412817,24.488588],[54.412683,24.488658],[54.412595,24.488585],[54.412673,24.488545],[54.412558,24.488398],[54.412696,24.487969],[54.412784,24.487999],[54.412875,24.488042],[54.412969,24.488101],[54.413104,24.487954],[54.412932,24.487856],[54.412745,24.487759],[54.412516,24.487718],[54.412242,24.487705],[54.412264,24.487925],[54.412369,24.487934],[54.412384,24.487904],[54.412477,24.487913],[54.412339,24.488484],[54.412268,24.488496],[54.411981,24.487983],[54.412183,24.487944],[54.412174,24.487837],[54.412157,24.487708],[54.412019,24.48774],[54.411868,24.487782],[54.411582,24.487957],[54.411414,24.48813],[54.411571,24.488241],[54.411788,24.488064],[54.412028,24.488474],[54.411938,24.488729],[54.411214,24.488505],[54.411171,24.4886],[54.411356,24.488668]],[[54.412888,24.489394],[54.412827,24.489256],[54.412868,24.489146],[54.413063,24.489207],[54.413016,24.489333],[54.412888,24.489394]],[[54.411834,24.489464],[54.41175,24.489351],[54.411965,24.489228],[54.411962,24.489302],[54.412063,24.489323],[54.412026,24.489504],[54.411834,24.489464]]]}},{"type":"Feature","properties":{"height":12.0},"geometry":{"type":"Polygon","coordinates":[[[54.415543,24.488642],[54.415463,24.488644],[54.415465,24.488693],[54.415545,24.48869],[54.415543,24.488642]]]}},{"type":"Feature","properties":{"height":12.0},"geometry":{"type":"Polygon","coordinates":[[[54.415722,24.489146],[54.415771,24.489144],[54.415769,24.489103],[54.415719,24.489105],[54.415722,24.489146]]]}},{"type":"Feature","properties":{"height":12.0},"geometry":{"type":"Polygon","coordinates":[[[54.415873,24.489095],[54.415774,24.489101],[54.415777,24.489144],[54.415876,24.489139],[54.415873,24.489095]]]}},{"type":"Feature","properties":{"height":12.0},"geometry":{"type":"Polygon","coordinates":[[[54.415624,24.489052],[54.415683,24.489051],[54.415679,24.488851],[54.41562,24.488852],[54.415624,24.489052]]]}},{"type":"Feature","properties":{"height":12.0},"geometry":{"type":"Polygon","coordinates":[[[54.416252,24.488881],[54.416223,24.488882],[54.416227,24.488989],[54.416257,24.488988],[54.416252,24.488881]]]}},{"type":"Feature","properties":{"height":12.0},"geometry":{"type":"Polygon","coordinates":[[[54.416058,24.48884],[54.415999,24.488841],[54.416006,24.489041],[54.416065,24.48904],[54.416058,24.48884]]]}},{"type":"Feature","properties":{"height":12.0},"geometry":{"type":"Polygon","coordinates":[[[54.415835,24.489171],[54.415784,24.489169],[54.415782,24.48925],[54.415833,24.489251],[54.415835,24.489171]]]}},{"type":"Feature","properties":{"height":40.0},"geometry":{"type":"Polygon","coordinates":[[[54.416269,24.489586],[54.416267,24.489502],[54.415416,24.489523],[54.415421,24.489677],[54.416292,24.489655],[54.41629,24.489586],[54.416269,24.489586]]]}},{"type":"Feature","properties":{"height":12.0},"geometry":{"type":"Polygon","coordinates":[[[54.419166,24.489612],[54.419193,24.489609],[54.419183,24.489537],[54.419157,24.48954],[54.419166,24.489612]]]}},{"type":"Feature","properties":{"height":12.0},"geometry":{"type":"Polygon","coordinates":[[[54.419684,24.489774],[54.419563,24.489776],[54.419564,24.489821],[54.419685,24.489819],[54.419684,24.489774]]]}},{"type":"Feature","properties":{"height":12.0},"geometry":{"type":"Polygon","coordinates":[[[54.419661,24.489381],[54.419557,24.489378],[54.419554,24.489481],[54.419658,24.489483],[54.419661,24.489381]]]}},{"type":"Feature","properties":{"height":12.0},"geometry":{"type":"Polygon","coordinates":[[[54.419083,24.489425],[54.419077,24.489301],[54.418987,24.489305],[54.418994,24.489429],[54.419083,24.489425]]]}},{"type":"Feature","properties":{"height":12.0},"geometry":{"type":"Polygon","coordinates":[[[54.419432,24.489265],[54.41933,24.489268],[54.419331,24.489307],[54.419433,24.489303],[54.419432,24.489265]]]}},{"type":"Feature","properties":{"height":12.0},"geometry":{"type":"Polygon","coordinates":[[[54.41954,24.489259],[54.419482,24.489262],[54.419484,24.489303],[54.419542,24.4893],[54.41954,24.489259]]]}},{"type":"Feature","properties":{"height":12.0},"geometry":{"type":"Polygon","coordinates":[[[54.419694,24.489265],[54.419591,24.489266],[54.419592,24.48932],[54.419695,24.489319],[54.419694,24.489265]]]}},{"type":"Feature","properties":{"height":12.0},"geometry":{"type":"Polygon","coordinates":[[[54.419314,24.490275],[54.419239,24.490277],[54.41924,24.490311],[54.419315,24.490309],[54.419314,24.490275]]]}},{"type":"Feature","properties":{"height":12.0},"geometry":{"type":"Polygon","coordinates":[[[54.419579,24.490298],[54.419612,24.490293],[54.419605,24.490252],[54.419571,24.490258],[54.419579,24.490298]]]}},{"type":"Feature","properties":{"height":12.0},"geometry":{"type":"Polygon","coordinates":[[[54.419659,24.490172],[54.419611,24.490173],[54.419614,24.490294],[54.419662,24.490293],[54.419659,24.490172]]]}},{"type":"Feature","properties":{"height":12.0},"geometry":{"type":"Polygon","coordinates":[[[54.419432,24.490181],[54.419381,24.490183],[54.419387,24.490305],[54.419438,24.490303],[54.419432,24.490181]]]}},{"type":"Feature","properties":{"height":12.0},"geometry":{"type":"Polygon","coordinates":[[[54.412498,24.489945],[54.412428,24.489949],[54.412432,24.490011],[54.412502,24.490007],[54.412498,24.489945]]]}},{"type":"Feature","properties":{"height":12.0},"geometry":{"type":"Polygon","coordinates":[[[54.411148,24.490662],[54.411052,24.490661],[54.411051,24.490713],[54.411147,24.490714],[54.411148,24.490662]]]}},{"type":"Feature","properties":{"height":12.0},"geometry":{"type":"Polygon","coordinates":[[[54.411224,24.490888],[54.411224,24.490795],[54.411155,24.490795],[54.411155,24.490888],[54.411224,24.490888]]]}},{"type":"Feature","properties":{"height":12.0},"geometry":{"type":"Polygon","coordinates":[[[54.411221,24.490892],[54.411147,24.490894],[54.411148,24.490951],[54.411223,24.490949],[54.411221,24.490892]]]}},{"type":"Feature","properties":{"height":60.0},"geometry":{"type":"Polygon","coordinates":[[[54.413397,24.490975],[54.413113,24.490971],[54.413116,24.49081],[54.413411,24.490814],[54.413413,24.490645],[54.412924,24.490639],[54.412916,24.491132],[54.413395,24.491138],[54.413397,24.490975]]]}},{"type":"Feature","properties":{"height":12.0},"geometry":{"type":"Polygon","coordinates":[[[54.412828,24.491224],[54.412874,24.491226],[54.412875,24.491187],[54.412829,24.491185],[54.412828,24.491224]]]}},{"type":"Feature","properties":{"height":12.0},"geometry":{"type":"Polygon","coordinates":[[[54.408957,24.491234],[54.408949,24.491234],[54.408947,24.491294],[54.409008,24.491296],[54.409007,24.491323],[54.409219,24.491329],[54.409221,24.491262],[54.409268,24.491263],[54.409272,24.491156],[54.409037,24.491149],[54.409036,24.491182],[54.408959,24.49118],[54.408957,24.491234]]]}},{"type":"Feature","properties":{"height":40.0},"geometry":{"type":"Polygon","coordinates":[[[54.4106,24.490766],[54.410598,24.490812],[54.410416,24.490817],[54.410413,24.49103],[54.410699,24.491033],[54.410706,24.490766],[54.4106,24.490766]]]}},{"type":"Feature","properties":{"height":8.0},"geometry":{"type":"Polygon","coordinates":[[[54.394655,24.490384],[54.394497,24.490409],[54.394352,24.490468],[54.393441,24.491575],[54.393494,24.491719],[54.39383,24.491951],[54.395053,24.490483],[54.394882,24.49037],[54.394655,24.490384]]]}},{"type":"Feature","properties":{"height":147.0},"geometry":{"type":"Polygon","coordinates":[[[54.395282,24.491378],[54.395386,24.491452],[54.395487,24.491335],[54.395392,24.491267],[54.395435,24.491218],[54.395186,24.491038],[54.395007,24.491243],[54.395249,24.491417],[54.395282,24.491378]]]}},{"type":"Feature","properties":{"height":60.0},"geometry":{"type":"Polygon","coordinates":[[[54.392266,24.491484],[54.392502,24.49146],[54.392488,24.491342],[54.392607,24.49133],[54.392896,24.4913],[54.392869,24.491091],[54.392169,24.491164],[54.39221,24.49149],[54.392266,24.491484]]]}},{"type":"Feature","properties":{"height":10.0},"geometry":{"type":"Polygon","coordinates":[[[54.393976,24.491086],[54.394035,24.491],[54.394062,24.490901],[54.394054,24.490799],[54.394011,24.490704],[54.393938,24.490627],[54.393842,24.490574],[54.393734,24.490551],[54.393621,24.49056],[54.39352,24.490599],[54.393437,24.490665],[54.39338,24.49075],[54.393354,24.490847],[54.393362,24.490947],[54.393391,24.491011],[54.393403,24.491039],[54.393474,24.491116],[54.393566,24.49117],[54.393672,24.491195],[54.393785,24.491189],[54.393889,24.491152],[54.393976,24.491086]]]}},{"type":"Feature","properties":{"height":175.0},"geometry":{"type":"Polygon","coordinates":[[[54.395626,24.490818],[54.395387,24.490647],[54.395185,24.490879],[54.395424,24.49105],[54.395626,24.490818]]]}},{"type":"Feature","properties":{"height":15.0},"geometry":{"type":"Polygon","coordinates":[[[54.393354,24.490847],[54.39338,24.49075],[54.393437,24.490665],[54.39352,24.490599],[54.393621,24.49056],[54.393734,24.490551],[54.393803,24.490517],[54.39384,24.490494],[54.393978,24.490318],[54.393891,24.489814],[54.393513,24.489847],[54.393428,24.489796],[54.393237,24.48969],[54.392995,24.489698],[54.392899,24.490086],[54.392874,24.490123],[54.392856,24.490178],[54.392824,24.49022],[54.3928,24.490238],[54.392767,24.490289],[54.392729,24.490281],[54.392598,24.490361],[54.392349,24.490475],[54.392143,24.490511],[54.391935,24.490511],[54.391736,24.490465],[54.391721,24.490502],[54.391735,24.490577],[54.3917,24.4906],[54.391651,24.49071],[54.391724,24.490779],[54.391942,24.490822],[54.392303,24.490933],[54.392376,24.49087],[54.392503,24.49087],[54.39257,24.490997],[54.392984,24.490943],[54.393301,24.49113],[54.393391,24.491011],[54.393362,24.490947],[54.393354,24.490847]]]}},{"type":"Feature","properties":{"height":40.0},"geometry":{"type":"Polygon","coordinates":[[[54.400356,24.490699],[54.400402,24.490694],[54.400362,24.490428],[54.400058,24.490467],[54.400098,24.490732],[54.400356,24.490699]]]}},{"type":"Feature","properties":{"height":12.0},"geometry":{"type":"Polygon","coordinates":[[[54.407021,24.490271],[54.406961,24.490292],[54.406989,24.490373],[54.407054,24.490352],[54.407021,24.490271]]]}},{"type":"Feature","properties":{"height":60.0},"geometry":{"type":"Polygon","coordinates":[[[54.41087,24.489907],[54.41051,24.489942],[54.410508,24.489927],[54.410457,24.489932],[54.410405,24.48949],[54.410256,24.489504],[54.410326,24.49009],[54.410885,24.490035],[54.41087,24.489907]]]}},{"type":"Feature","properties":{"height":12.0},"geometry":{"type":"Polygon","coordinates":[[[54.410884,24.489736],[54.410835,24.489739],[54.410839,24.489782],[54.410888,24.489778],[54.410884,24.489736]]]}},{"type":"Feature","properties":{"height":40.0},"geometry":{"type":"Polygon","coordinates":[[[54.410622,24.489146],[54.410674,24.489615],[54.410826,24.489601],[54.410762,24.489025],[54.410204,24.489076],[54.410216,24.489184],[54.410622,24.489146]]]}},{"type":"Feature","properties":{"height":60.0},"geometry":{"type":"Polygon","coordinates":[[[54.407309,24.488565],[54.406903,24.488795],[54.407183,24.489203],[54.407589,24.488973],[54.407309,24.488565]]]}},{"type":"Feature","properties":{"height":60.0},"geometry":{"type":"Polygon","coordinates":[[[54.410638,24.488768],[54.410905,24.488745],[54.410862,24.48833],[54.410551,24.488356],[54.410556,24.488405],[54.410422,24.488416],[54.410427,24.488464],[54.410138,24.488492],[54.410183,24.488928],[54.41065,24.488887],[54.410638,24.488768]]]}},{"type":"Feature","properties":{"height":60.0},"geometry":{"type":"Polygon","coordinates":[[[54.407768,24.488343],[54.407361,24.488562],[54.407644,24.488949],[54.40802,24.488719],[54.407768,24.488343]]]}},{"type":"Feature","properties":{"height":137.0},"geometry":{"type":"Polygon","coordinates":[[[54.394398,24.489338],[54.394585,24.489319],[54.394572,24.489206],[54.394664,24.489197],[54.394622,24.488843],[54.39452,24.488853],[54.394508,24.488755],[54.394327,24.488773],[54.394339,24.488873],[54.39419,24.488888],[54.394231,24.489235],[54.394384,24.48922],[54.394398,24.489338]]]}},{"type":"Feature","properties":{"height":15.0},"geometry":{"type":"Polygon","coordinates":[[[54.393267,24.48851],[54.393708,24.488472],[54.393649,24.487917],[54.392872,24.487985],[54.392909,24.488341],[54.392655,24.488656],[54.392483,24.488575],[54.392389,24.488546],[54.392314,24.488534],[54.392295,24.488626],[54.392215,24.488605],[54.392125,24.48894],[54.392171,24.488939],[54.39222,24.48894],[54.392304,24.488949],[54.392388,24.488966],[54.392463,24.488988],[54.392538,24.489018],[54.392607,24.489053],[54.392656,24.489084],[54.392688,24.489106],[54.392714,24.489126],[54.392839,24.489252],[54.392886,24.489319],[54.393255,24.489171],[54.393272,24.489275],[54.393803,24.489206],[54.39375,24.488869],[54.393172,24.488945],[54.393098,24.488906],[54.393043,24.488846],[54.393017,24.488786],[54.39301,24.488722],[54.393024,24.488658],[54.393057,24.488601],[54.393106,24.488554],[54.393182,24.488518],[54.393267,24.48851]]]}},{"type":"Feature","properties":{"height":137.0},"geometry":{"type":"Polygon","coordinates":[[[54.394481,24.490096],[54.394669,24.490078],[54.394653,24.489933],[54.394745,24.489924],[54.394704,24.489573],[54.394603,24.489582],[54.394592,24.489484],[54.39441,24.489501],[54.394421,24.489601],[54.394271,24.489615],[54.394312,24.489967],[54.394465,24.489952],[54.394481,24.490096]]]}},{"type":"Feature","properties":{"height":12.0},"geometry":{"type":"Polygon","coordinates":[[[54.386232,24.489871],[54.386143,24.489808],[54.386108,24.489847],[54.386196,24.489911],[54.386232,24.489871]]]}},{"type":"Feature","properties":{"height":12.0},"geometry":{"type":"Polygon","coordinates":[[[54.386101,24.489776],[54.385634,24.489447],[54.385595,24.48949],[54.386065,24.48982],[54.386101,24.489776]]]}},{"type":"Feature","properties":{"height":35.2},"geometry":{"type":"Polygon","coordinates":[[[54.38448,24.489612],[54.384246,24.489453],[54.38414,24.489593],[54.384362,24.489749],[54.38448,24.489612]]]}},{"type":"Feature","properties":{"height":35.2},"geometry":{"type":"Polygon","coordinates":[[[54.383952,24.489566],[54.383805,24.489468],[54.383658,24.489651],[54.383805,24.489749],[54.383952,24.489566]]]}},{"type":"Feature","properties":{"height":28.8},"geometry":{"type":"Polygon","coordinates":[[[54.383349,24.489574],[54.383226,24.489488],[54.383096,24.489642],[54.383219,24.489728],[54.383349,24.489574]]]}},{"type":"Feature","properties":{"height":25.6},"geometry":{"type":"Polygon","coordinates":[[[54.383191,24.489748],[54.383072,24.489663],[54.382916,24.489845],[54.383035,24.48993],[54.383191,24.489748]]]}},{"type":"Feature","properties":{"height":35.2},"geometry":{"type":"Polygon","coordinates":[[[54.383792,24.489771],[54.383642,24.489667],[54.383489,24.489849],[54.38364,24.489954],[54.383792,24.489771]]]}},{"type":"Feature","properties":{"height":35.2},"geometry":{"type":"Polygon","coordinates":[[[54.38471,24.489769],[54.384496,24.489626],[54.384384,24.489764],[54.384598,24.489907],[54.38471,24.489769]]]}},{"type":"Feature","properties":{"height":35.2},"geometry":{"type":"Polygon","coordinates":[[[54.384186,24.48988],[54.383974,24.489732],[54.383862,24.489866],[54.384073,24.490014],[54.384186,24.48988]]]}},{"type":"Feature","properties":{"height":35.2},"geometry":{"type":"Polygon","coordinates":[[[54.384896,24.4899],[54.384723,24.489777],[54.384611,24.489909],[54.384784,24.490031],[54.384896,24.4899]]]}},{"type":"Feature","properties":{"height":35.2},"geometry":{"type":"Polygon","coordinates":[[[54.382443,24.489824],[54.382245,24.489685],[54.382152,24.489795],[54.382349,24.489934],[54.382443,24.489824]]]}},{"type":"Feature","properties":{"height":57.6},"geometry":{"type":"Polygon","coordinates":[[[54.379649,24.489887],[54.379385,24.489702],[54.37918,24.489944],[54.379444,24.490129],[54.379649,24.489887]]]}},{"type":"Feature","properties":{"height":12.0},"geometry":{"type":"Polygon","coordinates":[[[54.37893,24.489881],[54.37897,24.489835],[54.378939,24.489813],[54.378899,24.489859],[54.37893,24.489881]]]}},{"type":"Feature","properties":{"height":12.0},"geometry":{"type":"Polygon","coordinates":[[[54.379055,24.489768],[54.379105,24.489712],[54.379075,24.48969],[54.379025,24.489745],[54.379055,24.489768]]]}},{"type":"Feature","properties":{"height":35.2},"geometry":{"type":"Polygon","coordinates":[[[54.380659,24.489696],[54.380458,24.489547],[54.380337,24.489682],[54.380539,24.489831],[54.380659,24.489696]]]}},{"type":"Feature","properties":{"height":28.8},"geometry":{"type":"Polygon","coordinates":[[[54.381724,24.489691],[54.381604,24.489607],[54.381463,24.489774],[54.381584,24.489858],[54.381724,24.489691]]]}},{"type":"Feature","properties":{"height":35.2},"geometry":{"type":"Polygon","coordinates":[[[54.382224,24.489667],[54.382026,24.489528],[54.381933,24.489637],[54.382131,24.489776],[54.382224,24.489667]]]}},{"type":"Feature","properties":{"height":25.6},"geometry":{"type":"Polygon","coordinates":[[[54.381902,24.489494],[54.381774,24.489404],[54.381608,24.489598],[54.381735,24.489688],[54.381902,24.489494]]]}},{"type":"Feature","properties":{"height":22.4},"geometry":{"type":"Polygon","coordinates":[[[54.380944,24.489402],[54.38075,24.489262],[54.380652,24.489375],[54.380846,24.489514],[54.380944,24.489402]]]}},{"type":"Feature","properties":{"height":22.4},"geometry":{"type":"Polygon","coordinates":[[[54.380216,24.489427],[54.380008,24.48928],[54.379907,24.489399],[54.380115,24.489546],[54.380216,24.489427]]]}},{"type":"Feature","properties":{"height":22.4},"geometry":{"type":"Polygon","coordinates":[[[54.380416,24.489568],[54.380237,24.489437],[54.380143,24.489544],[54.380322,24.489675],[54.380416,24.489568]]]}},{"type":"Feature","properties":{"height":22.4},"geometry":{"type":"Polygon","coordinates":[[[54.380727,24.489247],[54.380566,24.489131],[54.380469,24.489243],[54.38063,24.489359],[54.380727,24.489247]]]}},{"type":"Feature","properties":{"height":25.6},"geometry":{"type":"Polygon","coordinates":[[[54.382062,24.489307],[54.381938,24.48922],[54.381781,24.489403],[54.381903,24.489486],[54.382062,24.489307]]]}},{"type":"Feature","properties":{"height":28.8},"geometry":{"type":"Polygon","coordinates":[[[54.382454,24.489388],[54.382257,24.489249],[54.382164,24.489359],[54.382361,24.489498],[54.382454,24.489388]]]}},{"type":"Feature","properties":{"height":28.8},"geometry":{"type":"Polygon","coordinates":[[[54.38149,24.489216],[54.381371,24.489128],[54.381204,24.489316],[54.381324,24.489404],[54.38149,24.489216]]]}},{"type":"Feature","properties":{"height":22.4},"geometry":{"type":"Polygon","coordinates":[[[54.383201,24.489319],[54.383004,24.489181],[54.382911,24.48929],[54.383108,24.489429],[54.383201,24.489319]]]}},{"type":"Feature","properties":{"height":12.0},"geometry":{"type":"Polygon","coordinates":[[[54.383025,24.489377],[54.382824,24.489324],[54.382781,24.48947],[54.38298,24.489524],[54.383025,24.489377]]]}},{"type":"Feature","properties":{"height":22.4},"geometry":{"type":"Polygon","coordinates":[[[54.383531,24.489347],[54.383405,24.489259],[54.383244,24.489449],[54.38337,24.489537],[54.383531,24.489347]]]}},{"type":"Feature","properties":{"height":22.4},"geometry":{"type":"Polygon","coordinates":[[[54.382673,24.48954],[54.382476,24.489401],[54.382382,24.489511],[54.38258,24.489649],[54.382673,24.48954]]]}},{"type":"Feature","properties":{"height":35.2},"geometry":{"type":"Polygon","coordinates":[[[54.384116,24.489364],[54.383973,24.489266],[54.383821,24.489448],[54.383965,24.489546],[54.384116,24.489364]]]}},{"type":"Feature","properties":{"height":40.0},"geometry":{"type":"Polygon","coordinates":[[[54.38632,24.489485],[54.386041,24.489309],[54.385923,24.489465],[54.386191,24.48966],[54.38632,24.489485]]]}},{"type":"Feature","properties":{"height":12.0},"geometry":{"type":"Polygon","coordinates":[[[54.385917,24.489299],[54.385846,24.489256],[54.385754,24.489381],[54.385825,24.489424],[54.385917,24.489299]]]}},{"type":"Feature","properties":{"height":12.0},"geometry":{"type":"Polygon","coordinates":[[[54.385949,24.489071],[54.385906,24.489036],[54.385865,24.489079],[54.385908,24.489113],[54.385949,24.489071]]]}},{"type":"Feature","properties":{"height":12.0},"geometry":{"type":"Polygon","coordinates":[[[54.385265,24.489056],[54.385204,24.48901],[54.38513,24.489092],[54.385192,24.489138],[54.385265,24.489056]]]}},{"type":"Feature","properties":{"height":40.0},"geometry":{"type":"Polygon","coordinates":[[[54.385491,24.489238],[54.385452,24.489211],[54.385525,24.489125],[54.385649,24.489217],[54.385602,24.489268],[54.385666,24.489314],[54.385766,24.489201],[54.385515,24.48901],[54.385267,24.48929],[54.385379,24.489367],[54.385491,24.489238]]]}},{"type":"Feature","properties":{"height":22.4},"geometry":{"type":"Polygon","coordinates":[[[54.383703,24.48914],[54.383583,24.489056],[54.383425,24.489242],[54.383545,24.489326],[54.383703,24.48914]]]}},{"type":"Feature","properties":{"height":12.0},"geometry":{"type":"Polygon","coordinates":[[[54.382424,24.489184],[54.382339,24.489124],[54.382293,24.489179],[54.382378,24.489239],[54.382424,24.489184]]]}},{"type":"Feature","properties":{"height":22.4},"geometry":{"type":"Polygon","coordinates":[[[54.382987,24.489169],[54.38279,24.489031],[54.382697,24.48914],[54.382894,24.489279],[54.382987,24.489169]]]}},{"type":"Feature","properties":{"height":12.0},"geometry":{"type":"Polygon","coordinates":[[[54.385147,24.488972],[54.385098,24.489058],[54.385138,24.489077],[54.385187,24.488991],[54.385147,24.488972]]]}},{"type":"Feature","properties":{"height":12.0},"geometry":{"type":"Polygon","coordinates":[[[54.38277,24.48901],[54.382573,24.488871],[54.382479,24.488981],[54.382677,24.489119],[54.38277,24.48901]]]}},{"type":"Feature","properties":{"height":12.0},"geometry":{"type":"Polygon","coordinates":[[[54.384955,24.488983],[54.384976,24.488959],[54.384623,24.488707],[54.384582,24.488756],[54.384934,24.489008],[54.384955,24.488983]]]}},{"type":"Feature","properties":{"height":12.0},"geometry":{"type":"Polygon","coordinates":[[[54.385897,24.488858],[54.385813,24.488948],[54.385711,24.488867],[54.385791,24.488776],[54.38572,24.488724],[54.38558,24.488884],[54.385827,24.489066],[54.385965,24.488909],[54.385897,24.488858]]]}},{"type":"Feature","properties":{"height":12.0},"geometry":{"type":"Polygon","coordinates":[[[54.385455,24.48886],[54.385374,24.48895],[54.385266,24.488868],[54.385348,24.488778],[54.385276,24.488729],[54.385137,24.488882],[54.385384,24.489065],[54.385524,24.48891],[54.385455,24.48886]]]}},{"type":"Feature","properties":{"height":40.0},"geometry":{"type":"Polygon","coordinates":[[[54.386244,24.488629],[54.386462,24.488501],[54.386385,24.488388],[54.386107,24.488541],[54.386088,24.488527],[54.386123,24.488488],[54.385883,24.488306],[54.38579,24.488408],[54.386034,24.48859],[54.386071,24.488549],[54.38609,24.488564],[54.38598,24.488851],[54.386116,24.488895],[54.386206,24.488671],[54.386244,24.488629]]]}},{"type":"Feature","properties":{"height":12.0},"geometry":{"type":"Polygon","coordinates":[[[54.384606,24.488415],[54.384458,24.48859],[54.38454,24.488647],[54.384689,24.488473],[54.384606,24.488415]]]}},{"type":"Feature","properties":{"height":12.0},"geometry":{"type":"Polygon","coordinates":[[[54.384422,24.488473],[54.384374,24.488438],[54.384338,24.48848],[54.384385,24.488514],[54.384422,24.488473]]]}},{"type":"Feature","properties":{"height":35.2},"geometry":{"type":"Polygon","coordinates":[[[54.382775,24.488484],[54.382664,24.488401],[54.382496,24.488588],[54.382607,24.488671],[54.382775,24.488484]]]}},{"type":"Feature","properties":{"height":38.4},"geometry":{"type":"Polygon","coordinates":[[[54.383075,24.488656],[54.382878,24.488517],[54.382784,24.488627],[54.382982,24.488766],[54.383075,24.488656]]]}},{"type":"Feature","properties":{"height":12.0},"geometry":{"type":"Polygon","coordinates":[[[54.384589,24.48872],[54.384488,24.488651],[54.38444,24.48871],[54.384539,24.488779],[54.384589,24.48872]]]}},{"type":"Feature","properties":{"height":12.0},"geometry":{"type":"Polygon","coordinates":[[[54.384904,24.488593],[54.384825,24.488689],[54.385064,24.488858],[54.385141,24.488766],[54.384904,24.488593]]]}},{"type":"Feature","properties":{"height":38.4},"geometry":{"type":"Polygon","coordinates":[[[54.383289,24.488795],[54.383092,24.488656],[54.382999,24.488766],[54.383196,24.488905],[54.383289,24.488795]]]}},{"type":"Feature","properties":{"height":22.4},"geometry":{"type":"Polygon","coordinates":[[[54.382606,24.488699],[54.382479,24.488605],[54.382319,24.488797],[54.382448,24.488887],[54.382606,24.488699]]]}},{"type":"Feature","properties":{"height":38.4},"geometry":{"type":"Polygon","coordinates":[[[54.380831,24.488701],[54.380619,24.488546],[54.3805,24.488681],[54.380712,24.488836],[54.380831,24.488701]]]}},{"type":"Feature","properties":{"height":38.4},"geometry":{"type":"Polygon","coordinates":[[[54.381524,24.488693],[54.381317,24.488546],[54.381199,24.488683],[54.381406,24.488831],[54.381524,24.488693]]]}},{"type":"Feature","properties":{"height":25.6},"geometry":{"type":"Polygon","coordinates":[[[54.381292,24.488567],[54.381106,24.488431],[54.381009,24.488542],[54.381195,24.488677],[54.381292,24.488567]]]}},{"type":"Feature","properties":{"height":38.4},"geometry":{"type":"Polygon","coordinates":[[[54.380328,24.488718],[54.380484,24.488531],[54.380321,24.488419],[54.380166,24.488606],[54.380328,24.488718]]]}},{"type":"Feature","properties":{"height":40.0},"geometry":{"type":"Polygon","coordinates":[[[54.3781,24.488752],[54.377301,24.488195],[54.377244,24.488263],[54.378043,24.488819],[54.3781,24.488752]]]}},{"type":"Feature","properties":{"height":12.0},"geometry":{"type":"Polygon","coordinates":[[[54.378366,24.48895],[54.378164,24.488808],[54.378117,24.488864],[54.378318,24.489006],[54.378366,24.48895]]]}},{"type":"Feature","properties":{"height":12.0},"geometry":{"type":"Polygon","coordinates":[[[54.380176,24.48887],[54.380126,24.488931],[54.38019,24.488975],[54.380241,24.488914],[54.380176,24.48887]]]}},{"type":"Feature","properties":{"height":28.8},"geometry":{"type":"Polygon","coordinates":[[[54.381024,24.488858],[54.380832,24.488724],[54.380733,24.488842],[54.380925,24.488976],[54.381024,24.488858]]]}},{"type":"Feature","properties":{"height":35.2},"geometry":{"type":"Polygon","coordinates":[[[54.381821,24.488827],[54.381684,24.488725],[54.381523,24.488905],[54.38166,24.489007],[54.381821,24.488827]]]}},{"type":"Feature","properties":{"height":32.0},"geometry":{"type":"Polygon","coordinates":[[[54.382426,24.488917],[54.382313,24.48884],[54.382175,24.488997],[54.382292,24.489081],[54.382426,24.488917]]]}},{"type":"Feature","properties":{"height":25.6},"geometry":{"type":"Polygon","coordinates":[[[54.381248,24.489016],[54.381055,24.48887],[54.380952,24.488983],[54.381144,24.489129],[54.381248,24.489016]]]}},{"type":"Feature","properties":{"height":35.2},"geometry":{"type":"Polygon","coordinates":[[[54.380481,24.489049],[54.380273,24.488905],[54.380163,24.489036],[54.38037,24.48918],[54.380481,24.489049]]]}},{"type":"Feature","properties":{"height":28.8},"geometry":{"type":"Polygon","coordinates":[[[54.381646,24.489032],[54.381528,24.488947],[54.381382,24.489114],[54.3815,24.489199],[54.381646,24.489032]]]}},{"type":"Feature","properties":{"height":28.8},"geometry":{"type":"Polygon","coordinates":[[[54.382256,24.489107],[54.382136,24.489022],[54.381974,24.489212],[54.382094,24.489297],[54.382256,24.489107]]]}},{"type":"Feature","properties":{"height":38.4},"geometry":{"type":"Polygon","coordinates":[[[54.38,24.489099],[54.37985,24.488987],[54.379687,24.489167],[54.379837,24.489279],[54.38,24.489099]]]}},{"type":"Feature","properties":{"height":67.2},"geometry":{"type":"Polygon","coordinates":[[[54.379211,24.490143],[54.379065,24.490043],[54.378904,24.490239],[54.379049,24.490338],[54.379211,24.490143]]]}},{"type":"Feature","properties":{"height":32.0},"geometry":{"type":"Polygon","coordinates":[[[54.379963,24.490114],[54.379847,24.490032],[54.379681,24.490228],[54.379798,24.49031],[54.379963,24.490114]]]}},{"type":"Feature","properties":{"height":22.4},"geometry":{"type":"Polygon","coordinates":[[[54.382097,24.490221],[54.381899,24.490082],[54.381806,24.490192],[54.382004,24.490331],[54.382097,24.490221]]]}},{"type":"Feature","properties":{"height":12.0},"geometry":{"type":"Polygon","coordinates":[[[54.381226,24.490241],[54.381366,24.490078],[54.381254,24.489999],[54.381114,24.490162],[54.381226,24.490241]]]}},{"type":"Feature","properties":{"height":12.0},"geometry":{"type":"Polygon","coordinates":[[[54.381567,24.489875],[54.381441,24.489781],[54.381269,24.489973],[54.381395,24.490067],[54.381567,24.489875]]]}},{"type":"Feature","properties":{"height":32.0},"geometry":{"type":"Polygon","coordinates":[[[54.382651,24.489977],[54.382454,24.489838],[54.382361,24.489948],[54.382558,24.490087],[54.382651,24.489977]]]}},{"type":"Feature","properties":{"height":35.2},"geometry":{"type":"Polygon","coordinates":[[[54.383633,24.489977],[54.383476,24.489865],[54.383325,24.490041],[54.383485,24.490151],[54.383633,24.489977]]]}},{"type":"Feature","properties":{"height":28.8},"geometry":{"type":"Polygon","coordinates":[[[54.383009,24.489956],[54.382889,24.489869],[54.382734,24.490048],[54.382854,24.490134],[54.383009,24.489956]]]}},{"type":"Feature","properties":{"height":35.2},"geometry":{"type":"Polygon","coordinates":[[[54.384432,24.490053],[54.38422,24.489904],[54.384108,24.490038],[54.384319,24.490186],[54.384432,24.490053]]]}},{"type":"Feature","properties":{"height":12.0},"geometry":{"type":"Polygon","coordinates":[[[54.386964,24.490038],[54.3869,24.490036],[54.386897,24.490079],[54.386962,24.490082],[54.386964,24.490038]]]}},{"type":"Feature","properties":{"height":12.0},"geometry":{"type":"Polygon","coordinates":[[[54.386955,24.490116],[54.386835,24.490257],[54.387058,24.490415],[54.387178,24.490277],[54.386955,24.490116]]]}},{"type":"Feature","properties":{"height":35.2},"geometry":{"type":"Polygon","coordinates":[[[54.384664,24.490219],[54.384457,24.490065],[54.384333,24.490204],[54.384539,24.490358],[54.384664,24.490219]]]}},{"type":"Feature","properties":{"height":38.4},"geometry":{"type":"Polygon","coordinates":[[[54.385186,24.490111],[54.385054,24.490014],[54.384952,24.490128],[54.384934,24.490115],[54.384871,24.490186],[54.385021,24.490296],[54.385186,24.490111]]]}},{"type":"Feature","properties":{"height":35.2},"geometry":{"type":"Polygon","coordinates":[[[54.383463,24.490156],[54.383308,24.490043],[54.383144,24.490229],[54.383299,24.490342],[54.383463,24.490156]]]}},{"type":"Feature","properties":{"height":22.4},"geometry":{"type":"Polygon","coordinates":[[[54.38284,24.490156],[54.382713,24.490063],[54.382552,24.490246],[54.382679,24.490339],[54.38284,24.490156]]]}},{"type":"Feature","properties":{"height":35.2},"geometry":{"type":"Polygon","coordinates":[[[54.38266,24.490361],[54.38255,24.490284],[54.382407,24.490454],[54.382517,24.490531],[54.38266,24.490361]]]}},{"type":"Feature","properties":{"height":35.2},"geometry":{"type":"Polygon","coordinates":[[[54.384885,24.490218],[54.38473,24.490397],[54.384874,24.490501],[54.385029,24.490322],[54.384885,24.490218]]]}},{"type":"Feature","properties":{"height":35.2},"geometry":{"type":"Polygon","coordinates":[[[54.384172,24.490365],[54.38396,24.490217],[54.383847,24.49035],[54.384059,24.490498],[54.384172,24.490365]]]}},{"type":"Feature","properties":{"height":35.2},"geometry":{"type":"Polygon","coordinates":[[[54.384845,24.490504],[54.384697,24.490399],[54.384539,24.490585],[54.384687,24.490689],[54.384845,24.490504]]]}},{"type":"Feature","properties":{"height":35.2},"geometry":{"type":"Polygon","coordinates":[[[54.384408,24.490528],[54.384196,24.49038],[54.384083,24.490513],[54.384295,24.490661],[54.384408,24.490528]]]}},{"type":"Feature","properties":{"height":35.2},"geometry":{"type":"Polygon","coordinates":[[[54.383199,24.490477],[54.383048,24.490373],[54.382886,24.490566],[54.383037,24.49067],[54.383199,24.490477]]]}},{"type":"Feature","properties":{"height":32.0},"geometry":{"type":"Polygon","coordinates":[[[54.382515,24.490549],[54.382386,24.490459],[54.382225,24.490651],[54.382355,24.490741],[54.382515,24.490549]]]}},{"type":"Feature","properties":{"height":35.2},"geometry":{"type":"Polygon","coordinates":[[[54.383867,24.49063],[54.383655,24.490481],[54.383543,24.490615],[54.383754,24.490763],[54.383867,24.49063]]]}},{"type":"Feature","properties":{"height":28.8},"geometry":{"type":"Polygon","coordinates":[[[54.37985,24.490493],[54.379653,24.490355],[54.37955,24.490476],[54.379747,24.490615],[54.37985,24.490493]]]}},{"type":"Feature","properties":{"height":22.4},"geometry":{"type":"Polygon","coordinates":[[[54.38179,24.490542],[54.381593,24.490403],[54.3815,24.490513],[54.381697,24.490652],[54.38179,24.490542]]]}},{"type":"Feature","properties":{"height":32.0},"geometry":{"type":"Polygon","coordinates":[[[54.382316,24.490372],[54.382118,24.490234],[54.382025,24.490343],[54.382222,24.490482],[54.382316,24.490372]]]}},{"type":"Feature","properties":{"height":22.4},"geometry":{"type":"Polygon","coordinates":[[[54.381562,24.490385],[54.381365,24.490246],[54.381272,24.490356],[54.381469,24.490495],[54.381562,24.490385]]]}},{"type":"Feature","properties":{"height":28.8},"geometry":{"type":"Polygon","coordinates":[[[54.380366,24.490379],[54.38025,24.490298],[54.380084,24.490494],[54.3802,24.490575],[54.380366,24.490379]]]}},{"type":"Feature","properties":{"height":64.0},"geometry":{"type":"Polygon","coordinates":[[[54.378656,24.490542],[54.378789,24.490635],[54.378943,24.490452],[54.378811,24.490359],[54.378656,24.490542]]]}},{"type":"Feature","properties":{"height":35.2},"geometry":{"type":"Polygon","coordinates":[[[54.378467,24.490759],[54.378624,24.490864],[54.378784,24.490666],[54.378627,24.490562],[54.378467,24.490759]]]}},{"type":"Feature","properties":{"height":35.2},"geometry":{"type":"Polygon","coordinates":[[[54.379197,24.490806],[54.379345,24.490914],[54.379517,24.490718],[54.379368,24.490611],[54.379197,24.490806]]]}},{"type":"Feature","properties":{"height":60.8},"geometry":{"type":"Polygon","coordinates":[[[54.378416,24.490798],[54.378267,24.490974],[54.378407,24.491073],[54.378556,24.490897],[54.378416,24.490798]]]}},{"type":"Feature","properties":{"height":28.8},"geometry":{"type":"Polygon","coordinates":[[[54.379183,24.490823],[54.379026,24.491007],[54.379154,24.491097],[54.37931,24.490913],[54.379183,24.490823]]]}},{"type":"Feature","properties":{"height":12.0},"geometry":{"type":"Polygon","coordinates":[[[54.379584,24.490987],[54.379529,24.490948],[54.379475,24.491012],[54.37953,24.491051],[54.379584,24.490987]]]}},{"type":"Feature","properties":{"height":28.8},"geometry":{"type":"Polygon","coordinates":[[[54.382346,24.490753],[54.382217,24.490661],[54.382055,24.490852],[54.382184,24.490943],[54.382346,24.490753]]]}},{"type":"Feature","properties":{"height":28.8},"geometry":{"type":"Polygon","coordinates":[[[54.380685,24.490939],[54.380867,24.490726],[54.380733,24.490631],[54.380551,24.490844],[54.380685,24.490939]]]}},{"type":"Feature","properties":{"height":41.6},"geometry":{"type":"Polygon","coordinates":[[[54.3799,24.49053],[54.379787,24.490665],[54.380071,24.490861],[54.380184,24.490727],[54.3799,24.49053]]]}},{"type":"Feature","properties":{"height":28.8},"geometry":{"type":"Polygon","coordinates":[[[54.382009,24.490723],[54.381812,24.490585],[54.381718,24.490694],[54.381916,24.490833],[54.382009,24.490723]]]}},{"type":"Feature","properties":{"height":35.2},"geometry":{"type":"Polygon","coordinates":[[[54.383016,24.490681],[54.382864,24.490577],[54.382713,24.490759],[54.382865,24.490863],[54.383016,24.490681]]]}},{"type":"Feature","properties":{"height":35.2},"geometry":{"type":"Polygon","coordinates":[[[54.383419,24.49081],[54.383207,24.490662],[54.383094,24.490795],[54.383306,24.490943],[54.383419,24.49081]]]}},{"type":"Feature","properties":{"height":35.2},"geometry":{"type":"Polygon","coordinates":[[[54.384113,24.490802],[54.383901,24.490653],[54.383788,24.490787],[54.384,24.490935],[54.384113,24.490802]]]}},{"type":"Feature","properties":{"height":35.2},"geometry":{"type":"Polygon","coordinates":[[[54.384674,24.490703],[54.384526,24.4906],[54.384371,24.490782],[54.384514,24.490883],[54.384674,24.490703]]]}},{"type":"Feature","properties":{"height":12.0},"geometry":{"type":"Polygon","coordinates":[[[54.386213,24.490767],[54.386158,24.490851],[54.386297,24.490926],[54.386342,24.490856],[54.386304,24.490835],[54.386313,24.490821],[54.386213,24.490767]]]}},{"type":"Feature","properties":{"height":35.2},"geometry":{"type":"Polygon","coordinates":[[[54.384502,24.490902],[54.384374,24.490812],[54.384217,24.490997],[54.384345,24.491087],[54.384502,24.490902]]]}},{"type":"Feature","properties":{"height":35.2},"geometry":{"type":"Polygon","coordinates":[[[54.382845,24.490877],[54.382694,24.490773],[54.382545,24.490952],[54.382695,24.491056],[54.382845,24.490877]]]}},{"type":"Feature","properties":{"height":35.2},"geometry":{"type":"Polygon","coordinates":[[[54.383665,24.490982],[54.383453,24.490834],[54.38334,24.490967],[54.383552,24.491115],[54.383665,24.490982]]]}},{"type":"Feature","properties":{"height":35.2},"geometry":{"type":"Polygon","coordinates":[[[54.383184,24.491004],[54.383035,24.4909],[54.382874,24.491093],[54.383013,24.491193],[54.383184,24.491004]]]}},{"type":"Feature","properties":{"height":38.4},"geometry":{"type":"Polygon","coordinates":[[[54.382675,24.491067],[54.382531,24.490962],[54.382362,24.491154],[54.382506,24.491259],[54.382675,24.491067]]]}},{"type":"Feature","properties":{"height":35.2},"geometry":{"type":"Polygon","coordinates":[[[54.383881,24.49113],[54.383669,24.490982],[54.383556,24.491115],[54.383768,24.491263],[54.383881,24.49113]]]}},{"type":"Feature","properties":{"height":35.2},"geometry":{"type":"Polygon","coordinates":[[[54.384251,24.491226],[54.384104,24.491121],[54.383941,24.491309],[54.384087,24.491415],[54.384251,24.491226]]]}},{"type":"Feature","properties":{"height":35.2},"geometry":{"type":"Polygon","coordinates":[[[54.383497,24.491238],[54.383285,24.49109],[54.383173,24.491223],[54.383384,24.491372],[54.383497,24.491238]]]}},{"type":"Feature","properties":{"height":35.2},"geometry":{"type":"Polygon","coordinates":[[[54.382961,24.491361],[54.382759,24.491217],[54.382641,24.491351],[54.382844,24.491494],[54.382961,24.491361]]]}},{"type":"Feature","properties":{"height":35.2},"geometry":{"type":"Polygon","coordinates":[[[54.380179,24.491281],[54.380041,24.491181],[54.379871,24.491376],[54.380008,24.491476],[54.380179,24.491281]]]}},{"type":"Feature","properties":{"height":25.6},"geometry":{"type":"Polygon","coordinates":[[[54.379567,24.491119],[54.379417,24.49129],[54.379534,24.491376],[54.379684,24.491204],[54.379567,24.491119]]]}},{"type":"Feature","properties":{"height":28.8},"geometry":{"type":"Polygon","coordinates":[[[54.38065,24.491086],[54.38045,24.490946],[54.38035,24.491064],[54.38055,24.491204],[54.38065,24.491086]]]}},{"type":"Feature","properties":{"height":28.8},"geometry":{"type":"Polygon","coordinates":[[[54.37973,24.490928],[54.37958,24.491099],[54.379697,24.491185],[54.379847,24.491013],[54.37973,24.490928]]]}},{"type":"Feature","properties":{"height":28.8},"geometry":{"type":"Polygon","coordinates":[[[54.379133,24.491118],[54.379008,24.491028],[54.378859,24.491198],[54.378983,24.491289],[54.379133,24.491118]]]}},{"type":"Feature","properties":{"height":67.2},"geometry":{"type":"Polygon","coordinates":[[[54.378055,24.49121],[54.37819,24.491305],[54.378336,24.491134],[54.378201,24.491039],[54.378055,24.49121]]]}},{"type":"Feature","properties":{"height":12.0},"geometry":{"type":"Polygon","coordinates":[[[54.379147,24.491285],[54.37909,24.491245],[54.379037,24.491309],[54.379094,24.491348],[54.379147,24.491285]]]}},{"type":"Feature","properties":{"height":38.4},"geometry":{"type":"Polygon","coordinates":[[[54.378833,24.49123],[54.378677,24.491413],[54.378797,24.491498],[54.378954,24.491315],[54.378833,24.49123]]]}},{"type":"Feature","properties":{"height":25.6},"geometry":{"type":"Polygon","coordinates":[[[54.379397,24.491317],[54.37925,24.49149],[54.379371,24.491576],[54.379518,24.491403],[54.379397,24.491317]]]}},{"type":"Feature","properties":{"height":67.2},"geometry":{"type":"Polygon","coordinates":[[[54.37777,24.491574],[54.378008,24.491743],[54.378192,24.491529],[54.377954,24.49136],[54.37777,24.491574]]]}},{"type":"Feature","properties":{"height":35.2},"geometry":{"type":"Polygon","coordinates":[[[54.378678,24.491875],[54.378792,24.491733],[54.378534,24.49156],[54.37842,24.491702],[54.378678,24.491875]]]}},{"type":"Feature","properties":{"height":38.4},"geometry":{"type":"Polygon","coordinates":[[[54.379373,24.491607],[54.379229,24.491503],[54.379071,24.491684],[54.379215,24.491788],[54.379373,24.491607]]]}},{"type":"Feature","properties":{"height":35.2},"geometry":{"type":"Polygon","coordinates":[[[54.379788,24.491717],[54.379954,24.491528],[54.379818,24.491429],[54.379651,24.491618],[54.379788,24.491717]]]}},{"type":"Feature","properties":{"height":12.0},"geometry":{"type":"Polygon","coordinates":[[[54.379901,24.491802],[54.379977,24.491715],[54.37991,24.491666],[54.379833,24.491753],[54.379901,24.491802]]]}},{"type":"Feature","properties":{"height":60.0},"geometry":{"type":"Polygon","coordinates":[[[54.380455,24.491914],[54.380472,24.491824],[54.380515,24.491835],[54.380551,24.491633],[54.380515,24.491631],[54.380532,24.491557],[54.380396,24.491446],[54.380135,24.49142],[54.380039,24.491844],[54.380455,24.491914]]]}},{"type":"Feature","properties":{"height":28.8},"geometry":{"type":"Polygon","coordinates":[[[54.381777,24.491408],[54.381646,24.49132],[54.381464,24.491516],[54.381587,24.49161],[54.381777,24.491408]]]}},{"type":"Feature","properties":{"height":41.6},"geometry":{"type":"Polygon","coordinates":[[[54.3807,24.491116],[54.380589,24.491245],[54.38142,24.491834],[54.38153,24.491705],[54.3807,24.491116]]]}},{"type":"Feature","properties":{"height":35.2},"geometry":{"type":"Polygon","coordinates":[[[54.383648,24.491352],[54.383506,24.491249],[54.383329,24.491453],[54.383472,24.491556],[54.383648,24.491352]]]}},{"type":"Feature","properties":{"height":12.0},"geometry":{"type":"Polygon","coordinates":[[[54.384794,24.491446],[54.384744,24.491426],[54.38472,24.491473],[54.384771,24.491494],[54.384794,24.491446]]]}},{"type":"Feature","properties":{"height":35.2},"geometry":{"type":"Polygon","coordinates":[[[54.384077,24.491421],[54.383927,24.49131],[54.383764,24.491493],[54.383914,24.491604],[54.384077,24.491421]]]}},{"type":"Feature","properties":{"height":25.0},"geometry":{"type":"Polygon","coordinates":[[[54.386249,24.492294],[54.386267,24.492254],[54.386253,24.492212],[54.386236,24.492187],[54.386189,24.492144],[54.386149,24.492098],[54.38614,24.492045],[54.386123,24.491932],[54.386123,24.491795],[54.386167,24.491691],[54.386277,24.491775],[54.386347,24.491691],[54.386237,24.491616],[54.386302,24.491571],[54.386379,24.491544],[54.386457,24.491498],[54.386623,24.4913],[54.385526,24.490487],[54.384776,24.491378],[54.386208,24.492355],[54.386249,24.492294]]]}},{"type":"Feature","properties":{"height":35.2},"geometry":{"type":"Polygon","coordinates":[[[54.383902,24.49161],[54.383754,24.491508],[54.383601,24.491693],[54.383749,24.491795],[54.383902,24.49161]]]}},{"type":"Feature","properties":{"height":12.0},"geometry":{"type":"Polygon","coordinates":[[[54.384666,24.491539],[54.384628,24.491576],[54.384688,24.491627],[54.384726,24.491591],[54.384666,24.491539]]]}},{"type":"Feature","properties":{"height":35.2},"geometry":{"type":"Polygon","coordinates":[[[54.383376,24.491668],[54.383183,24.491529],[54.383061,24.49167],[54.383254,24.491808],[54.383376,24.491668]]]}},{"type":"Feature","properties":{"height":35.2},"geometry":{"type":"Polygon","coordinates":[[[54.383729,24.491803],[54.383577,24.491696],[54.383411,24.491891],[54.383563,24.491998],[54.383729,24.491803]]]}},{"type":"Feature","properties":{"height":12.0},"geometry":{"type":"Polygon","coordinates":[[[54.384513,24.491754],[54.384485,24.491787],[54.384767,24.491986],[54.384796,24.491952],[54.384513,24.491754]]]}},{"type":"Feature","properties":{"height":12.0},"geometry":{"type":"Polygon","coordinates":[[[54.384574,24.491644],[54.384507,24.491724],[54.384815,24.491935],[54.384881,24.491855],[54.384574,24.491644]]]}},{"type":"Feature","properties":{"height":12.0},"geometry":{"type":"Polygon","coordinates":[[[54.385466,24.491961],[54.385403,24.492058],[54.385446,24.492082],[54.385509,24.491985],[54.385466,24.491961]]]}},{"type":"Feature","properties":{"height":12.0},"geometry":{"type":"Polygon","coordinates":[[[54.385199,24.492035],[54.38515,24.491986],[54.385251,24.4919],[54.385171,24.491822],[54.385115,24.491869],[54.385094,24.491848],[54.384938,24.491981],[54.385062,24.492102],[54.385099,24.492071],[54.385126,24.492097],[54.385199,24.492035]]]}},{"type":"Feature","properties":{"height":35.2},"geometry":{"type":"Polygon","coordinates":[[[54.381834,24.491882],[54.381723,24.492019],[54.381982,24.492193],[54.382094,24.492056],[54.381834,24.491882]]]}},{"type":"Feature","properties":{"height":12.0},"geometry":{"type":"Polygon","coordinates":[[[54.3804,24.492003],[54.380286,24.491919],[54.380212,24.492003],[54.380158,24.491963],[54.380136,24.491988],[54.380304,24.492112],[54.3804,24.492003]]]}},{"type":"Feature","properties":{"height":6.4},"geometry":{"type":"Polygon","coordinates":[[[54.381183,24.492023],[54.380737,24.491713],[54.380438,24.49207],[54.380583,24.492171],[54.380746,24.491976],[54.381047,24.492185],[54.381183,24.492023]]]}},{"type":"Feature","properties":{"height":35.2},"geometry":{"type":"Polygon","coordinates":[[[54.381932,24.491807],[54.382074,24.491907],[54.38225,24.4917],[54.382108,24.4916],[54.381932,24.491807]]]}},{"type":"Feature","properties":{"height":25.6},"geometry":{"type":"Polygon","coordinates":[[[54.378816,24.491796],[54.378729,24.491899],[54.378914,24.492028],[54.379001,24.491926],[54.378816,24.491796]]]}},{"type":"Feature","properties":{"height":25.6},"geometry":{"type":"Polygon","coordinates":[[[54.379293,24.492306],[54.379481,24.492435],[54.379573,24.492326],[54.379385,24.492196],[54.379293,24.492306]]]}},{"type":"Feature","properties":{"height":60.0},"geometry":{"type":"Polygon","coordinates":[[[54.381047,24.492185],[54.380746,24.491976],[54.380583,24.492171],[54.380332,24.49247],[54.380634,24.492679],[54.381047,24.492185]]]}},{"type":"Feature","properties":{"height":32.0},"geometry":{"type":"Polygon","coordinates":[[[54.381594,24.492217],[54.381442,24.492401],[54.381563,24.492484],[54.381716,24.4923],[54.381594,24.492217]]]}},{"type":"Feature","properties":{"height":28.8},"geometry":{"type":"Polygon","coordinates":[[[54.382311,24.492244],[54.382121,24.492116],[54.382033,24.492224],[54.382223,24.492352],[54.382311,24.492244]]]}},{"type":"Feature","properties":{"height":40.0},"geometry":{"type":"Polygon","coordinates":[[[54.380438,24.49207],[54.380188,24.492369],[54.380332,24.49247],[54.380583,24.492171],[54.380438,24.49207]]]}},{"type":"Feature","properties":{"height":12.8},"geometry":{"type":"Polygon","coordinates":[[[54.37952,24.492079],[54.380029,24.492449],[54.380124,24.49234],[54.379615,24.49197],[54.37952,24.492079]]]}},{"type":"Feature","properties":{"height":40.0},"geometry":{"type":"Polygon","coordinates":[[[54.384992,24.49225],[54.38496,24.492232],[54.384904,24.492172],[54.384995,24.492101],[54.384937,24.492186],[54.385006,24.492225],[54.385059,24.492183],[54.385093,24.492132],[54.38501,24.492085],[54.384958,24.492031],[54.384945,24.492049],[54.384923,24.492067],[54.384879,24.492132],[54.384835,24.492107],[54.384774,24.492154],[54.384704,24.492257],[54.384922,24.492379],[54.385002,24.492261],[54.384992,24.49225]]]}},{"type":"Feature","properties":{"height":12.0},"geometry":{"type":"Polygon","coordinates":[[[54.385246,24.492015],[54.3851,24.492189],[54.385133,24.492211],[54.385279,24.492037],[54.385246,24.492015]]]}},{"type":"Feature","properties":{"height":38.4},"geometry":{"type":"Polygon","coordinates":[[[54.382945,24.492208],[54.38279,24.492387],[54.382925,24.492484],[54.38308,24.492305],[54.382945,24.492208]]]}},{"type":"Feature","properties":{"height":28.8},"geometry":{"type":"Polygon","coordinates":[[[54.382529,24.492392],[54.382339,24.492265],[54.382251,24.492373],[54.382441,24.492501],[54.382529,24.492392]]]}},{"type":"Feature","properties":{"height":35.2},"geometry":{"type":"Polygon","coordinates":[[[54.382775,24.492427],[54.382616,24.492611],[54.382737,24.492698],[54.382896,24.492513],[54.382775,24.492427]]]}},{"type":"Feature","properties":{"height":12.0},"geometry":{"type":"Polygon","coordinates":[[[54.384553,24.492574],[54.384458,24.492517],[54.384427,24.49256],[54.384521,24.492617],[54.384553,24.492574]]]}},{"type":"Feature","properties":{"height":60.0},"geometry":{"type":"Polygon","coordinates":[[[54.386313,24.492575],[54.385554,24.492038],[54.385395,24.492238],[54.385495,24.492304],[54.385444,24.49236],[54.385342,24.492296],[54.385167,24.492504],[54.386085,24.493168],[54.386313,24.492575]]]}},{"type":"Feature","properties":{"height":12.0},"geometry":{"type":"Polygon","coordinates":[[[54.384797,24.492733],[54.384751,24.492798],[54.38486,24.492864],[54.384907,24.492799],[54.384797,24.492733]]]}},{"type":"Feature","properties":{"height":12.0},"geometry":{"type":"Polygon","coordinates":[[[54.384528,24.492625],[54.384675,24.492747],[54.384731,24.492691],[54.384655,24.492629],[54.384627,24.492657],[54.384555,24.492598],[54.384528,24.492625]]]}},{"type":"Feature","properties":{"height":28.8},"geometry":{"type":"Polygon","coordinates":[[[54.382205,24.492905],[54.382359,24.492732],[54.382245,24.492648],[54.382091,24.492821],[54.382205,24.492905]]]}},{"type":"Feature","properties":{"height":28.8},"geometry":{"type":"Polygon","coordinates":[[[54.379954,24.492758],[54.380143,24.492889],[54.380229,24.492787],[54.380039,24.492656],[54.379954,24.492758]]]}},{"type":"Feature","properties":{"height":28.8},"geometry":{"type":"Polygon","coordinates":[[[54.381131,24.49275],[54.381251,24.492838],[54.381392,24.492678],[54.381272,24.49259],[54.381131,24.49275]]]}},{"type":"Feature","properties":{"height":32.0},"geometry":{"type":"Polygon","coordinates":[[[54.382013,24.492804],[54.382101,24.492696],[54.381908,24.492567],[54.38182,24.492675],[54.382013,24.492804]]]}},{"type":"Feature","properties":{"height":35.2},"geometry":{"type":"Polygon","coordinates":[[[54.381601,24.492528],[54.381798,24.492661],[54.381915,24.492518],[54.381718,24.492385],[54.381601,24.492528]]]}},{"type":"Feature","properties":{"height":12.0},"geometry":{"type":"Polygon","coordinates":[[[54.381286,24.492573],[54.381406,24.492662],[54.381547,24.492502],[54.381427,24.492414],[54.381286,24.492573]]]}},{"type":"Feature","properties":{"height":25.6},"geometry":{"type":"Polygon","coordinates":[[[54.379515,24.492452],[54.379713,24.492589],[54.3798,24.492485],[54.379602,24.492348],[54.379515,24.492452]]]}},{"type":"Feature","properties":{"height":32.0},"geometry":{"type":"Polygon","coordinates":[[[54.380019,24.492639],[54.379824,24.492505],[54.379739,24.492606],[54.379934,24.49274],[54.380019,24.492639]]]}},{"type":"Feature","properties":{"height":38.4},"geometry":{"type":"Polygon","coordinates":[[[54.378121,24.492701],[54.377871,24.492515],[54.377756,24.492644],[54.378007,24.492829],[54.378121,24.492701]]]}},{"type":"Feature","properties":{"height":6.4},"geometry":{"type":"Polygon","coordinates":[[[54.378586,24.493866],[54.378629,24.493626],[54.378382,24.493581],[54.378333,24.493829],[54.378586,24.493866]]]}},{"type":"Feature","properties":{"height":90.0},"geometry":{"type":"Polygon","coordinates":[[[54.379428,24.493637],[54.379206,24.493483],[54.379044,24.493675],[54.379263,24.493829],[54.379428,24.493637]]]}},{"type":"Feature","properties":{"height":12.0},"geometry":{"type":"Polygon","coordinates":[[[54.378318,24.493629],[54.378254,24.493585],[54.378204,24.493644],[54.378268,24.493689],[54.378318,24.493629]]]}},{"type":"Feature","properties":{"height":60.0},"geometry":{"type":"Polygon","coordinates":[[[54.378758,24.493484],[54.378976,24.493631],[54.379044,24.493675],[54.379263,24.493829],[54.379331,24.493877],[54.379541,24.494028],[54.379712,24.493834],[54.379491,24.493683],[54.379428,24.493637],[54.379206,24.493483],[54.379142,24.493437],[54.378923,24.493282],[54.378849,24.493229],[54.378641,24.493079],[54.378466,24.493278],[54.378674,24.493429],[54.378758,24.493484]]]}},{"type":"Feature","properties":{"height":35.2},"geometry":{"type":"Polygon","coordinates":[[[54.381986,24.493695],[54.382077,24.493579],[54.381858,24.493436],[54.381766,24.493552],[54.381986,24.493695]]]}},{"type":"Feature","properties":{"height":38.4},"geometry":{"type":"Polygon","coordinates":[[[54.381138,24.493634],[54.381446,24.493847],[54.381563,24.493706],[54.381256,24.493494],[54.381138,24.493634]]]}},{"type":"Feature","properties":{"height":12.0},"geometry":{"type":"Polygon","coordinates":[[[54.380663,24.49385],[54.380595,24.493803],[54.380579,24.493825],[54.380646,24.493871],[54.380663,24.49385]]]}},{"type":"Feature","properties":{"height":90.0},"geometry":{"type":"Polygon","coordinates":[[[54.379491,24.493683],[54.379331,24.493877],[54.379541,24.494028],[54.379712,24.493834],[54.379491,24.493683]]]}},{"type":"Feature","properties":{"height":12.0},"geometry":{"type":"Polygon","coordinates":[[[54.378155,24.49374],[54.378141,24.493775],[54.378202,24.493796],[54.378216,24.493761],[54.378155,24.49374]]]}},{"type":"Feature","properties":{"height":80.0},"geometry":{"type":"Polygon","coordinates":[[[54.378219,24.493992],[54.378053,24.493876],[54.378006,24.493843],[54.377803,24.494084],[54.378016,24.494232],[54.378219,24.493992]]]}},{"type":"Feature","properties":{"height":70.0},"geometry":{"type":"Polygon","coordinates":[[[54.378411,24.494337],[54.378521,24.494211],[54.378311,24.49406],[54.378201,24.494186],[54.378304,24.49426],[54.378411,24.494337]]]}},{"type":"Feature","properties":{"height":80.0},"geometry":{"type":"Polygon","coordinates":[[[54.379085,24.494091],[54.378863,24.493933],[54.378687,24.494138],[54.37891,24.494295],[54.379085,24.494091]]]}},{"type":"Feature","properties":{"height":28.8},"geometry":{"type":"Polygon","coordinates":[[[54.381605,24.494081],[54.381769,24.493886],[54.381627,24.493788],[54.381464,24.493984],[54.381605,24.494081]]]}},{"type":"Feature","properties":{"height":45.0},"geometry":{"type":"Polygon","coordinates":[[[54.383301,24.494104],[54.38309,24.493952],[54.382918,24.494149],[54.38313,24.494301],[54.383301,24.494104]]]}},{"type":"Feature","properties":{"height":45.0},"geometry":{"type":"Polygon","coordinates":[[[54.383524,24.493858],[54.383312,24.493706],[54.383141,24.493903],[54.383352,24.494055],[54.383524,24.493858]]]}},{"type":"Feature","properties":{"height":130.0},"geometry":{"type":"Polygon","coordinates":[[[54.384791,24.493784],[54.38536,24.494175],[54.385517,24.493985],[54.384727,24.493442],[54.384327,24.493925],[54.384548,24.494076],[54.384791,24.493784]]]}},{"type":"Feature","properties":{"height":45.0},"geometry":{"type":"Polygon","coordinates":[[[54.383233,24.493638],[54.383021,24.493486],[54.38285,24.493683],[54.383061,24.493835],[54.383233,24.493638]]]}},{"type":"Feature","properties":{"height":60.0},"geometry":{"type":"Polygon","coordinates":[[[54.383778,24.493254],[54.383505,24.493054],[54.383214,24.493412],[54.383499,24.493598],[54.383778,24.493254]]]}},{"type":"Feature","properties":{"height":32.0},"geometry":{"type":"Polygon","coordinates":[[[54.380946,24.493465],[54.381138,24.493597],[54.381228,24.493488],[54.381037,24.493356],[54.380946,24.493465]]]}},{"type":"Feature","properties":{"height":12.0},"geometry":{"type":"Polygon","coordinates":[[[54.378455,24.493454],[54.378392,24.493408],[54.378285,24.493529],[54.378348,24.493575],[54.378455,24.493454]]]}},{"type":"Feature","properties":{"height":90.0},"geometry":{"type":"Polygon","coordinates":[[[54.379142,24.493437],[54.378923,24.493282],[54.378758,24.493484],[54.378976,24.493631],[54.379142,24.493437]]]}},{"type":"Feature","properties":{"height":90.0},"geometry":{"type":"Polygon","coordinates":[[[54.378641,24.493079],[54.378466,24.493278],[54.378674,24.493429],[54.378849,24.493229],[54.378641,24.493079]]]}},{"type":"Feature","properties":{"height":25.6},"geometry":{"type":"Polygon","coordinates":[[[54.380703,24.493271],[54.380937,24.493433],[54.381019,24.493335],[54.380784,24.493173],[54.380703,24.493271]]]}},{"type":"Feature","properties":{"height":25.6},"geometry":{"type":"Polygon","coordinates":[[[54.381683,24.493495],[54.381845,24.493311],[54.381727,24.493224],[54.381564,24.493408],[54.381683,24.493495]]]}},{"type":"Feature","properties":{"height":28.8},"geometry":{"type":"Polygon","coordinates":[[[54.381898,24.493048],[54.381753,24.493211],[54.381863,24.493292],[54.382008,24.493128],[54.381898,24.493048]]]}},{"type":"Feature","properties":{"height":28.8},"geometry":{"type":"Polygon","coordinates":[[[54.38162,24.493243],[54.381712,24.493139],[54.38152,24.492998],[54.381428,24.493102],[54.38162,24.493243]]]}},{"type":"Feature","properties":{"height":35.2},"geometry":{"type":"Polygon","coordinates":[[[54.380395,24.493109],[54.380607,24.493256],[54.380719,24.493122],[54.380506,24.492976],[54.380395,24.493109]]]}},{"type":"Feature","properties":{"height":100.0},"geometry":{"type":"Polygon","coordinates":[[[54.378141,24.492959],[54.377956,24.493166],[54.378165,24.493321],[54.37835,24.493114],[54.378141,24.492959]]]}},{"type":"Feature","properties":{"height":28.8},"geometry":{"type":"Polygon","coordinates":[[[54.380161,24.492919],[54.380361,24.493057],[54.380451,24.492949],[54.380251,24.492811],[54.380161,24.492919]]]}},{"type":"Feature","properties":{"height":28.8},"geometry":{"type":"Polygon","coordinates":[[[54.381058,24.493046],[54.381212,24.492872],[54.381109,24.492797],[54.380955,24.492971],[54.381058,24.493046]]]}},{"type":"Feature","properties":{"height":28.8},"geometry":{"type":"Polygon","coordinates":[[[54.38141,24.493091],[54.381502,24.492988],[54.38131,24.492847],[54.381218,24.492951],[54.38141,24.493091]]]}},{"type":"Feature","properties":{"height":35.2},"geometry":{"type":"Polygon","coordinates":[[[54.382059,24.492828],[54.381905,24.492997],[54.382043,24.493101],[54.382197,24.492932],[54.382059,24.492828]]]}},{"type":"Feature","properties":{"height":35.2},"geometry":{"type":"Polygon","coordinates":[[[54.382641,24.492917],[54.382425,24.492772],[54.382317,24.492906],[54.382533,24.493051],[54.382641,24.492917]]]}},{"type":"Feature","properties":{"height":12.0},"geometry":{"type":"Polygon","coordinates":[[[54.383817,24.492875],[54.383745,24.492813],[54.383709,24.492848],[54.383781,24.49291],[54.383817,24.492875]]]}},{"type":"Feature","properties":{"height":12.0},"geometry":{"type":"Polygon","coordinates":[[[54.384151,24.49298],[54.383918,24.492943],[54.383885,24.493112],[54.384118,24.49315],[54.384151,24.49298]]]}},{"type":"Feature","properties":{"height":12.0},"geometry":{"type":"Polygon","coordinates":[[[54.390587,24.492771],[54.390399,24.492942],[54.390505,24.493039],[54.390693,24.492868],[54.390587,24.492771]]]}},{"type":"Feature","properties":{"height":60.0},"geometry":{"type":"Polygon","coordinates":[[[54.388344,24.492845],[54.388319,24.492834],[54.38829,24.492837],[54.388253,24.492863],[54.388243,24.492902],[54.388222,24.492885],[54.387805,24.493598],[54.387987,24.493667],[54.388409,24.492957],[54.388344,24.492845]]]}},{"type":"Feature","properties":{"height":12.0},"geometry":{"type":"Polygon","coordinates":[[[54.388493,24.493904],[54.38838,24.493917],[54.388385,24.493955],[54.388498,24.493941],[54.388493,24.493904]]]}},{"type":"Feature","properties":{"height":60.0},"geometry":{"type":"Polygon","coordinates":[[[54.390121,24.493761],[54.389311,24.493854],[54.389361,24.494209],[54.39017,24.494115],[54.390121,24.493761]]]}},{"type":"Feature","properties":{"height":12.0},"geometry":{"type":"Polygon","coordinates":[[[54.388371,24.493978],[54.388313,24.493964],[54.38828,24.494084],[54.388338,24.494097],[54.388371,24.493978]]]}},{"type":"Feature","properties":{"height":60.0},"geometry":{"type":"Polygon","coordinates":[[[54.389139,24.494073],[54.389101,24.494112],[54.389134,24.494774],[54.389223,24.494771],[54.389231,24.494932],[54.389342,24.494927],[54.389306,24.49419],[54.389225,24.494194],[54.389199,24.494173],[54.389226,24.494172],[54.389223,24.494106],[54.389194,24.494083],[54.389212,24.494064],[54.389205,24.494058],[54.389223,24.494038],[54.389194,24.494015],[54.389225,24.493982],[54.389223,24.493943],[54.389208,24.49393],[54.389225,24.493913],[54.389183,24.493879],[54.389235,24.493825],[54.389231,24.49374],[54.389177,24.493698],[54.389216,24.493696],[54.389214,24.493647],[54.389112,24.493651],[54.389108,24.493557],[54.389031,24.493561],[54.389028,24.493564],[54.389049,24.494002],[54.389139,24.494073]]]}},{"type":"Feature","properties":{"height":151.0},"geometry":{"type":"Polygon","coordinates":[[[54.403322,24.494026],[54.403326,24.494059],[54.403338,24.494159],[54.403457,24.494148],[54.40345,24.494087],[54.403533,24.494079],[54.403536,24.494109],[54.403635,24.494099],[54.403622,24.493989],[54.403615,24.493928],[54.403598,24.493791],[54.403584,24.49368],[54.403484,24.49369],[54.403494,24.493773],[54.403411,24.493781],[54.403404,24.493729],[54.403287,24.49374],[54.403322,24.494026]]]}},{"type":"Feature","properties":{"height":60.0},"geometry":{"type":"Polygon","coordinates":[[[54.403701,24.49439],[54.403757,24.494393],[54.403808,24.494373],[54.404045,24.494498],[54.404185,24.494278],[54.404124,24.494246],[54.404137,24.494224],[54.404374,24.493852],[54.404554,24.493571],[54.404527,24.493557],[54.404581,24.493471],[54.404418,24.493385],[54.404364,24.49347],[54.404296,24.493434],[54.404132,24.49345],[54.404047,24.493458],[54.403978,24.493577],[54.403873,24.493527],[54.403708,24.493544],[54.403703,24.493509],[54.403359,24.493544],[54.403363,24.493579],[54.403368,24.493617],[54.403273,24.493627],[54.403287,24.49374],[54.403322,24.494026],[54.403326,24.494059],[54.403286,24.494063],[54.403322,24.494353],[54.403622,24.494322],[54.403653,24.494365],[54.403701,24.49439]]]}},{"type":"Feature","properties":{"height":205.0},"geometry":{"type":"Polygon","coordinates":[[[54.4042,24.493809],[54.404233,24.493757],[54.404128,24.493702],[54.404015,24.493878],[54.403883,24.494085],[54.403859,24.494123],[54.403966,24.494179],[54.403981,24.494156],[54.404048,24.494191],[54.404009,24.494253],[54.404092,24.494297],[54.404124,24.494246],[54.404137,24.494224],[54.404374,24.493852],[54.404291,24.493808],[54.404268,24.493845],[54.4042,24.493809]]]}},{"type":"Feature","properties":{"height":238.0},"geometry":{"type":"Polygon","coordinates":[[[54.407357,24.494208],[54.407294,24.494291],[54.407536,24.494453],[54.40761,24.494368],[54.407879,24.494062],[54.407631,24.493885],[54.407357,24.494208]]]}},{"type":"Feature","properties":{"height":15.0},"geometry":{"type":"Polygon","coordinates":[[[54.409653,24.494565],[54.40954,24.494014],[54.409535,24.493828],[54.409518,24.493451],[54.409561,24.493239],[54.409564,24.493205],[54.409553,24.493149],[54.409532,24.493029],[54.409064,24.493135],[54.408549,24.493307],[54.408054,24.493578],[54.407982,24.493622],[54.407631,24.493885],[54.407357,24.494208],[54.407294,24.494291],[54.407536,24.494453],[54.408571,24.495082],[54.408621,24.49511],[54.408683,24.495145],[54.408698,24.495154],[54.408961,24.495292],[54.409261,24.495341],[54.409621,24.495322],[54.409964,24.495229],[54.409867,24.495048],[54.409653,24.494565]]]}},{"type":"Feature","properties":{"height":15.0},"geometry":{"type":"Polygon","coordinates":[[[54.408375,24.493859],[54.408383,24.493795],[54.408336,24.493791],[54.408336,24.493857],[54.408356,24.493919],[54.408394,24.493904],[54.408375,24.493859]]]}},{"type":"Feature","properties":{"height":15.0},"geometry":{"type":"Polygon","coordinates":[[[54.409095,24.493889],[54.409096,24.493836],[54.409048,24.493826],[54.409048,24.493882],[54.409029,24.493929],[54.409069,24.493952],[54.409095,24.493889]]]}},{"type":"Feature","properties":{"height":238.0},"geometry":{"type":"Polygon","coordinates":[[[54.408054,24.493578],[54.407982,24.493622],[54.408159,24.493817],[54.408655,24.493506],[54.408549,24.493307],[54.408054,24.493578]]]}},{"type":"Feature","properties":{"height":264.0},"geometry":{"type":"Polygon","coordinates":[[[54.409116,24.493358],[54.409561,24.493239],[54.409564,24.493205],[54.409553,24.493149],[54.409532,24.493029],[54.409064,24.493135],[54.408549,24.493307],[54.408054,24.493578],[54.407982,24.493622],[54.407631,24.493885],[54.407357,24.494208],[54.407419,24.494247],[54.407404,24.494266],[54.407501,24.494326],[54.407518,24.494306],[54.40761,24.494368],[54.407879,24.494062],[54.408159,24.493817],[54.408655,24.493506],[54.408838,24.493447],[54.409116,24.493358]],[[54.408806,24.493443],[54.408786,24.493428],[54.408775,24.49341],[54.408768,24.493386],[54.408768,24.493351],[54.408777,24.493306],[54.4088,24.49327],[54.408824,24.493248],[54.408856,24.493232],[54.408885,24.493239],[54.408908,24.493254],[54.408917,24.493276],[54.408917,24.493314],[54.40891,24.493356],[54.408895,24.493402],[54.408873,24.493431],[54.408838,24.493447],[54.408806,24.493443]],[[54.407779,24.493832],[54.407815,24.493804],[54.407867,24.493789],[54.407916,24.49379],[54.407969,24.4938],[54.408004,24.493819],[54.408022,24.493842],[54.40802,24.493874],[54.40801,24.493896],[54.407981,24.493918],[54.407918,24.493924],[54.407856,24.493922],[54.407812,24.49391],[54.40778,24.493885],[54.407774,24.493861],[54.407779,24.493832]]]}},{"type":"Feature","properties":{"height":238.0},"geometry":{"type":"Polygon","coordinates":[[[54.409553,24.493149],[54.409532,24.493029],[54.409064,24.493135],[54.409116,24.493358],[54.409561,24.493239],[54.409564,24.493205],[54.409553,24.493149]]]}},{"type":"Feature","properties":{"height":60.0},"geometry":{"type":"Polygon","coordinates":[[[54.400649,24.492935],[54.399918,24.49302],[54.399973,24.493406],[54.400704,24.493321],[54.400649,24.492935]]]}},{"type":"Feature","properties":{"height":12.0},"geometry":{"type":"Polygon","coordinates":[[[54.406379,24.492879],[54.406249,24.493007],[54.406346,24.493088],[54.406476,24.49296],[54.406379,24.492879]]]}},{"type":"Feature","properties":{"height":12.8},"geometry":{"type":"Polygon","coordinates":[[[54.406527,24.493456],[54.405951,24.492978],[54.406315,24.492642],[54.406142,24.492521],[54.406355,24.492421],[54.406247,24.492254],[54.405376,24.492715],[54.405341,24.492999],[54.4062,24.493728],[54.406527,24.493456]]]}},{"type":"Feature","properties":{"height":171.0},"geometry":{"type":"Polygon","coordinates":[[[54.39287,24.492786],[54.392808,24.492401],[54.392226,24.492479],[54.392288,24.492864],[54.39287,24.492786]]]}},{"type":"Feature","properties":{"height":154.0},"geometry":{"type":"Polygon","coordinates":[[[54.394081,24.49238],[54.394184,24.492454],[54.394285,24.492338],[54.39419,24.492269],[54.394233,24.49222],[54.393984,24.49204],[54.393805,24.492246],[54.394047,24.492419],[54.394081,24.49238]]]}},{"type":"Feature","properties":{"height":40.0},"geometry":{"type":"Polygon","coordinates":[[[54.396062,24.492332],[54.395653,24.492258],[54.395588,24.492557],[54.395997,24.492631],[54.396062,24.492332]]]}},{"type":"Feature","properties":{"height":12.0},"geometry":{"type":"Polygon","coordinates":[[[54.398647,24.492553],[54.398602,24.492224],[54.398525,24.492233],[54.39857,24.492562],[54.398647,24.492553]]]}},{"type":"Feature","properties":{"height":12.0},"geometry":{"type":"Polygon","coordinates":[[[54.39896,24.492335],[54.398848,24.492349],[54.398861,24.492446],[54.398979,24.492436],[54.39896,24.492335]]]}},{"type":"Feature","properties":{"height":12.0},"geometry":{"type":"Polygon","coordinates":[[[54.399095,24.49242],[54.399082,24.49232],[54.39896,24.492335],[54.398979,24.492436],[54.399095,24.49242]]]}},{"type":"Feature","properties":{"height":12.0},"geometry":{"type":"Polygon","coordinates":[[[54.398848,24.492349],[54.398825,24.492216],[54.398753,24.492225],[54.398781,24.49246],[54.398861,24.492446],[54.398848,24.492349]]]}},{"type":"Feature","properties":{"height":12.0},"geometry":{"type":"Polygon","coordinates":[[[54.398667,24.492158],[54.398624,24.49184],[54.398498,24.491854],[54.398541,24.492176],[54.398667,24.492158]]]}},{"type":"Feature","properties":{"height":147.0},"geometry":{"type":"Polygon","coordinates":[[[54.394448,24.492141],[54.394583,24.492231],[54.394656,24.492139],[54.394752,24.492202],[54.394827,24.492108],[54.394752,24.492059],[54.394815,24.491978],[54.394662,24.491877],[54.394623,24.491927],[54.394529,24.491865],[54.394395,24.492033],[54.394486,24.492093],[54.394448,24.492141]]]}},{"type":"Feature","properties":{"height":168.0},"geometry":{"type":"Polygon","coordinates":[[[54.392963,24.492093],[54.39299,24.491892],[54.392934,24.491532],[54.39246,24.491593],[54.392547,24.492146],[54.392963,24.492093]]]}},{"type":"Feature","properties":{"height":147.0},"geometry":{"type":"Polygon","coordinates":[[[54.395029,24.491814],[54.395132,24.491889],[54.395234,24.491772],[54.395139,24.491703],[54.395182,24.491654],[54.394932,24.491475],[54.394754,24.49168],[54.394995,24.491853],[54.395029,24.491814]]]}},{"type":"Feature","properties":{"height":40.0},"geometry":{"type":"Polygon","coordinates":[[[54.41083,24.491311],[54.410457,24.491298],[54.410444,24.491622],[54.410816,24.491635],[54.41083,24.491311]]]}},{"type":"Feature","properties":{"height":12.0},"geometry":{"type":"Polygon","coordinates":[[[54.411222,24.491426],[54.411185,24.491424],[54.411181,24.491501],[54.411219,24.491503],[54.411222,24.491426]]]}},{"type":"Feature","properties":{"height":12.0},"geometry":{"type":"Polygon","coordinates":[[[54.412186,24.491699],[54.412108,24.491697],[54.412107,24.491726],[54.412185,24.491729],[54.412186,24.491699]]]}},{"type":"Feature","properties":{"height":60.0},"geometry":{"type":"Polygon","coordinates":[[[54.411931,24.491223],[54.411435,24.491191],[54.411364,24.492099],[54.41186,24.492132],[54.411931,24.491223]]]}},{"type":"Feature","properties":{"height":12.0},"geometry":{"type":"Polygon","coordinates":[[[54.411706,24.492383],[54.411709,24.492296],[54.411581,24.492292],[54.411578,24.49238],[54.411706,24.492383]]]}},{"type":"Feature","properties":{"height":12.0},"geometry":{"type":"Polygon","coordinates":[[[54.411973,24.492459],[54.411972,24.492557],[54.412154,24.492558],[54.412155,24.492461],[54.411973,24.492459]]]}},{"type":"Feature","properties":{"height":12.0},"geometry":{"type":"Polygon","coordinates":[[[54.415103,24.496914],[54.41501,24.49686],[54.4149,24.497017],[54.414992,24.497071],[54.415103,24.496914]]]}},{"type":"Feature","properties":{"height":99.0},"geometry":{"type":"Polygon","coordinates":[[[54.408698,24.496996],[54.40838,24.496868],[54.408294,24.497078],[54.408709,24.497309],[54.40953,24.496918],[54.409385,24.496689],[54.408698,24.496996]]]}},{"type":"Feature","properties":{"height":40.0},"geometry":{"type":"Polygon","coordinates":[[[54.406656,24.496773],[54.406329,24.496853],[54.406432,24.497223],[54.40674,24.497142],[54.406656,24.496773]]]}},{"type":"Feature","properties":{"height":35.0},"geometry":{"type":"Polygon","coordinates":[[[54.408035,24.496764],[54.407724,24.496686],[54.407491,24.496658],[54.407468,24.497083],[54.407816,24.497118],[54.408106,24.497162],[54.408244,24.496834],[54.408035,24.496764]]]}},{"type":"Feature","properties":{"height":35.0},"geometry":{"type":"Polygon","coordinates":[[[54.407376,24.496766],[54.407136,24.496768],[54.407129,24.49706],[54.407344,24.497081],[54.407376,24.496766]]]}},{"type":"Feature","properties":{"height":30.0},"geometry":{"type":"Polygon","coordinates":[[[54.407014,24.496758],[54.406722,24.496827],[54.406805,24.497122],[54.407067,24.497052],[54.407014,24.496758]]]}},{"type":"Feature","properties":{"height":12.0},"geometry":{"type":"Polygon","coordinates":[[[54.406044,24.496945],[54.405962,24.496854],[54.405897,24.496904],[54.405977,24.496993],[54.406044,24.496945]]]}},{"type":"Feature","properties":{"height":171.0},"geometry":{"type":"Polygon","coordinates":[[[54.404704,24.496832],[54.404901,24.496336],[54.404538,24.496216],[54.404341,24.496713],[54.404704,24.496832]]]}},{"type":"Feature","properties":{"height":127.0},"geometry":{"type":"Polygon","coordinates":[[[54.405251,24.496646],[54.405049,24.496559],[54.404825,24.497074],[54.405038,24.497154],[54.405251,24.496646]]]}},{"type":"Feature","properties":{"height":25.0},"geometry":{"type":"Polygon","coordinates":[[[54.404158,24.496949],[54.403928,24.497053],[54.404358,24.49798],[54.404471,24.497888],[54.404508,24.497857],[54.404599,24.497783],[54.404892,24.497434],[54.405002,24.4973],[54.405251,24.496952],[54.405355,24.496781],[54.405374,24.49675],[54.405413,24.496686],[54.405411,24.496392],[54.405095,24.496279],[54.404485,24.49605],[54.404158,24.496949]]]}},{"type":"Feature","properties":{"height":103.0},"geometry":{"type":"Polygon","coordinates":[[[54.404514,24.497318],[54.404685,24.496902],[54.404317,24.496776],[54.404146,24.497192],[54.404514,24.497318]]]}},{"type":"Feature","properties":{"height":60.0},"geometry":{"type":"Polygon","coordinates":[[[54.39439,24.49739],[54.394641,24.497508],[54.394769,24.497442],[54.394885,24.497348],[54.394874,24.497274],[54.394918,24.497211],[54.394997,24.497172],[54.39503,24.497114],[54.394542,24.496821],[54.39431,24.497106],[54.39439,24.49739]]]}},{"type":"Feature","properties":{"height":12.0},"geometry":{"type":"Polygon","coordinates":[[[54.391543,24.497018],[54.391663,24.497013],[54.391661,24.496974],[54.391541,24.496979],[54.391543,24.497018]]]}},{"type":"Feature","properties":{"height":12.0},"geometry":{"type":"Polygon","coordinates":[[[54.391421,24.497019],[54.391496,24.497021],[54.391497,24.496987],[54.391422,24.496985],[54.391421,24.497019]]]}},{"type":"Feature","properties":{"height":12.0},"geometry":{"type":"Polygon","coordinates":[[[54.391309,24.497052],[54.391186,24.49705],[54.391184,24.497144],[54.391304,24.497146],[54.391304,24.497125],[54.391308,24.497125],[54.391309,24.497052]]]}},{"type":"Feature","properties":{"height":12.0},"geometry":{"type":"Polygon","coordinates":[[[54.391662,24.49708],[54.391607,24.49709],[54.391615,24.497128],[54.39167,24.497118],[54.391662,24.49708]]]}},{"type":"Feature","properties":{"height":12.0},"geometry":{"type":"Polygon","coordinates":[[[54.390392,24.496348],[54.390509,24.496344],[54.390506,24.49627],[54.390389,24.496273],[54.390392,24.496348]]]}},{"type":"Feature","properties":{"height":12.0},"geometry":{"type":"Polygon","coordinates":[[[54.390643,24.496328],[54.39063,24.496099],[54.390512,24.496105],[54.390514,24.496146],[54.390557,24.496144],[54.390568,24.496332],[54.390643,24.496328]]]}},{"type":"Feature","properties":{"height":60.0},"geometry":{"type":"Polygon","coordinates":[[[54.390224,24.496025],[54.390147,24.496033],[54.390156,24.496107],[54.390173,24.496106],[54.390205,24.496364],[54.390389,24.496345],[54.390376,24.496239],[54.390448,24.496231],[54.390434,24.496116],[54.390627,24.496096],[54.390576,24.495677],[54.390226,24.495712],[54.39027,24.49607],[54.39023,24.496074],[54.390224,24.496025]]]}},{"type":"Feature","properties":{"height":12.0},"geometry":{"type":"Polygon","coordinates":[[[54.389841,24.495821],[54.389862,24.495928],[54.389955,24.495913],[54.389935,24.495807],[54.389841,24.495821]]]}},{"type":"Feature","properties":{"height":12.0},"geometry":{"type":"Polygon","coordinates":[[[54.388398,24.495709],[54.388299,24.495719],[54.388296,24.49569],[54.388146,24.495705],[54.388159,24.495814],[54.388232,24.495806],[54.388239,24.495869],[54.388496,24.495844],[54.388485,24.495747],[54.388404,24.495755],[54.388398,24.495709]]]}},{"type":"Feature","properties":{"height":12.0},"geometry":{"type":"Polygon","coordinates":[[[54.390231,24.495833],[54.390227,24.495726],[54.390109,24.495729],[54.390113,24.495837],[54.390231,24.495833]]]}},{"type":"Feature","properties":{"height":12.0},"geometry":{"type":"Polygon","coordinates":[[[54.406327,24.496131],[54.406312,24.496158],[54.406385,24.496193],[54.4064,24.496166],[54.406327,24.496131]]]}},{"type":"Feature","properties":{"height":80.0},"geometry":{"type":"Polygon","coordinates":[[[54.410069,24.496343],[54.410179,24.496484],[54.410343,24.49638],[54.410247,24.496256],[54.410415,24.496112],[54.410552,24.496292],[54.410775,24.496187],[54.410614,24.495998],[54.410488,24.496072],[54.410337,24.495938],[54.410046,24.496169],[54.41015,24.496288],[54.410069,24.496343]]]}},{"type":"Feature","properties":{"height":292.2},"geometry":{"type":"Polygon","coordinates":[[[54.408155,24.496059],[54.408161,24.496101],[54.408189,24.496149],[54.408229,24.4962],[54.408279,24.496246],[54.408332,24.496286],[54.40842,24.496335],[54.408526,24.496384],[54.408609,24.49641],[54.408672,24.496421],[54.408742,24.496429],[54.408791,24.496429],[54.408833,24.496427],[54.408871,24.496413],[54.4089,24.496399],[54.408918,24.496381],[54.408932,24.496347],[54.408932,24.49632],[54.408922,24.496284],[54.408891,24.496233],[54.408856,24.496195],[54.408809,24.496152],[54.408758,24.496113],[54.408693,24.496072],[54.408628,24.49604],[54.408544,24.496005],[54.408481,24.495984],[54.408417,24.495969],[54.408362,24.495961],[54.408305,24.495959],[54.408248,24.495966],[54.408204,24.495976],[54.408172,24.496001],[54.408157,24.496024],[54.408155,24.496059]]]}},{"type":"Feature","properties":{"height":15.0},"geometry":{"type":"Polygon","coordinates":[[[54.407442,24.496045],[54.407395,24.496019],[54.407352,24.496044],[54.407304,24.496126],[54.407352,24.496143],[54.407424,24.496091],[54.407442,24.496045]]]}},{"type":"Feature","properties":{"height":237.6},"geometry":{"type":"Polygon","coordinates":[[[54.40679,24.496278],[54.406844,24.496258],[54.406898,24.496231],[54.406938,24.496207],[54.406975,24.496179],[54.407017,24.496147],[54.407049,24.496114],[54.407078,24.496077],[54.407108,24.49603],[54.40712,24.495988],[54.407123,24.495954],[54.407118,24.495928],[54.407103,24.495906],[54.407084,24.49589],[54.407059,24.495879],[54.407014,24.495875],[54.406964,24.495879],[54.406902,24.495893],[54.406843,24.495918],[54.406786,24.495947],[54.406724,24.495983],[54.406673,24.496021],[54.406613,24.496087],[54.406589,24.496124],[54.406568,24.496158],[54.406559,24.496192],[54.40656,24.496224],[54.406567,24.496251],[54.406584,24.496272],[54.406604,24.496287],[54.406631,24.496295],[54.406663,24.496297],[54.4067,24.496296],[54.406737,24.496292],[54.40679,24.496278]]]}},{"type":"Feature","properties":{"height":12.0},"geometry":{"type":"Polygon","coordinates":[[[54.406202,24.496007],[54.40619,24.495968],[54.406167,24.495971],[54.406173,24.49601],[54.406202,24.496035],[54.406241,24.496042],[54.406239,24.496021],[54.406202,24.496007]]]}},{"type":"Feature","properties":{"height":12.0},"geometry":{"type":"Polygon","coordinates":[[[54.406251,24.495819],[54.406297,24.495754],[54.40627,24.495738],[54.406224,24.495803],[54.406251,24.495819]]]}},{"type":"Feature","properties":{"height":10.0},"geometry":{"type":"Polygon","coordinates":[[[54.408698,24.495154],[54.408683,24.495145],[54.408621,24.49511],[54.408571,24.495082],[54.408136,24.495723],[54.408263,24.495794],[54.408698,24.495154]]]}},{"type":"Feature","properties":{"height":12.0},"geometry":{"type":"Polygon","coordinates":[[[54.406596,24.495512],[54.406672,24.495447],[54.406562,24.495341],[54.406486,24.495406],[54.406596,24.495512]]]}},{"type":"Feature","properties":{"height":12.0},"geometry":{"type":"Polygon","coordinates":[[[54.406448,24.495591],[54.406395,24.495503],[54.406312,24.495545],[54.406365,24.495633],[54.406448,24.495591]]]}},{"type":"Feature","properties":{"height":15.0},"geometry":{"type":"Polygon","coordinates":[[[54.406954,24.495582],[54.406958,24.495545],[54.406928,24.495506],[54.406873,24.495497],[54.406828,24.495525],[54.406822,24.495578],[54.406856,24.495619],[54.406905,24.495619],[54.406954,24.495582]]]}},{"type":"Feature","properties":{"height":15.0},"geometry":{"type":"Polygon","coordinates":[[[54.407627,24.496246],[54.407824,24.496263],[54.407996,24.496315],[54.408207,24.49638],[54.408279,24.496246],[54.408229,24.4962],[54.408189,24.496149],[54.408161,24.496101],[54.408155,24.496059],[54.408157,24.496024],[54.408172,24.496001],[54.408204,24.495976],[54.408248,24.495966],[54.408305,24.495959],[54.408362,24.495961],[54.408417,24.495969],[54.408481,24.495984],[54.408504,24.495925],[54.408263,24.495794],[54.408192,24.495752],[54.408136,24.495723],[54.406894,24.495031],[54.406888,24.495048],[54.406863,24.495116],[54.406715,24.495524],[54.406613,24.496087],[54.406673,24.496021],[54.406724,24.495983],[54.406786,24.495947],[54.406843,24.495918],[54.406902,24.495893],[54.406964,24.495879],[54.407014,24.495875],[54.407059,24.495879],[54.407084,24.49589],[54.407103,24.495906],[54.407118,24.495928],[54.407123,24.495954],[54.40712,24.495988],[54.407108,24.49603],[54.407078,24.496077],[54.407049,24.496114],[54.407174,24.496207],[54.407627,24.496246]]]}},{"type":"Feature","properties":{"height":12.0},"geometry":{"type":"Polygon","coordinates":[[[54.406361,24.495724],[54.406546,24.495803],[54.406617,24.495665],[54.406485,24.495609],[54.406467,24.495645],[54.406414,24.495622],[54.406361,24.495724]]]}},{"type":"Feature","properties":{"height":12.0},"geometry":{"type":"Polygon","coordinates":[[[54.406598,24.495288],[54.406472,24.495298],[54.406475,24.495319],[54.4066,24.495316],[54.406598,24.495288]]]}},{"type":"Feature","properties":{"height":12.0},"geometry":{"type":"Polygon","coordinates":[[[54.40635,24.49524],[54.406305,24.495308],[54.406371,24.495344],[54.406417,24.495276],[54.40635,24.49524]]]}},{"type":"Feature","properties":{"height":50.0},"geometry":{"type":"Polygon","coordinates":[[[54.409605,24.495131],[54.409277,24.495141],[54.408998,24.495117],[54.408848,24.495019],[54.408736,24.494887],[54.40869,24.494757],[54.408709,24.494614],[54.408778,24.494487],[54.408891,24.49435],[54.409063,24.494238],[54.409315,24.494121],[54.40954,24.494014],[54.409535,24.493828],[54.409283,24.493926],[54.408998,24.494028],[54.408752,24.494199],[54.408734,24.494212],[54.408732,24.494221],[54.408728,24.49423],[54.408721,24.494237],[54.408645,24.494302],[54.408521,24.494424],[54.408487,24.494566],[54.408473,24.494624],[54.408473,24.494789],[54.408532,24.494957],[54.408683,24.495145],[54.408698,24.495154],[54.408961,24.495292],[54.409261,24.495341],[54.409621,24.495322],[54.409964,24.495229],[54.409867,24.495048],[54.409605,24.495131]]]}},{"type":"Feature","properties":{"height":40.0},"geometry":{"type":"Polygon","coordinates":[[[54.393515,24.494441],[54.393367,24.494459],[54.393371,24.494483],[54.39331,24.49449],[54.393345,24.49473],[54.393613,24.494698],[54.393582,24.494482],[54.393522,24.49449],[54.393515,24.494441]]]}},{"type":"Feature","properties":{"height":60.0},"geometry":{"type":"Polygon","coordinates":[[[54.394069,24.495811],[54.394285,24.495786],[54.3942,24.495176],[54.393632,24.495242],[54.393739,24.496008],[54.393864,24.495994],[54.394069,24.495811]]]}},{"type":"Feature","properties":{"height":60.0},"geometry":{"type":"Polygon","coordinates":[[[54.393656,24.495953],[54.393572,24.495316],[54.393084,24.495385],[54.392676,24.495443],[54.392741,24.49608],[54.392797,24.496038],[54.393656,24.495953]]]}},{"type":"Feature","properties":{"height":80.0},"geometry":{"type":"Polygon","coordinates":[[[54.381615,24.495559],[54.3814,24.495415],[54.38124,24.495613],[54.381455,24.495757],[54.381615,24.495559]]]}},{"type":"Feature","properties":{"height":90.0},"geometry":{"type":"Polygon","coordinates":[[[54.379369,24.495584],[54.379234,24.495743],[54.379374,24.495842],[54.379508,24.495675],[54.379369,24.495584]]]}},{"type":"Feature","properties":{"height":51.2},"geometry":{"type":"Polygon","coordinates":[[[54.378159,24.495537],[54.378287,24.495623],[54.378431,24.495445],[54.378302,24.495359],[54.378159,24.495537]]]}},{"type":"Feature","properties":{"height":95.0},"geometry":{"type":"Polygon","coordinates":[[[54.379591,24.495583],[54.379703,24.495443],[54.379556,24.495346],[54.379395,24.495548],[54.379542,24.495645],[54.379591,24.495583]]]}},{"type":"Feature","properties":{"height":100.0},"geometry":{"type":"Polygon","coordinates":[[[54.380586,24.495387],[54.380439,24.495284],[54.380242,24.495516],[54.380389,24.495619],[54.380586,24.495387]]]}},{"type":"Feature","properties":{"height":100.0},"geometry":{"type":"Polygon","coordinates":[[[54.380615,24.495318],[54.380745,24.495409],[54.380931,24.495189],[54.3808,24.495098],[54.380615,24.495318]]]}},{"type":"Feature","properties":{"height":12.0},"geometry":{"type":"Polygon","coordinates":[[[54.380389,24.495178],[54.380344,24.495148],[54.380303,24.495198],[54.380348,24.495229],[54.380389,24.495178]]]}},{"type":"Feature","properties":{"height":80.0},"geometry":{"type":"Polygon","coordinates":[[[54.379927,24.495196],[54.379785,24.495095],[54.379623,24.495283],[54.379765,24.495384],[54.379927,24.495196]]]}},{"type":"Feature","properties":{"height":35.2},"geometry":{"type":"Polygon","coordinates":[[[54.377923,24.495357],[54.378029,24.495232],[54.377838,24.495097],[54.377732,24.495222],[54.377923,24.495357]]]}},{"type":"Feature","properties":{"height":64.0},"geometry":{"type":"Polygon","coordinates":[[[54.378639,24.495205],[54.378501,24.495106],[54.378338,24.495295],[54.378475,24.495393],[54.378639,24.495205]]]}},{"type":"Feature","properties":{"height":35.2},"geometry":{"type":"Polygon","coordinates":[[[54.379329,24.495125],[54.379182,24.495024],[54.379025,24.495215],[54.379171,24.495316],[54.379329,24.495125]]]}},{"type":"Feature","properties":{"height":64.0},"geometry":{"type":"Polygon","coordinates":[[[54.378851,24.49496],[54.378708,24.494858],[54.378544,24.495048],[54.378687,24.49515],[54.378851,24.49496]]]}},{"type":"Feature","properties":{"height":100.0},"geometry":{"type":"Polygon","coordinates":[[[54.380798,24.494986],[54.380594,24.494844],[54.380393,24.495082],[54.380596,24.495225],[54.380798,24.494986]]]}},{"type":"Feature","properties":{"height":12.0},"geometry":{"type":"Polygon","coordinates":[[[54.385311,24.49504],[54.385338,24.495005],[54.385409,24.494914],[54.385443,24.494869],[54.385372,24.494824],[54.385403,24.494783],[54.385326,24.494734],[54.385299,24.494769],[54.385269,24.494751],[54.385252,24.494774],[54.385224,24.494809],[54.385134,24.494926],[54.385224,24.494996],[54.385311,24.49504]]]}},{"type":"Feature","properties":{"height":45.0},"geometry":{"type":"Polygon","coordinates":[[[54.38286,24.494618],[54.382649,24.494466],[54.382478,24.494664],[54.382689,24.494816],[54.38286,24.494618]]]}},{"type":"Feature","properties":{"height":93.0},"geometry":{"type":"Polygon","coordinates":[[[54.387628,24.494616],[54.387786,24.49423],[54.387981,24.494294],[54.388056,24.494112],[54.387649,24.493977],[54.387408,24.494558],[54.387358,24.494681],[54.387411,24.494722],[54.387698,24.49491],[54.387827,24.494738],[54.387628,24.494616]]]}},{"type":"Feature","properties":{"height":45.0},"geometry":{"type":"Polygon","coordinates":[[[54.383088,24.494352],[54.382876,24.4942],[54.382705,24.494397],[54.382916,24.494549],[54.383088,24.494352]]]}},{"type":"Feature","properties":{"height":45.0},"geometry":{"type":"Polygon","coordinates":[[[54.38257,24.494414],[54.382359,24.494262],[54.382187,24.49446],[54.382399,24.494611],[54.38257,24.494414]]]}},{"type":"Feature","properties":{"height":50.0},"geometry":{"type":"Polygon","coordinates":[[[54.384731,24.494856],[54.384161,24.494168],[54.384102,24.494241],[54.384075,24.494223],[54.384029,24.494279],[54.384056,24.494298],[54.383917,24.494469],[54.38389,24.494451],[54.383846,24.494506],[54.383873,24.494523],[54.383803,24.494609],[54.384681,24.494915],[54.384731,24.494856]]]}},{"type":"Feature","properties":{"height":95.0},"geometry":{"type":"Polygon","coordinates":[[[54.380794,24.49458],[54.380561,24.494411],[54.380445,24.494544],[54.380678,24.494713],[54.380794,24.49458]]]}},{"type":"Feature","properties":{"height":80.0},"geometry":{"type":"Polygon","coordinates":[[[54.380371,24.494512],[54.380487,24.494377],[54.380234,24.494196],[54.380117,24.49433],[54.380337,24.494487],[54.380371,24.494512]]]}},{"type":"Feature","properties":{"height":38.4},"geometry":{"type":"Polygon","coordinates":[[[54.380006,24.494312],[54.3798,24.494163],[54.379626,24.494363],[54.379833,24.494512],[54.380006,24.494312]]]}},{"type":"Feature","properties":{"height":80.0},"geometry":{"type":"Polygon","coordinates":[[[54.379365,24.494253],[54.379134,24.494108],[54.378986,24.494304],[54.379216,24.494449],[54.379365,24.494253]]]}},{"type":"Feature","properties":{"height":85.0},"geometry":{"type":"Polygon","coordinates":[[[54.378808,24.494349],[54.378606,24.494205],[54.378495,24.494335],[54.378698,24.494478],[54.378808,24.494349]]]}},{"type":"Feature","properties":{"height":64.0},"geometry":{"type":"Polygon","coordinates":[[[54.378228,24.494534],[54.378036,24.494394],[54.377925,24.494521],[54.378118,24.49466],[54.378228,24.494534]]]}},{"type":"Feature","properties":{"height":64.0},"geometry":{"type":"Polygon","coordinates":[[[54.378473,24.494709],[54.37828,24.49457],[54.37817,24.494696],[54.378362,24.494835],[54.378473,24.494709]]]}},{"type":"Feature","properties":{"height":85.0},"geometry":{"type":"Polygon","coordinates":[[[54.379029,24.494632],[54.378817,24.494482],[54.378645,24.494681],[54.378857,24.494832],[54.379029,24.494632]]]}},{"type":"Feature","properties":{"height":90.0},"geometry":{"type":"Polygon","coordinates":[[[54.37981,24.49457],[54.379653,24.494751],[54.379864,24.494903],[54.380022,24.494722],[54.37981,24.49457]]]}},{"type":"Feature","properties":{"height":12.0},"geometry":{"type":"Polygon","coordinates":[[[54.380077,24.494773],[54.380024,24.494735],[54.379965,24.494808],[54.380017,24.494844],[54.380077,24.494773]]]}},{"type":"Feature","properties":{"height":85.0},"geometry":{"type":"Polygon","coordinates":[[[54.380296,24.495013],[54.380043,24.494834],[54.379905,24.494978],[54.38017,24.495162],[54.380296,24.495013]]]}},{"type":"Feature","properties":{"height":48.0},"geometry":{"type":"Polygon","coordinates":[[[54.37951,24.494903],[54.379368,24.494802],[54.379206,24.494991],[54.379348,24.495091],[54.37951,24.494903]]]}},{"type":"Feature","properties":{"height":105.0},"geometry":{"type":"Polygon","coordinates":[[[54.377965,24.495507],[54.377707,24.495812],[54.377926,24.495965],[54.378184,24.49566],[54.377965,24.495507]]]}},{"type":"Feature","properties":{"height":100.0},"geometry":{"type":"Polygon","coordinates":[[[54.378401,24.495821],[54.37819,24.49608],[54.378405,24.496226],[54.378617,24.495967],[54.378401,24.495821]]]}},{"type":"Feature","properties":{"height":105.0},"geometry":{"type":"Polygon","coordinates":[[[54.378842,24.495769],[54.378707,24.495926],[54.378913,24.496072],[54.379047,24.495915],[54.378842,24.495769]]]}},{"type":"Feature","properties":{"height":95.0},"geometry":{"type":"Polygon","coordinates":[[[54.38014,24.495918],[54.379998,24.495821],[54.379814,24.496045],[54.379957,24.496141],[54.38014,24.495918]]]}},{"type":"Feature","properties":{"height":80.0},"geometry":{"type":"Polygon","coordinates":[[[54.381675,24.496032],[54.38146,24.495888],[54.3813,24.496087],[54.381515,24.49623],[54.381675,24.496032]]]}},{"type":"Feature","properties":{"height":80.0},"geometry":{"type":"Polygon","coordinates":[[[54.380348,24.495671],[54.380222,24.495584],[54.380024,24.495823],[54.38015,24.495909],[54.380348,24.495671]]]}},{"type":"Feature","properties":{"height":80.0},"geometry":{"type":"Polygon","coordinates":[[[54.381897,24.49577],[54.381682,24.495626],[54.381522,24.495825],[54.381737,24.495968],[54.381897,24.49577]]]}},{"type":"Feature","properties":{"height":25.0},"geometry":{"type":"Polygon","coordinates":[[[54.383811,24.494877],[54.383796,24.494869],[54.383778,24.494863],[54.38376,24.494862],[54.383742,24.494865],[54.383726,24.494872],[54.383484,24.494781],[54.38316,24.495157],[54.38302,24.495319],[54.382853,24.495513],[54.382873,24.495526],[54.382851,24.495551],[54.382867,24.495577],[54.382842,24.49561],[54.382787,24.4956],[54.38276,24.495629],[54.382731,24.495662],[54.382762,24.495696],[54.382735,24.495725],[54.382707,24.495718],[54.382689,24.495739],[54.382669,24.495728],[54.382548,24.495874],[54.382161,24.496337],[54.382143,24.496359],[54.382097,24.496416],[54.382092,24.496422],[54.381935,24.496612],[54.382977,24.497328],[54.383032,24.497262],[54.383079,24.497294],[54.383123,24.497241],[54.383076,24.497209],[54.383251,24.497002],[54.383437,24.496781],[54.383586,24.496604],[54.384208,24.495866],[54.384223,24.495877],[54.384283,24.495807],[54.384266,24.495795],[54.38461,24.495405],[54.384588,24.495391],[54.384591,24.495354],[54.384589,24.495316],[54.384581,24.49528],[54.384568,24.495244],[54.384573,24.495221],[54.384451,24.495136],[54.38444,24.495151],[54.384375,24.495108],[54.383833,24.494902],[54.383825,24.49489],[54.383811,24.494877]]]}},{"type":"Feature","properties":{"height":60.0},"geometry":{"type":"Polygon","coordinates":[[[54.387574,24.496068],[54.387666,24.49676],[54.388417,24.496678],[54.388325,24.495985],[54.387574,24.496068]]]}},{"type":"Feature","properties":{"height":12.0},"geometry":{"type":"Polygon","coordinates":[[[54.384362,24.496312],[54.384434,24.496298],[54.384421,24.496245],[54.38435,24.496259],[54.384362,24.496312]]]}},{"type":"Feature","properties":{"height":12.0},"geometry":{"type":"Polygon","coordinates":[[[54.37954,24.49636],[54.379501,24.496321],[54.379439,24.496373],[54.379478,24.496412],[54.37954,24.49636]]]}},{"type":"Feature","properties":{"height":12.0},"geometry":{"type":"Polygon","coordinates":[[[54.380067,24.496332],[54.380016,24.496394],[54.380029,24.496404],[54.38008,24.496342],[54.380067,24.496332]]]}},{"type":"Feature","properties":{"height":80.0},"geometry":{"type":"Polygon","coordinates":[[[54.380931,24.496357],[54.380841,24.496297],[54.380716,24.496213],[54.380556,24.496411],[54.380771,24.496555],[54.380931,24.496357]]]}},{"type":"Feature","properties":{"height":80.0},"geometry":{"type":"Polygon","coordinates":[[[54.381331,24.496458],[54.38146,24.496299],[54.381244,24.496155],[54.381084,24.496353],[54.381299,24.496497],[54.381331,24.496458]]]}},{"type":"Feature","properties":{"height":60.0},"geometry":{"type":"Polygon","coordinates":[[[54.379924,24.496173],[54.379782,24.496076],[54.379598,24.496299],[54.37974,24.496396],[54.379924,24.496173]]]}},{"type":"Feature","properties":{"height":40.0},"geometry":{"type":"Polygon","coordinates":[[[54.379416,24.496131],[54.37915,24.49595],[54.378986,24.496149],[54.379252,24.49633],[54.379416,24.496131]]]}},{"type":"Feature","properties":{"height":100.0},"geometry":{"type":"Polygon","coordinates":[[[54.379007,24.496464],[54.378744,24.496279],[54.378627,24.496421],[54.378895,24.496603],[54.379007,24.496464]]]}},{"type":"Feature","properties":{"height":100.0},"geometry":{"type":"Polygon","coordinates":[[[54.37929,24.49636],[54.379264,24.496391],[54.379114,24.496569],[54.379325,24.496717],[54.379501,24.496507],[54.37929,24.49636]]]}},{"type":"Feature","properties":{"height":80.0},"geometry":{"type":"Polygon","coordinates":[[[54.381035,24.496416],[54.380871,24.496616],[54.381073,24.496754],[54.381237,24.496554],[54.381035,24.496416]]]}},{"type":"Feature","properties":{"height":90.0},"geometry":{"type":"Polygon","coordinates":[[[54.379682,24.496408],[54.379487,24.496631],[54.379632,24.496736],[54.379827,24.496513],[54.379682,24.496408]]]}},{"type":"Feature","properties":{"height":60.0},"geometry":{"type":"Polygon","coordinates":[[[54.384058,24.496667],[54.384036,24.496558],[54.384069,24.496469],[54.38424,24.49627],[54.384134,24.496202],[54.383887,24.496494],[54.383794,24.496555],[54.383765,24.496652],[54.383826,24.496834],[54.38377,24.496848],[54.383828,24.496962],[54.383972,24.496876],[54.383957,24.496858],[54.384103,24.496767],[54.384093,24.496731],[54.384058,24.496667]]]}},{"type":"Feature","properties":{"height":3.2},"geometry":{"type":"Polygon","coordinates":[[[54.387311,24.496928],[54.38704,24.496954],[54.387055,24.497066],[54.387325,24.497035],[54.387311,24.496928]]]}},{"type":"Feature","properties":{"height":12.0},"geometry":{"type":"Polygon","coordinates":[[[54.384421,24.497102],[54.384347,24.497196],[54.384416,24.497242],[54.384491,24.497147],[54.384421,24.497102]]]}},{"type":"Feature","properties":{"height":12.0},"geometry":{"type":"Polygon","coordinates":[[[54.383621,24.497122],[54.383685,24.497165],[54.383737,24.497101],[54.383674,24.497057],[54.383621,24.497122]]]}},{"type":"Feature","properties":{"height":9.6},"geometry":{"type":"Polygon","coordinates":[[[54.380528,24.497317],[54.380932,24.496834],[54.380476,24.496518],[54.380072,24.497001],[54.380296,24.497156],[54.380528,24.497317]]]}},{"type":"Feature","properties":{"height":44.8},"geometry":{"type":"Polygon","coordinates":[[[54.378049,24.497065],[54.378313,24.49726],[54.37842,24.497141],[54.378156,24.496946],[54.378049,24.497065]]]}}]}