{"type":"FeatureCollection","features":[{"type":"Feature","properties":{},"geometry":{"type":"Polygon","coordinates":[[[54.378831,24.479933],[54.378693,24.479808],[54.378529,24.479902],[54.378145,24.48025],[54.378286,24.480379],[54.37845,24.480285],[54.378635,24.480118],[54.378625,24.480109],[54.378831,24.479933]]]}},{"type":"Feature","properties":{},"geometry":{"type":"Polygon","coordinates":[[[54.37808,24.48035],[54.377916,24.480443],[54.377733,24.480614],[54.377758,24.480636],[54.377557,24.480807],[54.377677,24.480917],[54.377841,24.480823],[54.37822,24.480473],[54.37808,24.48035]]]}},{"type":"Feature","properties":{},"geometry":{"type":"Polygon","coordinates":[[[54.37868,24.481534],[54.37888,24.481678],[54.378968,24.481627],[54.379091,24.481485],[54.37889,24.481342],[54.378802,24.481392],[54.378688,24.481524],[54.378882,24.481287],[54.378964,24.481343],[54.379052,24.481293],[54.379143,24.481182],[54.378954,24.481053],[54.378866,24.481103],[54.378775,24.481213],[54.378789,24.481223],[54.378733,24.481255],[54.378509,24.481529],[54.378519,24.481536],[54.378479,24.481559],[54.378254,24.481832],[54.378337,24.481888],[54.378425,24.481838],[54.378649,24.481564],[54.378639,24.481558],[54.37868,24.481534]]]}},{"type":"Feature","properties":{},"geometry":{"type":"Polygon","coordinates":[[[54.378469,24.481816],[54.378176,24.481983],[54.378047,24.482141],[54.378369,24.482356],[54.378467,24.482293],[54.37856,24.482357],[54.378648,24.482306],[54.378685,24.482262],[54.378557,24.482175],[54.378601,24.48215],[54.378638,24.482104],[54.3787,24.482146],[54.378788,24.482096],[54.379006,24.481817],[54.379041,24.481797],[54.379266,24.481523],[54.379183,24.481467],[54.379095,24.481517],[54.378878,24.481796],[54.378842,24.481816],[54.378709,24.481979],[54.378469,24.481816]]]}},{"type":"Feature","properties":{},"geometry":{"type":"Polygon","coordinates":[[[54.37798,24.482348],[54.37754,24.482599],[54.377168,24.483049],[54.377439,24.483235],[54.377879,24.482984],[54.378251,24.482533],[54.37798,24.482348]]]}},{"type":"Feature","properties":{},"geometry":{"type":"Polygon","coordinates":[[[54.378566,24.48316],[54.378474,24.483268],[54.37875,24.483462],[54.378838,24.483412],[54.37893,24.483304],[54.378654,24.483109],[54.378566,24.48316]]]}},{"type":"Feature","properties":{},"geometry":{"type":"Polygon","coordinates":[[[54.379067,24.483488],[54.378979,24.483538],[54.37895,24.483654],[54.379063,24.483677],[54.379151,24.483627],[54.37918,24.483511],[54.379067,24.483488]]]}},{"type":"Feature","properties":{},"geometry":{"type":"Polygon","coordinates":[[[54.378629,24.48365],[54.37834,24.48345],[54.378265,24.483493],[54.378225,24.48347],[54.377786,24.483721],[54.377646,24.483893],[54.377669,24.48411],[54.37781,24.484205],[54.377721,24.484311],[54.377912,24.484444],[54.378,24.484394],[54.37794,24.484464],[54.378124,24.484594],[54.37819,24.484556],[54.378145,24.484608],[54.378329,24.48474],[54.378419,24.484689],[54.378359,24.484759],[54.378537,24.484886],[54.37864,24.484823],[54.378568,24.48491],[54.378755,24.485037],[54.37884,24.484989],[54.378783,24.485053],[54.378974,24.485191],[54.379041,24.485153],[54.378997,24.485204],[54.379185,24.48534],[54.379239,24.485309],[54.379167,24.485394],[54.379342,24.485517],[54.379483,24.485436],[54.379585,24.485315],[54.37941,24.485193],[54.379311,24.48525],[54.379388,24.485161],[54.3792,24.485025],[54.379133,24.485063],[54.379186,24.485003],[54.378995,24.484865],[54.378903,24.484917],[54.378957,24.484851],[54.37877,24.484724],[54.37868,24.484776],[54.378742,24.484704],[54.378563,24.484576],[54.378474,24.484627],[54.378538,24.484554],[54.378443,24.484486],[54.378862,24.484247],[54.379146,24.483911],[54.3791,24.483886],[54.379088,24.483792],[54.379023,24.48375],[54.378976,24.483737],[54.378904,24.483748],[54.378871,24.483726],[54.378721,24.483811],[54.37881,24.483709],[54.378765,24.483677],[54.378677,24.483728],[54.378533,24.483893],[54.378553,24.483907],[54.378487,24.483945],[54.378355,24.483851],[54.378543,24.483744],[54.378629,24.48365]],[[54.378273,24.484156],[54.378161,24.484283],[54.37815,24.484275],[54.37806,24.484326],[54.378118,24.484257],[54.378108,24.48425],[54.378273,24.484156]]]}},{"type":"Feature","properties":{},"geometry":{"type":"Polygon","coordinates":[[[54.379349,24.483753],[54.379436,24.48367],[54.379371,24.483614],[54.379283,24.483664],[54.379203,24.483753],[54.379164,24.483775],[54.379104,24.483884],[54.379143,24.483902],[54.379231,24.483852],[54.379261,24.483803],[54.379349,24.483753]]]}},{"type":"Feature","properties":{},"geometry":{"type":"Polygon","coordinates":[[[54.379247,24.484257],[54.379317,24.48417],[54.379303,24.484161],[54.379354,24.484132],[54.379465,24.483997],[54.379377,24.483937],[54.379289,24.483987],[54.379074,24.48425],[54.379159,24.484307],[54.379247,24.484257]]]}},{"type":"Feature","properties":{},"geometry":{"type":"Polygon","coordinates":[[[54.379367,24.484489],[54.379315,24.484552],[54.379188,24.484464],[54.3791,24.484515],[54.379024,24.484607],[54.379305,24.484801],[54.379393,24.48475],[54.379469,24.484658],[54.37944,24.484638],[54.379486,24.484611],[54.379566,24.484514],[54.379455,24.484439],[54.379367,24.484489]]]}},{"type":"Feature","properties":{},"geometry":{"type":"Polygon","coordinates":[[[54.379244,24.486282],[54.37927,24.486243],[54.379211,24.486209],[54.379123,24.48626],[54.379096,24.486298],[54.379156,24.486332],[54.379244,24.486282]]]}},{"type":"Feature","properties":{},"geometry":{"type":"Polygon","coordinates":[[[54.378795,24.486577],[54.378817,24.486542],[54.378744,24.486504],[54.378656,24.486554],[54.378634,24.486589],[54.378707,24.486627],[54.378795,24.486577]]]}},{"type":"Feature","properties":{},"geometry":{"type":"Polygon","coordinates":[[[54.377249,24.487242],[54.377335,24.487304],[54.377434,24.487247],[54.37756,24.487338],[54.377475,24.487436],[54.37753,24.487476],[54.377483,24.48753],[54.37767,24.487666],[54.377732,24.48763],[54.377759,24.48765],[54.377669,24.487753],[54.377815,24.487858],[54.377437,24.48829],[54.377301,24.488195],[54.377008,24.488362],[54.376951,24.48843],[54.37775,24.488987],[54.378043,24.488819],[54.3781,24.488752],[54.377855,24.488581],[54.37789,24.488561],[54.378663,24.487678],[54.379019,24.487937],[54.379036,24.487927],[54.379028,24.487936],[54.379129,24.488012],[54.379217,24.487962],[54.379254,24.487922],[54.379164,24.487854],[54.379207,24.48783],[54.37933,24.487689],[54.3793,24.487667],[54.379473,24.48747],[54.379086,24.48719],[54.37905,24.487211],[54.378887,24.487093],[54.37899,24.486976],[54.378791,24.486831],[54.378604,24.486938],[54.378348,24.48723],[54.378264,24.487168],[54.378125,24.487248],[54.378178,24.487176],[54.378058,24.487089],[54.377975,24.487136],[54.377909,24.487088],[54.378181,24.486933],[54.378427,24.486618],[54.3786,24.486519],[54.37882,24.486237],[54.37878,24.486211],[54.378835,24.48614],[54.378537,24.485947],[54.378098,24.486198],[54.377466,24.487006],[54.377249,24.487242]]]}},{"type":"Feature","properties":{},"geometry":{"type":"Polygon","coordinates":[[[54.378273,24.486996],[54.378361,24.486946],[54.378587,24.486668],[54.378541,24.48664],[54.378453,24.48669],[54.37824,24.486976],[54.378273,24.486996]]]}},{"type":"Feature","properties":{},"geometry":{"type":"Polygon","coordinates":[[[54.379057,24.488221],[54.379183,24.488063],[54.378962,24.487917],[54.378669,24.488084],[54.378542,24.488242],[54.378763,24.488388],[54.379057,24.488221]]]}},{"type":"Feature","properties":{},"geometry":{"type":"Polygon","coordinates":[[[54.378076,24.488859],[54.378029,24.488915],[54.37823,24.489057],[54.378318,24.489006],[54.378366,24.48895],[54.378164,24.488808],[54.378076,24.488859]]]}},{"type":"Feature","properties":{},"geometry":{"type":"Polygon","coordinates":[[[54.379075,24.48969],[54.378987,24.48974],[54.378937,24.489796],[54.378967,24.489818],[54.379055,24.489768],[54.379105,24.489712],[54.379075,24.48969]]]}},{"type":"Feature","properties":{},"geometry":{"type":"Polygon","coordinates":[[[54.378939,24.489813],[54.378851,24.489863],[54.378811,24.489909],[54.378842,24.489931],[54.37893,24.489881],[54.37897,24.489835],[54.378939,24.489813]]]}},{"type":"Feature","properties":{},"geometry":{"type":"Polygon","coordinates":[[[54.377821,24.491229],[54.377842,24.491244],[54.377708,24.49132],[54.377563,24.491491],[54.377635,24.491542],[54.377461,24.491641],[54.377278,24.491855],[54.377516,24.492024],[54.378008,24.491743],[54.378192,24.491529],[54.378016,24.491404],[54.37819,24.491305],[54.378336,24.491134],[54.37832,24.491123],[54.378407,24.491073],[54.378547,24.490908],[54.378624,24.490864],[54.378784,24.490666],[54.378761,24.490651],[54.378789,24.490635],[54.378943,24.490452],[54.378901,24.490423],[54.379009,24.490361],[54.379022,24.49037],[54.379444,24.490129],[54.379649,24.489887],[54.379385,24.489702],[54.378963,24.489943],[54.378758,24.490185],[54.378784,24.490204],[54.378573,24.490324],[54.378411,24.49052],[54.378465,24.490557],[54.378342,24.490627],[54.378187,24.490809],[54.378251,24.490855],[54.378217,24.490912],[54.37797,24.491053],[54.377821,24.491229]]]}},{"type":"Feature","properties":{},"geometry":{"type":"Polygon","coordinates":[[[54.37842,24.492022],[54.378678,24.491875],[54.378792,24.491733],[54.378605,24.491607],[54.378797,24.491498],[54.379125,24.491113],[54.379154,24.491097],[54.379276,24.490953],[54.379345,24.490914],[54.379515,24.49072],[54.379536,24.490735],[54.379747,24.490615],[54.37985,24.490493],[54.379683,24.490375],[54.379798,24.49031],[54.379963,24.490114],[54.379847,24.490032],[54.379612,24.490166],[54.379447,24.490362],[54.379534,24.490423],[54.379442,24.490475],[54.379339,24.490597],[54.379363,24.490614],[54.37911,24.490758],[54.378939,24.490954],[54.378954,24.490965],[54.378815,24.491127],[54.378824,24.491133],[54.378648,24.491319],[54.378661,24.491328],[54.378552,24.491391],[54.378395,24.491573],[54.378447,24.49161],[54.378276,24.491707],[54.378162,24.491849],[54.37842,24.492022]]]}},{"type":"Feature","properties":{},"geometry":{"type":"Polygon","coordinates":[[[54.37909,24.491245],[54.379002,24.491296],[54.378949,24.491359],[54.379006,24.491398],[54.379094,24.491348],[54.379147,24.491285],[54.37909,24.491245]]]}},{"type":"Feature","properties":{},"geometry":{"type":"Polygon","coordinates":[[[54.378914,24.492028],[54.379001,24.491926],[54.378989,24.491917],[54.379215,24.491788],[54.379373,24.491607],[54.379348,24.491589],[54.379518,24.491403],[54.379503,24.491393],[54.379534,24.491376],[54.379684,24.491204],[54.379675,24.491197],[54.379847,24.491013],[54.379829,24.491],[54.380071,24.490861],[54.380184,24.490727],[54.380071,24.490649],[54.3802,24.490575],[54.380366,24.490379],[54.38025,24.490298],[54.380039,24.490418],[54.379927,24.49055],[54.3799,24.49053],[54.379595,24.490705],[54.379482,24.490839],[54.379665,24.490965],[54.379545,24.491034],[54.379584,24.490987],[54.379529,24.490948],[54.379441,24.490999],[54.379387,24.491063],[54.379442,24.491102],[54.379503,24.491067],[54.379229,24.491397],[54.379241,24.491406],[54.379209,24.491425],[54.379063,24.491597],[54.378947,24.491663],[54.378826,24.491803],[54.378816,24.491796],[54.378628,24.491903],[54.378541,24.492006],[54.378726,24.492136],[54.378914,24.492028]]]}},{"type":"Feature","properties":{},"geometry":{"type":"Polygon","coordinates":[[[54.377589,24.492676],[54.377474,24.492805],[54.377725,24.49299],[54.378007,24.492829],[54.378121,24.492701],[54.377871,24.492515],[54.377589,24.492676]]]}},{"type":"Feature","properties":{},"geometry":{"type":"Polygon","coordinates":[[[54.378165,24.493321],[54.37835,24.493114],[54.378141,24.492959],[54.377408,24.493377],[54.377223,24.493584],[54.377432,24.493739],[54.378165,24.493321]]]}},{"type":"Feature","properties":{},"geometry":{"type":"Polygon","coordinates":[[[54.378053,24.493826],[54.37811,24.493845],[54.378098,24.49386],[54.378317,24.494008],[54.378519,24.493892],[54.378385,24.494052],[54.378505,24.494137],[54.378456,24.494165],[54.378311,24.49406],[54.378022,24.494225],[54.378219,24.493992],[54.378006,24.493843],[54.37742,24.494178],[54.377217,24.494419],[54.37743,24.494567],[54.377791,24.494361],[54.377688,24.494479],[54.377776,24.494543],[54.377567,24.494662],[54.377456,24.494789],[54.377648,24.494928],[54.377958,24.494751],[54.377811,24.494837],[54.3777,24.494964],[54.377893,24.495103],[54.378035,24.495022],[54.378022,24.495037],[54.378204,24.495166],[54.378075,24.495316],[54.378101,24.495334],[54.378032,24.495374],[54.37787,24.495561],[54.377196,24.495946],[54.376938,24.496251],[54.377157,24.496404],[54.377926,24.495965],[54.378148,24.495702],[54.378287,24.495623],[54.378431,24.495445],[54.378409,24.495431],[54.378475,24.495393],[54.378639,24.495205],[54.378618,24.49519],[54.378687,24.49515],[54.378851,24.49496],[54.378754,24.494891],[54.378857,24.494832],[54.379029,24.494632],[54.378969,24.49459],[54.379216,24.494449],[54.379365,24.494253],[54.379261,24.494188],[54.379541,24.494028],[54.379712,24.493834],[54.378641,24.493079],[54.377981,24.493455],[54.377807,24.493655],[54.378014,24.493805],[54.378158,24.493723],[54.37818,24.493739],[54.378213,24.49372],[54.378188,24.493751],[54.378155,24.49374],[54.378067,24.49379],[54.378053,24.493826]],[[54.378408,24.494644],[54.378467,24.494681],[54.378449,24.494692],[54.378394,24.494652],[54.378408,24.494644]]]}},{"type":"Feature","properties":{},"geometry":{"type":"Polygon","coordinates":[[[54.37977,24.494957],[54.379795,24.494975],[54.37942,24.49519],[54.379282,24.495334],[54.37932,24.49536],[54.379199,24.49543],[54.379037,24.495618],[54.379056,24.495631],[54.378562,24.495929],[54.378401,24.495821],[54.377668,24.496239],[54.377457,24.496498],[54.377673,24.496644],[54.378037,24.496436],[54.378143,24.496512],[54.378688,24.4962],[54.378715,24.496219],[54.378826,24.496155],[54.378707,24.496299],[54.378011,24.496697],[54.377894,24.496839],[54.378099,24.496978],[54.377827,24.497133],[54.377721,24.497253],[54.377915,24.497396],[54.377741,24.497495],[54.377635,24.497614],[54.377861,24.497781],[54.377831,24.497814],[54.377924,24.497882],[54.377802,24.497952],[54.377608,24.49817],[54.377725,24.498256],[54.378194,24.497989],[54.378389,24.49777],[54.378378,24.497763],[54.378523,24.49768],[54.3788,24.49737],[54.3786,24.497223],[54.378189,24.497457],[54.378093,24.497386],[54.378313,24.49726],[54.37842,24.497141],[54.378216,24.49699],[54.378529,24.496811],[54.378381,24.496988],[54.378592,24.497135],[54.378839,24.496994],[54.378827,24.497008],[54.378973,24.497113],[54.379632,24.496736],[54.379827,24.496513],[54.379698,24.49642],[54.37974,24.496396],[54.379924,24.496173],[54.379913,24.496166],[54.379957,24.496141],[54.380348,24.495671],[54.380326,24.495655],[54.380745,24.495409],[54.380931,24.495189],[54.3808,24.495098],[54.380613,24.495205],[54.380798,24.494986],[54.380594,24.494844],[54.380294,24.495015],[54.380232,24.494968],[54.380678,24.494713],[54.380794,24.49458],[54.380561,24.494411],[54.38002,24.494721],[54.380371,24.494512],[54.380487,24.494377],[54.380234,24.494196],[54.379984,24.494338],[54.380006,24.494312],[54.3798,24.494163],[54.379518,24.494324],[54.379344,24.494524],[54.379581,24.494701],[54.379384,24.494813],[54.379368,24.494802],[54.379016,24.495003],[54.378854,24.495191],[54.378888,24.495215],[54.378767,24.495363],[54.378913,24.495463],[54.379171,24.495316],[54.379202,24.495278],[54.37977,24.494957]],[[54.379118,24.496442],[54.379131,24.496451],[54.37892,24.496571],[54.378997,24.496476],[54.379173,24.496376],[54.379118,24.496442]],[[54.379416,24.496131],[54.379166,24.495961],[54.379374,24.495842],[54.379508,24.495675],[54.379499,24.49567],[54.379542,24.495645],[54.379703,24.495443],[54.379692,24.495435],[54.379737,24.49541],[54.37966,24.495501],[54.379839,24.495626],[54.379706,24.495702],[54.379509,24.495934],[54.379581,24.495985],[54.379464,24.496126],[54.379381,24.496174],[54.379416,24.496131]]]}},{"type":"Feature","properties":{},"geometry":{"type":"Polygon","coordinates":[[[54.377838,24.495097],[54.37758,24.495244],[54.377474,24.495369],[54.377665,24.495504],[54.377923,24.495357],[54.378029,24.495232],[54.377838,24.495097]]]}},{"type":"Feature","properties":{},"geometry":{"type":"Polygon","coordinates":[[[54.377898,24.498573],[54.378057,24.498368],[54.378042,24.498357],[54.378096,24.498326],[54.378263,24.4981],[54.378171,24.498025],[54.377867,24.498199],[54.377672,24.498418],[54.377682,24.498425],[54.37747,24.498546],[54.377295,24.498742],[54.377429,24.49884],[54.377898,24.498573]]]}},{"type":"Feature","properties":{},"geometry":{"type":"Polygon","coordinates":[[[54.379102,24.498643],[54.378992,24.49878],[54.379208,24.498923],[54.379296,24.498873],[54.379405,24.498736],[54.37923,24.49862],[54.379489,24.498472],[54.37965,24.498288],[54.379415,24.498117],[54.379122,24.498285],[54.378969,24.498459],[54.378948,24.498445],[54.37886,24.498496],[54.378786,24.498591],[54.378969,24.498708],[54.379057,24.498658],[54.379116,24.498582],[54.379157,24.498612],[54.379102,24.498643]]]}},{"type":"Feature","properties":{},"geometry":{"type":"Polygon","coordinates":[[[54.37859,24.498706],[54.378609,24.498752],[54.378767,24.498679],[54.378748,24.498633],[54.37859,24.498706]]]}},{"type":"Feature","properties":{},"geometry":{"type":"Polygon","coordinates":[[[54.378741,24.498751],[54.378653,24.498801],[54.378539,24.498923],[54.37864,24.499],[54.378728,24.498949],[54.378841,24.498827],[54.378741,24.498751]]]}},{"type":"Feature","properties":{},"geometry":{"type":"Polygon","coordinates":[[[54.378507,24.499127],[54.378595,24.499077],[54.378635,24.499036],[54.378544,24.498962],[54.378456,24.499012],[54.378375,24.499093],[54.378438,24.499144],[54.378491,24.499114],[54.378507,24.499127]]]}},{"type":"Feature","properties":{},"geometry":{"type":"Polygon","coordinates":[[[54.377974,24.501545],[54.378174,24.501332],[54.377961,24.501167],[54.377308,24.501539],[54.377109,24.501751],[54.377322,24.501917],[54.377974,24.501545]]]}},{"type":"Feature","properties":{},"geometry":{"type":"Polygon","coordinates":[[[54.377836,24.502074],[54.378036,24.50187],[54.37789,24.501751],[54.37745,24.502002],[54.377249,24.502206],[54.377396,24.502325],[54.377836,24.502074]]]}},{"type":"Feature","properties":{},"geometry":{"type":"Polygon","coordinates":[[[54.377996,24.502449],[54.378186,24.502251],[54.378018,24.502117],[54.377461,24.502435],[54.377271,24.502632],[54.377373,24.502714],[54.377299,24.502756],[54.377195,24.502879],[54.377397,24.503021],[54.377954,24.502704],[54.378059,24.502581],[54.377927,24.502488],[54.377996,24.502449]]]}},{"type":"Feature","properties":{},"geometry":{"type":"Polygon","coordinates":[[[54.378755,24.50842],[54.378667,24.50847],[54.37867,24.508574],[54.378779,24.508571],[54.378867,24.508521],[54.378864,24.508417],[54.378755,24.50842]]]}},{"type":"Feature","properties":{},"geometry":{"type":"Polygon","coordinates":[[[54.378529,24.50857],[54.378441,24.50862],[54.378442,24.50873],[54.378515,24.508729],[54.378603,24.508678],[54.378601,24.508569],[54.378529,24.50857]]]}},{"type":"Feature","properties":{},"geometry":{"type":"Polygon","coordinates":[[[54.378591,24.509439],[54.377802,24.509708],[54.377362,24.509959],[54.377563,24.510271],[54.378717,24.509628],[54.378591,24.509439]]]}},{"type":"Feature","properties":{},"geometry":{"type":"Polygon","coordinates":[[[54.377822,24.51028],[54.378074,24.510655],[54.378482,24.51044],[54.378513,24.510486],[54.379499,24.509955],[54.380178,24.509563],[54.379918,24.509156],[54.379666,24.509281],[54.379373,24.509448],[54.379383,24.509464],[54.378895,24.509724],[54.378303,24.510066],[54.378275,24.510024],[54.377822,24.51028]],[[54.379582,24.509759],[54.378967,24.510091],[54.378886,24.509968],[54.379496,24.509631],[54.379582,24.509759]]]}},{"type":"Feature","properties":{},"geometry":{"type":"Polygon","coordinates":[[[54.380394,24.479808],[54.380306,24.479858],[54.380211,24.479964],[54.380234,24.479981],[54.380059,24.480081],[54.380026,24.480057],[54.379938,24.480107],[54.379722,24.480358],[54.379638,24.480406],[54.37958,24.48047],[54.37967,24.480537],[54.379554,24.480604],[54.37945,24.480531],[54.379157,24.480698],[54.378915,24.480985],[54.379042,24.481074],[54.379172,24.481],[54.379152,24.481023],[54.379274,24.481109],[54.379567,24.480941],[54.379816,24.480647],[54.379853,24.480675],[54.379941,24.480625],[54.379999,24.480561],[54.379985,24.48055],[54.380069,24.480502],[54.380219,24.480322],[54.380208,24.480315],[54.380396,24.480101],[54.380484,24.480051],[54.380579,24.479946],[54.380394,24.479808]],[[54.379831,24.480434],[54.379809,24.480418],[54.379835,24.480402],[54.37985,24.480412],[54.379831,24.480434]]]}},{"type":"Feature","properties":{},"geometry":{"type":"Polygon","coordinates":[[[54.379986,24.480776],[54.380074,24.480726],[54.380315,24.480447],[54.380301,24.480437],[54.380351,24.480408],[54.38059,24.480132],[54.380512,24.480076],[54.380424,24.480126],[54.380185,24.480402],[54.380205,24.480417],[54.380154,24.480445],[54.379914,24.480724],[54.379986,24.480776]]]}},{"type":"Feature","properties":{},"geometry":{"type":"Polygon","coordinates":[[[54.380209,24.481259],[54.380168,24.481282],[54.380002,24.481478],[54.380163,24.481591],[54.380219,24.481559],[54.380181,24.481603],[54.380307,24.481691],[54.380161,24.481859],[54.380403,24.482034],[54.38044,24.482013],[54.380414,24.482043],[54.380657,24.482217],[54.380708,24.482188],[54.380673,24.482228],[54.380915,24.482403],[54.380952,24.482382],[54.380926,24.482411],[54.381169,24.482586],[54.381462,24.482418],[54.381797,24.482058],[54.38177,24.482037],[54.381809,24.482015],[54.381933,24.481876],[54.381861,24.481823],[54.382077,24.4817],[54.382265,24.481485],[54.382027,24.481316],[54.381975,24.481346],[54.382012,24.481305],[54.381774,24.481136],[54.381726,24.481163],[54.381764,24.48112],[54.381527,24.480951],[54.381473,24.480981],[54.381503,24.480947],[54.381265,24.480779],[54.381155,24.480841],[54.381223,24.480761],[54.381063,24.480649],[54.380975,24.480699],[54.380823,24.480878],[54.380775,24.480845],[54.380837,24.480809],[54.381003,24.480613],[54.380843,24.4805],[54.380755,24.480551],[54.380589,24.480747],[54.380637,24.480781],[54.380575,24.480816],[54.380193,24.481248],[54.380209,24.481259]],[[54.380847,24.480921],[54.380774,24.480963],[54.380638,24.481124],[54.380564,24.481165],[54.380608,24.481113],[54.380599,24.481108],[54.380657,24.481075],[54.380809,24.480895],[54.380847,24.480921]],[[54.380595,24.481469],[54.380582,24.48146],[54.380632,24.481432],[54.380768,24.481271],[54.380859,24.481218],[54.381022,24.48133],[54.381031,24.481324],[54.381003,24.48138],[54.381094,24.481418],[54.381131,24.481397],[54.381283,24.481502],[54.381342,24.481468],[54.381295,24.481524],[54.381531,24.481687],[54.381594,24.48165],[54.381548,24.481705],[54.381608,24.481746],[54.38147,24.481825],[54.381297,24.481697],[54.381086,24.481817],[54.380883,24.481672],[54.380847,24.481693],[54.380873,24.481663],[54.38063,24.481489],[54.38053,24.481546],[54.380595,24.481469]],[[54.380379,24.481389],[54.38039,24.481375],[54.380396,24.481379],[54.380379,24.481389]],[[54.380401,24.481333],[54.380427,24.481319],[54.380409,24.481339],[54.380401,24.481333]]]}},{"type":"Feature","properties":{},"geometry":{"type":"Polygon","coordinates":[[[54.379724,24.480881],[54.37943,24.481048],[54.37926,24.481236],[54.379494,24.481412],[54.379787,24.481244],[54.379958,24.481057],[54.379724,24.480881]]]}},{"type":"Feature","properties":{},"geometry":{"type":"Polygon","coordinates":[[[54.379725,24.481675],[54.379637,24.481725],[54.379571,24.481803],[54.379674,24.481875],[54.379762,24.481825],[54.379828,24.481747],[54.379725,24.481675]]]}},{"type":"Feature","properties":{},"geometry":{"type":"Polygon","coordinates":[[[54.380165,24.482194],[54.380077,24.482244],[54.379928,24.482414],[54.379978,24.48245],[54.380066,24.4824],[54.380215,24.48223],[54.380165,24.482194]]]}},{"type":"Feature","properties":{},"geometry":{"type":"Polygon","coordinates":[[[54.3805,24.484022],[54.380588,24.483971],[54.380653,24.483893],[54.38058,24.483841],[54.38083,24.483699],[54.381095,24.483384],[54.380892,24.483243],[54.381127,24.483103],[54.381221,24.482991],[54.381104,24.482909],[54.381078,24.482924],[54.380654,24.482628],[54.380215,24.482879],[54.380189,24.482909],[54.380112,24.482953],[54.380149,24.482909],[54.380056,24.482845],[54.380146,24.482737],[54.380124,24.482722],[54.380196,24.482681],[54.380232,24.482642],[54.380293,24.482688],[54.380381,24.482638],[54.380463,24.482548],[54.380286,24.482414],[54.380198,24.482465],[54.380026,24.482655],[54.379911,24.482575],[54.379618,24.482743],[54.3794,24.483005],[54.379589,24.483135],[54.379795,24.483018],[54.379889,24.483083],[54.379615,24.483408],[54.3805,24.484022]],[[54.380535,24.483308],[54.380528,24.483318],[54.38039,24.483222],[54.380398,24.483212],[54.380535,24.483308]]]}},{"type":"Feature","properties":{},"geometry":{"type":"Polygon","coordinates":[[[54.379607,24.48415],[54.379411,24.484378],[54.379882,24.484713],[54.380175,24.484545],[54.380371,24.484317],[54.3799,24.483983],[54.379607,24.48415]]]}},{"type":"Feature","properties":{},"geometry":{"type":"Polygon","coordinates":[[[54.380162,24.484841],[54.380138,24.484868],[54.380162,24.484887],[54.380022,24.484967],[54.379829,24.485177],[54.379839,24.485223],[54.379883,24.485232],[54.379922,24.48522],[54.37991,24.485238],[54.379986,24.485313],[54.380131,24.48542],[54.380319,24.485313],[54.380516,24.485087],[54.380497,24.485073],[54.380552,24.485042],[54.380618,24.484966],[54.380484,24.484868],[54.380396,24.484918],[54.380354,24.484967],[54.380298,24.484926],[54.380372,24.484866],[54.380488,24.484858],[54.380781,24.484691],[54.380797,24.48466],[54.380673,24.484575],[54.380693,24.484546],[54.380577,24.484469],[54.380545,24.484487],[54.380451,24.484425],[54.380158,24.484592],[54.380136,24.484625],[54.380162,24.484841]]]}},{"type":"Feature","properties":{},"geometry":{"type":"Polygon","coordinates":[[[54.380194,24.486139],[54.380351,24.48605],[54.380291,24.48612],[54.380472,24.486249],[54.38049,24.486239],[54.380479,24.486251],[54.380667,24.48639],[54.380761,24.486336],[54.380877,24.486206],[54.380689,24.486067],[54.380664,24.486081],[54.380677,24.486066],[54.380496,24.485937],[54.380412,24.485985],[54.380454,24.485938],[54.380275,24.485807],[54.380188,24.485857],[54.380255,24.485783],[54.380077,24.485651],[54.379999,24.485695],[54.380053,24.485633],[54.379864,24.485497],[54.379776,24.485547],[54.379835,24.485477],[54.379655,24.48535],[54.379491,24.485444],[54.379386,24.485568],[54.379566,24.485695],[54.379651,24.485646],[54.379583,24.485724],[54.379772,24.485861],[54.379917,24.485778],[54.379866,24.485835],[54.380044,24.485967],[54.380062,24.485957],[54.380016,24.486009],[54.380194,24.486139]]]}},{"type":"Feature","properties":{},"geometry":{"type":"Polygon","coordinates":[[[54.379483,24.486647],[54.379446,24.486708],[54.379489,24.48673],[54.379577,24.486679],[54.379614,24.486619],[54.379571,24.486597],[54.379483,24.486647]]]}},{"type":"Feature","properties":{},"geometry":{"type":"Polygon","coordinates":[[[54.37977,24.486934],[54.379606,24.486803],[54.379518,24.486853],[54.379428,24.486947],[54.379592,24.487077],[54.37968,24.487027],[54.37977,24.486934]]]}},{"type":"Feature","properties":{},"geometry":{"type":"Polygon","coordinates":[[[54.37968,24.487129],[54.379797,24.487203],[54.379885,24.487152],[54.379954,24.487063],[54.379938,24.487051],[54.380054,24.486981],[54.380082,24.486937],[54.379948,24.486866],[54.37986,24.486916],[54.379791,24.486996],[54.379807,24.487008],[54.379762,24.487034],[54.37968,24.487129]]]}},{"type":"Feature","properties":{},"geometry":{"type":"Polygon","coordinates":[[[54.379523,24.487225],[54.37955,24.487187],[54.379516,24.487168],[54.379428,24.487218],[54.379401,24.487256],[54.379435,24.487275],[54.379523,24.487225]]]}},{"type":"Feature","properties":{},"geometry":{"type":"Polygon","coordinates":[[[54.38082,24.488104],[54.380677,24.488008],[54.380513,24.488102],[54.380355,24.488297],[54.38022,24.488374],[54.379884,24.488766],[54.380047,24.488878],[54.380328,24.488718],[54.38082,24.488104]]]}},{"type":"Feature","properties":{},"geometry":{"type":"Polygon","coordinates":[[[54.37985,24.488987],[54.379569,24.489148],[54.379406,24.489328],[54.379556,24.48944],[54.379837,24.489279],[54.379916,24.489191],[54.380112,24.489327],[54.38037,24.48918],[54.380481,24.489049],[54.380273,24.488905],[54.380226,24.488932],[54.380241,24.488914],[54.380176,24.48887],[54.380088,24.488921],[54.380038,24.488981],[54.380084,24.489013],[54.380015,24.489052],[54.379985,24.489088],[54.37985,24.488987]]]}},{"type":"Feature","properties":{},"geometry":{"type":"Polygon","coordinates":[[[54.380237,24.489437],[54.380179,24.489471],[54.380216,24.489427],[54.380008,24.48928],[54.379844,24.489374],[54.379743,24.489493],[54.379951,24.48964],[54.380004,24.489609],[54.379978,24.489638],[54.380143,24.489758],[54.380079,24.48983],[54.380281,24.489979],[54.380539,24.489831],[54.380659,24.489696],[54.380458,24.489547],[54.380412,24.489573],[54.380237,24.489437]]]}},{"type":"Feature","properties":{},"geometry":{"type":"Polygon","coordinates":[[[54.379928,24.492497],[54.379894,24.492536],[54.379991,24.492603],[54.379982,24.492614],[54.379824,24.492505],[54.379747,24.492548],[54.3798,24.492485],[54.379602,24.492348],[54.379511,24.492399],[54.379573,24.492326],[54.379385,24.492196],[54.379197,24.492303],[54.379106,24.492413],[54.379294,24.492543],[54.379384,24.492491],[54.379327,24.49256],[54.379525,24.492697],[54.379555,24.49268],[54.379505,24.49274],[54.3797,24.492874],[54.379788,24.492824],[54.379742,24.492879],[54.379932,24.49301],[54.380013,24.492964],[54.37995,24.493039],[54.38015,24.493177],[54.380361,24.493057],[54.380451,24.492949],[54.380319,24.492858],[54.380634,24.492679],[54.381183,24.492023],[54.38114,24.491993],[54.38142,24.491834],[54.38153,24.491705],[54.381481,24.49167],[54.381587,24.49161],[54.381777,24.491408],[54.381646,24.49132],[54.381435,24.49144],[54.381325,24.491559],[54.3807,24.491116],[54.380554,24.491199],[54.38065,24.491086],[54.380551,24.491016],[54.380685,24.490939],[54.380867,24.490726],[54.380733,24.490631],[54.380522,24.490752],[54.38034,24.490964],[54.380375,24.490989],[54.380239,24.491066],[54.380139,24.491184],[54.380339,24.491324],[54.380391,24.491295],[54.380285,24.491419],[54.380311,24.491437],[54.380135,24.49142],[54.379951,24.491525],[54.379938,24.491516],[54.380008,24.491476],[54.380179,24.491281],[54.380041,24.491181],[54.379783,24.491329],[54.379613,24.491523],[54.37963,24.491536],[54.37956,24.491576],[54.379393,24.491766],[54.37953,24.491865],[54.37967,24.491785],[54.379626,24.491978],[54.379615,24.49197],[54.379521,24.492024],[54.379426,24.492132],[54.379928,24.492497]],[[54.38013,24.492099],[54.380216,24.492162],[54.380304,24.492112],[54.3804,24.492003],[54.380356,24.49197],[54.380455,24.491914],[54.380465,24.491864],[54.380515,24.491835],[54.380551,24.491633],[54.380515,24.491631],[54.380524,24.491589],[54.380716,24.491725],[54.38069,24.49174],[54.380391,24.492097],[54.380145,24.492238],[54.380083,24.492311],[54.379842,24.492136],[54.380016,24.492165],[54.38013,24.492099]]]}},{"type":"Feature","properties":{},"geometry":{"type":"Polygon","coordinates":[[[54.380067,24.496332],[54.379979,24.496383],[54.379928,24.496444],[54.379941,24.496454],[54.380029,24.496404],[54.38008,24.496342],[54.380067,24.496332]]]}},{"type":"Feature","properties":{},"geometry":{"type":"Polygon","coordinates":[[[54.38019,24.499018],[54.379897,24.499185],[54.379841,24.499259],[54.37972,24.499328],[54.379661,24.499405],[54.379681,24.499417],[54.379729,24.499397],[54.379691,24.499446],[54.38003,24.49966],[54.380323,24.499493],[54.380347,24.499462],[54.380304,24.499631],[54.380516,24.499679],[54.380618,24.49962],[54.380662,24.499708],[54.380876,24.499719],[54.381059,24.499614],[54.38122,24.4995],[54.381157,24.499399],[54.3811,24.499414],[54.381037,24.499295],[54.381459,24.49904],[54.38117,24.498621],[54.381521,24.49876],[54.381511,24.498911],[54.381615,24.499075],[54.381744,24.499021],[54.381927,24.498916],[54.381895,24.498638],[54.381815,24.498526],[54.381286,24.498381],[54.381084,24.498496],[54.381068,24.498473],[54.380445,24.49885],[54.380565,24.499025],[54.380436,24.499107],[54.380415,24.499192],[54.380252,24.499089],[54.380269,24.499068],[54.38019,24.499018]],[[54.380328,24.499414],[54.380364,24.499393],[54.380355,24.499431],[54.380328,24.499414]]]}},{"type":"Feature","properties":{},"geometry":{"type":"Polygon","coordinates":[[[54.379228,24.507744],[54.379468,24.507741],[54.379762,24.507573],[54.379757,24.507281],[54.379536,24.507284],[54.379401,24.507361],[54.379401,24.507332],[54.379298,24.507332],[54.37921,24.507383],[54.379211,24.507502],[54.379243,24.507502],[54.379244,24.507552],[54.379225,24.507563],[54.379228,24.507744]]]}},{"type":"Feature","properties":{},"geometry":{"type":"Polygon","coordinates":[[[54.380028,24.511878],[54.379981,24.511905],[54.379496,24.512381],[54.379606,24.512466],[54.379653,24.512439],[54.380141,24.511968],[54.380028,24.511878]]]}},{"type":"Feature","properties":{},"geometry":{"type":"Polygon","coordinates":[[[54.38162,24.480883],[54.381914,24.480716],[54.382069,24.480516],[54.3817,24.480241],[54.381599,24.480299],[54.38167,24.480221],[54.381654,24.480209],[54.381703,24.480181],[54.381875,24.479991],[54.381696,24.479856],[54.381634,24.479892],[54.381677,24.479845],[54.381497,24.47971],[54.381204,24.479877],[54.381032,24.480067],[54.381061,24.480088],[54.380992,24.480128],[54.38082,24.480317],[54.380999,24.480452],[54.381036,24.480431],[54.381025,24.480443],[54.381205,24.480577],[54.381315,24.480515],[54.381224,24.480619],[54.38162,24.480883]]]}},{"type":"Feature","properties":{},"geometry":{"type":"Polygon","coordinates":[[[54.382514,24.482049],[54.382546,24.48203],[54.382733,24.481811],[54.382497,24.481645],[54.382204,24.481812],[54.381609,24.482503],[54.381626,24.482515],[54.381594,24.482533],[54.381408,24.482752],[54.381644,24.482918],[54.381795,24.482832],[54.381702,24.482941],[54.381938,24.483107],[54.382019,24.483061],[54.381964,24.483126],[54.3822,24.483292],[54.38226,24.483257],[54.382221,24.483304],[54.382456,24.48347],[54.3825,24.483446],[54.382461,24.483491],[54.382697,24.483657],[54.38299,24.48349],[54.383592,24.482804],[54.383579,24.482795],[54.383617,24.482773],[54.383804,24.482554],[54.383568,24.482388],[54.383497,24.482428],[54.383311,24.482647],[54.383324,24.482656],[54.383264,24.48269],[54.383337,24.482604],[54.383328,24.482598],[54.383533,24.482368],[54.383298,24.482202],[54.383173,24.482273],[54.38326,24.482179],[54.383087,24.482066],[54.383019,24.482105],[54.383069,24.482052],[54.382901,24.481932],[54.382607,24.482099],[54.382421,24.482318],[54.382578,24.482431],[54.382636,24.482398],[54.382599,24.482437],[54.382772,24.482557],[54.382914,24.482475],[54.382818,24.482588],[54.382827,24.482594],[54.382622,24.482824],[54.382634,24.482832],[54.382601,24.482851],[54.382443,24.48274],[54.382362,24.482785],[54.382417,24.482721],[54.382181,24.482555],[54.38203,24.482641],[54.382123,24.482532],[54.382106,24.48252],[54.382138,24.482502],[54.382514,24.482049]]]}},{"type":"Feature","properties":{},"geometry":{"type":"Polygon","coordinates":[[[54.381363,24.483006],[54.381275,24.483056],[54.381226,24.483117],[54.381325,24.483182],[54.381303,24.48321],[54.381486,24.483332],[54.381509,24.483319],[54.381454,24.483385],[54.381577,24.483469],[54.381665,24.483419],[54.381745,24.483323],[54.381693,24.483287],[54.381725,24.48325],[54.381363,24.483006]]]}},{"type":"Feature","properties":{},"geometry":{"type":"Polygon","coordinates":[[[54.381653,24.483452],[54.381565,24.483503],[54.381523,24.483557],[54.381593,24.483603],[54.381697,24.483532],[54.381941,24.483675],[54.382029,24.483625],[54.382079,24.483554],[54.3818,24.483391],[54.381712,24.483441],[54.381688,24.483475],[54.381653,24.483452]]]}},{"type":"Feature","properties":{},"geometry":{"type":"Polygon","coordinates":[[[54.380992,24.484295],[54.381076,24.484349],[54.381028,24.484376],[54.380987,24.484435],[54.381089,24.484501],[54.381161,24.48446],[54.381496,24.484676],[54.381686,24.484568],[54.381659,24.484601],[54.381725,24.484646],[54.381665,24.48472],[54.381776,24.484795],[54.381809,24.484776],[54.381876,24.484828],[54.381964,24.484778],[54.382015,24.484722],[54.381968,24.484686],[54.38207,24.484628],[54.382291,24.484353],[54.382169,24.484271],[54.381979,24.484369],[54.382281,24.48398],[54.382157,24.483901],[54.381918,24.484037],[54.382024,24.483901],[54.38205,24.483814],[54.381717,24.4836],[54.381627,24.483651],[54.381453,24.483511],[54.381431,24.483523],[54.381457,24.483497],[54.381381,24.483434],[54.381293,24.483484],[54.381209,24.483569],[54.381286,24.483632],[54.381309,24.483619],[54.381258,24.483671],[54.381397,24.483783],[54.381278,24.483851],[54.381253,24.483931],[54.38127,24.483941],[54.381203,24.483979],[54.380992,24.484295]]]}},{"type":"Feature","properties":{},"geometry":{"type":"Polygon","coordinates":[[[54.380738,24.483973],[54.38065,24.484024],[54.380595,24.484094],[54.380641,24.484126],[54.380729,24.484076],[54.380788,24.484007],[54.380738,24.483973]]]}},{"type":"Feature","properties":{},"geometry":{"type":"Polygon","coordinates":[[[54.380676,24.485421],[54.380969,24.485254],[54.381299,24.484858],[54.381158,24.48476],[54.380864,24.484927],[54.380551,24.485303],[54.380607,24.485342],[54.380591,24.485362],[54.380676,24.485421]]]}},{"type":"Feature","properties":{},"geometry":{"type":"Polygon","coordinates":[[[54.380965,24.485302],[54.381037,24.485395],[54.381194,24.4853],[54.381123,24.485207],[54.380965,24.485302]]]}},{"type":"Feature","properties":{},"geometry":{"type":"Polygon","coordinates":[[[54.381211,24.486035],[54.381035,24.486225],[54.381175,24.486327],[54.381268,24.486273],[54.381425,24.486095],[54.381414,24.486087],[54.381751,24.485714],[54.381735,24.485703],[54.38191,24.485521],[54.381895,24.48551],[54.381926,24.485493],[54.382081,24.485317],[54.381937,24.485212],[54.381843,24.485266],[54.381689,24.485441],[54.381712,24.485458],[54.381682,24.485476],[54.381534,24.485641],[54.381548,24.485652],[54.381519,24.485669],[54.381201,24.486028],[54.381211,24.486035]]]}},{"type":"Feature","properties":{},"geometry":{"type":"Polygon","coordinates":[[[54.380702,24.485588],[54.380674,24.485747],[54.380857,24.485774],[54.380945,24.485723],[54.380973,24.485564],[54.38079,24.485537],[54.380702,24.485588]]]}},{"type":"Feature","properties":{},"geometry":{"type":"Polygon","coordinates":[[[54.38104,24.485793],[54.380952,24.485843],[54.380902,24.485898],[54.380958,24.48594],[54.381046,24.48589],[54.381096,24.485835],[54.38104,24.485793]]]}},{"type":"Feature","properties":{},"geometry":{"type":"Polygon","coordinates":[[[54.381304,24.487604],[54.381207,24.48772],[54.381394,24.48785],[54.381558,24.487756],[54.381656,24.48764],[54.381469,24.48751],[54.381304,24.487604]]]}},{"type":"Feature","properties":{},"geometry":{"type":"Polygon","coordinates":[[[54.381016,24.487586],[54.380758,24.487733],[54.380597,24.487925],[54.380764,24.488041],[54.381022,24.487894],[54.381183,24.487701],[54.381016,24.487586]]]}},{"type":"Feature","properties":{},"geometry":{"type":"Polygon","coordinates":[[[54.381362,24.488386],[54.381319,24.488434],[54.381502,24.488568],[54.381713,24.488447],[54.381804,24.488345],[54.381622,24.48821],[54.381557,24.488247],[54.381605,24.488191],[54.38141,24.488056],[54.381345,24.488093],[54.381389,24.48804],[54.381192,24.487905],[54.381004,24.488012],[54.380914,24.48812],[54.381112,24.488255],[54.381128,24.488246],[54.381085,24.488298],[54.381279,24.488433],[54.381362,24.488386]]]}},{"type":"Feature","properties":{},"geometry":{"type":"Polygon","coordinates":[[[54.380808,24.489042],[54.380765,24.48909],[54.380957,24.489236],[54.381144,24.489129],[54.381248,24.489016],[54.381176,24.488962],[54.381406,24.488831],[54.381524,24.488693],[54.381317,24.488546],[54.381287,24.488563],[54.381106,24.488431],[54.381084,24.488444],[54.381113,24.488411],[54.380898,24.488256],[54.38064,24.488403],[54.380531,24.488528],[54.380584,24.488566],[54.380338,24.488707],[54.380219,24.488842],[54.380431,24.488997],[54.380549,24.488929],[54.380521,24.488962],[54.380714,24.489096],[54.380808,24.489042]],[[54.380837,24.488631],[54.380822,24.488649],[54.380984,24.488767],[54.38095,24.488806],[54.380832,24.488724],[54.38079,24.488748],[54.380831,24.488701],[54.38078,24.488664],[54.380837,24.488631]],[[54.380999,24.488902],[54.380975,24.488916],[54.380991,24.488897],[54.380999,24.488902]]]}},{"type":"Feature","properties":{},"geometry":{"type":"Polygon","coordinates":[[[54.380993,24.489437],[54.381113,24.489525],[54.381324,24.489404],[54.381646,24.489032],[54.381632,24.489023],[54.381821,24.488827],[54.381684,24.488725],[54.381426,24.488873],[54.381265,24.489053],[54.381304,24.489082],[54.380993,24.489437]]]}},{"type":"Feature","properties":{},"geometry":{"type":"Polygon","coordinates":[[[54.380566,24.489131],[54.380402,24.489225],[54.380304,24.489337],[54.380466,24.489453],[54.380537,24.489412],[54.380488,24.489469],[54.380682,24.489608],[54.380846,24.489514],[54.380944,24.489402],[54.38075,24.489262],[54.380678,24.489304],[54.380727,24.489247],[54.380566,24.489131]]]}},{"type":"Feature","properties":{},"geometry":{"type":"Polygon","coordinates":[[[54.381226,24.490241],[54.381357,24.490088],[54.381395,24.490067],[54.381896,24.48949],[54.382047,24.489324],[54.382094,24.489297],[54.382252,24.489104],[54.382292,24.489081],[54.382426,24.488917],[54.382412,24.488907],[54.382448,24.488887],[54.382521,24.4888],[54.3827,24.488927],[54.382733,24.488908],[54.382717,24.488927],[54.382915,24.489066],[54.383196,24.488905],[54.383289,24.488795],[54.383092,24.488656],[54.383059,24.488675],[54.383075,24.488656],[54.382878,24.488517],[54.382589,24.488686],[54.382775,24.488484],[54.382664,24.488401],[54.382406,24.488548],[54.382238,24.488735],[54.382266,24.488756],[54.382155,24.48889],[54.382186,24.488912],[54.382078,24.488974],[54.381252,24.489895],[54.38128,24.489914],[54.381181,24.490023],[54.381194,24.490033],[54.381166,24.490049],[54.381026,24.490212],[54.381138,24.490292],[54.381226,24.490241]]]}},{"type":"Feature","properties":{},"geometry":{"type":"Polygon","coordinates":[[[54.3817,24.490648],[54.38179,24.490542],[54.381593,24.490403],[54.381503,24.490454],[54.381562,24.490385],[54.381365,24.490246],[54.381201,24.49034],[54.381107,24.49045],[54.381305,24.490588],[54.381394,24.490537],[54.381335,24.490607],[54.381533,24.490745],[54.381598,24.490708],[54.381507,24.490815],[54.381705,24.490954],[54.381916,24.490833],[54.382009,24.490723],[54.381812,24.490585],[54.3817,24.490648]]]}},{"type":"Feature","properties":{},"geometry":{"type":"Polygon","coordinates":[[[54.381982,24.492193],[54.382094,24.492056],[54.381965,24.49197],[54.382074,24.491907],[54.38225,24.4917],[54.382108,24.4916],[54.38185,24.491748],[54.381674,24.491955],[54.381689,24.491965],[54.381576,24.492029],[54.381465,24.492166],[54.381565,24.492234],[54.38136,24.492351],[54.381208,24.492535],[54.38125,24.492564],[54.381205,24.492629],[54.381061,24.492711],[54.380919,24.492871],[54.380946,24.49289],[54.380898,24.492918],[54.380744,24.493091],[54.380847,24.493167],[54.38101,24.493074],[54.381199,24.493212],[54.381255,24.49318],[54.381217,24.493223],[54.381409,24.493363],[54.38162,24.493243],[54.381546,24.493327],[54.381539,24.493331],[54.381376,24.493515],[54.381495,24.493602],[54.381683,24.493495],[54.382002,24.493124],[54.382076,24.493065],[54.382275,24.493198],[54.382533,24.493051],[54.382641,24.492917],[54.382508,24.492828],[54.382737,24.492698],[54.382896,24.492513],[54.382886,24.492506],[54.382925,24.492484],[54.38308,24.492305],[54.382945,24.492208],[54.382664,24.492368],[54.382509,24.492547],[54.382533,24.492565],[54.382358,24.492758],[54.382399,24.492788],[54.382219,24.49289],[54.382359,24.492732],[54.382245,24.492648],[54.382048,24.492761],[54.382101,24.492696],[54.381908,24.492567],[54.381847,24.492602],[54.381915,24.492518],[54.381718,24.492385],[54.38158,24.492464],[54.381697,24.492323],[54.381724,24.492341],[54.381982,24.492193]],[[54.381158,24.492933],[54.381212,24.492872],[54.381203,24.492866],[54.381251,24.492838],[54.381375,24.492697],[54.38154,24.492808],[54.381626,24.49276],[54.381586,24.492809],[54.381778,24.492938],[54.381992,24.492816],[54.381901,24.492918],[54.381801,24.492975],[54.381676,24.493113],[54.38152,24.492998],[54.381464,24.49303],[54.381502,24.492988],[54.38131,24.492847],[54.381158,24.492933]]]}},{"type":"Feature","properties":{},"geometry":{"type":"Polygon","coordinates":[[[54.380506,24.492976],[54.380248,24.493123],[54.380137,24.493256],[54.380349,24.493403],[54.380607,24.493256],[54.380719,24.493122],[54.380506,24.492976]]]}},{"type":"Feature","properties":{},"geometry":{"type":"Polygon","coordinates":[[[54.381986,24.493695],[54.382077,24.493579],[54.381858,24.493436],[54.3816,24.493584],[54.381524,24.493679],[54.381256,24.493494],[54.381194,24.493529],[54.381228,24.493488],[54.381037,24.493356],[54.380969,24.493394],[54.381019,24.493335],[54.380784,24.493173],[54.380596,24.49328],[54.380515,24.493378],[54.38075,24.49354],[54.38077,24.493528],[54.380712,24.493598],[54.380903,24.493731],[54.380918,24.493723],[54.380857,24.493795],[54.381165,24.494007],[54.381446,24.493847],[54.381548,24.493725],[54.381728,24.493843],[54.381986,24.493695]]]}},{"type":"Feature","properties":{},"geometry":{"type":"Polygon","coordinates":[[[54.380663,24.49385],[54.380595,24.493803],[54.380491,24.493875],[54.380558,24.493922],[54.380663,24.49385]]]}},{"type":"Feature","properties":{},"geometry":{"type":"Polygon","coordinates":[[[54.381627,24.493788],[54.381416,24.493908],[54.381253,24.494104],[54.381394,24.494202],[54.381605,24.494081],[54.381769,24.493886],[54.381627,24.493788]]]}},{"type":"Feature","properties":{},"geometry":{"type":"Polygon","coordinates":[[[54.380935,24.496159],[54.380958,24.496175],[54.380873,24.496223],[54.380823,24.496285],[54.380716,24.496213],[54.38013,24.496547],[54.379969,24.496746],[54.380148,24.496865],[54.380001,24.497041],[54.380458,24.497357],[54.380528,24.497317],[54.380931,24.496835],[54.381073,24.496754],[54.381237,24.496554],[54.38122,24.496542],[54.381299,24.496497],[54.38146,24.496299],[54.38143,24.496279],[54.381515,24.49623],[54.381675,24.496032],[54.381652,24.496017],[54.381737,24.495968],[54.381897,24.49577],[54.381682,24.495626],[54.381456,24.495755],[54.381615,24.495559],[54.3814,24.495415],[54.380813,24.49575],[54.380653,24.495948],[54.380868,24.496092],[54.381094,24.495963],[54.380935,24.496159]]]}},{"type":"Feature","properties":{},"geometry":{"type":"Polygon","coordinates":[[[54.381525,24.499426],[54.381437,24.499476],[54.381405,24.499534],[54.381468,24.499563],[54.381556,24.499512],[54.381588,24.499455],[54.381525,24.499426]]]}},{"type":"Feature","properties":{},"geometry":{"type":"Polygon","coordinates":[[[54.380794,24.511535],[54.38082,24.51147],[54.380777,24.511456],[54.380684,24.51152],[54.38069,24.511491],[54.380733,24.511466],[54.380742,24.511423],[54.380622,24.511403],[54.380534,24.511453],[54.380501,24.511619],[54.380621,24.511639],[54.380794,24.511535]]]}},{"type":"Feature","properties":{},"geometry":{"type":"Polygon","coordinates":[[[54.381238,24.51251],[54.381318,24.512427],[54.380313,24.511587],[54.380266,24.511614],[54.380191,24.511712],[54.381191,24.512537],[54.381238,24.51251]]]}},{"type":"Feature","properties":{},"geometry":{"type":"Polygon","coordinates":[[[54.382076,24.480802],[54.382015,24.480837],[54.381942,24.480919],[54.382002,24.480963],[54.381964,24.480985],[54.381937,24.481171],[54.38214,24.481195],[54.382135,24.481229],[54.382324,24.481251],[54.382617,24.481083],[54.382625,24.48103],[54.382769,24.480948],[54.382953,24.480744],[54.382926,24.480725],[54.382968,24.480701],[54.383151,24.480498],[54.383129,24.480481],[54.383166,24.48046],[54.38335,24.480257],[54.383114,24.480081],[54.382997,24.480148],[54.383086,24.480049],[54.382851,24.479873],[54.382789,24.479909],[54.382827,24.479867],[54.382591,24.479691],[54.382298,24.479858],[54.382035,24.480138],[54.382118,24.480194],[54.382213,24.480135],[54.38235,24.480237],[54.382412,24.480202],[54.382374,24.480244],[54.382397,24.480262],[54.382345,24.480292],[54.382161,24.480495],[54.38217,24.480501],[54.381963,24.480718],[54.382076,24.480802]]]}},{"type":"Feature","properties":{},"geometry":{"type":"Polygon","coordinates":[[[54.382797,24.481644],[54.382766,24.481681],[54.383011,24.481851],[54.383063,24.481821],[54.383031,24.481859],[54.383277,24.482029],[54.38334,24.481992],[54.383297,24.482044],[54.383542,24.482214],[54.383575,24.482196],[54.383562,24.48221],[54.383808,24.48238],[54.384101,24.482213],[54.384254,24.482029],[54.384238,24.482018],[54.384299,24.481983],[54.384453,24.4818],[54.384442,24.481792],[54.3845,24.481759],[54.384654,24.481575],[54.384638,24.481564],[54.384698,24.481531],[54.384851,24.481347],[54.384606,24.481177],[54.38451,24.481232],[54.384608,24.48112],[54.384371,24.480951],[54.384263,24.481012],[54.384323,24.480943],[54.384086,24.480774],[54.38402,24.480812],[54.38406,24.480767],[54.383822,24.480598],[54.383729,24.480651],[54.383803,24.480567],[54.383565,24.480398],[54.383272,24.480566],[54.383086,24.480787],[54.383179,24.480851],[54.382951,24.480982],[54.382823,24.481135],[54.382892,24.481183],[54.382659,24.481316],[54.382506,24.4815],[54.382751,24.48167],[54.382797,24.481644]],[[54.383198,24.481319],[54.383139,24.481278],[54.383372,24.481145],[54.383445,24.481058],[54.383578,24.481149],[54.383655,24.481105],[54.383607,24.481163],[54.383842,24.481326],[54.38396,24.481258],[54.383695,24.481587],[54.383645,24.481624],[54.383478,24.481508],[54.383426,24.481538],[54.383458,24.481499],[54.383212,24.48133],[54.383167,24.481356],[54.383198,24.481319]]]}},{"type":"Feature","properties":{},"geometry":{"type":"Polygon","coordinates":[[[54.382421,24.482461],[54.382359,24.482545],[54.382429,24.482588],[54.382517,24.482538],[54.382579,24.482454],[54.382509,24.482411],[54.382421,24.482461]]]}},{"type":"Feature","properties":{},"geometry":{"type":"Polygon","coordinates":[[[54.382017,24.483642],[54.381964,24.4837],[54.38225,24.483917],[54.382338,24.483867],[54.382391,24.483809],[54.382105,24.483592],[54.382017,24.483642]]]}},{"type":"Feature","properties":{},"geometry":{"type":"Polygon","coordinates":[[[54.382363,24.483879],[54.382307,24.483935],[54.382473,24.484071],[54.382561,24.484021],[54.382617,24.483965],[54.382451,24.483829],[54.382363,24.483879]]]}},{"type":"Feature","properties":{},"geometry":{"type":"Polygon","coordinates":[[[54.38236,24.48406],[54.382272,24.48411],[54.382247,24.484174],[54.382368,24.484214],[54.382456,24.484163],[54.382481,24.4841],[54.38236,24.48406]]]}},{"type":"Feature","properties":{},"geometry":{"type":"Polygon","coordinates":[[[54.382233,24.484842],[54.382204,24.484859],[54.382052,24.485034],[54.382192,24.485135],[54.382286,24.485081],[54.382438,24.484906],[54.382427,24.484898],[54.382458,24.48488],[54.382762,24.484523],[54.382751,24.484515],[54.383081,24.484148],[54.382936,24.484042],[54.382842,24.484095],[54.382221,24.484834],[54.382233,24.484842]]]}},{"type":"Feature","properties":{},"geometry":{"type":"Polygon","coordinates":[[[54.383004,24.486404],[54.383022,24.486394],[54.383121,24.486456],[54.383148,24.48644],[54.383165,24.486451],[54.383253,24.486401],[54.3833,24.486337],[54.383102,24.486215],[54.383014,24.486265],[54.38294,24.486364],[54.383004,24.486404]]]}},{"type":"Feature","properties":{},"geometry":{"type":"Polygon","coordinates":[[[54.383157,24.486794],[54.383069,24.486844],[54.383017,24.486907],[54.383062,24.486937],[54.38315,24.486887],[54.383201,24.486825],[54.383157,24.486794]]]}},{"type":"Feature","properties":{},"geometry":{"type":"Polygon","coordinates":[[[54.382157,24.487187],[54.382511,24.487482],[54.382804,24.487315],[54.383074,24.487043],[54.382985,24.486973],[54.382759,24.487102],[54.382635,24.486999],[54.382814,24.486824],[54.38272,24.486746],[54.382427,24.486914],[54.382157,24.487187]]]}},{"type":"Feature","properties":{},"geometry":{"type":"Polygon","coordinates":[[[54.382626,24.48757],[54.382981,24.487862],[54.383275,24.487695],[54.383537,24.487425],[54.383447,24.487349],[54.383219,24.48748],[54.383101,24.487385],[54.383279,24.487209],[54.38318,24.487133],[54.382887,24.487301],[54.382626,24.48757]]]}},{"type":"Feature","properties":{},"geometry":{"type":"Polygon","coordinates":[[[54.381771,24.487893],[54.381674,24.488001],[54.381895,24.488165],[54.382036,24.488084],[54.382133,24.487976],[54.381912,24.487812],[54.381771,24.487893]]]}},{"type":"Feature","properties":{},"geometry":{"type":"Polygon","coordinates":[[[54.38201,24.488202],[54.381686,24.488567],[54.381806,24.488654],[54.38197,24.48856],[54.382315,24.488179],[54.382197,24.488095],[54.38201,24.488202]]]}},{"type":"Feature","properties":{},"geometry":{"type":"Polygon","coordinates":[[[54.382736,24.489374],[54.382693,24.48952],[54.382892,24.489574],[54.38298,24.489524],[54.382988,24.489498],[54.383108,24.489429],[54.383201,24.489319],[54.383004,24.489181],[54.382953,24.48921],[54.382987,24.489169],[54.38279,24.489031],[54.382717,24.489072],[54.38277,24.48901],[54.382573,24.488871],[54.382485,24.488921],[54.382391,24.489031],[54.382588,24.489169],[54.382532,24.489234],[54.38273,24.489373],[54.382781,24.489344],[54.382736,24.489374]]]}},{"type":"Feature","properties":{},"geometry":{"type":"Polygon","coordinates":[[[54.381768,24.489675],[54.381675,24.489785],[54.381873,24.489924],[54.381945,24.489882],[54.381894,24.489942],[54.382091,24.490081],[54.38216,24.490042],[54.382126,24.490082],[54.382324,24.490221],[54.382558,24.490087],[54.382651,24.489977],[54.382454,24.489838],[54.382409,24.489864],[54.382443,24.489824],[54.382245,24.489685],[54.382173,24.489726],[54.382224,24.489667],[54.382153,24.489617],[54.382259,24.489556],[54.382218,24.489604],[54.382416,24.489743],[54.38258,24.489649],[54.382673,24.48954],[54.382476,24.489401],[54.382413,24.489436],[54.382454,24.489388],[54.382303,24.489282],[54.382378,24.489239],[54.382424,24.489184],[54.382339,24.489124],[54.382251,24.489175],[54.382205,24.489229],[54.382244,24.489257],[54.382046,24.48937],[54.381952,24.48948],[54.382023,24.489529],[54.381768,24.489675]]]}},{"type":"Feature","properties":{},"geometry":{"type":"Polygon","coordinates":[[[54.381844,24.490973],[54.381973,24.491064],[54.382184,24.490943],[54.382515,24.490549],[54.382501,24.490539],[54.38266,24.490361],[54.382651,24.490355],[54.38284,24.490156],[54.382829,24.490149],[54.383009,24.489956],[54.383,24.48995],[54.383035,24.48993],[54.383188,24.489746],[54.383219,24.489728],[54.383349,24.489574],[54.383329,24.489561],[54.38337,24.489537],[54.383531,24.489347],[54.383521,24.489339],[54.383703,24.48914],[54.383583,24.489056],[54.383419,24.48915],[54.38308,24.489543],[54.383102,24.489558],[54.383015,24.489608],[54.382736,24.489957],[54.382678,24.48999],[54.382523,24.490168],[54.382533,24.490175],[54.382387,24.49034],[54.382416,24.490361],[54.382292,24.490431],[54.381844,24.490973]]]}},{"type":"Feature","properties":{},"geometry":{"type":"Polygon","coordinates":[[[54.382118,24.490234],[54.382056,24.490269],[54.382097,24.490221],[54.381899,24.490082],[54.381735,24.490176],[54.381642,24.490286],[54.381837,24.490423],[54.38179,24.490477],[54.381988,24.490616],[54.382222,24.490482],[54.382316,24.490372],[54.382118,24.490234]]]}},{"type":"Feature","properties":{},"geometry":{"type":"Polygon","coordinates":[[[54.382289,24.4911],[54.38225,24.491123],[54.382081,24.491314],[54.382225,24.49142],[54.382506,24.491259],[54.382695,24.491056],[54.383199,24.490477],[54.383137,24.490434],[54.383299,24.490342],[54.38345,24.490172],[54.383485,24.490151],[54.383633,24.489977],[54.383618,24.489966],[54.383792,24.489771],[54.38378,24.489763],[54.383952,24.489566],[54.383942,24.489559],[54.384116,24.489364],[54.383973,24.489266],[54.383715,24.489413],[54.383237,24.490001],[54.382886,24.490376],[54.382954,24.490426],[54.38279,24.49052],[54.382289,24.4911]]]}},{"type":"Feature","properties":{},"geometry":{"type":"Polygon","coordinates":[[[54.382501,24.491364],[54.382383,24.491498],[54.382586,24.491641],[54.382844,24.491494],[54.382938,24.491387],[54.383126,24.491519],[54.383156,24.491502],[54.383083,24.491587],[54.382925,24.491677],[54.382803,24.491817],[54.382996,24.491955],[54.383254,24.491808],[54.383376,24.491668],[54.383331,24.491636],[54.383472,24.491556],[54.383648,24.491352],[54.383633,24.491341],[54.383768,24.491263],[54.383881,24.49113],[54.383781,24.49106],[54.384,24.490935],[54.384113,24.490802],[54.384084,24.490782],[54.384295,24.490661],[54.384408,24.490528],[54.384332,24.490475],[54.384539,24.490358],[54.384664,24.490219],[54.384573,24.490152],[54.384784,24.490031],[54.384896,24.4899],[54.384723,24.489777],[54.384686,24.489799],[54.38471,24.489769],[54.384496,24.489626],[54.384441,24.489657],[54.38448,24.489612],[54.384246,24.489453],[54.383988,24.4896],[54.383882,24.489741],[54.383917,24.489765],[54.383716,24.48988],[54.383604,24.490013],[54.383815,24.490161],[54.38392,24.490101],[54.38385,24.490185],[54.383924,24.490237],[54.383702,24.490364],[54.383589,24.490498],[54.383606,24.490509],[54.383397,24.490629],[54.383309,24.490733],[54.383207,24.490662],[54.382949,24.490809],[54.382836,24.490942],[54.382892,24.490982],[54.382777,24.491047],[54.382616,24.49124],[54.382661,24.491273],[54.382501,24.491364]],[[54.383154,24.491165],[54.383027,24.491237],[54.382937,24.491344],[54.382854,24.491284],[54.383013,24.491193],[54.383083,24.491115],[54.383154,24.491165]],[[54.383417,24.490855],[54.383348,24.490894],[54.383394,24.490839],[54.383417,24.490855]],[[54.383555,24.490905],[54.383532,24.49089],[54.383601,24.49085],[54.383555,24.490905]],[[54.384401,24.49009],[54.384407,24.490094],[54.384388,24.490105],[54.384401,24.49009]],[[54.384104,24.490318],[54.384097,24.490313],[54.384122,24.490299],[54.384104,24.490318]],[[54.384161,24.489863],[54.384168,24.48986],[54.384164,24.489865],[54.384161,24.489863]],[[54.384148,24.489925],[54.384164,24.489936],[54.384115,24.489964],[54.384148,24.489925]],[[54.38385,24.490618],[54.383871,24.490606],[54.383857,24.490623],[54.38385,24.490618]],[[54.383835,24.490667],[54.383854,24.49068],[54.383796,24.490713],[54.383835,24.490667]],[[54.384149,24.490406],[54.384126,24.49042],[54.384142,24.490401],[54.384149,24.490406]]]}},{"type":"Feature","properties":{},"geometry":{"type":"Polygon","coordinates":[[[54.38191,24.492237],[54.381822,24.492345],[54.382012,24.492473],[54.382096,24.492425],[54.38204,24.492493],[54.38223,24.492621],[54.382441,24.492501],[54.382529,24.492392],[54.382339,24.492265],[54.382255,24.492312],[54.382311,24.492244],[54.382121,24.492116],[54.38191,24.492237]]]}},{"type":"Feature","properties":{},"geometry":{"type":"Polygon","coordinates":[[[54.383778,24.493254],[54.383505,24.493054],[54.383066,24.493305],[54.38283,24.493595],[54.382691,24.493674],[54.38252,24.493872],[54.382731,24.494023],[54.383499,24.493598],[54.383778,24.493254]]]}},{"type":"Feature","properties":{},"geometry":{"type":"Polygon","coordinates":[[[54.382029,24.49445],[54.381857,24.494648],[54.382069,24.4948],[54.382315,24.494659],[54.382148,24.494852],[54.382359,24.495004],[54.382689,24.494816],[54.38286,24.494618],[54.382832,24.494597],[54.382916,24.494549],[54.383088,24.494352],[54.383067,24.494337],[54.38313,24.494301],[54.383301,24.494104],[54.383286,24.494093],[54.383352,24.494055],[54.383524,24.493858],[54.383312,24.493706],[54.382983,24.493894],[54.382811,24.494092],[54.382826,24.494102],[54.38276,24.49414],[54.382588,24.494338],[54.382609,24.494352],[54.382542,24.494393],[54.382359,24.494262],[54.382029,24.49445]]]}},{"type":"Feature","properties":{},"geometry":{"type":"Polygon","coordinates":[[[54.382177,24.499232],[54.382207,24.49919],[54.382215,24.499147],[54.382177,24.499062],[54.382139,24.499038],[54.382084,24.499027],[54.382033,24.499036],[54.381902,24.499112],[54.381865,24.499175],[54.381873,24.499244],[54.381902,24.499283],[54.381966,24.499315],[54.382046,24.499309],[54.382177,24.499232]]]}},{"type":"Feature","properties":{},"geometry":{"type":"Polygon","coordinates":[[[54.382733,24.504657],[54.382645,24.504708],[54.382655,24.504831],[54.38273,24.504826],[54.382818,24.504775],[54.382809,24.504652],[54.382733,24.504657]]]}},{"type":"Feature","properties":{},"geometry":{"type":"Polygon","coordinates":[[[54.38161,24.509225],[54.381522,24.509275],[54.381475,24.509328],[54.381523,24.509363],[54.381611,24.509312],[54.381657,24.509259],[54.38161,24.509225]]]}},{"type":"Feature","properties":{},"geometry":{"type":"Polygon","coordinates":[[[54.38138,24.510162],[54.381415,24.510234],[54.381604,24.510143],[54.381569,24.510072],[54.38138,24.510162]]]}},{"type":"Feature","properties":{},"geometry":{"type":"Polygon","coordinates":[[[54.381069,24.511353],[54.381927,24.512019],[54.382367,24.511768],[54.382751,24.511343],[54.382663,24.511275],[54.382984,24.511092],[54.383375,24.510679],[54.382681,24.51014],[54.382241,24.510391],[54.381943,24.510717],[54.381894,24.510679],[54.381455,24.51093],[54.381069,24.511353]]]}},{"type":"Feature","properties":{},"geometry":{"type":"Polygon","coordinates":[[[54.384587,24.480697],[54.384547,24.480744],[54.384785,24.480912],[54.384879,24.480859],[54.384991,24.480728],[54.384753,24.48056],[54.384693,24.480594],[54.384736,24.480545],[54.384491,24.480366],[54.38442,24.480407],[54.38447,24.48035],[54.384225,24.480171],[54.384179,24.480197],[54.384211,24.480161],[54.383966,24.479982],[54.383907,24.480015],[54.383946,24.479972],[54.383701,24.479792],[54.383408,24.47996],[54.383288,24.480095],[54.383533,24.480274],[54.383815,24.480113],[54.383776,24.480157],[54.384021,24.480336],[54.384067,24.48031],[54.384035,24.480346],[54.38425,24.480504],[54.384198,24.480533],[54.384079,24.480668],[54.384324,24.480848],[54.384587,24.480697]]]}},{"type":"Feature","properties":{},"geometry":{"type":"Polygon","coordinates":[[[54.38377,24.482998],[54.383652,24.483134],[54.383664,24.483143],[54.383633,24.483161],[54.383485,24.483332],[54.383494,24.483339],[54.383394,24.483396],[54.383246,24.483567],[54.383267,24.483582],[54.383142,24.483726],[54.383282,24.483826],[54.383376,24.483772],[54.383524,24.483601],[54.383514,24.483594],[54.38355,24.483573],[54.383698,24.483402],[54.383689,24.483396],[54.383719,24.483379],[54.383867,24.483208],[54.383854,24.483199],[54.383886,24.483181],[54.384034,24.48301],[54.384025,24.483004],[54.384052,24.482989],[54.3842,24.482817],[54.384192,24.482811],[54.384363,24.482627],[54.384351,24.482619],[54.384378,24.482604],[54.38452,24.482429],[54.38455,24.482411],[54.384698,24.48224],[54.384688,24.482233],[54.384863,24.482046],[54.384845,24.482033],[54.384876,24.482016],[54.385024,24.481844],[54.384884,24.481744],[54.38479,24.481798],[54.384642,24.481969],[54.38466,24.481982],[54.384629,24.481999],[54.384481,24.482171],[54.384492,24.482178],[54.384465,24.482194],[54.384144,24.482557],[54.384155,24.482565],[54.383981,24.482751],[54.38399,24.482758],[54.383896,24.482811],[54.383748,24.482982],[54.38377,24.482998]]]}},{"type":"Feature","properties":{},"geometry":{"type":"Polygon","coordinates":[[[54.384495,24.484167],[54.384478,24.484154],[54.384503,24.484128],[54.384471,24.484102],[54.384383,24.484153],[54.384297,24.484242],[54.384346,24.484281],[54.384434,24.484231],[54.384495,24.484167]]]}},{"type":"Feature","properties":{},"geometry":{"type":"Polygon","coordinates":[[[54.384063,24.486065],[54.384008,24.486096],[54.383739,24.486369],[54.384098,24.486663],[54.384391,24.486495],[54.384652,24.486226],[54.384666,24.486238],[54.38449,24.486411],[54.384581,24.486487],[54.384874,24.48632],[54.385139,24.486051],[54.384782,24.485761],[54.384489,24.485928],[54.384229,24.48619],[54.384218,24.486182],[54.384706,24.485695],[54.384357,24.485404],[54.384064,24.485571],[54.383798,24.485839],[54.383751,24.4858],[54.383926,24.485625],[54.384108,24.485521],[54.384215,24.485411],[54.384164,24.48537],[54.384235,24.48533],[54.38431,24.485253],[54.384443,24.485177],[54.384549,24.485072],[54.38441,24.484958],[54.384117,24.485125],[54.384012,24.48523],[54.384028,24.485243],[54.38396,24.485287],[54.383837,24.485412],[54.383849,24.48542],[54.383835,24.485435],[54.383787,24.485462],[54.383674,24.485571],[54.383722,24.485611],[54.38354,24.485715],[54.383277,24.485987],[54.383632,24.486279],[54.383925,24.486112],[54.384185,24.485843],[54.384238,24.48589],[54.384063,24.486065]],[[54.384337,24.486279],[54.384319,24.486264],[54.384543,24.486136],[54.384561,24.486151],[54.384337,24.486279]],[[54.384166,24.485827],[54.384116,24.485788],[54.384119,24.485786],[54.384166,24.485827]]]}},{"type":"Feature","properties":{},"geometry":{"type":"Polygon","coordinates":[[[54.383678,24.487354],[54.383836,24.487468],[54.38372,24.487602],[54.383552,24.487465],[54.383464,24.487515],[54.383142,24.487841],[54.383315,24.487983],[54.383332,24.487974],[54.38323,24.488076],[54.383331,24.488158],[54.383423,24.488106],[54.383398,24.488131],[54.383574,24.488277],[54.383867,24.48811],[54.384038,24.487939],[54.383861,24.487795],[54.383736,24.487863],[54.38383,24.487789],[54.383921,24.487747],[54.383949,24.48778],[54.384242,24.487613],[54.384381,24.487454],[54.384333,24.487422],[54.384374,24.487398],[54.384446,24.487315],[54.384436,24.487308],[54.384536,24.487209],[54.384526,24.487202],[54.384621,24.487109],[54.384433,24.486972],[54.384345,24.487022],[54.384276,24.487103],[54.384286,24.48711],[54.384187,24.487209],[54.384197,24.487216],[54.384099,24.487311],[54.384018,24.487357],[54.384114,24.487255],[54.384101,24.487246],[54.384204,24.487148],[54.384192,24.487139],[54.384293,24.487043],[54.384281,24.487035],[54.384381,24.486938],[54.384191,24.486806],[54.384103,24.486856],[54.384036,24.486932],[54.384048,24.486941],[54.384014,24.48696],[54.383947,24.487038],[54.383958,24.487046],[54.383925,24.487064],[54.383856,24.487144],[54.383867,24.487151],[54.383767,24.487249],[54.383778,24.487257],[54.383678,24.487354]],[[54.383419,24.487916],[54.383425,24.487911],[54.383427,24.487912],[54.383419,24.487916]]]}},{"type":"Feature","properties":{},"geometry":{"type":"Polygon","coordinates":[[[54.384,24.48835],[54.384088,24.4883],[54.38418,24.488195],[54.384479,24.488032],[54.38478,24.487679],[54.38469,24.487613],[54.384706,24.487592],[54.384597,24.487519],[54.384304,24.487686],[54.384148,24.487867],[54.38416,24.487876],[54.38412,24.487899],[54.384079,24.48795],[54.384091,24.487959],[54.384045,24.487985],[54.384004,24.488034],[54.384096,24.488103],[54.383923,24.488296],[54.384,24.48835]]]}},{"type":"Feature","properties":{},"geometry":{"type":"Polygon","coordinates":[[[54.384043,24.488407],[54.384059,24.488417],[54.383986,24.488504],[54.384078,24.488569],[54.384166,24.488518],[54.38424,24.488431],[54.384229,24.488423],[54.38439,24.488237],[54.384297,24.488166],[54.384209,24.488216],[54.384043,24.488407]]]}},{"type":"Feature","properties":{},"geometry":{"type":"Polygon","coordinates":[[[54.384385,24.488514],[54.384422,24.488473],[54.384374,24.488438],[54.384286,24.488489],[54.38425,24.48853],[54.384297,24.488564],[54.384385,24.488514]]]}},{"type":"Feature","properties":{},"geometry":{"type":"Polygon","coordinates":[[[54.384731,24.488598],[54.384691,24.488642],[54.38477,24.488699],[54.384737,24.488739],[54.384976,24.488908],[54.385064,24.488858],[54.385141,24.488766],[54.385095,24.488732],[54.38538,24.48857],[54.385542,24.488391],[54.38539,24.48828],[54.385512,24.488201],[54.385607,24.488099],[54.385564,24.488067],[54.385602,24.488027],[54.385504,24.487955],[54.385521,24.487933],[54.38542,24.487862],[54.385347,24.487904],[54.385317,24.487884],[54.384878,24.488135],[54.384623,24.488427],[54.384606,24.488415],[54.384518,24.488465],[54.38437,24.488641],[54.384431,24.488683],[54.384352,24.48876],[54.384451,24.488829],[54.384497,24.488803],[54.384846,24.489058],[54.384934,24.489008],[54.384976,24.488959],[54.384623,24.488707],[54.384578,24.488733],[54.384589,24.48872],[54.384508,24.488665],[54.38454,24.488647],[54.384639,24.48853],[54.384731,24.488598]]]}},{"type":"Feature","properties":{},"geometry":{"type":"Polygon","coordinates":[[[54.385029,24.490322],[54.385006,24.490305],[54.385186,24.490111],[54.385054,24.490014],[54.384772,24.490175],[54.384713,24.490242],[54.384653,24.490276],[54.38459,24.490347],[54.384622,24.490371],[54.384499,24.490512],[54.384439,24.490547],[54.384113,24.49093],[54.384137,24.490947],[54.383959,24.491144],[54.384005,24.491177],[54.383846,24.491268],[54.383153,24.492038],[54.383305,24.492145],[54.383563,24.491998],[54.384251,24.491226],[54.384185,24.491178],[54.384345,24.491087],[54.384502,24.490902],[54.384493,24.490895],[54.385029,24.490322]]]}},{"type":"Feature","properties":{},"geometry":{"type":"Polygon","coordinates":[[[54.383621,24.492898],[54.383693,24.49296],[54.383817,24.492875],[54.383745,24.492813],[54.383621,24.492898]]]}},{"type":"Feature","properties":{},"geometry":{"type":"Polygon","coordinates":[[[54.383918,24.492943],[54.38383,24.492993],[54.383797,24.493163],[54.38403,24.4932],[54.384118,24.49315],[54.384151,24.49298],[54.383918,24.492943]]]}},{"type":"Feature","properties":{},"geometry":{"type":"Polygon","coordinates":[[[54.382689,24.495631],[54.382673,24.495665],[54.382604,24.495704],[54.382547,24.495766],[54.382566,24.495787],[54.382486,24.495832],[54.381751,24.496716],[54.382794,24.497433],[54.382877,24.497386],[54.382895,24.497399],[54.383079,24.497294],[54.383123,24.497241],[54.383076,24.497209],[54.383328,24.496911],[54.383382,24.49707],[54.38333,24.497099],[54.383388,24.497213],[54.383972,24.496876],[54.383957,24.496858],[54.384103,24.496767],[54.384058,24.496667],[54.384036,24.496558],[54.384069,24.496469],[54.38424,24.49627],[54.384134,24.496202],[54.383732,24.496431],[54.384176,24.495903],[54.384223,24.495877],[54.384283,24.495807],[54.384266,24.495795],[54.38461,24.495405],[54.384588,24.495391],[54.384573,24.495221],[54.384451,24.495136],[54.384432,24.495146],[54.384355,24.495101],[54.384681,24.494915],[54.384731,24.494856],[54.38455,24.494637],[54.38536,24.494175],[54.385517,24.493985],[54.384727,24.493442],[54.383774,24.493986],[54.383374,24.494468],[54.383595,24.49462],[54.383524,24.494661],[54.38348,24.494715],[54.383506,24.494733],[54.383453,24.494799],[54.383301,24.494885],[54.38267,24.495618],[54.382689,24.495631]]]}},{"type":"Feature","properties":{},"geometry":{"type":"Polygon","coordinates":[[[54.384262,24.49631],[54.384274,24.496362],[54.384346,24.496348],[54.384434,24.496298],[54.384421,24.496245],[54.38435,24.496259],[54.384262,24.49631]]]}},{"type":"Feature","properties":{},"geometry":{"type":"Polygon","coordinates":[[[54.383674,24.497057],[54.383586,24.497108],[54.383533,24.497172],[54.383597,24.497215],[54.383685,24.497165],[54.383737,24.497101],[54.383674,24.497057]]]}},{"type":"Feature","properties":{},"geometry":{"type":"Polygon","coordinates":[[[54.383157,24.497477],[54.382937,24.497753],[54.38349,24.498117],[54.383929,24.497866],[54.384015,24.497758],[54.383883,24.497654],[54.383911,24.497619],[54.383771,24.497526],[54.383867,24.497404],[54.383596,24.497226],[54.383157,24.497477]]]}},{"type":"Feature","properties":{},"geometry":{"type":"Polygon","coordinates":[[[54.38347,24.503754],[54.383031,24.504005],[54.383038,24.504666],[54.382877,24.504758],[54.382882,24.505161],[54.383183,24.505158],[54.383705,24.504852],[54.383697,24.504082],[54.383776,24.504081],[54.383864,24.504031],[54.383861,24.503897],[54.383712,24.503899],[54.383682,24.503916],[54.383612,24.50392],[54.38361,24.503752],[54.38347,24.503754]]]}},{"type":"Feature","properties":{},"geometry":{"type":"Polygon","coordinates":[[[54.382758,24.508297],[54.382779,24.50833],[54.38292,24.508253],[54.3829,24.508219],[54.382758,24.508297]]]}},{"type":"Feature","properties":{},"geometry":{"type":"Polygon","coordinates":[[[54.385089,24.481372],[54.384941,24.481543],[54.384968,24.481562],[54.384857,24.48169],[54.384997,24.481791],[54.385091,24.481737],[54.385394,24.481378],[54.385254,24.481278],[54.385089,24.481372]]]}},{"type":"Feature","properties":{},"geometry":{"type":"Polygon","coordinates":[[[54.38669,24.482051],[54.386602,24.482102],[54.386611,24.482165],[54.38681,24.48214],[54.386898,24.482089],[54.386893,24.482028],[54.38669,24.482051]]]}},{"type":"Feature","properties":{},"geometry":{"type":"Polygon","coordinates":[[[54.389809,24.482389],[54.389721,24.482439],[54.389684,24.482505],[54.389815,24.482565],[54.389903,24.482514],[54.389939,24.482448],[54.389809,24.482389]]]}},{"type":"Feature","properties":{},"geometry":{"type":"Polygon","coordinates":[[[54.387203,24.482327],[54.386763,24.482578],[54.386257,24.483187],[54.386648,24.48346],[54.387087,24.483209],[54.387599,24.482609],[54.387203,24.482327]]]}},{"type":"Feature","properties":{},"geometry":{"type":"Polygon","coordinates":[[[54.387831,24.485163],[54.387755,24.485233],[54.387806,24.485279],[54.387894,24.485229],[54.38797,24.485159],[54.387919,24.485113],[54.387831,24.485163]]]}},{"type":"Feature","properties":{},"geometry":{"type":"Polygon","coordinates":[[[54.389659,24.485745],[54.389615,24.485699],[54.389693,24.485636],[54.389584,24.485525],[54.389496,24.485575],[54.389355,24.485689],[54.389508,24.485846],[54.389659,24.485745]]]}},{"type":"Feature","properties":{},"geometry":{"type":"Polygon","coordinates":[[[54.385356,24.486682],[54.385543,24.486575],[54.385722,24.486403],[54.385539,24.486245],[54.385427,24.486309],[54.385417,24.486301],[54.385502,24.486217],[54.385451,24.486177],[54.385351,24.486234],[54.385333,24.486218],[54.385373,24.48618],[54.385332,24.486138],[54.38527,24.486173],[54.38524,24.486147],[54.384947,24.486314],[54.384854,24.486403],[54.385142,24.48665],[54.385113,24.486646],[54.38482,24.486813],[54.384764,24.487094],[54.38516,24.487156],[54.385453,24.486989],[54.385516,24.486706],[54.385356,24.486682]]]}},{"type":"Feature","properties":{},"geometry":{"type":"Polygon","coordinates":[[[54.387364,24.48671],[54.387276,24.48676],[54.387177,24.486869],[54.387225,24.486906],[54.387313,24.486855],[54.38741,24.486744],[54.387364,24.48671]]]}},{"type":"Feature","properties":{},"geometry":{"type":"Polygon","coordinates":[[[54.387449,24.486816],[54.387361,24.486867],[54.387292,24.486942],[54.387381,24.487008],[54.387469,24.486958],[54.387539,24.486882],[54.387449,24.486816]]]}},{"type":"Feature","properties":{},"geometry":{"type":"Polygon","coordinates":[[[54.386453,24.486984],[54.386365,24.487034],[54.386251,24.487161],[54.386337,24.487224],[54.386425,24.487174],[54.386544,24.487055],[54.386453,24.486984]]]}},{"type":"Feature","properties":{},"geometry":{"type":"Polygon","coordinates":[[[54.384808,24.487298],[54.38472,24.487348],[54.384643,24.487436],[54.384707,24.487481],[54.384795,24.48743],[54.384873,24.487343],[54.384808,24.487298]]]}},{"type":"Feature","properties":{},"geometry":{"type":"Polygon","coordinates":[[[54.386943,24.487126],[54.386854,24.487055],[54.386414,24.487306],[54.386075,24.487686],[54.386174,24.487763],[54.386224,24.487734],[54.38637,24.487841],[54.386387,24.488011],[54.38653,24.487997],[54.38697,24.487746],[54.386947,24.487592],[54.387264,24.487411],[54.387253,24.487282],[54.387069,24.487297],[54.386903,24.487165],[54.386943,24.487126]]]}},{"type":"Feature","properties":{},"geometry":{"type":"Polygon","coordinates":[[[54.385517,24.488905],[54.385455,24.48886],[54.385349,24.488931],[54.385266,24.488868],[54.385348,24.488778],[54.385276,24.488729],[54.385188,24.488779],[54.385049,24.488932],[54.385122,24.488986],[54.385059,24.489022],[54.38501,24.489108],[54.385061,24.489121],[54.385042,24.489142],[54.385104,24.489188],[54.385192,24.489138],[54.385246,24.489078],[54.385296,24.489115],[54.385384,24.489065],[54.385498,24.488938],[54.385739,24.489116],[54.386116,24.488895],[54.386206,24.488671],[54.386244,24.488629],[54.386462,24.488501],[54.386385,24.488388],[54.386107,24.488541],[54.386095,24.488532],[54.386185,24.488481],[54.386334,24.488328],[54.386082,24.488145],[54.385789,24.488312],[54.385707,24.488406],[54.38559,24.488473],[54.385496,24.488575],[54.385707,24.488732],[54.385632,24.488775],[54.385517,24.488905]],[[54.38517,24.489022],[54.385176,24.489026],[54.385163,24.489034],[54.38517,24.489022]],[[54.385793,24.488728],[54.385797,24.488731],[54.385782,24.48877],[54.385755,24.48875],[54.385793,24.488728]],[[54.385771,24.488799],[54.385737,24.488888],[54.385711,24.488867],[54.385771,24.488799]]]}},{"type":"Feature","properties":{},"geometry":{"type":"Polygon","coordinates":[[[54.385908,24.489113],[54.385949,24.489071],[54.385906,24.489036],[54.385818,24.489087],[54.385777,24.489129],[54.38582,24.489164],[54.385908,24.489113]]]}},{"type":"Feature","properties":{},"geometry":{"type":"Polygon","coordinates":[[[54.385085,24.489535],[54.385353,24.489382],[54.385309,24.489435],[54.385372,24.489481],[54.385666,24.489314],[54.385766,24.489201],[54.385515,24.48901],[54.385222,24.489177],[54.384974,24.489457],[54.385085,24.489535]]]}},{"type":"Feature","properties":{},"geometry":{"type":"Polygon","coordinates":[[[54.385846,24.489256],[54.385758,24.489306],[54.385666,24.489431],[54.385737,24.489474],[54.385825,24.489424],[54.385917,24.489299],[54.385846,24.489256]]]}},{"type":"Feature","properties":{},"geometry":{"type":"Polygon","coordinates":[[[54.385722,24.489509],[54.385634,24.489447],[54.385546,24.489497],[54.385507,24.489541],[54.385898,24.489828],[54.385908,24.489822],[54.385977,24.48987],[54.386065,24.48982],[54.386101,24.489776],[54.38605,24.489741],[54.386191,24.48966],[54.38632,24.489485],[54.386041,24.489309],[54.385747,24.489476],[54.385722,24.489509]]]}},{"type":"Feature","properties":{},"geometry":{"type":"Polygon","coordinates":[[[54.386055,24.489858],[54.38602,24.489897],[54.386108,24.489961],[54.386196,24.489911],[54.386232,24.489871],[54.386143,24.489808],[54.386055,24.489858]]]}},{"type":"Feature","properties":{},"geometry":{"type":"Polygon","coordinates":[[[54.386964,24.490038],[54.3869,24.490036],[54.386812,24.490086],[54.386809,24.490129],[54.386874,24.490132],[54.386962,24.490082],[54.386964,24.490038]]]}},{"type":"Feature","properties":{},"geometry":{"type":"Polygon","coordinates":[[[54.386867,24.490167],[54.386747,24.490307],[54.38697,24.490465],[54.387058,24.490415],[54.387178,24.490277],[54.386955,24.490116],[54.386867,24.490167]]]}},{"type":"Feature","properties":{},"geometry":{"type":"Polygon","coordinates":[[[54.386267,24.492254],[54.386253,24.492212],[54.386149,24.492098],[54.386123,24.491863],[54.386277,24.491775],[54.386347,24.491691],[54.386244,24.491621],[54.386457,24.491498],[54.386623,24.4913],[54.386122,24.490929],[54.386209,24.490976],[54.386297,24.490926],[54.386342,24.490856],[54.386304,24.490835],[54.386313,24.490821],[54.386213,24.490767],[54.386125,24.490817],[54.386075,24.490894],[54.385526,24.490487],[54.385343,24.490592],[54.384593,24.491483],[54.384637,24.491513],[54.384632,24.491524],[54.384682,24.491544],[54.385126,24.491847],[54.385105,24.491859],[54.385094,24.491848],[54.385006,24.491899],[54.38485,24.492031],[54.384889,24.49207],[54.384481,24.492321],[54.384411,24.492424],[54.384629,24.492547],[54.384922,24.492379],[54.385002,24.492261],[54.384976,24.492241],[54.385059,24.492183],[54.385012,24.492239],[54.385045,24.492262],[54.385133,24.492211],[54.385279,24.492037],[54.385246,24.492015],[54.385174,24.492056],[54.385199,24.492035],[54.38515,24.491986],[54.38523,24.491918],[54.385375,24.492016],[54.385315,24.492108],[54.385358,24.492132],[54.385454,24.49207],[54.385473,24.492084],[54.385114,24.492289],[54.384956,24.492489],[54.384978,24.492504],[54.384902,24.492547],[54.384728,24.492755],[54.384742,24.492765],[54.384709,24.492784],[54.384663,24.492849],[54.384772,24.492914],[54.384866,24.492855],[54.385645,24.493419],[54.386085,24.493168],[54.386313,24.492575],[54.386095,24.49242],[54.386208,24.492355],[54.386267,24.492254]],[[54.385093,24.492132],[54.385078,24.492124],[54.385146,24.49208],[54.385059,24.492183],[54.385093,24.492132]]]}},{"type":"Feature","properties":{},"geometry":{"type":"Polygon","coordinates":[[[54.384726,24.491591],[54.384666,24.491539],[54.384578,24.49159],[54.38454,24.491626],[54.384567,24.491648],[54.384486,24.491694],[54.384419,24.491774],[54.384446,24.491792],[54.384397,24.491838],[54.384679,24.492036],[54.384767,24.491986],[54.384881,24.491855],[54.384612,24.49167],[54.384726,24.491591]]]}},{"type":"Feature","properties":{},"geometry":{"type":"Polygon","coordinates":[[[54.38437,24.492567],[54.384339,24.49261],[54.384433,24.492667],[54.384521,24.492617],[54.384553,24.492574],[54.384458,24.492517],[54.38437,24.492567]]]}},{"type":"Feature","properties":{},"geometry":{"type":"Polygon","coordinates":[[[54.384555,24.492598],[54.38444,24.492676],[54.384587,24.492797],[54.384675,24.492747],[54.384731,24.492691],[54.384655,24.492629],[54.384619,24.49265],[54.384555,24.492598]]]}},{"type":"Feature","properties":{},"geometry":{"type":"Polygon","coordinates":[[[54.387782,24.493136],[54.387366,24.493849],[54.387548,24.493919],[54.387987,24.493667],[54.388409,24.492957],[54.388344,24.492845],[54.38829,24.492837],[54.387782,24.493136]]]}},{"type":"Feature","properties":{},"geometry":{"type":"Polygon","coordinates":[[[54.388225,24.494015],[54.388192,24.494134],[54.38825,24.494147],[54.388338,24.494097],[54.388366,24.493997],[54.38841,24.493992],[54.388498,24.493941],[54.388493,24.493904],[54.38838,24.493917],[54.388225,24.494015]]]}},{"type":"Feature","properties":{},"geometry":{"type":"Polygon","coordinates":[[[54.389216,24.493696],[54.389214,24.493647],[54.389112,24.493651],[54.389108,24.493557],[54.389031,24.493561],[54.388588,24.493815],[54.388609,24.494253],[54.388699,24.494324],[54.388662,24.494363],[54.388694,24.495025],[54.388784,24.495022],[54.388791,24.495183],[54.388903,24.495178],[54.389342,24.494927],[54.389317,24.494414],[54.389731,24.494366],[54.39017,24.494115],[54.390121,24.493761],[54.389311,24.493854],[54.389218,24.493907],[54.389183,24.493879],[54.389235,24.493825],[54.389231,24.49374],[54.389192,24.49371],[54.389216,24.493696]]]}},{"type":"Feature","properties":{},"geometry":{"type":"Polygon","coordinates":[[[54.386677,24.49507],[54.387017,24.495299],[54.387698,24.49491],[54.387827,24.494738],[54.387628,24.494616],[54.387692,24.494459],[54.387981,24.494294],[54.388056,24.494112],[54.387649,24.493977],[54.386967,24.494366],[54.386677,24.49507]]]}},{"type":"Feature","properties":{},"geometry":{"type":"Polygon","coordinates":[[[54.385403,24.494783],[54.385326,24.494734],[54.385282,24.494759],[54.385269,24.494751],[54.385181,24.494801],[54.385046,24.494977],[54.385136,24.495046],[54.385223,24.49509],[54.385311,24.49504],[54.385443,24.494869],[54.385372,24.494824],[54.385403,24.494783]]]}},{"type":"Feature","properties":{},"geometry":{"type":"Polygon","coordinates":[[[54.388058,24.495755],[54.388071,24.495864],[54.388144,24.495857],[54.388151,24.495919],[54.388408,24.495894],[54.388496,24.495844],[54.388485,24.495747],[54.388404,24.495755],[54.388398,24.495709],[54.388299,24.495719],[54.388296,24.49569],[54.388146,24.495705],[54.388058,24.495755]]]}},{"type":"Feature","properties":{},"geometry":{"type":"Polygon","coordinates":[[[54.386525,24.496317],[54.386656,24.4973],[54.38657,24.497309],[54.386496,24.497351],[54.386504,24.497413],[54.386467,24.497434],[54.386511,24.497796],[54.38655,24.497792],[54.386568,24.497941],[54.386542,24.497957],[54.386553,24.498051],[54.386593,24.498047],[54.386597,24.498074],[54.386434,24.498167],[54.386472,24.498478],[54.386657,24.498469],[54.386699,24.498808],[54.387071,24.498771],[54.387145,24.498729],[54.38713,24.498613],[54.387181,24.498584],[54.387188,24.49864],[54.387338,24.498624],[54.387436,24.498568],[54.387442,24.49861],[54.387583,24.498595],[54.388313,24.498178],[54.388308,24.49814],[54.388598,24.498111],[54.388782,24.498006],[54.38872,24.497531],[54.388971,24.497388],[54.388963,24.497317],[54.388982,24.497306],[54.38896,24.497113],[54.388935,24.497116],[54.388926,24.497036],[54.388658,24.497062],[54.388649,24.496995],[54.388009,24.497054],[54.387604,24.497104],[54.387442,24.497197],[54.387077,24.497236],[54.387056,24.497077],[54.387302,24.497049],[54.387325,24.497035],[54.387321,24.497001],[54.387977,24.496929],[54.388417,24.496678],[54.388325,24.495985],[54.387574,24.496068],[54.387134,24.496319],[54.387216,24.496937],[54.38704,24.496954],[54.38694,24.496187],[54.386709,24.496212],[54.386525,24.496317]]]}},{"type":"Feature","properties":{},"geometry":{"type":"Polygon","coordinates":[[[54.384421,24.497102],[54.384333,24.497152],[54.384259,24.497246],[54.384328,24.497292],[54.384416,24.497242],[54.384491,24.497147],[54.384421,24.497102]]]}},{"type":"Feature","properties":{},"geometry":{"type":"Polygon","coordinates":[[[54.389513,24.497654],[54.389514,24.497675],[54.389454,24.49771],[54.389461,24.497856],[54.389662,24.497844],[54.38975,24.497793],[54.389743,24.497623],[54.389684,24.497625],[54.389683,24.497601],[54.389601,24.497604],[54.389513,24.497654]]]}},{"type":"Feature","properties":{},"geometry":{"type":"Polygon","coordinates":[[[54.386821,24.498921],[54.386817,24.498866],[54.386647,24.498885],[54.386559,24.498935],[54.386565,24.498989],[54.386733,24.498971],[54.386821,24.498921]]]}},{"type":"Feature","properties":{},"geometry":{"type":"Polygon","coordinates":[[[54.387992,24.500166],[54.387841,24.500174],[54.387727,24.499275],[54.386775,24.499375],[54.386336,24.499626],[54.386328,24.499757],[54.386435,24.500028],[54.385894,24.500337],[54.385881,24.500372],[54.385893,24.500415],[54.385933,24.500444],[54.386101,24.50047],[54.386248,24.50047],[54.386319,24.50043],[54.386677,24.500396],[54.386718,24.500373],[54.386795,24.50046],[54.38702,24.500638],[54.38732,24.500607],[54.387144,24.500708],[54.387155,24.500818],[54.387125,24.500835],[54.387137,24.500959],[54.387163,24.500957],[54.387174,24.501068],[54.387801,24.501017],[54.387831,24.501],[54.3879,24.501109],[54.387907,24.501171],[54.387731,24.501272],[54.387744,24.5014],[54.387934,24.501384],[54.387973,24.501706],[54.387788,24.501812],[54.387802,24.501941],[54.388,24.501922],[54.388004,24.501954],[54.387918,24.502039],[54.387845,24.502081],[54.387505,24.502488],[54.387435,24.502528],[54.387439,24.502566],[54.387414,24.502597],[54.387447,24.502639],[54.387415,24.502657],[54.38742,24.502707],[54.38733,24.502906],[54.387437,24.502941],[54.387504,24.503088],[54.387453,24.503117],[54.387363,24.503126],[54.386307,24.503728],[54.386284,24.503853],[54.386615,24.503808],[54.38662,24.503993],[54.387177,24.503796],[54.388232,24.503194],[54.388072,24.503066],[54.388044,24.503077],[54.387944,24.502842],[54.388105,24.502827],[54.388385,24.502667],[54.388386,24.502677],[54.388525,24.502666],[54.388551,24.502652],[54.388632,24.503297],[54.389845,24.503171],[54.389955,24.503108],[54.389895,24.502626],[54.390167,24.502595],[54.390244,24.503192],[54.390996,24.503128],[54.391157,24.503036],[54.391108,24.502592],[54.391257,24.502572],[54.391418,24.50248],[54.39098,24.498843],[54.390139,24.498938],[54.390272,24.498862],[54.390702,24.498851],[54.391913,24.49816],[54.391881,24.497941],[54.391505,24.497815],[54.390932,24.498131],[54.390929,24.498107],[54.389896,24.498215],[54.389017,24.498717],[54.389061,24.499071],[54.389837,24.49899],[54.389716,24.49906],[54.389797,24.499698],[54.389471,24.499728],[54.389403,24.499085],[54.388005,24.4992],[54.387895,24.499263],[54.387992,24.500166]],[[54.389823,24.499924],[54.390141,24.50239],[54.389868,24.502417],[54.389851,24.502276],[54.389274,24.502337],[54.38938,24.502276],[54.389373,24.502203],[54.389783,24.501969],[54.389737,24.501471],[54.389597,24.501482],[54.389594,24.501451],[54.389464,24.501461],[54.389307,24.501529],[54.389295,24.501406],[54.389342,24.501313],[54.389469,24.501328],[54.389575,24.501375],[54.389685,24.501313],[54.389647,24.500933],[54.389449,24.50104],[54.389335,24.501049],[54.389227,24.500982],[54.389628,24.500753],[54.389567,24.500249],[54.389426,24.500263],[54.389421,24.500227],[54.389282,24.500242],[54.389132,24.500314],[54.389113,24.500147],[54.388999,24.500157],[54.389065,24.500119],[54.389059,24.500064],[54.389387,24.500035],[54.389497,24.499972],[54.389495,24.499957],[54.389823,24.499924]]]}},{"type":"Feature","properties":{},"geometry":{"type":"Polygon","coordinates":[[[54.389134,24.503267],[54.389046,24.503317],[54.389045,24.503371],[54.389152,24.503372],[54.38924,24.503322],[54.389242,24.503268],[54.389134,24.503267]]]}},{"type":"Feature","properties":{},"geometry":{"type":"Polygon","coordinates":[[[54.388871,24.503404],[54.388959,24.503353],[54.388952,24.503303],[54.388737,24.503327],[54.388649,24.503378],[54.388656,24.503428],[54.388871,24.503404]]]}},{"type":"Feature","properties":{},"geometry":{"type":"Polygon","coordinates":[[[54.387896,24.503655],[54.387907,24.503696],[54.387972,24.503682],[54.38806,24.503632],[54.388048,24.50359],[54.387984,24.503605],[54.387896,24.503655]]]}},{"type":"Feature","properties":{},"geometry":{"type":"Polygon","coordinates":[[[54.387557,24.504098],[54.387554,24.504018],[54.387511,24.504019],[54.387525,24.504011],[54.387519,24.503969],[54.3874,24.503984],[54.387312,24.504034],[54.387317,24.504065],[54.387274,24.50409],[54.387282,24.504137],[54.387326,24.50413],[54.387402,24.504087],[54.387405,24.504151],[54.387469,24.504148],[54.387557,24.504098]]]}},{"type":"Feature","properties":{},"geometry":{"type":"Polygon","coordinates":[[[54.389152,24.507028],[54.389064,24.507078],[54.389068,24.507112],[54.389163,24.507105],[54.389251,24.507055],[54.389248,24.507021],[54.389152,24.507028]]]}},{"type":"Feature","properties":{},"geometry":{"type":"Polygon","coordinates":[[[54.39058,24.482459],[54.390492,24.482509],[54.390475,24.482632],[54.390609,24.482645],[54.390697,24.482594],[54.390718,24.482472],[54.39058,24.482459]]]}},{"type":"Feature","properties":{},"geometry":{"type":"Polygon","coordinates":[[[54.391103,24.482889],[54.391065,24.482948],[54.390968,24.482993],[54.390909,24.483075],[54.391077,24.483175],[54.390982,24.483337],[54.391131,24.483411],[54.390931,24.483526],[54.390721,24.483731],[54.390927,24.483878],[54.39122,24.483711],[54.3913,24.483619],[54.391292,24.483612],[54.391324,24.483594],[54.391408,24.483498],[54.391287,24.483406],[54.391503,24.483283],[54.39158,24.48316],[54.391529,24.483135],[54.391537,24.483121],[54.391497,24.4831],[54.391667,24.483003],[54.391742,24.482883],[54.391509,24.482769],[54.391457,24.482799],[54.391195,24.48268],[54.391108,24.48273],[54.391149,24.48266],[54.391062,24.48262],[54.391009,24.482651],[54.391035,24.482607],[54.390942,24.482565],[54.390854,24.482615],[54.390757,24.482787],[54.390518,24.482654],[54.39043,24.482704],[54.390373,24.482785],[54.390622,24.482923],[54.39071,24.482873],[54.390743,24.482825],[54.390824,24.482866],[54.390885,24.482831],[54.390859,24.482878],[54.39094,24.482917],[54.391028,24.482867],[54.391067,24.4828],[54.391166,24.482853],[54.391103,24.482889]],[[54.39117,24.482939],[54.391205,24.482956],[54.391173,24.48301],[54.39111,24.482974],[54.39117,24.482939]]]}},{"type":"Feature","properties":{},"geometry":{"type":"Polygon","coordinates":[[[54.389997,24.482755],[54.389819,24.482875],[54.389884,24.482944],[54.390062,24.482824],[54.389997,24.482755]]]}},{"type":"Feature","properties":{},"geometry":{"type":"Polygon","coordinates":[[[54.392259,24.483244],[54.392194,24.483362],[54.392287,24.483405],[54.392375,24.483354],[54.392476,24.48318],[54.392379,24.483134],[54.392295,24.483182],[54.392319,24.48314],[54.392267,24.483114],[54.392255,24.483121],[54.392281,24.483077],[54.392174,24.483027],[54.392135,24.483049],[54.392042,24.483006],[54.391954,24.483056],[54.391934,24.483093],[54.39203,24.48314],[54.392062,24.483121],[54.392164,24.483177],[54.392175,24.483171],[54.392119,24.483269],[54.392173,24.483293],[54.392259,24.483244]]]}},{"type":"Feature","properties":{},"geometry":{"type":"Polygon","coordinates":[[[54.391612,24.483457],[54.391627,24.483427],[54.391532,24.483387],[54.391444,24.483437],[54.391428,24.483467],[54.391524,24.483507],[54.391612,24.483457]]]}},{"type":"Feature","properties":{},"geometry":{"type":"Polygon","coordinates":[[[54.391186,24.483735],[54.391098,24.483811],[54.391236,24.483946],[54.391324,24.483896],[54.391411,24.48382],[54.391274,24.483685],[54.391186,24.483735]]]}},{"type":"Feature","properties":{},"geometry":{"type":"Polygon","coordinates":[[[54.390799,24.484563],[54.39089,24.484485],[54.390771,24.484369],[54.390683,24.484419],[54.390592,24.484497],[54.390711,24.484613],[54.390799,24.484563]]]}},{"type":"Feature","properties":{},"geometry":{"type":"Polygon","coordinates":[[[54.393787,24.488092],[54.393828,24.488131],[54.393758,24.48819],[54.39401,24.488474],[54.393578,24.488823],[54.393638,24.488884],[54.393172,24.488945],[54.393098,24.488906],[54.393043,24.488846],[54.393017,24.488786],[54.39301,24.488722],[54.393024,24.488658],[54.393079,24.48858],[54.393598,24.488535],[54.393708,24.488472],[54.393649,24.487917],[54.392872,24.487985],[54.392762,24.488047],[54.392799,24.488404],[54.392612,24.488636],[54.392483,24.488575],[54.392314,24.488534],[54.392105,24.488668],[54.392015,24.489003],[54.392194,24.489012],[54.392428,24.489081],[54.392604,24.489189],[54.392776,24.489381],[54.393145,24.489234],[54.393162,24.489338],[54.393389,24.489308],[54.393323,24.489346],[54.393327,24.48938],[54.393186,24.489461],[54.393213,24.489691],[54.392995,24.489698],[54.392885,24.48976],[54.392789,24.490149],[54.392746,24.49024],[54.392686,24.490306],[54.392349,24.490475],[54.392143,24.490511],[54.391935,24.490511],[54.391736,24.490465],[54.391626,24.490528],[54.391611,24.490564],[54.391625,24.490639],[54.39159,24.490663],[54.391541,24.490773],[54.391614,24.490842],[54.391832,24.490884],[54.392193,24.490996],[54.392303,24.490933],[54.392393,24.490933],[54.39246,24.49106],[54.392874,24.491006],[54.393191,24.491192],[54.393301,24.49113],[54.393334,24.491086],[54.3934,24.491158],[54.393493,24.491211],[54.393599,24.491237],[54.393692,24.491232],[54.393382,24.491608],[54.393435,24.491753],[54.393771,24.491985],[54.39383,24.491951],[54.394035,24.491706],[54.394052,24.491718],[54.39393,24.491859],[54.394076,24.491963],[54.393855,24.49209],[54.393813,24.492137],[54.392854,24.492686],[54.392808,24.492401],[54.392305,24.492468],[54.392963,24.492093],[54.39299,24.491892],[54.392934,24.491532],[54.39246,24.491593],[54.391229,24.492296],[54.391315,24.492849],[54.391653,24.492806],[54.390973,24.493194],[54.391035,24.49358],[54.391617,24.493502],[54.392682,24.492894],[54.392918,24.493064],[54.392967,24.493035],[54.393055,24.493099],[54.39362,24.492781],[54.393675,24.492817],[54.394752,24.492202],[54.394827,24.492108],[54.39479,24.492084],[54.395132,24.491889],[54.395234,24.491772],[54.395139,24.491703],[54.395182,24.491654],[54.395116,24.491606],[54.395386,24.491452],[54.395487,24.491335],[54.395392,24.491267],[54.395435,24.491218],[54.395301,24.491121],[54.395424,24.49105],[54.395626,24.490818],[54.395387,24.490647],[54.39449,24.491159],[54.395053,24.490483],[54.394882,24.49037],[54.394497,24.490409],[54.394352,24.490468],[54.394293,24.490502],[54.394052,24.490795],[54.394011,24.490704],[54.393938,24.490627],[54.393812,24.490567],[54.394669,24.490078],[54.394657,24.489974],[54.394745,24.489924],[54.394704,24.489573],[54.394603,24.489582],[54.394592,24.489484],[54.39441,24.489501],[54.393857,24.489817],[54.393689,24.489831],[54.394585,24.489319],[54.394577,24.489247],[54.394664,24.489197],[54.394622,24.488843],[54.39452,24.488853],[54.394508,24.488755],[54.394327,24.488773],[54.393784,24.489083],[54.393771,24.489003],[54.393887,24.488937],[54.393935,24.488985],[54.394968,24.488395],[54.395185,24.488219],[54.395111,24.488144],[54.395209,24.488065],[54.395036,24.487889],[54.394873,24.487655],[54.394986,24.48759],[54.39537,24.487249],[54.395338,24.487219],[54.395256,24.487186],[54.395144,24.487174],[54.395019,24.487192],[54.394668,24.487392],[54.39462,24.487343],[54.394565,24.487375],[54.394555,24.487364],[54.394262,24.487532],[54.394076,24.487682],[54.394096,24.487702],[54.393982,24.487768],[54.393802,24.487923],[54.39382,24.487941],[54.393773,24.487981],[54.393802,24.488008],[54.393789,24.488019],[54.393828,24.488056],[54.393787,24.488092]]]}},{"type":"Feature","properties":{},"geometry":{"type":"Polygon","coordinates":[[[54.392063,24.491711],[54.392318,24.491565],[54.392456,24.491551],[54.392896,24.4913],[54.392869,24.491091],[54.392169,24.491164],[54.391729,24.491415],[54.39177,24.491741],[54.392063,24.491711]]]}},{"type":"Feature","properties":{},"geometry":{"type":"Polygon","coordinates":[[[54.390587,24.492771],[54.390499,24.492821],[54.390311,24.492992],[54.390417,24.493089],[54.390505,24.493039],[54.390693,24.492868],[54.390587,24.492771]]]}},{"type":"Feature","properties":{},"geometry":{"type":"Polygon","coordinates":[[[54.393515,24.494441],[54.393367,24.494459],[54.393017,24.494658],[54.393051,24.494898],[54.39332,24.494866],[54.393613,24.494698],[54.393582,24.494482],[54.393522,24.49449],[54.393515,24.494441]]]}},{"type":"Feature","properties":{},"geometry":{"type":"Polygon","coordinates":[[[54.392301,24.496332],[54.392379,24.496287],[54.393217,24.496204],[54.393286,24.496164],[54.3933,24.49626],[54.393424,24.496245],[54.393773,24.496046],[54.393846,24.496037],[54.394285,24.495786],[54.3942,24.495176],[54.393632,24.495242],[54.393481,24.495328],[54.392676,24.495443],[54.392236,24.495694],[54.392301,24.496332]]]}},{"type":"Feature","properties":{},"geometry":{"type":"Polygon","coordinates":[[[54.389818,24.496221],[54.389707,24.496284],[54.389717,24.496358],[54.389733,24.496357],[54.389765,24.496615],[54.38995,24.496596],[54.390304,24.496394],[54.390421,24.496394],[54.390479,24.496361],[54.39048,24.496382],[54.390555,24.496379],[54.390643,24.496328],[54.39063,24.496099],[54.390576,24.495677],[54.390109,24.495729],[54.390021,24.49578],[54.390023,24.495828],[54.389947,24.495871],[54.389935,24.495807],[54.389841,24.495821],[54.389753,24.495872],[54.389774,24.495978],[54.389788,24.495976],[54.389818,24.496221]],[[54.390448,24.496231],[54.390444,24.496201],[54.390469,24.496195],[54.390473,24.496271],[54.390381,24.496278],[54.390448,24.496231]]]}},{"type":"Feature","properties":{},"geometry":{"type":"Polygon","coordinates":[[[54.391408,24.497071],[54.391454,24.497045],[54.391455,24.497068],[54.391575,24.497063],[54.391663,24.497013],[54.391661,24.496974],[54.391541,24.496979],[54.391496,24.497004],[54.391497,24.496987],[54.391422,24.496985],[54.391334,24.497035],[54.391333,24.497069],[54.391408,24.497071]]]}},{"type":"Feature","properties":{},"geometry":{"type":"Polygon","coordinates":[[[54.391519,24.49714],[54.391527,24.497178],[54.391582,24.497168],[54.39167,24.497118],[54.391662,24.49708],[54.391607,24.49709],[54.391519,24.49714]]]}},{"type":"Feature","properties":{},"geometry":{"type":"Polygon","coordinates":[[[54.391309,24.497052],[54.391186,24.49705],[54.391098,24.4971],[54.391096,24.497195],[54.3912,24.497196],[54.391144,24.497228],[54.391142,24.497291],[54.391255,24.497294],[54.391343,24.497244],[54.391345,24.497181],[54.391248,24.497178],[54.391304,24.497146],[54.391309,24.497052]]]}},{"type":"Feature","properties":{},"geometry":{"type":"Polygon","coordinates":[[[54.39503,24.497114],[54.394542,24.496821],[54.394103,24.497073],[54.39387,24.497357],[54.393951,24.497642],[54.394202,24.497759],[54.394769,24.497442],[54.394885,24.497348],[54.394874,24.497274],[54.39491,24.497222],[54.394997,24.497172],[54.39503,24.497114]]]}},{"type":"Feature","properties":{},"geometry":{"type":"Polygon","coordinates":[[[54.393313,24.498116],[54.393225,24.498166],[54.393222,24.498247],[54.393264,24.498248],[54.393352,24.498198],[54.393355,24.498117],[54.393313,24.498116]]]}},{"type":"Feature","properties":{},"geometry":{"type":"Polygon","coordinates":[[[54.393026,24.498911],[54.393182,24.499916],[54.39493,24.499722],[54.39537,24.499471],[54.39526,24.498664],[54.395136,24.498542],[54.393466,24.49866],[54.393026,24.498911]]]}},{"type":"Feature","properties":{},"geometry":{"type":"Polygon","coordinates":[[[54.391889,24.500727],[54.391623,24.500751],[54.39133,24.500918],[54.391367,24.501166],[54.391628,24.501136],[54.391921,24.500969],[54.391889,24.500727]]]}},{"type":"Feature","properties":{},"geometry":{"type":"Polygon","coordinates":[[[54.392091,24.503633],[54.392003,24.503683],[54.392011,24.503733],[54.392103,24.50372],[54.392191,24.50367],[54.392183,24.503621],[54.392091,24.503633]]]}},{"type":"Feature","properties":{},"geometry":{"type":"Polygon","coordinates":[[[54.392463,24.503763],[54.392375,24.503813],[54.392375,24.503862],[54.392466,24.503861],[54.392554,24.503811],[54.392554,24.503762],[54.392463,24.503763]]]}},{"type":"Feature","properties":{},"geometry":{"type":"Polygon","coordinates":[[[54.392105,24.503737],[54.392017,24.503787],[54.392023,24.503889],[54.392186,24.503881],[54.392274,24.503831],[54.392268,24.503729],[54.392105,24.503737]]]}},{"type":"Feature","properties":{},"geometry":{"type":"Polygon","coordinates":[[[54.391966,24.50399],[54.391968,24.504039],[54.391871,24.504094],[54.391929,24.504599],[54.392011,24.504591],[54.391884,24.504663],[54.391917,24.504938],[54.392086,24.504922],[54.392093,24.504993],[54.392148,24.504988],[54.392236,24.504938],[54.392233,24.504907],[54.392366,24.504891],[54.392389,24.505082],[54.392319,24.505083],[54.392266,24.505113],[54.392266,24.505103],[54.392208,24.505104],[54.39212,24.505155],[54.392123,24.505264],[54.392181,24.505262],[54.392234,24.505232],[54.392234,24.505244],[54.392346,24.505241],[54.392434,24.505191],[54.392432,24.50512],[54.392504,24.505113],[54.392592,24.505063],[54.392563,24.504815],[54.392487,24.504822],[54.392653,24.504727],[54.39262,24.504452],[54.392203,24.504494],[54.392308,24.504434],[54.392309,24.504457],[54.392416,24.504451],[54.392504,24.504401],[54.392499,24.504336],[54.392592,24.504285],[54.39258,24.504249],[54.392495,24.504277],[54.392488,24.504165],[54.392381,24.504171],[54.392306,24.504214],[54.392301,24.504176],[54.392502,24.504152],[54.39259,24.504102],[54.392558,24.503881],[54.392347,24.503906],[54.392275,24.503947],[54.392272,24.503917],[54.392164,24.503927],[54.392106,24.50396],[54.392104,24.503938],[54.392054,24.50394],[54.391966,24.50399]]]}},{"type":"Feature","properties":{},"geometry":{"type":"Polygon","coordinates":[[[54.392522,24.505149],[54.392229,24.505316],[54.392265,24.505816],[54.39248,24.505803],[54.392773,24.505636],[54.392737,24.505136],[54.392522,24.505149]]]}},{"type":"Feature","properties":{},"geometry":{"type":"Polygon","coordinates":[[[54.389795,24.505218],[54.389501,24.505385],[54.389548,24.505978],[54.389763,24.505964],[54.390056,24.505797],[54.389993,24.505205],[54.389795,24.505218]]]}},{"type":"Feature","properties":{},"geometry":{"type":"Polygon","coordinates":[[[54.39177,24.50681],[54.391682,24.50686],[54.391688,24.506906],[54.391777,24.506897],[54.391865,24.506847],[54.391859,24.506801],[54.39177,24.50681]]]}},{"type":"Feature","properties":{},"geometry":{"type":"Polygon","coordinates":[[[54.391979,24.506996],[54.392067,24.506945],[54.392058,24.50691],[54.392098,24.506888],[54.392088,24.506846],[54.391978,24.506869],[54.391917,24.506903],[54.391916,24.506892],[54.39188,24.506896],[54.391792,24.506947],[54.3918,24.507008],[54.391836,24.507004],[54.391902,24.506966],[54.391913,24.507009],[54.391979,24.506996]]]}},{"type":"Feature","properties":{},"geometry":{"type":"Polygon","coordinates":[[[54.39253,24.506794],[54.392237,24.506962],[54.392263,24.507304],[54.392448,24.507292],[54.392741,24.507125],[54.392715,24.506783],[54.39253,24.506794]]]}},{"type":"Feature","properties":{},"geometry":{"type":"Polygon","coordinates":[[[54.391726,24.507105],[54.391728,24.507194],[54.391854,24.507192],[54.391942,24.507142],[54.39194,24.507053],[54.391814,24.507055],[54.391726,24.507105]]]}},{"type":"Feature","properties":{},"geometry":{"type":"Polygon","coordinates":[[[54.392816,24.507211],[54.392823,24.507264],[54.392904,24.507256],[54.392992,24.507205],[54.392985,24.507152],[54.392904,24.50716],[54.392816,24.507211]]]}},{"type":"Feature","properties":{},"geometry":{"type":"Polygon","coordinates":[[[54.391531,24.507352],[54.391238,24.507519],[54.391248,24.507657],[54.391651,24.507633],[54.391944,24.507466],[54.391934,24.507327],[54.391531,24.507352]]]}},{"type":"Feature","properties":{},"geometry":{"type":"Polygon","coordinates":[[[54.391047,24.507429],[54.390959,24.507479],[54.390958,24.50756],[54.391091,24.507561],[54.391179,24.507511],[54.39118,24.507431],[54.391047,24.507429]]]}},{"type":"Feature","properties":{},"geometry":{"type":"Polygon","coordinates":[[[54.393128,24.508784],[54.393216,24.508734],[54.393217,24.5087],[54.39297,24.508709],[54.392882,24.508759],[54.392882,24.508789],[54.393128,24.508784]]]}},{"type":"Feature","properties":{},"geometry":{"type":"Polygon","coordinates":[[[54.393008,24.509637],[54.39304,24.509692],[54.39274,24.509863],[54.392848,24.510038],[54.393185,24.509867],[54.393625,24.509616],[54.393618,24.509605],[54.393795,24.509504],[54.393785,24.509488],[54.393889,24.50943],[54.393853,24.509371],[54.393749,24.509428],[54.393598,24.509183],[54.393658,24.509149],[54.393655,24.509094],[54.393604,24.509096],[54.392929,24.509475],[54.393023,24.509628],[54.393008,24.509637]]]}},{"type":"Feature","properties":{},"geometry":{"type":"Polygon","coordinates":[[[54.394052,24.509655],[54.394018,24.509606],[54.39389,24.509679],[54.393924,24.509728],[54.394052,24.509655]]]}},{"type":"Feature","properties":{},"geometry":{"type":"Polygon","coordinates":[[[54.393929,24.509733],[54.39399,24.509824],[54.394119,24.509751],[54.394058,24.50966],[54.393929,24.509733]]]}},{"type":"Feature","properties":{},"geometry":{"type":"Polygon","coordinates":[[[54.393943,24.509857],[54.393989,24.509944],[54.394173,24.509852],[54.394128,24.509765],[54.393943,24.509857]]]}},{"type":"Feature","properties":{},"geometry":{"type":"Polygon","coordinates":[[[54.393869,24.509955],[54.393781,24.510005],[54.393786,24.510041],[54.393828,24.510036],[54.393916,24.509985],[54.393911,24.50995],[54.393869,24.509955]]]}},{"type":"Feature","properties":{},"geometry":{"type":"Polygon","coordinates":[[[54.394195,24.509998],[54.394163,24.509938],[54.393848,24.510074],[54.393676,24.510179],[54.393698,24.510233],[54.394195,24.509998]]]}},{"type":"Feature","properties":{},"geometry":{"type":"Polygon","coordinates":[[[54.393904,24.510163],[54.393948,24.510243],[54.394111,24.510159],[54.394067,24.510079],[54.393904,24.510163]]]}},{"type":"Feature","properties":{},"geometry":{"type":"Polygon","coordinates":[[[54.394351,24.510146],[54.39429,24.510095],[54.394252,24.510117],[54.394225,24.510094],[54.394137,24.510144],[54.394068,24.510211],[54.394165,24.510292],[54.394253,24.510242],[54.394351,24.510146]]]}},{"type":"Feature","properties":{},"geometry":{"type":"Polygon","coordinates":[[[54.406771,24.479935],[54.406683,24.479986],[54.406591,24.480062],[54.406655,24.480126],[54.406743,24.480076],[54.406836,24.48],[54.406771,24.479935]]]}},{"type":"Feature","properties":{},"geometry":{"type":"Polygon","coordinates":[[[54.405611,24.480547],[54.405687,24.48051],[54.405775,24.48046],[54.405749,24.480417],[54.406324,24.480095],[54.406259,24.479993],[54.40643,24.479895],[54.406373,24.479805],[54.406268,24.479861],[54.406249,24.47983],[54.406281,24.479812],[54.406176,24.479648],[54.405487,24.48003],[54.405539,24.480111],[54.405336,24.480227],[54.405372,24.480283],[54.405297,24.480326],[54.40536,24.480425],[54.405376,24.480416],[54.405466,24.480557],[54.405697,24.480435],[54.405584,24.480502],[54.405611,24.480547]]]}},{"type":"Feature","properties":{},"geometry":{"type":"Polygon","coordinates":[[[54.406286,24.48036],[54.406227,24.480421],[54.405997,24.480552],[54.40594,24.4806],[54.405985,24.480645],[54.405878,24.480721],[54.405921,24.480764],[54.405969,24.480737],[54.406144,24.480909],[54.406437,24.480741],[54.406583,24.480618],[54.406424,24.480462],[54.406479,24.480403],[54.406458,24.480391],[54.406484,24.480376],[54.406523,24.480297],[54.406404,24.480249],[54.406316,24.480299],[54.406286,24.48036]]]}},{"type":"Feature","properties":{},"geometry":{"type":"Polygon","coordinates":[[[54.404949,24.481035],[54.405389,24.480784],[54.405508,24.480697],[54.405367,24.480537],[54.405253,24.480602],[54.405173,24.48051],[54.405013,24.480601],[54.404982,24.480566],[54.404543,24.480818],[54.404311,24.480987],[54.404508,24.481209],[54.404556,24.481182],[54.40457,24.48121],[54.404626,24.481186],[54.404714,24.481136],[54.404699,24.481106],[54.404882,24.481001],[54.404906,24.481028],[54.404931,24.481014],[54.404949,24.481035]]]}},{"type":"Feature","properties":{},"geometry":{"type":"Polygon","coordinates":[[[54.404005,24.481565],[54.404445,24.481313],[54.404282,24.481036],[54.403673,24.48131],[54.403233,24.481561],[54.403477,24.481835],[54.404005,24.481565]]]}},{"type":"Feature","properties":{},"geometry":{"type":"Polygon","coordinates":[[[54.404757,24.482816],[54.404992,24.482701],[54.40588,24.482196],[54.40612,24.482046],[54.4061,24.482024],[54.406456,24.481804],[54.406244,24.481517],[54.406178,24.481406],[54.405341,24.481886],[54.405264,24.481955],[54.404739,24.482269],[54.404631,24.482374],[54.404602,24.482496],[54.404628,24.482637],[54.404676,24.482721],[54.404704,24.48271],[54.404757,24.482816]]]}},{"type":"Feature","properties":{},"geometry":{"type":"Polygon","coordinates":[[[54.406082,24.482763],[54.406415,24.483271],[54.406884,24.483008],[54.406855,24.482964],[54.407605,24.482539],[54.407647,24.482408],[54.407249,24.481963],[54.406516,24.482381],[54.406473,24.482453],[54.406019,24.48272],[54.406055,24.482777],[54.406082,24.482763]]]}},{"type":"Feature","properties":{},"geometry":{"type":"Polygon","coordinates":[[[54.403079,24.482706],[54.402754,24.48227],[54.402445,24.482395],[54.402362,24.482355],[54.402377,24.482242],[54.402291,24.482238],[54.402144,24.482322],[54.401275,24.483237],[54.401275,24.483355],[54.401317,24.483418],[54.401491,24.483458],[54.401689,24.483373],[54.402004,24.483289],[54.402424,24.483299],[54.402948,24.48348],[54.403095,24.483396],[54.403021,24.483179],[54.403255,24.483046],[54.403079,24.482706]]]}},{"type":"Feature","properties":{},"geometry":{"type":"Polygon","coordinates":[[[54.404147,24.485609],[54.404367,24.485274],[54.404401,24.485187],[54.404893,24.485287],[54.405619,24.484873],[54.405743,24.48448],[54.405551,24.484457],[54.405703,24.48437],[54.405703,24.483852],[54.405455,24.483133],[54.405126,24.483265],[54.404686,24.483516],[54.40485,24.484068],[54.404499,24.484268],[54.404539,24.484515],[54.403751,24.484451],[54.403311,24.484702],[54.40318,24.485149],[54.403087,24.485325],[54.4029,24.485516],[54.403512,24.486052],[54.403951,24.4858],[54.404147,24.485609]],[[54.404541,24.484665],[54.40454,24.48452],[54.404554,24.48461],[54.404635,24.484611],[54.404541,24.484665]]]}},{"type":"Feature","properties":{},"geometry":{"type":"Polygon","coordinates":[[[54.406754,24.485552],[54.406666,24.485602],[54.406625,24.485663],[54.40673,24.485722],[54.406818,24.485672],[54.406859,24.48561],[54.406754,24.485552]]]}},{"type":"Feature","properties":{},"geometry":{"type":"Polygon","coordinates":[[[54.40406,24.486285],[54.404023,24.48626],[54.403971,24.486254],[54.403234,24.486607],[54.403014,24.486733],[54.403224,24.487285],[54.403258,24.487319],[54.40331,24.487333],[54.403547,24.487249],[54.404122,24.486933],[54.40439,24.486736],[54.404417,24.486697],[54.404408,24.486649],[54.40406,24.486285]],[[54.403623,24.486912],[54.403561,24.486739],[54.403727,24.486646],[54.403852,24.4868],[54.403623,24.486912]]]}},{"type":"Feature","properties":{},"geometry":{"type":"Polygon","coordinates":[[[54.398434,24.488957],[54.399756,24.489651],[54.400526,24.489965],[54.401317,24.490134],[54.40216,24.490194],[54.4026,24.489943],[54.40288,24.489596],[54.402625,24.488136],[54.402288,24.488086],[54.401773,24.487981],[54.401144,24.487765],[54.400333,24.487403],[54.400427,24.487368],[54.400866,24.487117],[54.401207,24.486363],[54.400743,24.486123],[54.400303,24.486375],[54.400191,24.486553],[54.399881,24.486867],[54.399729,24.487043],[54.399947,24.487197],[54.399543,24.486934],[54.398968,24.486502],[54.398528,24.486753],[54.397294,24.488103],[54.398434,24.488957]]]}},{"type":"Feature","properties":{},"geometry":{"type":"Polygon","coordinates":[[[54.405983,24.487822],[54.406127,24.487642],[54.405832,24.487429],[54.405363,24.487697],[54.405217,24.48787],[54.405514,24.48809],[54.405983,24.487822]]]}},{"type":"Feature","properties":{},"geometry":{"type":"Polygon","coordinates":[[[54.407598,24.488281],[54.407318,24.487873],[54.406057,24.488589],[54.406337,24.488997],[54.407598,24.488281]]]}},{"type":"Feature","properties":{},"geometry":{"type":"Polygon","coordinates":[[[54.400402,24.490694],[54.400362,24.490428],[54.400058,24.490467],[54.399765,24.490634],[54.399805,24.4909],[54.400109,24.490861],[54.400402,24.490694]]]}},{"type":"Feature","properties":{},"geometry":{"type":"Polygon","coordinates":[[[54.39841,24.491905],[54.398453,24.492226],[54.398579,24.492208],[54.398667,24.492158],[54.398624,24.49184],[54.398498,24.491854],[54.39841,24.491905]]]}},{"type":"Feature","properties":{},"geometry":{"type":"Polygon","coordinates":[[[54.399095,24.49242],[54.399082,24.49232],[54.398848,24.492349],[54.398825,24.492216],[54.398753,24.492225],[54.398665,24.492275],[54.398693,24.492511],[54.399007,24.49247],[54.399095,24.49242]]]}},{"type":"Feature","properties":{},"geometry":{"type":"Polygon","coordinates":[[[54.398525,24.492233],[54.398437,24.492283],[54.398482,24.492612],[54.398559,24.492604],[54.398647,24.492553],[54.398602,24.492224],[54.398525,24.492233]]]}},{"type":"Feature","properties":{},"geometry":{"type":"Polygon","coordinates":[[[54.395653,24.492258],[54.39536,24.492425],[54.395295,24.492724],[54.395704,24.492799],[54.395997,24.492631],[54.396062,24.492332],[54.395653,24.492258]]]}},{"type":"Feature","properties":{},"geometry":{"type":"Polygon","coordinates":[[[54.406379,24.492879],[54.406291,24.492929],[54.406161,24.493057],[54.406258,24.493138],[54.406346,24.493088],[54.406476,24.49296],[54.406379,24.492879]]]}},{"type":"Feature","properties":{},"geometry":{"type":"Polygon","coordinates":[[[54.405282,24.492768],[54.405247,24.493053],[54.406107,24.493782],[54.4062,24.493728],[54.406527,24.493456],[54.405951,24.492978],[54.406315,24.492642],[54.40615,24.492527],[54.406355,24.492421],[54.406247,24.492254],[54.405282,24.492768]]]}},{"type":"Feature","properties":{},"geometry":{"type":"Polygon","coordinates":[[[54.399918,24.49302],[54.399479,24.493271],[54.399533,24.493657],[54.400264,24.493572],[54.400704,24.493321],[54.400649,24.492935],[54.399918,24.49302]]]}},{"type":"Feature","properties":{},"geometry":{"type":"Polygon","coordinates":[[[54.404527,24.493557],[54.404581,24.493471],[54.404418,24.493385],[54.404315,24.493444],[54.404296,24.493434],[54.404047,24.493458],[54.403902,24.493541],[54.403873,24.493527],[54.403708,24.493544],[54.403703,24.493509],[54.403359,24.493544],[54.402919,24.493795],[54.402923,24.493827],[54.402834,24.493878],[54.402847,24.493992],[54.402181,24.494372],[54.402232,24.494792],[54.402351,24.49478],[54.402429,24.494735],[54.402515,24.494732],[54.402357,24.494981],[54.402464,24.495037],[54.402492,24.495021],[54.402546,24.495049],[54.402507,24.495111],[54.402589,24.495155],[54.403446,24.494665],[54.403606,24.494749],[54.404045,24.494498],[54.404185,24.494278],[54.404124,24.494246],[54.404554,24.493571],[54.404527,24.493557]]]}},{"type":"Feature","properties":{},"geometry":{"type":"Polygon","coordinates":[[[54.40635,24.49524],[54.406262,24.49529],[54.406217,24.495358],[54.406283,24.495395],[54.406371,24.495344],[54.406417,24.495276],[54.40635,24.49524]]]}},{"type":"Feature","properties":{},"geometry":{"type":"Polygon","coordinates":[[[54.406472,24.495298],[54.406384,24.495348],[54.406387,24.495369],[54.406512,24.495367],[54.4066,24.495316],[54.406598,24.495288],[54.406472,24.495298]]]}},{"type":"Feature","properties":{},"geometry":{"type":"Polygon","coordinates":[[[54.406648,24.495468],[54.406593,24.495655],[54.406485,24.495609],[54.406441,24.495634],[54.406414,24.495622],[54.406326,24.495672],[54.406287,24.495748],[54.40627,24.495738],[54.406182,24.495789],[54.406136,24.495853],[54.406163,24.495869],[54.406251,24.495819],[54.40628,24.495777],[54.406458,24.495853],[54.406546,24.495803],[54.406576,24.495744],[54.406511,24.496104],[54.406399,24.496168],[54.406327,24.496131],[54.406239,24.496181],[54.406224,24.496208],[54.406281,24.496235],[54.40537,24.496755],[54.405413,24.496686],[54.405411,24.496392],[54.404485,24.49605],[54.404302,24.496154],[54.404211,24.496403],[54.403285,24.496932],[54.403088,24.497428],[54.403425,24.497539],[54.403391,24.497623],[54.403615,24.4977],[54.403243,24.497912],[54.403441,24.498304],[54.403702,24.498195],[54.404116,24.497958],[54.404175,24.498084],[54.404358,24.49798],[54.404599,24.497783],[54.405016,24.497281],[54.405156,24.497225],[54.406882,24.496239],[54.406898,24.496231],[54.406958,24.496191],[54.407064,24.49627],[54.407609,24.496317],[54.406674,24.496851],[54.406656,24.496773],[54.406329,24.496853],[54.406036,24.497021],[54.406083,24.497188],[54.406031,24.497224],[54.406014,24.497282],[54.406019,24.497324],[54.406058,24.497386],[54.405991,24.497375],[54.406007,24.497326],[54.4058,24.497287],[54.405507,24.497455],[54.405447,24.497716],[54.405536,24.497731],[54.405674,24.497919],[54.405754,24.498087],[54.405805,24.498358],[54.405802,24.49878],[54.405765,24.498934],[54.405674,24.499102],[54.405595,24.499205],[54.405266,24.499491],[54.405053,24.499607],[54.404746,24.499696],[54.40449,24.499725],[54.404372,24.499792],[54.404369,24.500059],[54.404329,24.500083],[54.404329,24.499803],[54.404342,24.499763],[54.404286,24.499723],[54.404214,24.499702],[54.404128,24.499698],[54.404752,24.499342],[54.404923,24.499284],[54.405087,24.49919],[54.405252,24.499057],[54.405358,24.498901],[54.40544,24.498736],[54.405445,24.498549],[54.405429,24.498461],[54.405388,24.498458],[54.405412,24.498398],[54.405332,24.498066],[54.405283,24.498019],[54.405209,24.498001],[54.405129,24.498028],[54.404353,24.498472],[54.404312,24.498524],[54.404323,24.498586],[54.404386,24.498737],[54.404389,24.498789],[54.404327,24.498776],[54.404234,24.498809],[54.40407,24.498902],[54.403963,24.498971],[54.403977,24.498985],[54.403229,24.499413],[54.403193,24.499455],[54.403182,24.499536],[54.402287,24.500065],[54.402273,24.500093],[54.402281,24.500129],[54.402348,24.500214],[54.402442,24.500263],[54.402463,24.500259],[54.403156,24.499863],[54.403221,24.499951],[54.403312,24.500036],[54.403402,24.500096],[54.403274,24.50017],[54.40327,24.500205],[54.403296,24.500225],[54.403263,24.500244],[54.403276,24.500567],[54.403304,24.500569],[54.403329,24.500594],[54.403303,24.500622],[54.403307,24.500644],[54.403378,24.500689],[54.403494,24.50069],[54.403857,24.500488],[54.403858,24.500607],[54.403898,24.500651],[54.403936,24.500654],[54.404117,24.500572],[54.404472,24.500369],[54.404466,24.500416],[54.404586,24.500438],[54.40462,24.500419],[54.404756,24.500419],[54.405097,24.500226],[54.405667,24.499947],[54.405928,24.49974],[54.406255,24.499347],[54.406373,24.499138],[54.406474,24.49889],[54.406529,24.498602],[54.406545,24.49833],[54.406522,24.498107],[54.406444,24.497802],[54.405833,24.49769],[54.406,24.497594],[54.406007,24.497566],[54.406053,24.497539],[54.406082,24.497417],[54.406191,24.497509],[54.406385,24.497607],[54.406531,24.497644],[54.406692,24.49765],[54.407411,24.497249],[54.40766,24.497279],[54.407569,24.497492],[54.407983,24.497723],[54.408804,24.497332],[54.40953,24.496918],[54.409385,24.496689],[54.408698,24.496996],[54.40838,24.496868],[54.408182,24.496981],[54.408244,24.496834],[54.408177,24.496812],[54.4089,24.496399],[54.408932,24.496347],[54.408922,24.496284],[54.408891,24.496233],[54.408809,24.496152],[54.408693,24.496072],[54.408481,24.495984],[54.408504,24.495925],[54.408263,24.495794],[54.408497,24.49545],[54.408594,24.495502],[54.408895,24.495551],[54.409254,24.495531],[54.409598,24.495438],[54.409964,24.495229],[54.409867,24.495048],[54.409653,24.494565],[54.40954,24.494014],[54.409518,24.493451],[54.409564,24.493205],[54.409532,24.493029],[54.409064,24.493135],[54.408549,24.493307],[54.408054,24.493578],[54.406047,24.494727],[54.405697,24.49499],[54.405423,24.495313],[54.405484,24.495352],[54.405469,24.495371],[54.405566,24.495431],[54.405591,24.495417],[54.405675,24.495474],[54.405758,24.495426],[54.405792,24.495449],[54.407426,24.494515],[54.408107,24.494929],[54.408107,24.494998],[54.408166,24.495167],[54.408335,24.495364],[54.408104,24.495704],[54.406894,24.495031],[54.406784,24.495094],[54.40666,24.495435],[54.406562,24.495341],[54.406474,24.495391],[54.406398,24.495456],[54.406508,24.495562],[54.406648,24.495468]]]}},{"type":"Feature","properties":{},"geometry":{"type":"Polygon","coordinates":[[[54.406224,24.495595],[54.406277,24.495683],[54.406448,24.495591],[54.406395,24.495503],[54.406224,24.495595]]]}},{"type":"Feature","properties":{},"geometry":{"type":"Polygon","coordinates":[[[54.406241,24.496042],[54.406239,24.496021],[54.406202,24.496007],[54.40619,24.495968],[54.406079,24.496021],[54.406085,24.49606],[54.406114,24.496086],[54.406153,24.496093],[54.406241,24.496042]]]}},{"type":"Feature","properties":{},"geometry":{"type":"Polygon","coordinates":[[[54.405809,24.496955],[54.405889,24.497043],[54.406044,24.496945],[54.405962,24.496854],[54.405809,24.496955]]]}},{"type":"Feature","properties":{},"geometry":{"type":"Polygon","coordinates":[[[54.4027,24.498656],[54.402593,24.498838],[54.402576,24.498967],[54.402595,24.499078],[54.402617,24.499103],[54.400849,24.500113],[54.400742,24.500221],[54.400703,24.500286],[54.400758,24.500322],[54.400783,24.500356],[54.400796,24.500401],[54.400789,24.50046],[54.400954,24.500485],[54.4011,24.500468],[54.401216,24.500426],[54.403283,24.499245],[54.403411,24.499157],[54.403515,24.499023],[54.403464,24.498982],[54.403434,24.49893],[54.403429,24.498854],[54.403445,24.498825],[54.403547,24.498701],[54.403653,24.49863],[54.403639,24.4986],[54.403817,24.498526],[54.404068,24.498379],[54.404149,24.498291],[54.404172,24.498239],[54.404153,24.498207],[54.404167,24.498192],[54.404081,24.49813],[54.404058,24.498142],[54.404122,24.498105],[54.404135,24.498077],[54.404083,24.498057],[54.403996,24.498106],[54.403978,24.498096],[54.403208,24.498413],[54.403016,24.498458],[54.4027,24.498656]]]}},{"type":"Feature","properties":{},"geometry":{"type":"Polygon","coordinates":[[[54.396073,24.498517],[54.395985,24.498567],[54.395982,24.498633],[54.396039,24.498635],[54.396127,24.498585],[54.396129,24.498519],[54.396073,24.498517]]]}},{"type":"Feature","properties":{},"geometry":{"type":"Polygon","coordinates":[[[54.395419,24.499844],[54.395331,24.499894],[54.395359,24.500048],[54.395474,24.500031],[54.395562,24.49998],[54.395534,24.499827],[54.395419,24.499844]]]}},{"type":"Feature","properties":{},"geometry":{"type":"Polygon","coordinates":[[[54.395153,24.500059],[54.395176,24.500163],[54.395296,24.500107],[54.395273,24.500002],[54.395153,24.500059]]]}},{"type":"Feature","properties":{},"geometry":{"type":"Polygon","coordinates":[[[54.394869,24.500337],[54.394781,24.500387],[54.394802,24.500501],[54.394849,24.500494],[54.394937,24.500444],[54.394916,24.50033],[54.394869,24.500337]]]}},{"type":"Feature","properties":{},"geometry":{"type":"Polygon","coordinates":[[[54.394922,24.50055],[54.394482,24.500802],[54.394624,24.50165],[54.39519,24.501571],[54.39563,24.50132],[54.395488,24.500472],[54.394922,24.50055]]]}},{"type":"Feature","properties":{},"geometry":{"type":"Polygon","coordinates":[[[54.395573,24.501945],[54.39557,24.502048],[54.395656,24.50205],[54.395744,24.502],[54.395747,24.501897],[54.395661,24.501895],[54.395573,24.501945]]]}},{"type":"Feature","properties":{},"geometry":{"type":"Polygon","coordinates":[[[54.395002,24.502462],[54.395052,24.50277],[54.395484,24.502712],[54.395924,24.502461],[54.395873,24.502153],[54.395441,24.502211],[54.395002,24.502462]]]}},{"type":"Feature","properties":{},"geometry":{"type":"Polygon","coordinates":[[[54.406088,24.504593],[54.406,24.504643],[54.406053,24.504809],[54.406145,24.504789],[54.406233,24.504739],[54.406184,24.50457],[54.406088,24.504593]]]}},{"type":"Feature","properties":{},"geometry":{"type":"Polygon","coordinates":[[[54.397401,24.504687],[54.397313,24.504737],[54.397319,24.504838],[54.397391,24.504835],[54.397479,24.504785],[54.397473,24.504684],[54.397401,24.504687]]]}},{"type":"Feature","properties":{},"geometry":{"type":"Polygon","coordinates":[[[54.406828,24.505695],[54.406787,24.505553],[54.406674,24.505453],[54.406626,24.50548],[54.406344,24.50524],[54.405905,24.505491],[54.405643,24.505746],[54.405854,24.505926],[54.405622,24.50616],[54.405895,24.506382],[54.406702,24.505922],[54.406793,24.505817],[54.406828,24.505695]]]}},{"type":"Feature","properties":{},"geometry":{"type":"Polygon","coordinates":[[[54.404943,24.506349],[54.404773,24.506446],[54.40468,24.506695],[54.404768,24.506722],[54.404655,24.506787],[54.404513,24.507186],[54.404769,24.507279],[54.405062,24.507112],[54.405237,24.506716],[54.405133,24.506681],[54.405252,24.506613],[54.405345,24.506365],[54.40519,24.506317],[54.405359,24.506221],[54.405475,24.505923],[54.405335,24.505878],[54.405492,24.505789],[54.405586,24.505474],[54.405385,24.505424],[54.405092,24.505592],[54.404998,24.505907],[54.405029,24.505914],[54.404886,24.505996],[54.40477,24.506293],[54.404943,24.506349]]]}},{"type":"Feature","properties":{},"geometry":{"type":"Polygon","coordinates":[[[54.404316,24.507313],[54.404409,24.507404],[54.40453,24.507326],[54.404437,24.507235],[54.404316,24.507313]]]}},{"type":"Feature","properties":{},"geometry":{"type":"Polygon","coordinates":[[[54.405593,24.506955],[54.405529,24.506966],[54.40465,24.507469],[54.404018,24.508568],[54.404113,24.508633],[54.404477,24.50857],[54.405356,24.508068],[54.405862,24.507159],[54.405855,24.507079],[54.405593,24.506955]]]}},{"type":"Feature","properties":{},"geometry":{"type":"Polygon","coordinates":[[[54.405231,24.509371],[54.404534,24.509769],[54.404408,24.509937],[54.404557,24.510081],[54.404637,24.510036],[54.404721,24.510092],[54.405418,24.509695],[54.405598,24.509432],[54.40558,24.509422],[54.406121,24.509114],[54.406232,24.508999],[54.406149,24.508917],[54.406377,24.508786],[54.406489,24.508672],[54.406362,24.508547],[54.406645,24.508385],[54.406757,24.508271],[54.406367,24.507886],[54.405663,24.508288],[54.405545,24.508395],[54.405678,24.508527],[54.405395,24.508689],[54.405277,24.508796],[54.405367,24.508886],[54.405139,24.509016],[54.405021,24.509124],[54.405344,24.509443],[54.405231,24.509371]]]}},{"type":"Feature","properties":{},"geometry":{"type":"Polygon","coordinates":[[[54.406125,24.510785],[54.406172,24.510852],[54.406547,24.510635],[54.406487,24.51055],[54.406524,24.510524],[54.40656,24.510297],[54.407446,24.509794],[54.40758,24.509657],[54.407554,24.509632],[54.407784,24.509501],[54.4079,24.509383],[54.407538,24.50905],[54.407214,24.509235],[54.40717,24.509197],[54.407082,24.509248],[54.407041,24.509288],[54.407073,24.509315],[54.406834,24.509452],[54.406712,24.509561],[54.406724,24.509572],[54.406497,24.509702],[54.406365,24.509829],[54.406107,24.509976],[54.405948,24.510108],[54.406181,24.510321],[54.406094,24.510394],[54.405947,24.51048],[54.405819,24.510521],[54.405565,24.510545],[54.405234,24.51076],[54.405052,24.510945],[54.405099,24.510983],[54.405191,24.511015],[54.405496,24.511024],[54.405697,24.510965],[54.405977,24.510861],[54.406125,24.510785]]]}},{"type":"Feature","properties":{},"geometry":{"type":"Polygon","coordinates":[[[54.396883,24.510805],[54.397139,24.510517],[54.396934,24.510367],[54.396641,24.510534],[54.396387,24.51082],[54.39659,24.510973],[54.396883,24.510805]]]}},{"type":"Feature","properties":{},"geometry":{"type":"Polygon","coordinates":[[[54.405199,24.512499],[54.405859,24.512123],[54.405892,24.512079],[54.405943,24.512123],[54.406203,24.512097],[54.406606,24.511867],[54.406667,24.511956],[54.407094,24.511726],[54.407155,24.5118],[54.407286,24.511725],[54.407323,24.51177],[54.407685,24.511563],[54.407704,24.511592],[54.409031,24.510844],[54.409094,24.510843],[54.409208,24.51078],[54.409247,24.51071],[54.409231,24.51066],[54.409155,24.510618],[54.409095,24.510631],[54.409007,24.510682],[54.408967,24.510726],[54.408953,24.510705],[54.408271,24.511084],[54.408261,24.510837],[54.408205,24.510839],[54.408168,24.51086],[54.408005,24.510873],[54.407933,24.510865],[54.407897,24.510886],[54.407855,24.510834],[54.407741,24.510899],[54.407694,24.510841],[54.407271,24.511083],[54.40716,24.510943],[54.406727,24.511176],[54.406651,24.511065],[54.405768,24.511564],[54.405731,24.511668],[54.405779,24.511807],[54.405455,24.511831],[54.404795,24.512208],[54.404828,24.512485],[54.404851,24.5125],[54.404904,24.5125],[54.405086,24.512395],[54.405147,24.512499],[54.405199,24.512499]],[[54.408021,24.511037],[54.407967,24.510972],[54.408089,24.510961],[54.408119,24.510944],[54.408076,24.510971],[54.408074,24.511007],[54.408021,24.511037]],[[54.408106,24.51114],[54.40807,24.511096],[54.408103,24.511077],[54.408106,24.51114]],[[54.408127,24.511166],[54.40811,24.511145],[54.408168,24.511143],[54.408127,24.511166]]]}},{"type":"Feature","properties":{},"geometry":{"type":"Polygon","coordinates":[[[54.410524,24.48008],[54.410593,24.480014],[54.410443,24.479885],[54.410355,24.479935],[54.410286,24.480002],[54.410436,24.480131],[54.410524,24.48008]]]}},{"type":"Feature","properties":{},"geometry":{"type":"Polygon","coordinates":[[[54.410876,24.481925],[54.410921,24.481964],[54.410954,24.481944],[54.411028,24.482008],[54.410929,24.482103],[54.411014,24.482176],[54.411307,24.482009],[54.411484,24.481839],[54.411116,24.48152],[54.410823,24.481688],[54.41065,24.481853],[54.410731,24.481924],[54.410862,24.48186],[54.410905,24.481898],[54.410876,24.481925]]]}},{"type":"Feature","properties":{},"geometry":{"type":"Polygon","coordinates":[[[54.409307,24.482887],[54.409219,24.482937],[54.409224,24.483051],[54.40932,24.483048],[54.409408,24.482998],[54.409403,24.482883],[54.409307,24.482887]]]}},{"type":"Feature","properties":{},"geometry":{"type":"Polygon","coordinates":[[[54.408564,24.485034],[54.408829,24.484883],[54.409038,24.484742],[54.408793,24.48444],[54.408324,24.484708],[54.408115,24.484849],[54.408144,24.484886],[54.407865,24.485045],[54.40766,24.485199],[54.40766,24.48523],[54.407673,24.485264],[54.407892,24.485375],[54.407953,24.48534],[54.40802,24.485427],[54.408489,24.48516],[54.408602,24.485076],[54.408564,24.485034]]]}},{"type":"Feature","properties":{},"geometry":{"type":"Polygon","coordinates":[[[54.410635,24.485326],[54.410686,24.485404],[54.410882,24.485296],[54.410832,24.485218],[54.410635,24.485326]]]}},{"type":"Feature","properties":{},"geometry":{"type":"Polygon","coordinates":[[[54.407262,24.485263],[54.407174,24.485314],[54.406879,24.485601],[54.406954,24.485664],[54.407042,24.485614],[54.407336,24.485327],[54.407262,24.485263]]]}},{"type":"Feature","properties":{},"geometry":{"type":"Polygon","coordinates":[[[54.409001,24.485574],[54.408834,24.485685],[54.408875,24.485728],[54.409042,24.485617],[54.409001,24.485574]]]}},{"type":"Feature","properties":{},"geometry":{"type":"Polygon","coordinates":[[[54.409434,24.486179],[54.409516,24.486156],[54.409707,24.486047],[54.409815,24.485921],[54.410314,24.486777],[54.410673,24.486609],[54.410863,24.4865],[54.410363,24.485619],[54.410402,24.485593],[54.410413,24.48552],[54.410404,24.485468],[54.410388,24.485446],[54.410301,24.485457],[54.410404,24.485395],[54.410418,24.485361],[54.410787,24.485213],[54.410978,24.485104],[54.410804,24.484786],[54.409762,24.485295],[54.409673,24.485244],[54.409233,24.485509],[54.409146,24.485592],[54.409132,24.485629],[54.408934,24.485743],[54.409041,24.485895],[54.409108,24.485857],[54.409127,24.485965],[54.409206,24.486094],[54.409294,24.486169],[54.409434,24.486179]],[[54.40911,24.485699],[54.409107,24.485694],[54.40911,24.485693],[54.40911,24.485699]]]}},{"type":"Feature","properties":{},"geometry":{"type":"Polygon","coordinates":[[[54.40766,24.485901],[54.407698,24.485879],[54.407889,24.48568],[54.407828,24.485631],[54.407805,24.485644],[54.407564,24.485445],[54.407095,24.485713],[54.406909,24.485906],[54.406969,24.485954],[54.40699,24.485941],[54.406987,24.485953],[54.407229,24.486147],[54.407542,24.485968],[54.407469,24.486048],[54.407517,24.486084],[54.407605,24.486034],[54.4077,24.485931],[54.40766,24.485901]]]}},{"type":"Feature","properties":{},"geometry":{"type":"Polygon","coordinates":[[[54.408592,24.488126],[54.409363,24.48769],[54.409247,24.487364],[54.408807,24.487615],[54.408445,24.487898],[54.407895,24.488261],[54.408197,24.488745],[54.409071,24.488309],[54.409511,24.488057],[54.40936,24.487784],[54.408633,24.48819],[54.408592,24.488126]]]}},{"type":"Feature","properties":{},"geometry":{"type":"Polygon","coordinates":[[[54.410422,24.488416],[54.41032,24.488474],[54.410138,24.488492],[54.409698,24.488743],[54.409743,24.489179],[54.410074,24.48915],[54.409911,24.489243],[54.409923,24.489351],[54.410329,24.489314],[54.410349,24.489495],[54.410256,24.489504],[54.409817,24.489756],[54.409886,24.490341],[54.410445,24.490286],[54.410885,24.490035],[54.41087,24.489907],[54.41051,24.489942],[54.410508,24.489927],[54.410457,24.489932],[54.410439,24.489777],[54.410533,24.489769],[54.410826,24.489601],[54.410787,24.489249],[54.410869,24.489247],[54.41099,24.489408],[54.410822,24.489504],[54.410874,24.489587],[54.411576,24.489198],[54.41162,24.489283],[54.411051,24.489605],[54.411145,24.489758],[54.411209,24.489734],[54.411273,24.489844],[54.411532,24.489893],[54.411516,24.48997],[54.411681,24.490007],[54.41212,24.489755],[54.41217,24.489565],[54.412363,24.489931],[54.412956,24.4896],[54.412936,24.489569],[54.413136,24.489455],[54.413157,24.489407],[54.413261,24.489348],[54.413305,24.489173],[54.413062,24.489092],[54.413489,24.488848],[54.413445,24.488556],[54.412861,24.488626],[54.412817,24.488588],[54.412683,24.488658],[54.412598,24.488587],[54.412673,24.488545],[54.412558,24.488398],[54.412583,24.488321],[54.412969,24.488101],[54.413104,24.487954],[54.41297,24.487877],[54.413231,24.487867],[54.413524,24.4877],[54.413521,24.487621],[54.413488,24.487622],[54.413485,24.487546],[54.413516,24.487528],[54.413513,24.487454],[54.41337,24.48746],[54.4134,24.487443],[54.413388,24.487195],[54.413283,24.487199],[54.413231,24.487229],[54.413107,24.487233],[54.412814,24.487401],[54.412886,24.487604],[54.412871,24.487612],[54.412926,24.487802],[54.412959,24.487794],[54.412963,24.487873],[54.412745,24.487759],[54.412516,24.487718],[54.412242,24.487705],[54.412163,24.487751],[54.412157,24.487708],[54.412019,24.48774],[54.411868,24.487782],[54.411142,24.488208],[54.410974,24.488381],[54.411131,24.488492],[54.411372,24.488355],[54.411514,24.488598],[54.411214,24.488505],[54.410899,24.488685],[54.410862,24.48833],[54.410551,24.488356],[54.41045,24.488414],[54.410422,24.488416]],[[54.410735,24.488842],[54.410731,24.488851],[54.410916,24.488919],[54.410894,24.48903],[54.41077,24.489101],[54.410762,24.489025],[54.410343,24.489063],[54.410735,24.488842]]]}},{"type":"Feature","properties":{},"geometry":{"type":"Polygon","coordinates":[[[54.407322,24.488584],[54.407309,24.488565],[54.406464,24.489046],[54.406743,24.489454],[54.407644,24.488949],[54.40802,24.488719],[54.407768,24.488343],[54.407322,24.488584]]]}},{"type":"Feature","properties":{},"geometry":{"type":"Polygon","coordinates":[[[54.406873,24.490342],[54.406901,24.490423],[54.407054,24.490352],[54.407021,24.490271],[54.406873,24.490342]]]}},{"type":"Feature","properties":{},"geometry":{"type":"Polygon","coordinates":[[[54.410416,24.490817],[54.410123,24.490985],[54.410119,24.491197],[54.410406,24.491201],[54.410699,24.491033],[54.410706,24.490766],[54.4106,24.490766],[54.410514,24.490815],[54.410416,24.490817]]]}},{"type":"Feature","properties":{},"geometry":{"type":"Polygon","coordinates":[[[54.409272,24.491156],[54.409037,24.491149],[54.408871,24.49123],[54.408859,24.491345],[54.40892,24.491346],[54.408919,24.491373],[54.409131,24.491379],[54.409219,24.491329],[54.40922,24.49129],[54.409268,24.491263],[54.409272,24.491156]]]}},{"type":"Feature","properties":{},"geometry":{"type":"Polygon","coordinates":[[[54.410457,24.491298],[54.410164,24.491466],[54.410151,24.49179],[54.410523,24.491803],[54.410816,24.491635],[54.41083,24.491311],[54.410457,24.491298]]]}},{"type":"Feature","properties":{},"geometry":{"type":"Polygon","coordinates":[[[54.409751,24.496273],[54.40946,24.496504],[54.409564,24.496623],[54.409483,24.496678],[54.409592,24.496819],[54.409954,24.496612],[54.409965,24.496627],[54.410189,24.496522],[54.410775,24.496187],[54.410614,24.495998],[54.410486,24.496071],[54.410337,24.495938],[54.409751,24.496273]]]}},{"type":"Feature","properties":{},"geometry":{"type":"Polygon","coordinates":[[[54.409415,24.497947],[54.409165,24.497863],[54.40899,24.49793],[54.408536,24.49819],[54.408538,24.49865],[54.408928,24.498584],[54.409383,24.498324],[54.409415,24.497947]]]}},{"type":"Feature","properties":{},"geometry":{"type":"Polygon","coordinates":[[[54.408826,24.498828],[54.408914,24.498778],[54.408924,24.498611],[54.408852,24.4986],[54.408764,24.49865],[54.408748,24.49871],[54.408786,24.498825],[54.408826,24.498828]]]}},{"type":"Feature","properties":{},"geometry":{"type":"Polygon","coordinates":[[[54.409382,24.499166],[54.409435,24.498769],[54.408993,24.498738],[54.408735,24.498886],[54.408747,24.49924],[54.408661,24.499604],[54.409018,24.499699],[54.409276,24.499552],[54.409382,24.499166]]]}},{"type":"Feature","properties":{},"geometry":{"type":"Polygon","coordinates":[[[54.409926,24.500296],[54.409975,24.49974],[54.410012,24.49951],[54.409978,24.499439],[54.4099,24.49938],[54.409787,24.499363],[54.409615,24.499373],[54.409108,24.49967],[54.408909,24.500291],[54.40886,24.500504],[54.408902,24.500633],[54.408993,24.500699],[54.409173,24.50073],[54.409306,24.500728],[54.409871,24.500412],[54.409926,24.500296]]]}},{"type":"Feature","properties":{},"geometry":{"type":"Polygon","coordinates":[[[54.407937,24.501063],[54.407975,24.501095],[54.408063,24.501044],[54.408114,24.500971],[54.408147,24.500887],[54.408085,24.500876],[54.407997,24.500926],[54.407966,24.500958],[54.407965,24.501004],[54.407937,24.501063]]]}},{"type":"Feature","properties":{},"geometry":{"type":"Polygon","coordinates":[[[54.40961,24.501599],[54.409605,24.501431],[54.408723,24.501471],[54.408283,24.501722],[54.408266,24.501811],[54.408025,24.50174],[54.407585,24.501991],[54.407256,24.502654],[54.407675,24.502828],[54.408114,24.502577],[54.408279,24.502144],[54.408312,24.502202],[54.408581,24.502214],[54.408899,24.502204],[54.40899,24.502173],[54.409545,24.501851],[54.409584,24.501746],[54.40961,24.501599]]]}},{"type":"Feature","properties":{},"geometry":{"type":"Polygon","coordinates":[[[54.409778,24.501897],[54.409778,24.501921],[54.409676,24.50198],[54.409674,24.502228],[54.409774,24.50223],[54.409883,24.502168],[54.409908,24.502168],[54.410568,24.501791],[54.410573,24.501566],[54.410542,24.501564],[54.410544,24.501523],[54.410437,24.50152],[54.409778,24.501897]]]}},{"type":"Feature","properties":{},"geometry":{"type":"Polygon","coordinates":[[[54.407152,24.502976],[54.407028,24.503127],[54.407091,24.503163],[54.407179,24.503113],[54.407271,24.503031],[54.407335,24.502994],[54.407403,24.502885],[54.407345,24.502871],[54.407152,24.502976]]]}},{"type":"Feature","properties":{},"geometry":{"type":"Polygon","coordinates":[[[54.406792,24.503414],[54.406829,24.503535],[54.406909,24.503518],[54.406997,24.503468],[54.406943,24.503344],[54.406792,24.503414]]]}},{"type":"Feature","properties":{},"geometry":{"type":"Polygon","coordinates":[[[54.407036,24.503648],[54.406948,24.503698],[54.406897,24.503856],[54.406986,24.503879],[54.407074,24.503829],[54.407134,24.50368],[54.407036,24.503648]]]}},{"type":"Feature","properties":{},"geometry":{"type":"Polygon","coordinates":[[[54.408323,24.505278],[54.409349,24.504692],[54.409508,24.50451],[54.409505,24.504524],[54.409977,24.504602],[54.410673,24.504204],[54.410705,24.504046],[54.410233,24.503968],[54.409562,24.504351],[54.409434,24.504243],[54.409909,24.503972],[54.410053,24.503863],[54.40972,24.503497],[54.409024,24.503895],[54.40888,24.504003],[54.409064,24.504205],[54.408233,24.50468],[54.408028,24.50494],[54.408323,24.505278]]]}},{"type":"Feature","properties":{},"geometry":{"type":"Polygon","coordinates":[[[54.406432,24.504537],[54.406344,24.504587],[54.40634,24.50473],[54.406435,24.504731],[54.406523,24.504681],[54.406525,24.504539],[54.406432,24.504537]]]}},{"type":"Feature","properties":{},"geometry":{"type":"Polygon","coordinates":[[[54.407866,24.505725],[54.407778,24.505775],[54.40778,24.505869],[54.407945,24.505893],[54.408033,24.505842],[54.408028,24.505741],[54.407866,24.505725]]]}},{"type":"Feature","properties":{},"geometry":{"type":"Polygon","coordinates":[[[54.409587,24.506114],[54.409672,24.506021],[54.409717,24.505908],[54.409719,24.505787],[54.40968,24.50568],[54.409606,24.50559],[54.409506,24.505526],[54.409388,24.505493],[54.409265,24.505495],[54.409148,24.505532],[54.408709,24.505783],[54.408611,24.505852],[54.408541,24.505945],[54.408507,24.506052],[54.408514,24.506173],[54.408565,24.506285],[54.408654,24.506374],[54.408771,24.506431],[54.408902,24.50645],[54.409033,24.506427],[54.409587,24.506114]]]}},{"type":"Feature","properties":{},"geometry":{"type":"Polygon","coordinates":[[[54.410797,24.506728],[54.410732,24.506708],[54.410747,24.506615],[54.410678,24.506576],[54.410546,24.50654],[54.410371,24.50656],[54.410005,24.506778],[54.410005,24.506828],[54.410042,24.506897],[54.41009,24.506907],[54.410209,24.50697],[54.410295,24.506975],[54.41048,24.50696],[54.410773,24.506792],[54.410797,24.506728]]]}},{"type":"Feature","properties":{},"geometry":{"type":"Polygon","coordinates":[[[54.406949,24.507554],[54.407019,24.507514],[54.40712,24.507428],[54.407102,24.50741],[54.407149,24.50737],[54.407161,24.50738],[54.407231,24.50734],[54.407333,24.507251],[54.406969,24.506909],[54.407336,24.506699],[54.407629,24.506391],[54.407472,24.506231],[54.407244,24.506239],[54.406254,24.506804],[54.406039,24.507029],[54.406347,24.507264],[54.406779,24.507017],[54.406678,24.507114],[54.406712,24.507151],[54.406606,24.507237],[54.406949,24.507554]]]}},{"type":"Feature","properties":{},"geometry":{"type":"Polygon","coordinates":[[[54.406513,24.50742],[54.406633,24.507571],[54.406764,24.507492],[54.406644,24.507341],[54.406513,24.50742]]]}},{"type":"Feature","properties":{},"geometry":{"type":"Polygon","coordinates":[[[54.409481,24.507344],[54.409188,24.507512],[54.408994,24.50768],[54.409355,24.508042],[54.409709,24.507832],[54.409692,24.507556],[54.409481,24.507344]]]}},{"type":"Feature","properties":{},"geometry":{"type":"Polygon","coordinates":[[[54.407167,24.507749],[54.407079,24.507799],[54.407049,24.507832],[54.407083,24.507857],[54.407171,24.507807],[54.407201,24.507774],[54.407167,24.507749]]]}},{"type":"Feature","properties":{},"geometry":{"type":"Polygon","coordinates":[[[54.410332,24.507855],[54.410313,24.507789],[54.410247,24.507805],[54.410204,24.507719],[54.410122,24.507721],[54.40999,24.507756],[54.409696,24.507923],[54.409562,24.508027],[54.409532,24.508105],[54.409561,24.508147],[54.409633,24.508187],[54.40968,24.508171],[54.409817,24.508166],[54.410185,24.50796],[54.410332,24.507855]]]}},{"type":"Feature","properties":{},"geometry":{"type":"Polygon","coordinates":[[[54.408789,24.507908],[54.408791,24.507952],[54.408758,24.507971],[54.408763,24.508077],[54.408802,24.508076],[54.40889,24.508025],[54.40889,24.50801],[54.408918,24.507994],[54.408925,24.507856],[54.408877,24.507857],[54.408789,24.507908]]]}},{"type":"Feature","properties":{},"geometry":{"type":"Polygon","coordinates":[[[54.409278,24.508116],[54.40919,24.508166],[54.409101,24.50824],[54.409143,24.508283],[54.409231,24.508233],[54.40932,24.508159],[54.409278,24.508116]]]}},{"type":"Feature","properties":{},"geometry":{"type":"Polygon","coordinates":[[[54.409334,24.508542],[54.409273,24.508456],[54.409219,24.508487],[54.409158,24.5084],[54.408721,24.508652],[54.408767,24.508717],[54.408693,24.508775],[54.408712,24.508801],[54.408676,24.508822],[54.408707,24.508865],[54.408741,24.508846],[54.408764,24.508878],[54.409334,24.508542]]]}},{"type":"Feature","properties":{},"geometry":{"type":"Polygon","coordinates":[[[54.407615,24.508841],[54.407587,24.508811],[54.407435,24.508911],[54.407462,24.508941],[54.407615,24.508841]]]}},{"type":"Feature","properties":{},"geometry":{"type":"Polygon","coordinates":[[[54.407568,24.509063],[54.407724,24.509216],[54.407864,24.509122],[54.407708,24.508969],[54.407568,24.509063]]]}},{"type":"Feature","properties":{},"geometry":{"type":"Polygon","coordinates":[[[54.406211,24.509086],[54.40617,24.509131],[54.406256,24.509196],[54.406344,24.509146],[54.406384,24.509101],[54.406299,24.509036],[54.406211,24.509086]]]}},{"type":"Feature","properties":{},"geometry":{"type":"Polygon","coordinates":[[[54.410005,24.509826],[54.409712,24.509993],[54.409369,24.510305],[54.409554,24.510474],[54.409847,24.510306],[54.41019,24.509994],[54.410005,24.509826]]]}},{"type":"Feature","properties":{},"geometry":{"type":"Polygon","coordinates":[[[54.409674,24.511002],[54.409637,24.511023],[54.409707,24.511125],[54.410233,24.510827],[54.410217,24.510804],[54.41027,24.510774],[54.410248,24.510742],[54.410303,24.51071],[54.410208,24.510574],[54.409607,24.510903],[54.409674,24.511002]]]}},{"type":"Feature","properties":{},"geometry":{"type":"Polygon","coordinates":[[[54.410048,24.511188],[54.41022,24.511107],[54.410506,24.510935],[54.41043,24.510834],[54.410145,24.511006],[54.410163,24.511032],[54.410006,24.511115],[54.410048,24.511188]],[[54.410165,24.511034],[54.410178,24.511051],[54.410176,24.511053],[54.410165,24.511034]]]}},{"type":"Feature","properties":{},"geometry":{"type":"Polygon","coordinates":[[[54.40784,24.511964],[54.407822,24.511974],[54.407834,24.512023],[54.407875,24.512015],[54.408017,24.512224],[54.408731,24.511821],[54.408752,24.511853],[54.409672,24.511336],[54.409455,24.511011],[54.408752,24.511404],[54.408731,24.511373],[54.407798,24.511901],[54.40784,24.511964]]]}},{"type":"Feature","properties":{},"geometry":{"type":"Polygon","coordinates":[[[54.412085,24.481909],[54.411909,24.482183],[54.412269,24.482375],[54.412563,24.482207],[54.412739,24.481932],[54.412378,24.481741],[54.412085,24.481909]]]}},{"type":"Feature","properties":{},"geometry":{"type":"Polygon","coordinates":[[[54.411398,24.482052],[54.41131,24.482102],[54.411232,24.482182],[54.411263,24.482208],[54.411351,24.482158],[54.41143,24.482077],[54.411398,24.482052]]]}},{"type":"Feature","properties":{},"geometry":{"type":"Polygon","coordinates":[[[54.411468,24.48562],[54.411454,24.485589],[54.411262,24.48568],[54.411277,24.485711],[54.411468,24.48562]]]}},{"type":"Feature","properties":{},"geometry":{"type":"Polygon","coordinates":[[[54.411287,24.485728],[54.411326,24.485826],[54.411471,24.485757],[54.411432,24.48566],[54.411287,24.485728]]]}},{"type":"Feature","properties":{},"geometry":{"type":"Polygon","coordinates":[[[54.414894,24.487983],[54.414894,24.488233],[54.414839,24.488231],[54.414751,24.488281],[54.414748,24.488376],[54.414817,24.488378],[54.414764,24.488409],[54.414768,24.488528],[54.414891,24.488525],[54.414979,24.488475],[54.414976,24.48838],[54.415077,24.48838],[54.41537,24.488213],[54.41537,24.488104],[54.415565,24.487992],[54.415614,24.487991],[54.415615,24.48802],[54.415663,24.488019],[54.415751,24.487968],[54.415745,24.487766],[54.415595,24.487771],[54.415674,24.487726],[54.415671,24.487682],[54.415613,24.487685],[54.415525,24.487735],[54.415527,24.487771],[54.415123,24.487771],[54.41483,24.487939],[54.41483,24.487983],[54.414894,24.487983]]]}},{"type":"Feature","properties":{},"geometry":{"type":"Polygon","coordinates":[[[54.415855,24.487746],[54.415767,24.487797],[54.415765,24.48784],[54.415797,24.487841],[54.415885,24.487791],[54.415887,24.487747],[54.415855,24.487746]]]}},{"type":"Feature","properties":{},"geometry":{"type":"Polygon","coordinates":[[[54.41622,24.487955],[54.416262,24.487931],[54.416254,24.487801],[54.416082,24.48781],[54.416102,24.487798],[54.416103,24.487769],[54.415997,24.487765],[54.415909,24.487816],[54.415908,24.487845],[54.415942,24.487846],[54.415909,24.487865],[54.415918,24.487994],[54.415952,24.487993],[54.41592,24.488011],[54.415922,24.488067],[54.416157,24.488061],[54.416245,24.48801],[54.416244,24.487954],[54.41622,24.487955]]]}},{"type":"Feature","properties":{},"geometry":{"type":"Polygon","coordinates":[[[54.413519,24.487893],[54.413431,24.487943],[54.413434,24.488005],[54.413502,24.488002],[54.41359,24.487952],[54.413587,24.48789],[54.413519,24.487893]]]}},{"type":"Feature","properties":{},"geometry":{"type":"Polygon","coordinates":[[[54.416236,24.488277],[54.416148,24.488327],[54.416147,24.488352],[54.416058,24.488403],[54.416062,24.488439],[54.416102,24.488435],[54.416146,24.48841],[54.416144,24.488539],[54.416439,24.488544],[54.416527,24.488493],[54.416528,24.48842],[54.416348,24.488417],[54.416349,24.488388],[54.416274,24.488387],[54.416274,24.488356],[54.416387,24.488351],[54.416391,24.488415],[54.416438,24.488413],[54.416508,24.488373],[54.416562,24.48838],[54.416618,24.488349],[54.416661,24.488355],[54.416749,24.488305],[54.416748,24.488248],[54.416736,24.488248],[54.41675,24.488241],[54.416746,24.488148],[54.416684,24.488159],[54.416684,24.488149],[54.416642,24.488149],[54.416669,24.488133],[54.416665,24.488042],[54.416625,24.488043],[54.416666,24.48802],[54.416665,24.487971],[54.416595,24.487982],[54.416443,24.487975],[54.416247,24.488074],[54.416259,24.488277],[54.416236,24.488277]],[[54.416546,24.488294],[54.416523,24.488307],[54.416522,24.488295],[54.416504,24.488293],[54.416546,24.488294]]]}},{"type":"Feature","properties":{},"geometry":{"type":"Polygon","coordinates":[[[54.415318,24.488314],[54.41523,24.488365],[54.415231,24.488447],[54.415348,24.488446],[54.415436,24.488396],[54.415436,24.488382],[54.41548,24.48838],[54.415563,24.488333],[54.415563,24.488359],[54.415513,24.488388],[54.415514,24.488437],[54.415608,24.488435],[54.415696,24.488385],[54.415695,24.488336],[54.41567,24.488337],[54.415714,24.488311],[54.41571,24.4882],[54.415648,24.488202],[54.41556,24.488252],[54.415561,24.488292],[54.415472,24.488296],[54.415435,24.488313],[54.415318,24.488314]]]}},{"type":"Feature","properties":{},"geometry":{"type":"Polygon","coordinates":[[[54.416676,24.488435],[54.416723,24.488408],[54.416725,24.488369],[54.416695,24.488368],[54.416607,24.488418],[54.41661,24.488457],[54.416564,24.488484],[54.416561,24.488528],[54.416606,24.48853],[54.416694,24.488479],[54.416696,24.488436],[54.416676,24.488435]]]}},{"type":"Feature","properties":{},"geometry":{"type":"Polygon","coordinates":[[[54.415431,24.488484],[54.415432,24.488438],[54.415324,24.488488],[54.415323,24.488534],[54.415431,24.488484]]]}},{"type":"Feature","properties":{},"geometry":{"type":"Polygon","coordinates":[[[54.415375,24.488694],[54.415377,24.488743],[54.415457,24.488741],[54.415545,24.48869],[54.415543,24.488642],[54.415463,24.488644],[54.415375,24.488694]]]}},{"type":"Feature","properties":{},"geometry":{"type":"Polygon","coordinates":[[[54.416223,24.488882],[54.416135,24.488932],[54.416139,24.489039],[54.416169,24.489038],[54.416257,24.488988],[54.416252,24.488881],[54.416223,24.488882]]]}},{"type":"Feature","properties":{},"geometry":{"type":"Polygon","coordinates":[[[54.415999,24.488841],[54.415911,24.488892],[54.415918,24.489091],[54.415977,24.48909],[54.416065,24.48904],[54.416058,24.48884],[54.415999,24.488841]]]}},{"type":"Feature","properties":{},"geometry":{"type":"Polygon","coordinates":[[[54.41562,24.488852],[54.415532,24.488902],[54.415536,24.489102],[54.415595,24.489101],[54.415683,24.489051],[54.415679,24.488851],[54.41562,24.488852]]]}},{"type":"Feature","properties":{},"geometry":{"type":"Polygon","coordinates":[[[54.415745,24.489191],[54.415696,24.489219],[54.415694,24.4893],[54.415745,24.489301],[54.415833,24.489251],[54.415835,24.489171],[54.415821,24.48917],[54.415876,24.489139],[54.415873,24.489095],[54.415719,24.489105],[54.415631,24.489155],[54.415634,24.489197],[54.415745,24.489191]]]}},{"type":"Feature","properties":{},"geometry":{"type":"Polygon","coordinates":[[[54.415123,24.489691],[54.415128,24.489844],[54.415999,24.489823],[54.416292,24.489655],[54.41629,24.489586],[54.416269,24.489586],[54.416267,24.489502],[54.415416,24.489523],[54.415123,24.489691]]]}},{"type":"Feature","properties":{},"geometry":{"type":"Polygon","coordinates":[[[54.410835,24.489739],[54.410747,24.489789],[54.410751,24.489832],[54.4108,24.489828],[54.410888,24.489778],[54.410884,24.489736],[54.410835,24.489739]]]}},{"type":"Feature","properties":{},"geometry":{"type":"Polygon","coordinates":[[[54.412428,24.489949],[54.41234,24.489999],[54.412344,24.490062],[54.412414,24.490058],[54.412502,24.490007],[54.412498,24.489945],[54.412428,24.489949]]]}},{"type":"Feature","properties":{},"geometry":{"type":"Polygon","coordinates":[[[54.411052,24.490661],[54.410964,24.490711],[54.410963,24.490763],[54.411059,24.490764],[54.411147,24.490714],[54.411148,24.490662],[54.411052,24.490661]]]}},{"type":"Feature","properties":{},"geometry":{"type":"Polygon","coordinates":[[[54.411155,24.490795],[54.411067,24.490845],[54.41106,24.491001],[54.411135,24.491],[54.411223,24.490949],[54.411224,24.490795],[54.411155,24.490795]]]}},{"type":"Feature","properties":{},"geometry":{"type":"Polygon","coordinates":[[[54.413395,24.491138],[54.413397,24.490975],[54.413134,24.490971],[54.413411,24.490814],[54.413413,24.490645],[54.412924,24.490639],[54.412484,24.490891],[54.412477,24.491383],[54.412955,24.491389],[54.413395,24.491138]]]}},{"type":"Feature","properties":{},"geometry":{"type":"Polygon","coordinates":[[[54.412186,24.491699],[54.412108,24.491697],[54.41202,24.491747],[54.412019,24.491777],[54.412097,24.491779],[54.412185,24.491729],[54.412186,24.491699]]]}},{"type":"Feature","properties":{},"geometry":{"type":"Polygon","coordinates":[[[54.410995,24.491442],[54.410924,24.492351],[54.41142,24.492383],[54.41186,24.492132],[54.411931,24.491223],[54.411435,24.491191],[54.410995,24.491442]]]}},{"type":"Feature","properties":{},"geometry":{"type":"Polygon","coordinates":[[[54.411581,24.492292],[54.411493,24.492342],[54.41149,24.49243],[54.411618,24.492434],[54.411706,24.492383],[54.411709,24.492296],[54.411581,24.492292]]]}},{"type":"Feature","properties":{},"geometry":{"type":"Polygon","coordinates":[[[54.411973,24.492459],[54.411885,24.492509],[54.411884,24.492607],[54.412066,24.492609],[54.412154,24.492558],[54.412155,24.492461],[54.411973,24.492459]]]}},{"type":"Feature","properties":{},"geometry":{"type":"Polygon","coordinates":[[[54.41501,24.49686],[54.414922,24.49691],[54.414812,24.497068],[54.414904,24.497121],[54.414992,24.497071],[54.415103,24.496914],[54.41501,24.49686]]]}},{"type":"Feature","properties":{},"geometry":{"type":"Polygon","coordinates":[[[54.410309,24.499269],[54.410553,24.49928],[54.410993,24.499029],[54.410986,24.497733],[54.411259,24.498433],[54.411385,24.499163],[54.411503,24.499153],[54.411943,24.498902],[54.412125,24.498673],[54.41202,24.498057],[54.412041,24.498045],[54.41181,24.4975],[54.411496,24.497386],[54.411403,24.497422],[54.410986,24.49766],[54.410985,24.497515],[54.410798,24.49756],[54.410358,24.497811],[54.410185,24.49796],[54.410171,24.499122],[54.410309,24.499269]]]}},{"type":"Feature","properties":{},"geometry":{"type":"Polygon","coordinates":[[[54.41329,24.502809],[54.413379,24.502328],[54.412899,24.502033],[54.412741,24.501881],[54.412655,24.501769],[54.412574,24.501625],[54.412526,24.501486],[54.411982,24.501472],[54.411762,24.501598],[54.411798,24.501798],[54.411845,24.501932],[54.411918,24.502115],[54.412002,24.502272],[54.412154,24.50248],[54.412409,24.502781],[54.412654,24.502946],[54.412793,24.503098],[54.412878,24.503244],[54.41295,24.503225],[54.41317,24.503099],[54.41329,24.502809]]]}},{"type":"Feature","properties":{},"geometry":{"type":"Polygon","coordinates":[[[54.415501,24.502417],[54.415413,24.502467],[54.415408,24.502526],[54.415434,24.502528],[54.415522,24.502478],[54.415526,24.502419],[54.415501,24.502417]]]}},{"type":"Feature","properties":{},"geometry":{"type":"Polygon","coordinates":[[[54.411441,24.502326],[54.411369,24.502399],[54.411582,24.502572],[54.41167,24.502522],[54.411742,24.502449],[54.411529,24.502276],[54.411441,24.502326]]]}},{"type":"Feature","properties":{},"geometry":{"type":"Polygon","coordinates":[[[54.41539,24.502607],[54.415302,24.502657],[54.415307,24.502732],[54.415378,24.502732],[54.415466,24.502682],[54.415468,24.502603],[54.41539,24.502607]]]}},{"type":"Feature","properties":{},"geometry":{"type":"Polygon","coordinates":[[[54.411463,24.502535],[54.411375,24.502585],[54.411372,24.502708],[54.411421,24.502709],[54.411509,24.502659],[54.411512,24.502535],[54.411463,24.502535]]]}},{"type":"Feature","properties":{},"geometry":{"type":"Polygon","coordinates":[[[54.411606,24.502616],[54.411767,24.502855],[54.411957,24.502748],[54.411796,24.502509],[54.411606,24.502616]]]}},{"type":"Feature","properties":{},"geometry":{"type":"Polygon","coordinates":[[[54.411356,24.502864],[54.411354,24.502702],[54.411224,24.502679],[54.411155,24.502628],[54.411149,24.502248],[54.410947,24.502245],[54.410508,24.502496],[54.410473,24.503089],[54.410916,24.503115],[54.411356,24.502864]]]}},{"type":"Feature","properties":{},"geometry":{"type":"Polygon","coordinates":[[[54.415351,24.502901],[54.415359,24.502951],[54.415417,24.502943],[54.415505,24.502893],[54.415499,24.50286],[54.415526,24.502863],[54.415614,24.502812],[54.415618,24.502785],[54.415565,24.502779],[54.415477,24.50283],[54.415475,24.502846],[54.415439,24.50285],[54.415351,24.502901]]]}},{"type":"Feature","properties":{},"geometry":{"type":"Polygon","coordinates":[[[54.415308,24.502835],[54.415315,24.502889],[54.415377,24.502882],[54.415465,24.502832],[54.415458,24.502778],[54.415396,24.502784],[54.415308,24.502835]]]}},{"type":"Feature","properties":{},"geometry":{"type":"Polygon","coordinates":[[[54.415601,24.502829],[54.415597,24.502907],[54.415723,24.502912],[54.415811,24.502861],[54.415815,24.502783],[54.415689,24.502779],[54.415601,24.502829]]]}},{"type":"Feature","properties":{},"geometry":{"type":"Polygon","coordinates":[[[54.411485,24.502845],[54.411561,24.502997],[54.411733,24.502911],[54.411657,24.50276],[54.411485,24.502845]]]}},{"type":"Feature","properties":{},"geometry":{"type":"Polygon","coordinates":[[[54.415635,24.503418],[54.415547,24.503468],[54.415544,24.503524],[54.415638,24.503527],[54.415726,24.503477],[54.415728,24.503421],[54.415635,24.503418]]]}},{"type":"Feature","properties":{},"geometry":{"type":"Polygon","coordinates":[[[54.415809,24.503559],[54.415721,24.503609],[54.415725,24.503692],[54.415767,24.503691],[54.415855,24.50364],[54.415852,24.503558],[54.415809,24.503559]]]}},{"type":"Feature","properties":{},"geometry":{"type":"Polygon","coordinates":[[[54.414373,24.504264],[54.414312,24.504214],[54.413652,24.50459],[54.413493,24.504748],[54.413671,24.504901],[54.414264,24.504562],[54.414324,24.504613],[54.414799,24.504341],[54.414683,24.504456],[54.414861,24.504609],[54.41533,24.504341],[54.415403,24.50428],[54.415333,24.504349],[54.415426,24.50443],[54.415308,24.504507],[54.415357,24.504558],[54.415483,24.504478],[54.41551,24.504502],[54.415811,24.504331],[54.415988,24.504182],[54.415792,24.50402],[54.415683,24.504083],[54.41564,24.504033],[54.41548,24.504134],[54.415518,24.504177],[54.415501,24.504187],[54.415404,24.504108],[54.415448,24.50408],[54.415408,24.504032],[54.415352,24.504064],[54.415342,24.504056],[54.415424,24.504009],[54.415415,24.503972],[54.415356,24.503984],[54.415268,24.504035],[54.415272,24.504053],[54.414911,24.504259],[54.415022,24.504167],[54.414826,24.504005],[54.414373,24.504264]]]}},{"type":"Feature","properties":{},"geometry":{"type":"Polygon","coordinates":[[[54.415377,24.50511],[54.415342,24.505069],[54.415305,24.50509],[54.415428,24.504987],[54.415382,24.504949],[54.415629,24.504809],[54.415806,24.50466],[54.41561,24.504498],[54.415251,24.504704],[54.415092,24.504861],[54.415123,24.504888],[54.414821,24.50506],[54.414663,24.505217],[54.41484,24.50537],[54.415194,24.505168],[54.415225,24.505205],[54.415377,24.50511]]]}},{"type":"Feature","properties":{},"geometry":{"type":"Polygon","coordinates":[[[54.41469,24.504979],[54.414868,24.50483],[54.414671,24.504668],[54.414202,24.504936],[54.414044,24.505094],[54.414221,24.505247],[54.41469,24.504979]]]}},{"type":"Feature","properties":{},"geometry":{"type":"Polygon","coordinates":[[[54.415649,24.505016],[54.415706,24.505077],[54.415841,24.50499],[54.415784,24.50493],[54.415649,24.505016]]]}},{"type":"Feature","properties":{},"geometry":{"type":"Polygon","coordinates":[[[54.411043,24.506943],[54.410977,24.506911],[54.410903,24.506954],[54.410847,24.506938],[54.410554,24.507105],[54.4105,24.507161],[54.410439,24.507274],[54.410433,24.507434],[54.410476,24.507507],[54.41053,24.507516],[54.410611,24.507494],[54.410904,24.507326],[54.410922,24.507285],[54.41101,24.507189],[54.411043,24.506943]]]}},{"type":"Feature","properties":{},"geometry":{"type":"Polygon","coordinates":[[[54.410813,24.508596],[54.410725,24.508647],[54.410721,24.508747],[54.411009,24.508756],[54.411097,24.508706],[54.4111,24.508608],[54.410964,24.50861],[54.410964,24.508601],[54.410813,24.508596]]]}},{"type":"Feature","properties":{},"geometry":{"type":"Polygon","coordinates":[[[54.41158,24.508954],[54.411492,24.509004],[54.411483,24.509213],[54.411606,24.509217],[54.411694,24.509167],[54.411703,24.508958],[54.41158,24.508954]]]}},{"type":"Feature","properties":{},"geometry":{"type":"Polygon","coordinates":[[[54.410698,24.509064],[54.41061,24.509115],[54.410612,24.509211],[54.410674,24.50921],[54.410762,24.50916],[54.41076,24.509063],[54.410698,24.509064]]]}},{"type":"Feature","properties":{},"geometry":{"type":"Polygon","coordinates":[[[54.41136,24.509573],[54.411448,24.509523],[54.411445,24.509433],[54.411309,24.509436],[54.411471,24.509343],[54.411467,24.50953],[54.411585,24.509532],[54.411673,24.509482],[54.411678,24.509265],[54.41156,24.509263],[54.411477,24.509309],[54.411487,24.508984],[54.411248,24.508984],[54.41116,24.509034],[54.411158,24.509071],[54.411024,24.509147],[54.411015,24.509441],[54.410723,24.509449],[54.410635,24.5095],[54.410639,24.509594],[54.41136,24.509573]]]}},{"type":"Feature","properties":{},"geometry":{"type":"Polygon","coordinates":[[[54.411168,24.509731],[54.411245,24.509888],[54.411432,24.509798],[54.411355,24.509641],[54.411168,24.509731]]]}},{"type":"Feature","properties":{},"geometry":{"type":"Polygon","coordinates":[[[54.410611,24.510787],[54.410637,24.510739],[54.410584,24.510715],[54.410496,24.510766],[54.41047,24.510814],[54.410523,24.510837],[54.410611,24.510787]]]}},{"type":"Feature","properties":{},"geometry":{"type":"Polygon","coordinates":[[[54.418934,24.480075],[54.418939,24.480052],[54.418873,24.480042],[54.418785,24.480093],[54.418779,24.480128],[54.418855,24.480131],[54.418854,24.480181],[54.418892,24.480182],[54.41898,24.480132],[54.418981,24.480071],[54.418934,24.480075]]]}},{"type":"Feature","properties":{},"geometry":{"type":"Polygon","coordinates":[[[54.42066,24.480236],[54.420569,24.480232],[54.420481,24.480283],[54.420474,24.480414],[54.420813,24.480438],[54.420901,24.480388],[54.420903,24.480342],[54.420695,24.480334],[54.420696,24.480302],[54.420656,24.480303],[54.42066,24.480236]]]}},{"type":"Feature","properties":{},"geometry":{"type":"Polygon","coordinates":[[[54.419929,24.480822],[54.419841,24.480873],[54.419835,24.480927],[54.419899,24.480933],[54.419987,24.480883],[54.419993,24.480828],[54.419929,24.480822]]]}},{"type":"Feature","properties":{},"geometry":{"type":"Polygon","coordinates":[[[54.418645,24.481875],[54.418733,24.481824],[54.41873,24.481743],[54.418675,24.481744],[54.418674,24.481732],[54.418792,24.481745],[54.41888,24.481695],[54.418898,24.481561],[54.418579,24.481524],[54.418491,24.481574],[54.418472,24.481709],[54.418505,24.481713],[54.418456,24.481741],[54.418462,24.481881],[54.418645,24.481875]]]}},{"type":"Feature","properties":{},"geometry":{"type":"Polygon","coordinates":[[[54.418982,24.481589],[54.418894,24.481639],[54.418872,24.481792],[54.419212,24.481834],[54.4193,24.481784],[54.419322,24.48163],[54.418982,24.481589]]]}},{"type":"Feature","properties":{},"geometry":{"type":"Polygon","coordinates":[[[54.419421,24.481631],[54.419333,24.481681],[54.419313,24.481818],[54.41964,24.481857],[54.419728,24.481807],[54.419748,24.48167],[54.419421,24.481631]]]}},{"type":"Feature","properties":{},"geometry":{"type":"Polygon","coordinates":[[[54.419982,24.481756],[54.419976,24.481819],[54.420112,24.481822],[54.4202,24.481772],[54.420202,24.48172],[54.42007,24.481706],[54.419982,24.481756]]]}},{"type":"Feature","properties":{},"geometry":{"type":"Polygon","coordinates":[[[54.418826,24.48177],[54.418738,24.48182],[54.418725,24.4819],[54.418767,24.481906],[54.418855,24.481855],[54.418868,24.481775],[54.418826,24.48177]]]}},{"type":"Feature","properties":{},"geometry":{"type":"Polygon","coordinates":[[[54.420899,24.482185],[54.420987,24.482135],[54.421007,24.482012],[54.420957,24.482005],[54.421032,24.481962],[54.42104,24.48183],[54.420715,24.481813],[54.420627,24.481863],[54.420619,24.481996],[54.420649,24.481997],[54.420609,24.482021],[54.420589,24.482144],[54.420899,24.482185]]]}},{"type":"Feature","properties":{},"geometry":{"type":"Polygon","coordinates":[[[54.419197,24.482063],[54.418884,24.482029],[54.418796,24.482079],[54.41879,24.482121],[54.418494,24.482084],[54.418406,24.482134],[54.418387,24.482261],[54.41871,24.482302],[54.418798,24.482252],[54.418811,24.482161],[54.419108,24.482194],[54.419196,24.482143],[54.419198,24.48213],[54.419222,24.482133],[54.418962,24.482281],[54.418953,24.482345],[54.418842,24.482331],[54.418777,24.482368],[54.418784,24.482322],[54.41846,24.482285],[54.418372,24.482335],[54.418354,24.482467],[54.41839,24.482472],[54.418346,24.482497],[54.418329,24.482631],[54.418655,24.482664],[54.418744,24.482609],[54.418911,24.48263],[54.418905,24.482691],[54.418869,24.482711],[54.418841,24.482797],[54.418938,24.482824],[54.419026,24.482773],[54.419031,24.482758],[54.419089,24.482763],[54.419083,24.482801],[54.419207,24.482816],[54.419157,24.482845],[54.419153,24.482877],[54.418873,24.482852],[54.418848,24.482866],[54.418851,24.482817],[54.418763,24.482813],[54.418708,24.482844],[54.418722,24.482713],[54.418396,24.482685],[54.418308,24.482735],[54.418294,24.482871],[54.418341,24.482875],[54.418278,24.482911],[54.418273,24.483033],[54.418598,24.483045],[54.418686,24.482995],[54.418687,24.482974],[54.418757,24.482977],[54.418778,24.482965],[54.418769,24.483045],[54.419101,24.483075],[54.419189,24.483025],[54.419194,24.482983],[54.419463,24.483012],[54.419551,24.482961],[54.419567,24.482832],[54.419699,24.482846],[54.419612,24.4829],[54.419594,24.483035],[54.419629,24.483039],[54.419585,24.483065],[54.419572,24.483185],[54.419796,24.483204],[54.419782,24.48333],[54.420121,24.483361],[54.420414,24.483194],[54.420432,24.483032],[54.420094,24.483],[54.419995,24.483056],[54.419997,24.483043],[54.419968,24.48304],[54.420003,24.48302],[54.420016,24.482919],[54.420103,24.48287],[54.420115,24.48279],[54.420426,24.482821],[54.42049,24.482785],[54.420473,24.482905],[54.420783,24.48294],[54.420871,24.48289],[54.420888,24.482769],[54.420833,24.482763],[54.420895,24.482727],[54.420916,24.482582],[54.420842,24.482574],[54.420926,24.482526],[54.420945,24.482404],[54.420891,24.482397],[54.420954,24.482361],[54.420967,24.48224],[54.420657,24.482212],[54.420572,24.48226],[54.42027,24.482219],[54.420212,24.482252],[54.420215,24.482222],[54.420168,24.482217],[54.420207,24.482195],[54.420221,24.482109],[54.420272,24.482115],[54.420265,24.482139],[54.420356,24.48216],[54.420444,24.482109],[54.420467,24.482025],[54.420597,24.481951],[54.420621,24.481788],[54.420283,24.481748],[54.420056,24.481877],[54.419851,24.481856],[54.419763,24.481906],[54.419749,24.482021],[54.419674,24.482022],[54.419608,24.48206],[54.419618,24.481986],[54.419294,24.481947],[54.419206,24.481998],[54.419197,24.482063]],[[54.419544,24.482148],[54.419587,24.482124],[54.419586,24.482153],[54.419544,24.482148]],[[54.419752,24.482206],[54.4198,24.482179],[54.41981,24.482131],[54.419799,24.482204],[54.419843,24.48221],[54.419825,24.48222],[54.419752,24.482206]],[[54.419856,24.482052],[54.419836,24.482064],[54.419836,24.48205],[54.419856,24.482052]],[[54.418755,24.482518],[54.418772,24.48252],[54.418753,24.482531],[54.418755,24.482518]],[[54.419449,24.482816],[54.419494,24.482791],[54.419514,24.482659],[54.419451,24.482651],[54.419598,24.482565],[54.419655,24.482571],[54.419546,24.482633],[54.419523,24.482824],[54.419449,24.482816]],[[54.420606,24.482548],[54.420541,24.482585],[54.420545,24.482545],[54.420223,24.482516],[54.42017,24.482547],[54.420176,24.482499],[54.420082,24.48249],[54.420158,24.482446],[54.420151,24.48249],[54.420473,24.482529],[54.420535,24.482494],[54.420528,24.482537],[54.420688,24.482557],[54.420606,24.482548]],[[54.419685,24.4823],[54.419622,24.482336],[54.419637,24.482282],[54.419685,24.4823]],[[54.420201,24.48234],[54.420202,24.482335],[54.420209,24.482336],[54.420201,24.48234]],[[54.42056,24.482344],[54.420545,24.482342],[54.420561,24.482333],[54.42056,24.482344]],[[54.420575,24.482384],[54.420596,24.482386],[54.420572,24.4824],[54.420575,24.482384]],[[54.418741,24.482468],[54.418739,24.482478],[54.418727,24.482476],[54.418741,24.482468]],[[54.420104,24.482735],[54.420085,24.482733],[54.420106,24.482721],[54.420104,24.482735]],[[54.420549,24.48275],[54.420514,24.482769],[54.420517,24.482746],[54.420549,24.48275]],[[54.420488,24.4827],[54.420506,24.48269],[54.420504,24.482702],[54.420488,24.4827]],[[54.418665,24.482872],[54.418675,24.482867],[54.418675,24.482873],[54.418665,24.482872]]]}},{"type":"Feature","properties":{},"geometry":{"type":"Polygon","coordinates":[[[54.418529,24.481901],[54.418441,24.481951],[54.418442,24.481973],[54.418487,24.481971],[54.418575,24.48192],[54.418573,24.481898],[54.418529,24.481901]]]}},{"type":"Feature","properties":{},"geometry":{"type":"Polygon","coordinates":[[[54.418801,24.481985],[54.418713,24.482035],[54.418697,24.482105],[54.418733,24.482112],[54.418821,24.482062],[54.418837,24.481991],[54.418801,24.481985]]]}},{"type":"Feature","properties":{},"geometry":{"type":"Polygon","coordinates":[[[54.4203,24.48283],[54.420212,24.48288],[54.420177,24.482971],[54.420266,24.482999],[54.420354,24.482948],[54.420388,24.482858],[54.4203,24.48283]]]}},{"type":"Feature","properties":{},"geometry":{"type":"Polygon","coordinates":[[[54.420544,24.48297],[54.420456,24.48302],[54.420439,24.48314],[54.420481,24.483145],[54.420432,24.483173],[54.420419,24.483301],[54.420738,24.483328],[54.420826,24.483278],[54.420839,24.483149],[54.420801,24.483146],[54.420835,24.483127],[54.420852,24.483007],[54.420544,24.48297]]]}},{"type":"Feature","properties":{},"geometry":{"type":"Polygon","coordinates":[[[54.417238,24.487724],[54.41715,24.487774],[54.417151,24.48782],[54.417237,24.487819],[54.417325,24.487769],[54.417324,24.487723],[54.417238,24.487724]]]}},{"type":"Feature","properties":{},"geometry":{"type":"Polygon","coordinates":[[[54.419482,24.489262],[54.419432,24.48929],[54.419432,24.489265],[54.41933,24.489268],[54.419242,24.489318],[54.419243,24.489357],[54.419345,24.489354],[54.419395,24.489325],[54.419396,24.489353],[54.419454,24.489351],[54.419503,24.489323],[54.419504,24.48937],[54.419607,24.489369],[54.419695,24.489319],[54.419694,24.489265],[54.419591,24.489266],[54.419541,24.489294],[54.41954,24.489259],[54.419482,24.489262]]]}},{"type":"Feature","properties":{},"geometry":{"type":"Polygon","coordinates":[[[54.418987,24.489305],[54.418899,24.489355],[54.418906,24.489479],[54.418995,24.489476],[54.419083,24.489425],[54.419077,24.489301],[54.418987,24.489305]]]}},{"type":"Feature","properties":{},"geometry":{"type":"Polygon","coordinates":[[[54.419557,24.489378],[54.419469,24.489429],[54.419466,24.489531],[54.41957,24.489534],[54.419658,24.489483],[54.419661,24.489381],[54.419557,24.489378]]]}},{"type":"Feature","properties":{},"geometry":{"type":"Polygon","coordinates":[[[54.419069,24.48959],[54.419078,24.489662],[54.419193,24.489609],[54.419183,24.489537],[54.419069,24.48959]]]}},{"type":"Feature","properties":{},"geometry":{"type":"Polygon","coordinates":[[[54.419563,24.489776],[54.419475,24.489826],[54.419476,24.489872],[54.419597,24.489869],[54.419685,24.489819],[54.419684,24.489774],[54.419563,24.489776]]]}},{"type":"Feature","properties":{},"geometry":{"type":"Polygon","coordinates":[[[54.419574,24.490343],[54.419662,24.490293],[54.419659,24.490172],[54.419611,24.490173],[54.419523,24.490223],[54.419525,24.490284],[54.419483,24.490308],[54.419491,24.490348],[54.419574,24.490343]]]}},{"type":"Feature","properties":{},"geometry":{"type":"Polygon","coordinates":[[[54.419297,24.490319],[54.419299,24.490355],[54.41935,24.490353],[54.419438,24.490303],[54.419432,24.490181],[54.419381,24.490183],[54.419293,24.490233],[54.419295,24.490275],[54.419239,24.490277],[54.419151,24.490327],[54.419152,24.490361],[54.419227,24.490359],[54.419297,24.490319]]]}},{"type":"Feature","properties":{},"geometry":{"type":"Polygon","coordinates":[[[54.416486,24.502025],[54.41667,24.502015],[54.416865,24.501923],[54.41685,24.501875],[54.416755,24.501916],[54.416572,24.501928],[54.416484,24.501979],[54.416486,24.502025]]]}},{"type":"Feature","properties":{},"geometry":{"type":"Polygon","coordinates":[[[54.416766,24.502116],[54.416961,24.502257],[54.417254,24.502089],[54.41747,24.501885],[54.41724,24.501685],[54.416947,24.501853],[54.416869,24.501925],[54.416926,24.501986],[54.416902,24.502039],[54.416766,24.502116]]]}},{"type":"Feature","properties":{},"geometry":{"type":"Polygon","coordinates":[[[54.417619,24.50236],[54.41759,24.502323],[54.41746,24.502401],[54.417489,24.502438],[54.417619,24.50236]]]}},{"type":"Feature","properties":{},"geometry":{"type":"Polygon","coordinates":[[[54.418086,24.502429],[54.41813,24.502522],[54.418332,24.502443],[54.41842,24.502393],[54.418376,24.5023],[54.418174,24.502378],[54.418086,24.502429]]]}},{"type":"Feature","properties":{},"geometry":{"type":"Polygon","coordinates":[[[54.417797,24.502503],[54.417773,24.502528],[54.41782,24.502565],[54.417908,24.502514],[54.417932,24.502489],[54.417885,24.502453],[54.417797,24.502503]]]}},{"type":"Feature","properties":{},"geometry":{"type":"Polygon","coordinates":[[[54.417421,24.502442],[54.417333,24.502492],[54.417333,24.502607],[54.417412,24.502612],[54.4175,24.502562],[54.417504,24.502442],[54.417421,24.502442]]]}},{"type":"Feature","properties":{},"geometry":{"type":"Polygon","coordinates":[[[54.416892,24.50263],[54.416804,24.50268],[54.416805,24.502704],[54.416908,24.502702],[54.416996,24.502652],[54.416995,24.502628],[54.416892,24.50263]]]}},{"type":"Feature","properties":{},"geometry":{"type":"Polygon","coordinates":[[[54.417344,24.502715],[54.4173,24.50274],[54.417299,24.502712],[54.417054,24.502723],[54.417054,24.502707],[54.416945,24.502702],[54.416857,24.502753],[54.416854,24.502813],[54.416971,24.502813],[54.416972,24.502844],[54.417214,24.502835],[54.41726,24.50281],[54.417261,24.502826],[54.41732,24.502821],[54.417408,24.502771],[54.417402,24.50271],[54.417344,24.502715]]]}},{"type":"Feature","properties":{},"geometry":{"type":"Polygon","coordinates":[[[54.417372,24.503102],[54.417374,24.50306],[54.417267,24.503056],[54.417179,24.503106],[54.417177,24.503149],[54.417284,24.503152],[54.417372,24.503102]]]}},{"type":"Feature","properties":{},"geometry":{"type":"Polygon","coordinates":[[[54.417465,24.503137],[54.417377,24.503187],[54.417373,24.503277],[54.417435,24.503279],[54.417468,24.50326],[54.417469,24.50328],[54.417517,24.503279],[54.417605,24.503229],[54.417604,24.503168],[54.417556,24.503169],[54.417524,24.503187],[54.417526,24.503139],[54.417465,24.503137]]]}},{"type":"Feature","properties":{},"geometry":{"type":"Polygon","coordinates":[[[54.417576,24.503619],[54.417569,24.503836],[54.417602,24.503837],[54.41769,24.503787],[54.417698,24.50357],[54.417664,24.503569],[54.417576,24.503619]]]}}]}