{"type":"FeatureCollection","features":[{"type":"Feature","properties":{},"geometry":{"type":"Polygon","coordinates":[[[54.377394,24.480652],[54.377225,24.480805],[54.377345,24.480915],[54.377841,24.480823],[54.37801,24.48067],[54.377991,24.480652],[54.378037,24.480644],[54.37822,24.480473],[54.378084,24.480353],[54.37845,24.480285],[54.378635,24.480118],[54.378612,24.480097],[54.378661,24.480088],[54.378831,24.479933],[54.378693,24.479808],[54.378196,24.479899],[54.378026,24.480054],[54.378045,24.480071],[54.377997,24.48008],[54.377812,24.480248],[54.37795,24.480373],[54.377584,24.480441],[54.377401,24.480611],[54.377437,24.480644],[54.377394,24.480652]]]}},{"type":"Feature","properties":{},"geometry":{"type":"Polygon","coordinates":[[[54.378301,24.481557],[54.378076,24.481831],[54.378142,24.481876],[54.377582,24.481979],[54.377454,24.482137],[54.377714,24.482314],[54.378041,24.482253],[54.378191,24.482355],[54.378342,24.482327],[54.378382,24.482355],[54.378648,24.482306],[54.378685,24.482262],[54.378537,24.482162],[54.378601,24.48215],[54.37862,24.482127],[54.378788,24.482096],[54.379013,24.481822],[54.37899,24.481806],[54.379041,24.481797],[54.379266,24.481523],[54.379183,24.481467],[54.379089,24.481484],[54.378965,24.481396],[54.379787,24.481244],[54.379958,24.481057],[54.379724,24.480881],[54.379599,24.480904],[54.379746,24.48073],[54.379808,24.480775],[54.380074,24.480726],[54.380315,24.480447],[54.380279,24.480422],[54.380352,24.480407],[54.380406,24.480448],[54.380437,24.480442],[54.380579,24.480549],[54.380411,24.480746],[54.380486,24.480799],[54.380397,24.480815],[54.380235,24.481014],[54.380181,24.48105],[54.380015,24.481247],[54.380049,24.48127],[54.37999,24.481281],[54.379824,24.481477],[54.379985,24.481589],[54.380019,24.481583],[54.380006,24.481604],[54.379459,24.481724],[54.379393,24.481802],[54.379496,24.481874],[54.379573,24.48186],[54.37981,24.48203],[54.379832,24.482026],[54.379821,24.482039],[54.380063,24.482212],[54.379899,24.482243],[54.37975,24.482412],[54.3798,24.482449],[54.380066,24.4824],[54.380165,24.482286],[54.380322,24.482399],[54.380344,24.482395],[54.380333,24.482407],[54.380575,24.482582],[54.381017,24.4825],[54.381046,24.482521],[54.381001,24.482529],[54.380819,24.482743],[54.380654,24.482628],[54.380128,24.482725],[54.380092,24.4827],[54.380381,24.482638],[54.380463,24.482548],[54.380286,24.482414],[54.38002,24.482463],[54.379916,24.482579],[54.379025,24.482739],[54.378807,24.483001],[54.378969,24.483112],[54.378853,24.48325],[54.378654,24.483109],[54.378388,24.483158],[54.378296,24.483266],[54.378572,24.483461],[54.378759,24.483427],[54.378893,24.48352],[54.378801,24.483537],[54.378772,24.483653],[54.378885,24.483676],[54.379068,24.483642],[54.379102,24.483666],[54.379023,24.48375],[54.378976,24.483737],[54.378896,24.483742],[54.378871,24.483726],[54.378781,24.483742],[54.37881,24.483709],[54.378765,24.483677],[54.378571,24.483713],[54.378629,24.48365],[54.37834,24.48345],[54.376896,24.483715],[54.376756,24.483887],[54.376779,24.484104],[54.377093,24.484315],[54.377265,24.484284],[54.377256,24.484294],[54.377279,24.484318],[54.377305,24.484407],[54.37734,24.484445],[54.377393,24.48447],[54.377492,24.484461],[54.377533,24.484492],[54.377761,24.48445],[54.37775,24.484463],[54.377934,24.484593],[54.377974,24.484585],[54.377956,24.484606],[54.37814,24.484738],[54.378194,24.484728],[54.378169,24.484757],[54.378348,24.484885],[54.378407,24.484874],[54.378378,24.484909],[54.378565,24.485036],[54.378616,24.485027],[54.378594,24.485052],[54.378784,24.48519],[54.378825,24.485182],[54.378807,24.485203],[54.378953,24.485309],[54.378882,24.485392],[54.379057,24.485515],[54.379104,24.485506],[54.379053,24.485566],[54.379234,24.485692],[54.379285,24.485683],[54.379251,24.485722],[54.379439,24.485859],[54.379696,24.485812],[54.379676,24.485833],[54.379773,24.485906],[54.379684,24.486007],[54.379862,24.486137],[54.380127,24.486088],[54.380101,24.486119],[54.380477,24.486388],[54.380761,24.486336],[54.380855,24.486231],[54.380985,24.486325],[54.381268,24.486273],[54.381425,24.486095],[54.381405,24.486081],[54.381435,24.486075],[54.381587,24.485901],[54.381574,24.485891],[54.381603,24.485886],[54.381751,24.485714],[54.381723,24.485694],[54.381762,24.485687],[54.38191,24.485521],[54.381882,24.485501],[54.381926,24.485493],[54.382081,24.485317],[54.381937,24.485212],[54.381654,24.485265],[54.381499,24.48544],[54.381535,24.485466],[54.381492,24.485474],[54.381344,24.48564],[54.38137,24.48566],[54.381329,24.485667],[54.381181,24.485839],[54.381192,24.485847],[54.381163,24.485852],[54.381011,24.486027],[54.38103,24.48604],[54.381001,24.486046],[54.380867,24.486198],[54.380496,24.485937],[54.380446,24.485946],[54.380454,24.485938],[54.380275,24.485807],[54.380224,24.485817],[54.380255,24.485783],[54.380077,24.485651],[54.38003,24.485659],[54.380053,24.485633],[54.379864,24.485497],[54.37981,24.485506],[54.379835,24.485477],[54.379655,24.48535],[54.379538,24.485372],[54.379585,24.485315],[54.37941,24.485193],[54.379351,24.485204],[54.379388,24.485161],[54.3792,24.485025],[54.37916,24.485032],[54.379186,24.485003],[54.378995,24.484865],[54.378937,24.484875],[54.378957,24.484851],[54.37877,24.484724],[54.378716,24.484734],[54.378742,24.484704],[54.378563,24.484576],[54.37851,24.484586],[54.378538,24.484554],[54.378354,24.484422],[54.378313,24.484429],[54.378333,24.484405],[54.378265,24.484357],[54.378862,24.484247],[54.379146,24.483911],[54.3791,24.483876],[54.379231,24.483852],[54.37927,24.483783],[54.3795,24.483944],[54.380059,24.483841],[54.380292,24.484],[54.380169,24.484173],[54.3799,24.483983],[54.379401,24.484075],[54.379465,24.483997],[54.379377,24.483937],[54.379111,24.483986],[54.378896,24.484248],[54.378915,24.484261],[54.378818,24.484374],[54.378995,24.4845],[54.378922,24.484513],[54.378846,24.484606],[54.379127,24.484799],[54.379393,24.48475],[54.379452,24.484678],[54.379548,24.484661],[54.379574,24.484877],[54.379987,24.484837],[54.37996,24.484867],[54.380001,24.484898],[54.379642,24.484964],[54.379449,24.485174],[54.379459,24.48522],[54.379539,24.485223],[54.37953,24.485236],[54.379606,24.485311],[54.379752,24.485417],[54.380013,24.485369],[54.380083,24.485417],[54.380817,24.485282],[54.380787,24.485301],[54.380859,24.485394],[54.381125,24.485345],[54.381194,24.4853],[54.381123,24.485207],[54.380987,24.485233],[54.381299,24.484858],[54.381198,24.484788],[54.38207,24.484628],[54.382291,24.484353],[54.382169,24.484271],[54.382036,24.484296],[54.382119,24.484189],[54.38219,24.484212],[54.382456,24.484163],[54.382481,24.4841],[54.38236,24.48406],[54.382196,24.48409],[54.382244,24.484029],[54.382295,24.48407],[54.382561,24.484021],[54.382617,24.483965],[54.382451,24.483829],[54.382357,24.483846],[54.382391,24.483809],[54.38217,24.483641],[54.382976,24.483493],[54.382914,24.483565],[54.383023,24.483643],[54.382952,24.483724],[54.383092,24.483825],[54.383376,24.483772],[54.383524,24.483601],[54.383498,24.483583],[54.38355,24.483573],[54.383698,24.483402],[54.383677,24.483387],[54.383719,24.483379],[54.383867,24.483208],[54.383841,24.483189],[54.383886,24.483181],[54.384034,24.48301],[54.384014,24.482996],[54.384052,24.482989],[54.3842,24.482817],[54.384182,24.482804],[54.384215,24.482798],[54.384363,24.482627],[54.38434,24.482611],[54.384378,24.482604],[54.384526,24.482433],[54.384507,24.482419],[54.38455,24.482411],[54.384698,24.48224],[54.384676,24.482224],[54.384715,24.482217],[54.384863,24.482046],[54.384832,24.482024],[54.384876,24.482016],[54.385024,24.481844],[54.384918,24.481769],[54.385091,24.481737],[54.385239,24.481566],[54.385222,24.481554],[54.385245,24.481549],[54.385394,24.481378],[54.385254,24.481278],[54.384846,24.481353],[54.384606,24.481177],[54.384549,24.481188],[54.384608,24.48112],[54.384371,24.480951],[54.384306,24.480963],[54.384323,24.480943],[54.38409,24.480777],[54.384372,24.480725],[54.384357,24.480742],[54.384595,24.480911],[54.384879,24.480859],[54.384991,24.480728],[54.384753,24.48056],[54.384717,24.480566],[54.384736,24.480545],[54.384491,24.480366],[54.384449,24.480374],[54.38447,24.48035],[54.384225,24.480171],[54.384198,24.480176],[54.384211,24.480161],[54.383966,24.479982],[54.383931,24.479988],[54.383946,24.479972],[54.383701,24.479792],[54.382932,24.479934],[54.382851,24.479873],[54.382815,24.47988],[54.382827,24.479867],[54.382591,24.479691],[54.38166,24.479863],[54.381677,24.479845],[54.381497,24.47971],[54.380611,24.479873],[54.380558,24.479931],[54.380394,24.479808],[54.380128,24.479857],[54.380033,24.479962],[54.380086,24.480002],[54.379363,24.480135],[54.37918,24.480355],[54.379341,24.480467],[54.379416,24.480453],[54.379402,24.480468],[54.379522,24.480558],[54.379496,24.480563],[54.37945,24.480531],[54.378564,24.480694],[54.378321,24.480981],[54.378449,24.48107],[54.378594,24.481043],[54.378687,24.481104],[54.378597,24.481212],[54.378636,24.481239],[54.378555,24.481254],[54.378331,24.481528],[54.378359,24.481547],[54.378301,24.481557]],[[54.382029,24.483883],[54.382072,24.483916],[54.382002,24.483929],[54.382029,24.483883]],[[54.381586,24.48357],[54.381656,24.483611],[54.381592,24.483623],[54.381537,24.483579],[54.381586,24.48357]],[[54.381531,24.483444],[54.381506,24.48348],[54.381449,24.48349],[54.381418,24.483464],[54.381531,24.483444]],[[54.381668,24.483415],[54.381713,24.483361],[54.381765,24.483397],[54.381668,24.483415]],[[54.381239,24.483029],[54.381181,24.48304],[54.381208,24.483007],[54.381239,24.483029]],[[54.381061,24.482912],[54.381143,24.482897],[54.381121,24.482922],[54.381104,24.482909],[54.381061,24.482912]],[[54.382112,24.482507],[54.382191,24.48255],[54.382242,24.482596],[54.382181,24.482555],[54.382089,24.482572],[54.382123,24.482532],[54.382092,24.48251],[54.382112,24.482507]],[[54.382126,24.481644],[54.382158,24.481666],[54.382186,24.481661],[54.382172,24.481677],[54.382204,24.481699],[54.381796,24.481774],[54.381771,24.481756],[54.382077,24.4817],[54.382126,24.481644]],[[54.382012,24.481305],[54.381889,24.481218],[54.382257,24.48115],[54.382402,24.48125],[54.382066,24.481312],[54.382049,24.481332],[54.382027,24.481316],[54.381996,24.481322],[54.382012,24.481305]],[[54.381503,24.480947],[54.381329,24.480824],[54.381479,24.480796],[54.381605,24.48089],[54.381705,24.480872],[54.381653,24.480929],[54.381495,24.480957],[54.381503,24.480947]],[[54.38167,24.480221],[54.381633,24.480193],[54.381689,24.480183],[54.381757,24.480234],[54.381793,24.480227],[54.381781,24.48024],[54.381826,24.480274],[54.381761,24.480286],[54.3817,24.480241],[54.381641,24.480252],[54.38167,24.480221]],[[54.380442,24.480059],[54.380468,24.480084],[54.3804,24.480097],[54.380411,24.480083],[54.38039,24.480069],[54.380442,24.480059]],[[54.378438,24.481822],[54.378611,24.481611],[54.378702,24.481676],[54.3788,24.481658],[54.378692,24.48179],[54.378716,24.481805],[54.378664,24.481815],[54.378594,24.481901],[54.378469,24.481816],[54.378438,24.481822]],[[54.380861,24.483221],[54.380888,24.48319],[54.381033,24.483163],[54.381064,24.483126],[54.381147,24.483181],[54.381125,24.483209],[54.381308,24.483331],[54.381322,24.483328],[54.381276,24.483383],[54.381356,24.483439],[54.381115,24.483483],[54.381031,24.483568],[54.381121,24.483628],[54.38108,24.48367],[54.381128,24.483708],[54.380544,24.483816],[54.380471,24.483765],[54.38083,24.483699],[54.381095,24.483384],[54.380861,24.483221]],[[54.378273,24.483794],[54.378472,24.483757],[54.378429,24.483807],[54.378321,24.483827],[54.378273,24.483794]],[[54.380595,24.481469],[54.38056,24.481445],[54.380602,24.481437],[54.38069,24.481498],[54.380726,24.481491],[54.380702,24.48152],[54.380937,24.481683],[54.380977,24.481676],[54.380955,24.481701],[54.381022,24.481747],[54.380995,24.481752],[54.380883,24.481672],[54.380862,24.481676],[54.380873,24.481663],[54.38063,24.481489],[54.380568,24.4815],[54.380595,24.481469]],[[54.380797,24.48466],[54.380768,24.48464],[54.381077,24.484583],[54.381065,24.484598],[54.381132,24.484642],[54.381072,24.484716],[54.381141,24.484763],[54.380501,24.484881],[54.380484,24.484868],[54.380347,24.484893],[54.380385,24.484852],[54.38029,24.484781],[54.380781,24.484691],[54.380797,24.48466]],[[54.38337,24.483044],[54.383353,24.483032],[54.383406,24.483023],[54.383432,24.482991],[54.383526,24.483059],[54.383462,24.483133],[54.383488,24.483152],[54.383443,24.48316],[54.383295,24.483331],[54.383317,24.483346],[54.383074,24.483391],[54.383176,24.483271],[54.383168,24.483266],[54.383184,24.483263],[54.38337,24.483044]],[[54.383568,24.482388],[54.383507,24.482399],[54.383533,24.482368],[54.383477,24.482328],[54.383573,24.48231],[54.3836,24.482327],[54.383866,24.482278],[54.383886,24.482253],[54.384101,24.482213],[54.384254,24.482029],[54.384212,24.482],[54.384299,24.481983],[54.384453,24.4818],[54.384416,24.481774],[54.3845,24.481759],[54.384654,24.481575],[54.384724,24.481623],[54.384667,24.481689],[54.384773,24.481765],[54.3846,24.481797],[54.384452,24.481968],[54.384483,24.48199],[54.384439,24.481998],[54.384291,24.482169],[54.384314,24.482185],[54.384275,24.482192],[54.384127,24.482364],[54.384145,24.482377],[54.384102,24.482385],[54.383954,24.482556],[54.383977,24.482572],[54.383939,24.482579],[54.383791,24.48275],[54.38381,24.482764],[54.383592,24.482804],[54.383562,24.482783],[54.383617,24.482773],[54.383804,24.482554],[54.383568,24.482388]],[[54.38258,24.481991],[54.3826,24.481967],[54.382623,24.481983],[54.38258,24.481991]],[[54.383036,24.481207],[54.383073,24.4812],[54.383249,24.481322],[54.383321,24.481308],[54.383298,24.481336],[54.383319,24.48135],[54.38327,24.48137],[54.383212,24.48133],[54.383184,24.481335],[54.383198,24.481319],[54.383036,24.481207]],[[54.383648,24.48014],[54.383634,24.480156],[54.383879,24.480335],[54.383906,24.48033],[54.383892,24.480345],[54.384035,24.48045],[54.383719,24.480508],[54.383565,24.480398],[54.383126,24.480479],[54.383114,24.48047],[54.383166,24.48046],[54.38335,24.480257],[54.383283,24.480207],[54.383648,24.48014]]]}},{"type":"Feature","properties":{},"geometry":{"type":"Polygon","coordinates":[[[54.37798,24.482348],[54.37665,24.482593],[54.376278,24.483043],[54.376549,24.483229],[54.377879,24.482984],[54.378251,24.482533],[54.37798,24.482348]]]}},{"type":"Feature","properties":{},"geometry":{"type":"Polygon","coordinates":[[[54.378795,24.486577],[54.378817,24.486542],[54.378744,24.486504],[54.378478,24.486553],[54.378456,24.486588],[54.378529,24.486626],[54.378795,24.486577]]]}},{"type":"Feature","properties":{},"geometry":{"type":"Polygon","coordinates":[[[54.377379,24.487648],[54.377289,24.48775],[54.377435,24.487856],[54.377106,24.488231],[54.376415,24.488358],[54.376358,24.488426],[54.377157,24.488983],[54.378043,24.488819],[54.3781,24.488752],[54.377839,24.48857],[54.37789,24.488561],[54.37809,24.488332],[54.37817,24.488384],[54.379057,24.488221],[54.379183,24.488063],[54.379071,24.487989],[54.379217,24.487962],[54.379254,24.487922],[54.379153,24.487845],[54.378887,24.487894],[54.378853,24.487937],[54.378356,24.488028],[54.378517,24.487845],[54.378639,24.487934],[54.379207,24.48783],[54.37933,24.487689],[54.3793,24.487667],[54.379473,24.48747],[54.379086,24.48719],[54.379034,24.487199],[54.378887,24.487093],[54.37899,24.486976],[54.378791,24.486831],[54.378391,24.486905],[54.378587,24.486668],[54.378541,24.48664],[54.378387,24.486668],[54.378488,24.48654],[54.3786,24.486519],[54.37882,24.486237],[54.37878,24.486211],[54.378835,24.48614],[54.378537,24.485947],[54.377208,24.486192],[54.376576,24.487],[54.376851,24.487178],[54.376937,24.487162],[54.376869,24.487239],[54.376955,24.487301],[54.377097,24.487275],[54.37718,24.487336],[54.377095,24.487433],[54.37715,24.487473],[54.377103,24.487527],[54.37729,24.487663],[54.377379,24.487648]],[[54.37763,24.487072],[54.37767,24.487027],[54.378079,24.486951],[54.378062,24.486975],[54.378095,24.486995],[54.378187,24.486978],[54.378078,24.487103],[54.378058,24.487089],[54.37794,24.48711],[54.377885,24.487071],[54.377681,24.487109],[54.37763,24.487072]]]}},{"type":"Feature","properties":{},"geometry":{"type":"Polygon","coordinates":[[[54.377898,24.488857],[54.377851,24.488914],[54.378052,24.489055],[54.378318,24.489006],[54.378366,24.48895],[54.378164,24.488808],[54.377898,24.488857]]]}},{"type":"Feature","properties":{},"geometry":{"type":"Polygon","coordinates":[[[54.377576,24.490318],[54.377414,24.490513],[54.377534,24.490595],[54.377393,24.490621],[54.377238,24.490803],[54.37737,24.490896],[54.377749,24.490826],[54.377687,24.490903],[54.377722,24.490926],[54.377069,24.491047],[54.376919,24.491223],[54.376978,24.491264],[54.376711,24.491313],[54.376566,24.491485],[54.376701,24.491579],[54.37819,24.491305],[54.378336,24.491134],[54.378282,24.491096],[54.378407,24.491073],[54.378475,24.490993],[54.378491,24.491004],[54.378388,24.491124],[54.378408,24.491138],[54.37837,24.491145],[54.37822,24.491316],[54.37825,24.491337],[54.37799,24.491385],[54.377954,24.49136],[54.376465,24.491634],[54.376281,24.491848],[54.376519,24.492018],[54.377673,24.491805],[54.37764,24.491846],[54.377898,24.492018],[54.378196,24.491963],[54.378162,24.492004],[54.378347,24.492133],[54.378715,24.492065],[54.37871,24.492089],[54.379126,24.492159],[54.379244,24.492137],[54.379338,24.492205],[54.378817,24.492301],[54.378726,24.49241],[54.378914,24.49254],[54.37897,24.49253],[54.378947,24.492557],[54.379066,24.492639],[54.379003,24.492715],[54.37903,24.492736],[54.379304,24.492924],[54.379367,24.492912],[54.379505,24.493007],[54.379555,24.492998],[54.379523,24.493037],[54.379696,24.493156],[54.379615,24.493253],[54.379827,24.4934],[54.380167,24.493337],[54.380135,24.493375],[54.380316,24.4935],[54.380237,24.493595],[54.380373,24.493689],[54.380287,24.493791],[54.380365,24.493845],[54.380329,24.493852],[54.380313,24.493874],[54.38038,24.493921],[54.380455,24.493907],[54.380595,24.494004],[54.380964,24.493936],[54.380826,24.494101],[54.380967,24.494199],[54.381605,24.494081],[54.381769,24.493886],[54.381627,24.493788],[54.381471,24.493817],[54.381497,24.493785],[54.381953,24.493701],[54.38198,24.493719],[54.381852,24.493867],[54.381969,24.493951],[54.381846,24.493973],[54.381471,24.494426],[54.381361,24.494446],[54.38119,24.494643],[54.381401,24.494795],[54.381549,24.494768],[54.38148,24.494847],[54.381692,24.494999],[54.382689,24.494816],[54.382758,24.494736],[54.382695,24.494813],[54.382922,24.494892],[54.382299,24.495615],[54.382319,24.495628],[54.382297,24.495653],[54.382306,24.495688],[54.382233,24.495702],[54.382177,24.495764],[54.382208,24.495798],[54.382194,24.495813],[54.382115,24.49583],[54.381381,24.496714],[54.382423,24.49743],[54.382977,24.497328],[54.382992,24.49731],[54.383079,24.497294],[54.383123,24.497241],[54.383076,24.497209],[54.383184,24.497081],[54.383828,24.496962],[54.383972,24.496876],[54.383957,24.496858],[54.384103,24.496767],[54.384058,24.496667],[54.384036,24.496558],[54.384069,24.496469],[54.384174,24.496346],[54.384434,24.496298],[54.384421,24.496245],[54.384231,24.49628],[54.38424,24.49627],[54.384134,24.496202],[54.383887,24.496247],[54.384194,24.495882],[54.384223,24.495877],[54.384283,24.495807],[54.384266,24.495795],[54.38461,24.495405],[54.384588,24.495391],[54.384573,24.495221],[54.384451,24.495136],[54.384424,24.495141],[54.384375,24.495108],[54.384132,24.495016],[54.384681,24.494915],[54.384731,24.494856],[54.384325,24.494365],[54.38536,24.494175],[54.385517,24.493985],[54.384727,24.493442],[54.38315,24.493733],[54.383223,24.493649],[54.383499,24.493598],[54.383778,24.493254],[54.383662,24.493168],[54.383852,24.493199],[54.384118,24.49315],[54.384151,24.49298],[54.383918,24.492943],[54.383652,24.492992],[54.383623,24.49314],[54.383505,24.493054],[54.382176,24.493299],[54.381993,24.493524],[54.381858,24.493436],[54.381711,24.493463],[54.381845,24.493311],[54.381828,24.493298],[54.381863,24.493292],[54.381988,24.493151],[54.382533,24.493051],[54.382641,24.492917],[54.382425,24.492772],[54.382304,24.492795],[54.382322,24.492774],[54.382737,24.492698],[54.382896,24.492513],[54.382869,24.492494],[54.382925,24.492484],[54.38308,24.492305],[54.382945,24.492208],[54.382403,24.492308],[54.382339,24.492265],[54.382286,24.492274],[54.382311,24.492244],[54.382121,24.492116],[54.382031,24.492133],[54.382094,24.492056],[54.381916,24.491936],[54.382074,24.491907],[54.38225,24.4917],[54.382141,24.491623],[54.382599,24.491539],[54.382549,24.491597],[54.382604,24.491636],[54.382403,24.491673],[54.382281,24.491814],[54.382474,24.491952],[54.382743,24.491902],[54.382631,24.492034],[54.382783,24.492142],[54.383563,24.491998],[54.383724,24.491799],[54.383749,24.491795],[54.383897,24.491607],[54.383914,24.491604],[54.384251,24.491226],[54.384116,24.491129],[54.384345,24.491087],[54.384502,24.490902],[54.384484,24.490889],[54.384514,24.490883],[54.384674,24.490703],[54.384661,24.490694],[54.384687,24.490689],[54.384843,24.490507],[54.384874,24.490501],[54.385029,24.490322],[54.384999,24.4903],[54.385021,24.490296],[54.385186,24.490111],[54.385054,24.490014],[54.38452,24.490112],[54.384486,24.490086],[54.384784,24.490031],[54.384896,24.4899],[54.384723,24.489777],[54.3847,24.489782],[54.38471,24.489769],[54.384496,24.489626],[54.384463,24.489632],[54.38448,24.489612],[54.384246,24.489453],[54.384006,24.489497],[54.384116,24.489364],[54.383973,24.489266],[54.383531,24.489347],[54.38351,24.489332],[54.383545,24.489326],[54.383703,24.48914],[54.383583,24.489056],[54.383087,24.489147],[54.383038,24.489205],[54.383004,24.489181],[54.382973,24.489186],[54.382987,24.489169],[54.38279,24.489031],[54.382745,24.489039],[54.38277,24.48901],[54.38274,24.488989],[54.383196,24.488905],[54.383289,24.488795],[54.383092,24.488656],[54.383072,24.48866],[54.382878,24.488517],[54.382719,24.488547],[54.382775,24.488484],[54.382664,24.488401],[54.382003,24.488523],[54.382127,24.48838],[54.382115,24.488371],[54.382156,24.488364],[54.382315,24.488179],[54.382197,24.488095],[54.381582,24.488218],[54.381605,24.488191],[54.38141,24.488056],[54.38137,24.488063],[54.381389,24.48804],[54.381192,24.487905],[54.380181,24.4881],[54.380021,24.488302],[54.37965,24.48837],[54.379497,24.488571],[54.37947,24.488576],[54.379315,24.488762],[54.379477,24.488874],[54.379654,24.488842],[54.379848,24.488983],[54.378999,24.489144],[54.378836,24.489324],[54.378986,24.489436],[54.380056,24.489238],[54.380015,24.489285],[54.379512,24.489372],[54.37941,24.489491],[54.379618,24.489637],[54.37965,24.489632],[54.379712,24.489684],[54.379677,24.489691],[54.379559,24.489824],[54.379385,24.489702],[54.379061,24.489762],[54.379105,24.489712],[54.379075,24.48969],[54.378809,24.489739],[54.378759,24.489794],[54.378784,24.489813],[54.378109,24.489937],[54.377903,24.490179],[54.377992,24.490241],[54.377576,24.490318]],[[54.380229,24.492787],[54.38019,24.49276],[54.380634,24.492679],[54.380748,24.492542],[54.380854,24.492615],[54.38087,24.492612],[54.380822,24.492673],[54.380634,24.492708],[54.380492,24.492868],[54.380539,24.492902],[54.380471,24.492915],[54.380444,24.492944],[54.380251,24.492811],[54.380201,24.49282],[54.380229,24.492787]],[[54.380915,24.492342],[54.381021,24.492216],[54.381146,24.4923],[54.380915,24.492342]],[[54.381221,24.49187],[54.381152,24.491951],[54.381215,24.491996],[54.381159,24.492006],[54.381017,24.491908],[54.381221,24.49187]],[[54.381587,24.49161],[54.381777,24.491408],[54.38176,24.491397],[54.382207,24.491318],[54.381979,24.49136],[54.381861,24.491495],[54.382032,24.491614],[54.381528,24.491707],[54.381435,24.491638],[54.381587,24.49161]],[[54.38061,24.491133],[54.38065,24.491086],[54.380492,24.490975],[54.380685,24.490939],[54.380867,24.490726],[54.380733,24.490631],[54.380178,24.490733],[54.380014,24.490609],[54.3802,24.490575],[54.380366,24.490379],[54.38025,24.490298],[54.379713,24.490397],[54.379653,24.490355],[54.379015,24.490472],[54.378912,24.490594],[54.379025,24.490674],[54.378734,24.490727],[54.378784,24.490666],[54.378748,24.490642],[54.378789,24.490635],[54.378943,24.490452],[54.378837,24.490377],[54.378978,24.490351],[54.378972,24.490359],[54.379089,24.49044],[54.379798,24.49031],[54.379963,24.490114],[54.379847,24.490032],[54.379466,24.490102],[54.379645,24.489892],[54.379759,24.489975],[54.380539,24.489831],[54.380659,24.489696],[54.3805,24.489578],[54.380846,24.489514],[54.380869,24.489488],[54.381298,24.489409],[54.381041,24.489703],[54.38105,24.489709],[54.380965,24.489725],[54.380825,24.489892],[54.380946,24.489976],[54.381064,24.489954],[54.381003,24.490022],[54.381028,24.490041],[54.380988,24.490048],[54.380848,24.490211],[54.38096,24.49029],[54.381226,24.490241],[54.381359,24.490073],[54.381395,24.490067],[54.381457,24.489998],[54.381569,24.490078],[54.381668,24.490059],[54.381651,24.490079],[54.381707,24.490118],[54.381403,24.490174],[54.381337,24.490251],[54.380868,24.490338],[54.380775,24.490447],[54.380973,24.490586],[54.381027,24.490576],[54.381003,24.490604],[54.381162,24.490716],[54.38108,24.490812],[54.381278,24.490951],[54.381461,24.490917],[54.381416,24.49097],[54.381546,24.491061],[54.381839,24.491007],[54.381765,24.491096],[54.381773,24.491102],[54.38168,24.491119],[54.381511,24.491311],[54.381548,24.491338],[54.381123,24.491416],[54.3807,24.491116],[54.38061,24.491133]],[[54.381461,24.488766],[54.381524,24.488693],[54.381317,24.488546],[54.381274,24.488554],[54.381246,24.488533],[54.381407,24.488503],[54.381354,24.488565],[54.381474,24.488652],[54.38185,24.488582],[54.381716,24.488732],[54.381827,24.488815],[54.381894,24.488802],[54.381823,24.488888],[54.38187,24.488921],[54.38171,24.488951],[54.381821,24.488827],[54.381684,24.488725],[54.381461,24.488766]],[[54.37811,24.491625],[54.378758,24.491505],[54.378682,24.491594],[54.378692,24.491602],[54.378617,24.491615],[54.378534,24.49156],[54.378096,24.491641],[54.37811,24.491625]],[[54.378872,24.491411],[54.378875,24.491414],[54.378868,24.491415],[54.378872,24.491411]],[[54.379217,24.491023],[54.37925,24.491013],[54.379246,24.491017],[54.379217,24.491023]],[[54.380466,24.489149],[54.380383,24.489165],[54.380424,24.489117],[54.380466,24.489149]],[[54.380727,24.489247],[54.380682,24.489214],[54.380774,24.489197],[54.380744,24.489231],[54.380757,24.489241],[54.380706,24.48927],[54.380727,24.489247]],[[54.380314,24.49194],[54.380388,24.491926],[54.38042,24.491948],[54.380384,24.491991],[54.380314,24.49194]],[[54.379847,24.491013],[54.37973,24.490928],[54.379543,24.490959],[54.379984,24.490877],[54.379913,24.490961],[54.380006,24.491028],[54.379812,24.491063],[54.379712,24.491182],[54.37978,24.491229],[54.37964,24.491255],[54.379684,24.491204],[54.379666,24.491191],[54.379697,24.491185],[54.379847,24.491013]],[[54.379723,24.492049],[54.379886,24.492019],[54.37987,24.492037],[54.379979,24.492117],[54.37985,24.492141],[54.379723,24.492049]],[[54.381122,24.493335],[54.381141,24.493349],[54.381098,24.493398],[54.381037,24.493356],[54.381001,24.493357],[54.381122,24.493335]],[[54.38144,24.492942],[54.381404,24.492916],[54.381487,24.492901],[54.38144,24.492942]],[[54.380735,24.493182],[54.380657,24.493197],[54.380694,24.493152],[54.380735,24.493182]],[[54.381983,24.492585],[54.381965,24.492605],[54.381946,24.492592],[54.381983,24.492585]],[[54.383141,24.490546],[54.383176,24.49057],[54.383111,24.490582],[54.383141,24.490546]],[[54.383066,24.490385],[54.383177,24.490365],[54.383125,24.490426],[54.383066,24.490385]],[[54.382788,24.489569],[54.382622,24.489599],[54.382658,24.489558],[54.382714,24.489573],[54.382788,24.489569]],[[54.382429,24.489365],[54.382426,24.489368],[54.382423,24.489366],[54.382429,24.489365]],[[54.382448,24.489406],[54.382438,24.489408],[54.382443,24.489402],[54.382448,24.489406]],[[54.382334,24.489115],[54.382223,24.489146],[54.382256,24.489107],[54.382234,24.489091],[54.382287,24.489082],[54.382334,24.489115]],[[54.382103,24.490171],[54.382164,24.490214],[54.382136,24.490246],[54.382118,24.490234],[54.38208,24.490241],[54.382097,24.490221],[54.382041,24.490182],[54.382103,24.490171]],[[54.382457,24.489759],[54.382491,24.489783],[54.382426,24.489843],[54.382443,24.489824],[54.382274,24.489706],[54.382545,24.489656],[54.382457,24.489759]],[[54.383302,24.490338],[54.383398,24.490231],[54.3835,24.490302],[54.383302,24.490338]]]}},{"type":"Feature","properties":{},"geometry":{"type":"Polygon","coordinates":[[[54.37702,24.492672],[54.376905,24.492801],[54.377156,24.492986],[54.378007,24.492829],[54.378121,24.492701],[54.377871,24.492515],[54.37702,24.492672]]]}},{"type":"Feature","properties":{},"geometry":{"type":"Polygon","coordinates":[[[54.377106,24.493976],[54.377073,24.494015],[54.376233,24.49417],[54.37603,24.494411],[54.376243,24.494559],[54.376663,24.494482],[54.376754,24.494547],[54.376722,24.494553],[54.376507,24.494782],[54.376699,24.494922],[54.376798,24.494903],[54.376751,24.494958],[54.376795,24.494989],[54.376762,24.495028],[54.376973,24.495179],[54.377288,24.495121],[54.377208,24.495213],[54.377058,24.495241],[54.376952,24.495365],[54.377034,24.495424],[54.376919,24.495556],[54.377057,24.495655],[54.377105,24.495646],[54.377087,24.495669],[54.375638,24.495936],[54.37538,24.496241],[54.375599,24.496394],[54.376131,24.496296],[54.375973,24.496488],[54.376189,24.496634],[54.377785,24.49634],[54.377709,24.496433],[54.377751,24.496462],[54.376527,24.496687],[54.376411,24.496829],[54.376678,24.497011],[54.376905,24.49697],[54.376898,24.496978],[54.377109,24.497125],[54.377553,24.497043],[54.377568,24.497054],[54.377163,24.497129],[54.377056,24.497248],[54.37732,24.497443],[54.378313,24.49726],[54.37842,24.497141],[54.378224,24.496996],[54.378965,24.496859],[54.378998,24.496882],[54.379175,24.496849],[54.379098,24.496943],[54.3793,24.497081],[54.37992,24.496967],[54.379859,24.49704],[54.380315,24.497356],[54.380528,24.497317],[54.380932,24.496834],[54.380871,24.496791],[54.381073,24.496754],[54.381237,24.496554],[54.381184,24.496518],[54.381299,24.496497],[54.38146,24.496299],[54.381391,24.496253],[54.381515,24.49623],[54.381675,24.496032],[54.381614,24.495991],[54.381737,24.495968],[54.381897,24.49577],[54.381682,24.495626],[54.381539,24.495653],[54.381615,24.495559],[54.3814,24.495415],[54.380407,24.495598],[54.380534,24.495448],[54.380745,24.495409],[54.380931,24.495189],[54.3808,24.495098],[54.380685,24.495119],[54.380798,24.494986],[54.380594,24.494844],[54.380168,24.494922],[54.380043,24.494834],[54.380678,24.494713],[54.380794,24.49458],[54.380561,24.494411],[54.380438,24.494434],[54.380487,24.494377],[54.380234,24.494196],[54.379923,24.494253],[54.3798,24.494163],[54.379353,24.494246],[54.379134,24.494108],[54.379058,24.494122],[54.379541,24.494028],[54.379712,24.493834],[54.378641,24.493079],[54.378331,24.493136],[54.37835,24.493114],[54.378141,24.492959],[54.375925,24.493367],[54.375739,24.493574],[54.375948,24.493729],[54.376485,24.49363],[54.376472,24.493646],[54.376679,24.493796],[54.376831,24.493769],[54.376763,24.493851],[54.376982,24.493999],[54.377106,24.493976]]]}},{"type":"Feature","properties":{},"geometry":{"type":"Polygon","coordinates":[[[54.378194,24.497989],[54.378389,24.49777],[54.378317,24.497718],[54.378523,24.49768],[54.3788,24.49737],[54.3786,24.497223],[54.377111,24.497497],[54.376834,24.497807],[54.376988,24.49792],[54.376853,24.497945],[54.376659,24.498163],[54.376776,24.49825],[54.378194,24.497989]]]}},{"type":"Feature","properties":{},"geometry":{"type":"Polygon","coordinates":[[[54.378171,24.498025],[54.377249,24.498195],[54.377055,24.498414],[54.377086,24.498435],[54.376521,24.498539],[54.376345,24.498736],[54.37648,24.498834],[54.377898,24.498573],[54.378057,24.498368],[54.37802,24.49834],[54.378096,24.498326],[54.378263,24.4981],[54.378171,24.498025]]]}},{"type":"Feature","properties":{},"geometry":{"type":"Polygon","coordinates":[[[54.378754,24.498683],[54.378791,24.498707],[54.378886,24.49869],[54.378814,24.498779],[54.37903,24.498922],[54.379296,24.498873],[54.379405,24.498736],[54.37919,24.498593],[54.379093,24.498611],[54.379131,24.498562],[54.379102,24.498544],[54.379489,24.498472],[54.37965,24.498288],[54.379415,24.498117],[54.378529,24.498281],[54.378367,24.498465],[54.378602,24.498636],[54.378662,24.498625],[54.378692,24.498643],[54.378412,24.498705],[54.378431,24.498751],[54.378754,24.498683]]]}},{"type":"Feature","properties":{},"geometry":{"type":"Polygon","coordinates":[[[54.378728,24.498949],[54.378841,24.498827],[54.378741,24.498751],[54.378475,24.4988],[54.378361,24.498921],[54.378439,24.498981],[54.378278,24.499011],[54.378197,24.499092],[54.37826,24.499143],[54.378595,24.499077],[54.378635,24.499036],[54.378566,24.498979],[54.378728,24.498949]]]}},{"type":"Feature","properties":{},"geometry":{"type":"Polygon","coordinates":[[[54.377974,24.501545],[54.378174,24.501332],[54.377961,24.501167],[54.375988,24.50153],[54.375789,24.501742],[54.376002,24.501908],[54.377974,24.501545]]]}},{"type":"Feature","properties":{},"geometry":{"type":"Polygon","coordinates":[[[54.377836,24.502074],[54.378036,24.50187],[54.37789,24.501751],[54.37656,24.501996],[54.376359,24.5022],[54.376506,24.502319],[54.377836,24.502074]]]}},{"type":"Feature","properties":{},"geometry":{"type":"Polygon","coordinates":[[[54.377996,24.502449],[54.378186,24.502251],[54.378018,24.502117],[54.376334,24.502427],[54.376143,24.502624],[54.376275,24.50273],[54.376172,24.502749],[54.376068,24.502871],[54.37627,24.503014],[54.377954,24.502704],[54.378059,24.502581],[54.377897,24.502467],[54.377996,24.502449]]]}},{"type":"Feature","properties":{},"geometry":{"type":"Polygon","coordinates":[[[54.378867,24.508521],[54.378864,24.508417],[54.378755,24.50842],[54.378489,24.508469],[54.378492,24.508572],[54.378517,24.508572],[54.378263,24.508619],[54.378264,24.508728],[54.378337,24.508727],[54.378603,24.508678],[54.378601,24.50857],[54.378867,24.508521]]]}},{"type":"Feature","properties":{},"geometry":{"type":"Polygon","coordinates":[[[54.378631,24.51035],[54.378806,24.510318],[54.379035,24.510192],[54.379011,24.510157],[54.379145,24.510132],[54.379792,24.509788],[54.379752,24.509726],[54.379942,24.509691],[54.380178,24.509563],[54.379918,24.509156],[54.379031,24.50932],[54.378779,24.509444],[54.378826,24.509513],[54.378661,24.509544],[54.378591,24.509439],[54.377261,24.509685],[54.376472,24.509953],[54.376673,24.510265],[54.377641,24.510087],[54.377671,24.510135],[54.377388,24.510187],[54.377228,24.510276],[54.377481,24.510651],[54.378367,24.510488],[54.378631,24.51035]]]}},{"type":"Feature","properties":{},"geometry":{"type":"Polygon","coordinates":[[[54.37927,24.486243],[54.379211,24.486209],[54.378945,24.486258],[54.378918,24.486297],[54.378978,24.486331],[54.379244,24.486282],[54.37927,24.486243]]]}},{"type":"Feature","properties":{},"geometry":{"type":"Polygon","coordinates":[[[54.379571,24.486597],[54.379305,24.486646],[54.379268,24.486706],[54.379311,24.486728],[54.379577,24.486679],[54.379614,24.486619],[54.379571,24.486597]]]}},{"type":"Feature","properties":{},"geometry":{"type":"Polygon","coordinates":[[[54.37925,24.486946],[54.379414,24.487076],[54.379571,24.487047],[54.379548,24.487072],[54.379561,24.487082],[54.379534,24.487087],[54.379502,24.487128],[54.379619,24.487201],[54.379885,24.487152],[54.379917,24.487111],[54.379906,24.487105],[54.379954,24.487063],[54.379919,24.487037],[54.379985,24.487024],[54.380018,24.486988],[54.380054,24.486981],[54.380082,24.486937],[54.379948,24.486866],[54.379734,24.486906],[54.379606,24.486803],[54.37934,24.486852],[54.37925,24.486946]]]}},{"type":"Feature","properties":{},"geometry":{"type":"Polygon","coordinates":[[[54.379523,24.487225],[54.37955,24.487187],[54.379516,24.487168],[54.37925,24.487217],[54.379223,24.487255],[54.379257,24.487274],[54.379523,24.487225]]]}},{"type":"Feature","properties":{},"geometry":{"type":"Polygon","coordinates":[[[54.379206,24.499309],[54.379126,24.499324],[54.379068,24.499401],[54.379088,24.499413],[54.379125,24.499406],[54.379098,24.499442],[54.379437,24.499656],[54.37995,24.499561],[54.379933,24.499629],[54.380145,24.499676],[54.380265,24.499654],[54.380291,24.499705],[54.380505,24.499716],[54.381059,24.499614],[54.38122,24.4995],[54.381157,24.499399],[54.381098,24.49941],[54.381037,24.499295],[54.381454,24.499033],[54.381799,24.49897],[54.381927,24.498916],[54.381895,24.498638],[54.381815,24.498526],[54.381286,24.498381],[54.380732,24.498483],[54.380599,24.498559],[54.380514,24.498575],[54.380074,24.498847],[54.380193,24.49902],[54.379304,24.499181],[54.379206,24.499309]]]}},{"type":"Feature","properties":{},"geometry":{"type":"Polygon","coordinates":[[[54.378875,24.507737],[54.379762,24.507573],[54.379757,24.507281],[54.379536,24.507284],[54.378649,24.507448],[54.378651,24.507556],[54.378632,24.507559],[54.378635,24.50774],[54.378875,24.507737]]]}},{"type":"Feature","properties":{},"geometry":{"type":"Polygon","coordinates":[[[54.38079,24.485537],[54.380524,24.485586],[54.380496,24.485746],[54.380679,24.485772],[54.380945,24.485723],[54.380973,24.485564],[54.38079,24.485537]]]}},{"type":"Feature","properties":{},"geometry":{"type":"Polygon","coordinates":[[[54.380774,24.485842],[54.380724,24.485897],[54.38078,24.485939],[54.381046,24.48589],[54.381096,24.485835],[54.38104,24.485793],[54.380774,24.485842]]]}},{"type":"Feature","properties":{},"geometry":{"type":"Polygon","coordinates":[[[54.381061,24.487847],[54.381558,24.487756],[54.381656,24.48764],[54.381469,24.48751],[54.381016,24.487586],[54.380236,24.487729],[54.380075,24.487922],[54.380242,24.488038],[54.381022,24.487894],[54.381061,24.487847]]]}},{"type":"Feature","properties":{},"geometry":{"type":"Polygon","coordinates":[[[54.381525,24.499426],[54.381259,24.499475],[54.381227,24.499532],[54.38129,24.499561],[54.381556,24.499512],[54.381588,24.499455],[54.381525,24.499426]]]}},{"type":"Feature","properties":{},"geometry":{"type":"Polygon","coordinates":[[[54.381096,24.512536],[54.381238,24.51251],[54.381318,24.512427],[54.380355,24.511623],[54.380443,24.511637],[54.380532,24.511621],[54.381037,24.512013],[54.382367,24.511768],[54.382751,24.511343],[54.382534,24.511175],[54.382984,24.511092],[54.383375,24.510679],[54.382681,24.51014],[54.381351,24.510385],[54.38097,24.5108],[54.381021,24.51084],[54.380565,24.510924],[54.380179,24.511347],[54.380351,24.51148],[54.380327,24.511599],[54.380313,24.511587],[54.380171,24.511614],[54.380096,24.511711],[54.381096,24.512536]]]}},{"type":"Feature","properties":{},"geometry":{"type":"Polygon","coordinates":[[[54.380028,24.511878],[54.379886,24.511904],[54.379401,24.51238],[54.379511,24.512465],[54.379653,24.512439],[54.380141,24.511968],[54.380028,24.511878]]]}},{"type":"Feature","properties":{},"geometry":{"type":"Polygon","coordinates":[[[54.382361,24.484469],[54.382335,24.484474],[54.382189,24.484644],[54.382204,24.484654],[54.382177,24.484659],[54.382031,24.484832],[54.382056,24.48485],[54.382014,24.484858],[54.381862,24.485033],[54.382003,24.485134],[54.382286,24.485081],[54.382438,24.484906],[54.382413,24.484888],[54.382458,24.48488],[54.382604,24.484706],[54.382591,24.484697],[54.382616,24.484693],[54.382762,24.484523],[54.382742,24.484509],[54.382772,24.484504],[54.382912,24.484323],[54.382928,24.48432],[54.383081,24.484148],[54.382936,24.484042],[54.382653,24.484094],[54.3825,24.484266],[54.382517,24.484279],[54.382494,24.484283],[54.382347,24.484459],[54.382361,24.484469]]]}},{"type":"Feature","properties":{},"geometry":{"type":"Polygon","coordinates":[[[54.38167,24.48471],[54.381619,24.484766],[54.381698,24.484827],[54.381964,24.484778],[54.382015,24.484722],[54.381936,24.484661],[54.38167,24.48471]]]}},{"type":"Feature","properties":{},"geometry":{"type":"Polygon","coordinates":[[[54.383279,24.487209],[54.38318,24.487133],[54.38294,24.487177],[54.383074,24.487043],[54.382985,24.486973],[54.382673,24.48703],[54.382635,24.486999],[54.382814,24.486824],[54.38272,24.486746],[54.381834,24.48691],[54.381564,24.487183],[54.381917,24.487478],[54.382162,24.487433],[54.382033,24.487566],[54.382388,24.487858],[54.382874,24.487769],[54.38278,24.487862],[54.382836,24.48791],[54.382803,24.487944],[54.382756,24.487952],[54.382636,24.488072],[54.382738,24.488154],[54.382819,24.488139],[54.382981,24.488273],[54.383553,24.488167],[54.383592,24.488195],[54.383877,24.488143],[54.383745,24.488294],[54.383806,24.488338],[54.383685,24.488477],[54.383841,24.488592],[54.383801,24.488637],[54.38405,24.488815],[54.384211,24.488785],[54.384273,24.488828],[54.384333,24.488817],[54.384668,24.489057],[54.384934,24.489008],[54.38495,24.48899],[54.38497,24.489004],[54.384881,24.489021],[54.384832,24.489107],[54.384876,24.489128],[54.384629,24.489173],[54.384381,24.489453],[54.384492,24.489531],[54.385559,24.489334],[54.385505,24.489408],[54.385154,24.489472],[54.385036,24.489629],[54.385304,24.489824],[54.385645,24.489761],[54.385799,24.489869],[54.386065,24.48982],[54.386101,24.489776],[54.385989,24.489698],[54.386191,24.48966],[54.38632,24.489485],[54.386041,24.489309],[54.385889,24.489337],[54.385917,24.489299],[54.385846,24.489256],[54.385692,24.489285],[54.385766,24.489201],[54.385701,24.489151],[54.385908,24.489113],[54.385949,24.489071],[54.385906,24.489036],[54.385842,24.489048],[54.385952,24.488925],[54.386116,24.488895],[54.386206,24.488671],[54.386244,24.488629],[54.386462,24.488501],[54.386385,24.488388],[54.386252,24.488412],[54.386334,24.488328],[54.386082,24.488145],[54.385398,24.488271],[54.38545,24.488212],[54.385512,24.488201],[54.385607,24.488099],[54.385564,24.488067],[54.385602,24.488027],[54.385564,24.487999],[54.38697,24.487746],[54.386947,24.487591],[54.38708,24.487445],[54.387264,24.487411],[54.387253,24.487282],[54.387069,24.487297],[54.386903,24.487165],[54.386943,24.487126],[54.386854,24.487055],[54.386474,24.487125],[54.386544,24.487055],[54.386453,24.486984],[54.386187,24.487033],[54.386073,24.487159],[54.386116,24.487191],[54.385524,24.4873],[54.385185,24.48768],[54.385284,24.487757],[54.385355,24.487744],[54.38548,24.487835],[54.385487,24.487909],[54.38542,24.487862],[54.384479,24.488032],[54.38478,24.487679],[54.38469,24.487613],[54.384706,24.487592],[54.384597,24.487519],[54.384272,24.487579],[54.384381,24.487454],[54.384315,24.487409],[54.384374,24.487398],[54.384446,24.487315],[54.384425,24.487301],[54.38446,24.487295],[54.384536,24.487209],[54.384515,24.487195],[54.38455,24.487188],[54.384586,24.487149],[54.385453,24.486989],[54.385516,24.486706],[54.385138,24.48665],[54.385543,24.486575],[54.385722,24.486403],[54.385539,24.486245],[54.385459,24.48626],[54.385502,24.486217],[54.385451,24.486177],[54.385358,24.486194],[54.385373,24.48618],[54.385332,24.486138],[54.385001,24.486191],[54.385139,24.486051],[54.384782,24.485761],[54.384613,24.485792],[54.384706,24.485695],[54.384357,24.485404],[54.384193,24.485434],[54.384215,24.485411],[54.38416,24.485367],[54.384191,24.485338],[54.384235,24.48533],[54.38436,24.485202],[54.38435,24.485194],[54.384443,24.485177],[54.384549,24.485072],[54.38441,24.484958],[54.383524,24.485121],[54.383419,24.485226],[54.383435,24.485239],[54.383396,24.485277],[54.383367,24.485283],[54.383243,24.485408],[54.383255,24.485416],[54.383222,24.485453],[54.383194,24.485458],[54.383081,24.485567],[54.383197,24.485665],[54.382947,24.485711],[54.382684,24.485983],[54.38299,24.486235],[54.382836,24.486264],[54.382762,24.486363],[54.382826,24.486403],[54.382852,24.486398],[54.382943,24.486454],[54.383201,24.48641],[54.383504,24.486659],[54.384376,24.486498],[54.384648,24.486732],[54.384227,24.48681],[54.384223,24.486828],[54.384191,24.486806],[54.383925,24.486855],[54.383858,24.486931],[54.383884,24.48695],[54.383836,24.486959],[54.383769,24.487037],[54.383794,24.487055],[54.383747,24.487063],[54.383678,24.487143],[54.383702,24.48716],[54.383658,24.487168],[54.383589,24.487248],[54.383614,24.487266],[54.383568,24.487275],[54.3835,24.487353],[54.383558,24.487395],[54.383511,24.487404],[54.383447,24.487349],[54.383129,24.487408],[54.383101,24.487385],[54.383279,24.487209]],[[54.383278,24.486231],[54.383221,24.486289],[54.383163,24.486252],[54.383278,24.486231]],[[54.385438,24.489024],[54.385417,24.489028],[54.385422,24.489023],[54.385438,24.489024]],[[54.384974,24.488644],[54.384996,24.48864],[54.385147,24.488753],[54.385128,24.488756],[54.384974,24.488644]],[[54.384912,24.488886],[54.384897,24.488902],[54.384882,24.488892],[54.384912,24.488886]]]}},{"type":"Feature","properties":{},"geometry":{"type":"Polygon","coordinates":[[[54.381486,24.487891],[54.381389,24.488],[54.38161,24.488163],[54.382036,24.488084],[54.382133,24.487976],[54.381912,24.487812],[54.381486,24.487891]]]}},{"type":"Feature","properties":{},"geometry":{"type":"Polygon","coordinates":[[[54.382177,24.499232],[54.382207,24.49919],[54.382211,24.499118],[54.382177,24.499062],[54.382139,24.499038],[54.382084,24.499027],[54.381767,24.499085],[54.381724,24.499111],[54.381687,24.499174],[54.381695,24.499242],[54.381724,24.499282],[54.381788,24.499314],[54.382134,24.499258],[54.382177,24.499232]]]}},{"type":"Feature","properties":{},"geometry":{"type":"Polygon","coordinates":[[[54.38161,24.509225],[54.381344,24.509274],[54.381297,24.509327],[54.381345,24.509361],[54.381611,24.509312],[54.381657,24.509259],[54.38161,24.509225]]]}},{"type":"Feature","properties":{},"geometry":{"type":"Polygon","coordinates":[[[54.381303,24.510121],[54.381202,24.510161],[54.381237,24.510233],[54.381503,24.510184],[54.381604,24.510143],[54.381569,24.510072],[54.381303,24.510121]]]}},{"type":"Feature","properties":{},"geometry":{"type":"Polygon","coordinates":[[[54.384495,24.484167],[54.384478,24.484154],[54.384503,24.484128],[54.384471,24.484102],[54.384205,24.484151],[54.384119,24.484241],[54.384168,24.48428],[54.384434,24.484231],[54.384495,24.484167]]]}},{"type":"Feature","properties":{},"geometry":{"type":"Polygon","coordinates":[[[54.383157,24.486794],[54.382891,24.486843],[54.382839,24.486906],[54.382884,24.486936],[54.38315,24.486887],[54.383201,24.486825],[54.383157,24.486794]]]}},{"type":"Feature","properties":{},"geometry":{"type":"Polygon","coordinates":[[[54.383479,24.492862],[54.383443,24.492897],[54.383515,24.492959],[54.383781,24.49291],[54.383817,24.492875],[54.383745,24.492813],[54.383479,24.492862]]]}},{"type":"Feature","properties":{},"geometry":{"type":"Polygon","coordinates":[[[54.383408,24.497106],[54.383355,24.497171],[54.383419,24.497214],[54.383685,24.497165],[54.383737,24.497101],[54.383674,24.497057],[54.383408,24.497106]]]}},{"type":"Feature","properties":{},"geometry":{"type":"Polygon","coordinates":[[[54.382266,24.497471],[54.382047,24.497747],[54.3826,24.498111],[54.383929,24.497866],[54.384015,24.497758],[54.383883,24.497654],[54.383911,24.497619],[54.383771,24.497526],[54.383867,24.497404],[54.383596,24.497226],[54.382266,24.497471]]]}},{"type":"Feature","properties":{},"geometry":{"type":"Polygon","coordinates":[[[54.382141,24.503999],[54.382148,24.504682],[54.382107,24.50469],[54.382107,24.504716],[54.382078,24.504722],[54.382078,24.504735],[54.381987,24.504752],[54.381991,24.505155],[54.382293,24.505152],[54.383623,24.504907],[54.383622,24.504867],[54.383705,24.504852],[54.383696,24.504062],[54.383864,24.504031],[54.383861,24.503897],[54.383712,24.503899],[54.383612,24.503918],[54.38361,24.503752],[54.38347,24.503754],[54.382141,24.503999]]]}},{"type":"Feature","properties":{},"geometry":{"type":"Polygon","coordinates":[[[54.3829,24.508219],[54.382634,24.508268],[54.38258,24.508295],[54.382601,24.508329],[54.382867,24.50828],[54.38292,24.508253],[54.3829,24.508219]]]}},{"type":"Feature","properties":{},"geometry":{"type":"Polygon","coordinates":[[[54.386424,24.4821],[54.386433,24.482164],[54.386898,24.482089],[54.386893,24.482028],[54.386424,24.4821]]]}},{"type":"Feature","properties":{},"geometry":{"type":"Polygon","coordinates":[[[54.389809,24.482389],[54.389543,24.482438],[54.389506,24.482504],[54.389637,24.482564],[54.389903,24.482514],[54.389939,24.482448],[54.389809,24.482389]]]}},{"type":"Feature","properties":{},"geometry":{"type":"Polygon","coordinates":[[[54.387203,24.482327],[54.385874,24.482572],[54.385367,24.483181],[54.385758,24.483455],[54.387087,24.483209],[54.387599,24.482609],[54.387203,24.482327]]]}},{"type":"Feature","properties":{},"geometry":{"type":"Polygon","coordinates":[[[54.387653,24.485162],[54.387577,24.485231],[54.387628,24.485278],[54.387894,24.485229],[54.38797,24.485159],[54.387919,24.485113],[54.387653,24.485162]]]}},{"type":"Feature","properties":{},"geometry":{"type":"Polygon","coordinates":[[[54.389659,24.485745],[54.389615,24.485699],[54.389693,24.485636],[54.389584,24.485525],[54.389318,24.485574],[54.389177,24.485688],[54.38933,24.485845],[54.389596,24.485795],[54.389659,24.485745]]]}},{"type":"Feature","properties":{},"geometry":{"type":"Polygon","coordinates":[[[54.387364,24.48671],[54.387098,24.486759],[54.386999,24.486868],[54.387047,24.486904],[54.387168,24.486882],[54.387114,24.486941],[54.387203,24.487007],[54.387469,24.486958],[54.387539,24.486882],[54.387449,24.486816],[54.387327,24.486839],[54.38741,24.486744],[54.387364,24.48671]]]}},{"type":"Feature","properties":{},"geometry":{"type":"Polygon","coordinates":[[[54.384808,24.487298],[54.384542,24.487347],[54.384465,24.487435],[54.384529,24.487479],[54.384795,24.48743],[54.384873,24.487343],[54.384808,24.487298]]]}},{"type":"Feature","properties":{},"geometry":{"type":"Polygon","coordinates":[[[54.385842,24.489896],[54.38593,24.48996],[54.386196,24.489911],[54.386232,24.489871],[54.386143,24.489808],[54.385877,24.489857],[54.385842,24.489896]]]}},{"type":"Feature","properties":{},"geometry":{"type":"Polygon","coordinates":[[[54.386962,24.490082],[54.386964,24.490038],[54.3869,24.490036],[54.386634,24.490085],[54.386631,24.490128],[54.386696,24.490131],[54.386962,24.490082]]]}},{"type":"Feature","properties":{},"geometry":{"type":"Polygon","coordinates":[[[54.386689,24.490166],[54.386569,24.490306],[54.386792,24.490464],[54.387058,24.490415],[54.387178,24.490277],[54.386955,24.490116],[54.386689,24.490166]]]}},{"type":"Feature","properties":{},"geometry":{"type":"Polygon","coordinates":[[[54.384362,24.491625],[54.384419,24.491673],[54.384308,24.491693],[54.384241,24.491773],[54.384277,24.491797],[54.384247,24.491803],[54.384219,24.491836],[54.384501,24.492035],[54.384712,24.491996],[54.384672,24.49203],[54.384718,24.492075],[54.384072,24.492194],[54.384018,24.492257],[54.383948,24.49227],[54.383888,24.492317],[54.383818,24.492421],[54.384028,24.492539],[54.384012,24.492542],[54.383838,24.492749],[54.384755,24.493413],[54.386085,24.493168],[54.386313,24.492575],[54.386045,24.492386],[54.386208,24.492355],[54.386267,24.492254],[54.386236,24.492187],[54.386149,24.492098],[54.386123,24.491932],[54.386123,24.491804],[54.386277,24.491775],[54.386347,24.491691],[54.386237,24.491616],[54.386457,24.491498],[54.386623,24.4913],[54.386153,24.490952],[54.386297,24.490926],[54.386342,24.490856],[54.386304,24.490835],[54.386313,24.490821],[54.386213,24.490767],[54.385965,24.490813],[54.385526,24.490487],[54.384972,24.49059],[54.384222,24.491481],[54.384392,24.491596],[54.384362,24.491625]]]}},{"type":"Feature","properties":{},"geometry":{"type":"Polygon","coordinates":[[[54.386919,24.493125],[54.386892,24.49313],[54.386476,24.493843],[54.386658,24.493913],[54.387987,24.493667],[54.388409,24.492957],[54.388344,24.492845],[54.388319,24.492834],[54.38696,24.493082],[54.386919,24.493125]]]}},{"type":"Feature","properties":{},"geometry":{"type":"Polygon","coordinates":[[[54.389108,24.493557],[54.389031,24.493561],[54.387701,24.493806],[54.387707,24.493996],[54.387649,24.493977],[54.385587,24.494357],[54.38539,24.494835],[54.385372,24.494824],[54.385403,24.494783],[54.385326,24.494734],[54.38506,24.494783],[54.385003,24.4948],[54.384868,24.494975],[54.384958,24.495045],[54.385045,24.495089],[54.385305,24.495041],[54.385297,24.495061],[54.38535,24.495102],[54.385637,24.49529],[54.387698,24.49491],[54.387792,24.494783],[54.387804,24.49502],[54.387894,24.495016],[54.387901,24.495177],[54.388013,24.495172],[54.389342,24.494927],[54.38931,24.494273],[54.39017,24.494115],[54.390121,24.493761],[54.389185,24.493877],[54.389235,24.493825],[54.389231,24.49374],[54.389183,24.493702],[54.389216,24.493696],[54.389214,24.493647],[54.389112,24.493651],[54.389108,24.493557]],[[54.3878,24.494328],[54.387772,24.494357],[54.387789,24.494715],[54.387628,24.494616],[54.387741,24.494339],[54.3878,24.494328]]]}},{"type":"Feature","properties":{},"geometry":{"type":"Polygon","coordinates":[[[54.387893,24.495863],[54.387966,24.495855],[54.387973,24.495918],[54.38823,24.495893],[54.388496,24.495844],[54.388485,24.495747],[54.388404,24.495755],[54.388398,24.495709],[54.388299,24.495719],[54.388296,24.49569],[54.38788,24.495754],[54.387893,24.495863]]]}},{"type":"Feature","properties":{},"geometry":{"type":"Polygon","coordinates":[[[54.38565,24.498141],[54.385544,24.498161],[54.385582,24.498472],[54.38569,24.498462],[54.38571,24.49863],[54.386106,24.498585],[54.386435,24.498524],[54.386454,24.498673],[54.386533,24.498665],[54.38655,24.498807],[54.386923,24.49877],[54.387145,24.498729],[54.387125,24.498569],[54.387246,24.498547],[54.387227,24.498383],[54.388313,24.498178],[54.388302,24.498095],[54.388782,24.498006],[54.388707,24.497437],[54.388971,24.497388],[54.388962,24.49731],[54.388982,24.497306],[54.38896,24.497113],[54.388935,24.497116],[54.388926,24.497036],[54.388658,24.497062],[54.388649,24.496995],[54.387776,24.497079],[54.387072,24.497202],[54.387055,24.497071],[54.387325,24.497035],[54.387311,24.496928],[54.38704,24.496954],[54.387037,24.496928],[54.388417,24.496678],[54.388325,24.495985],[54.387574,24.496068],[54.386155,24.496314],[54.386292,24.497353],[54.385569,24.497486],[54.38565,24.498141]]]}},{"type":"Feature","properties":{},"geometry":{"type":"Polygon","coordinates":[[[54.384421,24.497102],[54.384155,24.497151],[54.384081,24.497245],[54.38415,24.497291],[54.384416,24.497242],[54.384491,24.497147],[54.384421,24.497102]]]}},{"type":"Feature","properties":{},"geometry":{"type":"Polygon","coordinates":[[[54.391913,24.49816],[54.391881,24.497941],[54.391505,24.497815],[54.387844,24.49849],[54.387707,24.498558],[54.387716,24.498617],[54.387237,24.498705],[54.387281,24.499059],[54.388314,24.498952],[54.390974,24.498461],[54.390958,24.498336],[54.391913,24.49816]]]}},{"type":"Feature","properties":{},"geometry":{"type":"Polygon","coordinates":[[[54.386821,24.498921],[54.386817,24.498866],[54.386381,24.498934],[54.386387,24.498988],[54.386821,24.498921]]]}},{"type":"Feature","properties":{},"geometry":{"type":"Polygon","coordinates":[[[54.383812,24.500323],[54.3838,24.500358],[54.383812,24.500401],[54.383883,24.500444],[54.384166,24.500456],[54.385665,24.500185],[54.385905,24.500454],[54.386019,24.500544],[54.385201,24.500695],[54.385212,24.500817],[54.385181,24.500822],[54.385193,24.500946],[54.38522,24.500944],[54.385231,24.501055],[54.385743,24.501014],[54.385793,24.501427],[54.385901,24.501417],[54.385905,24.501449],[54.386065,24.501432],[54.386683,24.501318],[54.386691,24.501393],[54.38717,24.501352],[54.387304,24.501327],[54.387349,24.501692],[54.386735,24.501805],[54.386748,24.501934],[54.387037,24.501908],[54.386028,24.502094],[54.386031,24.502118],[54.385912,24.50214],[54.385939,24.502432],[54.385492,24.502515],[54.385505,24.502638],[54.385471,24.502644],[54.385484,24.502757],[54.385516,24.502755],[54.385529,24.502872],[54.386162,24.502814],[54.387091,24.502643],[54.387133,24.502685],[54.387034,24.502904],[54.38714,24.502939],[54.387219,24.503112],[54.384386,24.503634],[54.384385,24.503674],[54.384171,24.503714],[54.384147,24.503838],[54.384479,24.503793],[54.384484,24.503979],[54.387675,24.503391],[54.388232,24.503194],[54.388072,24.503066],[54.388042,24.503072],[54.387896,24.50273],[54.388048,24.502467],[54.388442,24.502394],[54.389048,24.502337],[54.38938,24.502276],[54.38936,24.502073],[54.389661,24.502018],[54.389658,24.501992],[54.389761,24.501973],[54.389801,24.502282],[54.388637,24.502403],[54.388305,24.502464],[54.38841,24.503296],[54.389623,24.503169],[54.389909,24.503117],[54.389918,24.503189],[54.390669,24.503126],[54.391157,24.503036],[54.391102,24.502538],[54.391418,24.50248],[54.391251,24.501093],[54.391921,24.500969],[54.391889,24.500727],[54.391623,24.500751],[54.391219,24.500825],[54.39098,24.498843],[54.389877,24.498968],[54.389389,24.499057],[54.389393,24.499086],[54.388005,24.4992],[54.387673,24.499262],[54.387675,24.499281],[54.386775,24.499375],[54.385446,24.49962],[54.385438,24.499751],[54.385508,24.499928],[54.384348,24.500142],[54.384269,24.500198],[54.383987,24.500256],[54.383812,24.500323]],[[54.389295,24.501406],[54.389319,24.501359],[54.389353,24.501374],[54.389676,24.501314],[54.389697,24.501474],[54.389597,24.501482],[54.389594,24.501451],[54.389303,24.501491],[54.389295,24.501406]],[[54.3895,24.500799],[54.389498,24.500777],[54.389605,24.500757],[54.389628,24.500936],[54.389314,24.500994],[54.389276,24.501018],[54.389208,24.500967],[54.389194,24.500856],[54.3895,24.500799]],[[54.389113,24.500147],[54.388806,24.500167],[54.389065,24.500119],[54.389056,24.500043],[54.389497,24.499972],[54.389498,24.499928],[54.389539,24.500252],[54.389426,24.500263],[54.389421,24.500227],[54.389127,24.50027],[54.389113,24.500147]],[[54.389475,24.499728],[54.389471,24.499728],[54.38945,24.499536],[54.389475,24.499728]],[[54.388104,24.50016],[54.387888,24.500171],[54.388492,24.500111],[54.388104,24.50016]]]}},{"type":"Feature","properties":{},"geometry":{"type":"Polygon","coordinates":[[[54.388872,24.503369],[54.388974,24.503371],[54.38924,24.503322],[54.389242,24.503268],[54.389134,24.503267],[54.388471,24.503377],[54.388478,24.503427],[54.388872,24.503369]]]}},{"type":"Feature","properties":{},"geometry":{"type":"Polygon","coordinates":[[[54.38806,24.503632],[54.388048,24.50359],[54.387718,24.503654],[54.387729,24.503695],[54.38806,24.503632]]]}},{"type":"Feature","properties":{},"geometry":{"type":"Polygon","coordinates":[[[54.387402,24.504034],[54.387525,24.504011],[54.387519,24.503969],[54.387134,24.504033],[54.387141,24.504075],[54.387234,24.504064],[54.387096,24.504089],[54.387104,24.504135],[54.387225,24.504115],[54.387227,24.50415],[54.387291,24.504147],[54.387557,24.504098],[54.387554,24.504018],[54.387402,24.504034]]]}},{"type":"Feature","properties":{},"geometry":{"type":"Polygon","coordinates":[[[54.388886,24.507077],[54.38889,24.507111],[54.389251,24.507055],[54.389248,24.507021],[54.388886,24.507077]]]}},{"type":"Feature","properties":{},"geometry":{"type":"Polygon","coordinates":[[[54.39058,24.482459],[54.390314,24.482508],[54.390297,24.482631],[54.390431,24.482643],[54.390697,24.482594],[54.390718,24.482472],[54.39058,24.482459]]]}},{"type":"Feature","properties":{},"geometry":{"type":"Polygon","coordinates":[[[54.390749,24.48291],[54.390623,24.482933],[54.390389,24.483333],[54.390617,24.483446],[54.391503,24.483283],[54.39158,24.48316],[54.39149,24.483096],[54.391531,24.483028],[54.391667,24.483003],[54.391742,24.482883],[54.391509,24.482769],[54.391426,24.482785],[54.391195,24.48268],[54.39113,24.482692],[54.391149,24.48266],[54.391062,24.48262],[54.391023,24.482628],[54.391035,24.482607],[54.390942,24.482565],[54.390676,24.482614],[54.390621,24.482711],[54.390518,24.482654],[54.390252,24.482703],[54.390195,24.482784],[54.390444,24.482922],[54.390683,24.482878],[54.390749,24.48291]]]}},{"type":"Feature","properties":{},"geometry":{"type":"Polygon","coordinates":[[[54.389997,24.482755],[54.389731,24.482804],[54.389641,24.482874],[54.389706,24.482943],[54.389972,24.482894],[54.390062,24.482824],[54.389997,24.482755]]]}},{"type":"Feature","properties":{},"geometry":{"type":"Polygon","coordinates":[[[54.392016,24.483361],[54.392109,24.483404],[54.392375,24.483354],[54.392476,24.48318],[54.392379,24.483134],[54.392316,24.483146],[54.392258,24.483116],[54.392281,24.483077],[54.392174,24.483027],[54.392112,24.483038],[54.392042,24.483006],[54.391776,24.483055],[54.391756,24.483092],[54.391852,24.483138],[54.391889,24.483131],[54.391994,24.483174],[54.391941,24.483267],[54.391995,24.483292],[54.39206,24.48328],[54.392016,24.483361]]]}},{"type":"Feature","properties":{},"geometry":{"type":"Polygon","coordinates":[[[54.391411,24.48382],[54.391274,24.483685],[54.391237,24.483692],[54.3913,24.483619],[54.391279,24.483602],[54.391324,24.483594],[54.391404,24.483495],[54.391612,24.483457],[54.391627,24.483427],[54.391532,24.483387],[54.391314,24.483427],[54.391224,24.483358],[54.390337,24.483522],[54.390128,24.483728],[54.390334,24.483874],[54.390984,24.483754],[54.39092,24.483809],[54.391058,24.483945],[54.391324,24.483896],[54.391411,24.48382]]]}},{"type":"Feature","properties":{},"geometry":{"type":"Polygon","coordinates":[[[54.390505,24.484418],[54.390414,24.484496],[54.390533,24.484612],[54.390799,24.484563],[54.39089,24.484485],[54.390771,24.484369],[54.390505,24.484418]]]}},{"type":"Feature","properties":{},"geometry":{"type":"Polygon","coordinates":[[[54.391912,24.488465],[54.391487,24.488809],[54.391669,24.488995],[54.3918,24.488971],[54.391792,24.489001],[54.392055,24.489027],[54.392206,24.48908],[54.39232,24.489143],[54.391291,24.489333],[54.391302,24.48942],[54.391154,24.489448],[54.391195,24.489795],[54.391348,24.48978],[54.391362,24.489898],[54.391549,24.489879],[54.394585,24.489319],[54.394573,24.489214],[54.394664,24.489197],[54.394622,24.488843],[54.39452,24.488853],[54.394508,24.488755],[54.394327,24.488773],[54.393751,24.488879],[54.39375,24.488869],[54.393172,24.488945],[54.393098,24.488906],[54.393043,24.488846],[54.393014,24.488755],[54.394968,24.488395],[54.395185,24.488219],[54.395111,24.488144],[54.395209,24.488065],[54.395036,24.487889],[54.394847,24.487616],[54.394986,24.48759],[54.39537,24.487249],[54.395338,24.487219],[54.395256,24.487186],[54.395144,24.487174],[54.395019,24.487192],[54.391762,24.487792],[54.391712,24.487836],[54.391754,24.487875],[54.391609,24.488005],[54.391648,24.488041],[54.391607,24.488078],[54.391729,24.488191],[54.393173,24.487925],[54.39313,24.487962],[54.392872,24.487985],[54.39254,24.488046],[54.392571,24.488343],[54.391912,24.488465]]]}},{"type":"Feature","properties":{},"geometry":{"type":"Polygon","coordinates":[[[54.391391,24.49084],[54.39161,24.490883],[54.39197,24.490995],[54.392183,24.490955],[54.392237,24.491058],[54.392652,24.491004],[54.392809,24.491097],[54.392169,24.491164],[54.390839,24.491409],[54.39088,24.491735],[54.391173,24.491705],[54.391403,24.491663],[54.391542,24.491762],[54.388737,24.49228],[54.388823,24.492833],[54.38924,24.492779],[54.391588,24.492346],[54.391655,24.492395],[54.391271,24.492465],[54.391201,24.492553],[54.390571,24.49267],[54.390463,24.492794],[54.390308,24.492832],[54.388436,24.493177],[54.388499,24.493563],[54.389081,24.493485],[54.39287,24.492786],[54.392856,24.492699],[54.394184,24.492454],[54.394285,24.492338],[54.394231,24.492298],[54.394752,24.492202],[54.394827,24.492108],[54.394752,24.492059],[54.394815,24.491978],[54.394778,24.491954],[54.395132,24.491889],[54.395234,24.491772],[54.395139,24.491703],[54.395182,24.491654],[54.395,24.491523],[54.395386,24.491452],[54.395487,24.491335],[54.395392,24.491267],[54.395435,24.491218],[54.395248,24.491083],[54.395424,24.49105],[54.395626,24.490818],[54.395387,24.490647],[54.394832,24.490749],[54.395053,24.490483],[54.394882,24.49037],[54.394655,24.490384],[54.39432,24.490441],[54.394175,24.490501],[54.394009,24.490702],[54.393938,24.490627],[54.393842,24.490574],[54.393734,24.490551],[54.39384,24.490494],[54.393978,24.490318],[54.393959,24.490209],[54.394669,24.490078],[54.394653,24.489941],[54.394745,24.489924],[54.394704,24.489573],[54.394603,24.489582],[54.394592,24.489484],[54.39441,24.489501],[54.393274,24.48971],[54.393237,24.48969],[54.392995,24.489698],[54.392662,24.489759],[54.392646,24.489826],[54.391374,24.490061],[54.391383,24.490148],[54.391235,24.490175],[54.391276,24.490527],[54.391429,24.490512],[54.391403,24.490526],[54.391388,24.490563],[54.391402,24.490638],[54.391367,24.490661],[54.391319,24.490771],[54.391391,24.49084]]]}},{"type":"Feature","properties":{},"geometry":{"type":"Polygon","coordinates":[[[54.392423,24.494654],[54.392458,24.494894],[54.392727,24.494862],[54.393613,24.494698],[54.393582,24.494482],[54.393522,24.49449],[54.393515,24.494441],[54.392481,24.494623],[54.392483,24.494643],[54.392423,24.494654]]]}},{"type":"Feature","properties":{},"geometry":{"type":"Polygon","coordinates":[[[54.391843,24.496246],[54.3924,24.496185],[54.39241,24.496254],[54.392534,24.496239],[54.393864,24.495994],[54.394048,24.49583],[54.394285,24.495786],[54.3942,24.495176],[54.393632,24.495242],[54.392303,24.495487],[54.392306,24.495511],[54.391346,24.495688],[54.391411,24.496326],[54.391843,24.496246]]]}},{"type":"Feature","properties":{},"geometry":{"type":"Polygon","coordinates":[[[54.388875,24.496609],[54.389059,24.49659],[54.390126,24.496393],[54.390377,24.496377],[54.390643,24.496328],[54.39063,24.496099],[54.390601,24.496101],[54.390627,24.496096],[54.390576,24.495677],[54.390109,24.495729],[54.388896,24.495957],[54.388933,24.496256],[54.388817,24.496278],[54.388826,24.496352],[54.388843,24.496351],[54.388875,24.496609]]]}},{"type":"Feature","properties":{},"geometry":{"type":"Polygon","coordinates":[[[54.391038,24.497195],[54.391304,24.497146],[54.391309,24.497065],[54.391397,24.497062],[54.391663,24.497013],[54.391661,24.496974],[54.391422,24.496985],[54.391156,24.497034],[54.391155,24.497056],[54.39092,24.497099],[54.390918,24.497193],[54.391038,24.497195]]]}},{"type":"Feature","properties":{},"geometry":{"type":"Polygon","coordinates":[[[54.391341,24.497139],[54.391349,24.497177],[54.39167,24.497118],[54.391662,24.49708],[54.391341,24.497139]]]}},{"type":"Feature","properties":{},"geometry":{"type":"Polygon","coordinates":[[[54.391232,24.497178],[54.390966,24.497227],[54.390964,24.49729],[54.391077,24.497293],[54.391343,24.497244],[54.391345,24.497181],[54.391232,24.497178]]]}},{"type":"Feature","properties":{},"geometry":{"type":"Polygon","coordinates":[[[54.394542,24.496821],[54.393213,24.497067],[54.39298,24.497351],[54.39306,24.497636],[54.393311,24.497753],[54.394641,24.497508],[54.394769,24.497442],[54.394885,24.497348],[54.394874,24.497274],[54.394918,24.497211],[54.394997,24.497172],[54.39503,24.497114],[54.394542,24.496821]]]}},{"type":"Feature","properties":{},"geometry":{"type":"Polygon","coordinates":[[[54.389335,24.497653],[54.389337,24.497697],[54.389276,24.497709],[54.389283,24.497855],[54.389484,24.497843],[54.38975,24.497793],[54.389743,24.497623],[54.389684,24.497625],[54.389683,24.497601],[54.389601,24.497604],[54.389335,24.497653]]]}},{"type":"Feature","properties":{},"geometry":{"type":"Polygon","coordinates":[[[54.393047,24.498165],[54.393044,24.498246],[54.393352,24.498198],[54.393355,24.498117],[54.393047,24.498165]]]}},{"type":"Feature","properties":{},"geometry":{"type":"Polygon","coordinates":[[[54.392136,24.498905],[54.392292,24.49991],[54.39404,24.499717],[54.39537,24.499471],[54.39526,24.498664],[54.395136,24.498542],[54.393466,24.49866],[54.392136,24.498905]]]}},{"type":"Feature","properties":{},"geometry":{"type":"Polygon","coordinates":[[[54.391825,24.503682],[54.391833,24.503731],[54.392191,24.50367],[54.392183,24.503621],[54.391825,24.503682]]]}},{"type":"Feature","properties":{},"geometry":{"type":"Polygon","coordinates":[[[54.392008,24.50388],[54.392197,24.503845],[54.392197,24.503861],[54.392288,24.50386],[54.392554,24.503811],[54.392554,24.503762],[54.392463,24.503763],[54.392272,24.503798],[54.392268,24.503729],[54.392105,24.503737],[54.391839,24.503786],[54.391845,24.503888],[54.392008,24.50388]]]}},{"type":"Feature","properties":{},"geometry":{"type":"Polygon","coordinates":[[[54.391278,24.50409],[54.391335,24.504595],[54.392504,24.504401],[54.392498,24.504309],[54.392592,24.504285],[54.39258,24.504249],[54.392495,24.504265],[54.392488,24.504165],[54.392302,24.504185],[54.392299,24.504154],[54.39259,24.504102],[54.392558,24.503881],[54.392054,24.50394],[54.391278,24.50409]]]}},{"type":"Feature","properties":{},"geometry":{"type":"Polygon","coordinates":[[[54.392177,24.504496],[54.391291,24.50466],[54.391324,24.504935],[54.391766,24.504891],[54.392653,24.504727],[54.39262,24.504452],[54.392177,24.504496]]]}},{"type":"Feature","properties":{},"geometry":{"type":"Polygon","coordinates":[[[54.391886,24.505799],[54.392773,24.505636],[54.392737,24.505136],[54.392434,24.505165],[54.392432,24.505093],[54.392592,24.505063],[54.392563,24.504815],[54.392228,24.504867],[54.392173,24.504863],[54.391907,24.504912],[54.391915,24.504992],[54.392195,24.504946],[54.392213,24.505103],[54.391942,24.505154],[54.391945,24.505255],[54.391636,24.505312],[54.391671,24.505812],[54.391886,24.505799]]]}},{"type":"Feature","properties":{},"geometry":{"type":"Polygon","coordinates":[[[54.389795,24.505218],[54.388908,24.505381],[54.388955,24.505975],[54.38917,24.50596],[54.390056,24.505797],[54.389993,24.505205],[54.389795,24.505218]]]}},{"type":"Feature","properties":{},"geometry":{"type":"Polygon","coordinates":[[[54.391504,24.506859],[54.39151,24.506905],[54.391865,24.506847],[54.391859,24.506801],[54.391504,24.506859]]]}},{"type":"Feature","properties":{},"geometry":{"type":"Polygon","coordinates":[[[54.39155,24.507193],[54.391661,24.507191],[54.39167,24.5073],[54.391855,24.507288],[54.392741,24.507125],[54.392715,24.506783],[54.39253,24.506794],[54.392095,24.506875],[54.392088,24.506846],[54.391712,24.506918],[54.391714,24.506927],[54.391614,24.506945],[54.391622,24.507007],[54.391647,24.507004],[54.391653,24.507085],[54.391548,24.507104],[54.39155,24.507193]]]}},{"type":"Feature","properties":{},"geometry":{"type":"Polygon","coordinates":[[[54.392638,24.507209],[54.392645,24.507263],[54.392992,24.507205],[54.392985,24.507152],[54.392638,24.507209]]]}},{"type":"Feature","properties":{},"geometry":{"type":"Polygon","coordinates":[[[54.390654,24.507654],[54.391058,24.507629],[54.391944,24.507466],[54.391934,24.507327],[54.391531,24.507352],[54.390781,24.507478],[54.390781,24.50749],[54.390644,24.507515],[54.390654,24.507654]]]}},{"type":"Feature","properties":{},"geometry":{"type":"Polygon","coordinates":[[[54.39295,24.508783],[54.393216,24.508734],[54.393217,24.5087],[54.39297,24.508709],[54.392704,24.508758],[54.392704,24.508788],[54.39295,24.508783]]]}},{"type":"Feature","properties":{},"geometry":{"type":"Polygon","coordinates":[[[54.39185,24.509857],[54.391957,24.510032],[54.393287,24.509787],[54.393625,24.509616],[54.393613,24.509596],[54.393795,24.509504],[54.39377,24.509463],[54.393889,24.50943],[54.393853,24.509371],[54.393727,24.509394],[54.393586,24.509162],[54.393658,24.509149],[54.393655,24.509094],[54.393604,24.509096],[54.393338,24.509145],[54.393339,24.509166],[54.392233,24.50937],[54.392039,24.509469],[54.392176,24.509692],[54.39185,24.509857]]]}},{"type":"Feature","properties":{},"geometry":{"type":"Polygon","coordinates":[[[54.394034,24.509665],[54.394052,24.509655],[54.394018,24.509606],[54.393752,24.509655],[54.393712,24.509678],[54.393746,24.509727],[54.393769,24.509722],[54.393751,24.509732],[54.393812,24.509823],[54.394078,24.509774],[54.394119,24.509751],[54.394058,24.50966],[54.394034,24.509665]]]}},{"type":"Feature","properties":{},"geometry":{"type":"Polygon","coordinates":[[[54.393862,24.509814],[54.393765,24.509856],[54.393811,24.509943],[54.394077,24.509894],[54.394173,24.509852],[54.394128,24.509765],[54.393862,24.509814]]]}},{"type":"Feature","properties":{},"geometry":{"type":"Polygon","coordinates":[[[54.393608,24.51004],[54.393891,24.50999],[54.393582,24.510123],[54.393596,24.510151],[54.393498,24.510178],[54.39352,24.510232],[54.393742,24.510191],[54.39377,24.510242],[54.3939,24.510218],[54.393987,24.510291],[54.394253,24.510242],[54.394351,24.510146],[54.39429,24.510095],[54.394089,24.510119],[54.394067,24.510079],[54.393963,24.510098],[54.394195,24.509998],[54.394163,24.509938],[54.393916,24.509984],[54.393911,24.50995],[54.393603,24.510004],[54.393608,24.51004]]]}},{"type":"Feature","properties":{},"geometry":{"type":"Polygon","coordinates":[[[54.406255,24.479987],[54.40643,24.479895],[54.406373,24.479805],[54.406252,24.479828],[54.406281,24.479812],[54.406176,24.479648],[54.404846,24.479893],[54.404597,24.480025],[54.404653,24.480112],[54.404446,24.480221],[54.404484,24.48028],[54.404407,24.48032],[54.40447,24.480419],[54.404489,24.480415],[54.404576,24.480551],[54.405905,24.480306],[54.406324,24.480095],[54.406255,24.479987]]]}},{"type":"Feature","properties":{},"geometry":{"type":"Polygon","coordinates":[[[54.405775,24.48046],[54.405748,24.480415],[54.405482,24.480464],[54.405406,24.480501],[54.405432,24.480543],[54.405388,24.480562],[54.405367,24.480537],[54.40522,24.480564],[54.405173,24.48051],[54.403843,24.480756],[54.403805,24.480784],[54.403653,24.480812],[54.403421,24.480981],[54.403584,24.481165],[54.402953,24.481281],[54.402343,24.481555],[54.402587,24.481829],[54.403917,24.481584],[54.404445,24.481313],[54.404306,24.481077],[54.404947,24.480958],[54.405175,24.480824],[54.405389,24.480784],[54.405411,24.480768],[54.40555,24.480905],[54.406437,24.480741],[54.406583,24.480618],[54.406417,24.480455],[54.406444,24.48045],[54.406479,24.480403],[54.406446,24.480383],[54.406484,24.480376],[54.406523,24.480297],[54.406404,24.480249],[54.406138,24.480298],[54.406103,24.48037],[54.406083,24.480373],[54.406041,24.480431],[54.40571,24.480492],[54.405775,24.48046]]]}},{"type":"Feature","properties":{},"geometry":{"type":"Polygon","coordinates":[[[54.404658,24.48116],[54.404714,24.481136],[54.404697,24.481102],[54.404431,24.481151],[54.404374,24.481174],[54.404392,24.481209],[54.404658,24.48116]]]}},{"type":"Feature","properties":{},"geometry":{"type":"Polygon","coordinates":[[[54.403293,24.482628],[54.403341,24.482712],[54.403372,24.482706],[54.403422,24.482807],[54.404827,24.482548],[54.404966,24.482736],[54.405086,24.482838],[54.4052,24.483019],[54.405609,24.482943],[54.405821,24.483267],[54.406708,24.483103],[54.406884,24.483008],[54.406709,24.482741],[54.407416,24.48261],[54.407605,24.482539],[54.407647,24.482408],[54.407249,24.481963],[54.405633,24.482261],[54.405627,24.482243],[54.40588,24.482196],[54.40612,24.482046],[54.406061,24.481982],[54.406228,24.481951],[54.406456,24.481804],[54.406244,24.481517],[54.406178,24.481406],[54.404184,24.481774],[54.404007,24.481877],[54.403928,24.481945],[54.403964,24.481986],[54.403851,24.482007],[54.403627,24.48212],[54.403586,24.482167],[54.403608,24.482223],[54.403404,24.48226],[54.403296,24.482365],[54.403267,24.482487],[54.403293,24.482628]]]}},{"type":"Feature","properties":{},"geometry":{"type":"Polygon","coordinates":[[[54.403079,24.482706],[54.402754,24.48227],[54.402364,24.482342],[54.402377,24.482242],[54.402291,24.482238],[54.401848,24.48232],[54.400978,24.483235],[54.400978,24.483353],[54.40102,24.483416],[54.401194,24.483456],[54.401638,24.483375],[54.401836,24.48329],[54.402127,24.483297],[54.402652,24.483478],[54.403095,24.483396],[54.403021,24.483179],[54.403255,24.483046],[54.403079,24.482706]]]}},{"type":"Feature","properties":{},"geometry":{"type":"Polygon","coordinates":[[[54.404367,24.485274],[54.404446,24.485089],[54.405619,24.484873],[54.405743,24.48448],[54.405358,24.484434],[54.405703,24.48437],[54.405703,24.483852],[54.405455,24.483133],[54.404125,24.483378],[54.403797,24.48351],[54.403988,24.484158],[54.403609,24.484262],[54.403643,24.484471],[54.402421,24.484697],[54.40229,24.485143],[54.402197,24.485319],[54.40201,24.48551],[54.402622,24.486046],[54.403951,24.4858],[54.404147,24.485609],[54.404367,24.485274]]]}},{"type":"Feature","properties":{},"geometry":{"type":"Polygon","coordinates":[[[54.40406,24.486285],[54.404023,24.48626],[54.403971,24.486254],[54.403306,24.486377],[54.402569,24.48673],[54.402779,24.487282],[54.402813,24.487316],[54.402865,24.48733],[54.40353,24.487207],[54.403767,24.487123],[54.404122,24.486933],[54.40439,24.486736],[54.404417,24.486697],[54.404408,24.486649],[54.40406,24.486285]]]}},{"type":"Feature","properties":{},"geometry":{"type":"Polygon","coordinates":[[[54.40127,24.490188],[54.4026,24.489943],[54.40288,24.489596],[54.402625,24.488136],[54.402288,24.488086],[54.401773,24.487981],[54.401144,24.487765],[54.400079,24.487283],[54.400754,24.487158],[54.400866,24.487117],[54.401207,24.486363],[54.400743,24.486123],[54.399413,24.486369],[54.399302,24.486547],[54.399184,24.486665],[54.398968,24.486502],[54.397638,24.486748],[54.396404,24.488097],[54.397544,24.488951],[54.398866,24.489645],[54.399636,24.489959],[54.400427,24.490128],[54.40127,24.490188]]]}},{"type":"Feature","properties":{},"geometry":{"type":"Polygon","coordinates":[[[54.405983,24.487822],[54.406127,24.487642],[54.405832,24.487429],[54.404413,24.487691],[54.404267,24.487864],[54.404565,24.488084],[54.405983,24.487822]]]}},{"type":"Feature","properties":{},"geometry":{"type":"Polygon","coordinates":[[[54.40936,24.487784],[54.409113,24.48783],[54.409363,24.48769],[54.409247,24.487364],[54.407917,24.48761],[54.407403,24.487996],[54.407318,24.487873],[54.405989,24.488118],[54.405167,24.488583],[54.405447,24.488991],[54.405764,24.488932],[54.405574,24.48904],[54.405853,24.489448],[54.407183,24.489203],[54.407589,24.488973],[54.40758,24.488961],[54.407644,24.488949],[54.40802,24.488719],[54.407954,24.48862],[54.408637,24.488493],[54.409511,24.488057],[54.40936,24.487784]]]}},{"type":"Feature","properties":{},"geometry":{"type":"Polygon","coordinates":[[[54.400402,24.490694],[54.400362,24.490428],[54.400058,24.490467],[54.399171,24.49063],[54.399212,24.490896],[54.399516,24.490857],[54.400402,24.490694]]]}},{"type":"Feature","properties":{},"geometry":{"type":"Polygon","coordinates":[[[54.398232,24.491903],[54.398275,24.492225],[54.398667,24.492158],[54.398624,24.49184],[54.398232,24.491903]]]}},{"type":"Feature","properties":{},"geometry":{"type":"Polygon","coordinates":[[[54.398606,24.492252],[54.398602,24.492224],[54.398525,24.492233],[54.398259,24.492282],[54.398304,24.492611],[54.398647,24.492553],[54.398638,24.492492],[54.399095,24.49242],[54.399082,24.49232],[54.398848,24.492349],[54.398825,24.492216],[54.398606,24.492252]]]}},{"type":"Feature","properties":{},"geometry":{"type":"Polygon","coordinates":[[[54.395653,24.492258],[54.394767,24.492421],[54.394701,24.49272],[54.39511,24.492795],[54.395997,24.492631],[54.396062,24.492332],[54.395653,24.492258]]]}},{"type":"Feature","properties":{},"geometry":{"type":"Polygon","coordinates":[[[54.404282,24.493998],[54.404554,24.493571],[54.404527,24.493557],[54.404581,24.493471],[54.404418,24.493385],[54.403704,24.493517],[54.403359,24.493544],[54.402029,24.493789],[54.402037,24.493855],[54.401944,24.493872],[54.401956,24.493972],[54.400137,24.494307],[54.400139,24.494321],[54.399941,24.494358],[54.399955,24.494471],[54.399584,24.49454],[54.399316,24.494961],[54.399423,24.495017],[54.399466,24.495009],[54.399505,24.495029],[54.399466,24.495091],[54.399549,24.495135],[54.402289,24.494629],[54.402182,24.494692],[54.401831,24.494955],[54.401557,24.495278],[54.401619,24.495317],[54.401604,24.495336],[54.401701,24.495396],[54.401737,24.495389],[54.401809,24.495439],[54.402179,24.49537],[54.402261,24.495426],[54.407203,24.494514],[54.40741,24.49464],[54.407365,24.494828],[54.407365,24.494993],[54.407424,24.495162],[54.407575,24.495349],[54.407853,24.495497],[54.408071,24.495532],[54.407996,24.495644],[54.406894,24.495031],[54.406561,24.495092],[54.406487,24.495297],[54.406393,24.495313],[54.406417,24.495276],[54.40635,24.49524],[54.406084,24.495289],[54.406039,24.495357],[54.406105,24.495393],[54.406471,24.49534],[54.406465,24.495359],[54.406296,24.49539],[54.40622,24.495455],[54.40629,24.495523],[54.406129,24.495552],[54.406046,24.495594],[54.406099,24.495682],[54.406147,24.495673],[54.406097,24.49577],[54.406004,24.495787],[54.405958,24.495852],[54.405985,24.495868],[54.406216,24.495825],[54.40628,24.495852],[54.406336,24.495842],[54.406307,24.496],[54.406223,24.496015],[54.406202,24.496007],[54.40619,24.495968],[54.405901,24.49602],[54.405921,24.496071],[54.404996,24.496242],[54.404485,24.49605],[54.403931,24.496152],[54.403862,24.496341],[54.400748,24.496915],[54.400551,24.497412],[54.400914,24.497531],[54.401978,24.497335],[54.401863,24.497613],[54.402136,24.497707],[54.401679,24.497791],[54.401418,24.4979],[54.401617,24.498292],[54.403721,24.497904],[54.403804,24.498082],[54.404358,24.49798],[54.404599,24.497783],[54.405002,24.4973],[54.405139,24.497108],[54.405452,24.49705],[54.405532,24.497337],[54.404914,24.497451],[54.404853,24.497712],[54.405114,24.497758],[54.405294,24.497725],[54.405436,24.497917],[54.405517,24.498086],[54.405568,24.498356],[54.405565,24.498779],[54.405528,24.498932],[54.405436,24.4991],[54.405358,24.499203],[54.405149,24.499396],[54.403836,24.499638],[54.403777,24.499622],[54.403582,24.499652],[54.403549,24.499625],[54.403592,24.4996],[54.40359,24.499586],[54.403634,24.499578],[54.403666,24.499552],[54.403667,24.499509],[54.403642,24.499464],[54.404056,24.499387],[54.404184,24.499391],[54.40468,24.499299],[54.404893,24.499256],[54.405087,24.49919],[54.405252,24.499057],[54.405358,24.498901],[54.40544,24.498736],[54.405445,24.498549],[54.405429,24.498461],[54.405388,24.498458],[54.405412,24.498398],[54.405332,24.498066],[54.405283,24.498019],[54.405209,24.498001],[54.404166,24.498194],[54.404081,24.49813],[54.404048,24.498136],[54.404026,24.498123],[54.404122,24.498105],[54.404135,24.498077],[54.404083,24.498057],[54.403817,24.498106],[54.403806,24.498127],[54.403645,24.498157],[54.403064,24.498397],[54.40286,24.498434],[54.40278,24.498462],[54.402753,24.498497],[54.402519,24.498549],[54.402368,24.498654],[54.40226,24.498835],[54.40225,24.499001],[54.397398,24.499896],[54.397229,24.499937],[54.397115,24.500002],[54.397009,24.50011],[54.39697,24.500176],[54.397025,24.500211],[54.39705,24.500246],[54.397063,24.50029],[54.397055,24.500349],[54.397221,24.500374],[54.397367,24.500357],[54.400995,24.499688],[54.400972,24.499718],[54.400965,24.499799],[54.400997,24.499864],[54.400726,24.500036],[54.400655,24.500055],[54.400642,24.500082],[54.400649,24.500118],[54.400716,24.500204],[54.40081,24.500252],[54.402836,24.499878],[54.402872,24.499926],[54.401642,24.500159],[54.401638,24.500194],[54.401673,24.50022],[54.401631,24.500233],[54.401644,24.500556],[54.401673,24.500559],[54.401697,24.500584],[54.401671,24.500611],[54.401675,24.500633],[54.401746,24.500679],[54.401862,24.500679],[54.402301,24.500598],[54.402341,24.500641],[54.402378,24.500644],[54.404128,24.500321],[54.404128,24.500351],[54.404407,24.500332],[54.405188,24.500172],[54.405667,24.499947],[54.405928,24.49974],[54.406255,24.499347],[54.406373,24.499138],[54.406474,24.49889],[54.406529,24.498602],[54.406545,24.49833],[54.406522,24.498107],[54.406444,24.497802],[54.405665,24.497656],[54.406,24.497594],[54.406011,24.497547],[54.406053,24.497539],[54.406089,24.497391],[54.405991,24.497375],[54.406007,24.497326],[54.40594,24.497314],[54.406491,24.497216],[54.406186,24.497273],[54.4061,24.497483],[54.406515,24.497713],[54.408709,24.497309],[54.40953,24.496918],[54.409385,24.496689],[54.408217,24.496898],[54.408244,24.496834],[54.408035,24.496764],[54.407724,24.496686],[54.407546,24.496664],[54.408299,24.496525],[54.408377,24.496615],[54.408296,24.49667],[54.408406,24.496811],[54.410179,24.496484],[54.410343,24.49638],[54.410309,24.496337],[54.410552,24.496292],[54.410775,24.496187],[54.410614,24.495998],[54.41044,24.49603],[54.410337,24.495938],[54.408869,24.496209],[54.408693,24.496072],[54.408481,24.495984],[54.408504,24.495925],[54.408263,24.495794],[54.408443,24.49553],[54.409621,24.495322],[54.409964,24.495229],[54.409867,24.495048],[54.409653,24.494565],[54.40954,24.494014],[54.409518,24.493451],[54.409564,24.493205],[54.409532,24.493029],[54.406331,24.49362],[54.406527,24.493456],[54.406131,24.493128],[54.406346,24.493088],[54.406476,24.49296],[54.406379,24.492879],[54.406113,24.492928],[54.406011,24.493028],[54.405951,24.492978],[54.406315,24.492642],[54.406142,24.492521],[54.406355,24.492421],[54.406247,24.492254],[54.405963,24.492306],[54.405092,24.492767],[54.405057,24.493052],[54.405835,24.493711],[54.404282,24.493998]],[[54.403506,24.499016],[54.403464,24.498982],[54.403434,24.49893],[54.403432,24.498848],[54.404325,24.498684],[54.404242,24.498792],[54.40383,24.498868],[54.403737,24.4989],[54.403631,24.498969],[54.403652,24.498989],[54.403506,24.499016]]]}},{"type":"Feature","properties":{},"geometry":{"type":"Polygon","coordinates":[[[54.399918,24.49302],[54.398589,24.493266],[54.398643,24.493651],[54.399374,24.493566],[54.400704,24.493321],[54.400649,24.492935],[54.399918,24.49302]]]}},{"type":"Feature","properties":{},"geometry":{"type":"Polygon","coordinates":[[[54.396073,24.498517],[54.395807,24.498566],[54.395804,24.498632],[54.395861,24.498634],[54.396127,24.498585],[54.396129,24.498519],[54.396073,24.498517]]]}},{"type":"Feature","properties":{},"geometry":{"type":"Polygon","coordinates":[[[54.395296,24.500107],[54.39528,24.500032],[54.395562,24.49998],[54.395534,24.499827],[54.395153,24.499893],[54.395176,24.50002],[54.394975,24.500058],[54.394998,24.500162],[54.395296,24.500107]]]}},{"type":"Feature","properties":{},"geometry":{"type":"Polygon","coordinates":[[[54.394603,24.500386],[54.394624,24.5005],[54.394937,24.500444],[54.394916,24.50033],[54.394603,24.500386]]]}},{"type":"Feature","properties":{},"geometry":{"type":"Polygon","coordinates":[[[54.394922,24.50055],[54.393592,24.500796],[54.393734,24.501644],[54.3943,24.501566],[54.39563,24.50132],[54.395488,24.500472],[54.394922,24.50055]]]}},{"type":"Feature","properties":{},"geometry":{"type":"Polygon","coordinates":[[[54.395661,24.501895],[54.395395,24.501944],[54.395392,24.502046],[54.395478,24.502049],[54.395744,24.502],[54.395747,24.501897],[54.395661,24.501895]]]}},{"type":"Feature","properties":{},"geometry":{"type":"Polygon","coordinates":[[[54.395441,24.502211],[54.394112,24.502457],[54.394162,24.502765],[54.394594,24.502706],[54.395924,24.502461],[54.395873,24.502153],[54.395441,24.502211]]]}},{"type":"Feature","properties":{},"geometry":{"type":"Polygon","coordinates":[[[54.405822,24.504642],[54.405875,24.504808],[54.406073,24.504771],[54.405951,24.504926],[54.406241,24.505259],[54.404498,24.505588],[54.404414,24.505869],[54.404236,24.505902],[54.40399,24.506149],[54.404264,24.506371],[54.404371,24.506352],[54.404472,24.506384],[54.405359,24.506221],[54.405381,24.506165],[54.406702,24.505922],[54.406793,24.505817],[54.406828,24.505695],[54.406787,24.505553],[54.406674,24.505453],[54.406608,24.505465],[54.40635,24.505245],[54.409349,24.504692],[54.409602,24.504402],[54.410673,24.504204],[54.410705,24.504046],[54.410233,24.503968],[54.409311,24.504138],[54.409259,24.504094],[54.406525,24.504598],[54.406525,24.504539],[54.406432,24.504537],[54.405822,24.504642]]]}},{"type":"Feature","properties":{},"geometry":{"type":"Polygon","coordinates":[[[54.397135,24.504736],[54.397141,24.504837],[54.397479,24.504785],[54.397473,24.504684],[54.397135,24.504736]]]}},{"type":"Feature","properties":{},"geometry":{"type":"Polygon","coordinates":[[[54.40287,24.507457],[54.402238,24.508556],[54.402333,24.508621],[54.405356,24.508068],[54.405862,24.507159],[54.405855,24.507079],[54.405693,24.507002],[54.407336,24.506699],[54.407629,24.506391],[54.407472,24.506231],[54.407244,24.506239],[54.405254,24.506606],[54.405345,24.506365],[54.405066,24.506279],[54.40418,24.506442],[54.404087,24.506691],[54.404264,24.506746],[54.404061,24.506783],[54.403919,24.507183],[54.404067,24.507236],[54.40287,24.507457]]]}},{"type":"Feature","properties":{},"geometry":{"type":"Polygon","coordinates":[[[54.406,24.509136],[54.406078,24.509195],[54.406344,24.509146],[54.406384,24.509101],[54.406299,24.509036],[54.406174,24.509059],[54.406232,24.508999],[54.406073,24.508842],[54.406377,24.508786],[54.406489,24.508672],[54.406268,24.508455],[54.406645,24.508385],[54.406757,24.508271],[54.406367,24.507886],[54.404239,24.508278],[54.404121,24.508385],[54.404348,24.50861],[54.40397,24.50868],[54.403853,24.508787],[54.404018,24.508951],[54.403714,24.509007],[54.403596,24.509114],[54.403993,24.509506],[54.406,24.509136]]]}},{"type":"Feature","properties":{},"geometry":{"type":"Polygon","coordinates":[[[54.405016,24.509905],[54.404683,24.509966],[54.404524,24.510099],[54.404886,24.51043],[54.406135,24.5102],[54.405905,24.510393],[54.4058,24.510465],[54.405663,24.510532],[54.405281,24.510597],[54.405045,24.510759],[54.404862,24.510944],[54.404909,24.510982],[54.405001,24.511014],[54.405105,24.511018],[54.405306,24.511022],[54.40559,24.51097],[54.405976,24.510843],[54.405982,24.510851],[54.406266,24.510799],[54.406547,24.510635],[54.406487,24.51055],[54.406524,24.510524],[54.406565,24.510262],[54.406435,24.510145],[54.407014,24.510038],[54.407179,24.509921],[54.407109,24.509856],[54.407446,24.509794],[54.40758,24.509657],[54.407475,24.509558],[54.407784,24.509501],[54.4079,24.509383],[54.407688,24.509188],[54.407812,24.509166],[54.407864,24.509122],[54.407708,24.508969],[54.407442,24.509018],[54.40739,24.509062],[54.407403,24.509075],[54.405564,24.509414],[54.405477,24.509367],[54.405279,24.509404],[54.405231,24.509371],[54.403125,24.509759],[54.402999,24.509928],[54.403147,24.510072],[54.403264,24.510051],[54.403312,24.510083],[54.404987,24.509774],[54.404932,24.509827],[54.405016,24.509905]]]}},{"type":"Feature","properties":{},"geometry":{"type":"Polygon","coordinates":[[[54.396883,24.510805],[54.397139,24.510517],[54.396934,24.510367],[54.396048,24.51053],[54.395794,24.510816],[54.395997,24.510969],[54.396883,24.510805]]]}},{"type":"Feature","properties":{},"geometry":{"type":"Polygon","coordinates":[[[54.405892,24.512081],[54.40589,24.511984],[54.406643,24.511846],[54.406769,24.511767],[54.407107,24.511705],[54.407305,24.511605],[54.407555,24.511438],[54.407539,24.511418],[54.407978,24.511337],[54.407645,24.511522],[54.407675,24.511568],[54.407401,24.511618],[54.406908,24.511895],[54.407127,24.512218],[54.408457,24.511973],[54.40895,24.511696],[54.40892,24.511652],[54.409192,24.511602],[54.409672,24.511336],[54.409483,24.511053],[54.41,24.510958],[54.410233,24.510827],[54.410212,24.510796],[54.41027,24.510774],[54.410248,24.510742],[54.410303,24.51071],[54.410208,24.510574],[54.409942,24.510623],[54.409863,24.510669],[54.409209,24.510789],[54.409014,24.5109],[54.409081,24.510998],[54.409044,24.511019],[54.409085,24.511079],[54.408191,24.511244],[54.408153,24.511197],[54.408511,24.511131],[54.409042,24.510838],[54.40903,24.510821],[54.409208,24.51078],[54.409247,24.51071],[54.409231,24.51066],[54.409185,24.510624],[54.409124,24.51062],[54.408858,24.510669],[54.408805,24.510699],[54.408786,24.510736],[54.408062,24.510865],[54.407887,24.510873],[54.407855,24.510834],[54.40771,24.510861],[54.407694,24.510841],[54.405256,24.511291],[54.405165,24.511353],[54.40519,24.511384],[54.404878,24.511558],[54.404841,24.511662],[54.404933,24.511927],[54.40346,24.512199],[54.403483,24.51245],[54.403493,24.512476],[54.403544,24.512495],[54.403779,24.512452],[54.403812,24.51249],[54.403864,24.512491],[54.405859,24.512123],[54.405892,24.512081]]]}},{"type":"Feature","properties":{},"geometry":{"type":"Polygon","coordinates":[[[54.410177,24.479934],[54.410108,24.480001],[54.410258,24.480129],[54.410524,24.48008],[54.410593,24.480014],[54.410443,24.479885],[54.410177,24.479934]]]}},{"type":"Feature","properties":{},"geometry":{"type":"Polygon","coordinates":[[[54.406771,24.479935],[54.406505,24.479984],[54.406413,24.480061],[54.406477,24.480125],[54.406743,24.480076],[54.406836,24.48],[54.406771,24.479935]]]}},{"type":"Feature","properties":{},"geometry":{"type":"Polygon","coordinates":[[[54.411484,24.481839],[54.411116,24.48152],[54.41023,24.481684],[54.410056,24.48185],[54.410137,24.48192],[54.410312,24.481894],[54.410283,24.481921],[54.410327,24.48196],[54.410374,24.481951],[54.410435,24.482004],[54.410336,24.482099],[54.41042,24.482172],[54.411307,24.482009],[54.411484,24.481839]]]}},{"type":"Feature","properties":{},"geometry":{"type":"Polygon","coordinates":[[[54.409307,24.482887],[54.409041,24.482936],[54.409046,24.48305],[54.409142,24.483047],[54.409408,24.482998],[54.409403,24.482883],[54.409307,24.482887]]]}},{"type":"Feature","properties":{},"geometry":{"type":"Polygon","coordinates":[[[54.40596,24.4859],[54.406019,24.485948],[54.40604,24.485944],[54.40628,24.486141],[54.407698,24.485879],[54.407889,24.48568],[54.407828,24.485631],[54.407797,24.485637],[54.407564,24.485445],[54.407133,24.485524],[54.407278,24.485383],[54.408489,24.48516],[54.408602,24.485076],[54.408486,24.484946],[54.408829,24.484883],[54.409038,24.484742],[54.408793,24.48444],[54.407375,24.484702],[54.407166,24.484843],[54.407272,24.484973],[54.406916,24.485039],[54.406711,24.485193],[54.406724,24.485257],[54.40694,24.485367],[54.40675,24.485552],[54.406488,24.485601],[54.406455,24.485649],[54.406146,24.485707],[54.40596,24.4859]]]}},{"type":"Feature","properties":{},"geometry":{"type":"Polygon","coordinates":[[[54.409097,24.48535],[54.409023,24.485436],[54.408847,24.485507],[54.40876,24.485589],[54.408748,24.48562],[54.408656,24.485684],[54.408697,24.485727],[54.408724,24.485722],[54.408722,24.48587],[54.408741,24.485963],[54.408821,24.486091],[54.408908,24.486167],[54.409048,24.486177],[54.409528,24.486088],[54.409928,24.486775],[54.410504,24.486668],[54.410863,24.4865],[54.410363,24.485619],[54.410402,24.485593],[54.410413,24.48552],[54.410404,24.485468],[54.410388,24.485446],[54.41025,24.485463],[54.41025,24.485442],[54.410362,24.485422],[54.410404,24.485395],[54.410434,24.485322],[54.410548,24.485276],[54.410457,24.485325],[54.410508,24.485403],[54.410774,24.485354],[54.410882,24.485296],[54.410832,24.485218],[54.410577,24.485265],[54.410978,24.485104],[54.410804,24.484786],[54.410228,24.484892],[54.409401,24.485294],[54.409097,24.48535]]]}},{"type":"Feature","properties":{},"geometry":{"type":"Polygon","coordinates":[[[54.407651,24.485895],[54.407385,24.485944],[54.407291,24.486046],[54.407339,24.486083],[54.407605,24.486034],[54.4077,24.485931],[54.407651,24.485895]]]}},{"type":"Feature","properties":{},"geometry":{"type":"Polygon","coordinates":[[[54.409092,24.488662],[54.409094,24.488685],[54.408808,24.488737],[54.408853,24.489173],[54.409321,24.489133],[54.410007,24.489006],[54.409991,24.489088],[54.409844,24.489115],[54.409831,24.489145],[54.409318,24.48924],[54.40933,24.489347],[54.409735,24.48931],[54.409767,24.489595],[54.408927,24.48975],[54.408996,24.490335],[54.409555,24.49028],[54.410885,24.490035],[54.410879,24.489985],[54.411449,24.489879],[54.411473,24.489925],[54.412803,24.48968],[54.412956,24.4896],[54.412923,24.48955],[54.413136,24.489455],[54.413177,24.489363],[54.413261,24.489348],[54.413305,24.489173],[54.412743,24.488986],[54.413489,24.488848],[54.413445,24.488556],[54.412861,24.488626],[54.412817,24.488588],[54.412638,24.488621],[54.412595,24.488585],[54.412673,24.488545],[54.412558,24.488398],[54.412634,24.488162],[54.412969,24.488101],[54.413104,24.487954],[54.412866,24.487821],[54.413524,24.4877],[54.413521,24.487621],[54.413488,24.487622],[54.413484,24.487534],[54.413516,24.487528],[54.413513,24.487454],[54.413291,24.487463],[54.4134,24.487443],[54.413388,24.487195],[54.413283,24.487199],[54.412221,24.487397],[54.412298,24.487615],[54.412465,24.487608],[54.412358,24.487628],[54.412362,24.487711],[54.412242,24.487705],[54.412159,24.487721],[54.412157,24.487708],[54.410828,24.487954],[54.410539,24.488028],[54.410252,24.488202],[54.410084,24.488375],[54.410159,24.488429],[54.409221,24.488602],[54.409225,24.488637],[54.409092,24.488662]],[[54.410642,24.489887],[54.410633,24.48993],[54.41051,24.489942],[54.410508,24.489927],[54.410457,24.489932],[54.410448,24.489851],[54.410642,24.489887]]]}},{"type":"Feature","properties":{},"geometry":{"type":"Polygon","coordinates":[[[54.406695,24.490341],[54.406723,24.490422],[54.407054,24.490352],[54.407021,24.490271],[54.406695,24.490341]]]}},{"type":"Feature","properties":{},"geometry":{"type":"Polygon","coordinates":[[[54.409526,24.491193],[54.409813,24.491197],[54.410699,24.491033],[54.410706,24.490766],[54.4106,24.490766],[54.409714,24.490929],[54.409713,24.490947],[54.40953,24.490981],[54.409526,24.491193]]]}},{"type":"Feature","properties":{},"geometry":{"type":"Polygon","coordinates":[[[54.409272,24.491156],[54.409037,24.491149],[54.408771,24.491198],[54.408771,24.491215],[54.408693,24.491229],[54.408681,24.491343],[54.408742,24.491345],[54.408741,24.491372],[54.408953,24.491378],[54.409219,24.491329],[54.409221,24.491272],[54.409268,24.491263],[54.409272,24.491156]]]}},{"type":"Feature","properties":{},"geometry":{"type":"Polygon","coordinates":[[[54.41053,24.492377],[54.41186,24.492132],[54.411887,24.491777],[54.412185,24.491729],[54.412186,24.491699],[54.412108,24.491697],[54.411891,24.491737],[54.411918,24.491382],[54.412065,24.491384],[54.413395,24.491138],[54.413397,24.490975],[54.413113,24.490971],[54.413115,24.490868],[54.413411,24.490814],[54.413413,24.490645],[54.412924,24.490639],[54.411594,24.490885],[54.411589,24.491201],[54.411435,24.491191],[54.410789,24.49131],[54.410457,24.491298],[54.409571,24.491462],[54.409557,24.491786],[54.40993,24.491799],[54.410079,24.491771],[54.410034,24.492345],[54.41053,24.492377]]]}},{"type":"Feature","properties":{},"geometry":{"type":"Polygon","coordinates":[[[54.40857,24.498709],[54.408603,24.49881],[54.408213,24.498882],[54.408225,24.499236],[54.408139,24.499601],[54.408263,24.499634],[54.408218,24.499664],[54.408168,24.499801],[54.408019,24.500285],[54.40797,24.500499],[54.408012,24.500627],[54.408103,24.500693],[54.408283,24.500724],[54.408416,24.500722],[54.409746,24.500476],[54.409871,24.500412],[54.409926,24.500296],[54.409975,24.49974],[54.410012,24.49951],[54.409978,24.499439],[54.4099,24.49938],[54.409787,24.499363],[54.409615,24.499373],[54.409309,24.499429],[54.409369,24.499214],[54.409419,24.499263],[54.409663,24.499274],[54.410489,24.499122],[54.410495,24.499157],[54.410613,24.499147],[54.411943,24.498902],[54.412125,24.498673],[54.412019,24.498054],[54.412041,24.498045],[54.41181,24.4975],[54.411496,24.497386],[54.410166,24.497631],[54.410073,24.497667],[54.410079,24.497682],[54.409468,24.497806],[54.409334,24.49792],[54.409165,24.497863],[54.407791,24.498117],[54.407616,24.498184],[54.407618,24.498644],[54.40929,24.498341],[54.409285,24.498758],[54.408993,24.498738],[54.408917,24.498752],[54.408924,24.498611],[54.408852,24.4986],[54.408586,24.498649],[54.40857,24.498709]]]}},{"type":"Feature","properties":{},"geometry":{"type":"Polygon","coordinates":[[[54.407787,24.501003],[54.407759,24.501062],[54.407797,24.501093],[54.408063,24.501044],[54.408114,24.500971],[54.408147,24.500887],[54.408085,24.500876],[54.407819,24.500925],[54.407788,24.500957],[54.407787,24.501003]]]}},{"type":"Feature","properties":{},"geometry":{"type":"Polygon","coordinates":[[[54.410544,24.501523],[54.410437,24.50152],[54.409597,24.501675],[54.40961,24.501599],[54.409605,24.501431],[54.408723,24.501471],[54.407393,24.501716],[54.407368,24.501861],[54.406695,24.501986],[54.406366,24.502648],[54.406784,24.502822],[54.408114,24.502577],[54.408277,24.502149],[54.408339,24.502137],[54.408339,24.50222],[54.408439,24.502221],[54.410433,24.501853],[54.410433,24.501816],[54.410568,24.501791],[54.410573,24.501566],[54.410542,24.501564],[54.410544,24.501523]]]}},{"type":"Feature","properties":{},"geometry":{"type":"Polygon","coordinates":[[[54.406974,24.502975],[54.40685,24.503126],[54.406913,24.503162],[54.407179,24.503113],[54.407306,24.502999],[54.407335,24.502994],[54.407403,24.502885],[54.407345,24.502871],[54.407079,24.50292],[54.407044,24.502962],[54.406974,24.502975]]]}},{"type":"Feature","properties":{},"geometry":{"type":"Polygon","coordinates":[[[54.406614,24.503413],[54.406651,24.503534],[54.406997,24.503468],[54.406943,24.503344],[54.406614,24.503413]]]}},{"type":"Feature","properties":{},"geometry":{"type":"Polygon","coordinates":[[[54.407036,24.503648],[54.40677,24.503697],[54.406719,24.503854],[54.406808,24.503878],[54.407074,24.503829],[54.407134,24.50368],[54.407036,24.503648]]]}},{"type":"Feature","properties":{},"geometry":{"type":"Polygon","coordinates":[[[54.40972,24.503497],[54.407615,24.503885],[54.407471,24.503994],[54.407803,24.50436],[54.409909,24.503972],[54.410053,24.503863],[54.40972,24.503497]]]}},{"type":"Feature","properties":{},"geometry":{"type":"Polygon","coordinates":[[[54.409472,24.506175],[54.409587,24.506114],[54.409672,24.506021],[54.409717,24.505908],[54.409719,24.505787],[54.40968,24.50568],[54.409606,24.50559],[54.409506,24.505526],[54.409388,24.505493],[54.409265,24.505495],[54.407965,24.505735],[54.407866,24.505725],[54.4076,24.505774],[54.407602,24.505868],[54.407694,24.505881],[54.407651,24.505939],[54.407617,24.506047],[54.407624,24.506167],[54.407675,24.506279],[54.407764,24.506368],[54.407881,24.506426],[54.408012,24.506444],[54.409472,24.506175]]]}},{"type":"Feature","properties":{},"geometry":{"type":"Polygon","coordinates":[[[54.410747,24.506615],[54.410678,24.506576],[54.410546,24.50654],[54.410371,24.50656],[54.409485,24.506724],[54.409412,24.506775],[54.409411,24.506824],[54.409449,24.506893],[54.409497,24.506903],[54.409615,24.506966],[54.409887,24.506956],[54.410773,24.506792],[54.410797,24.506728],[54.410732,24.506708],[54.410747,24.506615]]]}},{"type":"Feature","properties":{},"geometry":{"type":"Polygon","coordinates":[[[54.406919,24.506861],[54.406706,24.506901],[54.406609,24.506988],[54.406642,24.507022],[54.406536,24.507113],[54.40657,24.50715],[54.406464,24.507236],[54.406589,24.507352],[54.406378,24.50739],[54.406335,24.507419],[54.406455,24.50757],[54.406721,24.507521],[54.40675,24.507501],[54.406806,24.507553],[54.407019,24.507514],[54.40712,24.507428],[54.407102,24.50741],[54.407172,24.507351],[54.407231,24.50734],[54.407333,24.507251],[54.406919,24.506861]]]}},{"type":"Feature","properties":{},"geometry":{"type":"Polygon","coordinates":[[[54.409308,24.508146],[54.41011,24.507998],[54.410332,24.507855],[54.410313,24.507789],[54.410245,24.507802],[54.410204,24.507719],[54.410122,24.507721],[54.409707,24.507797],[54.409692,24.507556],[54.409481,24.507344],[54.408595,24.507508],[54.408401,24.507676],[54.408627,24.507904],[54.408611,24.507907],[54.408614,24.507964],[54.40858,24.50797],[54.408585,24.508076],[54.40889,24.508025],[54.40889,24.508014],[54.409009,24.507992],[54.408969,24.508023],[54.408938,24.508101],[54.408968,24.508144],[54.40901,24.508166],[54.408923,24.508239],[54.408965,24.508282],[54.409231,24.508233],[54.40932,24.508159],[54.409308,24.508146]]]}},{"type":"Feature","properties":{},"geometry":{"type":"Polygon","coordinates":[[[54.407167,24.507749],[54.406901,24.507798],[54.406871,24.507831],[54.406905,24.507856],[54.407171,24.507807],[54.407201,24.507774],[54.407167,24.507749]]]}},{"type":"Feature","properties":{},"geometry":{"type":"Polygon","coordinates":[[[54.409158,24.508646],[54.409334,24.508542],[54.409273,24.508456],[54.409206,24.508469],[54.409158,24.5084],[54.408271,24.508563],[54.408127,24.508648],[54.408174,24.508713],[54.4081,24.508772],[54.408118,24.508797],[54.408083,24.508819],[54.408113,24.508861],[54.408156,24.508854],[54.40817,24.508874],[54.409057,24.508711],[54.409117,24.508675],[54.409104,24.508656],[54.409158,24.508646]]]}},{"type":"Feature","properties":{},"geometry":{"type":"Polygon","coordinates":[[[54.40755,24.50889],[54.407615,24.508841],[54.407587,24.508811],[54.407321,24.50886],[54.407257,24.50891],[54.407284,24.508939],[54.40755,24.50889]]]}},{"type":"Feature","properties":{},"geometry":{"type":"Polygon","coordinates":[[[54.410005,24.509826],[54.409119,24.509989],[54.408775,24.510302],[54.40896,24.51047],[54.409847,24.510306],[54.41019,24.509994],[54.410005,24.509826]]]}},{"type":"Feature","properties":{},"geometry":{"type":"Polygon","coordinates":[[[54.410506,24.510935],[54.41043,24.510834],[54.410164,24.510883],[54.409967,24.511005],[54.410003,24.511053],[54.409828,24.511113],[54.40987,24.511186],[54.410136,24.511137],[54.410205,24.511104],[54.410196,24.511089],[54.410255,24.511078],[54.410506,24.510935]]]}},{"type":"Feature","properties":{},"geometry":{"type":"Polygon","coordinates":[[[54.411316,24.48218],[54.411676,24.482371],[54.412563,24.482207],[54.412739,24.481932],[54.412378,24.481741],[54.411492,24.481905],[54.411397,24.482052],[54.411132,24.482101],[54.411054,24.482181],[54.411085,24.482207],[54.411327,24.482162],[54.411316,24.48218]]]}},{"type":"Feature","properties":{},"geometry":{"type":"Polygon","coordinates":[[[54.411365,24.485661],[54.411468,24.48562],[54.411454,24.485589],[54.411188,24.485638],[54.411084,24.485679],[54.411099,24.48571],[54.411365,24.485661]]]}},{"type":"Feature","properties":{},"geometry":{"type":"Polygon","coordinates":[[[54.411109,24.485727],[54.411148,24.485825],[54.411471,24.485757],[54.411432,24.48566],[54.411109,24.485727]]]}},{"type":"Feature","properties":{},"geometry":{"type":"Polygon","coordinates":[[[54.414301,24.487979],[54.414301,24.488377],[54.414483,24.488377],[54.414571,24.48836],[54.41457,24.488375],[54.414702,24.488379],[54.414968,24.48833],[54.41497,24.488287],[54.41537,24.488213],[54.41537,24.488007],[54.415436,24.487995],[54.415437,24.488019],[54.415485,24.488018],[54.415738,24.487971],[54.41574,24.487993],[54.415866,24.487987],[54.415742,24.48801],[54.415744,24.488066],[54.415979,24.488059],[54.416245,24.48801],[54.416244,24.487954],[54.416116,24.487958],[54.416262,24.487931],[54.416254,24.487801],[54.416023,24.487813],[54.416102,24.487798],[54.416103,24.487769],[54.415997,24.487765],[54.415885,24.487786],[54.415887,24.487747],[54.415745,24.487767],[54.415428,24.487771],[54.415674,24.487726],[54.415671,24.487682],[54.415613,24.487685],[54.415347,24.487734],[54.415349,24.487771],[54.415123,24.487771],[54.414236,24.487935],[54.414236,24.487979],[54.414301,24.487979]],[[54.415821,24.487847],[54.415748,24.48786],[54.415748,24.487844],[54.415821,24.487847]]]}},{"type":"Feature","properties":{},"geometry":{"type":"Polygon","coordinates":[[[54.413253,24.487942],[54.413256,24.488003],[54.41359,24.487952],[54.413587,24.48789],[54.413253,24.487942]]]}},{"type":"Feature","properties":{},"geometry":{"type":"Polygon","coordinates":[[[54.415969,24.488385],[54.41588,24.488401],[54.415884,24.488438],[54.415968,24.488426],[54.415966,24.488538],[54.416261,24.488542],[54.416384,24.48852],[54.416428,24.488528],[54.416694,24.488479],[54.416696,24.488436],[54.416527,24.488457],[54.416528,24.488444],[54.416723,24.488408],[54.416725,24.488369],[54.416429,24.488419],[54.416348,24.488417],[54.416349,24.488395],[54.416749,24.488305],[54.416748,24.488248],[54.416707,24.488248],[54.41675,24.488241],[54.416746,24.488148],[54.416603,24.488148],[54.416669,24.488133],[54.416665,24.488042],[54.416594,24.488047],[54.416594,24.488033],[54.416666,24.48802],[54.416665,24.487971],[54.416443,24.487975],[54.416177,24.488024],[54.416176,24.488053],[54.416069,24.488073],[54.416082,24.488305],[54.41597,24.488326],[54.415969,24.488385]]]}},{"type":"Feature","properties":{},"geometry":{"type":"Polygon","coordinates":[[[54.415053,24.488446],[54.41517,24.488445],[54.415336,24.488414],[54.415336,24.488436],[54.41543,24.488434],[54.415696,24.488385],[54.415695,24.488336],[54.415601,24.488338],[54.415435,24.488368],[54.415435,24.488361],[54.415714,24.488311],[54.41571,24.4882],[54.415382,24.488251],[54.415384,24.488312],[54.415052,24.488363],[54.415053,24.488446]]]}},{"type":"Feature","properties":{},"geometry":{"type":"Polygon","coordinates":[[[54.414852,24.488358],[54.414586,24.488407],[54.41459,24.488527],[54.414713,24.488524],[54.414979,24.488475],[54.414976,24.488355],[54.414852,24.488358]]]}},{"type":"Feature","properties":{},"geometry":{"type":"Polygon","coordinates":[[[54.415431,24.488484],[54.415432,24.488438],[54.415146,24.488487],[54.415145,24.488533],[54.415431,24.488484]]]}},{"type":"Feature","properties":{},"geometry":{"type":"Polygon","coordinates":[[[54.415197,24.488693],[54.415199,24.488742],[54.415279,24.488739],[54.415545,24.48869],[54.415543,24.488642],[54.415463,24.488644],[54.415197,24.488693]]]}},{"type":"Feature","properties":{},"geometry":{"type":"Polygon","coordinates":[[[54.416064,24.489024],[54.416257,24.488988],[54.416252,24.488881],[54.416061,24.488912],[54.416058,24.48884],[54.415733,24.48889],[54.41574,24.48909],[54.416065,24.48904],[54.416064,24.489024]]]}},{"type":"Feature","properties":{},"geometry":{"type":"Polygon","coordinates":[[[54.415354,24.488901],[54.415358,24.489101],[54.415683,24.489051],[54.415679,24.488851],[54.415354,24.488901]]]}},{"type":"Feature","properties":{},"geometry":{"type":"Polygon","coordinates":[[[54.41561,24.489188],[54.415876,24.489139],[54.415873,24.489095],[54.415719,24.489105],[54.415453,24.489154],[54.415456,24.489196],[54.41561,24.489188]]]}},{"type":"Feature","properties":{},"geometry":{"type":"Polygon","coordinates":[[[54.415518,24.489218],[54.415516,24.489299],[54.415833,24.489251],[54.415835,24.489171],[54.415518,24.489218]]]}},{"type":"Feature","properties":{},"geometry":{"type":"Polygon","coordinates":[[[54.415416,24.489523],[54.41453,24.489687],[54.414534,24.48984],[54.415405,24.489819],[54.416292,24.489655],[54.41629,24.489586],[54.416269,24.489586],[54.416267,24.489502],[54.415416,24.489523]]]}},{"type":"Feature","properties":{},"geometry":{"type":"Polygon","coordinates":[[[54.412162,24.489998],[54.412166,24.490061],[54.412502,24.490007],[54.412498,24.489945],[54.412162,24.489998]]]}},{"type":"Feature","properties":{},"geometry":{"type":"Polygon","coordinates":[[[54.411052,24.490661],[54.410786,24.49071],[54.410785,24.490762],[54.410881,24.490763],[54.411147,24.490714],[54.411148,24.490662],[54.411052,24.490661]]]}},{"type":"Feature","properties":{},"geometry":{"type":"Polygon","coordinates":[[[54.411155,24.490795],[54.410889,24.490844],[54.410889,24.490937],[54.41091,24.490937],[54.410881,24.490943],[54.410882,24.491],[54.410957,24.490999],[54.411223,24.490949],[54.411221,24.490892],[54.4112,24.490893],[54.411224,24.490888],[54.411224,24.490795],[54.411155,24.490795]]]}},{"type":"Feature","properties":{},"geometry":{"type":"Polygon","coordinates":[[[54.411581,24.492292],[54.411315,24.492341],[54.411312,24.492429],[54.41144,24.492432],[54.411706,24.492383],[54.411709,24.492296],[54.411581,24.492292]]]}},{"type":"Feature","properties":{},"geometry":{"type":"Polygon","coordinates":[[[54.411973,24.492459],[54.411707,24.492508],[54.411706,24.492606],[54.411888,24.492607],[54.412154,24.492558],[54.412155,24.492461],[54.411973,24.492459]]]}},{"type":"Feature","properties":{},"geometry":{"type":"Polygon","coordinates":[[[54.41501,24.49686],[54.414744,24.496909],[54.414634,24.497066],[54.414726,24.49712],[54.414992,24.497071],[54.415103,24.496914],[54.41501,24.49686]]]}},{"type":"Feature","properties":{},"geometry":{"type":"Polygon","coordinates":[[[54.411149,24.502248],[54.410947,24.502245],[54.409618,24.50249],[54.409583,24.503084],[54.410026,24.50311],[54.41132,24.502871],[54.411383,24.502996],[54.411649,24.502947],[54.411733,24.502911],[54.411694,24.502834],[54.411855,24.502805],[54.411944,24.502755],[54.412209,24.502943],[54.412348,24.503096],[54.412433,24.503241],[54.413098,24.503119],[54.41317,24.503099],[54.41329,24.502809],[54.413379,24.502328],[54.412899,24.502033],[54.412741,24.501881],[54.412655,24.501769],[54.412574,24.501625],[54.412526,24.501486],[54.411982,24.501472],[54.411317,24.501595],[54.411353,24.501795],[54.4114,24.50193],[54.411473,24.502113],[54.41161,24.502342],[54.411529,24.502276],[54.411263,24.502325],[54.411191,24.502398],[54.411378,24.50255],[54.411197,24.502584],[54.411195,24.502658],[54.411155,24.502628],[54.411149,24.502248]],[[54.411354,24.502702],[54.411313,24.502695],[54.411463,24.502667],[54.41154,24.502781],[54.411355,24.502824],[54.411354,24.502702]],[[54.411712,24.50248],[54.411744,24.502518],[54.411511,24.502568],[54.411512,24.502551],[54.41167,24.502522],[54.411712,24.50248]]]}},{"type":"Feature","properties":{},"geometry":{"type":"Polygon","coordinates":[[[54.415235,24.502466],[54.41523,24.502525],[54.415522,24.502478],[54.415526,24.502419],[54.415235,24.502466]]]}},{"type":"Feature","properties":{},"geometry":{"type":"Polygon","coordinates":[[[54.415124,24.502656],[54.415126,24.502689],[54.415153,24.502688],[54.415129,24.502692],[54.415129,24.502731],[54.4152,24.502731],[54.415466,24.502682],[54.415466,24.502644],[54.415431,24.502644],[54.415469,24.502637],[54.415468,24.502603],[54.415124,24.502656]]]}},{"type":"Feature","properties":{},"geometry":{"type":"Polygon","coordinates":[[[54.415173,24.5029],[54.415181,24.50295],[54.415433,24.502906],[54.415545,24.50291],[54.415811,24.502861],[54.415815,24.502783],[54.415689,24.502779],[54.415617,24.502792],[54.415565,24.502779],[54.415461,24.502799],[54.415458,24.502778],[54.41513,24.502833],[54.415137,24.502887],[54.415422,24.502848],[54.415173,24.5029]]]}},{"type":"Feature","properties":{},"geometry":{"type":"Polygon","coordinates":[[[54.415635,24.503418],[54.415369,24.503467],[54.415366,24.503522],[54.41546,24.503526],[54.415726,24.503477],[54.415728,24.503421],[54.415635,24.503418]]]}},{"type":"Feature","properties":{},"geometry":{"type":"Polygon","coordinates":[[[54.415543,24.503608],[54.415547,24.503691],[54.415855,24.50364],[54.415852,24.503558],[54.415543,24.503608]]]}},{"type":"Feature","properties":{},"geometry":{"type":"Polygon","coordinates":[[[54.412336,24.504892],[54.414828,24.504434],[54.414902,24.504498],[54.415811,24.504331],[54.415988,24.504182],[54.415792,24.50402],[54.415439,24.50407],[54.415408,24.504032],[54.41533,24.504046],[54.415312,24.504031],[54.415424,24.504009],[54.415415,24.503972],[54.41509,24.504033],[54.415099,24.50407],[54.41494,24.5041],[54.414826,24.504005],[54.413252,24.504296],[54.413111,24.504435],[54.412317,24.504582],[54.412158,24.504739],[54.412336,24.504892]]]}},{"type":"Feature","properties":{},"geometry":{"type":"Polygon","coordinates":[[[54.415441,24.504421],[54.415175,24.50447],[54.41513,24.504506],[54.415179,24.504557],[54.415445,24.504508],[54.41549,24.504472],[54.415441,24.504421]]]}},{"type":"Feature","properties":{},"geometry":{"type":"Polygon","coordinates":[[[54.413925,24.50512],[54.413832,24.505212],[54.414009,24.505365],[54.415025,24.505178],[54.415047,24.505204],[54.415313,24.505155],[54.415377,24.50511],[54.415342,24.505069],[54.415327,24.505072],[54.415428,24.504987],[54.415288,24.504872],[54.415629,24.504809],[54.415806,24.50466],[54.41561,24.504498],[54.413253,24.50493],[54.413094,24.505087],[54.413272,24.50524],[54.413925,24.50512]]]}},{"type":"Feature","properties":{},"geometry":{"type":"Polygon","coordinates":[[[54.415518,24.504979],[54.415471,24.505015],[54.415528,24.505076],[54.415794,24.505027],[54.415841,24.50499],[54.415784,24.50493],[54.415518,24.504979]]]}},{"type":"Feature","properties":{},"geometry":{"type":"Polygon","coordinates":[[[54.411043,24.506943],[54.410977,24.506911],[54.40996,24.507101],[54.409906,24.507157],[54.409846,24.50727],[54.40984,24.50743],[54.409883,24.507503],[54.409936,24.507512],[54.410823,24.507348],[54.410904,24.507326],[54.410922,24.507285],[54.41101,24.507189],[54.411043,24.506943]]]}},{"type":"Feature","properties":{},"geometry":{"type":"Polygon","coordinates":[[[54.410813,24.508596],[54.410547,24.508646],[54.410543,24.508745],[54.410831,24.508755],[54.411097,24.508706],[54.4111,24.508608],[54.410813,24.508596]]]}},{"type":"Feature","properties":{},"geometry":{"type":"Polygon","coordinates":[[[54.41076,24.509083],[54.41076,24.509063],[54.410698,24.509064],[54.410432,24.509113],[54.41042,24.509499],[54.410458,24.5095],[54.410461,24.509593],[54.411182,24.509572],[54.411673,24.509482],[54.411678,24.509265],[54.41156,24.509263],[54.411478,24.509278],[54.41148,24.509206],[54.411694,24.509167],[54.411703,24.508958],[54.41158,24.508954],[54.411424,24.508983],[54.411248,24.508984],[54.41076,24.509083]],[[54.411291,24.509437],[54.410915,24.509444],[54.411292,24.509374],[54.411291,24.509437]]]}},{"type":"Feature","properties":{},"geometry":{"type":"Polygon","coordinates":[[[54.411089,24.50969],[54.41099,24.50973],[54.411067,24.509887],[54.411333,24.509838],[54.411432,24.509798],[54.411355,24.509641],[54.411089,24.50969]]]}},{"type":"Feature","properties":{},"geometry":{"type":"Polygon","coordinates":[[[54.410611,24.510787],[54.410637,24.510739],[54.410584,24.510715],[54.410318,24.510764],[54.410292,24.510813],[54.410345,24.510836],[54.410611,24.510787]]]}},{"type":"Feature","properties":{},"geometry":{"type":"Polygon","coordinates":[[[54.418939,24.480052],[54.418873,24.480042],[54.418607,24.480091],[54.418601,24.480127],[54.418677,24.480135],[54.418676,24.48018],[54.418714,24.480181],[54.41898,24.480132],[54.418981,24.480071],[54.418944,24.48007],[54.418939,24.480052]]]}},{"type":"Feature","properties":{},"geometry":{"type":"Polygon","coordinates":[[[54.42066,24.480236],[54.420569,24.480232],[54.420303,24.480282],[54.420296,24.480413],[54.420635,24.480437],[54.420901,24.480388],[54.420903,24.480342],[54.420695,24.480334],[54.420696,24.480302],[54.420657,24.480301],[54.42066,24.480236]]]}},{"type":"Feature","properties":{},"geometry":{"type":"Polygon","coordinates":[[[54.419929,24.480822],[54.419663,24.480871],[54.419657,24.480926],[54.419721,24.480932],[54.419987,24.480883],[54.419993,24.480828],[54.419929,24.480822]]]}},{"type":"Feature","properties":{},"geometry":{"type":"Polygon","coordinates":[[[54.419322,24.48163],[54.418982,24.481589],[54.418892,24.481605],[54.418898,24.481561],[54.418579,24.481524],[54.418313,24.481573],[54.418294,24.481708],[54.418391,24.481719],[54.418278,24.48174],[54.418284,24.48188],[54.418554,24.481857],[54.418552,24.4819],[54.418263,24.48195],[54.418264,24.481972],[54.418575,24.48192],[54.418573,24.481902],[54.418855,24.481855],[54.418862,24.481812],[54.419034,24.481833],[54.419136,24.481814],[54.419462,24.481856],[54.419728,24.481807],[54.419748,24.48167],[54.419421,24.481631],[54.419319,24.48165],[54.419322,24.48163]],[[54.418703,24.481728],[54.418701,24.481744],[54.418675,24.481744],[54.418674,24.481733],[54.418703,24.481728]]]}},{"type":"Feature","properties":{},"geometry":{"type":"Polygon","coordinates":[[[54.418826,24.482039],[54.418837,24.481991],[54.418801,24.481985],[54.418535,24.482034],[54.418523,24.482088],[54.418228,24.482133],[54.418209,24.48226],[54.418369,24.48228],[54.418365,24.482302],[54.418194,24.482334],[54.418176,24.482466],[54.41827,24.482477],[54.418168,24.482496],[54.418151,24.48263],[54.418316,24.482646],[54.41831,24.482701],[54.41813,24.482734],[54.418116,24.48287],[54.418254,24.482881],[54.4181,24.48291],[54.418095,24.483032],[54.41842,24.483044],[54.418595,24.483012],[54.418591,24.483044],[54.418923,24.483074],[54.419189,24.483025],[54.419192,24.483001],[54.419285,24.48301],[54.419422,24.482985],[54.419416,24.483034],[54.41951,24.483044],[54.419407,24.483064],[54.4194,24.483128],[54.419207,24.483164],[54.419189,24.483326],[54.419528,24.483357],[54.420249,24.483224],[54.420241,24.4833],[54.42056,24.483327],[54.420826,24.483278],[54.420839,24.483149],[54.420752,24.483142],[54.420835,24.483127],[54.420852,24.483007],[54.420544,24.48297],[54.420284,24.483018],[54.420094,24.483],[54.420003,24.483017],[54.420009,24.482973],[54.420088,24.482997],[54.420354,24.482948],[54.420368,24.482912],[54.420605,24.482939],[54.420871,24.48289],[54.420888,24.482769],[54.420754,24.482753],[54.420895,24.482727],[54.420916,24.482582],[54.420732,24.482562],[54.420926,24.482526],[54.420945,24.482404],[54.420813,24.482387],[54.420954,24.482361],[54.420967,24.48224],[54.420657,24.482212],[54.420471,24.482246],[54.420114,24.482212],[54.420207,24.482195],[54.420214,24.482152],[54.420415,24.482115],[54.420411,24.482142],[54.420721,24.482184],[54.420987,24.482135],[54.421007,24.482012],[54.420866,24.481993],[54.421032,24.481962],[54.42104,24.48183],[54.420715,24.481813],[54.420614,24.481832],[54.420621,24.481788],[54.420283,24.481748],[54.4202,24.481763],[54.420202,24.48172],[54.42007,24.481706],[54.419804,24.481755],[54.419798,24.481818],[54.419896,24.481819],[54.419397,24.481911],[54.41939,24.481959],[54.419294,24.481947],[54.419028,24.481996],[54.419021,24.482044],[54.418884,24.482029],[54.418826,24.482039]],[[54.420378,24.481999],[54.420083,24.482046],[54.420442,24.48198],[54.420441,24.481995],[54.420537,24.482],[54.42045,24.482016],[54.420378,24.481999]],[[54.419977,24.482467],[54.419975,24.482479],[54.419933,24.482475],[54.419977,24.482467]],[[54.420215,24.482518],[54.420173,24.482526],[54.420174,24.482513],[54.420215,24.482518]],[[54.420353,24.482517],[54.420351,24.482528],[54.420313,24.482524],[54.420353,24.482517]],[[54.418867,24.482186],[54.418806,24.482197],[54.418808,24.482179],[54.418867,24.482186]],[[54.41871,24.482823],[54.418712,24.482809],[54.418741,24.482817],[54.41871,24.482823]],[[54.418849,24.482856],[54.418851,24.482817],[54.418801,24.482815],[54.418906,24.482796],[54.418932,24.482803],[54.418929,24.482824],[54.419031,24.482834],[54.418979,24.482844],[54.418976,24.482861],[54.418849,24.482856]],[[54.419524,24.482824],[54.419476,24.482819],[54.419526,24.48281],[54.419524,24.482824]],[[54.420308,24.482809],[54.420305,24.482832],[54.420104,24.482866],[54.420113,24.482806],[54.420248,24.48282],[54.420308,24.482809]],[[54.420032,24.482883],[54.420015,24.482928],[54.420021,24.482886],[54.420032,24.482883]]]}},{"type":"Feature","properties":{},"geometry":{"type":"Polygon","coordinates":[[[54.417238,24.487724],[54.416972,24.487773],[54.416973,24.487818],[54.417059,24.487818],[54.417325,24.487769],[54.417324,24.487723],[54.417238,24.487724]]]}},{"type":"Feature","properties":{},"geometry":{"type":"Polygon","coordinates":[[[54.41933,24.489268],[54.419077,24.489314],[54.419077,24.489301],[54.418987,24.489305],[54.418721,24.489354],[54.418728,24.489478],[54.418817,24.489474],[54.419083,24.489425],[54.41908,24.489355],[54.419325,24.48934],[54.419326,24.489369],[54.419429,24.489368],[54.419695,24.489319],[54.419694,24.489265],[54.41954,24.489276],[54.41954,24.489259],[54.41933,24.489268]]]}},{"type":"Feature","properties":{},"geometry":{"type":"Polygon","coordinates":[[[54.419557,24.489378],[54.419291,24.489427],[54.419288,24.48953],[54.419392,24.489532],[54.419658,24.489483],[54.419661,24.489381],[54.419557,24.489378]]]}},{"type":"Feature","properties":{},"geometry":{"type":"Polygon","coordinates":[[[54.418891,24.489589],[54.4189,24.489661],[54.419193,24.489609],[54.419183,24.489537],[54.418891,24.489589]]]}},{"type":"Feature","properties":{},"geometry":{"type":"Polygon","coordinates":[[[54.419563,24.489776],[54.419297,24.489825],[54.419298,24.48987],[54.419419,24.489868],[54.419685,24.489819],[54.419684,24.489774],[54.419563,24.489776]]]}},{"type":"Feature","properties":{},"geometry":{"type":"Polygon","coordinates":[[[54.418974,24.49036],[54.419121,24.490345],[54.419121,24.490354],[54.419172,24.490352],[54.419309,24.490327],[54.419313,24.490347],[54.419662,24.490293],[54.419659,24.490172],[54.419433,24.490206],[54.419432,24.490181],[54.419381,24.490183],[54.419115,24.490232],[54.419118,24.490299],[54.418973,24.490326],[54.418974,24.49036]]]}},{"type":"Feature","properties":{},"geometry":{"type":"Polygon","coordinates":[[[54.416314,24.502023],[54.416294,24.502065],[54.416172,24.502113],[54.416367,24.502253],[54.417254,24.502089],[54.41747,24.501885],[54.41724,24.501685],[54.416353,24.501849],[54.416276,24.501921],[54.416325,24.501974],[54.416306,24.501977],[54.416314,24.502023]]]}},{"type":"Feature","properties":{},"geometry":{"type":"Polygon","coordinates":[[[54.417577,24.502387],[54.417619,24.50236],[54.41759,24.502323],[54.417324,24.502372],[54.417282,24.5024],[54.417311,24.502436],[54.417577,24.502387]]]}},{"type":"Feature","properties":{},"geometry":{"type":"Polygon","coordinates":[[[54.417908,24.502427],[54.417952,24.50252],[54.418218,24.502471],[54.41842,24.502393],[54.418376,24.5023],[54.41811,24.502349],[54.417908,24.502427]]]}},{"type":"Feature","properties":{},"geometry":{"type":"Polygon","coordinates":[[[54.417619,24.502502],[54.417595,24.502527],[54.417642,24.502563],[54.417908,24.502514],[54.417932,24.502489],[54.417885,24.502453],[54.417619,24.502502]]]}},{"type":"Feature","properties":{},"geometry":{"type":"Polygon","coordinates":[[[54.417421,24.502442],[54.417155,24.502491],[54.417155,24.502605],[54.417234,24.502611],[54.4175,24.502562],[54.417504,24.502442],[54.417421,24.502442]]]}},{"type":"Feature","properties":{},"geometry":{"type":"Polygon","coordinates":[[[54.416892,24.50263],[54.416626,24.502679],[54.416627,24.502703],[54.41673,24.502701],[54.416996,24.502652],[54.416995,24.502628],[54.416892,24.50263]]]}},{"type":"Feature","properties":{},"geometry":{"type":"Polygon","coordinates":[[[54.417054,24.502721],[54.417054,24.502707],[54.416945,24.502702],[54.416679,24.502751],[54.416676,24.502811],[54.416793,24.502815],[54.416794,24.502843],[54.417036,24.502834],[54.417408,24.502771],[54.417402,24.50271],[54.417054,24.502721]]]}},{"type":"Feature","properties":{},"geometry":{"type":"Polygon","coordinates":[[[54.417372,24.503102],[54.417374,24.50306],[54.417267,24.503056],[54.417001,24.503105],[54.416999,24.503147],[54.417106,24.503151],[54.417372,24.503102]]]}},{"type":"Feature","properties":{},"geometry":{"type":"Polygon","coordinates":[[[54.417465,24.503137],[54.417199,24.503186],[54.417195,24.503276],[54.417339,24.503278],[54.417605,24.503229],[54.417604,24.503168],[54.417525,24.503174],[54.417526,24.503139],[54.417465,24.503137]]]}},{"type":"Feature","properties":{},"geometry":{"type":"Polygon","coordinates":[[[54.417398,24.503618],[54.417391,24.503835],[54.41769,24.503787],[54.417698,24.50357],[54.417398,24.503618]]]}}]}