{"type":"FeatureCollection","features":[{"type":"Feature","properties":{},"geometry":{"type":"Polygon","coordinates":[[[54.378661,24.480088],[54.378831,24.479933],[54.378693,24.479808],[54.378413,24.479901],[54.378243,24.480055],[54.378257,24.480067],[54.378214,24.480082],[54.378029,24.480249],[54.378171,24.480378],[54.37845,24.480285],[54.378635,24.480118],[54.378618,24.480103],[54.378661,24.480088]]]}},{"type":"Feature","properties":{},"geometry":{"type":"Polygon","coordinates":[[[54.37808,24.48035],[54.377801,24.480442],[54.377618,24.480613],[54.377649,24.48064],[54.377611,24.480653],[54.377442,24.480806],[54.377562,24.480916],[54.377841,24.480823],[54.37801,24.48067],[54.377996,24.480657],[54.378037,24.480644],[54.37822,24.480473],[54.37808,24.48035]]]}},{"type":"Feature","properties":{},"geometry":{"type":"Polygon","coordinates":[[[54.37797,24.481982],[54.377841,24.482139],[54.378102,24.482316],[54.3782,24.482283],[54.378307,24.482356],[54.378436,24.482313],[54.378499,24.482356],[54.378648,24.482306],[54.378685,24.482262],[54.378546,24.482168],[54.378601,24.48215],[54.378617,24.482131],[54.378639,24.482145],[54.378788,24.482096],[54.379013,24.481822],[54.378997,24.481811],[54.379041,24.481797],[54.379266,24.481523],[54.379183,24.481467],[54.379076,24.481502],[54.379091,24.481485],[54.37889,24.481342],[54.378818,24.481366],[54.378861,24.481314],[54.378902,24.481342],[54.379052,24.481293],[54.379083,24.481255],[54.379289,24.48141],[54.379787,24.481244],[54.379958,24.481057],[54.379724,24.480881],[54.379577,24.48093],[54.379794,24.480674],[54.379936,24.480627],[54.379852,24.480724],[54.379925,24.480776],[54.380074,24.480726],[54.380315,24.480447],[54.380289,24.480429],[54.380351,24.480408],[54.38059,24.480132],[54.380512,24.480076],[54.380381,24.480119],[54.380403,24.480078],[54.380484,24.480051],[54.380579,24.479946],[54.380394,24.479808],[54.380244,24.479858],[54.380149,24.479963],[54.380188,24.479992],[54.37975,24.480138],[54.379567,24.480357],[54.379617,24.480392],[54.379577,24.480405],[54.379519,24.480469],[54.379624,24.480549],[54.379523,24.480582],[54.37945,24.480531],[54.378952,24.480696],[54.378709,24.480983],[54.378836,24.481072],[54.37896,24.481031],[54.379068,24.481107],[54.379214,24.481059],[54.379117,24.481165],[54.378954,24.481053],[54.378804,24.481103],[54.378713,24.481213],[54.37874,24.481232],[54.378672,24.481255],[54.378447,24.481528],[54.378466,24.481542],[54.378417,24.481558],[54.378192,24.481832],[54.378267,24.481883],[54.37797,24.481982]],[[54.378469,24.481816],[54.378433,24.481828],[54.378649,24.481564],[54.378638,24.481548],[54.378819,24.481677],[54.378933,24.481639],[54.378809,24.48179],[54.378824,24.481801],[54.37878,24.481815],[54.378669,24.481952],[54.378469,24.481816]],[[54.379995,24.480558],[54.379966,24.480536],[54.380033,24.480514],[54.379995,24.480558]],[[54.380125,24.480434],[54.380141,24.480415],[54.380155,24.480424],[54.380125,24.480434]]]}},{"type":"Feature","properties":{},"geometry":{"type":"Polygon","coordinates":[[[54.37798,24.482348],[54.377232,24.482596],[54.376859,24.483047],[54.37713,24.483232],[54.377879,24.482984],[54.378251,24.482533],[54.37798,24.482348]]]}},{"type":"Feature","properties":{},"geometry":{"type":"Polygon","coordinates":[[[54.378838,24.483412],[54.37893,24.483304],[54.378654,24.483109],[54.378504,24.483159],[54.378412,24.483267],[54.378689,24.483462],[54.378838,24.483412]]]}},{"type":"Feature","properties":{},"geometry":{"type":"Polygon","coordinates":[[[54.379067,24.483488],[54.378917,24.483538],[54.378889,24.483653],[54.379001,24.483677],[54.379151,24.483627],[54.37918,24.483511],[54.379067,24.483488]]]}},{"type":"Feature","properties":{},"geometry":{"type":"Polygon","coordinates":[[[54.37834,24.48345],[54.378245,24.483481],[54.378225,24.48347],[54.377477,24.483719],[54.377337,24.48389],[54.377361,24.484108],[54.377846,24.484444],[54.3779,24.484426],[54.377874,24.484463],[54.378058,24.484593],[54.378105,24.484578],[54.37808,24.484607],[54.378264,24.484739],[54.378327,24.484718],[54.378293,24.484758],[54.378472,24.484886],[54.378541,24.484863],[54.378502,24.48491],[54.378689,24.485037],[54.378749,24.485017],[54.378718,24.485053],[54.378908,24.485191],[54.378956,24.485175],[54.378931,24.485204],[54.379116,24.485337],[54.379068,24.485393],[54.379243,24.485516],[54.379341,24.485483],[54.37927,24.485567],[54.379451,24.485694],[54.379511,24.485674],[54.379468,24.485723],[54.379656,24.48586],[54.379828,24.485803],[54.3798,24.485834],[54.379953,24.485948],[54.379901,24.486008],[54.380079,24.486138],[54.38026,24.486078],[54.380225,24.486119],[54.380406,24.486249],[54.380419,24.486244],[54.380601,24.486389],[54.380761,24.486336],[54.380877,24.486206],[54.380689,24.486067],[54.380671,24.486073],[54.380496,24.485937],[54.380437,24.485957],[54.380454,24.485938],[54.380275,24.485807],[54.380215,24.485827],[54.380255,24.485783],[54.380077,24.485651],[54.380022,24.485669],[54.380053,24.485633],[54.379864,24.485497],[54.379801,24.485518],[54.379835,24.485477],[54.379655,24.48535],[54.379517,24.485396],[54.379585,24.485315],[54.37941,24.485193],[54.37934,24.485216],[54.379388,24.485161],[54.3792,24.485025],[54.379153,24.485041],[54.379186,24.485003],[54.378995,24.484865],[54.378928,24.484887],[54.378957,24.484851],[54.37877,24.484724],[54.378706,24.484746],[54.378742,24.484704],[54.378563,24.484576],[54.3785,24.484597],[54.378538,24.484554],[54.378354,24.484422],[54.378305,24.484438],[54.378862,24.484247],[54.379146,24.483911],[54.379111,24.483892],[54.379231,24.483852],[54.379272,24.483778],[54.379349,24.483753],[54.379436,24.48367],[54.379371,24.483614],[54.379221,24.483663],[54.379134,24.483746],[54.379149,24.483759],[54.379102,24.483774],[54.37909,24.483797],[54.379023,24.48375],[54.378976,24.483737],[54.378902,24.483746],[54.378871,24.483726],[54.378765,24.483761],[54.37881,24.483709],[54.378765,24.483677],[54.378615,24.483727],[54.378513,24.483845],[54.378399,24.483883],[54.378312,24.483821],[54.378543,24.483744],[54.378629,24.48365],[54.37834,24.48345]]]}},{"type":"Feature","properties":{},"geometry":{"type":"Polygon","coordinates":[[[54.379244,24.486282],[54.37927,24.486243],[54.379211,24.486209],[54.379061,24.486259],[54.379035,24.486298],[54.379094,24.486332],[54.379244,24.486282]]]}},{"type":"Feature","properties":{},"geometry":{"type":"Polygon","coordinates":[[[54.378795,24.486577],[54.378817,24.486542],[54.378744,24.486504],[54.378594,24.486554],[54.378572,24.486589],[54.378645,24.486626],[54.378795,24.486577]]]}},{"type":"Feature","properties":{},"geometry":{"type":"Polygon","coordinates":[[[54.377265,24.487072],[54.377117,24.48724],[54.377204,24.487303],[54.377325,24.487263],[54.377428,24.487337],[54.377343,24.487435],[54.377398,24.487475],[54.377351,24.487529],[54.377538,24.487665],[54.377614,24.487639],[54.377627,24.487649],[54.377537,24.487751],[54.377683,24.487857],[54.377355,24.488232],[54.377301,24.488195],[54.376802,24.488361],[54.376745,24.488429],[54.377544,24.488985],[54.378043,24.488819],[54.3781,24.488752],[54.377847,24.488575],[54.37789,24.488561],[54.378612,24.487736],[54.378887,24.487936],[54.379001,24.487898],[54.378975,24.487926],[54.378962,24.487917],[54.378463,24.488082],[54.378337,24.48824],[54.378558,24.488387],[54.379057,24.488221],[54.379183,24.488063],[54.379093,24.488003],[54.379217,24.487962],[54.379254,24.487922],[54.379155,24.487847],[54.379207,24.48783],[54.37933,24.487689],[54.3793,24.487667],[54.379473,24.48747],[54.379086,24.48719],[54.379041,24.487205],[54.378887,24.487093],[54.37899,24.486976],[54.378791,24.486831],[54.378472,24.486937],[54.378267,24.487171],[54.378152,24.487205],[54.378178,24.487176],[54.378058,24.487089],[54.377956,24.487122],[54.377885,24.487071],[54.377709,24.487129],[54.377671,24.487102],[54.378181,24.486933],[54.37847,24.486562],[54.3786,24.486519],[54.37882,24.486237],[54.37878,24.486211],[54.378835,24.48614],[54.378537,24.485947],[54.377789,24.486195],[54.377157,24.487003],[54.377265,24.487072]]]}},{"type":"Feature","properties":{},"geometry":{"type":"Polygon","coordinates":[[[54.378211,24.486996],[54.378361,24.486946],[54.378587,24.486668],[54.378541,24.48664],[54.378391,24.48669],[54.378178,24.486975],[54.378211,24.486996]]]}},{"type":"Feature","properties":{},"geometry":{"type":"Polygon","coordinates":[[[54.378014,24.488858],[54.377967,24.488914],[54.378169,24.489056],[54.378318,24.489006],[54.378366,24.48895],[54.378164,24.488808],[54.378014,24.488858]]]}},{"type":"Feature","properties":{},"geometry":{"type":"Polygon","coordinates":[[[54.379075,24.48969],[54.378926,24.489739],[54.378876,24.489795],[54.378906,24.489817],[54.379055,24.489768],[54.379105,24.489712],[54.379075,24.48969]]]}},{"type":"Feature","properties":{},"geometry":{"type":"Polygon","coordinates":[[[54.378013,24.490624],[54.377858,24.490807],[54.37799,24.4909],[54.378048,24.490881],[54.378028,24.490905],[54.37805,24.49092],[54.377658,24.49105],[54.377508,24.491226],[54.377549,24.491255],[54.377362,24.491317],[54.377217,24.491488],[54.377329,24.491567],[54.377116,24.491638],[54.376932,24.491852],[54.37717,24.492021],[54.378008,24.491743],[54.378192,24.491529],[54.377976,24.491376],[54.37819,24.491305],[54.378336,24.491134],[54.3783,24.491109],[54.378407,24.491073],[54.378556,24.490897],[54.378546,24.49089],[54.378624,24.490864],[54.378784,24.490666],[54.378754,24.490646],[54.378789,24.490635],[54.378943,24.490452],[54.378867,24.490399],[54.379049,24.490338],[54.379138,24.490231],[54.379444,24.490129],[54.379649,24.489887],[54.379385,24.489702],[54.378964,24.489842],[54.378939,24.489813],[54.37879,24.489863],[54.378754,24.489912],[54.378667,24.489941],[54.378461,24.490182],[54.378521,24.490224],[54.378227,24.490322],[54.378066,24.490517],[54.378154,24.490577],[54.378013,24.490624]]]}},{"type":"Feature","properties":{},"geometry":{"type":"Polygon","coordinates":[[[54.378521,24.491333],[54.378354,24.491389],[54.378198,24.491572],[54.378294,24.49164],[54.378095,24.491706],[54.377981,24.491848],[54.378239,24.49202],[54.378458,24.491947],[54.37841,24.492005],[54.378595,24.492135],[54.378914,24.492028],[54.379001,24.491926],[54.378936,24.49188],[54.379226,24.491775],[54.379343,24.491859],[54.379291,24.492092],[54.379381,24.492108],[54.37936,24.492132],[54.379774,24.492433],[54.379756,24.492454],[54.379602,24.492348],[54.379536,24.492369],[54.379573,24.492326],[54.379385,24.492196],[54.379065,24.492302],[54.378974,24.492412],[54.379162,24.492542],[54.379227,24.49252],[54.379195,24.492558],[54.379382,24.492688],[54.37934,24.492738],[54.379535,24.492873],[54.379622,24.492844],[54.379594,24.492878],[54.379784,24.493009],[54.379843,24.492989],[54.379802,24.493038],[54.380001,24.493176],[54.380029,24.493167],[54.379956,24.493255],[54.380168,24.493402],[54.380437,24.493313],[54.380383,24.493377],[54.380604,24.493529],[54.380547,24.493597],[54.380722,24.493718],[54.380659,24.493793],[54.380967,24.494006],[54.381446,24.493847],[54.381485,24.4938],[54.38152,24.493823],[54.381268,24.493907],[54.381105,24.494103],[54.381246,24.494201],[54.381605,24.494081],[54.381769,24.493886],[54.381653,24.493806],[54.381986,24.493695],[54.382077,24.493579],[54.381858,24.493436],[54.381683,24.493494],[54.381845,24.493311],[54.381833,24.493302],[54.381863,24.493292],[54.382002,24.493135],[54.382094,24.493196],[54.382533,24.493051],[54.382641,24.492917],[54.382454,24.492792],[54.382737,24.492698],[54.382896,24.492513],[54.382877,24.4925],[54.382925,24.492484],[54.38308,24.492305],[54.382945,24.492208],[54.382483,24.492361],[54.382339,24.492265],[54.382278,24.492285],[54.382311,24.492244],[54.382121,24.492116],[54.382016,24.492151],[54.382094,24.492056],[54.381939,24.491952],[54.382074,24.491907],[54.38225,24.4917],[54.382108,24.4916],[54.381669,24.491746],[54.381493,24.491953],[54.381533,24.491981],[54.381395,24.492027],[54.381283,24.492165],[54.381438,24.492269],[54.381195,24.49235],[54.381043,24.492534],[54.38115,24.492607],[54.381136,24.492623],[54.381148,24.492632],[54.380913,24.49271],[54.380771,24.492869],[54.380809,24.492897],[54.38075,24.492916],[54.380625,24.493057],[54.380506,24.492976],[54.380399,24.493011],[54.380451,24.492949],[54.380251,24.492811],[54.380193,24.49283],[54.380199,24.492823],[54.380634,24.492679],[54.381183,24.492023],[54.381075,24.491948],[54.38142,24.491834],[54.38153,24.491705],[54.381456,24.491653],[54.381587,24.49161],[54.381777,24.491408],[54.381646,24.49132],[54.381287,24.491439],[54.381234,24.491495],[54.3807,24.491116],[54.380595,24.491151],[54.38065,24.491086],[54.380519,24.490994],[54.380685,24.490939],[54.380867,24.490726],[54.380733,24.490631],[54.380373,24.49075],[54.380192,24.490963],[54.380257,24.49101],[54.380091,24.491065],[54.379991,24.491183],[54.380005,24.491193],[54.379602,24.491327],[54.379431,24.491522],[54.379465,24.491546],[54.379379,24.491574],[54.379359,24.491597],[54.379343,24.491585],[54.379371,24.491576],[54.379518,24.491403],[54.379496,24.491388],[54.379534,24.491376],[54.379684,24.491204],[54.37967,24.491194],[54.379697,24.491185],[54.379847,24.491013],[54.379774,24.49096],[54.380071,24.490861],[54.380184,24.490727],[54.380041,24.490628],[54.3802,24.490575],[54.380366,24.490379],[54.38025,24.490298],[54.37989,24.490417],[54.379835,24.490482],[54.379656,24.490357],[54.379798,24.49031],[54.379963,24.490114],[54.379847,24.490032],[54.379448,24.490165],[54.379282,24.49036],[54.379396,24.49044],[54.379294,24.490474],[54.379191,24.490596],[54.379262,24.490646],[54.378929,24.490756],[54.378758,24.490952],[54.378793,24.490978],[54.378667,24.491126],[54.378682,24.491136],[54.378649,24.491147],[54.378499,24.491318],[54.378521,24.491333]],[[54.378797,24.491498],[54.378905,24.491371],[54.378944,24.491398],[54.379094,24.491348],[54.379147,24.491285],[54.37909,24.491245],[54.378993,24.491278],[54.379133,24.491118],[54.379119,24.491108],[54.379154,24.491097],[54.379296,24.49093],[54.379358,24.490899],[54.379461,24.490971],[54.379379,24.490998],[54.379325,24.491062],[54.379345,24.491076],[54.379221,24.491219],[54.37924,24.491233],[54.379097,24.491396],[54.379117,24.49141],[54.379078,24.491424],[54.378936,24.4916],[54.37875,24.491662],[54.378726,24.491689],[54.378559,24.491577],[54.378797,24.491498]],[[54.380304,24.492112],[54.3804,24.492003],[54.380334,24.491954],[54.380455,24.491914],[54.380467,24.491851],[54.380515,24.491835],[54.380531,24.491744],[54.380608,24.491798],[54.380358,24.492097],[54.379967,24.492227],[54.379825,24.492123],[54.380016,24.49206],[54.380154,24.492161],[54.380304,24.492112]],[[54.380094,24.491433],[54.380026,24.491456],[54.380161,24.491302],[54.380071,24.491417],[54.380094,24.491433]],[[54.381698,24.492288],[54.381727,24.492278],[54.381712,24.492297],[54.381698,24.492288]],[[54.381418,24.493583],[54.381406,24.493598],[54.381396,24.49359],[54.381418,24.493583]],[[54.381037,24.493356],[54.380988,24.493372],[54.381019,24.493335],[54.380784,24.493173],[54.380635,24.493223],[54.380689,24.493158],[54.380699,24.493166],[54.380899,24.493099],[54.381051,24.493211],[54.38109,24.493198],[54.381069,24.493221],[54.381261,24.493362],[54.381409,24.493313],[54.38126,24.493497],[54.381211,24.493508],[54.381228,24.493488],[54.381037,24.493356]],[[54.381204,24.492882],[54.381212,24.492872],[54.381192,24.492858],[54.381251,24.492838],[54.381309,24.492773],[54.381359,24.492807],[54.381445,24.492779],[54.381421,24.492807],[54.381614,24.492937],[54.381786,24.492879],[54.381737,24.492935],[54.38162,24.492974],[54.381567,24.493032],[54.38152,24.492998],[54.381481,24.493011],[54.381502,24.492988],[54.38131,24.492847],[54.381204,24.492882]],[[54.381864,24.492471],[54.381925,24.492451],[54.381892,24.492492],[54.382082,24.49262],[54.382313,24.492543],[54.382344,24.49257],[54.38226,24.49266],[54.382245,24.492648],[54.382101,24.492696],[54.381908,24.492567],[54.381863,24.492582],[54.381915,24.492518],[54.381718,24.492385],[54.381618,24.492419],[54.381678,24.492346],[54.381864,24.492471]]]}},{"type":"Feature","properties":{},"geometry":{"type":"Polygon","coordinates":[[[54.377392,24.492675],[54.377277,24.492803],[54.377528,24.492988],[54.378007,24.492829],[54.378121,24.492701],[54.377871,24.492515],[54.377392,24.492675]]]}},{"type":"Feature","properties":{},"geometry":{"type":"Polygon","coordinates":[[[54.377008,24.494175],[54.376805,24.494415],[54.377018,24.494564],[54.377347,24.494454],[54.377328,24.494476],[54.377474,24.494581],[54.377237,24.494659],[54.377127,24.494786],[54.377319,24.494925],[54.377437,24.494886],[54.377371,24.494961],[54.377564,24.495101],[54.377643,24.495074],[54.377727,24.495134],[54.377399,24.495243],[54.377293,24.495367],[54.377484,24.495502],[54.377631,24.495453],[54.377539,24.49556],[54.377624,24.49562],[54.376655,24.495942],[54.376398,24.496247],[54.376616,24.4964],[54.377926,24.495965],[54.378181,24.495658],[54.378287,24.495623],[54.378431,24.495445],[54.378393,24.49542],[54.378475,24.495393],[54.378635,24.495209],[54.378683,24.495243],[54.378586,24.495361],[54.378732,24.495461],[54.378767,24.49545],[54.378625,24.495615],[54.378664,24.495642],[54.378371,24.495739],[54.378272,24.495864],[54.377154,24.496235],[54.376942,24.496494],[54.377158,24.49664],[54.377589,24.496497],[54.377603,24.496507],[54.378602,24.496175],[54.378487,24.496315],[54.378535,24.496348],[54.377496,24.496693],[54.37738,24.496835],[54.377647,24.497017],[54.377912,24.496929],[54.377866,24.496984],[54.377923,24.497023],[54.377597,24.497131],[54.37749,24.497251],[54.377733,24.49743],[54.377544,24.497493],[54.377437,24.497613],[54.377573,24.497713],[54.377485,24.497811],[54.37761,24.497903],[54.377473,24.497949],[54.377279,24.498167],[54.377396,24.498254],[54.378194,24.497989],[54.378389,24.49777],[54.378346,24.497739],[54.378523,24.49768],[54.3788,24.49737],[54.3786,24.497223],[54.378097,24.497389],[54.378044,24.49735],[54.378313,24.49726],[54.37842,24.497141],[54.378304,24.497055],[54.378394,24.497026],[54.378509,24.497109],[54.379576,24.496755],[54.379773,24.496886],[54.379979,24.496818],[54.379873,24.496948],[54.379973,24.497016],[54.379952,24.497041],[54.380408,24.497357],[54.380528,24.497317],[54.380932,24.496834],[54.3809,24.496811],[54.381073,24.496754],[54.381237,24.496554],[54.381201,24.496529],[54.381299,24.496497],[54.38146,24.496299],[54.38141,24.496265],[54.381515,24.49623],[54.381675,24.496032],[54.381632,24.496003],[54.381737,24.495968],[54.381897,24.49577],[54.381682,24.495626],[54.381516,24.495681],[54.381615,24.495559],[54.3814,24.495415],[54.380402,24.495746],[54.380242,24.495945],[54.380457,24.496088],[54.380623,24.496033],[54.380524,24.496156],[54.380567,24.496185],[54.380462,24.496219],[54.380376,24.496325],[54.379822,24.49651],[54.379689,24.496413],[54.37974,24.496396],[54.379924,24.496173],[54.379903,24.496159],[54.379957,24.496141],[54.380348,24.495671],[54.380311,24.495645],[54.380389,24.495619],[54.380497,24.495491],[54.380745,24.495409],[54.380931,24.495189],[54.3808,24.495098],[54.380665,24.495143],[54.380798,24.494986],[54.380594,24.494844],[54.380228,24.494965],[54.380129,24.494895],[54.380678,24.494713],[54.380794,24.49458],[54.380561,24.494411],[54.380416,24.49446],[54.380487,24.494377],[54.380234,24.494196],[54.379967,24.494284],[54.3798,24.494163],[54.379321,24.494322],[54.379253,24.4944],[54.379365,24.494253],[54.379191,24.494144],[54.379541,24.494028],[54.379712,24.493834],[54.378641,24.493079],[54.378272,24.493201],[54.37835,24.493114],[54.378141,24.492959],[54.376894,24.493373],[54.376708,24.49358],[54.376917,24.493735],[54.377414,24.49357],[54.377344,24.493651],[54.377551,24.493802],[54.377728,24.493743],[54.377635,24.493856],[54.377744,24.49393],[54.377008,24.494175]],[[54.378611,24.495185],[54.378602,24.495178],[54.378604,24.495178],[54.378611,24.495185]],[[54.378912,24.49455],[54.379209,24.494451],[54.379147,24.494522],[54.379204,24.494563],[54.37912,24.494662],[54.379251,24.494755],[54.378782,24.494911],[54.37873,24.494874],[54.378857,24.494832],[54.379029,24.494632],[54.378912,24.49455]],[[54.378964,24.496012],[54.379005,24.495965],[54.379032,24.495956],[54.379064,24.495979],[54.378964,24.496012]]]}},{"type":"Feature","properties":{},"geometry":{"type":"Polygon","coordinates":[[[54.378171,24.498025],[54.377652,24.498197],[54.377458,24.498416],[54.377479,24.49843],[54.377141,24.498543],[54.376965,24.498739],[54.3771,24.498838],[54.377898,24.498573],[54.378057,24.498368],[54.37803,24.498348],[54.378096,24.498326],[54.378263,24.4981],[54.378171,24.498025]]]}},{"type":"Feature","properties":{},"geometry":{"type":"Polygon","coordinates":[[[54.378529,24.498706],[54.378547,24.498752],[54.378767,24.498679],[54.378748,24.498633],[54.378529,24.498706]]]}},{"type":"Feature","properties":{},"geometry":{"type":"Polygon","coordinates":[[[54.378728,24.498949],[54.378841,24.498827],[54.378741,24.498751],[54.378592,24.4988],[54.378477,24.498922],[54.378534,24.498965],[54.378394,24.499011],[54.378314,24.499093],[54.378376,24.499144],[54.378595,24.499077],[54.378635,24.499036],[54.378587,24.498996],[54.378728,24.498949]]]}},{"type":"Feature","properties":{},"geometry":{"type":"Polygon","coordinates":[[[54.377974,24.501545],[54.378174,24.501332],[54.377961,24.501167],[54.37685,24.501535],[54.376651,24.501747],[54.376864,24.501913],[54.377974,24.501545]]]}},{"type":"Feature","properties":{},"geometry":{"type":"Polygon","coordinates":[[[54.377836,24.502074],[54.378036,24.50187],[54.37789,24.501751],[54.377141,24.501999],[54.376941,24.502203],[54.377087,24.502322],[54.377836,24.502074]]]}},{"type":"Feature","properties":{},"geometry":{"type":"Polygon","coordinates":[[[54.377996,24.502449],[54.378186,24.502251],[54.378018,24.502117],[54.37707,24.502431],[54.37688,24.502629],[54.376998,24.502723],[54.376908,24.502753],[54.376804,24.502876],[54.377006,24.503018],[54.377954,24.502704],[54.378059,24.502581],[54.377911,24.502477],[54.377996,24.502449]]]}},{"type":"Feature","properties":{},"geometry":{"type":"Polygon","coordinates":[[[54.378529,24.50857],[54.378379,24.508619],[54.378381,24.508729],[54.378453,24.508728],[54.378603,24.508678],[54.378601,24.508569],[54.378529,24.50857]]]}},{"type":"Feature","properties":{},"geometry":{"type":"Polygon","coordinates":[[[54.378591,24.509439],[54.377054,24.509956],[54.377255,24.510269],[54.378003,24.51002],[54.378717,24.509628],[54.378591,24.509439]]]}},{"type":"Feature","properties":{},"geometry":{"type":"Polygon","coordinates":[[[54.378367,24.510488],[54.378475,24.510428],[54.378806,24.510318],[54.379035,24.510192],[54.379022,24.510173],[54.379145,24.510132],[54.379792,24.509788],[54.379767,24.509749],[54.379942,24.509691],[54.380178,24.509563],[54.379918,24.509156],[54.379419,24.509322],[54.379167,24.509446],[54.379199,24.509494],[54.378786,24.509631],[54.378146,24.509973],[54.378177,24.510021],[54.37805,24.510098],[54.377776,24.510189],[54.377616,24.510278],[54.377868,24.510654],[54.378367,24.510488]],[[54.379399,24.509791],[54.379226,24.509848],[54.378916,24.510013],[54.378864,24.509935],[54.379001,24.50989],[54.379343,24.509708],[54.379399,24.509791]]]}},{"type":"Feature","properties":{},"geometry":{"type":"Polygon","coordinates":[[[54.380157,24.481265],[54.380107,24.481281],[54.379941,24.481478],[54.380101,24.48159],[54.380141,24.481577],[54.380119,24.481603],[54.380173,24.481641],[54.380131,24.481655],[54.379955,24.481858],[54.380198,24.482032],[54.380223,24.482024],[54.380208,24.482041],[54.380451,24.482215],[54.380487,24.482203],[54.380467,24.482227],[54.380709,24.482401],[54.380735,24.482392],[54.38072,24.48241],[54.380963,24.482584],[54.381462,24.482418],[54.381631,24.48221],[54.381653,24.482203],[54.381597,24.48227],[54.381607,24.482277],[54.381403,24.482501],[54.381427,24.482518],[54.381388,24.482531],[54.381202,24.48275],[54.381438,24.482916],[54.381546,24.48288],[54.381496,24.482939],[54.381732,24.483105],[54.38179,24.483086],[54.381758,24.483124],[54.381994,24.48329],[54.382037,24.483276],[54.382015,24.483302],[54.382251,24.483469],[54.382282,24.483458],[54.382255,24.483489],[54.382491,24.483656],[54.38299,24.48349],[54.38337,24.483044],[54.383361,24.483037],[54.383406,24.483023],[54.383592,24.482804],[54.38357,24.482789],[54.383617,24.482773],[54.383804,24.482554],[54.383568,24.482388],[54.383497,24.482411],[54.383533,24.482368],[54.383298,24.482202],[54.383213,24.48223],[54.38326,24.482179],[54.383087,24.482066],[54.383041,24.482082],[54.383069,24.482052],[54.382901,24.481932],[54.382509,24.482062],[54.382518,24.482051],[54.382506,24.482043],[54.382546,24.48203],[54.382733,24.481811],[54.382497,24.481645],[54.381998,24.481811],[54.381812,24.482029],[54.381823,24.482038],[54.381786,24.48205],[54.381761,24.482031],[54.381809,24.482015],[54.381933,24.481876],[54.381813,24.481788],[54.382077,24.4817],[54.382265,24.481485],[54.382027,24.481316],[54.381991,24.481328],[54.382012,24.481305],[54.381839,24.481182],[54.381934,24.481193],[54.381929,24.481227],[54.382119,24.481249],[54.382617,24.481083],[54.38263,24.480994],[54.382769,24.480948],[54.382902,24.4808],[54.383027,24.480887],[54.382745,24.48098],[54.382617,24.481133],[54.382741,24.481219],[54.382453,24.481315],[54.3823,24.481498],[54.382545,24.481668],[54.382578,24.481657],[54.38256,24.481679],[54.382805,24.481849],[54.382843,24.481836],[54.382825,24.481857],[54.383071,24.482027],[54.383117,24.482012],[54.383091,24.482043],[54.383336,24.482213],[54.38336,24.482205],[54.383602,24.482379],[54.384101,24.482213],[54.384254,24.482029],[54.384224,24.482008],[54.384299,24.481983],[54.384453,24.4818],[54.384428,24.481783],[54.3845,24.481759],[54.384654,24.481575],[54.384625,24.481555],[54.384698,24.481531],[54.384851,24.481347],[54.384606,24.481177],[54.384538,24.481199],[54.384608,24.48112],[54.384371,24.480951],[54.384295,24.480976],[54.384323,24.480943],[54.384164,24.48083],[54.384503,24.480718],[54.384481,24.480743],[54.384719,24.480912],[54.384879,24.480859],[54.384991,24.480728],[54.384753,24.48056],[54.384711,24.480574],[54.384736,24.480545],[54.384491,24.480366],[54.384441,24.480382],[54.38447,24.48035],[54.384225,24.480171],[54.384193,24.480182],[54.384211,24.480161],[54.383966,24.479982],[54.383925,24.479995],[54.383946,24.479972],[54.383701,24.479792],[54.383202,24.479958],[54.383085,24.480091],[54.383033,24.480108],[54.383086,24.480049],[54.382851,24.479873],[54.382808,24.479888],[54.382827,24.479867],[54.382591,24.479691],[54.382092,24.479856],[54.381909,24.48006],[54.381988,24.480119],[54.381973,24.480137],[54.382056,24.480193],[54.382078,24.480186],[54.382144,24.480236],[54.382187,24.480222],[54.382168,24.480242],[54.382203,24.480269],[54.382139,24.48029],[54.381989,24.480456],[54.3817,24.480241],[54.38163,24.480264],[54.38167,24.480221],[54.381643,24.480201],[54.381703,24.480181],[54.381875,24.479991],[54.381696,24.479856],[54.381653,24.479871],[54.381677,24.479845],[54.381497,24.47971],[54.380998,24.479875],[54.380827,24.480065],[54.380871,24.480098],[54.380786,24.480126],[54.380614,24.480316],[54.380794,24.48045],[54.38082,24.480442],[54.380999,24.480576],[54.381077,24.48055],[54.381018,24.480617],[54.381262,24.48078],[54.381186,24.480805],[54.381223,24.480761],[54.381063,24.480649],[54.380938,24.48069],[54.381003,24.480613],[54.380843,24.4805],[54.380693,24.48055],[54.380527,24.480747],[54.38059,24.48079],[54.380513,24.480816],[54.380132,24.481247],[54.380157,24.481265]],[[54.381503,24.480947],[54.381341,24.480833],[54.381415,24.480882],[54.381805,24.480752],[54.381939,24.480853],[54.38188,24.480919],[54.381903,24.480935],[54.381758,24.480983],[54.381741,24.481103],[54.381527,24.480951],[54.381489,24.480963],[54.381503,24.480947]],[[54.380595,24.481469],[54.380571,24.481452],[54.380632,24.481432],[54.380755,24.481286],[54.380816,24.481328],[54.380863,24.481312],[54.380842,24.481338],[54.381077,24.4815],[54.38112,24.481486],[54.381089,24.481523],[54.381325,24.481685],[54.381371,24.48167],[54.381343,24.481703],[54.381451,24.481778],[54.381421,24.481788],[54.381297,24.481697],[54.381037,24.481783],[54.380883,24.481672],[54.380858,24.481681],[54.380873,24.481663],[54.38063,24.481489],[54.380558,24.481513],[54.380595,24.481469]],[[54.380586,24.481098],[54.380602,24.481093],[54.380593,24.481103],[54.380586,24.481098]],[[54.380768,24.480944],[54.380786,24.480922],[54.380802,24.480933],[54.380768,24.480944]],[[54.380813,24.480817],[54.380784,24.480851],[54.38076,24.480835],[54.380813,24.480817]],[[54.382372,24.48243],[54.382411,24.482417],[54.382393,24.482435],[54.382407,24.482445],[54.382359,24.482461],[54.382297,24.482545],[54.382368,24.482588],[54.382525,24.482527],[54.382566,24.482555],[54.382668,24.482521],[54.382612,24.482586],[54.382626,24.482596],[54.382602,24.482603],[54.38247,24.482759],[54.382443,24.48274],[54.382385,24.482759],[54.382417,24.482721],[54.382181,24.482555],[54.382073,24.482591],[54.382123,24.482532],[54.382099,24.482515],[54.382138,24.482502],[54.382265,24.482352],[54.382372,24.48243]],[[54.383198,24.481319],[54.383085,24.481241],[54.383428,24.481129],[54.383401,24.481161],[54.383636,24.481324],[54.383721,24.481296],[54.383686,24.481338],[54.383701,24.481348],[54.383668,24.481359],[54.383519,24.481536],[54.383478,24.481508],[54.38344,24.48152],[54.383458,24.481499],[54.383212,24.48133],[54.383179,24.481341],[54.383198,24.481319]],[[54.382944,24.480709],[54.382929,24.480727],[54.382917,24.480718],[54.382944,24.480709]],[[54.383748,24.480133],[54.383727,24.480157],[54.383972,24.480336],[54.384004,24.480325],[54.383985,24.480346],[54.384162,24.480475],[54.383992,24.480531],[54.38389,24.480647],[54.383822,24.480598],[54.383757,24.48062],[54.383803,24.480567],[54.383565,24.480398],[54.383103,24.480552],[54.383151,24.480498],[54.383121,24.480475],[54.383166,24.48046],[54.383339,24.480268],[54.383748,24.480133]]]}},{"type":"Feature","properties":{},"geometry":{"type":"Polygon","coordinates":[[[54.379725,24.481675],[54.379575,24.481725],[54.379509,24.481803],[54.379612,24.481875],[54.379762,24.481825],[54.379828,24.481747],[54.379725,24.481675]]]}},{"type":"Feature","properties":{},"geometry":{"type":"Polygon","coordinates":[[[54.380165,24.482194],[54.380015,24.482243],[54.379866,24.482413],[54.379916,24.482449],[54.380066,24.4824],[54.380215,24.48223],[54.380165,24.482194]]]}},{"type":"Feature","properties":{},"geometry":{"type":"Polygon","coordinates":[[[54.379306,24.483406],[54.380082,24.483947],[54.380249,24.483892],[54.380438,24.484021],[54.380588,24.483971],[54.380653,24.483893],[54.380522,24.483801],[54.38083,24.483699],[54.381095,24.483384],[54.380861,24.483221],[54.381033,24.483163],[54.381066,24.483123],[54.381127,24.483103],[54.381221,24.482991],[54.381104,24.482909],[54.381073,24.48292],[54.380654,24.482628],[54.380076,24.48282],[54.380146,24.482737],[54.380107,24.482711],[54.380207,24.482669],[54.380232,24.482688],[54.380381,24.482638],[54.380463,24.482548],[54.380286,24.482414],[54.380137,24.482464],[54.379988,24.482628],[54.379911,24.482575],[54.379412,24.482741],[54.379194,24.483003],[54.379384,24.483133],[54.379742,24.483024],[54.379583,24.483076],[54.379306,24.483406]]]}},{"type":"Feature","properties":{},"geometry":{"type":"Polygon","coordinates":[[[54.379247,24.484257],[54.379317,24.48417],[54.379291,24.484153],[54.379354,24.484132],[54.379465,24.483997],[54.379377,24.483937],[54.379227,24.483987],[54.379012,24.484249],[54.379097,24.484306],[54.379247,24.484257]]]}},{"type":"Feature","properties":{},"geometry":{"type":"Polygon","coordinates":[[[54.379486,24.484611],[54.379504,24.484589],[54.379676,24.484711],[54.379931,24.484626],[54.379961,24.484879],[54.38008,24.48487],[54.380109,24.484893],[54.37989,24.484966],[54.379697,24.485176],[54.379698,24.485202],[54.379729,24.485229],[54.37979,24.485219],[54.379778,24.485237],[54.379854,24.485312],[54.38,24.485419],[54.380319,24.485313],[54.380516,24.485087],[54.380485,24.485064],[54.380552,24.485042],[54.380618,24.484966],[54.380484,24.484868],[54.380334,24.484918],[54.380316,24.484939],[54.38029,24.484919],[54.380338,24.484903],[54.380385,24.484852],[54.380357,24.484831],[54.380781,24.484691],[54.380797,24.48466],[54.380673,24.484575],[54.380693,24.484546],[54.380577,24.484469],[54.380537,24.484482],[54.380451,24.484425],[54.380209,24.484505],[54.380371,24.484317],[54.3799,24.483983],[54.379402,24.484148],[54.379206,24.484377],[54.379344,24.484475],[54.379305,24.484488],[54.379275,24.484524],[54.379188,24.484464],[54.379039,24.484514],[54.378962,24.484607],[54.379243,24.4848],[54.379393,24.48475],[54.379469,24.484658],[54.379429,24.48463],[54.379486,24.484611]]]}},{"type":"Feature","properties":{},"geometry":{"type":"Polygon","coordinates":[[[54.379421,24.486647],[54.379384,24.486707],[54.379427,24.486729],[54.379577,24.486679],[54.379614,24.486619],[54.379571,24.486597],[54.379421,24.486647]]]}},{"type":"Feature","properties":{},"geometry":{"type":"Polygon","coordinates":[[[54.379456,24.486853],[54.379366,24.486946],[54.379531,24.487077],[54.37968,24.487027],[54.37977,24.486934],[54.379606,24.486803],[54.379456,24.486853]]]}},{"type":"Feature","properties":{},"geometry":{"type":"Polygon","coordinates":[[[54.3797,24.487034],[54.379664,24.487073],[54.379673,24.48708],[54.37965,24.487087],[54.379619,24.487129],[54.379736,24.487202],[54.379885,24.487152],[54.379917,24.487111],[54.379908,24.487106],[54.379954,24.487063],[54.379928,24.487043],[54.380054,24.486981],[54.380082,24.486937],[54.379948,24.486866],[54.379798,24.486916],[54.379782,24.486951],[54.379729,24.486996],[54.379756,24.487015],[54.3797,24.487034]]]}},{"type":"Feature","properties":{},"geometry":{"type":"Polygon","coordinates":[[[54.379523,24.487225],[54.37955,24.487187],[54.379516,24.487168],[54.379366,24.487217],[54.379339,24.487255],[54.379373,24.487275],[54.379523,24.487225]]]}},{"type":"Feature","properties":{},"geometry":{"type":"Polygon","coordinates":[[[54.379687,24.488765],[54.379849,24.488877],[54.380047,24.488811],[54.380021,24.48884],[54.380098,24.488896],[54.380027,24.48892],[54.379976,24.488981],[54.379999,24.488996],[54.379904,24.489028],[54.37985,24.488987],[54.379371,24.489146],[54.379208,24.489326],[54.379358,24.489438],[54.379847,24.489268],[54.379912,24.489312],[54.379729,24.489373],[54.379627,24.489492],[54.379835,24.489639],[54.379873,24.489626],[54.379863,24.489637],[54.379987,24.489728],[54.379898,24.489828],[54.3801,24.489977],[54.380539,24.489831],[54.380659,24.489696],[54.380458,24.489547],[54.380409,24.489563],[54.380237,24.489437],[54.380195,24.489451],[54.380216,24.489427],[54.380027,24.489294],[54.38037,24.48918],[54.380481,24.489049],[54.380348,24.488957],[54.380388,24.488944],[54.380373,24.488961],[54.380566,24.489095],[54.380654,24.489066],[54.380633,24.489089],[54.380825,24.489235],[54.381101,24.489143],[54.381023,24.489233],[54.381033,24.48924],[54.381011,24.489247],[54.380901,24.489371],[54.38075,24.489262],[54.380699,24.489279],[54.380727,24.489247],[54.380566,24.489131],[54.380286,24.489224],[54.380189,24.489336],[54.38035,24.489452],[54.380401,24.489435],[54.380373,24.489468],[54.380566,24.489607],[54.380846,24.489514],[54.380887,24.489467],[54.380964,24.489523],[54.381324,24.489404],[54.38149,24.489216],[54.381478,24.489206],[54.3815,24.489199],[54.381646,24.489032],[54.381626,24.489018],[54.38166,24.489007],[54.381821,24.488827],[54.381684,24.488725],[54.381422,24.488812],[54.381524,24.488693],[54.381317,24.488546],[54.38128,24.488558],[54.381106,24.488431],[54.38109,24.488437],[54.381102,24.488423],[54.381115,24.488432],[54.381196,24.488405],[54.381171,24.488432],[54.381353,24.488566],[54.381659,24.488465],[54.381571,24.488566],[54.381691,24.488653],[54.38197,24.48856],[54.382121,24.488375],[54.382156,24.488364],[54.382315,24.488179],[54.382197,24.488095],[54.381878,24.488201],[54.381773,24.488322],[54.381622,24.48821],[54.381575,24.488226],[54.381605,24.488191],[54.38141,24.488056],[54.381363,24.488071],[54.381389,24.48804],[54.381192,24.487905],[54.380872,24.488011],[54.380804,24.488094],[54.380677,24.488008],[54.380398,24.488101],[54.380236,24.488301],[54.380022,24.488372],[54.379865,24.48857],[54.379842,24.488578],[54.379687,24.488765]],[[54.380454,24.488601],[54.380414,24.488614],[54.380436,24.488588],[54.380454,24.488601]],[[54.380964,24.488244],[54.380933,24.488281],[54.380898,24.488256],[54.38063,24.488345],[54.380654,24.488314],[54.380645,24.488308],[54.380799,24.48813],[54.380964,24.488244]],[[54.380805,24.488731],[54.380806,24.488732],[54.380803,24.488734],[54.380805,24.488731]],[[54.381126,24.488924],[54.381228,24.48889],[54.381169,24.488956],[54.381126,24.488924]]]}},{"type":"Feature","properties":{},"geometry":{"type":"Polygon","coordinates":[[[54.379917,24.496382],[54.379866,24.496444],[54.379879,24.496453],[54.380029,24.496404],[54.38008,24.496342],[54.380067,24.496332],[54.379917,24.496382]]]}},{"type":"Feature","properties":{},"geometry":{"type":"Polygon","coordinates":[[[54.379078,24.49863],[54.379101,24.498601],[54.379489,24.498472],[54.37965,24.498288],[54.379415,24.498117],[54.378916,24.498283],[54.378754,24.498467],[54.378796,24.498498],[54.378724,24.498591],[54.378907,24.498708],[54.379018,24.498671],[54.378931,24.49878],[54.379146,24.498923],[54.379296,24.498873],[54.379405,24.498736],[54.37919,24.498593],[54.379078,24.49863]]]}},{"type":"Feature","properties":{},"geometry":{"type":"Polygon","coordinates":[[[54.38019,24.499018],[54.379691,24.499184],[54.379605,24.499296],[54.379514,24.499326],[54.379455,24.499403],[54.379475,24.499415],[54.379518,24.499401],[54.379486,24.499444],[54.379824,24.499658],[54.3802,24.499534],[54.380175,24.49963],[54.380387,24.499678],[54.3805,24.49964],[54.380533,24.499707],[54.380747,24.499718],[54.381059,24.499614],[54.38122,24.4995],[54.381157,24.499399],[54.3811,24.499414],[54.381037,24.499295],[54.381459,24.49904],[54.381217,24.498689],[54.381393,24.498759],[54.381382,24.49891],[54.381487,24.499074],[54.381927,24.498916],[54.381895,24.498638],[54.381815,24.498526],[54.381286,24.498381],[54.380974,24.498485],[54.380894,24.49853],[54.380756,24.498576],[54.380316,24.498849],[54.380437,24.499023],[54.380308,24.499106],[54.380304,24.499122],[54.380252,24.499089],[54.380269,24.499068],[54.38019,24.499018]]]}},{"type":"Feature","properties":{},"geometry":{"type":"Polygon","coordinates":[[[54.379298,24.507332],[54.379149,24.507382],[54.379149,24.507413],[54.379037,24.50745],[54.379038,24.507555],[54.37902,24.507561],[54.379022,24.507742],[54.379263,24.507739],[54.379762,24.507573],[54.379757,24.507281],[54.379536,24.507284],[54.379391,24.507332],[54.379298,24.507332]]]}},{"type":"Feature","properties":{},"geometry":{"type":"Polygon","coordinates":[[[54.378755,24.50842],[54.378605,24.508469],[54.378608,24.508573],[54.378717,24.508571],[54.378867,24.508521],[54.378864,24.508417],[54.378755,24.50842]]]}},{"type":"Feature","properties":{},"geometry":{"type":"Polygon","coordinates":[[[54.380028,24.511878],[54.379948,24.511904],[54.379463,24.51238],[54.379573,24.512466],[54.379653,24.512439],[54.380141,24.511968],[54.380028,24.511878]]]}},{"type":"Feature","properties":{},"geometry":{"type":"Polygon","coordinates":[[[54.381363,24.483006],[54.381213,24.483056],[54.381165,24.483116],[54.381263,24.483182],[54.381241,24.483209],[54.381424,24.483332],[54.381441,24.483326],[54.381392,24.483384],[54.381515,24.483469],[54.381665,24.483419],[54.381745,24.483323],[54.381692,24.483287],[54.381725,24.48325],[54.381363,24.483006]]]}},{"type":"Feature","properties":{},"geometry":{"type":"Polygon","coordinates":[[[54.381453,24.483511],[54.381439,24.483516],[54.381457,24.483497],[54.381381,24.483434],[54.381231,24.483484],[54.381148,24.483569],[54.381225,24.483631],[54.381239,24.483626],[54.381196,24.48367],[54.381287,24.483743],[54.380969,24.483848],[54.380945,24.483928],[54.380974,24.48395],[54.380895,24.483977],[54.380727,24.484206],[54.380683,24.484292],[54.380779,24.484354],[54.380719,24.484374],[54.380678,24.484433],[54.38078,24.484499],[54.380869,24.484469],[54.381188,24.484674],[54.381469,24.48458],[54.381453,24.4846],[54.381519,24.484644],[54.381459,24.484719],[54.381571,24.484793],[54.381772,24.484726],[54.381735,24.484767],[54.381815,24.484827],[54.381964,24.484778],[54.382015,24.484722],[54.381945,24.484669],[54.38207,24.484628],[54.382291,24.484353],[54.382169,24.484271],[54.382016,24.484322],[54.382281,24.48398],[54.382157,24.483901],[54.381978,24.48396],[54.382024,24.483901],[54.38205,24.483814],[54.381717,24.4836],[54.381608,24.483636],[54.381556,24.483594],[54.381675,24.483555],[54.381879,24.483674],[54.381945,24.483653],[54.381902,24.483699],[54.382188,24.483917],[54.3823,24.48388],[54.382245,24.483935],[54.382411,24.484071],[54.382561,24.484021],[54.382617,24.483965],[54.382451,24.483829],[54.382339,24.483866],[54.382391,24.483809],[54.382105,24.483592],[54.382036,24.483615],[54.382079,24.483554],[54.3818,24.483391],[54.381504,24.483502],[54.381479,24.483533],[54.381453,24.483511]]]}},{"type":"Feature","properties":{},"geometry":{"type":"Polygon","coordinates":[[[54.380738,24.483973],[54.380588,24.484023],[54.380533,24.484093],[54.380579,24.484126],[54.380729,24.484076],[54.380788,24.484007],[54.380738,24.483973]]]}},{"type":"Feature","properties":{},"geometry":{"type":"Polygon","coordinates":[[[54.38047,24.485419],[54.380969,24.485254],[54.381299,24.484858],[54.381158,24.48476],[54.380659,24.484926],[54.380345,24.485302],[54.380402,24.485341],[54.380385,24.485361],[54.38047,24.485419]]]}},{"type":"Feature","properties":{},"geometry":{"type":"Polygon","coordinates":[[[54.380973,24.485257],[54.380904,24.485301],[54.380975,24.485394],[54.381125,24.485345],[54.381194,24.4853],[54.381123,24.485207],[54.380973,24.485257]]]}},{"type":"Feature","properties":{},"geometry":{"type":"Polygon","coordinates":[[[54.381109,24.486326],[54.381268,24.486273],[54.381425,24.486095],[54.381409,24.486084],[54.381435,24.486075],[54.381587,24.485901],[54.381578,24.485894],[54.381603,24.485886],[54.381751,24.485714],[54.381729,24.485698],[54.381762,24.485687],[54.38191,24.485521],[54.381888,24.485505],[54.381926,24.485493],[54.382081,24.485317],[54.381937,24.485212],[54.381778,24.485265],[54.381623,24.485441],[54.381653,24.485463],[54.381616,24.485475],[54.381468,24.485641],[54.381488,24.485656],[54.381453,24.485668],[54.381311,24.485844],[54.381287,24.485853],[54.381135,24.486028],[54.38115,24.486038],[54.381125,24.486046],[54.380969,24.486224],[54.381109,24.486326]]]}},{"type":"Feature","properties":{},"geometry":{"type":"Polygon","coordinates":[[[54.38079,24.485537],[54.380641,24.485587],[54.380613,24.485747],[54.380795,24.485773],[54.380945,24.485723],[54.380973,24.485564],[54.38079,24.485537]]]}},{"type":"Feature","properties":{},"geometry":{"type":"Polygon","coordinates":[[[54.380891,24.485842],[54.380841,24.485898],[54.380896,24.48594],[54.381046,24.48589],[54.381096,24.485835],[54.38104,24.485793],[54.380891,24.485842]]]}},{"type":"Feature","properties":{},"geometry":{"type":"Polygon","coordinates":[[[54.381022,24.487894],[54.38114,24.487753],[54.381279,24.487849],[54.381558,24.487756],[54.381656,24.48764],[54.381469,24.48751],[54.381189,24.487603],[54.381135,24.487668],[54.381016,24.487586],[54.380577,24.487731],[54.380416,24.487924],[54.380583,24.48804],[54.381022,24.487894]]]}},{"type":"Feature","properties":{},"geometry":{"type":"Polygon","coordinates":[[[54.381244,24.489727],[54.381104,24.489893],[54.381185,24.48995],[54.38112,24.490023],[54.381139,24.490037],[54.381104,24.490049],[54.380965,24.490212],[54.381077,24.490291],[54.381226,24.490241],[54.381364,24.490077],[54.381395,24.490067],[54.381567,24.489875],[54.381557,24.489867],[54.38159,24.489851],[54.381692,24.489922],[54.381743,24.489905],[54.381713,24.489941],[54.38191,24.490079],[54.381983,24.490055],[54.381961,24.49008],[54.382159,24.490219],[54.382399,24.49014],[54.382375,24.490167],[54.382405,24.490189],[54.382272,24.490339],[54.382306,24.490365],[54.382118,24.490234],[54.382073,24.490248],[54.382097,24.490221],[54.381899,24.490082],[54.38162,24.490175],[54.381527,24.490285],[54.38169,24.4904],[54.381652,24.490445],[54.381593,24.490403],[54.381529,24.490424],[54.381562,24.490385],[54.381365,24.490246],[54.381085,24.490339],[54.380992,24.490449],[54.38119,24.490587],[54.381254,24.490566],[54.38122,24.490606],[54.381418,24.490744],[54.381359,24.490814],[54.381557,24.490952],[54.381772,24.490881],[54.381695,24.490971],[54.381825,24.491062],[54.382184,24.490943],[54.382515,24.490549],[54.382498,24.490537],[54.382517,24.490531],[54.38266,24.490361],[54.382645,24.490351],[54.382679,24.490339],[54.38284,24.490156],[54.382824,24.490144],[54.382854,24.490134],[54.383009,24.489956],[54.382992,24.489944],[54.383035,24.48993],[54.383191,24.489748],[54.383181,24.489741],[54.383219,24.489728],[54.383349,24.489574],[54.38332,24.489554],[54.38337,24.489537],[54.383531,24.489347],[54.383515,24.489335],[54.383545,24.489326],[54.383703,24.48914],[54.383583,24.489056],[54.383304,24.489149],[54.383175,24.489301],[54.383004,24.489181],[54.382967,24.489193],[54.382987,24.489169],[54.382799,24.489037],[54.383196,24.488905],[54.383289,24.488795],[54.383092,24.488656],[54.383068,24.488664],[54.383075,24.488656],[54.382878,24.488517],[54.382689,24.48858],[54.382775,24.488484],[54.382664,24.488401],[54.382225,24.488547],[54.382057,24.488734],[54.382126,24.488785],[54.38204,24.488889],[54.382079,24.488917],[54.381914,24.488972],[54.381296,24.489709],[54.381244,24.489727]],[[54.381812,24.489599],[54.381873,24.489527],[54.381923,24.489562],[54.381812,24.489599]],[[54.382149,24.489233],[54.382199,24.489268],[54.382053,24.489317],[54.382094,24.489297],[54.382149,24.489233]],[[54.381925,24.490665],[54.381844,24.490608],[54.382006,24.490554],[54.381925,24.490665]],[[54.38179,24.490592],[54.381731,24.490611],[54.381764,24.490573],[54.38179,24.490592]],[[54.382443,24.489824],[54.382318,24.489736],[54.38258,24.489649],[54.382673,24.48954],[54.382653,24.489525],[54.382831,24.489574],[54.38298,24.489524],[54.382965,24.489542],[54.382996,24.489564],[54.382866,24.489607],[54.382736,24.489761],[54.382751,24.489771],[54.382603,24.489943],[54.382454,24.489838],[54.382421,24.489849],[54.382443,24.489824]],[[54.382998,24.489466],[54.383042,24.489451],[54.38298,24.489524],[54.382998,24.489466]],[[54.382292,24.489081],[54.382332,24.489032],[54.382492,24.489145],[54.382417,24.489233],[54.382615,24.489372],[54.382651,24.48936],[54.382631,24.489383],[54.382665,24.489407],[54.382634,24.489512],[54.382476,24.489401],[54.382431,24.489415],[54.382454,24.489388],[54.382286,24.48927],[54.382378,24.489239],[54.382424,24.489184],[54.382339,24.489124],[54.382202,24.48917],[54.382256,24.489107],[54.382242,24.489097],[54.382292,24.489081]],[[54.382473,24.488904],[54.382424,24.48892],[54.382403,24.488902],[54.382448,24.488887],[54.382473,24.488904]],[[54.382105,24.489583],[54.382126,24.489576],[54.382115,24.48959],[54.382105,24.489583]],[[54.382212,24.48968],[54.382228,24.489691],[54.382193,24.489702],[54.382212,24.48968]]]}},{"type":"Feature","properties":{},"geometry":{"type":"Polygon","coordinates":[[[54.380646,24.493871],[54.380663,24.49385],[54.380595,24.493803],[54.380445,24.493853],[54.380429,24.493874],[54.380497,24.493921],[54.380646,24.493871]]]}},{"type":"Feature","properties":{},"geometry":{"type":"Polygon","coordinates":[[[54.381525,24.499426],[54.381375,24.499476],[54.381343,24.499533],[54.381406,24.499562],[54.381556,24.499512],[54.381588,24.499455],[54.381525,24.499426]]]}},{"type":"Feature","properties":{},"geometry":{"type":"Polygon","coordinates":[[[54.380559,24.511638],[54.380709,24.511588],[54.380714,24.511562],[54.380794,24.511535],[54.38082,24.51147],[54.380777,24.511456],[54.380691,24.511485],[54.380733,24.511466],[54.380742,24.511423],[54.380622,24.511403],[54.380473,24.511452],[54.380439,24.511618],[54.380559,24.511638]]]}},{"type":"Feature","properties":{},"geometry":{"type":"Polygon","coordinates":[[[54.380233,24.511614],[54.380158,24.511712],[54.381158,24.512537],[54.381238,24.51251],[54.381318,24.512427],[54.380313,24.511587],[54.380233,24.511614]]]}},{"type":"Feature","properties":{},"geometry":{"type":"Polygon","coordinates":[[[54.38236,24.48406],[54.382211,24.48411],[54.382185,24.484173],[54.382306,24.484213],[54.382456,24.484163],[54.382481,24.4841],[54.38236,24.48406]]]}},{"type":"Feature","properties":{},"geometry":{"type":"Polygon","coordinates":[[[54.382174,24.484846],[54.382138,24.484858],[54.381986,24.485033],[54.382127,24.485134],[54.382286,24.485081],[54.382438,24.484906],[54.382419,24.484893],[54.382458,24.48488],[54.382604,24.484706],[54.382595,24.4847],[54.382616,24.484693],[54.382762,24.484523],[54.382747,24.484512],[54.382772,24.484504],[54.382914,24.484325],[54.383081,24.484148],[54.382936,24.484042],[54.382777,24.484095],[54.382624,24.484267],[54.382638,24.484277],[54.382618,24.484284],[54.382471,24.48446],[54.382482,24.484467],[54.382459,24.484474],[54.382313,24.484644],[54.382324,24.484652],[54.382301,24.48466],[54.382155,24.484833],[54.382174,24.484846]]]}},{"type":"Feature","properties":{},"geometry":{"type":"Polygon","coordinates":[[[54.383102,24.486215],[54.382953,24.486264],[54.382878,24.486364],[54.382942,24.486404],[54.382964,24.486396],[54.383059,24.486455],[54.383253,24.486401],[54.3833,24.486337],[54.383102,24.486215]]]}},{"type":"Feature","properties":{},"geometry":{"type":"Polygon","coordinates":[[[54.383157,24.486794],[54.383007,24.486844],[54.382956,24.486906],[54.383,24.486937],[54.38315,24.486887],[54.383201,24.486825],[54.383157,24.486794]]]}},{"type":"Feature","properties":{},"geometry":{"type":"Polygon","coordinates":[[[54.383279,24.487209],[54.38318,24.487133],[54.382887,24.48723],[54.383074,24.487043],[54.382985,24.486973],[54.382713,24.487063],[54.382635,24.486999],[54.382814,24.486824],[54.38272,24.486746],[54.382221,24.486912],[54.381951,24.487186],[54.382305,24.48748],[54.382601,24.487382],[54.38242,24.487568],[54.382776,24.48786],[54.383199,24.48772],[54.38308,24.487841],[54.383197,24.487937],[54.383144,24.487955],[54.383024,24.488075],[54.383125,24.488157],[54.383196,24.488133],[54.383368,24.488275],[54.383881,24.488095],[54.38389,24.488102],[54.383874,24.488122],[54.383959,24.488183],[54.383861,24.488295],[54.383939,24.48835],[54.384067,24.488307],[54.383981,24.488406],[54.383997,24.488417],[54.383925,24.488504],[54.384017,24.488568],[54.384166,24.488518],[54.38424,24.488431],[54.384229,24.488423],[54.38439,24.488237],[54.384297,24.488166],[54.384168,24.488209],[54.384233,24.488134],[54.384213,24.48812],[54.384479,24.488032],[54.38478,24.487679],[54.38469,24.487613],[54.384706,24.487592],[54.384597,24.487519],[54.384099,24.487684],[54.383945,24.487863],[54.383861,24.487795],[54.383808,24.487812],[54.383888,24.48773],[54.384242,24.487613],[54.384381,24.487454],[54.384324,24.487415],[54.384374,24.487398],[54.384446,24.487315],[54.38443,24.487304],[54.38446,24.487295],[54.384536,24.487209],[54.38452,24.487198],[54.38455,24.487188],[54.384621,24.487109],[54.38461,24.487101],[54.384954,24.487155],[54.385453,24.486989],[54.385516,24.486706],[54.385263,24.486668],[54.385543,24.486575],[54.385722,24.486403],[54.385539,24.486245],[54.385441,24.486278],[54.385502,24.486217],[54.385451,24.486177],[54.385336,24.486215],[54.385373,24.48618],[54.385332,24.486138],[54.385258,24.486163],[54.38524,24.486147],[54.38495,24.486243],[54.385139,24.486051],[54.384782,24.485761],[54.384578,24.485829],[54.384706,24.485695],[54.384357,24.485404],[54.384157,24.48547],[54.384215,24.485411],[54.38416,24.485367],[54.384235,24.48533],[54.384356,24.485206],[54.384443,24.485177],[54.384549,24.485072],[54.38441,24.484958],[54.383911,24.485123],[54.383806,24.485228],[54.383822,24.485241],[54.38379,24.485273],[54.383755,24.485285],[54.383631,24.48541],[54.383643,24.485418],[54.383615,24.48545],[54.383582,24.485461],[54.383469,24.485569],[54.383553,24.48564],[54.383334,24.485713],[54.383072,24.485985],[54.383427,24.486278],[54.383717,24.486181],[54.383533,24.486368],[54.383892,24.486661],[54.384659,24.486391],[54.384649,24.486402],[54.384984,24.486689],[54.384614,24.486812],[54.384564,24.487067],[54.384433,24.486972],[54.384318,24.48701],[54.384381,24.486938],[54.384191,24.486806],[54.384041,24.486856],[54.383974,24.486932],[54.383994,24.486946],[54.383952,24.48696],[54.383885,24.487037],[54.383904,24.487051],[54.383864,24.487064],[54.383795,24.487143],[54.383812,24.487156],[54.383774,24.487168],[54.383705,24.487249],[54.383724,24.487262],[54.383684,24.487275],[54.383617,24.487354],[54.383719,24.487427],[54.383641,24.487453],[54.383598,24.487503],[54.383552,24.487465],[54.383473,24.487491],[54.383537,24.487425],[54.383447,24.487349],[54.383171,24.487441],[54.383101,24.487385],[54.383279,24.487209]],[[54.38429,24.486241],[54.38426,24.486215],[54.384385,24.486174],[54.384415,24.486199],[54.38429,24.486241]],[[54.384185,24.487134],[54.38419,24.487132],[54.384187,24.487135],[54.384185,24.487134]],[[54.384228,24.487115],[54.38423,24.487113],[54.38423,24.487114],[54.384228,24.487115]],[[54.384275,24.487031],[54.384274,24.48703],[54.384277,24.487029],[54.384275,24.487031]],[[54.3841,24.487239],[54.384096,24.487243],[54.384094,24.487241],[54.3841,24.487239]]]}},{"type":"Feature","properties":{},"geometry":{"type":"Polygon","coordinates":[[[54.381672,24.487892],[54.381575,24.488001],[54.381796,24.488164],[54.382036,24.488084],[54.382133,24.487976],[54.381912,24.487812],[54.381672,24.487892]]]}},{"type":"Feature","properties":{},"geometry":{"type":"Polygon","coordinates":[[[54.382425,24.490722],[54.382274,24.490904],[54.382282,24.49091],[54.382255,24.490919],[54.382111,24.491101],[54.382052,24.491121],[54.381883,24.491313],[54.382027,24.491418],[54.382477,24.491269],[54.382516,24.491297],[54.38232,24.491362],[54.382202,24.491497],[54.382405,24.491639],[54.382844,24.491494],[54.38287,24.491465],[54.382945,24.491517],[54.382966,24.491511],[54.38289,24.491599],[54.382916,24.491618],[54.382744,24.491675],[54.382622,24.491816],[54.382815,24.491954],[54.383131,24.491849],[54.382972,24.492036],[54.383124,24.492143],[54.383563,24.491998],[54.384251,24.491226],[54.384148,24.491152],[54.384345,24.491087],[54.384502,24.490902],[54.384488,24.490892],[54.384514,24.490883],[54.384674,24.490703],[54.384665,24.490697],[54.384687,24.490689],[54.384837,24.490513],[54.384874,24.490501],[54.385029,24.490322],[54.385002,24.490303],[54.385186,24.490111],[54.385054,24.490014],[54.384594,24.490167],[54.384526,24.490117],[54.384784,24.490031],[54.384896,24.4899],[54.384723,24.489777],[54.384696,24.489786],[54.38471,24.489769],[54.384496,24.489626],[54.384457,24.489639],[54.38448,24.489612],[54.384246,24.489453],[54.383965,24.489546],[54.384116,24.489364],[54.383973,24.489266],[54.383534,24.489411],[54.383382,24.489594],[54.383397,24.489604],[54.383366,24.489614],[54.383219,24.489797],[54.383229,24.489804],[54.383202,24.489812],[54.38305,24.489995],[54.38306,24.490003],[54.383037,24.49001],[54.382705,24.490375],[54.38281,24.490452],[54.382609,24.490518],[54.38245,24.490714],[54.382425,24.490722]],[[54.3831,24.490408],[54.383299,24.490342],[54.383536,24.490091],[54.383634,24.49016],[54.38371,24.490135],[54.383669,24.490183],[54.383795,24.490272],[54.383521,24.490363],[54.383408,24.490496],[54.383474,24.490542],[54.383216,24.490627],[54.383179,24.490671],[54.382966,24.490742],[54.383199,24.490477],[54.3831,24.490408]],[[54.382817,24.491258],[54.382831,24.491253],[54.382824,24.491262],[54.382817,24.491258]],[[54.38373,24.491025],[54.383935,24.490957],[54.383823,24.49109],[54.38373,24.491025]],[[54.383805,24.49122],[54.383836,24.491184],[54.383861,24.491201],[54.383805,24.49122]],[[54.384111,24.490738],[54.384067,24.49077],[54.384035,24.490748],[54.384106,24.490724],[54.384111,24.490738]],[[54.384416,24.490398],[54.384343,24.490483],[54.384285,24.490442],[54.384416,24.490398]],[[54.383782,24.489796],[54.383768,24.489801],[54.383775,24.489792],[54.383782,24.489796]],[[54.383299,24.491613],[54.383369,24.49159],[54.383329,24.491634],[54.383299,24.491613]],[[54.383627,24.49131],[54.383613,24.491327],[54.383602,24.491319],[54.383627,24.49131]]]}},{"type":"Feature","properties":{},"geometry":{"type":"Polygon","coordinates":[[[54.382528,24.494138],[54.382397,24.49429],[54.382359,24.494262],[54.381797,24.494448],[54.381626,24.494646],[54.381837,24.494798],[54.382012,24.49474],[54.381916,24.49485],[54.382128,24.495002],[54.382689,24.494816],[54.38286,24.494618],[54.382812,24.494584],[54.382859,24.494568],[54.382927,24.494615],[54.383377,24.494465],[54.383433,24.494505],[54.383323,24.49464],[54.383267,24.494659],[54.383223,24.494713],[54.383249,24.49473],[54.38318,24.494816],[54.383276,24.49485],[54.383172,24.494884],[54.382541,24.495617],[54.382561,24.495629],[54.382539,24.495655],[54.382553,24.495677],[54.382476,24.495703],[54.382419,24.495765],[54.38245,24.4958],[54.382358,24.495831],[54.381623,24.496715],[54.382665,24.497432],[54.383079,24.497294],[54.383123,24.497241],[54.383076,24.497209],[54.383078,24.497207],[54.383828,24.496962],[54.383972,24.496876],[54.383957,24.496858],[54.384103,24.496767],[54.384058,24.496667],[54.384036,24.496558],[54.384069,24.496469],[54.384201,24.496315],[54.384212,24.496361],[54.384284,24.496347],[54.384434,24.496298],[54.384421,24.496245],[54.384209,24.496306],[54.38424,24.49627],[54.384134,24.496202],[54.383844,24.496298],[54.384189,24.495888],[54.384223,24.495877],[54.384283,24.495807],[54.384266,24.495795],[54.38461,24.495405],[54.384588,24.495391],[54.384573,24.495221],[54.384451,24.495136],[54.384428,24.495143],[54.384375,24.495108],[54.384246,24.495059],[54.384681,24.494915],[54.384731,24.494856],[54.384424,24.494485],[54.38536,24.494175],[54.385517,24.493985],[54.384727,24.493442],[54.383509,24.493847],[54.383312,24.493706],[54.383117,24.49377],[54.383173,24.493706],[54.383499,24.493598],[54.383778,24.493254],[54.383505,24.493054],[54.382757,24.493303],[54.382466,24.49366],[54.382476,24.493667],[54.382288,24.49387],[54.3825,24.494021],[54.382695,24.493957],[54.38258,24.49409],[54.38261,24.494111],[54.382528,24.494138]]]}},{"type":"Feature","properties":{},"geometry":{"type":"Polygon","coordinates":[[[54.382177,24.499232],[54.382207,24.49919],[54.382215,24.499147],[54.3822,24.499091],[54.382139,24.499038],[54.382084,24.499027],[54.382033,24.499036],[54.381884,24.499086],[54.381814,24.499146],[54.381801,24.499197],[54.381811,24.499243],[54.381874,24.499305],[54.381934,24.499317],[54.382134,24.499258],[54.382177,24.499232]]]}},{"type":"Feature","properties":{},"geometry":{"type":"Polygon","coordinates":[[[54.382573,24.505158],[54.382874,24.505155],[54.383623,24.504907],[54.383622,24.50488],[54.383705,24.504852],[54.383697,24.504081],[54.383864,24.504031],[54.383861,24.503897],[54.383712,24.503899],[54.383612,24.503918],[54.38361,24.503752],[54.38347,24.503754],[54.382722,24.504002],[54.382729,24.504659],[54.382583,24.504707],[54.382586,24.504749],[54.382568,24.504755],[54.382573,24.505158]]]}},{"type":"Feature","properties":{},"geometry":{"type":"Polygon","coordinates":[[[54.38161,24.509225],[54.38146,24.509274],[54.381414,24.509327],[54.381461,24.509362],[54.381611,24.509312],[54.381657,24.509259],[54.38161,24.509225]]]}},{"type":"Feature","properties":{},"geometry":{"type":"Polygon","coordinates":[[[54.381318,24.510162],[54.381353,24.510233],[54.381604,24.510143],[54.381569,24.510072],[54.381318,24.510162]]]}},{"type":"Feature","properties":{},"geometry":{"type":"Polygon","coordinates":[[[54.382751,24.511343],[54.382594,24.511222],[54.382984,24.511092],[54.383375,24.510679],[54.382681,24.51014],[54.381933,24.510389],[54.381565,24.510789],[54.381146,24.510928],[54.38076,24.51135],[54.381619,24.512017],[54.382367,24.511768],[54.382751,24.511343]]]}},{"type":"Feature","properties":{},"geometry":{"type":"Polygon","coordinates":[[[54.383685,24.483019],[54.383586,24.483134],[54.383606,24.483148],[54.383567,24.483161],[54.383419,24.483332],[54.383435,24.483343],[54.383279,24.483395],[54.383131,24.483566],[54.383182,24.483603],[54.383076,24.483725],[54.383216,24.483825],[54.383376,24.483772],[54.383524,24.483601],[54.383506,24.483588],[54.38355,24.483573],[54.383698,24.483402],[54.383683,24.483391],[54.383719,24.483379],[54.383867,24.483208],[54.383847,24.483194],[54.383886,24.483181],[54.384034,24.48301],[54.384019,24.483],[54.384052,24.482989],[54.3842,24.482817],[54.384186,24.482808],[54.384215,24.482798],[54.384363,24.482627],[54.384346,24.482615],[54.384378,24.482604],[54.384526,24.482433],[54.384513,24.482424],[54.38455,24.482411],[54.384698,24.48224],[54.384682,24.482228],[54.384715,24.482217],[54.384863,24.482046],[54.384838,24.482028],[54.384876,24.482016],[54.385024,24.481844],[54.384942,24.481786],[54.385091,24.481737],[54.385239,24.481566],[54.385225,24.481556],[54.385245,24.481549],[54.385394,24.481378],[54.385254,24.481278],[54.384974,24.481371],[54.384826,24.481542],[54.384883,24.481583],[54.384791,24.48169],[54.384872,24.481748],[54.384724,24.481797],[54.384576,24.481968],[54.384601,24.481986],[54.384563,24.481999],[54.384415,24.48217],[54.384432,24.482182],[54.384399,24.482193],[54.384251,24.482364],[54.384263,24.482373],[54.384226,24.482386],[54.384078,24.482557],[54.384095,24.482569],[54.384063,24.48258],[54.383915,24.482751],[54.383929,24.482761],[54.383781,24.48281],[54.383633,24.482981],[54.383685,24.483019]]]}},{"type":"Feature","properties":{},"geometry":{"type":"Polygon","coordinates":[[[54.384495,24.484167],[54.384478,24.484154],[54.384503,24.484128],[54.384471,24.484102],[54.384321,24.484152],[54.384235,24.484242],[54.384284,24.484281],[54.384434,24.484231],[54.384495,24.484167]]]}},{"type":"Feature","properties":{},"geometry":{"type":"Polygon","coordinates":[[[54.384375,24.48856],[54.384308,24.48864],[54.384377,24.488688],[54.384338,24.488701],[54.38429,24.48876],[54.384389,24.488829],[54.38444,24.488812],[54.384785,24.489058],[54.384934,24.489008],[54.384976,24.488959],[54.384732,24.488785],[54.384914,24.488908],[54.38505,24.488863],[54.384987,24.488932],[54.385074,24.488996],[54.384998,24.489022],[54.384948,24.489108],[54.384996,24.489124],[54.38498,24.489142],[54.385023,24.489173],[54.384768,24.489455],[54.38488,24.489533],[54.385127,24.489451],[54.385167,24.48948],[54.385666,24.489314],[54.385766,24.489201],[54.385555,24.48904],[54.385677,24.489116],[54.385752,24.489091],[54.385715,24.489129],[54.385758,24.489163],[54.385908,24.489113],[54.385949,24.489071],[54.385906,24.489036],[54.38583,24.489062],[54.385921,24.488959],[54.386116,24.488895],[54.386206,24.488671],[54.386244,24.488629],[54.386462,24.488501],[54.386385,24.488388],[54.386224,24.488441],[54.386334,24.488328],[54.386082,24.488145],[54.385583,24.48831],[54.385524,24.488379],[54.38539,24.48828],[54.385439,24.488225],[54.385512,24.488201],[54.385607,24.488099],[54.385564,24.488067],[54.385602,24.488027],[54.385504,24.487955],[54.385521,24.487933],[54.38542,24.487862],[54.38533,24.487892],[54.385317,24.487884],[54.384569,24.488132],[54.384274,24.488472],[54.384225,24.488488],[54.384189,24.48853],[54.384235,24.488564],[54.384335,24.488531],[54.384375,24.48856]],[[54.385224,24.489107],[54.385218,24.489108],[54.385221,24.489105],[54.385224,24.489107]],[[54.385495,24.488981],[54.385489,24.489019],[54.385398,24.489049],[54.385473,24.488965],[54.385495,24.488981]],[[54.385266,24.488868],[54.385348,24.488778],[54.385276,24.488729],[54.385132,24.488777],[54.385141,24.488766],[54.385031,24.488686],[54.385315,24.488591],[54.385535,24.488756],[54.385588,24.488738],[54.385575,24.488773],[54.385479,24.488877],[54.385455,24.48886],[54.385316,24.488906],[54.385266,24.488868]]]}},{"type":"Feature","properties":{},"geometry":{"type":"Polygon","coordinates":[[[54.383595,24.492862],[54.383559,24.492897],[54.383632,24.49296],[54.383781,24.49291],[54.383817,24.492875],[54.383745,24.492813],[54.383595,24.492862]]]}},{"type":"Feature","properties":{},"geometry":{"type":"Polygon","coordinates":[[[54.383918,24.492943],[54.383768,24.492993],[54.383735,24.493162],[54.383969,24.4932],[54.384118,24.49315],[54.384151,24.49298],[54.383918,24.492943]]]}},{"type":"Feature","properties":{},"geometry":{"type":"Polygon","coordinates":[[[54.383674,24.497057],[54.383524,24.497107],[54.383471,24.497171],[54.383535,24.497215],[54.383685,24.497165],[54.383737,24.497101],[54.383674,24.497057]]]}},{"type":"Feature","properties":{},"geometry":{"type":"Polygon","coordinates":[[[54.382848,24.497474],[54.382628,24.49775],[54.383181,24.498114],[54.383929,24.497866],[54.384015,24.497758],[54.383883,24.497654],[54.383911,24.497619],[54.383771,24.497526],[54.383867,24.497404],[54.383596,24.497226],[54.382848,24.497474]]]}},{"type":"Feature","properties":{},"geometry":{"type":"Polygon","coordinates":[[[54.3829,24.508219],[54.382697,24.508296],[54.382717,24.50833],[54.38292,24.508253],[54.3829,24.508219]]]}},{"type":"Feature","properties":{},"geometry":{"type":"Polygon","coordinates":[[[54.38669,24.482051],[54.386541,24.482101],[54.386549,24.482165],[54.386749,24.482139],[54.386898,24.482089],[54.386893,24.482028],[54.38669,24.482051]]]}},{"type":"Feature","properties":{},"geometry":{"type":"Polygon","coordinates":[[[54.389809,24.482389],[54.389659,24.482438],[54.389622,24.482505],[54.389753,24.482564],[54.389903,24.482514],[54.389939,24.482448],[54.389809,24.482389]]]}},{"type":"Feature","properties":{},"geometry":{"type":"Polygon","coordinates":[[[54.387203,24.482327],[54.386455,24.482576],[54.385949,24.483184],[54.386339,24.483458],[54.387087,24.483209],[54.387599,24.482609],[54.387203,24.482327]]]}},{"type":"Feature","properties":{},"geometry":{"type":"Polygon","coordinates":[[[54.38777,24.485163],[54.387693,24.485232],[54.387744,24.485278],[54.387894,24.485229],[54.38797,24.485159],[54.387919,24.485113],[54.38777,24.485163]]]}},{"type":"Feature","properties":{},"geometry":{"type":"Polygon","coordinates":[[[54.389659,24.485745],[54.389615,24.485699],[54.389693,24.485636],[54.389584,24.485525],[54.389435,24.485575],[54.389293,24.485689],[54.389446,24.485845],[54.389596,24.485795],[54.389659,24.485745]]]}},{"type":"Feature","properties":{},"geometry":{"type":"Polygon","coordinates":[[[54.387364,24.48671],[54.387215,24.48676],[54.387116,24.486869],[54.387163,24.486905],[54.387313,24.486855],[54.38741,24.486744],[54.387364,24.48671]]]}},{"type":"Feature","properties":{},"geometry":{"type":"Polygon","coordinates":[[[54.387449,24.486816],[54.3873,24.486866],[54.38723,24.486942],[54.38732,24.487008],[54.387469,24.486958],[54.387539,24.486882],[54.387449,24.486816]]]}},{"type":"Feature","properties":{},"geometry":{"type":"Polygon","coordinates":[[[54.386453,24.486984],[54.386304,24.487034],[54.386189,24.48716],[54.386276,24.487224],[54.386425,24.487174],[54.386544,24.487055],[54.386453,24.486984]]]}},{"type":"Feature","properties":{},"geometry":{"type":"Polygon","coordinates":[[[54.384808,24.487298],[54.384658,24.487348],[54.384582,24.487436],[54.384645,24.48748],[54.384795,24.48743],[54.384873,24.487343],[54.384808,24.487298]]]}},{"type":"Feature","properties":{},"geometry":{"type":"Polygon","coordinates":[[[54.386903,24.487165],[54.386943,24.487126],[54.386854,24.487055],[54.386105,24.487303],[54.385767,24.487684],[54.385865,24.48776],[54.385927,24.48774],[54.386061,24.487839],[54.386078,24.488009],[54.386222,24.487995],[54.38697,24.487746],[54.386947,24.487591],[54.387047,24.487483],[54.387264,24.487411],[54.387253,24.487282],[54.387069,24.487297],[54.386903,24.487165]]]}},{"type":"Feature","properties":{},"geometry":{"type":"Polygon","coordinates":[[[54.385915,24.48987],[54.386065,24.48982],[54.386101,24.489776],[54.386018,24.489718],[54.386191,24.48966],[54.38632,24.489485],[54.386041,24.489309],[54.385867,24.489367],[54.385917,24.489299],[54.385846,24.489256],[54.385696,24.489306],[54.385605,24.489431],[54.385629,24.489446],[54.385484,24.489497],[54.385445,24.48954],[54.385476,24.489562],[54.385424,24.489631],[54.385692,24.489826],[54.385801,24.48979],[54.385915,24.48987]]]}},{"type":"Feature","properties":{},"geometry":{"type":"Polygon","coordinates":[[[54.385958,24.489897],[54.386046,24.489961],[54.386196,24.489911],[54.386232,24.489871],[54.386143,24.489808],[54.385993,24.489858],[54.385958,24.489897]]]}},{"type":"Feature","properties":{},"geometry":{"type":"Polygon","coordinates":[[[54.386962,24.490082],[54.386964,24.490038],[54.3869,24.490036],[54.38675,24.490086],[54.386748,24.490129],[54.386813,24.490131],[54.386962,24.490082]]]}},{"type":"Feature","properties":{},"geometry":{"type":"Polygon","coordinates":[[[54.387058,24.490415],[54.387178,24.490277],[54.386955,24.490116],[54.386805,24.490166],[54.386685,24.490306],[54.386908,24.490465],[54.387058,24.490415]]]}},{"type":"Feature","properties":{},"geometry":{"type":"Polygon","coordinates":[[[54.384479,24.491625],[54.384521,24.491662],[54.384424,24.491694],[54.384358,24.491774],[54.384389,24.491795],[54.384335,24.491837],[54.384617,24.492035],[54.384767,24.491986],[54.384796,24.491952],[54.384786,24.491945],[54.384815,24.491935],[54.384881,24.491855],[54.384594,24.491658],[54.38468,24.491629],[54.38503,24.491868],[54.384944,24.491898],[54.384788,24.492031],[54.384831,24.492073],[54.384459,24.492196],[54.384415,24.492246],[54.384336,24.492272],[54.384275,24.492319],[54.384205,24.492423],[54.384405,24.492535],[54.384309,24.492567],[54.384277,24.49261],[54.384372,24.492666],[54.384394,24.492659],[54.384378,24.492675],[54.384441,24.492727],[54.384419,24.492752],[54.385336,24.493416],[54.386085,24.493168],[54.386313,24.492575],[54.386068,24.492402],[54.386208,24.492355],[54.386267,24.492254],[54.386236,24.492187],[54.386149,24.492098],[54.386123,24.491932],[54.386123,24.491827],[54.386277,24.491775],[54.386347,24.491691],[54.386237,24.491616],[54.386457,24.491498],[54.386623,24.4913],[54.386173,24.490967],[54.386297,24.490926],[54.386342,24.490856],[54.386304,24.490835],[54.386313,24.490821],[54.386213,24.490767],[54.386063,24.490817],[54.386033,24.490863],[54.385526,24.490487],[54.385214,24.490591],[54.384464,24.491482],[54.384587,24.491566],[54.384516,24.491589],[54.384479,24.491625]],[[54.385196,24.492031],[54.38515,24.491986],[54.385173,24.491966],[54.385245,24.492015],[54.385196,24.492031]],[[54.385253,24.492108],[54.385287,24.492126],[54.385172,24.492164],[54.385278,24.492037],[54.385293,24.492047],[54.385253,24.492108]],[[54.384529,24.492606],[54.384553,24.492574],[54.384476,24.492527],[54.384664,24.492465],[54.384647,24.492486],[54.384688,24.492514],[54.384593,24.492545],[54.384529,24.492606]]]}},{"type":"Feature","properties":{},"geometry":{"type":"Polygon","coordinates":[[[54.387473,24.493133],[54.387057,24.493846],[54.387239,24.493916],[54.387987,24.493667],[54.388409,24.492957],[54.388344,24.492845],[54.38829,24.492837],[54.387542,24.493086],[54.387473,24.493133]]]}},{"type":"Feature","properties":{},"geometry":{"type":"Polygon","coordinates":[[[54.388353,24.494361],[54.388385,24.495023],[54.388475,24.495019],[54.388483,24.49518],[54.388594,24.495176],[54.389342,24.494927],[54.389315,24.494376],[54.389422,24.494363],[54.39017,24.494115],[54.390121,24.493761],[54.389311,24.493854],[54.389198,24.493892],[54.389183,24.493879],[54.389235,24.493825],[54.389231,24.49374],[54.389187,24.493706],[54.389216,24.493696],[54.389214,24.493647],[54.389112,24.493651],[54.389108,24.493557],[54.389031,24.493561],[54.388279,24.493813],[54.388286,24.493949],[54.38823,24.493967],[54.388233,24.493991],[54.388164,24.494014],[54.388131,24.494134],[54.388189,24.494147],[54.388294,24.494112],[54.388301,24.494251],[54.38839,24.494322],[54.388353,24.494361]]]}},{"type":"Feature","properties":{},"geometry":{"type":"Polygon","coordinates":[[[54.386198,24.495066],[54.386538,24.495295],[54.387698,24.49491],[54.387827,24.494738],[54.387628,24.494616],[54.387724,24.49438],[54.387981,24.494294],[54.388056,24.494112],[54.387649,24.493977],[54.386489,24.494362],[54.386198,24.495066]]]}},{"type":"Feature","properties":{},"geometry":{"type":"Polygon","coordinates":[[[54.385403,24.494783],[54.385326,24.494734],[54.38512,24.4948],[54.384984,24.494976],[54.385075,24.495046],[54.385162,24.49509],[54.385311,24.49504],[54.385443,24.494869],[54.385372,24.494824],[54.385403,24.494783]]]}},{"type":"Feature","properties":{},"geometry":{"type":"Polygon","coordinates":[[[54.387996,24.495755],[54.388009,24.495863],[54.388082,24.495856],[54.38809,24.495919],[54.388347,24.495893],[54.388496,24.495844],[54.388485,24.495747],[54.388404,24.495755],[54.388398,24.495709],[54.388299,24.495719],[54.388296,24.49569],[54.388146,24.495705],[54.387996,24.495755]]]}},{"type":"Feature","properties":{},"geometry":{"type":"Polygon","coordinates":[[[54.38694,24.496187],[54.386709,24.496212],[54.386397,24.496315],[54.38653,24.497322],[54.386445,24.497351],[54.386453,24.497421],[54.386416,24.497434],[54.38646,24.497796],[54.386499,24.497792],[54.386518,24.497947],[54.38649,24.497956],[54.3865,24.49804],[54.386125,24.498164],[54.386163,24.498476],[54.386553,24.498437],[54.386558,24.498473],[54.386606,24.498469],[54.386647,24.498808],[54.38702,24.49877],[54.387145,24.498729],[54.387127,24.498586],[54.387246,24.498547],[54.387245,24.498533],[54.388313,24.498178],[54.388306,24.498126],[54.38847,24.49811],[54.388782,24.498006],[54.388712,24.497474],[54.388971,24.497388],[54.388962,24.497313],[54.388982,24.497306],[54.38896,24.497113],[54.388935,24.497116],[54.388926,24.497036],[54.388658,24.497062],[54.388649,24.496995],[54.387604,24.497104],[54.387293,24.497213],[54.387077,24.497236],[54.387056,24.497075],[54.387325,24.497035],[54.387316,24.496965],[54.387668,24.496926],[54.388417,24.496678],[54.388325,24.495985],[54.387574,24.496068],[54.386951,24.496274],[54.38694,24.496187]]]}},{"type":"Feature","properties":{},"geometry":{"type":"Polygon","coordinates":[[[54.384421,24.497102],[54.384271,24.497151],[54.384197,24.497246],[54.384266,24.497291],[54.384416,24.497242],[54.384491,24.497147],[54.384421,24.497102]]]}},{"type":"Feature","properties":{},"geometry":{"type":"Polygon","coordinates":[[[54.389452,24.497653],[54.389453,24.497689],[54.389393,24.497709],[54.389399,24.497855],[54.389601,24.497843],[54.38975,24.497793],[54.389743,24.497623],[54.389684,24.497625],[54.389683,24.497601],[54.389601,24.497604],[54.389452,24.497653]]]}},{"type":"Feature","properties":{},"geometry":{"type":"Polygon","coordinates":[[[54.386821,24.498921],[54.386817,24.498866],[54.386647,24.498885],[54.386497,24.498935],[54.386503,24.498989],[54.386672,24.498971],[54.386821,24.498921]]]}},{"type":"Feature","properties":{},"geometry":{"type":"Polygon","coordinates":[[[54.387915,24.50017],[54.387841,24.500174],[54.387727,24.499275],[54.386775,24.499375],[54.386027,24.499624],[54.38602,24.499754],[54.386117,24.500003],[54.385276,24.500282],[54.385172,24.500331],[54.385159,24.500366],[54.385171,24.500409],[54.385242,24.500452],[54.385526,24.500464],[54.385668,24.500417],[54.385955,24.50039],[54.386319,24.500269],[54.386487,24.500458],[54.386699,24.500626],[54.38647,24.500703],[54.386481,24.50082],[54.386451,24.50083],[54.386463,24.500953],[54.386489,24.500951],[54.3865,24.501062],[54.387127,24.501012],[54.387239,24.500975],[54.387295,24.501436],[54.387402,24.501425],[54.387406,24.501457],[54.387567,24.501441],[54.387719,24.501391],[54.387756,24.501698],[54.387423,24.501809],[54.387436,24.501938],[54.387782,24.501908],[54.387789,24.501966],[54.387927,24.501952],[54.387899,24.501981],[54.387414,24.502148],[54.387428,24.502301],[54.386761,24.502522],[54.386774,24.502641],[54.386741,24.502652],[54.386753,24.502765],[54.386785,24.502762],[54.386798,24.50288],[54.387258,24.502838],[54.387228,24.502905],[54.387334,24.50294],[54.387408,24.503102],[54.385566,24.503722],[54.385543,24.503847],[54.385874,24.503802],[54.385879,24.503987],[54.388232,24.503194],[54.388072,24.503066],[54.388043,24.503076],[54.387896,24.50273],[54.38794,24.502653],[54.388452,24.502483],[54.388555,24.503297],[54.389768,24.50317],[54.389955,24.503108],[54.389893,24.502615],[54.390055,24.502596],[54.390131,24.503191],[54.390882,24.503127],[54.391157,24.503036],[54.391106,24.502576],[54.391418,24.50248],[54.391259,24.501153],[54.391422,24.501135],[54.391921,24.500969],[54.391889,24.500727],[54.391623,24.500751],[54.391226,24.500883],[54.39098,24.498843],[54.389877,24.498968],[54.389602,24.499059],[54.389685,24.499709],[54.389471,24.499728],[54.389403,24.499085],[54.388005,24.4992],[54.387818,24.499263],[54.387915,24.50017]],[[54.389711,24.499925],[54.390029,24.502401],[54.389868,24.502417],[54.389851,24.502276],[54.388716,24.502395],[54.388767,24.502378],[54.389193,24.502338],[54.38938,24.502276],[54.389365,24.502116],[54.389783,24.501969],[54.389737,24.501471],[54.389597,24.501482],[54.389594,24.501451],[54.389464,24.501461],[54.389305,24.501514],[54.389295,24.501406],[54.389338,24.501321],[54.389392,24.501327],[54.389498,24.501375],[54.389685,24.501313],[54.389647,24.500933],[54.38946,24.500995],[54.389377,24.501045],[54.389335,24.501049],[54.389208,24.500967],[54.389199,24.500899],[54.389628,24.500753],[54.389567,24.500249],[54.389426,24.500263],[54.389421,24.500227],[54.389282,24.500242],[54.38913,24.500292],[54.389113,24.500147],[54.388934,24.500163],[54.389065,24.500119],[54.389058,24.500057],[54.38931,24.500034],[54.389497,24.499972],[54.389494,24.499947],[54.389711,24.499925]]]}},{"type":"Feature","properties":{},"geometry":{"type":"Polygon","coordinates":[[[54.389134,24.503267],[54.388985,24.503316],[54.388984,24.50337],[54.389091,24.503372],[54.38924,24.503322],[54.389242,24.503268],[54.389134,24.503267]]]}},{"type":"Feature","properties":{},"geometry":{"type":"Polygon","coordinates":[[[54.388809,24.503403],[54.388959,24.503353],[54.388952,24.503303],[54.388737,24.503327],[54.388587,24.503377],[54.388594,24.503428],[54.388809,24.503403]]]}},{"type":"Feature","properties":{},"geometry":{"type":"Polygon","coordinates":[[[54.387834,24.503654],[54.387846,24.503696],[54.38806,24.503632],[54.388048,24.50359],[54.387834,24.503654]]]}},{"type":"Feature","properties":{},"geometry":{"type":"Polygon","coordinates":[[[54.387257,24.504075],[54.387212,24.50409],[54.38722,24.504136],[54.387341,24.504104],[54.387343,24.50415],[54.387408,24.504148],[54.387557,24.504098],[54.387554,24.504018],[54.3875,24.50402],[54.387525,24.504011],[54.387519,24.503969],[54.3874,24.503984],[54.387251,24.504034],[54.387257,24.504075]]]}},{"type":"Feature","properties":{},"geometry":{"type":"Polygon","coordinates":[[[54.389152,24.507028],[54.389003,24.507078],[54.389006,24.507112],[54.389102,24.507104],[54.389251,24.507055],[54.389248,24.507021],[54.389152,24.507028]]]}},{"type":"Feature","properties":{},"geometry":{"type":"Polygon","coordinates":[[[54.39058,24.482459],[54.390431,24.482508],[54.390413,24.482632],[54.390548,24.482644],[54.390697,24.482594],[54.390718,24.482472],[54.39058,24.482459]]]}},{"type":"Feature","properties":{},"geometry":{"type":"MultiPolygon","coordinates":[[[[54.391041,24.482889],[54.390994,24.482963],[54.390907,24.482992],[54.390847,24.483074],[54.390908,24.48311],[54.390776,24.483336],[54.390983,24.483438],[54.390725,24.483524],[54.390516,24.48373],[54.390721,24.483877],[54.391109,24.483748],[54.391037,24.48381],[54.391174,24.483946],[54.391324,24.483896],[54.391411,24.48382],[54.391274,24.483685],[54.39123,24.483699],[54.3913,24.483619],[54.391285,24.483607],[54.391324,24.483594],[54.391408,24.483498],[54.391367,24.483467],[54.391239,24.48337],[54.391503,24.483283],[54.39158,24.48316],[54.39149,24.483096],[54.391516,24.483053],[54.391667,24.483003],[54.391742,24.482883],[54.391509,24.482769],[54.391442,24.482792],[54.391195,24.48268],[54.391123,24.482704],[54.391149,24.48266],[54.391062,24.48262],[54.391019,24.482635],[54.391035,24.482607],[54.390942,24.482565],[54.390792,24.482615],[54.39071,24.482761],[54.390518,24.482654],[54.390369,24.482704],[54.390311,24.482785],[54.39056,24.482923],[54.39071,24.482873],[54.390727,24.482848],[54.390762,24.482866],[54.390813,24.482849],[54.390797,24.482878],[54.390878,24.482916],[54.391028,24.482867],[54.391054,24.482822],[54.391107,24.482847],[54.391102,24.482868],[54.391041,24.482889]]],[[[54.391462,24.483507],[54.391612,24.483457],[54.391627,24.483427],[54.391532,24.483387],[54.391382,24.483437],[54.391367,24.483467],[54.391462,24.483507]]]]}},{"type":"Feature","properties":{},"geometry":{"type":"Polygon","coordinates":[[[54.389997,24.482755],[54.389848,24.482805],[54.389758,24.482874],[54.389823,24.482944],[54.389972,24.482894],[54.390062,24.482824],[54.389997,24.482755]]]}},{"type":"Feature","properties":{},"geometry":{"type":"Polygon","coordinates":[[[54.392132,24.483361],[54.392225,24.483404],[54.392375,24.483354],[54.392476,24.48318],[54.392379,24.483134],[54.392309,24.483158],[54.392319,24.48314],[54.392257,24.483117],[54.392281,24.483077],[54.392174,24.483027],[54.392124,24.483044],[54.392042,24.483006],[54.391892,24.483056],[54.391872,24.483093],[54.391968,24.483139],[54.391999,24.483129],[54.392112,24.483174],[54.392057,24.483268],[54.392111,24.483292],[54.392183,24.483268],[54.392132,24.483361]]]}},{"type":"Feature","properties":{},"geometry":{"type":"Polygon","coordinates":[[[54.390622,24.484419],[54.39053,24.484497],[54.390649,24.484613],[54.390799,24.484563],[54.39089,24.484485],[54.390771,24.484369],[54.390622,24.484419]]]}},{"type":"Feature","properties":{},"geometry":{"type":"Polygon","coordinates":[[[54.393186,24.487801],[54.393136,24.487844],[54.393178,24.487884],[54.393086,24.487966],[54.392872,24.487985],[54.392685,24.488047],[54.392722,24.488403],[54.392555,24.488609],[54.392483,24.488575],[54.392314,24.488534],[54.392127,24.488596],[54.392118,24.488637],[54.392028,24.488667],[54.391938,24.489002],[54.392116,24.489011],[54.392351,24.48908],[54.392527,24.489188],[54.39266,24.489326],[54.392618,24.48934],[54.392626,24.489407],[54.392481,24.489455],[54.392522,24.489803],[54.392675,24.489788],[54.392689,24.489905],[54.392774,24.489897],[54.392734,24.490057],[54.392701,24.490069],[54.392708,24.490134],[54.392562,24.490183],[54.39258,24.490331],[54.392265,24.49049],[54.392143,24.490511],[54.391935,24.490511],[54.391736,24.490465],[54.391548,24.490527],[54.391534,24.490564],[54.391548,24.490639],[54.391513,24.490662],[54.391464,24.490772],[54.391537,24.490841],[54.391755,24.490884],[54.392116,24.490996],[54.392316,24.490932],[54.392382,24.491059],[54.392797,24.491005],[54.393114,24.491192],[54.393311,24.491116],[54.393349,24.491157],[54.393441,24.491211],[54.393548,24.491236],[54.393623,24.491232],[54.393204,24.491372],[54.393003,24.491604],[54.393241,24.491775],[54.393174,24.491852],[54.39337,24.491993],[54.393099,24.492084],[54.39292,24.492289],[54.39302,24.49236],[54.392812,24.492429],[54.392808,24.492401],[54.392226,24.492479],[54.390093,24.493187],[54.390156,24.493573],[54.390737,24.493495],[54.392104,24.493041],[54.392126,24.493057],[54.392186,24.493037],[54.392263,24.493092],[54.394184,24.492454],[54.394261,24.492365],[54.394752,24.492202],[54.394827,24.492108],[54.394752,24.492059],[54.394799,24.491999],[54.395132,24.491889],[54.395234,24.491772],[54.395139,24.491703],[54.395182,24.491654],[54.395054,24.491562],[54.395386,24.491452],[54.395487,24.491335],[54.395392,24.491267],[54.395435,24.491218],[54.395272,24.491101],[54.395424,24.49105],[54.395626,24.490818],[54.395387,24.490647],[54.394737,24.490862],[54.395053,24.490483],[54.394882,24.49037],[54.394497,24.490409],[54.394252,24.490501],[54.394037,24.490762],[54.394011,24.490704],[54.393938,24.490627],[54.393842,24.490574],[54.393734,24.490551],[54.39384,24.490494],[54.393976,24.490308],[54.394669,24.490078],[54.394655,24.489954],[54.394745,24.489924],[54.394704,24.489573],[54.394603,24.489582],[54.394592,24.489484],[54.39441,24.489501],[54.393461,24.489816],[54.393324,24.489738],[54.394585,24.489319],[54.394574,24.489227],[54.394664,24.489197],[54.394622,24.488843],[54.39452,24.488853],[54.394508,24.488755],[54.394327,24.488773],[54.393764,24.48896],[54.39375,24.488869],[54.393404,24.488914],[54.394968,24.488395],[54.395185,24.488219],[54.395111,24.488144],[54.395209,24.488065],[54.395036,24.487889],[54.394858,24.487633],[54.394986,24.48759],[54.39537,24.487249],[54.395338,24.487219],[54.395256,24.487186],[54.395144,24.487174],[54.395019,24.487192],[54.393186,24.487801]],[[54.393164,24.488565],[54.393019,24.488682],[54.393057,24.488601],[54.393088,24.488571],[54.393164,24.488565]]]}},{"type":"Feature","properties":{},"geometry":{"type":"Polygon","coordinates":[[[54.392502,24.49146],[54.392499,24.491431],[54.392896,24.4913],[54.392869,24.491091],[54.392169,24.491164],[54.39142,24.491412],[54.391461,24.491739],[54.391754,24.491708],[54.392502,24.49146]]]}},{"type":"Feature","properties":{},"geometry":{"type":"Polygon","coordinates":[[[54.390867,24.492788],[54.392963,24.492093],[54.39299,24.491892],[54.392934,24.491532],[54.39246,24.491593],[54.390365,24.492289],[54.390447,24.492818],[54.390249,24.492992],[54.390355,24.493088],[54.390505,24.493039],[54.390693,24.492868],[54.390638,24.492818],[54.390867,24.492788]]]}},{"type":"Feature","properties":{},"geometry":{"type":"Polygon","coordinates":[[[54.392811,24.494656],[54.392846,24.494896],[54.393114,24.494864],[54.393613,24.494698],[54.393582,24.494482],[54.393522,24.49449],[54.393515,24.494441],[54.393367,24.494459],[54.392868,24.494625],[54.39287,24.494637],[54.392811,24.494656]]]}},{"type":"Feature","properties":{},"geometry":{"type":"Polygon","coordinates":[[[54.391993,24.496329],[54.392151,24.496276],[54.392908,24.496201],[54.39298,24.496178],[54.392991,24.496257],[54.393115,24.496243],[54.393864,24.495994],[54.393985,24.495886],[54.394285,24.495786],[54.3942,24.495176],[54.393632,24.495242],[54.39329,24.495356],[54.392676,24.495443],[54.391927,24.495692],[54.391993,24.496329]]]}},{"type":"Feature","properties":{},"geometry":{"type":"Polygon","coordinates":[[[54.389477,24.495961],[54.389512,24.496243],[54.389399,24.496281],[54.389408,24.496356],[54.389425,24.496354],[54.389456,24.496612],[54.389641,24.496593],[54.390242,24.496394],[54.390493,24.496378],[54.390643,24.496328],[54.39063,24.496099],[54.390614,24.4961],[54.390627,24.496096],[54.390576,24.495677],[54.390109,24.495729],[54.389959,24.495779],[54.38996,24.4958],[54.389841,24.495821],[54.389691,24.495871],[54.389695,24.495888],[54.389477,24.495961]],[[54.390378,24.496255],[54.39041,24.496244],[54.390412,24.496273],[54.390389,24.496273],[54.390378,24.496255]]]}},{"type":"Feature","properties":{},"geometry":{"type":"Polygon","coordinates":[[[54.391036,24.4971],[54.391034,24.497194],[54.391154,24.497196],[54.391304,24.497146],[54.391309,24.49707],[54.391393,24.497055],[54.391393,24.497067],[54.391514,24.497062],[54.391663,24.497013],[54.391661,24.496974],[54.391541,24.496979],[54.391497,24.496993],[54.391422,24.496985],[54.391272,24.497035],[54.391272,24.497052],[54.391186,24.49705],[54.391036,24.4971]]]}},{"type":"Feature","properties":{},"geometry":{"type":"Polygon","coordinates":[[[54.391458,24.49714],[54.391466,24.497177],[54.39167,24.497118],[54.391662,24.49708],[54.391458,24.49714]]]}},{"type":"Feature","properties":{},"geometry":{"type":"Polygon","coordinates":[[[54.391232,24.497178],[54.391082,24.497227],[54.39108,24.497291],[54.391193,24.497294],[54.391343,24.497244],[54.391345,24.497181],[54.391232,24.497178]]]}},{"type":"Feature","properties":{},"geometry":{"type":"Polygon","coordinates":[[[54.394542,24.496821],[54.393794,24.49707],[54.393562,24.497354],[54.393642,24.497639],[54.393893,24.497757],[54.394641,24.497508],[54.394769,24.497442],[54.394885,24.497348],[54.394874,24.497274],[54.394918,24.497211],[54.394997,24.497172],[54.39503,24.497114],[54.394542,24.496821]]]}},{"type":"Feature","properties":{},"geometry":{"type":"Polygon","coordinates":[[[54.393313,24.498116],[54.393163,24.498166],[54.39316,24.498246],[54.393202,24.498247],[54.393352,24.498198],[54.393355,24.498117],[54.393313,24.498116]]]}},{"type":"Feature","properties":{},"geometry":{"type":"Polygon","coordinates":[[[54.391505,24.497815],[54.390487,24.498153],[54.389896,24.498215],[54.388399,24.498712],[54.388444,24.499066],[54.389477,24.498958],[54.389852,24.498844],[54.391913,24.49816],[54.391881,24.497941],[54.391505,24.497815]]]}},{"type":"Feature","properties":{},"geometry":{"type":"Polygon","coordinates":[[[54.392717,24.498908],[54.392873,24.499914],[54.394621,24.49972],[54.39537,24.499471],[54.39526,24.498664],[54.395136,24.498542],[54.393466,24.49866],[54.392717,24.498908]]]}},{"type":"Feature","properties":{},"geometry":{"type":"Polygon","coordinates":[[[54.392091,24.503633],[54.391942,24.503683],[54.39195,24.503732],[54.392041,24.50372],[54.392191,24.50367],[54.392183,24.503621],[54.392091,24.503633]]]}},{"type":"Feature","properties":{},"geometry":{"type":"Polygon","coordinates":[[[54.392463,24.503763],[54.392313,24.503813],[54.392314,24.503862],[54.392405,24.50386],[54.392554,24.503811],[54.392554,24.503762],[54.392463,24.503763]]]}},{"type":"Feature","properties":{},"geometry":{"type":"Polygon","coordinates":[[[54.392105,24.503737],[54.391955,24.503787],[54.391961,24.503889],[54.392124,24.503881],[54.392274,24.503831],[54.392268,24.503729],[54.392105,24.503737]]]}},{"type":"Feature","properties":{},"geometry":{"type":"Polygon","coordinates":[[[54.391904,24.50399],[54.391905,24.504013],[54.391665,24.504093],[54.391723,24.504597],[54.39183,24.504587],[54.392247,24.504449],[54.392354,24.504451],[54.392504,24.504401],[54.392498,24.504316],[54.392592,24.504285],[54.39258,24.504249],[54.392495,24.504273],[54.392488,24.504165],[54.392381,24.504171],[54.392304,24.504197],[54.3923,24.504168],[54.39244,24.504151],[54.39259,24.504102],[54.392558,24.503881],[54.392347,24.503906],[54.392273,24.503931],[54.392272,24.503917],[54.392105,24.503947],[54.392054,24.50394],[54.391904,24.50399]]]}},{"type":"Feature","properties":{},"geometry":{"type":"Polygon","coordinates":[[[54.391678,24.504662],[54.391711,24.504937],[54.392052,24.504903],[54.392023,24.504913],[54.392031,24.504993],[54.392086,24.504988],[54.392236,24.504938],[54.392229,24.504868],[54.392653,24.504727],[54.39262,24.504452],[54.392177,24.504496],[54.391678,24.504662]]]}},{"type":"Feature","properties":{},"geometry":{"type":"Polygon","coordinates":[[[54.392434,24.505178],[54.392432,24.505114],[54.392592,24.505063],[54.392563,24.504815],[54.392452,24.504825],[54.392303,24.504875],[54.392327,24.505083],[54.392208,24.505104],[54.392059,24.505154],[54.392061,24.505263],[54.392243,24.505241],[54.392023,24.505314],[54.392059,24.505814],[54.392274,24.505801],[54.392773,24.505636],[54.392737,24.505136],[54.392522,24.505149],[54.392434,24.505178]]]}},{"type":"Feature","properties":{},"geometry":{"type":"Polygon","coordinates":[[[54.389795,24.505218],[54.389296,24.505383],[54.389343,24.505977],[54.389557,24.505963],[54.390056,24.505797],[54.389993,24.505205],[54.389795,24.505218]]]}},{"type":"Feature","properties":{},"geometry":{"type":"Polygon","coordinates":[[[54.39177,24.50681],[54.391621,24.50686],[54.391626,24.506906],[54.391715,24.506896],[54.391865,24.506847],[54.391859,24.506801],[54.39177,24.50681]]]}},{"type":"Feature","properties":{},"geometry":{"type":"Polygon","coordinates":[[[54.392067,24.506945],[54.392056,24.506902],[54.392098,24.506888],[54.392088,24.506846],[54.39173,24.506946],[54.391738,24.507007],[54.391844,24.50698],[54.391851,24.507009],[54.392067,24.506945]]]}},{"type":"Feature","properties":{},"geometry":{"type":"Polygon","coordinates":[[[54.392031,24.50696],[54.392057,24.507303],[54.392242,24.507291],[54.392741,24.507125],[54.392715,24.506783],[54.39253,24.506794],[54.392031,24.50696]]]}},{"type":"Feature","properties":{},"geometry":{"type":"Polygon","coordinates":[[[54.391664,24.507105],[54.391666,24.507194],[54.391792,24.507191],[54.391942,24.507142],[54.39194,24.507053],[54.391814,24.507055],[54.391664,24.507105]]]}},{"type":"Feature","properties":{},"geometry":{"type":"Polygon","coordinates":[[[54.392904,24.50716],[54.392754,24.50721],[54.392761,24.507264],[54.392842,24.507255],[54.392992,24.507205],[54.392985,24.507152],[54.392904,24.50716]]]}},{"type":"Feature","properties":{},"geometry":{"type":"Polygon","coordinates":[[[54.391035,24.507559],[54.391042,24.507656],[54.391445,24.507631],[54.391944,24.507466],[54.391934,24.507327],[54.391531,24.507352],[54.39118,24.507468],[54.39118,24.507431],[54.391047,24.507429],[54.390897,24.507479],[54.390896,24.507559],[54.391035,24.507559]]]}},{"type":"Feature","properties":{},"geometry":{"type":"Polygon","coordinates":[[[54.393066,24.508784],[54.393216,24.508734],[54.393217,24.5087],[54.39297,24.508709],[54.39282,24.508759],[54.392821,24.508789],[54.393066,24.508784]]]}},{"type":"Feature","properties":{},"geometry":{"type":"Polygon","coordinates":[[[54.392432,24.509861],[54.392539,24.510036],[54.393287,24.509787],[54.393625,24.509616],[54.393613,24.509596],[54.393795,24.509504],[54.393776,24.509474],[54.393889,24.50943],[54.393853,24.509371],[54.393737,24.509409],[54.393591,24.509171],[54.393658,24.509149],[54.393655,24.509094],[54.393604,24.509096],[54.393455,24.509146],[54.393455,24.509161],[54.392815,24.509374],[54.39262,24.509472],[54.392757,24.509696],[54.392432,24.509861]]]}},{"type":"Feature","properties":{},"geometry":{"type":"Polygon","coordinates":[[[54.394018,24.509674],[54.394052,24.509655],[54.394018,24.509606],[54.393828,24.509678],[54.393862,24.509727],[54.393901,24.509714],[54.393868,24.509733],[54.393928,24.509824],[54.394119,24.509751],[54.394058,24.50966],[54.394018,24.509674]]]}},{"type":"Feature","properties":{},"geometry":{"type":"Polygon","coordinates":[[[54.393882,24.509857],[54.393927,24.509944],[54.394173,24.509852],[54.394128,24.509765],[54.393882,24.509857]]]}},{"type":"Feature","properties":{},"geometry":{"type":"Polygon","coordinates":[[[54.393719,24.510005],[54.393725,24.510041],[54.393916,24.509985],[54.393911,24.50995],[54.393719,24.510005]]]}},{"type":"Feature","properties":{},"geometry":{"type":"Polygon","coordinates":[[[54.393843,24.510163],[54.393886,24.510243],[54.394018,24.510199],[54.394007,24.51021],[54.394103,24.510292],[54.394253,24.510242],[54.394351,24.510146],[54.39429,24.510095],[54.394244,24.51011],[54.394225,24.510094],[54.394098,24.510136],[54.394067,24.510079],[54.393845,24.510161],[54.393839,24.510147],[54.394195,24.509998],[54.394163,24.509938],[54.394014,24.509988],[54.393698,24.510124],[54.39371,24.510147],[54.393615,24.510179],[54.393637,24.510232],[54.393843,24.510163]]]}},{"type":"Feature","properties":{},"geometry":{"type":"Polygon","coordinates":[[[54.406771,24.479935],[54.406622,24.479985],[54.406529,24.480062],[54.406593,24.480126],[54.406743,24.480076],[54.406836,24.48],[54.406771,24.479935]]]}},{"type":"Feature","properties":{},"geometry":{"type":"Polygon","coordinates":[[[54.404101,24.481096],[54.403534,24.481285],[54.402924,24.481558],[54.403168,24.481832],[54.403917,24.481584],[54.404445,24.481313],[54.404353,24.481156],[54.404947,24.480958],[54.405052,24.480896],[54.405389,24.480784],[54.405508,24.480697],[54.405367,24.480537],[54.405235,24.480581],[54.405199,24.48054],[54.405905,24.480306],[54.406141,24.480191],[54.406324,24.480095],[54.406255,24.479987],[54.40643,24.479895],[54.406373,24.479805],[54.406258,24.479844],[54.406249,24.479829],[54.406281,24.479812],[54.406176,24.479648],[54.405428,24.479897],[54.405179,24.480028],[54.405235,24.480116],[54.405028,24.480225],[54.405065,24.480283],[54.404989,24.480323],[54.405137,24.480522],[54.404234,24.480815],[54.404003,24.480984],[54.404101,24.481096]]]}},{"type":"Feature","properties":{},"geometry":{"type":"Polygon","coordinates":[[[54.406221,24.480367],[54.406199,24.480374],[54.40616,24.480428],[54.405792,24.48055],[54.405734,24.480599],[54.405789,24.480653],[54.405727,24.480673],[54.405672,24.480719],[54.405715,24.480762],[54.405772,24.480743],[54.405938,24.480907],[54.406437,24.480741],[54.406583,24.480618],[54.40642,24.480458],[54.406444,24.48045],[54.406479,24.480403],[54.406452,24.480387],[54.406484,24.480376],[54.406523,24.480297],[54.406404,24.480249],[54.406254,24.480299],[54.406221,24.480367]]]}},{"type":"Feature","properties":{},"geometry":{"type":"Polygon","coordinates":[[[54.405748,24.480415],[54.405523,24.480502],[54.40555,24.480547],[54.405775,24.48046],[54.405748,24.480415]]]}},{"type":"Feature","properties":{},"geometry":{"type":"Polygon","coordinates":[[[54.404714,24.481136],[54.404697,24.481102],[54.404491,24.481175],[54.404508,24.481209],[54.404714,24.481136]]]}},{"type":"Feature","properties":{},"geometry":{"type":"Polygon","coordinates":[[[54.404213,24.482717],[54.404242,24.482707],[54.404294,24.482812],[54.405417,24.48244],[54.405651,24.482324],[54.405637,24.482277],[54.40588,24.482196],[54.40612,24.482046],[54.406078,24.482001],[54.406228,24.481951],[54.406456,24.481804],[54.406244,24.481517],[54.406178,24.481406],[54.405056,24.481779],[54.404878,24.481882],[54.4048,24.48195],[54.404824,24.481978],[54.404723,24.482012],[54.404499,24.482125],[54.404458,24.482172],[54.404469,24.482201],[54.404276,24.482265],[54.404168,24.48237],[54.404139,24.482492],[54.404165,24.482633],[54.404213,24.482717]]]}},{"type":"Feature","properties":{},"geometry":{"type":"Polygon","coordinates":[[[54.405875,24.48276],[54.406209,24.483269],[54.406708,24.483103],[54.406884,24.483008],[54.406765,24.482826],[54.407605,24.482539],[54.407647,24.482408],[54.407249,24.481963],[54.406002,24.482377],[54.405936,24.482486],[54.405794,24.482552],[54.405927,24.482732],[54.405875,24.48276]]]}},{"type":"Feature","properties":{},"geometry":{"type":"Polygon","coordinates":[[[54.403079,24.482706],[54.402754,24.48227],[54.402424,24.482385],[54.402362,24.482355],[54.402377,24.482242],[54.402291,24.482238],[54.402041,24.482321],[54.401172,24.483236],[54.401172,24.483354],[54.401214,24.483417],[54.401388,24.483457],[54.401737,24.483332],[54.401901,24.483288],[54.402321,24.483298],[54.402846,24.483479],[54.403095,24.483396],[54.403021,24.483179],[54.403255,24.483046],[54.403079,24.482706]]]}},{"type":"Feature","properties":{},"geometry":{"type":"Polygon","coordinates":[[[54.404147,24.485609],[54.404364,24.485279],[54.404384,24.485283],[54.405619,24.484873],[54.405743,24.48448],[54.405471,24.484447],[54.405703,24.48437],[54.405703,24.483852],[54.405455,24.483133],[54.404707,24.483381],[54.404378,24.483514],[54.404564,24.484142],[54.404191,24.484265],[54.404226,24.48449],[54.403751,24.484451],[54.403003,24.4847],[54.402871,24.485147],[54.402778,24.485322],[54.402591,24.485514],[54.403203,24.486049],[54.403951,24.4858],[54.404147,24.485609]]]}},{"type":"Feature","properties":{},"geometry":{"type":"Polygon","coordinates":[[[54.40406,24.486285],[54.404023,24.48626],[54.403971,24.486254],[54.403596,24.486378],[54.40286,24.486732],[54.403069,24.487284],[54.403103,24.487318],[54.403156,24.487332],[54.403767,24.487123],[54.404122,24.486933],[54.40439,24.486736],[54.404417,24.486697],[54.404408,24.486649],[54.40406,24.486285]],[[54.403698,24.486799],[54.403602,24.486854],[54.403554,24.486721],[54.403612,24.486694],[54.403698,24.486799]]]}},{"type":"Feature","properties":{},"geometry":{"type":"Polygon","coordinates":[[[54.401008,24.490132],[54.401852,24.490192],[54.4026,24.489943],[54.40288,24.489596],[54.402625,24.488136],[54.402288,24.488086],[54.401773,24.487981],[54.401144,24.487765],[54.400199,24.487343],[54.400866,24.487117],[54.401207,24.486363],[54.400743,24.486123],[54.399995,24.486372],[54.399883,24.48655],[54.399526,24.486922],[54.398968,24.486502],[54.398219,24.486751],[54.396985,24.4881],[54.398126,24.488954],[54.399447,24.489648],[54.400217,24.489962],[54.401008,24.490132]]]}},{"type":"Feature","properties":{},"geometry":{"type":"Polygon","coordinates":[[[54.405983,24.487822],[54.406127,24.487642],[54.405832,24.487429],[54.405033,24.487694],[54.404887,24.487867],[54.405185,24.488087],[54.405983,24.487822]]]}},{"type":"Feature","properties":{},"geometry":{"type":"Polygon","coordinates":[[[54.408009,24.488702],[54.408637,24.488493],[54.409511,24.488057],[54.40936,24.487784],[54.408952,24.48792],[54.409363,24.48769],[54.409247,24.487364],[54.408499,24.487613],[54.408136,24.487896],[54.407586,24.488259],[54.407661,24.488379],[54.407087,24.488569],[54.407598,24.488281],[54.407318,24.487873],[54.40657,24.488122],[54.405749,24.488586],[54.406028,24.488994],[54.406544,24.488823],[54.406155,24.489043],[54.406435,24.489451],[54.407183,24.489203],[54.407585,24.488968],[54.407644,24.488949],[54.40802,24.488719],[54.408009,24.488702]]]}},{"type":"Feature","properties":{},"geometry":{"type":"Polygon","coordinates":[[[54.400402,24.490694],[54.400362,24.490428],[54.400058,24.490467],[54.399559,24.490633],[54.399599,24.490898],[54.399903,24.490859],[54.400402,24.490694]]]}},{"type":"Feature","properties":{},"geometry":{"type":"Polygon","coordinates":[[[54.398498,24.491854],[54.398348,24.491904],[54.398391,24.492226],[54.398517,24.492208],[54.398667,24.492158],[54.398624,24.49184],[54.398498,24.491854]]]}},{"type":"Feature","properties":{},"geometry":{"type":"Polygon","coordinates":[[[54.398608,24.492273],[54.398602,24.492224],[54.398525,24.492233],[54.398376,24.492283],[54.39842,24.492612],[54.398497,24.492603],[54.398647,24.492553],[54.39864,24.492508],[54.398945,24.49247],[54.399095,24.49242],[54.399082,24.49232],[54.398848,24.492349],[54.398825,24.492216],[54.398753,24.492225],[54.398608,24.492273]]]}},{"type":"Feature","properties":{},"geometry":{"type":"Polygon","coordinates":[[[54.395653,24.492258],[54.395154,24.492423],[54.395089,24.492722],[54.395498,24.492797],[54.395997,24.492631],[54.396062,24.492332],[54.395653,24.492258]]]}},{"type":"Feature","properties":{},"geometry":{"type":"Polygon","coordinates":[[[54.406379,24.492879],[54.406229,24.492929],[54.406099,24.493056],[54.406197,24.493138],[54.406346,24.493088],[54.406476,24.49296],[54.406379,24.492879]]]}},{"type":"Feature","properties":{},"geometry":{"type":"Polygon","coordinates":[[[54.405216,24.492768],[54.405181,24.493053],[54.406041,24.493781],[54.4062,24.493728],[54.406527,24.493456],[54.405951,24.492978],[54.406315,24.492642],[54.406142,24.492521],[54.406355,24.492421],[54.406247,24.492254],[54.406087,24.492307],[54.405216,24.492768]]]}},{"type":"Feature","properties":{},"geometry":{"type":"Polygon","coordinates":[[[54.399918,24.49302],[54.39917,24.493269],[54.399224,24.493655],[54.399955,24.493569],[54.400704,24.493321],[54.400649,24.492935],[54.399918,24.49302]]]}},{"type":"Feature","properties":{},"geometry":{"type":"Polygon","coordinates":[[[54.401445,24.495016],[54.401491,24.495041],[54.401452,24.495102],[54.401535,24.495146],[54.403081,24.494632],[54.403297,24.494746],[54.404045,24.494498],[54.404185,24.494278],[54.404124,24.494246],[54.404554,24.493571],[54.404527,24.493557],[54.404581,24.493471],[54.404418,24.493385],[54.404261,24.493437],[54.404047,24.493458],[54.403823,24.493532],[54.403708,24.493544],[54.403703,24.493509],[54.403359,24.493544],[54.402611,24.493793],[54.402617,24.493845],[54.402525,24.493875],[54.402539,24.493989],[54.401404,24.494366],[54.401449,24.494741],[54.401302,24.494972],[54.401409,24.495028],[54.401445,24.495016]]]}},{"type":"Feature","properties":{},"geometry":{"type":"Polygon","coordinates":[[[54.407852,24.494821],[54.407849,24.494996],[54.407908,24.495165],[54.408059,24.495352],[54.40823,24.495443],[54.408066,24.495684],[54.406894,24.495031],[54.406707,24.495093],[54.406603,24.49538],[54.406562,24.495341],[54.406413,24.49539],[54.406337,24.495456],[54.406388,24.495505],[54.406162,24.495595],[54.406215,24.495683],[54.406448,24.495591],[54.406407,24.495524],[54.406446,24.495562],[54.406549,24.495528],[54.406521,24.495624],[54.406485,24.495609],[54.406264,24.495672],[54.406222,24.495755],[54.40612,24.495788],[54.406075,24.495853],[54.406101,24.495868],[54.406251,24.495819],[54.406266,24.495797],[54.406396,24.495853],[54.406485,24.495823],[54.406445,24.496045],[54.405406,24.49639],[54.404485,24.49605],[54.404173,24.496153],[54.404097,24.496363],[54.402405,24.496925],[54.402208,24.497421],[54.402571,24.49754],[54.402944,24.497416],[54.402861,24.497619],[54.403131,24.497711],[54.402871,24.497798],[54.40261,24.497907],[54.402808,24.498299],[54.403968,24.497914],[54.40404,24.498071],[54.403791,24.498158],[54.403124,24.498432],[54.402737,24.498551],[54.402585,24.498655],[54.402477,24.498837],[54.402461,24.498966],[54.402476,24.499051],[54.39951,24.500036],[54.399397,24.500101],[54.39929,24.500209],[54.399251,24.500275],[54.399307,24.50031],[54.399331,24.500345],[54.399345,24.500389],[54.399337,24.500448],[54.399502,24.500473],[54.399648,24.500456],[54.402646,24.49946],[54.402636,24.499531],[54.40267,24.499602],[54.402688,24.49961],[54.40266,24.499639],[54.402112,24.499821],[54.402076,24.499862],[54.401817,24.500026],[54.401721,24.500061],[54.401707,24.500088],[54.401715,24.500124],[54.401782,24.50021],[54.401876,24.500258],[54.403048,24.499872],[54.403169,24.500009],[54.402728,24.500156],[54.4027,24.500181],[54.402738,24.500226],[54.402697,24.500239],[54.40271,24.500562],[54.402738,24.500565],[54.402763,24.50059],[54.402737,24.500617],[54.402741,24.500639],[54.402812,24.500685],[54.402928,24.500685],[54.40331,24.500558],[54.403335,24.500631],[54.403396,24.50065],[54.404099,24.500418],[54.404216,24.500414],[54.404435,24.500342],[54.404562,24.500333],[54.404989,24.500238],[54.405188,24.500172],[54.405667,24.499947],[54.405928,24.49974],[54.406255,24.499347],[54.406373,24.499138],[54.406474,24.49889],[54.406529,24.498602],[54.406545,24.49833],[54.406522,24.498107],[54.406444,24.497802],[54.405758,24.497675],[54.406,24.497594],[54.406009,24.497554],[54.406053,24.497539],[54.406089,24.497391],[54.405991,24.497374],[54.406693,24.497177],[54.406692,24.497205],[54.406907,24.497226],[54.407034,24.497184],[54.407031,24.497228],[54.407235,24.497248],[54.407145,24.497278],[54.407059,24.497488],[54.407474,24.497719],[54.408709,24.497309],[54.40953,24.496918],[54.409415,24.496737],[54.410179,24.496484],[54.410343,24.49638],[54.410331,24.496365],[54.410552,24.496292],[54.410775,24.496187],[54.410614,24.495998],[54.410461,24.496048],[54.410337,24.495938],[54.409339,24.496269],[54.409048,24.4965],[54.409152,24.49662],[54.409071,24.496674],[54.409144,24.496768],[54.40859,24.496953],[54.40838,24.496868],[54.408206,24.496926],[54.408244,24.496834],[54.407912,24.496733],[54.408833,24.496427],[54.408918,24.496381],[54.408932,24.496347],[54.408922,24.496284],[54.408856,24.496195],[54.408693,24.496072],[54.408481,24.495984],[54.408504,24.495925],[54.408263,24.495794],[54.408451,24.495518],[54.408638,24.495549],[54.408997,24.495529],[54.40934,24.495436],[54.409964,24.495229],[54.409867,24.495048],[54.409653,24.494565],[54.40954,24.494014],[54.409518,24.493451],[54.409564,24.493205],[54.409532,24.493029],[54.409064,24.493135],[54.405256,24.494401],[54.404689,24.494716],[54.404338,24.494979],[54.404064,24.495302],[54.404126,24.495341],[54.404111,24.495359],[54.404208,24.49542],[54.404239,24.49541],[54.404317,24.495462],[54.404508,24.495399],[54.404567,24.495439],[54.407349,24.494515],[54.407852,24.494821]],[[54.405591,24.497918],[54.405672,24.498086],[54.405723,24.498357],[54.405731,24.498575],[54.40572,24.49878],[54.405683,24.498933],[54.405591,24.499101],[54.405513,24.499204],[54.405227,24.499457],[54.404432,24.499721],[54.404343,24.499773],[54.404286,24.499723],[54.404159,24.499696],[54.4041,24.4997],[54.403988,24.499737],[54.403894,24.499653],[54.403777,24.499622],[54.403723,24.499629],[54.405087,24.49919],[54.405252,24.499057],[54.405358,24.498901],[54.40544,24.498736],[54.405445,24.498549],[54.405429,24.498461],[54.405388,24.498458],[54.405412,24.498398],[54.405332,24.498066],[54.405283,24.498019],[54.405209,24.498001],[54.404062,24.498382],[54.404149,24.498291],[54.404172,24.498239],[54.404153,24.498207],[54.404167,24.498192],[54.404081,24.49813],[54.404042,24.498132],[54.404122,24.498105],[54.404135,24.498077],[54.404102,24.498064],[54.404358,24.49798],[54.404599,24.497783],[54.404792,24.497554],[54.404881,24.497594],[54.405028,24.497632],[54.405188,24.497637],[54.405265,24.497612],[54.405241,24.497714],[54.405471,24.497755],[54.405591,24.497918]],[[54.405375,24.496748],[54.40679,24.496278],[54.406918,24.496218],[54.406987,24.496269],[54.407254,24.496292],[54.405246,24.496959],[54.405375,24.496748]],[[54.403841,24.498733],[54.403846,24.49883],[54.403873,24.498901],[54.403914,24.498927],[54.403848,24.49897],[54.403881,24.499003],[54.403406,24.49916],[54.403515,24.499023],[54.403464,24.498982],[54.403434,24.49893],[54.403429,24.498854],[54.403445,24.498825],[54.403547,24.498701],[54.403653,24.49863],[54.40363,24.498579],[54.403768,24.49853],[54.403841,24.498733]],[[54.404425,24.498797],[54.404474,24.49878],[54.404449,24.498802],[54.404425,24.498797]]]}},{"type":"Feature","properties":{},"geometry":{"type":"Polygon","coordinates":[[[54.40635,24.49524],[54.4062,24.495289],[54.406155,24.495357],[54.406222,24.495394],[54.406324,24.49536],[54.40645,24.495366],[54.4066,24.495316],[54.406598,24.495288],[54.406472,24.495298],[54.406383,24.495328],[54.406417,24.495276],[54.40635,24.49524]]]}},{"type":"Feature","properties":{},"geometry":{"type":"Polygon","coordinates":[[[54.406241,24.496042],[54.406239,24.496021],[54.406202,24.496007],[54.40619,24.495968],[54.406017,24.496021],[54.406023,24.49606],[54.406052,24.496085],[54.406091,24.496092],[54.406241,24.496042]]]}},{"type":"Feature","properties":{},"geometry":{"type":"Polygon","coordinates":[[[54.396073,24.498517],[54.395923,24.498567],[54.395921,24.498633],[54.395977,24.498634],[54.396127,24.498585],[54.396129,24.498519],[54.396073,24.498517]]]}},{"type":"Feature","properties":{},"geometry":{"type":"Polygon","coordinates":[[[54.395419,24.499844],[54.39527,24.499894],[54.395298,24.500047],[54.395412,24.50003],[54.395562,24.49998],[54.395534,24.499827],[54.395419,24.499844]]]}},{"type":"Feature","properties":{},"geometry":{"type":"Polygon","coordinates":[[[54.395091,24.500058],[54.395114,24.500163],[54.395296,24.500107],[54.395273,24.500002],[54.395091,24.500058]]]}},{"type":"Feature","properties":{},"geometry":{"type":"Polygon","coordinates":[[[54.394719,24.500386],[54.39474,24.5005],[54.394937,24.500444],[54.394916,24.50033],[54.394719,24.500386]]]}},{"type":"Feature","properties":{},"geometry":{"type":"Polygon","coordinates":[[[54.394922,24.50055],[54.394174,24.500799],[54.394315,24.501647],[54.394881,24.501569],[54.39563,24.50132],[54.395488,24.500472],[54.394922,24.50055]]]}},{"type":"Feature","properties":{},"geometry":{"type":"Polygon","coordinates":[[[54.395661,24.501895],[54.395512,24.501945],[54.395508,24.502047],[54.395594,24.502049],[54.395744,24.502],[54.395747,24.501897],[54.395661,24.501895]]]}},{"type":"Feature","properties":{},"geometry":{"type":"Polygon","coordinates":[[[54.394693,24.50246],[54.394744,24.502768],[54.395175,24.502709],[54.395924,24.502461],[54.395873,24.502153],[54.395441,24.502211],[54.394693,24.50246]]]}},{"type":"Feature","properties":{},"geometry":{"type":"Polygon","coordinates":[[[54.405939,24.504642],[54.405992,24.504809],[54.406233,24.504739],[54.406184,24.50457],[54.405939,24.504642]]]}},{"type":"Feature","properties":{},"geometry":{"type":"Polygon","coordinates":[[[54.397401,24.504687],[54.397252,24.504737],[54.397257,24.504838],[54.39733,24.504835],[54.397479,24.504785],[54.397473,24.504684],[54.397401,24.504687]]]}},{"type":"Feature","properties":{},"geometry":{"type":"Polygon","coordinates":[[[54.4048,24.506367],[54.404567,24.506445],[54.404474,24.506693],[54.404605,24.506733],[54.404449,24.506785],[54.404307,24.507185],[54.404563,24.507277],[54.405062,24.507112],[54.405237,24.506716],[54.405091,24.506667],[54.405252,24.506613],[54.405342,24.506373],[54.406702,24.505922],[54.406793,24.505817],[54.406828,24.505695],[54.406787,24.505553],[54.406674,24.505453],[54.406617,24.505472],[54.406344,24.50524],[54.405596,24.505489],[54.405576,24.505508],[54.405586,24.505474],[54.405385,24.505424],[54.404886,24.50559],[54.404792,24.505905],[54.404882,24.505927],[54.40468,24.505994],[54.404565,24.506292],[54.4048,24.506367]],[[54.405416,24.505814],[54.405464,24.505854],[54.405364,24.505888],[54.405278,24.50586],[54.405416,24.505814]],[[54.405201,24.506273],[54.405296,24.50635],[54.405127,24.506298],[54.405201,24.506273]]]}},{"type":"Feature","properties":{},"geometry":{"type":"Polygon","coordinates":[[[54.403859,24.508565],[54.405356,24.508068],[54.405841,24.507196],[54.407336,24.506699],[54.407629,24.506391],[54.407472,24.506231],[54.407244,24.506239],[54.40556,24.506799],[54.405348,24.507026],[54.404509,24.507305],[54.404437,24.507235],[54.404287,24.507285],[54.404254,24.507313],[54.404313,24.50737],[54.404032,24.507464],[54.403401,24.508563],[54.403496,24.508628],[54.403859,24.508565]]]}},{"type":"Feature","properties":{},"geometry":{"type":"Polygon","coordinates":[[[54.404045,24.509765],[54.403919,24.509933],[54.404068,24.510077],[54.404167,24.510044],[54.404232,24.510088],[54.405418,24.509695],[54.405598,24.509432],[54.405477,24.509367],[54.405309,24.509423],[54.405269,24.509397],[54.406121,24.509114],[54.406232,24.508999],[54.406107,24.508876],[54.406377,24.508786],[54.406489,24.508672],[54.40631,24.508496],[54.406645,24.508385],[54.406757,24.508271],[54.406367,24.507886],[54.405169,24.508284],[54.405051,24.508391],[54.405236,24.508574],[54.404901,24.508685],[54.404783,24.508792],[54.404915,24.508923],[54.404645,24.509012],[54.404527,24.50912],[54.404894,24.509483],[54.404045,24.509765]]]}},{"type":"Feature","properties":{},"geometry":{"type":"Polygon","coordinates":[[[54.406074,24.510806],[54.406106,24.510852],[54.406266,24.510799],[54.406547,24.510635],[54.406487,24.51055],[54.406524,24.510524],[54.406565,24.510262],[54.406505,24.510207],[54.407014,24.510038],[54.407179,24.509921],[54.407148,24.509892],[54.407446,24.509794],[54.40758,24.509657],[54.407511,24.509592],[54.407784,24.509501],[54.4079,24.509383],[54.407703,24.509202],[54.407812,24.509166],[54.407864,24.509122],[54.407708,24.508969],[54.407558,24.509019],[54.407511,24.509059],[54.40634,24.509448],[54.406218,24.509557],[54.406273,24.509608],[54.406003,24.509698],[54.405862,24.509833],[54.405907,24.509874],[54.405613,24.509972],[54.405454,24.510104],[54.405817,24.510436],[54.406084,24.510347],[54.405924,24.510466],[54.40581,24.510522],[54.405565,24.510545],[54.405405,24.510598],[54.405169,24.51076],[54.404987,24.510945],[54.405033,24.510983],[54.405125,24.511015],[54.40543,24.511023],[54.405791,24.510912],[54.406074,24.510806]]]}},{"type":"Feature","properties":{},"geometry":{"type":"Polygon","coordinates":[[[54.396883,24.510805],[54.397139,24.510517],[54.396934,24.510367],[54.396435,24.510533],[54.396182,24.510818],[54.396384,24.510971],[54.396883,24.510805]]]}},{"type":"Feature","properties":{},"geometry":{"type":"Polygon","coordinates":[[[54.405859,24.512123],[54.405887,24.512095],[54.407107,24.511705],[54.407369,24.511562],[54.40813,24.511309],[54.408204,24.511259],[54.408187,24.511239],[54.408511,24.511131],[54.409038,24.51084],[54.409208,24.51078],[54.409241,24.510737],[54.409243,24.510684],[54.409185,24.510624],[54.409124,24.51062],[54.408945,24.510681],[54.408909,24.51072],[54.408264,24.510934],[54.408263,24.510917],[54.40825,24.510917],[54.408264,24.510912],[54.408261,24.510837],[54.408138,24.510861],[54.407933,24.510865],[54.407891,24.510879],[54.407855,24.510834],[54.407724,24.510878],[54.407694,24.510841],[54.407207,24.511003],[54.40716,24.510943],[54.406677,24.511104],[54.406651,24.511065],[54.405902,24.511314],[54.405459,24.511562],[54.405422,24.511665],[54.405479,24.511829],[54.404332,24.512204],[54.404365,24.512481],[54.404388,24.512497],[54.40444,24.512496],[54.404637,24.512431],[54.404684,24.512495],[54.404736,24.512496],[54.405859,24.512123]],[[54.407961,24.510964],[54.408057,24.51095],[54.408015,24.51097],[54.408007,24.511019],[54.407961,24.510964]]]}},{"type":"Feature","properties":{},"geometry":{"type":"Polygon","coordinates":[[[54.410293,24.479935],[54.410224,24.480001],[54.410374,24.48013],[54.410524,24.48008],[54.410593,24.480014],[54.410443,24.479885],[54.410293,24.479935]]]}},{"type":"Feature","properties":{},"geometry":{"type":"Polygon","coordinates":[[[54.409307,24.482887],[54.409157,24.482936],[54.409162,24.483051],[54.409258,24.483048],[54.409408,24.482998],[54.409403,24.482883],[54.409307,24.482887]]]}},{"type":"Feature","properties":{},"geometry":{"type":"Polygon","coordinates":[[[54.407344,24.485261],[54.407562,24.485372],[54.407633,24.485349],[54.407691,24.485425],[54.408489,24.48516],[54.408602,24.485076],[54.408521,24.484985],[54.408829,24.484883],[54.409038,24.484742],[54.408793,24.48444],[54.407995,24.484705],[54.407786,24.484846],[54.407858,24.484935],[54.407536,24.485043],[54.407331,24.485196],[54.407344,24.485261]]]}},{"type":"Feature","properties":{},"geometry":{"type":"Polygon","coordinates":[[[54.410682,24.485268],[54.410574,24.485326],[54.410624,24.485404],[54.410774,24.485354],[54.410882,24.485296],[54.410832,24.485218],[54.410682,24.485268]]]}},{"type":"Feature","properties":{},"geometry":{"type":"Polygon","coordinates":[[[54.406668,24.485721],[54.406818,24.485672],[54.406848,24.485626],[54.406892,24.485663],[54.407042,24.485614],[54.407336,24.485327],[54.407262,24.485263],[54.407112,24.485313],[54.406826,24.485592],[54.406754,24.485552],[54.406605,24.485601],[54.406563,24.485662],[54.406668,24.485721]]]}},{"type":"Feature","properties":{},"geometry":{"type":"Polygon","coordinates":[[[54.4093,24.486178],[54.409707,24.486047],[54.409737,24.486016],[54.41018,24.486776],[54.410504,24.486668],[54.410863,24.4865],[54.410363,24.485619],[54.410402,24.485593],[54.410413,24.48552],[54.410404,24.485468],[54.410388,24.485446],[54.41025,24.485463],[54.410404,24.485395],[54.410434,24.485322],[54.410978,24.485104],[54.410804,24.484786],[54.41048,24.484893],[54.409714,24.485268],[54.409673,24.485244],[54.409349,24.485352],[54.40928,24.485432],[54.409099,24.485508],[54.409015,24.485588],[54.409001,24.485574],[54.408852,24.485623],[54.408773,24.485685],[54.408813,24.485728],[54.408986,24.48566],[54.408978,24.485681],[54.408872,24.485742],[54.408979,24.485894],[54.408993,24.485964],[54.409073,24.486093],[54.40916,24.486168],[54.4093,24.486178]]]}},{"type":"Feature","properties":{},"geometry":{"type":"Polygon","coordinates":[[[54.40658,24.485904],[54.406639,24.485951],[54.406665,24.485943],[54.406657,24.485951],[54.4069,24.486144],[54.407698,24.485879],[54.407889,24.48568],[54.407828,24.485631],[54.407801,24.48564],[54.407564,24.485445],[54.406766,24.48571],[54.40658,24.485904]]]}},{"type":"Feature","properties":{},"geometry":{"type":"Polygon","coordinates":[[[54.407651,24.485895],[54.407501,24.485944],[54.407407,24.486047],[54.407456,24.486084],[54.407605,24.486034],[54.4077,24.485931],[54.407651,24.485895]]]}},{"type":"Feature","properties":{},"geometry":{"type":"Polygon","coordinates":[[[54.409902,24.489136],[54.410587,24.488909],[54.410607,24.488916],[54.410582,24.489041],[54.410204,24.489076],[54.409705,24.489242],[54.409717,24.48935],[54.410123,24.489312],[54.410148,24.48954],[54.409508,24.489753],[54.409577,24.490338],[54.410137,24.490283],[54.410885,24.490035],[54.41087,24.489907],[54.41051,24.489942],[54.410508,24.489927],[54.410457,24.489932],[54.410434,24.489732],[54.410756,24.489625],[54.410828,24.489742],[54.410685,24.489789],[54.410689,24.489831],[54.410738,24.489828],[54.410888,24.489778],[54.410885,24.48974],[54.410902,24.489734],[54.410964,24.489842],[54.411224,24.489891],[54.411207,24.489967],[54.411372,24.490004],[54.411987,24.4898],[54.412054,24.489929],[54.412803,24.48968],[54.412956,24.4896],[54.412923,24.48955],[54.413136,24.489455],[54.41317,24.489378],[54.413261,24.489348],[54.413305,24.489173],[54.412908,24.489041],[54.413489,24.488848],[54.413445,24.488556],[54.412861,24.488626],[54.412817,24.488588],[54.412661,24.48864],[54.412595,24.488585],[54.412673,24.488545],[54.412558,24.488398],[54.412616,24.488218],[54.412969,24.488101],[54.413104,24.487954],[54.412954,24.487868],[54.413025,24.487865],[54.413524,24.4877],[54.413521,24.487621],[54.413488,24.487622],[54.413485,24.487539],[54.413516,24.487528],[54.413513,24.487454],[54.413346,24.487461],[54.4134,24.487443],[54.413388,24.487195],[54.413283,24.487199],[54.413189,24.48723],[54.413107,24.487233],[54.412608,24.487399],[54.412685,24.487618],[54.412798,24.487613],[54.412746,24.48763],[54.412752,24.487762],[54.412516,24.487718],[54.412242,24.487705],[54.41216,24.487733],[54.412157,24.487708],[54.411868,24.487782],[54.41112,24.488031],[54.410833,24.488205],[54.410699,24.488344],[54.410551,24.488356],[54.40939,24.488741],[54.409435,24.489176],[54.409902,24.489136]],[[54.411163,24.488522],[54.410891,24.488613],[54.410877,24.488472],[54.411091,24.4884],[54.411163,24.488522]],[[54.411094,24.489409],[54.410821,24.489559],[54.410815,24.489501],[54.411094,24.489409]]]}},{"type":"Feature","properties":{},"geometry":{"type":"Polygon","coordinates":[[[54.406811,24.490342],[54.406839,24.490423],[54.407054,24.490352],[54.407021,24.490271],[54.406811,24.490342]]]}},{"type":"Feature","properties":{},"geometry":{"type":"Polygon","coordinates":[[[54.409914,24.491196],[54.4102,24.491199],[54.410699,24.491033],[54.410706,24.490766],[54.4106,24.490766],[54.409917,24.490983],[54.409914,24.491196]]]}},{"type":"Feature","properties":{},"geometry":{"type":"Polygon","coordinates":[[[54.409272,24.491156],[54.409037,24.491149],[54.408809,24.49123],[54.408797,24.491344],[54.408859,24.491346],[54.408858,24.491373],[54.409069,24.491379],[54.409219,24.491329],[54.409221,24.491279],[54.409268,24.491263],[54.409272,24.491156]]]}},{"type":"Feature","properties":{},"geometry":{"type":"Polygon","coordinates":[[[54.411111,24.49238],[54.41186,24.492132],[54.411931,24.491223],[54.411435,24.491191],[54.410826,24.491393],[54.41083,24.491311],[54.410457,24.491298],[54.409958,24.491464],[54.409945,24.491788],[54.410317,24.491801],[54.410667,24.491685],[54.410615,24.492348],[54.411111,24.49238]]]}},{"type":"Feature","properties":{},"geometry":{"type":"Polygon","coordinates":[[[54.409415,24.497947],[54.409165,24.497863],[54.408217,24.498187],[54.408219,24.498648],[54.408609,24.498581],[54.409383,24.498324],[54.409415,24.497947]]]}},{"type":"Feature","properties":{},"geometry":{"type":"Polygon","coordinates":[[[54.409862,24.49912],[54.41,24.499266],[54.410244,24.499277],[54.410993,24.499029],[54.410991,24.498666],[54.411076,24.499161],[54.411194,24.499151],[54.411943,24.498902],[54.412125,24.498673],[54.412019,24.498054],[54.412041,24.498045],[54.41181,24.4975],[54.411496,24.497386],[54.410986,24.497555],[54.410985,24.497515],[54.410798,24.49756],[54.41005,24.497809],[54.409876,24.497957],[54.409862,24.49912]]]}},{"type":"Feature","properties":{},"geometry":{"type":"Polygon","coordinates":[[[54.408551,24.500502],[54.408593,24.50063],[54.408684,24.500697],[54.408864,24.500727],[54.408997,24.500725],[54.409746,24.500476],[54.409871,24.500412],[54.409926,24.500296],[54.409975,24.49974],[54.410012,24.49951],[54.409978,24.499439],[54.4099,24.49938],[54.409787,24.499363],[54.409615,24.499373],[54.409296,24.499479],[54.409382,24.499166],[54.409435,24.498769],[54.408993,24.498738],[54.408915,24.498764],[54.408924,24.498611],[54.408852,24.4986],[54.408702,24.49865],[54.408686,24.498709],[54.408732,24.498825],[54.408554,24.498884],[54.408566,24.499238],[54.40848,24.499603],[54.408793,24.499686],[54.408601,24.500288],[54.408551,24.500502]]]}},{"type":"Feature","properties":{},"geometry":{"type":"Polygon","coordinates":[[[54.407875,24.501062],[54.407914,24.501094],[54.408063,24.501044],[54.408114,24.500971],[54.408147,24.500887],[54.408085,24.500876],[54.407935,24.500926],[54.407904,24.500957],[54.407903,24.501004],[54.407875,24.501062]]]}},{"type":"Feature","properties":{},"geometry":{"type":"Polygon","coordinates":[[[54.40859,24.502202],[54.409212,24.501995],[54.409211,24.502225],[54.409311,24.502226],[54.410433,24.501853],[54.410433,24.501836],[54.410568,24.501791],[54.410573,24.501566],[54.410542,24.501564],[54.410544,24.501523],[54.410437,24.50152],[54.409559,24.501812],[54.40961,24.501599],[54.409605,24.501431],[54.408723,24.501471],[54.407975,24.50172],[54.407967,24.501759],[54.407276,24.501989],[54.406948,24.502651],[54.407366,24.502825],[54.408114,24.502577],[54.408255,24.50221],[54.40859,24.502202]]]}},{"type":"Feature","properties":{},"geometry":{"type":"Polygon","coordinates":[[[54.407172,24.502948],[54.40709,24.502976],[54.406966,24.503126],[54.407029,24.503163],[54.407179,24.503113],[54.407298,24.503006],[54.407335,24.502994],[54.407403,24.502885],[54.407345,24.502871],[54.407195,24.50292],[54.407172,24.502948]]]}},{"type":"Feature","properties":{},"geometry":{"type":"Polygon","coordinates":[[[54.40673,24.503413],[54.406768,24.503534],[54.406997,24.503468],[54.406943,24.503344],[54.40673,24.503413]]]}},{"type":"Feature","properties":{},"geometry":{"type":"Polygon","coordinates":[[[54.407036,24.503648],[54.406887,24.503698],[54.406835,24.503855],[54.406924,24.503879],[54.407074,24.503829],[54.407134,24.50368],[54.407036,24.503648]]]}},{"type":"Feature","properties":{},"geometry":{"type":"Polygon","coordinates":[[[54.407602,24.505272],[54.409349,24.504692],[54.409438,24.50459],[54.409488,24.504598],[54.410673,24.504204],[54.410705,24.504046],[54.410233,24.503968],[54.409426,24.504236],[54.409338,24.504161],[54.409909,24.503972],[54.410053,24.503863],[54.40972,24.503497],[54.408535,24.503891],[54.408391,24.503999],[54.408658,24.504293],[54.407513,24.504674],[54.407307,24.504934],[54.407602,24.505272]]]}},{"type":"Feature","properties":{},"geometry":{"type":"Polygon","coordinates":[[[54.406432,24.504537],[54.406282,24.504587],[54.406278,24.504729],[54.406374,24.504731],[54.406523,24.504681],[54.406525,24.504539],[54.406432,24.504537]]]}},{"type":"Feature","properties":{},"geometry":{"type":"Polygon","coordinates":[[[54.407866,24.505725],[54.407717,24.505774],[54.407718,24.505868],[54.407883,24.505892],[54.408033,24.505842],[54.408028,24.505741],[54.407866,24.505725]]]}},{"type":"Feature","properties":{},"geometry":{"type":"Polygon","coordinates":[[[54.409472,24.506175],[54.409587,24.506114],[54.409672,24.506021],[54.409717,24.505908],[54.409719,24.505787],[54.40968,24.50568],[54.409606,24.50559],[54.409506,24.505526],[54.409388,24.505493],[54.409265,24.505495],[54.4084,24.505781],[54.408302,24.505849],[54.408233,24.505942],[54.408199,24.50605],[54.408205,24.506171],[54.408256,24.506282],[54.408345,24.506372],[54.408462,24.506429],[54.408594,24.506447],[54.408724,24.506424],[54.409472,24.506175]]]}},{"type":"Feature","properties":{},"geometry":{"type":"Polygon","coordinates":[[[54.410797,24.506728],[54.410732,24.506708],[54.410747,24.506615],[54.410678,24.506576],[54.410546,24.50654],[54.410371,24.50656],[54.409872,24.506726],[54.409799,24.506777],[54.409799,24.506827],[54.409836,24.506895],[54.409884,24.506905],[54.410003,24.506968],[54.410089,24.506974],[54.410274,24.506958],[54.410773,24.506792],[54.410797,24.506728]]]}},{"type":"Feature","properties":{},"geometry":{"type":"Polygon","coordinates":[[[54.406919,24.506861],[54.406799,24.506901],[54.406702,24.506989],[54.406735,24.507022],[54.406629,24.507114],[54.406663,24.507151],[54.406557,24.507236],[54.406899,24.507554],[54.407019,24.507514],[54.40712,24.507428],[54.407102,24.50741],[54.407155,24.507365],[54.407231,24.50734],[54.407333,24.507251],[54.406919,24.506861]]]}},{"type":"Feature","properties":{},"geometry":{"type":"Polygon","coordinates":[[[54.406451,24.50742],[54.406571,24.507571],[54.406721,24.507521],[54.406764,24.507492],[54.406644,24.507341],[54.406495,24.507391],[54.406451,24.50742]]]}},{"type":"Feature","properties":{},"geometry":{"type":"Polygon","coordinates":[[[54.410332,24.507855],[54.410313,24.507789],[54.410247,24.507805],[54.410204,24.507719],[54.410122,24.507721],[54.409662,24.507864],[54.409709,24.507832],[54.409692,24.507556],[54.409481,24.507344],[54.408982,24.50751],[54.408788,24.507678],[54.409149,24.50804],[54.409479,24.50793],[54.409357,24.508025],[54.409326,24.508104],[54.409355,24.508146],[54.409428,24.508185],[54.409474,24.50817],[54.409611,24.508164],[54.41011,24.507998],[54.410332,24.507855]]]}},{"type":"Feature","properties":{},"geometry":{"type":"Polygon","coordinates":[[[54.407167,24.507749],[54.407017,24.507799],[54.406987,24.507831],[54.407022,24.507857],[54.407171,24.507807],[54.407201,24.507774],[54.407167,24.507749]]]}},{"type":"Feature","properties":{},"geometry":{"type":"Polygon","coordinates":[[[54.408727,24.507907],[54.40873,24.50796],[54.408696,24.507971],[54.408701,24.508077],[54.40889,24.508025],[54.408889,24.508003],[54.408918,24.507994],[54.408925,24.507856],[54.408877,24.507857],[54.408727,24.507907]]]}},{"type":"Feature","properties":{},"geometry":{"type":"Polygon","coordinates":[[[54.409278,24.508116],[54.409128,24.508166],[54.409039,24.50824],[54.409082,24.508282],[54.409231,24.508233],[54.40932,24.508159],[54.409278,24.508116]]]}},{"type":"Feature","properties":{},"geometry":{"type":"Polygon","coordinates":[[[54.409334,24.508542],[54.409273,24.508456],[54.409212,24.508476],[54.409158,24.5084],[54.408659,24.508566],[54.408515,24.50865],[54.408562,24.508716],[54.408488,24.508774],[54.408506,24.5088],[54.40847,24.508821],[54.408501,24.508864],[54.40854,24.508851],[54.408558,24.508876],[54.409057,24.508711],[54.409117,24.508675],[54.409108,24.508662],[54.409334,24.508542]]]}},{"type":"Feature","properties":{},"geometry":{"type":"Polygon","coordinates":[[[54.40755,24.50889],[54.407615,24.508841],[54.407587,24.508811],[54.407438,24.508861],[54.407373,24.508911],[54.4074,24.50894],[54.40755,24.50889]]]}},{"type":"Feature","properties":{},"geometry":{"type":"Polygon","coordinates":[[[54.406149,24.509086],[54.406108,24.509131],[54.406194,24.509195],[54.406344,24.509146],[54.406384,24.509101],[54.406299,24.509036],[54.406149,24.509086]]]}},{"type":"Feature","properties":{},"geometry":{"type":"Polygon","coordinates":[[[54.410005,24.509826],[54.409506,24.509991],[54.409163,24.510304],[54.409348,24.510472],[54.409847,24.510306],[54.41019,24.509994],[54.410005,24.509826]]]}},{"type":"Feature","properties":{},"geometry":{"type":"Polygon","coordinates":[[[54.408706,24.511259],[54.408226,24.511525],[54.408234,24.511538],[54.407983,24.511621],[54.407489,24.511899],[54.407708,24.512222],[54.408457,24.511973],[54.40895,24.511696],[54.408942,24.511684],[54.409192,24.511602],[54.409672,24.511336],[54.409525,24.511116],[54.41,24.510958],[54.410233,24.510827],[54.410214,24.5108],[54.41027,24.510774],[54.410248,24.510742],[54.410303,24.51071],[54.410208,24.510574],[54.410058,24.510624],[54.409999,24.510658],[54.409597,24.510791],[54.409401,24.510902],[54.409468,24.511001],[54.408706,24.511259]]]}},{"type":"Feature","properties":{},"geometry":{"type":"Polygon","coordinates":[[[54.410506,24.510935],[54.41043,24.510834],[54.410281,24.510884],[54.410083,24.511006],[54.410114,24.511048],[54.409944,24.511114],[54.409986,24.511187],[54.410136,24.511137],[54.410506,24.510935]]]}},{"type":"Feature","properties":{},"geometry":{"type":"Polygon","coordinates":[[[54.411116,24.48152],[54.410617,24.481686],[54.410444,24.481852],[54.410525,24.481922],[54.410672,24.481873],[54.410699,24.481896],[54.41067,24.481924],[54.410715,24.481962],[54.410755,24.481948],[54.410822,24.482006],[54.410723,24.482101],[54.410808,24.482174],[54.411307,24.482009],[54.411484,24.481839],[54.411116,24.48152]]]}},{"type":"Feature","properties":{},"geometry":{"type":"Polygon","coordinates":[[[54.411879,24.481907],[54.411703,24.482182],[54.412064,24.482373],[54.412563,24.482207],[54.412739,24.481932],[54.412378,24.481741],[54.411879,24.481907]]]}},{"type":"Feature","properties":{},"geometry":{"type":"Polygon","coordinates":[[[54.411398,24.482052],[54.411249,24.482102],[54.41117,24.482182],[54.411201,24.482207],[54.411351,24.482158],[54.41143,24.482077],[54.411398,24.482052]]]}},{"type":"Feature","properties":{},"geometry":{"type":"Polygon","coordinates":[[[54.411468,24.48562],[54.411454,24.485589],[54.4112,24.48568],[54.411215,24.485711],[54.411468,24.48562]]]}},{"type":"Feature","properties":{},"geometry":{"type":"Polygon","coordinates":[[[54.411226,24.485728],[54.411264,24.485825],[54.411471,24.485757],[54.411432,24.48566],[54.411226,24.485728]]]}},{"type":"Feature","properties":{},"geometry":{"type":"Polygon","coordinates":[[[54.414688,24.487981],[54.414686,24.488376],[54.41479,24.488379],[54.414703,24.488408],[54.414706,24.488528],[54.414829,24.488525],[54.414979,24.488475],[54.414976,24.488355],[54.414938,24.488356],[54.41537,24.488213],[54.41537,24.488044],[54.415531,24.487991],[54.415553,24.48799],[54.415553,24.48802],[54.415602,24.488018],[54.415751,24.487968],[54.415747,24.487837],[54.415885,24.487791],[54.415887,24.487747],[54.415746,24.487783],[54.415745,24.487766],[54.415538,24.487771],[54.415674,24.487726],[54.415671,24.487682],[54.415613,24.487685],[54.415463,24.487735],[54.415465,24.487771],[54.415123,24.487771],[54.414624,24.487937],[54.414624,24.487981],[54.414688,24.487981]]]}},{"type":"Feature","properties":{},"geometry":{"type":"Polygon","coordinates":[[[54.416187,24.487956],[54.416262,24.487931],[54.416254,24.487801],[54.416065,24.487811],[54.416102,24.487798],[54.416103,24.487769],[54.415997,24.487765],[54.415848,24.487815],[54.415846,24.487844],[54.415901,24.487846],[54.415848,24.487864],[54.415856,24.487994],[54.415917,24.487991],[54.415858,24.48801],[54.41586,24.488066],[54.416096,24.48806],[54.416245,24.48801],[54.416244,24.487954],[54.416187,24.487956]]]}},{"type":"Feature","properties":{},"geometry":{"type":"Polygon","coordinates":[[[54.413519,24.487893],[54.413369,24.487943],[54.413372,24.488004],[54.41344,24.488001],[54.41359,24.487952],[54.413587,24.48789],[54.413519,24.487893]]]}},{"type":"Feature","properties":{},"geometry":{"type":"Polygon","coordinates":[[[54.416086,24.488326],[54.416085,24.488373],[54.415996,24.488402],[54.416,24.488438],[54.416084,24.48842],[54.416082,24.488539],[54.416377,24.488543],[54.416501,24.488502],[54.4165,24.488527],[54.416544,24.488529],[54.416694,24.488479],[54.416696,24.488436],[54.416652,24.488434],[54.416527,24.488475],[54.416528,24.48842],[54.416348,24.488417],[54.416749,24.488305],[54.416748,24.488248],[54.416726,24.488248],[54.41675,24.488241],[54.416746,24.488148],[54.416624,24.488148],[54.416669,24.488133],[54.416665,24.488042],[54.416594,24.48805],[54.416666,24.48802],[54.416665,24.487971],[54.416443,24.487975],[54.416186,24.488074],[54.416198,24.488289],[54.416086,24.488326]],[[54.416274,24.488353],[54.416326,24.48835],[54.416328,24.488388],[54.416274,24.488387],[54.416274,24.488353]],[[54.416504,24.488295],[54.416504,24.488294],[54.416508,24.488294],[54.416504,24.488295]]]}},{"type":"Feature","properties":{},"geometry":{"type":"Polygon","coordinates":[[[54.415168,24.488364],[54.415169,24.488447],[54.415286,24.488446],[54.415436,24.488396],[54.415436,24.488374],[54.415501,24.488352],[54.415502,24.488363],[54.415528,24.488362],[54.415452,24.488388],[54.415453,24.488436],[54.415546,24.488435],[54.415696,24.488385],[54.415695,24.488336],[54.415636,24.488337],[54.415714,24.488311],[54.41571,24.4882],[54.415648,24.488202],[54.415498,24.488252],[54.415499,24.488295],[54.415421,24.488313],[54.415318,24.488314],[54.415168,24.488364]]]}},{"type":"Feature","properties":{},"geometry":{"type":"Polygon","coordinates":[[[54.415431,24.488484],[54.415432,24.488438],[54.415263,24.488487],[54.415262,24.488534],[54.415431,24.488484]]]}},{"type":"Feature","properties":{},"geometry":{"type":"Polygon","coordinates":[[[54.415313,24.488694],[54.415315,24.488743],[54.415395,24.48874],[54.415545,24.48869],[54.415543,24.488642],[54.415463,24.488644],[54.415313,24.488694]]]}},{"type":"Feature","properties":{},"geometry":{"type":"Polygon","coordinates":[[[54.416073,24.488932],[54.416078,24.489039],[54.416257,24.488988],[54.416252,24.488881],[54.416073,24.488932]]]}},{"type":"Feature","properties":{},"geometry":{"type":"Polygon","coordinates":[[[54.415999,24.488841],[54.41585,24.488891],[54.415856,24.489091],[54.415915,24.489089],[54.416065,24.48904],[54.416058,24.48884],[54.415999,24.488841]]]}},{"type":"Feature","properties":{},"geometry":{"type":"Polygon","coordinates":[[[54.41562,24.488852],[54.41547,24.488902],[54.415474,24.489102],[54.415533,24.489101],[54.415683,24.489051],[54.415679,24.488851],[54.41562,24.488852]]]}},{"type":"Feature","properties":{},"geometry":{"type":"Polygon","coordinates":[[[54.415726,24.489188],[54.415634,24.489219],[54.415632,24.489299],[54.415683,24.489301],[54.415833,24.489251],[54.415835,24.489171],[54.415784,24.489169],[54.415876,24.489139],[54.415873,24.489095],[54.415719,24.489105],[54.415569,24.489155],[54.415572,24.489196],[54.415726,24.489188]]]}},{"type":"Feature","properties":{},"geometry":{"type":"Polygon","coordinates":[[[54.415416,24.489523],[54.414917,24.489689],[54.414922,24.489843],[54.415793,24.489821],[54.416292,24.489655],[54.41629,24.489586],[54.416269,24.489586],[54.416267,24.489502],[54.415416,24.489523]]]}},{"type":"Feature","properties":{},"geometry":{"type":"Polygon","coordinates":[[[54.412428,24.489949],[54.412278,24.489998],[54.412283,24.490061],[54.412352,24.490057],[54.412502,24.490007],[54.412498,24.489945],[54.412428,24.489949]]]}},{"type":"Feature","properties":{},"geometry":{"type":"Polygon","coordinates":[[[54.411052,24.490661],[54.410902,24.49071],[54.410901,24.490763],[54.410998,24.490764],[54.411147,24.490714],[54.411148,24.490662],[54.411052,24.490661]]]}},{"type":"Feature","properties":{},"geometry":{"type":"Polygon","coordinates":[[[54.411155,24.490795],[54.411005,24.490845],[54.411013,24.490938],[54.410997,24.490943],[54.410998,24.491001],[54.411073,24.490999],[54.411223,24.490949],[54.411211,24.490892],[54.411224,24.490888],[54.411224,24.490795],[54.411155,24.490795]]]}},{"type":"Feature","properties":{},"geometry":{"type":"Polygon","coordinates":[[[54.412647,24.491387],[54.413395,24.491138],[54.413397,24.490975],[54.413113,24.490971],[54.413114,24.490912],[54.413411,24.490814],[54.413413,24.490645],[54.412924,24.490639],[54.412175,24.490888],[54.412168,24.491381],[54.412647,24.491387]]]}},{"type":"Feature","properties":{},"geometry":{"type":"Polygon","coordinates":[[[54.412186,24.491699],[54.412108,24.491697],[54.411958,24.491747],[54.411957,24.491776],[54.412035,24.491778],[54.412185,24.491729],[54.412186,24.491699]]]}},{"type":"Feature","properties":{},"geometry":{"type":"Polygon","coordinates":[[[54.411581,24.492292],[54.411432,24.492342],[54.411429,24.49243],[54.411556,24.492433],[54.411706,24.492383],[54.411709,24.492296],[54.411581,24.492292]]]}},{"type":"Feature","properties":{},"geometry":{"type":"Polygon","coordinates":[[[54.411973,24.492459],[54.411823,24.492509],[54.411822,24.492606],[54.412005,24.492608],[54.412154,24.492558],[54.412155,24.492461],[54.411973,24.492459]]]}},{"type":"Feature","properties":{},"geometry":{"type":"Polygon","coordinates":[[[54.41501,24.49686],[54.414861,24.49691],[54.41475,24.497067],[54.414842,24.497121],[54.414992,24.497071],[54.415103,24.496914],[54.41501,24.49686]]]}},{"type":"Feature","properties":{},"geometry":{"type":"Polygon","coordinates":[[[54.41329,24.502809],[54.413379,24.502328],[54.412899,24.502033],[54.412741,24.501881],[54.412655,24.501769],[54.412574,24.501625],[54.412526,24.501486],[54.411982,24.501472],[54.411608,24.501597],[54.411643,24.501797],[54.41169,24.501931],[54.411763,24.502114],[54.411848,24.502271],[54.412,24.502479],[54.412255,24.50278],[54.4125,24.502944],[54.412638,24.503097],[54.412723,24.503243],[54.41317,24.503099],[54.41329,24.502809]]]}},{"type":"Feature","properties":{},"geometry":{"type":"Polygon","coordinates":[[[54.415351,24.502467],[54.415347,24.502526],[54.415522,24.502478],[54.415526,24.502419],[54.415351,24.502467]]]}},{"type":"Feature","properties":{},"geometry":{"type":"Polygon","coordinates":[[[54.411224,24.502679],[54.411155,24.502628],[54.411149,24.502248],[54.410947,24.502245],[54.410199,24.502493],[54.410164,24.503087],[54.410608,24.503113],[54.411356,24.502864],[54.411354,24.502708],[54.411509,24.502659],[54.411511,24.502564],[54.411521,24.502572],[54.41167,24.502522],[54.411742,24.502449],[54.411529,24.502276],[54.411379,24.502326],[54.411307,24.502398],[54.411475,24.502535],[54.411313,24.502584],[54.411311,24.502695],[54.411224,24.502679]]]}},{"type":"Feature","properties":{},"geometry":{"type":"Polygon","coordinates":[[[54.41539,24.502607],[54.41524,24.502657],[54.415242,24.50269],[54.415257,24.502689],[54.415245,24.502693],[54.415245,24.502731],[54.415316,24.502732],[54.415466,24.502682],[54.415466,24.502644],[54.415448,24.502644],[54.415469,24.502637],[54.415468,24.502603],[54.41539,24.502607]]]}},{"type":"Feature","properties":{},"geometry":{"type":"Polygon","coordinates":[[[54.411733,24.502911],[54.411703,24.502852],[54.411855,24.502805],[54.411957,24.502748],[54.411796,24.502509],[54.411647,24.502558],[54.411544,24.502615],[54.411644,24.502764],[54.411423,24.502845],[54.411499,24.502996],[54.411733,24.502911]]]}},{"type":"Feature","properties":{},"geometry":{"type":"Polygon","coordinates":[[[54.415289,24.5029],[54.415297,24.50295],[54.415505,24.502893],[54.415498,24.502851],[54.415539,24.502837],[54.415536,24.502906],[54.415661,24.502911],[54.415811,24.502861],[54.415815,24.502783],[54.415689,24.502779],[54.415615,24.502803],[54.415618,24.502785],[54.415565,24.502779],[54.415463,24.502813],[54.415458,24.502778],[54.415396,24.502784],[54.415246,24.502834],[54.415253,24.502888],[54.415418,24.502857],[54.415289,24.5029]]]}},{"type":"Feature","properties":{},"geometry":{"type":"Polygon","coordinates":[[[54.415635,24.503418],[54.415485,24.503468],[54.415483,24.503523],[54.415576,24.503526],[54.415726,24.503477],[54.415728,24.503421],[54.415635,24.503418]]]}},{"type":"Feature","properties":{},"geometry":{"type":"Polygon","coordinates":[[[54.415809,24.503559],[54.41566,24.503609],[54.415663,24.503692],[54.415706,24.50369],[54.415855,24.50364],[54.415852,24.503558],[54.415809,24.503559]]]}},{"type":"Feature","properties":{},"geometry":{"type":"Polygon","coordinates":[[[54.413883,24.504356],[54.413189,24.504587],[54.41303,24.504744],[54.413208,24.504897],[54.414331,24.504524],[54.414384,24.504479],[54.414531,24.504606],[54.415175,24.504393],[54.415278,24.504482],[54.415247,24.504507],[54.415296,24.504558],[54.415445,24.504508],[54.41549,24.504472],[54.415464,24.504446],[54.415811,24.504331],[54.415988,24.504182],[54.415792,24.50402],[54.415666,24.504062],[54.41564,24.504033],[54.41549,24.504082],[54.415427,24.504127],[54.415401,24.504105],[54.415448,24.50408],[54.415408,24.504032],[54.41534,24.504055],[54.415325,24.504042],[54.415424,24.504009],[54.415415,24.503972],[54.415206,24.504034],[54.415213,24.504064],[54.414987,24.504139],[54.414826,24.504005],[54.41394,24.5043],[54.413883,24.504356]]]}},{"type":"Feature","properties":{},"geometry":{"type":"Polygon","coordinates":[[[54.415377,24.50511],[54.415342,24.505069],[54.415322,24.505076],[54.415428,24.504987],[54.415331,24.504907],[54.415629,24.504809],[54.415806,24.50466],[54.41561,24.504498],[54.414999,24.504701],[54.41484,24.504859],[54.414921,24.504929],[54.414533,24.505058],[54.414374,24.505215],[54.414552,24.505368],[54.415137,24.505174],[54.415164,24.505205],[54.415313,24.505155],[54.415377,24.50511]]]}},{"type":"Feature","properties":{},"geometry":{"type":"Polygon","coordinates":[[[54.41469,24.504979],[54.414868,24.50483],[54.414671,24.504668],[54.413873,24.504934],[54.413714,24.505091],[54.413892,24.505244],[54.41469,24.504979]]]}},{"type":"Feature","properties":{},"geometry":{"type":"Polygon","coordinates":[[[54.415634,24.50498],[54.415587,24.505016],[54.415644,24.505076],[54.415794,24.505027],[54.415841,24.50499],[54.415784,24.50493],[54.415634,24.50498]]]}},{"type":"Feature","properties":{},"geometry":{"type":"Polygon","coordinates":[[[54.411043,24.506943],[54.410977,24.506911],[54.410874,24.506946],[54.410847,24.506938],[54.410348,24.507103],[54.410294,24.507159],[54.410233,24.507272],[54.410227,24.507432],[54.41027,24.507506],[54.410324,24.507514],[54.410904,24.507326],[54.410922,24.507285],[54.41101,24.507189],[54.411043,24.506943]]]}},{"type":"Feature","properties":{},"geometry":{"type":"Polygon","coordinates":[[[54.410813,24.508596],[54.410663,24.508646],[54.410659,24.508746],[54.410948,24.508755],[54.411097,24.508706],[54.4111,24.508608],[54.410813,24.508596]]]}},{"type":"Feature","properties":{},"geometry":{"type":"Polygon","coordinates":[[[54.411098,24.509034],[54.411097,24.509053],[54.410818,24.509146],[54.410809,24.509447],[54.410723,24.509449],[54.410574,24.509499],[54.410577,24.509593],[54.411298,24.509573],[54.411428,24.50953],[54.411524,24.509531],[54.411673,24.509482],[54.411678,24.509265],[54.41156,24.509263],[54.411478,24.50929],[54.41148,24.509214],[54.411545,24.509216],[54.411694,24.509167],[54.411703,24.508958],[54.41158,24.508954],[54.411487,24.508985],[54.411248,24.508984],[54.411098,24.509034]],[[54.411407,24.509434],[54.411178,24.509439],[54.411409,24.509363],[54.411407,24.509434]]]}},{"type":"Feature","properties":{},"geometry":{"type":"Polygon","coordinates":[[[54.410698,24.509064],[54.410549,24.509114],[54.410551,24.509211],[54.410612,24.509209],[54.410762,24.50916],[54.41076,24.509063],[54.410698,24.509064]]]}},{"type":"Feature","properties":{},"geometry":{"type":"Polygon","coordinates":[[[54.411107,24.509731],[54.411184,24.509887],[54.411432,24.509798],[54.411355,24.509641],[54.411107,24.509731]]]}},{"type":"Feature","properties":{},"geometry":{"type":"Polygon","coordinates":[[[54.410611,24.510787],[54.410637,24.510739],[54.410584,24.510715],[54.410434,24.510765],[54.410409,24.510813],[54.410462,24.510837],[54.410611,24.510787]]]}},{"type":"Feature","properties":{},"geometry":{"type":"Polygon","coordinates":[[[54.418939,24.480052],[54.418873,24.480042],[54.418723,24.480092],[54.418717,24.480128],[54.418794,24.480134],[54.418792,24.480181],[54.41883,24.480182],[54.41898,24.480132],[54.418981,24.480071],[54.418944,24.48007],[54.418939,24.480052]]]}},{"type":"Feature","properties":{},"geometry":{"type":"Polygon","coordinates":[[[54.42066,24.480236],[54.420569,24.480232],[54.420419,24.480282],[54.420412,24.480414],[54.420752,24.480438],[54.420901,24.480388],[54.420903,24.480342],[54.420695,24.480334],[54.420696,24.480302],[54.420657,24.480302],[54.42066,24.480236]]]}},{"type":"Feature","properties":{},"geometry":{"type":"Polygon","coordinates":[[[54.419929,24.480822],[54.41978,24.480872],[54.419774,24.480926],[54.419837,24.480932],[54.419987,24.480883],[54.419993,24.480828],[54.419929,24.480822]]]}},{"type":"Feature","properties":{},"geometry":{"type":"Polygon","coordinates":[[[54.419322,24.48163],[54.418982,24.481589],[54.41889,24.481619],[54.418898,24.481561],[54.418579,24.481524],[54.418429,24.481574],[54.41841,24.481709],[54.41847,24.481715],[54.418394,24.48174],[54.4184,24.481881],[54.418583,24.481874],[54.418672,24.481845],[54.418663,24.4819],[54.418705,24.481905],[54.418855,24.481855],[54.418864,24.481798],[54.41915,24.481833],[54.419254,24.481799],[54.419252,24.481818],[54.419579,24.481856],[54.419728,24.481807],[54.419748,24.48167],[54.419421,24.481631],[54.419317,24.481666],[54.419322,24.48163]],[[54.41873,24.481745],[54.418822,24.481714],[54.418813,24.481774],[54.418732,24.481801],[54.41873,24.481745]],[[54.418674,24.481739],[54.418714,24.481743],[54.418675,24.481744],[54.418674,24.481739]]]}},{"type":"Feature","properties":{},"geometry":{"type":"Polygon","coordinates":[[[54.41992,24.481756],[54.419914,24.481819],[54.42005,24.481821],[54.4202,24.481772],[54.420202,24.48172],[54.42007,24.481706],[54.41992,24.481756]]]}},{"type":"Feature","properties":{},"geometry":{"type":"Polygon","coordinates":[[[54.419701,24.481906],[54.419687,24.482022],[54.41961,24.482043],[54.419618,24.481986],[54.419294,24.481947],[54.419144,24.481997],[54.419136,24.482056],[54.418884,24.482029],[54.418824,24.482048],[54.418837,24.481991],[54.418801,24.481985],[54.418651,24.482034],[54.418636,24.482102],[54.418494,24.482084],[54.418345,24.482134],[54.418325,24.482261],[54.418648,24.482301],[54.418798,24.482252],[54.41881,24.482167],[54.419024,24.482191],[54.418756,24.48228],[54.418751,24.482318],[54.41846,24.482285],[54.418311,24.482335],[54.418292,24.482467],[54.418352,24.482474],[54.418284,24.482497],[54.418268,24.482631],[54.418594,24.482663],[54.418706,24.482626],[54.418697,24.482711],[54.418396,24.482685],[54.418246,24.482735],[54.418232,24.48287],[54.418316,24.482877],[54.418217,24.48291],[54.418211,24.483032],[54.418536,24.483045],[54.418686,24.482995],[54.418687,24.482976],[54.418716,24.48297],[54.418708,24.483044],[54.41904,24.483074],[54.419189,24.483025],[54.419193,24.482989],[54.419401,24.483011],[54.419541,24.482964],[54.419532,24.483035],[54.419592,24.483041],[54.419523,24.483064],[54.41951,24.483184],[54.419592,24.483191],[54.419577,24.483328],[54.419915,24.483359],[54.420366,24.483209],[54.420357,24.483301],[54.420676,24.483327],[54.420826,24.483278],[54.420839,24.483149],[54.420781,24.483145],[54.420835,24.483127],[54.420852,24.483007],[54.420544,24.48297],[54.420393,24.483028],[54.420094,24.483],[54.419948,24.483039],[54.420003,24.48302],[54.420019,24.482898],[54.420103,24.48287],[54.420114,24.482795],[54.420365,24.482821],[54.420426,24.4828],[54.420411,24.482904],[54.420721,24.48294],[54.420871,24.48289],[54.420888,24.482769],[54.4208,24.482759],[54.420895,24.482727],[54.420916,24.482582],[54.420797,24.482569],[54.420926,24.482526],[54.420945,24.482404],[54.420858,24.482393],[54.420954,24.482361],[54.420967,24.48224],[54.420657,24.482212],[54.420529,24.482254],[54.42027,24.482219],[54.420213,24.482237],[54.420215,24.482222],[54.420146,24.482215],[54.420207,24.482195],[54.420216,24.482142],[54.420294,24.482159],[54.420444,24.482109],[54.420468,24.48202],[54.420422,24.482009],[54.420559,24.481963],[54.420557,24.481995],[54.420613,24.481998],[54.420547,24.48202],[54.420527,24.482143],[54.420837,24.482185],[54.420987,24.482135],[54.421007,24.482012],[54.420918,24.482],[54.421032,24.481962],[54.42104,24.48183],[54.420715,24.481813],[54.420612,24.481847],[54.420621,24.481788],[54.420283,24.481748],[54.419932,24.481864],[54.419851,24.481856],[54.419701,24.481906]],[[54.419526,24.482146],[54.419515,24.482145],[54.419526,24.482141],[54.419526,24.482146]],[[54.41873,24.482114],[54.418683,24.482108],[54.418733,24.482091],[54.41873,24.482114]],[[54.420021,24.482483],[54.420094,24.482459],[54.42009,24.48249],[54.420021,24.482483]],[[54.420176,24.4825],[54.420411,24.482528],[54.42047,24.482509],[54.420466,24.482536],[54.420512,24.482542],[54.420223,24.482516],[54.420172,24.482534],[54.420176,24.4825]],[[54.420593,24.482552],[54.420542,24.482569],[54.420545,24.482546],[54.420593,24.482552]],[[54.419732,24.482203],[54.419713,24.482208],[54.419737,24.4822],[54.4198,24.482215],[54.419732,24.482203]],[[54.419095,24.482845],[54.419091,24.482872],[54.418873,24.482852],[54.418849,24.48286],[54.418851,24.482817],[54.418763,24.482813],[54.418709,24.482831],[54.418718,24.482747],[54.418793,24.482754],[54.418779,24.482797],[54.418876,24.482823],[54.419024,24.482774],[54.419022,24.4828],[54.419172,24.482819],[54.419095,24.482845]],[[54.419565,24.482851],[54.419636,24.482858],[54.419633,24.482872],[54.419559,24.482897],[54.419565,24.482851]],[[54.420519,24.482753],[54.420516,24.482753],[54.420516,24.482752],[54.420519,24.482753]],[[54.420445,24.483148],[54.420418,24.483157],[54.420419,24.483145],[54.420445,24.483148]]]}},{"type":"Feature","properties":{},"geometry":{"type":"Polygon","coordinates":[[[54.418379,24.481951],[54.418381,24.481973],[54.418575,24.48192],[54.418573,24.481898],[54.418379,24.481951]]]}},{"type":"Feature","properties":{},"geometry":{"type":"Polygon","coordinates":[[[54.4203,24.48283],[54.42015,24.48288],[54.420115,24.48297],[54.420204,24.482998],[54.420354,24.482948],[54.420388,24.482858],[54.4203,24.48283]]]}},{"type":"Feature","properties":{},"geometry":{"type":"Polygon","coordinates":[[[54.417238,24.487724],[54.417089,24.487774],[54.417089,24.487819],[54.417175,24.487818],[54.417325,24.487769],[54.417324,24.487723],[54.417238,24.487724]]]}},{"type":"Feature","properties":{},"geometry":{"type":"Polygon","coordinates":[[[54.416545,24.488418],[54.416544,24.488457],[54.416723,24.488408],[54.416725,24.488369],[54.416545,24.488418]]]}},{"type":"Feature","properties":{},"geometry":{"type":"Polygon","coordinates":[[[54.419432,24.489278],[54.419432,24.489265],[54.41933,24.489268],[54.41918,24.489317],[54.419181,24.489357],[54.419283,24.489353],[54.419334,24.489336],[54.419335,24.489353],[54.419392,24.48935],[54.419441,24.489334],[54.419442,24.48937],[54.419545,24.489369],[54.419695,24.489319],[54.419694,24.489265],[54.419591,24.489266],[54.419541,24.489283],[54.41954,24.489259],[54.419432,24.489278]]]}},{"type":"Feature","properties":{},"geometry":{"type":"Polygon","coordinates":[[[54.418987,24.489305],[54.418838,24.489354],[54.418844,24.489479],[54.418933,24.489475],[54.419083,24.489425],[54.419077,24.489301],[54.418987,24.489305]]]}},{"type":"Feature","properties":{},"geometry":{"type":"Polygon","coordinates":[[[54.419557,24.489378],[54.419407,24.489428],[54.419404,24.48953],[54.419509,24.489533],[54.419658,24.489483],[54.419661,24.489381],[54.419557,24.489378]]]}},{"type":"Feature","properties":{},"geometry":{"type":"Polygon","coordinates":[[[54.419007,24.48959],[54.419016,24.489662],[54.419193,24.489609],[54.419183,24.489537],[54.419007,24.48959]]]}},{"type":"Feature","properties":{},"geometry":{"type":"Polygon","coordinates":[[[54.419563,24.489776],[54.419413,24.489826],[54.419414,24.489871],[54.419535,24.489869],[54.419685,24.489819],[54.419684,24.489774],[54.419563,24.489776]]]}},{"type":"Feature","properties":{},"geometry":{"type":"Polygon","coordinates":[[[54.419234,24.490278],[54.419089,24.490326],[54.41909,24.490361],[54.419165,24.490358],[54.419236,24.490335],[54.419237,24.490355],[54.419288,24.490353],[54.419422,24.490308],[54.419429,24.490348],[54.419513,24.490343],[54.419662,24.490293],[54.419659,24.490172],[54.419611,24.490173],[54.419461,24.490223],[54.419463,24.490293],[54.419438,24.490302],[54.419432,24.490181],[54.419381,24.490183],[54.419232,24.490233],[54.419234,24.490278]]]}},{"type":"Feature","properties":{},"geometry":{"type":"Polygon","coordinates":[[[54.416664,24.501923],[54.416572,24.501928],[54.416422,24.501978],[54.416424,24.502024],[54.416608,24.502014],[54.416715,24.501979],[54.416682,24.502067],[54.41656,24.502115],[54.416755,24.502255],[54.417254,24.502089],[54.41747,24.501885],[54.41724,24.501685],[54.416741,24.501851],[54.416664,24.501923]]]}},{"type":"Feature","properties":{},"geometry":{"type":"Polygon","coordinates":[[[54.417577,24.502387],[54.417619,24.50236],[54.41759,24.502323],[54.41744,24.502373],[54.417398,24.5024],[54.417428,24.502437],[54.417577,24.502387]]]}},{"type":"Feature","properties":{},"geometry":{"type":"Polygon","coordinates":[[[54.41842,24.502393],[54.418376,24.5023],[54.418024,24.502428],[54.418068,24.502521],[54.41842,24.502393]]]}},{"type":"Feature","properties":{},"geometry":{"type":"Polygon","coordinates":[[[54.417735,24.502502],[54.417712,24.502528],[54.417758,24.502564],[54.417908,24.502514],[54.417932,24.502489],[54.417885,24.502453],[54.417735,24.502502]]]}},{"type":"Feature","properties":{},"geometry":{"type":"Polygon","coordinates":[[[54.417421,24.502442],[54.417271,24.502491],[54.417271,24.502606],[54.41735,24.502612],[54.4175,24.502562],[54.417504,24.502442],[54.417421,24.502442]]]}},{"type":"Feature","properties":{},"geometry":{"type":"Polygon","coordinates":[[[54.416892,24.50263],[54.416742,24.502679],[54.416743,24.502704],[54.416846,24.502702],[54.416996,24.502652],[54.416995,24.502628],[54.416892,24.50263]]]}},{"type":"Feature","properties":{},"geometry":{"type":"Polygon","coordinates":[[[54.4173,24.502729],[54.417299,24.502712],[54.417054,24.502722],[54.417054,24.502707],[54.416945,24.502702],[54.416795,24.502752],[54.416792,24.502812],[54.416909,24.502814],[54.41691,24.502844],[54.417258,24.502821],[54.417408,24.502771],[54.417402,24.50271],[54.4173,24.502729]]]}},{"type":"Feature","properties":{},"geometry":{"type":"Polygon","coordinates":[[[54.417372,24.503102],[54.417374,24.50306],[54.417267,24.503056],[54.417117,24.503106],[54.417115,24.503148],[54.417222,24.503152],[54.417372,24.503102]]]}},{"type":"Feature","properties":{},"geometry":{"type":"Polygon","coordinates":[[[54.417465,24.503137],[54.417315,24.503186],[54.417312,24.503277],[54.417407,24.503267],[54.417407,24.50328],[54.417455,24.503279],[54.417605,24.503229],[54.417604,24.503168],[54.417525,24.503179],[54.417526,24.503139],[54.417465,24.503137]]]}},{"type":"Feature","properties":{},"geometry":{"type":"Polygon","coordinates":[[[54.417514,24.503619],[54.417507,24.503836],[54.417541,24.503837],[54.41769,24.503787],[54.417698,24.50357],[54.417664,24.503569],[54.417514,24.503619]]]}}]}