{"type":"FeatureCollection","features":[{"type":"Feature","properties":{},"geometry":{"type":"Polygon","coordinates":[[[54.377147,24.480296],[54.377219,24.48036],[54.37714,24.480337],[54.376971,24.48049],[54.377091,24.480599],[54.377841,24.480823],[54.37801,24.48067],[54.377955,24.480619],[54.378037,24.480644],[54.378138,24.48055],[54.378283,24.480593],[54.378214,24.480669],[54.378448,24.480845],[54.379286,24.481095],[54.379114,24.481293],[54.379588,24.481634],[54.379323,24.481555],[54.379257,24.481633],[54.37936,24.481705],[54.379762,24.481825],[54.379796,24.481784],[54.380122,24.482019],[54.380426,24.482109],[54.380361,24.482185],[54.380597,24.482351],[54.380659,24.48237],[54.380892,24.48254],[54.380925,24.48255],[54.380917,24.482559],[54.381428,24.482909],[54.381414,24.482924],[54.38165,24.483091],[54.382882,24.483458],[54.382807,24.483544],[54.382947,24.483645],[54.383376,24.483772],[54.383524,24.483601],[54.383438,24.48354],[54.38355,24.483573],[54.383698,24.483402],[54.383628,24.483352],[54.383719,24.483379],[54.383867,24.483208],[54.38379,24.483153],[54.383886,24.483181],[54.384034,24.48301],[54.383969,24.482964],[54.384052,24.482989],[54.3842,24.482817],[54.384143,24.482777],[54.384215,24.482798],[54.384363,24.482627],[54.384297,24.48258],[54.384378,24.482604],[54.384526,24.482433],[54.384457,24.482384],[54.38455,24.482411],[54.384698,24.48224],[54.384631,24.482192],[54.384715,24.482217],[54.384863,24.482046],[54.384781,24.481987],[54.384876,24.482016],[54.385024,24.481844],[54.384884,24.481744],[54.384586,24.481656],[54.384639,24.481593],[54.385091,24.481737],[54.385239,24.481566],[54.385194,24.481534],[54.385245,24.481549],[54.385394,24.481378],[54.385254,24.481278],[54.384526,24.481061],[54.384371,24.480951],[54.384308,24.480932],[54.383822,24.480598],[54.383785,24.480587],[54.383803,24.480567],[54.383565,24.480398],[54.383295,24.480318],[54.383317,24.480293],[54.384214,24.48056],[54.38445,24.480731],[54.384879,24.480859],[54.384991,24.480728],[54.384729,24.480553],[54.384736,24.480545],[54.383701,24.479792],[54.382361,24.479393],[54.382242,24.479528],[54.382377,24.479627],[54.381252,24.479291],[54.381068,24.479495],[54.381262,24.47964],[54.380158,24.47931],[54.379986,24.4795],[54.380148,24.479622],[54.379945,24.479561],[54.379773,24.479751],[54.379949,24.479882],[54.37891,24.479573],[54.378727,24.479792],[54.378888,24.479904],[54.379496,24.480085],[54.379394,24.480205],[54.379554,24.480304],[54.379324,24.480236],[54.379266,24.4803],[54.379492,24.48047],[54.378555,24.48019],[54.378635,24.480118],[54.378574,24.480063],[54.378661,24.480088],[54.378831,24.479933],[54.378693,24.479808],[54.377943,24.479584],[54.377773,24.479739],[54.37783,24.479791],[54.377743,24.479765],[54.377559,24.479933],[54.3777,24.480062],[54.378075,24.480174],[54.377957,24.480313],[54.37733,24.480126],[54.377147,24.480296]],[[54.381035,24.481389],[54.380971,24.481464],[54.381016,24.481497],[54.380665,24.481392],[54.380741,24.481302],[54.381035,24.481389]],[[54.382202,24.481557],[54.382263,24.481487],[54.382488,24.481643],[54.382202,24.481557]],[[54.382252,24.481476],[54.382235,24.481463],[54.382257,24.48147],[54.382252,24.481476]],[[54.382013,24.481312],[54.382007,24.48131],[54.382008,24.481309],[54.382013,24.481312]],[[54.38108,24.48066],[54.381566,24.480805],[54.381468,24.480923],[54.381265,24.480779],[54.38122,24.480765],[54.38108,24.48066]],[[54.380338,24.480502],[54.380282,24.480486],[54.380315,24.480447],[54.380242,24.480395],[54.380174,24.480375],[54.380187,24.480359],[54.380351,24.480408],[54.380483,24.480256],[54.380574,24.480317],[54.380917,24.480419],[54.3809,24.48054],[54.380843,24.4805],[54.380441,24.480381],[54.380338,24.480502]],[[54.379896,24.481124],[54.379916,24.481103],[54.379983,24.48115],[54.379896,24.481124]],[[54.380117,24.480858],[54.380084,24.480848],[54.38006,24.480886],[54.380046,24.480881],[54.379921,24.481029],[54.379724,24.480881],[54.379639,24.480856],[54.379813,24.480651],[54.380117,24.480858]],[[54.382728,24.481075],[54.382623,24.481043],[54.38264,24.480927],[54.382701,24.480945],[54.382642,24.481015],[54.382728,24.481075]],[[54.383656,24.480117],[54.383152,24.479966],[54.383081,24.480046],[54.382698,24.47977],[54.383528,24.480018],[54.383656,24.480117]],[[54.38326,24.482179],[54.383062,24.482059],[54.383069,24.482052],[54.382901,24.481932],[54.382685,24.481868],[54.382733,24.481811],[54.382504,24.48165],[54.382541,24.481661],[54.382761,24.481814],[54.383318,24.48198],[54.383301,24.482003],[54.383346,24.482029],[54.383748,24.482149],[54.383772,24.482115],[54.383986,24.482179],[54.38405,24.482233],[54.383957,24.482205],[54.383809,24.482376],[54.383875,24.482423],[54.383794,24.482399],[54.383714,24.482491],[54.383568,24.482388],[54.383527,24.482376],[54.383533,24.482368],[54.383298,24.482202],[54.383252,24.482188],[54.38326,24.482179]],[[54.384182,24.481948],[54.384165,24.481968],[54.384104,24.481925],[54.384182,24.481948]],[[54.384366,24.481719],[54.384355,24.481732],[54.384314,24.481703],[54.384366,24.481719]],[[54.384543,24.481485],[54.384536,24.481493],[54.384508,24.481474],[54.384543,24.481485]]]}},{"type":"Feature","properties":{},"geometry":{"type":"Polygon","coordinates":[[[54.378567,24.481508],[54.378165,24.481388],[54.377943,24.481659],[54.377129,24.481417],[54.377,24.481574],[54.377261,24.481751],[54.377908,24.481944],[54.377833,24.482036],[54.378055,24.482186],[54.378297,24.482259],[54.378134,24.482453],[54.37798,24.482348],[54.375971,24.481749],[54.375598,24.482199],[54.375869,24.482385],[54.377879,24.482984],[54.378162,24.48264],[54.378821,24.4831],[54.379508,24.483305],[54.379422,24.483445],[54.37956,24.483533],[54.379546,24.483552],[54.379458,24.483526],[54.379417,24.483585],[54.379519,24.483651],[54.379771,24.483726],[54.379927,24.483826],[54.38063,24.484047],[54.380678,24.484079],[54.380618,24.484154],[54.38073,24.484228],[54.38194,24.484589],[54.38189,24.484648],[54.381534,24.484542],[54.381483,24.484597],[54.381562,24.484658],[54.38182,24.484734],[54.381717,24.484853],[54.381858,24.484954],[54.382286,24.485081],[54.382438,24.484906],[54.382362,24.484852],[54.382458,24.48488],[54.382604,24.484706],[54.382562,24.484677],[54.382616,24.484693],[54.382762,24.484523],[54.382708,24.484485],[54.382772,24.484504],[54.382918,24.484328],[54.382891,24.484309],[54.382928,24.48432],[54.383081,24.484148],[54.382936,24.484042],[54.382581,24.483936],[54.382451,24.483829],[54.38239,24.48381],[54.382105,24.483592],[54.382061,24.483579],[54.382079,24.483554],[54.3818,24.483391],[54.38171,24.483364],[54.381745,24.483323],[54.381685,24.483282],[54.381697,24.483285],[54.381725,24.48325],[54.381363,24.483006],[54.381152,24.482943],[54.381104,24.482909],[54.381023,24.482886],[54.380654,24.482628],[54.380446,24.482566],[54.380463,24.482548],[54.380286,24.482414],[54.380101,24.482359],[54.380215,24.48223],[54.380165,24.482194],[54.379763,24.482074],[54.379614,24.482243],[54.379664,24.48228],[54.379848,24.482335],[54.37981,24.482376],[54.378804,24.482076],[54.379013,24.481822],[54.37893,24.481766],[54.378572,24.481659],[54.378586,24.481641],[54.378639,24.481677],[54.379041,24.481797],[54.379266,24.481523],[54.379183,24.481467],[54.37898,24.481406],[54.37889,24.481342],[54.378848,24.481329],[54.378904,24.481261],[54.378871,24.481239],[54.379052,24.481293],[54.379143,24.481182],[54.378954,24.481053],[54.378552,24.480933],[54.378461,24.481043],[54.378601,24.481139],[54.378419,24.481085],[54.378195,24.481359],[54.378277,24.481415],[54.378633,24.481527],[54.378619,24.481544],[54.378567,24.481508]],[[54.382199,24.484087],[54.38233,24.484126],[54.382202,24.484279],[54.382249,24.484311],[54.382077,24.484244],[54.382199,24.484087]],[[54.382035,24.483864],[54.38205,24.483814],[54.381954,24.483752],[54.381994,24.483764],[54.382159,24.483901],[54.382443,24.483986],[54.382374,24.484065],[54.382246,24.484026],[54.382281,24.48398],[54.382157,24.483901],[54.382035,24.483864]],[[54.381445,24.483509],[54.381457,24.483497],[54.381437,24.48348],[54.38168,24.483552],[54.381882,24.483706],[54.381717,24.4836],[54.381445,24.483509]],[[54.381006,24.483322],[54.380861,24.483221],[54.380913,24.48316],[54.380959,24.483173],[54.380981,24.483148],[54.381033,24.483163],[54.381083,24.483103],[54.381181,24.483165],[54.38114,24.483215],[54.381263,24.483299],[54.381358,24.483327],[54.381348,24.483342],[54.381417,24.483382],[54.381251,24.483333],[54.381211,24.483384],[54.381006,24.483322]],[[54.378494,24.48226],[54.3785,24.482262],[54.378486,24.482278],[54.378494,24.48226]],[[54.378566,24.482182],[54.378457,24.482107],[54.378574,24.482142],[54.378603,24.482162],[54.378566,24.482182]]]}},{"type":"Feature","properties":{},"geometry":{"type":"Polygon","coordinates":[[[54.378665,24.483368],[54.378636,24.483484],[54.378898,24.483562],[54.378882,24.483577],[54.378947,24.483633],[54.379349,24.483753],[54.379436,24.48367],[54.379371,24.483614],[54.379169,24.483554],[54.37918,24.483511],[54.37884,24.48341],[54.37893,24.483304],[54.378654,24.483109],[54.378252,24.48299],[54.37816,24.483097],[54.378436,24.483292],[54.378746,24.483385],[54.378665,24.483368]]]}},{"type":"Feature","properties":{},"geometry":{"type":"Polygon","coordinates":[[[54.378722,24.484225],[54.378773,24.48422],[54.378862,24.484247],[54.378925,24.484173],[54.37911,24.484228],[54.37912,24.484314],[54.379711,24.48449],[54.379563,24.484667],[54.379421,24.484625],[54.379337,24.484567],[54.379486,24.484611],[54.379566,24.484514],[54.379455,24.484439],[54.379053,24.484319],[54.378983,24.484403],[54.378787,24.484345],[54.37871,24.484437],[54.378991,24.48463],[54.379255,24.484709],[54.379159,24.484814],[54.379169,24.48486],[54.37925,24.484885],[54.379462,24.485057],[54.380319,24.485313],[54.380494,24.485112],[54.380678,24.485167],[54.380723,24.485225],[54.381125,24.485345],[54.381194,24.4853],[54.381123,24.485207],[54.38103,24.48518],[54.381299,24.484858],[54.381158,24.48476],[54.380777,24.484647],[54.380673,24.484575],[54.380693,24.484546],[54.380577,24.484469],[54.380313,24.484384],[54.380371,24.484317],[54.3799,24.483983],[54.379264,24.483793],[54.379292,24.483743],[54.379252,24.483725],[54.37885,24.483605],[54.378819,24.48366],[54.378561,24.483583],[54.37855,24.483595],[54.37834,24.48345],[54.376331,24.482851],[54.376297,24.482895],[54.376216,24.482871],[54.376076,24.483043],[54.3761,24.48326],[54.376413,24.483471],[54.376609,24.48353],[54.376661,24.483601],[54.378722,24.484225]]]}},{"type":"Feature","properties":{},"geometry":{"type":"Polygon","coordinates":[[[54.378024,24.484577],[54.378203,24.484705],[54.378243,24.484717],[54.378233,24.484729],[54.378666,24.485018],[54.378716,24.485062],[54.378665,24.485122],[54.378818,24.485229],[54.3788,24.48525],[54.37898,24.485377],[54.379014,24.485387],[54.378997,24.485407],[54.379186,24.485544],[54.379482,24.485632],[54.37943,24.485691],[54.379608,24.485822],[54.379964,24.485928],[54.379956,24.485939],[54.380332,24.486208],[54.380761,24.486336],[54.380877,24.486206],[54.380496,24.485937],[54.380423,24.485915],[54.380275,24.485807],[54.380242,24.485797],[54.380255,24.485783],[54.380077,24.485651],[54.380046,24.485642],[54.380053,24.485633],[54.379864,24.485497],[54.379828,24.485486],[54.379835,24.485477],[54.379655,24.48535],[54.379576,24.485326],[54.379585,24.485315],[54.37941,24.485193],[54.37937,24.485181],[54.379388,24.485161],[54.379173,24.485017],[54.379186,24.485003],[54.378995,24.484865],[54.378956,24.484853],[54.37877,24.484724],[54.378734,24.484713],[54.378742,24.484704],[54.378563,24.484576],[54.378528,24.484566],[54.378538,24.484554],[54.377927,24.484123],[54.377498,24.483996],[54.377386,24.484129],[54.377577,24.484263],[54.377613,24.484273],[54.377605,24.484283],[54.377995,24.484558],[54.378031,24.484569],[54.378024,24.484577]]]}},{"type":"Feature","properties":{},"geometry":{"type":"Polygon","coordinates":[[[54.37882,24.486237],[54.37878,24.486211],[54.378825,24.486153],[54.379244,24.486282],[54.37927,24.486243],[54.379211,24.486209],[54.378809,24.48609],[54.378793,24.486112],[54.378537,24.485947],[54.376528,24.485348],[54.375896,24.486156],[54.376171,24.486334],[54.377737,24.4868],[54.377631,24.486921],[54.37677,24.486662],[54.376579,24.486879],[54.376665,24.486941],[54.376867,24.487001],[54.376805,24.487073],[54.37686,24.487113],[54.376813,24.487167],[54.377,24.487303],[54.37706,24.487321],[54.376999,24.48739],[54.377145,24.487496],[54.376691,24.488013],[54.375961,24.487796],[54.375904,24.487864],[54.376704,24.48842],[54.37773,24.488726],[54.377715,24.488745],[54.377917,24.488886],[54.378318,24.489006],[54.378366,24.48895],[54.378164,24.488808],[54.378075,24.488782],[54.3781,24.488752],[54.377778,24.488528],[54.37789,24.488561],[54.378367,24.488016],[54.378915,24.488179],[54.37888,24.488222],[54.379042,24.488334],[54.379769,24.488555],[54.37996,24.488688],[54.380098,24.488729],[54.380287,24.488873],[54.380358,24.488894],[54.38032,24.488937],[54.380273,24.488905],[54.380176,24.48887],[54.379095,24.488554],[54.378984,24.488685],[54.379096,24.488762],[54.378564,24.488604],[54.378401,24.488784],[54.378551,24.488896],[54.379224,24.489097],[54.379156,24.489175],[54.379243,24.489236],[54.379158,24.489331],[54.37936,24.48948],[54.380539,24.489831],[54.380659,24.489696],[54.380458,24.489547],[54.380339,24.489512],[54.380008,24.48928],[54.379872,24.48924],[54.379933,24.489174],[54.380096,24.489291],[54.38055,24.489426],[54.380499,24.489486],[54.38062,24.489571],[54.381015,24.489689],[54.380867,24.489853],[54.380936,24.489904],[54.380852,24.489879],[54.380712,24.490042],[54.380735,24.490058],[54.380615,24.490022],[54.380521,24.490132],[54.380719,24.490271],[54.380756,24.490282],[54.380749,24.490289],[54.380815,24.490335],[54.380754,24.490407],[54.380951,24.490546],[54.381146,24.490604],[54.381193,24.490637],[54.381076,24.49077],[54.38122,24.490876],[54.381498,24.490959],[54.381462,24.491],[54.381665,24.491142],[54.381959,24.49123],[54.381882,24.491319],[54.382075,24.491457],[54.382256,24.491511],[54.382232,24.491539],[54.382384,24.491646],[54.383177,24.491882],[54.383158,24.491905],[54.384075,24.492569],[54.384365,24.492655],[54.384349,24.492679],[54.384458,24.492744],[54.38486,24.492864],[54.384896,24.492814],[54.386085,24.493168],[54.386108,24.493107],[54.387038,24.493385],[54.387039,24.493403],[54.387129,24.493474],[54.387092,24.493513],[54.387107,24.493815],[54.384534,24.493049],[54.38441,24.493348],[54.383561,24.493095],[54.383505,24.493054],[54.382314,24.492699],[54.382245,24.492648],[54.381894,24.492544],[54.381915,24.492518],[54.381741,24.492401],[54.382737,24.492698],[54.382896,24.492513],[54.382805,24.492448],[54.382925,24.492484],[54.38308,24.492305],[54.382945,24.492208],[54.381471,24.491773],[54.381503,24.491737],[54.382074,24.491907],[54.38225,24.4917],[54.382108,24.4916],[54.381708,24.491481],[54.381777,24.491408],[54.381646,24.49132],[54.380681,24.491032],[54.380639,24.491078],[54.38045,24.490946],[54.38009,24.490838],[54.380142,24.490777],[54.380685,24.490939],[54.380867,24.490726],[54.380733,24.490631],[54.380269,24.490493],[54.380366,24.490379],[54.38025,24.490298],[54.379897,24.490193],[54.379963,24.490114],[54.379847,24.490032],[54.379591,24.489956],[54.379649,24.489887],[54.379385,24.489702],[54.377456,24.489127],[54.377251,24.489369],[54.377515,24.489554],[54.378628,24.489886],[54.37861,24.489908],[54.376815,24.489372],[54.376653,24.489568],[54.376798,24.489667],[54.378466,24.490164],[54.378404,24.490238],[54.376667,24.48972],[54.376513,24.489903],[54.376645,24.489996],[54.377432,24.49023],[54.377288,24.490408],[54.377434,24.490506],[54.37638,24.490191],[54.37623,24.490367],[54.376371,24.490466],[54.377916,24.490927],[54.37798,24.490973],[54.37595,24.490368],[54.375805,24.490539],[54.37594,24.490634],[54.377481,24.491093],[54.377511,24.491115],[54.377857,24.491218],[54.377785,24.491301],[54.377805,24.491316],[54.375703,24.490689],[54.375519,24.490903],[54.375757,24.491072],[54.37801,24.491741],[54.378057,24.491773],[54.378335,24.491856],[54.378323,24.49187],[54.378489,24.491986],[54.378436,24.49205],[54.378711,24.492234],[54.378668,24.492286],[54.378863,24.492421],[54.378997,24.492461],[54.378989,24.492471],[54.379179,24.492602],[54.379213,24.492612],[54.379196,24.492631],[54.379276,24.492686],[54.379216,24.492758],[54.379428,24.492904],[54.379879,24.493039],[54.379932,24.493076],[54.379874,24.493145],[54.379916,24.493174],[54.379852,24.493251],[54.38016,24.493463],[54.380587,24.493591],[54.380499,24.493696],[54.380641,24.493794],[54.380821,24.493848],[54.38068,24.49401],[54.380891,24.494162],[54.38099,24.494192],[54.38097,24.494214],[54.381182,24.494366],[54.38246,24.494747],[54.382016,24.495264],[54.382035,24.495276],[54.382014,24.495302],[54.38203,24.495327],[54.382005,24.495361],[54.38195,24.49535],[54.381893,24.495412],[54.381924,24.495447],[54.381898,24.495476],[54.381832,24.495478],[54.381699,24.495638],[54.381584,24.495597],[54.381615,24.495559],[54.3814,24.495415],[54.380873,24.495258],[54.380931,24.495189],[54.3808,24.495098],[54.380723,24.495075],[54.380798,24.494986],[54.380594,24.494844],[54.379906,24.494639],[54.37981,24.49457],[54.379251,24.494403],[54.379291,24.494351],[54.379833,24.494512],[54.379868,24.494471],[54.380678,24.494713],[54.380794,24.49458],[54.380561,24.494411],[54.380479,24.494387],[54.380487,24.494377],[54.380234,24.494196],[54.379568,24.493997],[54.379712,24.493834],[54.378641,24.493079],[54.375626,24.49218],[54.375606,24.492203],[54.374792,24.49196],[54.374606,24.492167],[54.374815,24.492322],[54.37578,24.49261],[54.375962,24.492733],[54.376046,24.492758],[54.37603,24.492777],[54.376249,24.492931],[54.376335,24.492957],[54.376317,24.492978],[54.376527,24.493129],[54.377528,24.493428],[54.377473,24.493491],[54.377379,24.493463],[54.37736,24.493485],[54.376183,24.493134],[54.37607,24.493266],[54.375327,24.493045],[54.375124,24.493285],[54.375337,24.493434],[54.375747,24.493556],[54.375851,24.49363],[54.375948,24.493659],[54.375799,24.493832],[54.375815,24.493844],[54.375781,24.493882],[54.375974,24.494021],[54.37604,24.494041],[54.376026,24.494057],[54.376218,24.494197],[54.376509,24.494283],[54.376403,24.494406],[54.376374,24.494397],[54.376213,24.494599],[54.376232,24.494612],[54.376194,24.494656],[54.37631,24.494738],[54.37622,24.494845],[54.37636,24.494943],[54.376481,24.49498],[54.376444,24.495026],[54.376518,24.495076],[54.374448,24.494458],[54.374191,24.494764],[54.374409,24.494916],[54.374864,24.495052],[54.37484,24.495082],[54.375056,24.495228],[54.375363,24.495319],[54.375278,24.495422],[54.375545,24.495604],[54.378895,24.496603],[54.378904,24.496591],[54.379325,24.496717],[54.379373,24.496659],[54.379632,24.496736],[54.379827,24.496513],[54.379682,24.496408],[54.379535,24.496364],[54.379506,24.496326],[54.37974,24.496396],[54.379766,24.496364],[54.380115,24.496468],[54.37975,24.496905],[54.380206,24.497221],[54.380528,24.497317],[54.380932,24.496834],[54.380624,24.49662],[54.381073,24.496754],[54.381237,24.496554],[54.381039,24.496419],[54.381288,24.496493],[54.38155,24.496673],[54.381367,24.496903],[54.38192,24.497267],[54.383929,24.497866],[54.384015,24.497758],[54.383883,24.497654],[54.383911,24.497619],[54.383771,24.497526],[54.383867,24.497404],[54.383596,24.497226],[54.38317,24.497098],[54.383239,24.497015],[54.383283,24.497045],[54.383685,24.497165],[54.383737,24.497101],[54.383674,24.497057],[54.383298,24.496945],[54.383393,24.496833],[54.383828,24.496962],[54.383972,24.496876],[54.383957,24.496858],[54.384103,24.496767],[54.384058,24.496667],[54.384036,24.496558],[54.384069,24.496469],[54.384237,24.496274],[54.384362,24.496312],[54.384434,24.496298],[54.384421,24.496245],[54.384019,24.496126],[54.383983,24.496133],[54.384204,24.495871],[54.384223,24.495877],[54.384283,24.495807],[54.384266,24.495795],[54.38461,24.495405],[54.384588,24.495391],[54.384573,24.495221],[54.384451,24.495136],[54.383833,24.494902],[54.383796,24.494869],[54.382805,24.494578],[54.382656,24.494472],[54.382916,24.494549],[54.383027,24.494422],[54.384681,24.494915],[54.384731,24.494856],[54.384161,24.494168],[54.383441,24.493954],[54.383524,24.493858],[54.383318,24.49371],[54.384548,24.494076],[54.384618,24.493992],[54.387698,24.49491],[54.387827,24.494738],[54.387628,24.494616],[54.387687,24.494471],[54.389231,24.494932],[54.389342,24.494927],[54.389307,24.494192],[54.389361,24.494209],[54.39017,24.494115],[54.390121,24.493761],[54.388261,24.493206],[54.388409,24.492957],[54.388344,24.492845],[54.38631,24.492235],[54.386265,24.492249],[54.386236,24.492187],[54.386149,24.492098],[54.386123,24.491932],[54.386123,24.491795],[54.386148,24.491737],[54.386277,24.491775],[54.386347,24.491691],[54.386237,24.491616],[54.386457,24.491498],[54.386623,24.4913],[54.385997,24.490836],[54.386297,24.490926],[54.386342,24.490856],[54.386304,24.490835],[54.386313,24.490821],[54.386213,24.490767],[54.385811,24.490647],[54.385788,24.490682],[54.385526,24.490487],[54.385017,24.490336],[54.385029,24.490322],[54.384974,24.490283],[54.385021,24.490296],[54.385186,24.490111],[54.385054,24.490014],[54.38485,24.489953],[54.384896,24.4899],[54.384246,24.489453],[54.384083,24.489404],[54.384116,24.489364],[54.383973,24.489266],[54.383672,24.489176],[54.383703,24.48914],[54.383583,24.489056],[54.382833,24.488832],[54.382715,24.488971],[54.382573,24.488871],[54.382483,24.488844],[54.382586,24.488723],[54.383196,24.488905],[54.383289,24.488795],[54.382878,24.488517],[54.382773,24.488486],[54.382664,24.488401],[54.382234,24.488273],[54.382315,24.488179],[54.382197,24.488095],[54.382062,24.488055],[54.382133,24.487976],[54.381912,24.487812],[54.381591,24.487717],[54.381656,24.48764],[54.381469,24.48751],[54.380718,24.487286],[54.380621,24.487403],[54.380786,24.487517],[54.379837,24.487234],[54.379676,24.487427],[54.379843,24.487543],[54.380308,24.487681],[54.380245,24.487758],[54.380293,24.487791],[54.380248,24.487844],[54.380338,24.487907],[54.379927,24.487785],[54.379808,24.487931],[54.379719,24.487904],[54.379666,24.487964],[54.379215,24.48783],[54.379184,24.487869],[54.379153,24.487845],[54.378751,24.487725],[54.378714,24.487765],[54.378815,24.487842],[54.37913,24.487936],[54.379082,24.487997],[54.378962,24.487917],[54.378559,24.487797],[54.37867,24.48767],[54.379207,24.48783],[54.37933,24.487689],[54.3793,24.487667],[54.379473,24.48747],[54.379086,24.48719],[54.378975,24.487157],[54.378887,24.487093],[54.37899,24.486976],[54.378791,24.486831],[54.378524,24.486752],[54.378587,24.486668],[54.378541,24.48664],[54.378434,24.486608],[54.378522,24.486496],[54.378795,24.486577],[54.378817,24.486542],[54.378636,24.486472],[54.37882,24.486237]],[[54.384056,24.491406],[54.384087,24.491415],[54.384188,24.491299],[54.384443,24.491473],[54.384264,24.49142],[54.384226,24.491456],[54.384286,24.491507],[54.384653,24.491616],[54.384786,24.491707],[54.384769,24.491702],[54.384726,24.491739],[54.384574,24.491644],[54.384172,24.491524],[54.38411,24.491607],[54.383952,24.49156],[54.384077,24.491421],[54.384056,24.491406]],[[54.386122,24.49244],[54.385853,24.49225],[54.386177,24.492346],[54.386122,24.49244]],[[54.381253,24.490213],[54.381251,24.490212],[54.381264,24.490197],[54.381253,24.490213]],[[54.381584,24.489858],[54.381626,24.489809],[54.381914,24.489895],[54.381801,24.490023],[54.381843,24.490053],[54.381834,24.490063],[54.381491,24.48996],[54.381567,24.489875],[54.381519,24.489839],[54.381584,24.489858]],[[54.38193,24.489456],[54.382124,24.489513],[54.382079,24.489565],[54.382026,24.489528],[54.381903,24.489486],[54.38193,24.489456]],[[54.381113,24.488411],[54.380898,24.488256],[54.380736,24.488208],[54.38077,24.488166],[54.381134,24.488275],[54.38122,24.488337],[54.381657,24.488467],[54.381569,24.488573],[54.38168,24.488651],[54.381226,24.488518],[54.381106,24.488431],[54.381113,24.488411]],[[54.381183,24.487701],[54.381038,24.487601],[54.381234,24.48766],[54.381172,24.487729],[54.381333,24.487848],[54.381249,24.487944],[54.381192,24.487905],[54.381048,24.487862],[54.381183,24.487701]],[[54.380721,24.489254],[54.380727,24.489247],[54.380679,24.489212],[54.380789,24.489245],[54.380765,24.489273],[54.380721,24.489254]],[[54.383259,24.490352],[54.383252,24.490361],[54.382783,24.490221],[54.382806,24.490195],[54.38306,24.490271],[54.383116,24.49031],[54.383259,24.490352]],[[54.382227,24.489241],[54.382159,24.48922],[54.382191,24.489183],[54.382259,24.489203],[54.382227,24.489241]],[[54.38238,24.489236],[54.382396,24.489217],[54.382417,24.489223],[54.38241,24.489245],[54.38238,24.489236]],[[54.383418,24.490811],[54.384048,24.490999],[54.383977,24.491083],[54.383691,24.490997],[54.383453,24.490834],[54.383409,24.490821],[54.383418,24.490811]],[[54.380451,24.492949],[54.380221,24.492797],[54.380589,24.492906],[54.380656,24.492955],[54.380834,24.493008],[54.380748,24.493106],[54.380674,24.493091],[54.380506,24.492976],[54.380444,24.492957],[54.380451,24.492949]],[[54.3798,24.492485],[54.379661,24.492389],[54.380069,24.49251],[54.379983,24.492615],[54.379792,24.492495],[54.3798,24.492485]],[[54.381258,24.492065],[54.381294,24.492075],[54.381286,24.492085],[54.381393,24.492157],[54.381135,24.49208],[54.381183,24.492023],[54.381012,24.491904],[54.381079,24.491924],[54.381069,24.491937],[54.381258,24.492065]],[[54.380551,24.491658],[54.380551,24.491633],[54.380517,24.491623],[54.380529,24.491568],[54.380606,24.491591],[54.380551,24.491658]],[[54.381261,24.496166],[54.380204,24.495845],[54.380207,24.495841],[54.381268,24.496157],[54.381261,24.496166]],[[54.381479,24.495901],[54.380423,24.495579],[54.380424,24.495577],[54.381486,24.495894],[54.381479,24.495901]],[[54.381465,24.493638],[54.38118,24.493455],[54.381532,24.49356],[54.381465,24.493638]]]}},{"type":"Feature","properties":{},"geometry":{"type":"Polygon","coordinates":[[[54.378121,24.492701],[54.377871,24.492515],[54.376585,24.492132],[54.37647,24.492261],[54.37672,24.492446],[54.378007,24.492829],[54.378121,24.492701]]]}},{"type":"Feature","properties":{},"geometry":{"type":"Polygon","coordinates":[[[54.3788,24.49737],[54.3786,24.497223],[54.3784,24.497163],[54.37842,24.497141],[54.378156,24.496946],[54.376655,24.496498],[54.376553,24.496612],[54.37635,24.496552],[54.376073,24.496862],[54.376272,24.497009],[54.376733,24.497147],[54.376881,24.497256],[54.378168,24.497639],[54.378213,24.497588],[54.378523,24.49768],[54.3788,24.49737]]]}},{"type":"Feature","properties":{},"geometry":{"type":"Polygon","coordinates":[[[54.378021,24.49798],[54.376778,24.49761],[54.376583,24.497828],[54.3767,24.497909],[54.375795,24.497639],[54.37562,24.497835],[54.375755,24.497934],[54.377898,24.498573],[54.378057,24.498368],[54.377941,24.498279],[54.378096,24.498326],[54.378259,24.498106],[54.379489,24.498472],[54.37965,24.498288],[54.379415,24.498117],[54.37836,24.497803],[54.378389,24.49777],[54.378271,24.497684],[54.376128,24.497045],[54.375933,24.497263],[54.376051,24.49735],[54.37792,24.497907],[54.378021,24.49798]]]}},{"type":"Feature","properties":{},"geometry":{"type":"Polygon","coordinates":[[[54.378767,24.498679],[54.378761,24.498665],[54.378797,24.498689],[54.378746,24.498755],[54.378339,24.498631],[54.378225,24.498753],[54.378326,24.49883],[54.378728,24.498949],[54.378739,24.498938],[54.378983,24.499093],[54.380323,24.499493],[54.380332,24.499481],[54.380845,24.499603],[54.381059,24.499614],[54.38122,24.4995],[54.381157,24.499399],[54.38108,24.499376],[54.381037,24.499295],[54.381459,24.49904],[54.38131,24.498824],[54.381627,24.498919],[54.381561,24.498976],[54.381549,24.499027],[54.381559,24.499073],[54.381622,24.499135],[54.382084,24.499268],[54.382134,24.499258],[54.382177,24.499232],[54.382207,24.49919],[54.382215,24.499147],[54.3822,24.499091],[54.382139,24.499038],[54.381845,24.498951],[54.381927,24.498916],[54.381895,24.498638],[54.381815,24.498526],[54.380449,24.498132],[54.380268,24.498234],[54.380231,24.498223],[54.37979,24.498495],[54.379911,24.49867],[54.379782,24.498753],[54.379749,24.498886],[54.379374,24.498775],[54.379405,24.498736],[54.37919,24.498593],[54.379122,24.498573],[54.379131,24.498562],[54.378948,24.498445],[54.378546,24.498325],[54.378472,24.498421],[54.378655,24.498538],[54.37872,24.498558],[54.378684,24.498614],[54.378346,24.498513],[54.378276,24.498536],[54.378295,24.498582],[54.378697,24.498702],[54.378767,24.498679]]]}},{"type":"Feature","properties":{},"geometry":{"type":"Polygon","coordinates":[[[54.378142,24.498842],[54.378061,24.498923],[54.378124,24.498974],[54.378526,24.499094],[54.378555,24.499065],[54.378595,24.499077],[54.378635,24.499036],[54.378544,24.498962],[54.378142,24.498842]]]}},{"type":"Feature","properties":{},"geometry":{"type":"Polygon","coordinates":[[[54.378174,24.501332],[54.377961,24.501167],[54.37498,24.500278],[54.37478,24.50049],[54.374993,24.500656],[54.377974,24.501545],[54.378174,24.501332]]]}},{"type":"Feature","properties":{},"geometry":{"type":"Polygon","coordinates":[[[54.37545,24.50169],[54.377996,24.502449],[54.378186,24.502251],[54.378018,24.502117],[54.377844,24.502065],[54.378036,24.50187],[54.37789,24.501751],[54.37588,24.501152],[54.375679,24.501356],[54.375804,24.501457],[54.375473,24.501358],[54.375282,24.501555],[54.37545,24.50169]]]}},{"type":"Feature","properties":{},"geometry":{"type":"Polygon","coordinates":[[[54.378059,24.502581],[54.377856,24.502438],[54.375311,24.501679],[54.375206,24.501802],[54.375409,24.501945],[54.377954,24.502704],[54.378059,24.502581]]]}},{"type":"Feature","properties":{},"geometry":{"type":"Polygon","coordinates":[[[54.378732,24.510296],[54.378806,24.510318],[54.379035,24.510192],[54.378958,24.510077],[54.379145,24.510132],[54.379792,24.509788],[54.379725,24.509683],[54.37951,24.509619],[54.379578,24.509582],[54.379942,24.509691],[54.380178,24.509563],[54.379918,24.509156],[54.378578,24.508757],[54.378326,24.508881],[54.378445,24.509058],[54.377525,24.508784],[54.377118,24.509001],[54.376581,24.50884],[54.375792,24.509109],[54.375993,24.509421],[54.376844,24.509675],[54.376775,24.509713],[54.377027,24.510089],[54.378367,24.510488],[54.378732,24.510296]]]}},{"type":"Feature","properties":{},"geometry":{"type":"Polygon","coordinates":[[[54.379577,24.486679],[54.379614,24.486619],[54.379169,24.486477],[54.379132,24.486538],[54.379577,24.486679]]]}},{"type":"Feature","properties":{},"geometry":{"type":"Polygon","coordinates":[[[54.379483,24.487032],[54.379885,24.487152],[54.379917,24.487111],[54.379889,24.487093],[54.379918,24.487102],[54.379954,24.487063],[54.37985,24.486984],[54.379985,24.487024],[54.380019,24.486986],[54.379984,24.48696],[54.380054,24.486981],[54.380082,24.486937],[54.379948,24.486866],[54.379546,24.486746],[54.379525,24.486779],[54.379204,24.486683],[54.379114,24.486777],[54.379278,24.486907],[54.379382,24.486938],[54.379367,24.486959],[54.379483,24.487032]]]}},{"type":"Feature","properties":{},"geometry":{"type":"Polygon","coordinates":[[[54.37955,24.487187],[54.379516,24.487168],[54.379114,24.487048],[54.379087,24.487086],[54.379523,24.487225],[54.37955,24.487187]]]}},{"type":"Feature","properties":{},"geometry":{"type":"Polygon","coordinates":[[[54.37934,24.507547],[54.379402,24.507541],[54.379521,24.507576],[54.379762,24.507573],[54.379757,24.507281],[54.378417,24.506882],[54.378196,24.506885],[54.378197,24.506996],[54.378179,24.506996],[54.378181,24.507177],[54.378938,24.507402],[54.378938,24.507427],[54.37934,24.507547]]]}},{"type":"Feature","properties":{},"geometry":{"type":"Polygon","coordinates":[[[54.378867,24.508521],[54.378864,24.508417],[54.378462,24.508298],[54.378353,24.5083],[54.378356,24.508403],[54.378758,24.508523],[54.378867,24.508521]]]}},{"type":"Feature","properties":{},"geometry":{"type":"Polygon","coordinates":[[[54.378603,24.508678],[54.378601,24.508569],[54.378199,24.508449],[54.378127,24.50845],[54.378128,24.50856],[54.37853,24.508679],[54.378603,24.508678]]]}},{"type":"Feature","properties":{},"geometry":{"type":"Polygon","coordinates":[[[54.380973,24.485564],[54.380571,24.485444],[54.380389,24.485417],[54.380361,24.485577],[54.380762,24.485697],[54.380945,24.485723],[54.380973,24.485564]]]}},{"type":"Feature","properties":{},"geometry":{"type":"Polygon","coordinates":[[[54.380917,24.485884],[54.380856,24.485866],[54.3807,24.486043],[54.38084,24.486145],[54.381268,24.486273],[54.381425,24.486095],[54.381371,24.486056],[54.381435,24.486075],[54.381587,24.485901],[54.38154,24.485867],[54.381603,24.485886],[54.381751,24.485714],[54.381679,24.485663],[54.381762,24.485687],[54.38191,24.485521],[54.381833,24.485465],[54.381926,24.485493],[54.382081,24.485317],[54.381937,24.485212],[54.381509,24.485085],[54.381354,24.48526],[54.381438,24.485321],[54.381347,24.485294],[54.381199,24.48546],[54.38127,24.485513],[54.381184,24.485487],[54.381036,24.485659],[54.38108,24.48569],[54.381018,24.485672],[54.380939,24.485763],[54.380638,24.485673],[54.380588,24.485728],[54.380644,24.48577],[54.380873,24.485838],[54.380866,24.485847],[54.380917,24.485884]]]}},{"type":"Feature","properties":{},"geometry":{"type":"Polygon","coordinates":[[[54.380595,24.493803],[54.380193,24.493683],[54.380177,24.493705],[54.380244,24.493752],[54.380646,24.493871],[54.380663,24.49385],[54.380595,24.493803]]]}},{"type":"Feature","properties":{},"geometry":{"type":"Polygon","coordinates":[[[54.380187,24.511449],[54.380589,24.511568],[54.380709,24.511588],[54.380718,24.511544],[54.380681,24.511533],[54.380687,24.511504],[54.380794,24.511535],[54.38082,24.51147],[54.380738,24.511444],[54.380742,24.511423],[54.38034,24.511303],[54.38022,24.511283],[54.380187,24.511449]]]}},{"type":"Feature","properties":{},"geometry":{"type":"Polygon","coordinates":[[[54.380098,24.511524],[54.380023,24.511621],[54.381024,24.512446],[54.381238,24.51251],[54.381318,24.512427],[54.380313,24.511587],[54.380098,24.511524]]]}},{"type":"Feature","properties":{},"geometry":{"type":"Polygon","coordinates":[[[54.380141,24.511968],[54.380028,24.511878],[54.379814,24.511814],[54.379328,24.51229],[54.379438,24.512375],[54.379653,24.512439],[54.380141,24.511968]]]}},{"type":"Feature","properties":{},"geometry":{"type":"Polygon","coordinates":[[[54.38315,24.486887],[54.383201,24.486825],[54.383157,24.486794],[54.382755,24.486674],[54.382704,24.486737],[54.382715,24.486745],[54.38138,24.486347],[54.381111,24.486621],[54.381464,24.486915],[54.38162,24.486962],[54.38158,24.487003],[54.381935,24.487295],[54.382291,24.487402],[54.382183,24.48751],[54.382284,24.487592],[54.38244,24.487638],[54.382527,24.48771],[54.383311,24.487944],[54.383288,24.487965],[54.383329,24.487997],[54.38364,24.48809],[54.383609,24.488126],[54.383686,24.48818],[54.383759,24.488202],[54.383729,24.488237],[54.383745,24.488247],[54.383672,24.488334],[54.383765,24.488399],[54.384528,24.488644],[54.384613,24.488704],[54.384529,24.488679],[54.384488,24.488651],[54.384086,24.488531],[54.384038,24.48859],[54.384134,24.488657],[54.383928,24.48889],[54.384039,24.488968],[54.384733,24.489175],[54.384851,24.489261],[54.385198,24.489365],[54.385663,24.4897],[54.385716,24.489716],[54.385706,24.489727],[54.385794,24.489791],[54.386196,24.489911],[54.386232,24.489871],[54.386143,24.489808],[54.386089,24.489792],[54.386101,24.489776],[54.38575,24.489529],[54.386191,24.48966],[54.38632,24.489485],[54.386041,24.489309],[54.385747,24.489222],[54.385766,24.489201],[54.385515,24.48901],[54.385451,24.48899],[54.385472,24.488967],[54.385506,24.488994],[54.385908,24.489113],[54.385949,24.489071],[54.385906,24.489036],[54.385864,24.489024],[54.385965,24.488909],[54.385897,24.488858],[54.385756,24.488816],[54.385776,24.488793],[54.386116,24.488895],[54.386206,24.488671],[54.386244,24.488629],[54.386462,24.488501],[54.386385,24.488388],[54.386301,24.488362],[54.386334,24.488328],[54.386082,24.488145],[54.385544,24.487984],[54.385504,24.487955],[54.385521,24.487933],[54.38542,24.487862],[54.384764,24.487667],[54.38469,24.487613],[54.384706,24.487592],[54.384597,24.487519],[54.38438,24.487454],[54.384244,24.48736],[54.384374,24.487398],[54.384438,24.487324],[54.384795,24.48743],[54.384873,24.487343],[54.384808,24.487298],[54.38453,24.487215],[54.384473,24.487165],[54.38455,24.487188],[54.384621,24.487109],[54.384433,24.486972],[54.384368,24.486953],[54.384381,24.486938],[54.384191,24.486806],[54.383789,24.486686],[54.383722,24.486762],[54.383804,24.486821],[54.3837,24.48679],[54.383633,24.486868],[54.383712,24.486924],[54.383611,24.486894],[54.383542,24.486974],[54.383618,24.487027],[54.383522,24.486999],[54.383453,24.487079],[54.383461,24.487085],[54.3828,24.486888],[54.38278,24.486911],[54.382737,24.486899],[54.382814,24.486824],[54.382734,24.486758],[54.38315,24.486887]],[[54.384606,24.488415],[54.384312,24.488327],[54.384364,24.488267],[54.384628,24.488346],[54.384674,24.488365],[54.384644,24.488442],[54.384606,24.488415]],[[54.384736,24.488761],[54.384769,24.488787],[54.384712,24.48877],[54.384671,24.488741],[54.384736,24.488761]],[[54.384689,24.488473],[54.384674,24.488462],[54.385282,24.488646],[54.385222,24.488713],[54.384962,24.488636],[54.384904,24.488593],[54.38465,24.488518],[54.384689,24.488473]]]}},{"type":"Feature","properties":{},"geometry":{"type":"Polygon","coordinates":[[[54.381588,24.499455],[54.381525,24.499426],[54.381123,24.499306],[54.381091,24.499363],[54.381556,24.499512],[54.381588,24.499455]]]}},{"type":"Feature","properties":{},"geometry":{"type":"Polygon","coordinates":[[[54.381657,24.509259],[54.38161,24.509225],[54.381208,24.509105],[54.381161,24.509158],[54.381209,24.509192],[54.381611,24.509312],[54.381657,24.509259]]]}},{"type":"Feature","properties":{},"geometry":{"type":"Polygon","coordinates":[[[54.379499,24.510503],[54.380357,24.511169],[54.382367,24.511768],[54.382751,24.511343],[54.382079,24.510822],[54.382984,24.511092],[54.383375,24.510679],[54.382681,24.51014],[54.380671,24.509541],[54.38029,24.509956],[54.380794,24.510351],[54.379885,24.51008],[54.379499,24.510503]]]}},{"type":"Feature","properties":{},"geometry":{"type":"Polygon","coordinates":[[[54.383895,24.48224],[54.383826,24.482197],[54.383425,24.482077],[54.383396,24.482115],[54.383465,24.482158],[54.383866,24.482278],[54.383895,24.48224]]]}},{"type":"Feature","properties":{},"geometry":{"type":"Polygon","coordinates":[[[54.383983,24.484072],[54.384032,24.484111],[54.384434,24.484231],[54.384495,24.484167],[54.384478,24.484154],[54.384503,24.484128],[54.384471,24.484102],[54.384069,24.483983],[54.383983,24.484072]]]}},{"type":"Feature","properties":{},"geometry":{"type":"Polygon","coordinates":[[[54.383718,24.486528],[54.384557,24.486778],[54.384505,24.486836],[54.384604,24.486913],[54.384755,24.486958],[54.3848,24.486991],[54.384817,24.487161],[54.386827,24.48776],[54.38697,24.487746],[54.386947,24.487591],[54.387105,24.487417],[54.387136,24.487426],[54.387264,24.487411],[54.387253,24.487282],[54.386928,24.487185],[54.386903,24.487165],[54.386943,24.487126],[54.386854,24.487055],[54.384844,24.486456],[54.38481,24.486495],[54.384485,24.486398],[54.384589,24.486291],[54.385543,24.486575],[54.385722,24.486403],[54.385539,24.486245],[54.385488,24.48623],[54.385502,24.486217],[54.385451,24.486177],[54.385116,24.486074],[54.385139,24.486051],[54.384782,24.485761],[54.384674,24.485729],[54.384706,24.485695],[54.384357,24.485404],[54.384178,24.48535],[54.384208,24.485322],[54.384235,24.48533],[54.38436,24.485202],[54.384341,24.485187],[54.384371,24.485155],[54.384443,24.485177],[54.384549,24.485072],[54.38441,24.484958],[54.38307,24.484558],[54.382966,24.484663],[54.382981,24.484676],[54.382932,24.484725],[54.382914,24.48472],[54.38279,24.484845],[54.382802,24.484853],[54.382759,24.484901],[54.382741,24.484896],[54.382628,24.485004],[54.382768,24.485122],[54.382871,24.485152],[54.382788,24.485236],[54.382493,24.485148],[54.382231,24.48542],[54.382586,24.485713],[54.382737,24.485758],[54.382693,24.485803],[54.383051,24.486096],[54.383761,24.486308],[54.383718,24.486528]]]}},{"type":"Feature","properties":{},"geometry":{"type":"Polygon","coordinates":[[[54.382807,24.486286],[54.383209,24.486405],[54.38322,24.486391],[54.383253,24.486401],[54.3833,24.486337],[54.383102,24.486215],[54.3827,24.486095],[54.382626,24.486194],[54.38269,24.486234],[54.382807,24.486286]]]}},{"type":"Feature","properties":{},"geometry":{"type":"Polygon","coordinates":[[[54.383745,24.492813],[54.383343,24.492693],[54.383307,24.492728],[54.383379,24.49279],[54.383514,24.49283],[54.383483,24.492993],[54.383885,24.493112],[54.384118,24.49315],[54.384151,24.49298],[54.383817,24.492875],[54.383745,24.492813]]]}},{"type":"Feature","properties":{},"geometry":{"type":"Polygon","coordinates":[[[54.381398,24.503878],[54.381398,24.503907],[54.381307,24.503908],[54.381312,24.50431],[54.382337,24.504616],[54.382341,24.50466],[54.382743,24.50478],[54.382818,24.504775],[54.382817,24.504759],[54.383321,24.50491],[54.383623,24.504907],[54.383622,24.504853],[54.383705,24.504852],[54.383696,24.504028],[54.383864,24.504031],[54.383861,24.503897],[54.38361,24.503822],[54.38361,24.503752],[54.3816,24.503153],[54.381461,24.503155],[54.381468,24.503845],[54.381427,24.503846],[54.381427,24.503877],[54.381398,24.503878]]]}},{"type":"Feature","properties":{},"geometry":{"type":"Polygon","coordinates":[[[54.382444,24.508126],[54.382465,24.50816],[54.382867,24.50828],[54.38292,24.508253],[54.3829,24.508219],[54.382498,24.5081],[54.382444,24.508126]]]}},{"type":"Feature","properties":{},"geometry":{"type":"Polygon","coordinates":[[[54.386898,24.482089],[54.386893,24.482028],[54.386491,24.481908],[54.386288,24.481932],[54.386297,24.481995],[54.386699,24.482115],[54.386898,24.482089]]]}},{"type":"Feature","properties":{},"geometry":{"type":"Polygon","coordinates":[[[54.387599,24.482609],[54.387203,24.482327],[54.385194,24.481728],[54.384687,24.482337],[54.385078,24.48261],[54.387087,24.483209],[54.387599,24.482609]]]}},{"type":"Feature","properties":{},"geometry":{"type":"Polygon","coordinates":[[[54.38797,24.485159],[54.387919,24.485113],[54.387517,24.484993],[54.387441,24.485063],[54.387492,24.485109],[54.387894,24.485229],[54.38797,24.485159]]]}},{"type":"Feature","properties":{},"geometry":{"type":"Polygon","coordinates":[[[54.389659,24.485745],[54.389615,24.485699],[54.389693,24.485636],[54.389584,24.485525],[54.389182,24.485405],[54.389041,24.485519],[54.389194,24.485676],[54.389596,24.485795],[54.389659,24.485745]]]}},{"type":"Feature","properties":{},"geometry":{"type":"Polygon","coordinates":[[[54.38741,24.486744],[54.387364,24.48671],[54.386962,24.48659],[54.386863,24.486699],[54.386911,24.486736],[54.38699,24.486759],[54.386978,24.486772],[54.387067,24.486838],[54.387469,24.486958],[54.387539,24.486882],[54.387449,24.486816],[54.387368,24.486792],[54.38741,24.486744]]]}},{"type":"Feature","properties":{},"geometry":{"type":"Polygon","coordinates":[[[54.386858,24.490067],[54.386861,24.490089],[54.386553,24.489997],[54.386433,24.490137],[54.386656,24.490295],[54.386905,24.49037],[54.386921,24.49047],[54.392547,24.492146],[54.392955,24.492094],[54.394184,24.492454],[54.394285,24.492338],[54.39419,24.492269],[54.394233,24.49222],[54.394012,24.492061],[54.394253,24.492133],[54.394248,24.492157],[54.395588,24.492557],[54.395997,24.492631],[54.396062,24.492332],[54.394766,24.491946],[54.394662,24.491877],[54.394045,24.491693],[54.394127,24.491595],[54.395132,24.491889],[54.395234,24.491772],[54.395139,24.491703],[54.395182,24.491654],[54.394932,24.491475],[54.394367,24.491306],[54.394469,24.491185],[54.395386,24.491452],[54.395487,24.491335],[54.395392,24.491267],[54.395435,24.491218],[54.395186,24.491038],[54.394709,24.490896],[54.394748,24.490849],[54.395424,24.49105],[54.395626,24.490818],[54.395387,24.490647],[54.39501,24.490534],[54.395053,24.490483],[54.394882,24.49037],[54.394614,24.49029],[54.394289,24.490319],[54.393961,24.490222],[54.39391,24.489926],[54.394481,24.490096],[54.394669,24.490078],[54.394653,24.489933],[54.394745,24.489924],[54.394704,24.489573],[54.394598,24.489541],[54.394592,24.489484],[54.393703,24.489219],[54.393803,24.489206],[54.393795,24.489158],[54.394398,24.489338],[54.394585,24.489319],[54.394572,24.489206],[54.394664,24.489197],[54.394622,24.488843],[54.394515,24.488811],[54.394508,24.488755],[54.393592,24.488482],[54.393708,24.488472],[54.393667,24.488083],[54.394793,24.488419],[54.394862,24.488363],[54.394968,24.488395],[54.395185,24.488219],[54.395111,24.488144],[54.395209,24.488065],[54.395036,24.487889],[54.394787,24.487531],[54.394986,24.48759],[54.39537,24.487249],[54.395338,24.487219],[54.395256,24.487186],[54.390333,24.485719],[54.390221,24.485707],[54.390096,24.485724],[54.390046,24.485768],[54.390088,24.485807],[54.389943,24.485937],[54.389982,24.485973],[54.389941,24.48601],[54.390063,24.486123],[54.392697,24.486908],[54.39245,24.487118],[54.390314,24.486481],[54.389889,24.486825],[54.390071,24.487012],[54.392729,24.487804],[54.39237,24.487835],[54.3924,24.488127],[54.38992,24.487388],[54.389739,24.487405],[54.389751,24.487505],[54.389601,24.48752],[54.389643,24.487868],[54.389803,24.487916],[54.38981,24.48797],[54.391692,24.488531],[54.39167,24.488613],[54.390003,24.488116],[54.389821,24.488134],[54.389832,24.488233],[54.389683,24.488248],[54.389723,24.488599],[54.389883,24.488647],[54.389893,24.488728],[54.392628,24.489544],[54.392492,24.489548],[54.392438,24.489768],[54.389761,24.48897],[54.389559,24.489202],[54.389798,24.489374],[54.392281,24.490114],[54.392264,24.490139],[54.392227,24.490132],[54.392199,24.490148],[54.390262,24.489571],[54.390084,24.489776],[54.390325,24.48995],[54.391682,24.490354],[54.391433,24.490362],[54.391233,24.490315],[54.391222,24.490369],[54.390009,24.490007],[54.38983,24.490212],[54.390072,24.490386],[54.390539,24.490525],[54.390233,24.490557],[54.389738,24.49041],[54.389721,24.490432],[54.389605,24.490397],[54.389513,24.490513],[54.387308,24.489855],[54.386834,24.489916],[54.386848,24.490004],[54.386562,24.489919],[54.386498,24.489916],[54.386495,24.489959],[54.386858,24.490067]],[[54.393863,24.490585],[54.39391,24.490599],[54.393903,24.490608],[54.393863,24.490585]],[[54.393214,24.491446],[54.392769,24.491313],[54.392896,24.4913],[54.392886,24.491225],[54.393295,24.491347],[54.393214,24.491446]]]}},{"type":"Feature","properties":{},"geometry":{"type":"Polygon","coordinates":[[[54.385372,24.494824],[54.385403,24.494783],[54.385326,24.494734],[54.384924,24.494614],[54.384903,24.494641],[54.384867,24.494631],[54.384732,24.494807],[54.384822,24.494876],[54.384909,24.49492],[54.385311,24.49504],[54.385443,24.494869],[54.385372,24.494824]]]}},{"type":"Feature","properties":{},"geometry":{"type":"Polygon","coordinates":[[[54.387757,24.495694],[54.387834,24.495717],[54.387837,24.495749],[54.388239,24.495869],[54.388469,24.495846],[54.390205,24.496364],[54.390509,24.496344],[54.390508,24.496314],[54.390568,24.496332],[54.390643,24.496328],[54.39063,24.496099],[54.390576,24.495677],[54.388566,24.495078],[54.388216,24.495113],[54.388256,24.495438],[54.388214,24.495426],[54.388137,24.495434],[54.388147,24.495508],[54.388164,24.495514],[54.38818,24.495644],[54.387894,24.49557],[54.387744,24.495585],[54.387757,24.495694]]]}},{"type":"Feature","properties":{},"geometry":{"type":"Polygon","coordinates":[[[54.384673,24.49606],[54.384678,24.4961],[54.384575,24.496071],[54.38444,24.496085],[54.384582,24.497229],[54.384874,24.497316],[54.384864,24.497317],[54.384902,24.497628],[54.386002,24.497956],[54.386007,24.49799],[54.386135,24.498029],[54.38617,24.498321],[54.386403,24.498391],[54.386437,24.498666],[54.386772,24.498766],[54.387145,24.498729],[54.387124,24.498559],[54.387246,24.498547],[54.387222,24.498337],[54.387651,24.498305],[54.387633,24.498155],[54.387677,24.498151],[54.387918,24.498223],[54.388068,24.498208],[54.388061,24.49816],[54.388172,24.498193],[54.388313,24.498178],[54.388301,24.49808],[54.389941,24.498568],[54.390974,24.498461],[54.390929,24.498107],[54.389749,24.497755],[54.389744,24.497656],[54.391473,24.498172],[54.391612,24.499066],[54.393621,24.499665],[54.39537,24.499471],[54.39526,24.498664],[54.395136,24.498542],[54.393126,24.497944],[54.391894,24.49803],[54.391881,24.497941],[54.391505,24.497815],[54.38791,24.496734],[54.388417,24.496678],[54.388325,24.495985],[54.386315,24.495386],[54.385564,24.495469],[54.385656,24.496161],[54.385859,24.496222],[54.385835,24.496233],[54.385852,24.496346],[54.384833,24.496043],[54.384673,24.49606]],[[54.389202,24.497538],[54.38914,24.49754],[54.389142,24.497575],[54.388708,24.497445],[54.388704,24.497414],[54.388875,24.497397],[54.3892,24.497494],[54.389202,24.497538]]]}},{"type":"Feature","properties":{},"geometry":{"type":"Polygon","coordinates":[[[54.384491,24.497147],[54.384421,24.497102],[54.384019,24.496982],[54.383945,24.497076],[54.384014,24.497122],[54.384416,24.497242],[54.384491,24.497147]]]}},{"type":"Feature","properties":{},"geometry":{"type":"Polygon","coordinates":[[[54.386653,24.498939],[54.386821,24.498921],[54.386817,24.498866],[54.386415,24.498746],[54.386245,24.498765],[54.386251,24.498819],[54.386653,24.498939]]]}},{"type":"Feature","properties":{},"geometry":{"type":"Polygon","coordinates":[[[54.382293,24.49847],[54.38372,24.498895],[54.383728,24.498977],[54.383697,24.498979],[54.383709,24.499103],[54.383737,24.499111],[54.383746,24.499212],[54.385311,24.499678],[54.38545,24.499788],[54.386957,24.500237],[54.387045,24.500322],[54.386781,24.500352],[54.386352,24.500224],[54.385873,24.500266],[54.385879,24.500321],[54.384545,24.499924],[54.384484,24.499928],[54.384402,24.499904],[54.384272,24.499914],[54.384275,24.49995],[54.384156,24.499959],[54.384201,24.500455],[54.386892,24.501257],[54.386895,24.501284],[54.384644,24.500614],[54.384007,24.500672],[54.384021,24.500798],[54.383987,24.500801],[54.383999,24.500914],[54.384033,24.500924],[54.384044,24.501029],[54.38703,24.501919],[54.38676,24.502243],[54.386859,24.502343],[54.386897,24.502424],[54.386807,24.502623],[54.386914,24.502658],[54.386947,24.502731],[54.383248,24.501629],[54.383198,24.501648],[54.382982,24.501583],[54.382754,24.501608],[54.382753,24.501667],[54.382539,24.501688],[54.382516,24.501813],[54.382851,24.501912],[54.382852,24.501953],[54.387675,24.503391],[54.388232,24.503194],[54.388072,24.503066],[54.388034,24.503055],[54.387896,24.50273],[54.388088,24.502397],[54.388152,24.502391],[54.38824,24.503085],[54.388742,24.503235],[54.388819,24.503227],[54.389133,24.50332],[54.38924,24.503322],[54.389242,24.503268],[54.389028,24.503205],[54.389955,24.503108],[54.389937,24.50296],[54.390406,24.5031],[54.391157,24.503036],[54.3911,24.502522],[54.391418,24.50248],[54.391224,24.500869],[54.39166,24.500999],[54.391921,24.500969],[54.391889,24.500727],[54.391182,24.500516],[54.39098,24.498843],[54.390243,24.498624],[54.38914,24.498748],[54.389174,24.499017],[54.3889,24.498935],[54.387503,24.499051],[54.38752,24.499213],[54.385717,24.498676],[54.38479,24.498774],[54.382758,24.498168],[54.38271,24.498213],[54.382651,24.498234],[54.382327,24.4983],[54.382222,24.49835],[54.38221,24.498384],[54.382222,24.498427],[54.382293,24.49847]],[[54.389522,24.502028],[54.389559,24.502025],[54.389581,24.502196],[54.389366,24.502132],[54.389352,24.50199],[54.389522,24.502028]],[[54.389477,24.501394],[54.389324,24.501348],[54.389356,24.501286],[54.389459,24.501251],[54.389477,24.501394]],[[54.38934,24.500815],[54.389402,24.500809],[54.389409,24.500862],[54.389186,24.500796],[54.389185,24.500781],[54.38934,24.500815]],[[54.389063,24.500099],[54.389052,24.500012],[54.389296,24.49999],[54.38932,24.500176],[54.389063,24.500099]]]}},{"type":"Feature","properties":{},"geometry":{"type":"Polygon","coordinates":[[[54.388952,24.503303],[54.38855,24.503183],[54.388335,24.503208],[54.388342,24.503258],[54.388744,24.503378],[54.388959,24.503353],[54.388952,24.503303]]]}},{"type":"Feature","properties":{},"geometry":{"type":"Polygon","coordinates":[[[54.388048,24.50359],[54.387646,24.50347],[54.387582,24.503485],[54.387593,24.503526],[54.387995,24.503646],[54.38806,24.503632],[54.388048,24.50359]]]}},{"type":"Feature","properties":{},"geometry":{"type":"Polygon","coordinates":[[[54.387493,24.504101],[54.387557,24.504098],[54.387554,24.504018],[54.387525,24.504009],[54.387519,24.503969],[54.387117,24.50385],[54.386998,24.503864],[54.387005,24.503906],[54.387089,24.503939],[54.387004,24.503914],[54.38696,24.50392],[54.386968,24.503967],[54.38737,24.504086],[54.387414,24.50408],[54.387493,24.504101]]]}},{"type":"Feature","properties":{},"geometry":{"type":"Polygon","coordinates":[[[54.389251,24.507055],[54.389248,24.507021],[54.388846,24.506901],[54.38875,24.506908],[54.388754,24.506942],[54.389156,24.507062],[54.389251,24.507055]]]}},{"type":"Feature","properties":{},"geometry":{"type":"Polygon","coordinates":[[[54.389939,24.482448],[54.389809,24.482389],[54.389407,24.482269],[54.38937,24.482335],[54.389501,24.482395],[54.389903,24.482514],[54.389939,24.482448]]]}},{"type":"Feature","properties":{},"geometry":{"type":"Polygon","coordinates":[[[54.390316,24.482352],[54.390178,24.482339],[54.390174,24.482371],[54.389952,24.482741],[54.389596,24.482635],[54.389506,24.482705],[54.38957,24.482774],[54.389972,24.482894],[54.390055,24.48283],[54.390163,24.482883],[54.391503,24.483283],[54.39158,24.48316],[54.39149,24.483096],[54.391559,24.482982],[54.391667,24.483003],[54.391694,24.482959],[54.391855,24.483011],[54.391805,24.483099],[54.391909,24.483138],[54.39188,24.483192],[54.391973,24.483235],[54.392375,24.483354],[54.392476,24.48318],[54.392267,24.483101],[54.392281,24.483077],[54.392174,24.483027],[54.391772,24.482907],[54.391763,24.482923],[54.391724,24.482911],[54.391742,24.482883],[54.391509,24.482769],[54.391148,24.482662],[54.390942,24.482565],[54.390713,24.482497],[54.390718,24.482472],[54.390316,24.482352]]]}},{"type":"Feature","properties":{},"geometry":{"type":"Polygon","coordinates":[[[54.391249,24.483677],[54.3913,24.483619],[54.391236,24.483568],[54.391324,24.483594],[54.391408,24.483498],[54.391224,24.483358],[54.389884,24.482959],[54.389675,24.483165],[54.389881,24.483312],[54.390836,24.483596],[54.390784,24.483641],[54.390922,24.483776],[54.391324,24.483896],[54.391411,24.48382],[54.391274,24.483685],[54.391249,24.483677]]]}},{"type":"Feature","properties":{},"geometry":{"type":"Polygon","coordinates":[[[54.391627,24.483427],[54.391532,24.483387],[54.39113,24.483267],[54.391115,24.483297],[54.391612,24.483457],[54.391627,24.483427]]]}},{"type":"Feature","properties":{},"geometry":{"type":"Polygon","coordinates":[[[54.39089,24.484485],[54.390771,24.484369],[54.390369,24.484249],[54.390278,24.484327],[54.390397,24.484443],[54.390799,24.484563],[54.39089,24.484485]]]}},{"type":"Feature","properties":{},"geometry":{"type":"Polygon","coordinates":[[[54.39287,24.492786],[54.392808,24.492401],[54.387182,24.490724],[54.3866,24.490802],[54.386663,24.491188],[54.392288,24.492864],[54.39287,24.492786]]]}},{"type":"Feature","properties":{},"geometry":{"type":"Polygon","coordinates":[[[54.390693,24.492868],[54.390587,24.492771],[54.390185,24.492651],[54.389997,24.492822],[54.390103,24.492919],[54.390505,24.493039],[54.390693,24.492868]]]}},{"type":"Feature","properties":{},"geometry":{"type":"Polygon","coordinates":[[[54.393345,24.49473],[54.393613,24.494698],[54.393582,24.494482],[54.393518,24.494463],[54.393515,24.494441],[54.392175,24.494042],[54.392027,24.49406],[54.392031,24.494084],[54.39197,24.494091],[54.392005,24.494331],[54.393345,24.49473]]]}},{"type":"Feature","properties":{},"geometry":{"type":"Polygon","coordinates":[[[54.390666,24.494844],[54.390731,24.495482],[54.392741,24.49608],[54.392797,24.496038],[54.393579,24.495961],[54.393739,24.496008],[54.393864,24.495994],[54.394069,24.495811],[54.394285,24.495786],[54.3942,24.495176],[54.39219,24.494578],[54.391623,24.494643],[54.391636,24.494739],[54.391563,24.494717],[54.390666,24.494844]]]}},{"type":"Feature","properties":{},"geometry":{"type":"Polygon","coordinates":[[[54.392632,24.496909],[54.394641,24.497508],[54.394769,24.497442],[54.394885,24.497348],[54.394874,24.497274],[54.394918,24.497211],[54.394997,24.497172],[54.39503,24.497114],[54.394542,24.496821],[54.392533,24.496223],[54.3923,24.496507],[54.392381,24.496792],[54.392632,24.496909]]]}},{"type":"Feature","properties":{},"geometry":{"type":"Polygon","coordinates":[[[54.391205,24.49697],[54.391213,24.497008],[54.391615,24.497128],[54.39167,24.497118],[54.391662,24.49708],[54.39146,24.49702],[54.391496,24.497021],[54.391496,24.497004],[54.391543,24.497018],[54.391663,24.497013],[54.391661,24.496974],[54.391259,24.496854],[54.391139,24.496859],[54.39114,24.49688],[54.39102,24.496865],[54.391019,24.496899],[54.391237,24.496964],[54.391205,24.49697]]]}},{"type":"Feature","properties":{},"geometry":{"type":"Polygon","coordinates":[[[54.39083,24.497058],[54.390828,24.497121],[54.39123,24.497241],[54.391343,24.497244],[54.391345,24.497181],[54.391225,24.497145],[54.391304,24.497146],[54.391309,24.497052],[54.390907,24.496932],[54.390784,24.49693],[54.390782,24.497025],[54.3909,24.49706],[54.39083,24.497058]]]}},{"type":"Feature","properties":{},"geometry":{"type":"Polygon","coordinates":[[[54.390882,24.504032],[54.391033,24.504077],[54.390837,24.504097],[54.39087,24.504372],[54.392053,24.504724],[54.392063,24.504809],[54.391826,24.504739],[54.391771,24.504743],[54.391779,24.504823],[54.392075,24.504911],[54.392078,24.50494],[54.391397,24.504737],[54.391182,24.504749],[54.391218,24.505249],[54.392558,24.505648],[54.392773,24.505636],[54.392737,24.505136],[54.392517,24.50507],[54.392592,24.505063],[54.392563,24.504815],[54.392365,24.504756],[54.392653,24.504727],[54.39262,24.504452],[54.392456,24.504404],[54.392504,24.504401],[54.392497,24.504296],[54.392523,24.504304],[54.392592,24.504285],[54.39258,24.504249],[54.392492,24.504223],[54.392488,24.504165],[54.392293,24.504101],[54.392379,24.504127],[54.39259,24.504102],[54.392558,24.503881],[54.392272,24.503796],[54.392269,24.503754],[54.392463,24.503812],[54.392554,24.503811],[54.392554,24.503762],[54.392188,24.503653],[54.392183,24.503621],[54.391781,24.503501],[54.391689,24.503513],[54.391697,24.503563],[54.391855,24.503609],[54.391703,24.503617],[54.391709,24.503719],[54.391946,24.50379],[54.39195,24.503821],[54.390932,24.503517],[54.390824,24.503528],[54.390882,24.504032]]]}},{"type":"Feature","properties":{},"geometry":{"type":"Polygon","coordinates":[[[54.390056,24.505797],[54.389993,24.505205],[54.388653,24.504805],[54.388455,24.504818],[54.388502,24.505412],[54.389842,24.505811],[54.390056,24.505797]]]}},{"type":"Feature","properties":{},"geometry":{"type":"Polygon","coordinates":[[[54.392911,24.507214],[54.392992,24.507205],[54.392985,24.507152],[54.392738,24.507078],[54.392715,24.506783],[54.391375,24.506383],[54.39119,24.506395],[54.391216,24.506738],[54.391483,24.506817],[54.391486,24.506838],[54.391888,24.506957],[54.391923,24.506948],[54.392556,24.507137],[54.392635,24.507132],[54.392911,24.507214]]]}},{"type":"Feature","properties":{},"geometry":{"type":"Polygon","coordinates":[[[54.391414,24.507024],[54.391816,24.507144],[54.391942,24.507142],[54.39194,24.507053],[54.391538,24.506933],[54.391412,24.506935],[54.391414,24.507024]]]}},{"type":"Feature","properties":{},"geometry":{"type":"Polygon","coordinates":[[[54.391944,24.507466],[54.391934,24.507327],[54.390594,24.506928],[54.390191,24.506952],[54.390201,24.507091],[54.391541,24.50749],[54.391944,24.507466]]]}},{"type":"Feature","properties":{},"geometry":{"type":"Polygon","coordinates":[[[54.391179,24.507511],[54.39118,24.507431],[54.390778,24.507311],[54.390645,24.507309],[54.390644,24.50739],[54.391046,24.50751],[54.391179,24.507511]]]}},{"type":"Feature","properties":{},"geometry":{"type":"Polygon","coordinates":[[[54.393088,24.508737],[54.393088,24.508726],[54.393216,24.508734],[54.393217,24.5087],[54.392815,24.50858],[54.392568,24.508589],[54.392568,24.508619],[54.39297,24.508739],[54.393088,24.508737]]]}},{"type":"Feature","properties":{},"geometry":{"type":"Polygon","coordinates":[[[54.391277,24.509188],[54.392612,24.509586],[54.39259,24.509618],[54.392661,24.509658],[54.393063,24.509778],[54.393091,24.509737],[54.393063,24.50972],[54.393287,24.509787],[54.393625,24.509616],[54.393613,24.509596],[54.393631,24.509587],[54.393676,24.509654],[54.393693,24.50966],[54.393629,24.509687],[54.393675,24.509774],[54.394077,24.509894],[54.394173,24.509852],[54.394018,24.509606],[54.393751,24.509526],[54.393795,24.509504],[54.39374,24.509413],[54.393855,24.509448],[54.393889,24.50943],[54.393853,24.509371],[54.393682,24.50932],[54.393572,24.509141],[54.393658,24.509149],[54.393655,24.509094],[54.393253,24.508974],[54.393202,24.508976],[54.393204,24.509018],[54.391553,24.508526],[54.391359,24.508625],[54.391496,24.508848],[54.39117,24.509013],[54.391277,24.509188]]]}},{"type":"Feature","properties":{},"geometry":{"type":"Polygon","coordinates":[[[54.393833,24.510133],[54.394253,24.510242],[54.394351,24.510146],[54.39429,24.510095],[54.394101,24.510038],[54.394195,24.509998],[54.394163,24.509938],[54.393761,24.509818],[54.393643,24.50987],[54.393509,24.50983],[54.393467,24.509835],[54.393472,24.509871],[54.393571,24.509901],[54.393446,24.509954],[54.393472,24.510004],[54.393421,24.509989],[54.393362,24.510009],[54.393384,24.510063],[54.393786,24.510183],[54.393845,24.510163],[54.393833,24.510133]]]}},{"type":"Feature","properties":{},"geometry":{"type":"Polygon","coordinates":[[[54.404982,24.480229],[54.405097,24.480342],[54.406437,24.480741],[54.406583,24.480618],[54.406398,24.480437],[54.406444,24.48045],[54.406479,24.480403],[54.406387,24.480347],[54.406484,24.480376],[54.406523,24.480297],[54.406166,24.480178],[54.406324,24.480095],[54.406255,24.479987],[54.406331,24.479947],[54.406743,24.480076],[54.406836,24.48],[54.406771,24.479935],[54.406254,24.47977],[54.406176,24.479648],[54.404167,24.479049],[54.403917,24.479181],[54.403973,24.479268],[54.403766,24.479377],[54.403804,24.479436],[54.403727,24.479476],[54.403896,24.479707],[54.404919,24.480012],[54.404894,24.480034],[54.404969,24.480107],[54.404946,24.480126],[54.404886,24.480108],[54.404831,24.480155],[54.404875,24.480197],[54.404982,24.480229]]]}},{"type":"Feature","properties":{},"geometry":{"type":"Polygon","coordinates":[[[54.405508,24.480697],[54.405367,24.480537],[54.403357,24.479938],[54.403327,24.47996],[54.403163,24.479912],[54.403053,24.479992],[54.402973,24.479968],[54.402741,24.480137],[54.402938,24.48036],[54.404947,24.480958],[54.405112,24.480852],[54.405129,24.480857],[54.405239,24.480777],[54.405221,24.480756],[54.405236,24.480745],[54.405389,24.480784],[54.405508,24.480697]]]}},{"type":"Feature","properties":{},"geometry":{"type":"Polygon","coordinates":[[[54.40514,24.482357],[54.405368,24.482704],[54.406708,24.483103],[54.406884,24.483008],[54.40655,24.482498],[54.406517,24.482489],[54.406485,24.482446],[54.406083,24.482326],[54.406047,24.482349],[54.405587,24.482212],[54.405563,24.482102],[54.40588,24.482196],[54.405928,24.482167],[54.407416,24.48261],[54.407605,24.482539],[54.407647,24.482408],[54.407249,24.481963],[54.406375,24.481703],[54.406178,24.481406],[54.403164,24.480508],[54.402954,24.48064],[54.402273,24.480437],[54.401663,24.480711],[54.401907,24.480985],[54.40228,24.481096],[54.402247,24.481221],[54.402273,24.481362],[54.402322,24.481446],[54.40236,24.481457],[54.402403,24.481541],[54.40514,24.482357]]]}},{"type":"Feature","properties":{},"geometry":{"type":"Polygon","coordinates":[[[54.401701,24.483405],[54.401624,24.483746],[54.402069,24.483879],[54.401741,24.483853],[54.40161,24.484299],[54.401517,24.484475],[54.40133,24.484666],[54.401942,24.485202],[54.403951,24.4858],[54.404147,24.485609],[54.404367,24.485274],[54.404472,24.48503],[54.404542,24.48481],[54.40454,24.484615],[54.404939,24.484734],[54.4054,24.484828],[54.405235,24.485],[54.405555,24.48524],[54.406326,24.48547],[54.406311,24.485493],[54.406416,24.485552],[54.406818,24.485672],[54.406849,24.485626],[54.407698,24.485879],[54.407889,24.48568],[54.407828,24.485631],[54.407768,24.485613],[54.407564,24.485445],[54.407297,24.485365],[54.407336,24.485327],[54.407262,24.485263],[54.40686,24.485144],[54.406788,24.485214],[54.405621,24.484866],[54.405743,24.48448],[54.405356,24.484364],[54.405703,24.48437],[54.405703,24.483852],[54.405455,24.483133],[54.403445,24.482534],[54.403117,24.482666],[54.403191,24.482917],[54.403079,24.482706],[54.402754,24.48227],[54.402084,24.48207],[54.401964,24.482119],[54.401707,24.482043],[54.401621,24.482039],[54.400752,24.482954],[54.400752,24.483071],[54.400793,24.483135],[54.401638,24.483375],[54.401836,24.48329],[54.402151,24.483205],[54.402482,24.483213],[54.403054,24.483384],[54.402929,24.483418],[54.402967,24.483653],[54.402427,24.483492],[54.401701,24.483405]],[[54.403308,24.483314],[54.403088,24.483375],[54.403021,24.483179],[54.403233,24.483059],[54.403308,24.483314]]]}},{"type":"Feature","properties":{},"geometry":{"type":"Polygon","coordinates":[[[54.400966,24.489714],[54.401757,24.489883],[54.4026,24.489943],[54.40288,24.489596],[54.402625,24.488136],[54.400675,24.487555],[54.400111,24.487303],[54.399543,24.486934],[54.399241,24.486708],[54.400754,24.487158],[54.400866,24.487117],[54.401207,24.486363],[54.400743,24.486123],[54.398733,24.485525],[54.398622,24.485703],[54.398311,24.486018],[54.398159,24.486193],[54.398326,24.486311],[54.396958,24.485904],[54.395724,24.487253],[54.396864,24.488107],[54.398186,24.488801],[54.398956,24.489115],[54.400966,24.489714]]]}},{"type":"Feature","properties":{},"geometry":{"type":"Polygon","coordinates":[[[54.404909,24.487513],[54.404893,24.487509],[54.404487,24.487739],[54.404767,24.488147],[54.404907,24.488189],[54.404894,24.488196],[54.405173,24.488604],[54.407183,24.489203],[54.407589,24.488973],[54.407554,24.488922],[54.407644,24.488949],[54.40802,24.488719],[54.407768,24.488343],[54.407585,24.488289],[54.407598,24.488281],[54.407514,24.488159],[54.408637,24.488493],[54.40867,24.488477],[54.409228,24.488643],[54.408864,24.488677],[54.408876,24.488785],[54.4093,24.488911],[54.409329,24.48917],[54.408395,24.488891],[54.408247,24.488906],[54.408316,24.489491],[54.410326,24.49009],[54.410885,24.490035],[54.41087,24.489907],[54.410439,24.489779],[54.41041,24.489537],[54.410674,24.489615],[54.410826,24.489601],[54.410801,24.489375],[54.411955,24.489719],[54.41212,24.489755],[54.412188,24.489497],[54.412803,24.48968],[54.412956,24.4896],[54.412923,24.48955],[54.413136,24.489455],[54.413193,24.489327],[54.413261,24.489348],[54.413305,24.489173],[54.412655,24.488956],[54.41266,24.488896],[54.41288,24.488938],[54.413489,24.488848],[54.413445,24.488556],[54.412589,24.488301],[54.412681,24.488015],[54.412969,24.488101],[54.413104,24.487954],[54.412745,24.487759],[54.410735,24.48716],[54.410506,24.487119],[54.410233,24.487107],[54.410236,24.487136],[54.410148,24.48711],[54.41001,24.487141],[54.409859,24.487184],[54.409572,24.487358],[54.409404,24.487531],[54.409561,24.487642],[54.40995,24.487758],[54.410018,24.487875],[54.409954,24.488059],[54.409424,24.487901],[54.40936,24.487784],[54.409252,24.487752],[54.409363,24.48769],[54.409247,24.487364],[54.407237,24.486766],[54.406875,24.487048],[54.406325,24.487412],[54.406451,24.487615],[54.404134,24.486923],[54.40439,24.486736],[54.404417,24.486697],[54.404408,24.486649],[54.404023,24.48626],[54.402966,24.485955],[54.402229,24.486308],[54.402439,24.48686],[54.402473,24.486894],[54.40353,24.487207],[54.403761,24.487125],[54.403839,24.487183],[54.404908,24.487502],[54.404909,24.487513]]]}},{"type":"Feature","properties":{},"geometry":{"type":"Polygon","coordinates":[[[54.400098,24.490732],[54.400402,24.490694],[54.400362,24.490428],[54.399022,24.490029],[54.398718,24.490068],[54.398759,24.490333],[54.400098,24.490732]]]}},{"type":"Feature","properties":{},"geometry":{"type":"Polygon","coordinates":[[[54.3982,24.492104],[54.398123,24.492113],[54.398161,24.492392],[54.397909,24.492422],[54.397963,24.492807],[54.399973,24.493406],[54.400574,24.493336],[54.401287,24.493548],[54.401312,24.493754],[54.403322,24.494353],[54.403499,24.494335],[54.404045,24.494498],[54.404185,24.494278],[54.404124,24.494246],[54.404554,24.493571],[54.404527,24.493556],[54.406798,24.494233],[54.406798,24.49429],[54.406857,24.494459],[54.407008,24.494646],[54.407286,24.494794],[54.408183,24.495061],[54.408063,24.495238],[54.407935,24.495199],[54.407909,24.495214],[54.407657,24.495139],[54.407423,24.495325],[54.406894,24.495031],[54.406391,24.494881],[54.406278,24.495193],[54.406196,24.495168],[54.406128,24.495174],[54.405948,24.49512],[54.405903,24.495188],[54.405969,24.495225],[54.406108,24.495266],[54.406099,24.495274],[54.402855,24.494308],[54.402735,24.494284],[54.402578,24.4943],[54.402531,24.494348],[54.402534,24.494425],[54.402646,24.494564],[54.401388,24.494198],[54.401276,24.494217],[54.401097,24.494307],[54.400987,24.494411],[54.400941,24.494482],[54.400933,24.494548],[54.400977,24.49461],[54.405496,24.495957],[54.405427,24.495988],[54.405064,24.49588],[54.404978,24.49609],[54.405393,24.496321],[54.405923,24.496479],[54.405782,24.496512],[54.405411,24.496402],[54.405411,24.496392],[54.404485,24.49605],[54.403647,24.4958],[54.403598,24.495936],[54.398912,24.49454],[54.398715,24.495036],[54.40065,24.495624],[54.400571,24.495806],[54.400807,24.495894],[54.400695,24.496164],[54.401063,24.49629],[54.403141,24.496912],[54.400285,24.496061],[54.400024,24.49617],[54.400223,24.496562],[54.401586,24.496968],[54.401538,24.497023],[54.401549,24.497085],[54.401613,24.497236],[54.401617,24.497333],[54.401644,24.497404],[54.401701,24.49744],[54.403444,24.497959],[54.403091,24.498105],[54.399549,24.49705],[54.399454,24.497065],[54.39938,24.497094],[54.399222,24.497205],[54.399079,24.497369],[54.399072,24.49745],[54.3991,24.497511],[54.399159,24.49756],[54.400431,24.497939],[54.400419,24.497956],[54.397683,24.497151],[54.397572,24.49715],[54.397403,24.497191],[54.39729,24.497256],[54.397183,24.497364],[54.397144,24.497429],[54.397199,24.497465],[54.397224,24.497499],[54.397237,24.497544],[54.397229,24.497603],[54.39971,24.498342],[54.399469,24.498495],[54.399409,24.498507],[54.399395,24.498535],[54.399402,24.49857],[54.39947,24.498656],[54.399564,24.498705],[54.400395,24.498952],[54.400397,24.499009],[54.40045,24.499036],[54.400424,24.499064],[54.400428,24.499086],[54.400499,24.499131],[54.404184,24.500229],[54.404295,24.50023],[54.404483,24.500286],[54.404761,24.500267],[54.405188,24.500172],[54.405667,24.499947],[54.405928,24.49974],[54.406255,24.499347],[54.406373,24.499138],[54.406474,24.49889],[54.406529,24.498602],[54.406545,24.49833],[54.406522,24.498107],[54.406444,24.497802],[54.405908,24.497642],[54.405107,24.497492],[54.405255,24.497692],[54.405335,24.49786],[54.405386,24.498131],[54.405393,24.498321],[54.405332,24.498066],[54.405283,24.498019],[54.40457,24.497807],[54.404983,24.497323],[54.40574,24.497548],[54.406,24.497594],[54.406015,24.497531],[54.406053,24.497539],[54.406089,24.497391],[54.405995,24.497363],[54.406007,24.497326],[54.405163,24.497075],[54.405293,24.496884],[54.406432,24.497223],[54.40674,24.497142],[54.40673,24.497099],[54.406805,24.497122],[54.407067,24.497052],[54.407065,24.497041],[54.407129,24.49706],[54.407344,24.497081],[54.407347,24.497047],[54.407468,24.497083],[54.408106,24.497162],[54.408118,24.497133],[54.408613,24.49728],[54.408607,24.497697],[54.407088,24.497245],[54.406913,24.497311],[54.406915,24.497772],[54.408602,24.498274],[54.408738,24.498419],[54.410748,24.499018],[54.410993,24.499029],[54.410991,24.498664],[54.411825,24.498912],[54.411943,24.498902],[54.412125,24.498673],[54.412019,24.498054],[54.412041,24.498045],[54.41181,24.4975],[54.411496,24.497386],[54.409486,24.496787],[54.409454,24.496799],[54.409385,24.496689],[54.408226,24.496344],[54.408248,24.496302],[54.408609,24.49641],[54.408742,24.496429],[54.408833,24.496427],[54.408918,24.496381],[54.408932,24.496347],[54.408922,24.496284],[54.408856,24.496195],[54.408693,24.496072],[54.408483,24.495979],[54.410179,24.496484],[54.410343,24.49638],[54.410247,24.496256],[54.410294,24.496216],[54.410552,24.496292],[54.410775,24.496187],[54.410614,24.495998],[54.408544,24.495381],[54.408664,24.495204],[54.408961,24.495292],[54.409261,24.495341],[54.409621,24.495322],[54.409964,24.495229],[54.409867,24.495048],[54.409653,24.494565],[54.40954,24.494014],[54.409518,24.493451],[54.409564,24.493205],[54.409532,24.493029],[54.403906,24.491353],[54.403437,24.491459],[54.402923,24.491631],[54.402356,24.491946],[54.402005,24.492209],[54.401668,24.492615],[54.40191,24.492777],[54.40215,24.492848],[54.402038,24.492859],[54.401977,24.492963],[54.401864,24.492929],[54.401781,24.492937],[54.401694,24.492911],[54.401529,24.492927],[54.398655,24.492071],[54.398624,24.49184],[54.398222,24.49172],[54.398096,24.491735],[54.398139,24.492056],[54.398352,24.49212],[54.398356,24.492151],[54.3982,24.492104]],[[54.403497,24.499049],[54.404629,24.499387],[54.404536,24.499437],[54.403451,24.499114],[54.403497,24.499049]],[[54.404056,24.498392],[54.404049,24.49839],[54.404063,24.498382],[54.404056,24.498392]],[[54.409318,24.497019],[54.409445,24.496958],[54.409489,24.497069],[54.409318,24.497019]]]}},{"type":"Feature","properties":{},"geometry":{"type":"Polygon","coordinates":[[[54.395668,24.498463],[54.39607,24.498583],[54.396127,24.498585],[54.396129,24.498519],[54.395727,24.498399],[54.395671,24.498397],[54.395668,24.498463]]]}},{"type":"Feature","properties":{},"geometry":{"type":"Polygon","coordinates":[[[54.395132,24.499707],[54.395017,24.499724],[54.395045,24.499878],[54.395447,24.499997],[54.395562,24.49998],[54.395534,24.499827],[54.395132,24.499707]]]}},{"type":"Feature","properties":{},"geometry":{"type":"Polygon","coordinates":[[[54.394839,24.499889],[54.394862,24.499993],[54.395264,24.500113],[54.395296,24.500107],[54.395273,24.500002],[54.394871,24.499883],[54.394839,24.499889]]]}},{"type":"Feature","properties":{},"geometry":{"type":"Polygon","coordinates":[[[54.393478,24.499873],[54.392912,24.499952],[54.393054,24.5008],[54.395064,24.501399],[54.39563,24.50132],[54.395488,24.500472],[54.393478,24.499873]]]}},{"type":"Feature","properties":{},"geometry":{"type":"Polygon","coordinates":[[[54.395256,24.501878],[54.395658,24.501997],[54.395744,24.502],[54.395747,24.501897],[54.395345,24.501777],[54.395259,24.501775],[54.395256,24.501878]]]}},{"type":"Feature","properties":{},"geometry":{"type":"Polygon","coordinates":[[[54.395924,24.502461],[54.395873,24.502153],[54.393863,24.501554],[54.393432,24.501612],[54.393482,24.50192],[54.395492,24.502519],[54.395924,24.502461]]]}},{"type":"Feature","properties":{},"geometry":{"type":"Polygon","coordinates":[[[54.397479,24.504785],[54.397473,24.504684],[54.397071,24.504564],[54.396999,24.504567],[54.397005,24.504668],[54.397407,24.504788],[54.397479,24.504785]]]}},{"type":"Feature","properties":{},"geometry":{"type":"Polygon","coordinates":[[[54.402949,24.504884],[54.402721,24.504892],[54.402506,24.505117],[54.402814,24.505352],[54.40376,24.505634],[54.403724,24.505727],[54.405359,24.506221],[54.405397,24.506122],[54.407336,24.506699],[54.407629,24.506391],[54.407472,24.506231],[54.405532,24.505653],[54.405554,24.50558],[54.406702,24.505922],[54.406793,24.505817],[54.406828,24.505695],[54.406787,24.505553],[54.406674,24.505453],[54.406551,24.505416],[54.406344,24.50524],[54.404334,24.504641],[54.404244,24.504729],[54.402989,24.504355],[54.402743,24.504602],[54.403017,24.504824],[54.404016,24.505122],[54.403994,24.505195],[54.402949,24.504884]]]}},{"type":"Feature","properties":{},"geometry":{"type":"Polygon","coordinates":[[[54.405345,24.506365],[54.403726,24.50588],[54.403633,24.506128],[54.405252,24.506613],[54.405345,24.506365]]]}},{"type":"Feature","properties":{},"geometry":{"type":"Polygon","coordinates":[[[54.402809,24.50748],[54.403142,24.50781],[54.402626,24.507657],[54.402508,24.507764],[54.402905,24.508156],[54.403877,24.508445],[54.403844,24.508477],[54.404182,24.508791],[54.403595,24.508616],[54.403436,24.508748],[54.403454,24.508765],[54.402294,24.508419],[54.40224,24.50848],[54.402048,24.508423],[54.401922,24.508591],[54.40207,24.508736],[54.405173,24.50966],[54.404741,24.509907],[54.40417,24.509737],[54.404114,24.509775],[54.404009,24.509743],[54.403918,24.509805],[54.404276,24.510242],[54.404961,24.510446],[54.404822,24.51052],[54.404641,24.510466],[54.404198,24.510714],[54.404161,24.510818],[54.404295,24.511206],[54.404372,24.511273],[54.406382,24.511872],[54.406643,24.511846],[54.406947,24.511657],[54.407107,24.511705],[54.407274,24.511621],[54.408457,24.511973],[54.40895,24.511696],[54.408809,24.511487],[54.409192,24.511602],[54.409672,24.511336],[54.409455,24.511011],[54.408984,24.51087],[54.409042,24.510838],[54.408986,24.510755],[54.409153,24.510798],[54.409208,24.51078],[54.409242,24.510732],[54.409823,24.510905],[54.409837,24.510934],[54.409762,24.510912],[54.409692,24.510945],[54.409734,24.511018],[54.410136,24.511137],[54.410205,24.511104],[54.410177,24.511055],[54.410255,24.511078],[54.410506,24.510935],[54.41043,24.510834],[54.410255,24.510782],[54.41027,24.510774],[54.410248,24.510742],[54.410303,24.51071],[54.41029,24.510691],[54.410611,24.510787],[54.410637,24.510739],[54.410233,24.510611],[54.410208,24.510574],[54.409806,24.510454],[54.40972,24.510504],[54.409728,24.510516],[54.408756,24.510227],[54.40856,24.510337],[54.408627,24.510436],[54.408591,24.510456],[54.408655,24.510552],[54.408651,24.510615],[54.405442,24.509659],[54.405493,24.509585],[54.407014,24.510038],[54.407179,24.509921],[54.406858,24.509618],[54.407446,24.509794],[54.40758,24.509657],[54.407244,24.50934],[54.407784,24.509501],[54.4079,24.509383],[54.407592,24.5091],[54.407812,24.509166],[54.407864,24.509122],[54.407708,24.508969],[54.407306,24.508849],[54.407254,24.508893],[54.40736,24.508997],[54.406439,24.508723],[54.406489,24.508672],[54.406098,24.508287],[54.405357,24.508066],[54.405388,24.508011],[54.406645,24.508385],[54.406757,24.508271],[54.406367,24.507886],[54.405587,24.507653],[54.405862,24.507159],[54.405855,24.507079],[54.405593,24.506955],[54.405184,24.506834],[54.405237,24.506716],[54.403608,24.50622],[54.403562,24.50635],[54.401574,24.505758],[54.40151,24.505769],[54.400878,24.506868],[54.400973,24.506933],[54.402809,24.50748]]]}},{"type":"Feature","properties":{},"geometry":{"type":"Polygon","coordinates":[[[54.397139,24.510517],[54.396934,24.510367],[54.395594,24.509968],[54.395341,24.510253],[54.395543,24.510406],[54.396883,24.510805],[54.397139,24.510517]]]}},{"type":"Feature","properties":{},"geometry":{"type":"Polygon","coordinates":[[[54.405881,24.511799],[54.402866,24.510901],[54.40244,24.510933],[54.402463,24.511184],[54.402496,24.511226],[54.405511,24.512124],[54.405563,24.512123],[54.405607,24.512063],[54.40583,24.512127],[54.405882,24.512107],[54.405892,24.512081],[54.405881,24.511799]]]}},{"type":"Feature","properties":{},"geometry":{"type":"Polygon","coordinates":[[[54.410593,24.480014],[54.410443,24.479885],[54.410041,24.479765],[54.409972,24.479832],[54.410122,24.479961],[54.410524,24.48008],[54.410593,24.480014]]]}},{"type":"Feature","properties":{},"geometry":{"type":"Polygon","coordinates":[[[54.409967,24.48161],[54.411307,24.482009],[54.411446,24.481875],[54.412563,24.482207],[54.412739,24.481932],[54.412378,24.481741],[54.411038,24.481342],[54.410955,24.481472],[54.409777,24.481121],[54.409603,24.481287],[54.409684,24.481357],[54.409978,24.481445],[54.409882,24.481536],[54.409967,24.48161]]]}},{"type":"Feature","properties":{},"geometry":{"type":"Polygon","coordinates":[[[54.409001,24.482763],[54.408905,24.482767],[54.40891,24.482881],[54.409312,24.483001],[54.409408,24.482998],[54.409403,24.482883],[54.409001,24.482763]]]}},{"type":"Feature","properties":{},"geometry":{"type":"Polygon","coordinates":[[[54.409038,24.484742],[54.408793,24.48444],[54.40665,24.483802],[54.40644,24.483943],[54.406685,24.484244],[54.408829,24.484883],[54.409038,24.484742]]]}},{"type":"Feature","properties":{},"geometry":{"type":"Polygon","coordinates":[[[54.406217,24.484468],[54.406331,24.484502],[54.406346,24.484521],[54.408489,24.48516],[54.408602,24.485076],[54.408334,24.484777],[54.40619,24.484139],[54.405985,24.484292],[54.405998,24.484357],[54.406217,24.484468]]]}},{"type":"Feature","properties":{},"geometry":{"type":"Polygon","coordinates":[[[54.408526,24.485726],[54.408613,24.485801],[54.409419,24.486041],[54.409633,24.486409],[54.410504,24.486668],[54.410863,24.4865],[54.410363,24.485619],[54.410402,24.485593],[54.410413,24.48552],[54.410404,24.485468],[54.410388,24.485446],[54.41031,24.485423],[54.410362,24.485422],[54.410404,24.485395],[54.410434,24.485322],[54.410533,24.485282],[54.410774,24.485354],[54.410882,24.485296],[54.410832,24.485218],[54.410753,24.485194],[54.410978,24.485104],[54.410804,24.484786],[54.409933,24.484526],[54.408965,24.484993],[54.408947,24.485028],[54.408803,24.484985],[54.408728,24.48507],[54.408552,24.485141],[54.408466,24.485224],[54.40843,24.485318],[54.408427,24.485504],[54.408446,24.485597],[54.408526,24.485726]]]}},{"type":"Feature","properties":{},"geometry":{"type":"Polygon","coordinates":[[[54.407155,24.485878],[54.407203,24.485914],[54.407605,24.486034],[54.4077,24.485931],[54.407651,24.485895],[54.407249,24.485775],[54.407155,24.485878]]]}},{"type":"Feature","properties":{},"geometry":{"type":"Polygon","coordinates":[[[54.407054,24.490352],[54.407021,24.490271],[54.406619,24.490151],[54.406559,24.490172],[54.406587,24.490253],[54.406989,24.490373],[54.407054,24.490352]]]}},{"type":"Feature","properties":{},"geometry":{"type":"Polygon","coordinates":[[[54.409118,24.490899],[54.409109,24.491107],[54.40887,24.491036],[54.408635,24.49103],[54.408634,24.491062],[54.408557,24.49106],[54.408545,24.491175],[54.409007,24.491323],[54.409219,24.491329],[54.409221,24.491262],[54.409369,24.491302],[54.409354,24.491501],[54.411364,24.492099],[54.41186,24.492132],[54.411896,24.491664],[54.412107,24.491726],[54.412185,24.491729],[54.412186,24.491699],[54.4119,24.491614],[54.411931,24.491223],[54.410704,24.490857],[54.410706,24.490766],[54.409366,24.490367],[54.40926,24.490367],[54.409259,24.490413],[54.409076,24.490418],[54.409073,24.490631],[54.409414,24.490732],[54.4094,24.490909],[54.409118,24.490899]]]}},{"type":"Feature","properties":{},"geometry":{"type":"Polygon","coordinates":[[[54.408096,24.497352],[54.408151,24.49732],[54.408105,24.497266],[54.4076,24.497116],[54.407557,24.497156],[54.407649,24.497221],[54.408096,24.497352]]]}},{"type":"Feature","properties":{},"geometry":{"type":"Polygon","coordinates":[[[54.407538,24.49882],[54.407488,24.498957],[54.407339,24.499441],[54.40729,24.499655],[54.407332,24.499783],[54.407423,24.499849],[54.409433,24.500448],[54.409613,24.500479],[54.409746,24.500476],[54.409871,24.500412],[54.409926,24.500296],[54.409975,24.49974],[54.410012,24.49951],[54.409978,24.499439],[54.4099,24.49938],[54.409367,24.499221],[54.409435,24.498769],[54.408256,24.498417],[54.407814,24.498387],[54.407819,24.498771],[54.407605,24.498774],[54.407538,24.49882]]]}},{"type":"Feature","properties":{},"geometry":{"type":"Polygon","coordinates":[[[54.408903,24.50224],[54.410913,24.502838],[54.411356,24.502859],[54.411649,24.502947],[54.411733,24.502911],[54.411657,24.50276],[54.411255,24.50264],[54.411209,24.502659],[54.41119,24.502654],[54.411155,24.502628],[54.411154,24.502567],[54.411428,24.502648],[54.411453,24.502685],[54.411855,24.502805],[54.411957,24.502748],[54.411796,24.502509],[54.411709,24.502483],[54.411742,24.502449],[54.411644,24.50237],[54.411869,24.502521],[54.412008,24.502674],[54.412093,24.502819],[54.413098,24.503119],[54.41317,24.503099],[54.41329,24.502809],[54.413379,24.502328],[54.412899,24.502033],[54.412741,24.501881],[54.412655,24.501769],[54.412574,24.501625],[54.412526,24.501486],[54.411521,24.501187],[54.410977,24.501173],[54.411013,24.501373],[54.41106,24.501508],[54.411132,24.501691],[54.411217,24.501847],[54.411369,24.502055],[54.411616,24.502347],[54.411529,24.502276],[54.411127,24.502156],[54.411062,24.502222],[54.409572,24.501778],[54.409604,24.501634],[54.410333,24.501852],[54.410433,24.501853],[54.410432,24.501791],[54.410568,24.501791],[54.410573,24.501566],[54.410542,24.501557],[54.410544,24.501523],[54.407529,24.500625],[54.407423,24.500622],[54.407422,24.50071],[54.40732,24.500705],[54.407319,24.500845],[54.406713,24.500872],[54.406669,24.5012],[54.406742,24.501352],[54.408752,24.50195],[54.408919,24.501958],[54.408903,24.50224]],[[54.411292,24.502446],[54.411312,24.502476],[54.411152,24.502428],[54.41115,24.502306],[54.411268,24.502402],[54.411335,24.502422],[54.411292,24.502446]]]}},{"type":"Feature","properties":{},"geometry":{"type":"Polygon","coordinates":[[[54.408295,24.5021],[54.408422,24.501858],[54.406015,24.501142],[54.405686,24.501804],[54.406104,24.501978],[54.407112,24.502278],[54.407105,24.502318],[54.407507,24.502438],[54.407551,24.502448],[54.40758,24.502418],[54.408114,24.502577],[54.408295,24.5021]]]}},{"type":"Feature","properties":{},"geometry":{"type":"Polygon","coordinates":[[[54.406538,24.502549],[54.406394,24.502657],[54.406726,24.503024],[54.407031,24.503114],[54.407019,24.503179],[54.410201,24.504126],[54.410673,24.504204],[54.410705,24.504046],[54.410039,24.503848],[54.40972,24.503497],[54.406538,24.502549]]]}},{"type":"Feature","properties":{},"geometry":{"type":"Polygon","coordinates":[[[54.40961,24.504393],[54.409259,24.504094],[54.406973,24.503412],[54.406943,24.503344],[54.406541,24.503225],[54.406478,24.503244],[54.406485,24.503267],[54.40457,24.502697],[54.404364,24.502957],[54.404659,24.503295],[54.409349,24.504692],[54.40961,24.504393]]]}},{"type":"Feature","properties":{},"geometry":{"type":"Polygon","coordinates":[[[54.406525,24.504539],[54.406123,24.504419],[54.40603,24.504417],[54.406027,24.504524],[54.405782,24.504451],[54.405686,24.504473],[54.405739,24.504639],[54.406141,24.504759],[54.406233,24.504739],[54.406195,24.50461],[54.406428,24.504679],[54.406523,24.504681],[54.406525,24.504539]]]}},{"type":"Feature","properties":{},"geometry":{"type":"Polygon","coordinates":[[[54.407868,24.505818],[54.408033,24.505842],[54.408032,24.505829],[54.409114,24.506151],[54.409031,24.506161],[54.408958,24.506212],[54.408958,24.506262],[54.408995,24.50633],[54.409069,24.506352],[54.409162,24.506403],[54.409621,24.50654],[54.409605,24.506567],[54.409507,24.506539],[54.409453,24.506594],[54.409392,24.506707],[54.409386,24.506867],[54.409429,24.506941],[54.410823,24.507348],[54.410904,24.507326],[54.410922,24.507285],[54.41101,24.507189],[54.411043,24.506943],[54.410977,24.506911],[54.410615,24.506803],[54.410773,24.506792],[54.410797,24.506728],[54.410732,24.506708],[54.410747,24.506615],[54.410678,24.506576],[54.409385,24.506191],[54.409472,24.506175],[54.409587,24.506114],[54.409672,24.506021],[54.409717,24.505908],[54.409719,24.505787],[54.40968,24.50568],[54.409606,24.50559],[54.409506,24.505526],[54.407496,24.504927],[54.407378,24.504894],[54.407255,24.504896],[54.407138,24.504934],[54.40704,24.505002],[54.406971,24.505095],[54.406937,24.505203],[54.406944,24.505323],[54.406995,24.505435],[54.407084,24.505524],[54.407201,24.505582],[54.407465,24.50566],[54.407466,24.505699],[54.407868,24.505818]]]}},{"type":"Feature","properties":{},"geometry":{"type":"Polygon","coordinates":[[[54.406708,24.507421],[54.407019,24.507514],[54.40712,24.507428],[54.407102,24.50741],[54.407197,24.50733],[54.407231,24.50734],[54.407333,24.507251],[54.406919,24.506861],[54.406597,24.506766],[54.4065,24.506853],[54.406533,24.506887],[54.406427,24.506978],[54.406461,24.507015],[54.406355,24.507101],[54.4066,24.507328],[54.406242,24.507222],[54.406199,24.50725],[54.406319,24.507401],[54.406721,24.507521],[54.406764,24.507492],[54.406708,24.507421]]]}},{"type":"Feature","properties":{},"geometry":{"type":"Polygon","coordinates":[[[54.408587,24.50762],[54.409927,24.508019],[54.409973,24.508004],[54.41011,24.507998],[54.410332,24.507855],[54.410313,24.507789],[54.410226,24.507763],[54.410204,24.507719],[54.409693,24.507567],[54.409481,24.507344],[54.408141,24.506945],[54.407947,24.507114],[54.408308,24.507475],[54.408489,24.507529],[54.408514,24.507581],[54.408587,24.50762]]]}},{"type":"Feature","properties":{},"geometry":{"type":"Polygon","coordinates":[[[54.406735,24.507662],[54.406769,24.507687],[54.407171,24.507807],[54.407201,24.507774],[54.407167,24.507749],[54.406765,24.507629],[54.406735,24.507662]]]}},{"type":"Feature","properties":{},"geometry":{"type":"Polygon","coordinates":[[[54.408918,24.507994],[54.408925,24.507856],[54.408523,24.507736],[54.408475,24.507738],[54.408478,24.5078],[54.408444,24.507801],[54.408449,24.507907],[54.408842,24.508024],[54.408787,24.50807],[54.408829,24.508113],[54.409231,24.508233],[54.40932,24.508159],[54.409278,24.508116],[54.408889,24.508],[54.408918,24.507994]]]}},{"type":"Feature","properties":{},"geometry":{"type":"Polygon","coordinates":[[[54.409334,24.508542],[54.409273,24.508456],[54.409177,24.508428],[54.409158,24.5084],[54.407818,24.508001],[54.407674,24.508085],[54.407721,24.508151],[54.407647,24.508209],[54.407665,24.508235],[54.407629,24.508256],[54.40766,24.508299],[54.409,24.508698],[54.409057,24.508711],[54.409117,24.508675],[54.409097,24.508646],[54.409117,24.508634],[54.409158,24.508646],[54.409334,24.508542]]]}},{"type":"Feature","properties":{},"geometry":{"type":"Polygon","coordinates":[[[54.407615,24.508841],[54.407587,24.508811],[54.407185,24.508692],[54.407121,24.508741],[54.407148,24.508771],[54.40755,24.50889],[54.407615,24.508841]]]}},{"type":"Feature","properties":{},"geometry":{"type":"Polygon","coordinates":[[[54.408322,24.509739],[54.408507,24.509907],[54.409847,24.510306],[54.41019,24.509994],[54.410005,24.509826],[54.408665,24.509426],[54.408322,24.509739]]]}},{"type":"Feature","properties":{},"geometry":{"type":"Polygon","coordinates":[[[54.407975,24.511962],[54.407963,24.511913],[54.407561,24.511794],[54.407508,24.511804],[54.40752,24.511853],[54.407922,24.511973],[54.407975,24.511962]]]}},{"type":"Feature","properties":{},"geometry":{"type":"Polygon","coordinates":[[[54.41143,24.482077],[54.411398,24.482052],[54.410996,24.481932],[54.410918,24.482012],[54.410949,24.482038],[54.411351,24.482158],[54.41143,24.482077]]]}},{"type":"Feature","properties":{},"geometry":{"type":"Polygon","coordinates":[[[54.411468,24.48562],[54.411454,24.485589],[54.411052,24.485469],[54.410948,24.48551],[54.410963,24.485541],[54.410996,24.485551],[54.410973,24.485558],[54.411012,24.485656],[54.411414,24.485776],[54.411471,24.485757],[54.411432,24.48566],[54.411395,24.485649],[54.411468,24.48562]]]}},{"type":"Feature","properties":{},"geometry":{"type":"Polygon","coordinates":[[[54.413488,24.487612],[54.413484,24.487529],[54.413516,24.487528],[54.413513,24.487454],[54.413399,24.48742],[54.413388,24.487195],[54.412049,24.486796],[54.411943,24.4868],[54.411945,24.486828],[54.411767,24.486834],[54.411845,24.487053],[54.411905,24.487071],[54.411916,24.487311],[54.412576,24.487507],[54.412612,24.487632],[54.413014,24.487751],[54.4131,24.487731],[54.413079,24.487657],[54.413256,24.48771],[54.413524,24.4877],[54.413521,24.487621],[54.413488,24.487612]]]}},{"type":"Feature","properties":{},"geometry":{"type":"Polygon","coordinates":[[[54.413848,24.487814],[54.41507,24.488178],[54.415072,24.488205],[54.415033,24.488193],[54.414916,24.488195],[54.414916,24.488218],[54.41457,24.488115],[54.414437,24.488111],[54.414434,24.488206],[54.414535,24.488237],[54.41445,24.488239],[54.414454,24.488358],[54.414856,24.488478],[54.414979,24.488475],[54.414976,24.488355],[54.414882,24.488328],[54.414968,24.48833],[54.41497,24.488293],[54.415319,24.488397],[54.415436,24.488396],[54.415435,24.488337],[54.415602,24.488387],[54.415696,24.488385],[54.415695,24.488336],[54.4153,24.488213],[54.415652,24.488313],[54.415714,24.488311],[54.41571,24.4882],[54.41537,24.488099],[54.41537,24.487962],[54.415619,24.487961],[54.415619,24.487945],[54.415703,24.48797],[54.415751,24.487968],[54.415751,24.487939],[54.415938,24.487995],[54.415949,24.48818],[54.415834,24.488157],[54.415832,24.488243],[54.415744,24.488233],[54.415748,24.488269],[54.415831,24.488294],[54.41583,24.488369],[54.416232,24.488489],[54.416527,24.488493],[54.416528,24.488441],[54.416694,24.488479],[54.416696,24.488436],[54.416275,24.488315],[54.416275,24.488304],[54.416479,24.488365],[54.416526,24.488357],[54.416723,24.488408],[54.416725,24.488369],[54.416523,24.488306],[54.41665,24.48833],[54.416653,24.488289],[54.416749,24.488305],[54.416748,24.488248],[54.416725,24.488241],[54.41675,24.488241],[54.416746,24.488148],[54.416669,24.488125],[54.416665,24.488042],[54.416595,24.488021],[54.416666,24.48802],[54.416665,24.487971],[54.416257,24.487852],[54.416254,24.487801],[54.415852,24.487681],[54.415815,24.487683],[54.415701,24.487649],[54.415595,24.487646],[54.415595,24.487659],[54.415269,24.487562],[54.415211,24.487565],[54.415213,24.487609],[54.415339,24.487646],[54.415228,24.487655],[54.414279,24.487372],[54.413783,24.487372],[54.413783,24.487416],[54.413847,24.487435],[54.413848,24.487814]]]}},{"type":"Feature","properties":{},"geometry":{"type":"Polygon","coordinates":[[[54.41359,24.487952],[54.413587,24.48789],[54.413185,24.487771],[54.413117,24.487773],[54.41312,24.487835],[54.413522,24.487954],[54.41359,24.487952]]]}},{"type":"Feature","properties":{},"geometry":{"type":"Polygon","coordinates":[[[54.415411,24.488484],[54.415431,24.488484],[54.415432,24.488438],[54.41503,24.488318],[54.41501,24.488318],[54.415009,24.488364],[54.415411,24.488484]]]}},{"type":"Feature","properties":{},"geometry":{"type":"Polygon","coordinates":[[[54.415545,24.48869],[54.415543,24.488642],[54.415141,24.488522],[54.415061,24.488524],[54.415063,24.488573],[54.415465,24.488693],[54.415545,24.48869]]]}},{"type":"Feature","properties":{},"geometry":{"type":"Polygon","coordinates":[[[54.415317,24.488985],[54.41532,24.489027],[54.415397,24.48905],[54.415382,24.489049],[54.41538,24.48913],[54.415782,24.48925],[54.415833,24.489251],[54.415835,24.489171],[54.41575,24.489145],[54.415876,24.489139],[54.415873,24.489095],[54.415682,24.489038],[54.41568,24.488944],[54.416006,24.489041],[54.416065,24.48904],[54.416062,24.48894],[54.416257,24.488988],[54.416252,24.488881],[54.41585,24.488761],[54.415821,24.488769],[54.415656,24.48872],[54.415597,24.488722],[54.415601,24.488828],[54.415277,24.488731],[54.415218,24.488732],[54.415222,24.488932],[54.415383,24.48898],[54.415317,24.488985]]]}},{"type":"Feature","properties":{},"geometry":{"type":"Polygon","coordinates":[[[54.414076,24.489124],[54.414081,24.489278],[54.415421,24.489677],[54.416292,24.489655],[54.41629,24.489586],[54.416269,24.48958],[54.416267,24.489502],[54.414927,24.489103],[54.414076,24.489124]]]}},{"type":"Feature","properties":{},"geometry":{"type":"Polygon","coordinates":[[[54.410888,24.489778],[54.410884,24.489736],[54.410482,24.489616],[54.410433,24.489619],[54.410437,24.489662],[54.410839,24.489782],[54.410888,24.489778]]]}},{"type":"Feature","properties":{},"geometry":{"type":"Polygon","coordinates":[[[54.412502,24.490007],[54.412498,24.489945],[54.412096,24.489825],[54.412026,24.489829],[54.41203,24.489892],[54.412432,24.490011],[54.412502,24.490007]]]}},{"type":"Feature","properties":{},"geometry":{"type":"Polygon","coordinates":[[[54.410907,24.490534],[54.412916,24.491132],[54.413395,24.491138],[54.413397,24.490975],[54.413114,24.49089],[54.413116,24.49081],[54.413411,24.490814],[54.413413,24.490645],[54.411403,24.490047],[54.410914,24.490041],[54.410907,24.490534]]]}},{"type":"Feature","properties":{},"geometry":{"type":"Polygon","coordinates":[[[54.411147,24.490714],[54.411148,24.490662],[54.410746,24.490542],[54.41065,24.490541],[54.410649,24.490593],[54.411051,24.490713],[54.411147,24.490714]]]}},{"type":"Feature","properties":{},"geometry":{"type":"Polygon","coordinates":[[[54.411224,24.490888],[54.411224,24.490795],[54.410822,24.490675],[54.410753,24.490675],[54.410753,24.490768],[54.410769,24.490773],[54.410745,24.490774],[54.410746,24.490831],[54.411148,24.490951],[54.411223,24.490949],[54.411221,24.490892],[54.411208,24.490888],[54.411224,24.490888]]]}},{"type":"Feature","properties":{},"geometry":{"type":"Polygon","coordinates":[[[54.412427,24.491065],[54.412426,24.491105],[54.412828,24.491224],[54.412874,24.491226],[54.412875,24.491187],[54.412473,24.491067],[54.412427,24.491065]]]}},{"type":"Feature","properties":{},"geometry":{"type":"Polygon","coordinates":[[[54.411753,24.492341],[54.411707,24.49234],[54.411709,24.492296],[54.411307,24.492176],[54.411179,24.492172],[54.411176,24.49226],[54.41157,24.492378],[54.41157,24.492437],[54.411972,24.492557],[54.412154,24.492558],[54.412155,24.492461],[54.411753,24.492341]]]}},{"type":"Feature","properties":{},"geometry":{"type":"Polygon","coordinates":[[[54.415103,24.496914],[54.41501,24.49686],[54.414608,24.49674],[54.414498,24.496898],[54.41459,24.496951],[54.414992,24.497071],[54.415103,24.496914]]]}},{"type":"Feature","properties":{},"geometry":{"type":"Polygon","coordinates":[[[54.415094,24.502356],[54.415522,24.502478],[54.415526,24.502419],[54.415099,24.502297],[54.415094,24.502356]]]}},{"type":"Feature","properties":{},"geometry":{"type":"Polygon","coordinates":[[[54.415163,24.50266],[54.415159,24.502687],[54.415284,24.502726],[54.415056,24.502658],[54.414994,24.502665],[54.415001,24.502719],[54.41504,24.50273],[54.415045,24.502781],[54.415447,24.502901],[54.415505,24.502893],[54.415497,24.502843],[54.415462,24.502832],[54.41546,24.502789],[54.415685,24.502856],[54.415811,24.502861],[54.415815,24.502783],[54.415466,24.502679],[54.415466,24.502644],[54.415446,24.502638],[54.415469,24.502637],[54.415468,24.502603],[54.415066,24.502484],[54.414988,24.502487],[54.415,24.502524],[54.414993,24.502562],[54.415323,24.50266],[54.415287,24.502659],[54.415286,24.502686],[54.415163,24.50266]]]}},{"type":"Feature","properties":{},"geometry":{"type":"Polygon","coordinates":[[[54.41523,24.503354],[54.415632,24.503473],[54.415726,24.503477],[54.415728,24.503421],[54.415326,24.503302],[54.415233,24.503298],[54.41523,24.503354]]]}},{"type":"Feature","properties":{},"geometry":{"type":"Polygon","coordinates":[[[54.415407,24.503439],[54.415411,24.503522],[54.415813,24.503642],[54.415855,24.50364],[54.415852,24.503558],[54.41545,24.503438],[54.415407,24.503439]]]}},{"type":"Feature","properties":{},"geometry":{"type":"Polygon","coordinates":[[[54.415629,24.504809],[54.415806,24.50466],[54.41561,24.504498],[54.415477,24.504459],[54.415441,24.504421],[54.415039,24.504302],[54.415015,24.504321],[54.414884,24.504282],[54.414949,24.504228],[54.41533,24.504341],[54.415465,24.504228],[54.415811,24.504331],[54.415988,24.504182],[54.415792,24.50402],[54.414419,24.503611],[54.414299,24.50373],[54.413167,24.503392],[54.413075,24.503484],[54.412447,24.503297],[54.412288,24.503454],[54.412466,24.503607],[54.413933,24.504044],[54.413889,24.504088],[54.411297,24.503316],[54.411138,24.503473],[54.411316,24.503626],[54.414331,24.504524],[54.41442,24.504449],[54.415629,24.504809]]]}},{"type":"Feature","properties":{},"geometry":{"type":"Polygon","coordinates":[[[54.415428,24.504987],[54.415232,24.504826],[54.413356,24.504267],[54.413348,24.504274],[54.412527,24.50403],[54.412369,24.504187],[54.412546,24.50434],[54.41469,24.504979],[54.414699,24.504971],[54.415313,24.505155],[54.415377,24.50511],[54.415342,24.505069],[54.415428,24.504987]]]}},{"type":"Feature","properties":{},"geometry":{"type":"Polygon","coordinates":[[[54.415841,24.50499],[54.415784,24.50493],[54.415382,24.50481],[54.415335,24.504846],[54.415392,24.504907],[54.415794,24.505027],[54.415841,24.50499]]]}},{"type":"Feature","properties":{},"geometry":{"type":"Polygon","coordinates":[[[54.410809,24.508696],[54.411097,24.508706],[54.4111,24.508608],[54.410698,24.508488],[54.410411,24.508477],[54.410407,24.508577],[54.410809,24.508696]]]}},{"type":"Feature","properties":{},"geometry":{"type":"Polygon","coordinates":[[[54.409967,24.508937],[54.411155,24.509291],[54.411153,24.509346],[54.411043,24.509313],[54.410321,24.50933],[54.410325,24.509424],[54.410727,24.509544],[54.410912,24.509538],[54.410854,24.509561],[54.410931,24.509718],[54.411333,24.509838],[54.411432,24.509798],[54.411355,24.509641],[54.411,24.509535],[54.411448,24.509523],[54.411446,24.509447],[54.411555,24.50948],[54.411673,24.509482],[54.411678,24.509265],[54.41148,24.509206],[54.411483,24.509136],[54.411571,24.509162],[54.411694,24.509167],[54.411703,24.508958],[54.411301,24.508838],[54.411178,24.508834],[54.411175,24.508891],[54.410147,24.508585],[54.409977,24.508581],[54.409967,24.508937]]]}},{"type":"Feature","properties":{},"geometry":{"type":"Polygon","coordinates":[[[54.418537,24.479932],[54.418471,24.479923],[54.418465,24.479958],[54.418541,24.479981],[54.41854,24.480011],[54.418942,24.480131],[54.41898,24.480132],[54.418981,24.480071],[54.418537,24.479932]]]}},{"type":"Feature","properties":{},"geometry":{"type":"Polygon","coordinates":[[[54.42016,24.480244],[54.420562,24.480364],[54.420901,24.480388],[54.420903,24.480342],[54.420658,24.480269],[54.42066,24.480236],[54.420258,24.480117],[54.420167,24.480113],[54.42016,24.480244]]]}},{"type":"Feature","properties":{},"geometry":{"type":"Polygon","coordinates":[[[54.419521,24.480757],[54.419923,24.480877],[54.419987,24.480883],[54.419993,24.480828],[54.419591,24.480709],[54.419527,24.480703],[54.419521,24.480757]]]}},{"type":"Feature","properties":{},"geometry":{"type":"Polygon","coordinates":[[[54.4208,24.48195],[54.421032,24.481962],[54.42104,24.48183],[54.420638,24.48171],[54.420313,24.481696],[54.419281,24.481389],[54.418943,24.481349],[54.41892,24.48151],[54.418177,24.481404],[54.418158,24.481539],[54.418252,24.481567],[54.418142,24.481571],[54.418148,24.481711],[54.418534,24.481827],[54.418533,24.481839],[54.418247,24.481754],[54.417916,24.481715],[54.417888,24.481909],[54.418092,24.48197],[54.418085,24.482014],[54.417872,24.481995],[54.417852,24.48218],[54.418048,24.482238],[54.41804,24.482297],[54.418195,24.482344],[54.418032,24.482327],[54.418015,24.482461],[54.418417,24.482581],[54.418538,24.482593],[54.418527,24.482627],[54.418744,24.482692],[54.418736,24.482756],[54.418717,24.482755],[54.418722,24.482713],[54.41832,24.482593],[54.417994,24.482565],[54.41798,24.482701],[54.418137,24.482748],[54.417964,24.482741],[54.417959,24.482863],[54.418361,24.482982],[54.418686,24.482995],[54.418688,24.482944],[54.418857,24.482995],[54.419189,24.483025],[54.419201,24.482919],[54.419267,24.482932],[54.419258,24.483015],[54.41966,24.483134],[54.419984,24.483163],[54.419987,24.483136],[54.420075,24.483162],[54.420268,24.48318],[54.420507,24.483251],[54.420826,24.483278],[54.420839,24.483149],[54.420715,24.483112],[54.420835,24.483127],[54.420852,24.483007],[54.42045,24.482887],[54.42038,24.482879],[54.420388,24.482858],[54.420117,24.482776],[54.420123,24.482738],[54.419888,24.482668],[54.419982,24.482677],[54.420561,24.482854],[54.420871,24.48289],[54.420888,24.482769],[54.420664,24.482702],[54.420895,24.482727],[54.420916,24.482582],[54.420562,24.48247],[54.420926,24.482526],[54.420945,24.482404],[54.420732,24.482341],[54.420954,24.482361],[54.420967,24.48224],[54.420565,24.482121],[54.420444,24.482109],[54.420466,24.48203],[54.420677,24.482093],[54.420987,24.482135],[54.421007,24.482012],[54.4208,24.48195]],[[54.418754,24.481681],[54.41896,24.481742],[54.4193,24.481784],[54.419306,24.48174],[54.419444,24.481773],[54.419432,24.481871],[54.419567,24.481912],[54.419505,24.481904],[54.419502,24.48192],[54.419433,24.4819],[54.419335,24.481901],[54.419216,24.481866],[54.41886,24.481821],[54.418868,24.481775],[54.418673,24.481718],[54.418672,24.481686],[54.418594,24.481663],[54.418754,24.481681]],[[54.420247,24.48216],[54.420214,24.482151],[54.420228,24.482064],[54.420058,24.482014],[54.420123,24.482021],[54.420443,24.482109],[54.420255,24.482092],[54.420247,24.48216]],[[54.419734,24.481766],[54.419736,24.481755],[54.420285,24.481914],[54.420277,24.481963],[54.420166,24.48193],[54.420171,24.481889],[54.419734,24.481766]],[[54.420018,24.482908],[54.420021,24.482886],[54.41987,24.482841],[54.420137,24.482884],[54.420129,24.482941],[54.420018,24.482908]],[[54.419397,24.482597],[54.419393,24.482623],[54.419268,24.482586],[54.419397,24.482597]],[[54.419529,24.482575],[54.419639,24.482608],[54.419527,24.482594],[54.419529,24.482575]],[[54.420143,24.482425],[54.419837,24.482398],[54.419623,24.482325],[54.419855,24.482394],[54.420191,24.482426],[54.420202,24.482443],[54.420143,24.482425]],[[54.419537,24.482757],[54.4195,24.482753],[54.419501,24.482746],[54.419537,24.482757]],[[54.418745,24.482595],[54.418752,24.482539],[54.418782,24.482548],[54.418771,24.482603],[54.418745,24.482595]]]}},{"type":"Feature","properties":{},"geometry":{"type":"Polygon","coordinates":[[[54.417325,24.487769],[54.417324,24.487723],[54.416922,24.487603],[54.416836,24.487604],[54.416837,24.48765],[54.417239,24.487769],[54.417325,24.487769]]]}},{"type":"Feature","properties":{},"geometry":{"type":"Polygon","coordinates":[[[54.419658,24.489483],[54.419661,24.489381],[54.419404,24.489304],[54.419433,24.489303],[54.419432,24.489288],[54.419592,24.48932],[54.419695,24.489319],[54.419694,24.489265],[54.419292,24.489145],[54.419189,24.489155],[54.419138,24.489139],[54.41908,24.489142],[54.419081,24.48916],[54.41903,24.489145],[54.418928,24.489148],[54.418929,24.489187],[54.419171,24.489259],[54.419155,24.489259],[54.419152,24.489361],[54.419554,24.489481],[54.419658,24.489483]]]}},{"type":"Feature","properties":{},"geometry":{"type":"Polygon","coordinates":[[[54.418675,24.489181],[54.418585,24.489185],[54.418592,24.489309],[54.418994,24.489429],[54.419083,24.489425],[54.419077,24.489301],[54.418675,24.489181]]]}},{"type":"Feature","properties":{},"geometry":{"type":"Polygon","coordinates":[[[54.418755,24.48942],[54.418764,24.489492],[54.419166,24.489612],[54.419193,24.489609],[54.419183,24.489537],[54.418781,24.489417],[54.418755,24.48942]]]}},{"type":"Feature","properties":{},"geometry":{"type":"Polygon","coordinates":[[[54.419685,24.489819],[54.419684,24.489774],[54.419282,24.489654],[54.419161,24.489656],[54.419162,24.489702],[54.419564,24.489821],[54.419685,24.489819]]]}},{"type":"Feature","properties":{},"geometry":{"type":"Polygon","coordinates":[[[54.419659,24.490172],[54.419257,24.490052],[54.419209,24.490053],[54.419211,24.490115],[54.41903,24.490062],[54.418979,24.490063],[54.418985,24.490176],[54.418912,24.490155],[54.418837,24.490157],[54.418838,24.490191],[54.41924,24.490311],[54.419315,24.490309],[54.419314,24.490283],[54.419387,24.490305],[54.419438,24.490303],[54.419436,24.490255],[54.419579,24.490298],[54.419662,24.490293],[54.419659,24.490172]]]}},{"type":"Feature","properties":{},"geometry":{"type":"Polygon","coordinates":[[[54.41628,24.501799],[54.41628,24.50181],[54.41617,24.501809],[54.416172,24.501855],[54.416574,24.501975],[54.416758,24.501965],[54.416758,24.501942],[54.417254,24.502089],[54.41747,24.501885],[54.41724,24.501685],[54.4159,24.501286],[54.415823,24.501358],[54.41588,24.501419],[54.415841,24.501503],[54.415719,24.50155],[54.415914,24.50169],[54.41628,24.501799]]]}},{"type":"Feature","properties":{},"geometry":{"type":"Polygon","coordinates":[[[54.417619,24.50236],[54.41759,24.502323],[54.417188,24.502203],[54.417146,24.502231],[54.417175,24.502268],[54.417464,24.502354],[54.417506,24.502395],[54.417908,24.502514],[54.417932,24.502489],[54.417885,24.502453],[54.417605,24.502369],[54.417619,24.50236]]]}},{"type":"Feature","properties":{},"geometry":{"type":"Polygon","coordinates":[[[54.418376,24.5023],[54.417974,24.50218],[54.417772,24.502259],[54.417816,24.502352],[54.418218,24.502471],[54.41842,24.502393],[54.418376,24.5023]]]}},{"type":"Feature","properties":{},"geometry":{"type":"Polygon","coordinates":[[[54.417504,24.502442],[54.417102,24.502322],[54.417019,24.502322],[54.417019,24.502437],[54.417421,24.502556],[54.4175,24.502562],[54.417504,24.502442]]]}},{"type":"Feature","properties":{},"geometry":{"type":"Polygon","coordinates":[[[54.41706,24.502794],[54.417302,24.502785],[54.417301,24.502761],[54.417349,24.502775],[54.417408,24.502771],[54.417402,24.50271],[54.417,24.502591],[54.416942,24.502595],[54.416943,24.502606],[54.416593,24.502508],[54.41649,24.50251],[54.416491,24.502534],[54.416708,24.502599],[54.416543,24.502583],[54.41654,24.502643],[54.41706,24.502794]]]}},{"type":"Feature","properties":{},"geometry":{"type":"Polygon","coordinates":[[[54.417605,24.503229],[54.417604,24.503168],[54.417372,24.503093],[54.417374,24.50306],[54.416972,24.50294],[54.416865,24.502936],[54.416863,24.502979],[54.417062,24.503038],[54.417059,24.503107],[54.417461,24.503227],[54.417605,24.503229]]]}},{"type":"Feature","properties":{},"geometry":{"type":"Polygon","coordinates":[[[54.417262,24.503449],[54.417255,24.503666],[54.41769,24.503787],[54.417698,24.50357],[54.417262,24.503449]]]}}]}