{"type":"FeatureCollection","features":[{"type":"Feature","properties":{},"geometry":{"type":"Polygon","coordinates":[[[54.379328,24.480195],[54.379399,24.480207],[54.379569,24.480052],[54.379431,24.479926],[54.378693,24.479808],[54.378523,24.479963],[54.378564,24.48],[54.378493,24.479989],[54.378309,24.480157],[54.37845,24.480285],[54.379189,24.480404],[54.379373,24.480236],[54.379328,24.480195]]]}},{"type":"Feature","properties":{},"geometry":{"type":"Polygon","coordinates":[[[54.379656,24.480564],[54.37945,24.480531],[54.379208,24.480817],[54.379335,24.480907],[54.379654,24.480958],[54.379553,24.481068],[54.379787,24.481244],[54.380191,24.481309],[54.38009,24.481428],[54.380251,24.48154],[54.380276,24.481544],[54.380269,24.481553],[54.380429,24.481665],[54.380471,24.481672],[54.380454,24.481692],[54.38095,24.48205],[54.380972,24.482053],[54.380966,24.482061],[54.381462,24.482418],[54.381797,24.482472],[54.381701,24.482584],[54.381937,24.482751],[54.382005,24.482761],[54.381995,24.482773],[54.382123,24.482863],[54.380819,24.482654],[54.380859,24.482611],[54.380682,24.482478],[54.380477,24.482445],[54.38061,24.482293],[54.38056,24.482257],[54.380165,24.482194],[54.380016,24.482363],[54.380066,24.4824],[54.38027,24.482432],[54.380111,24.482607],[54.379911,24.482575],[54.379851,24.482647],[54.37798,24.482348],[54.377608,24.482798],[54.377879,24.482984],[54.379856,24.4833],[54.380049,24.483067],[54.38012,24.483079],[54.380054,24.483157],[54.38083,24.483699],[54.381573,24.483818],[54.381432,24.484044],[54.381569,24.484132],[54.381468,24.484125],[54.381426,24.484184],[54.381529,24.48425],[54.381709,24.484279],[54.381956,24.484428],[54.382018,24.484478],[54.381958,24.484553],[54.38207,24.484628],[54.382399,24.48468],[54.38235,24.484739],[54.382331,24.484725],[54.381936,24.484661],[54.38191,24.484689],[54.381817,24.484667],[54.381769,24.484636],[54.381617,24.484612],[54.381689,24.484528],[54.381219,24.484194],[54.381077,24.484171],[54.381075,24.484132],[54.381124,24.484139],[54.381183,24.48407],[54.381134,24.484037],[54.381,24.484015],[54.381049,24.483956],[54.380668,24.483688],[54.380273,24.483625],[54.380203,24.483708],[54.380278,24.48376],[54.379558,24.483644],[54.379575,24.483574],[54.379067,24.483488],[54.379048,24.483563],[54.37834,24.48345],[54.378314,24.483484],[54.378225,24.48347],[54.378086,24.483642],[54.378109,24.483859],[54.378423,24.48407],[54.378612,24.484101],[54.378635,24.484162],[54.37867,24.4842],[54.378722,24.484225],[54.380014,24.484431],[54.380175,24.484545],[54.380445,24.484589],[54.38046,24.484713],[54.38111,24.484817],[54.380973,24.484982],[54.380942,24.484977],[54.380879,24.484931],[54.38078,24.484916],[54.380667,24.484831],[54.380272,24.484767],[54.380226,24.484818],[54.3803,24.484874],[54.380209,24.48486],[54.380016,24.485069],[54.380017,24.485096],[54.380027,24.485116],[54.380098,24.485131],[54.380173,24.485206],[54.380319,24.485313],[54.381163,24.485448],[54.381237,24.485363],[54.38152,24.485408],[54.38159,24.485364],[54.38158,24.485352],[54.381786,24.485385],[54.381845,24.485433],[54.381776,24.485422],[54.381627,24.485588],[54.381678,24.485626],[54.381613,24.485615],[54.381464,24.485787],[54.381493,24.485807],[54.381446,24.4858],[54.381402,24.485851],[54.38104,24.485793],[54.38099,24.485848],[54.381046,24.48589],[54.381329,24.485935],[54.381295,24.485975],[54.381331,24.486001],[54.381285,24.485993],[54.381141,24.486156],[54.381118,24.486139],[54.381192,24.486056],[54.381014,24.485925],[54.380685,24.485873],[54.380791,24.485752],[54.380602,24.485615],[54.380562,24.485608],[54.380574,24.485595],[54.380393,24.485468],[54.380201,24.485437],[54.380218,24.485417],[54.380043,24.485294],[54.379788,24.485253],[54.37981,24.485228],[54.379621,24.485093],[54.379592,24.485088],[54.379608,24.48507],[54.379417,24.484932],[54.379374,24.484926],[54.379192,24.484792],[54.379152,24.484785],[54.379164,24.484771],[54.378985,24.484644],[54.378946,24.484638],[54.37896,24.484621],[54.378776,24.484489],[54.378745,24.484484],[54.378755,24.484473],[54.378572,24.484343],[54.378531,24.484336],[54.37854,24.484325],[54.378349,24.484191],[54.377927,24.484123],[54.377814,24.484257],[54.378006,24.484391],[54.378045,24.484397],[54.378034,24.48441],[54.378218,24.48454],[54.378247,24.484545],[54.378239,24.484554],[54.378423,24.484686],[54.378463,24.484693],[54.378453,24.484705],[54.378631,24.484833],[54.378676,24.48484],[54.378662,24.484857],[54.378849,24.484984],[54.378886,24.48499],[54.378877,24.485],[54.379068,24.485138],[54.379098,24.485142],[54.37909,24.485151],[54.379279,24.485286],[54.379325,24.485294],[54.379308,24.485314],[54.379483,24.485436],[54.37957,24.48545],[54.37955,24.485474],[54.37973,24.485601],[54.379768,24.485607],[54.379747,24.485631],[54.379936,24.485767],[54.379968,24.485772],[54.37996,24.485781],[54.380137,24.485913],[54.380189,24.485922],[54.380358,24.486046],[54.380397,24.486052],[54.380384,24.486066],[54.380761,24.486336],[54.381183,24.486404],[54.381295,24.486277],[54.38169,24.486341],[54.381847,24.486163],[54.381809,24.486135],[54.381857,24.486143],[54.382009,24.485968],[54.381978,24.485946],[54.382025,24.485953],[54.382173,24.485782],[54.382121,24.485745],[54.382184,24.485755],[54.382332,24.485589],[54.382277,24.485549],[54.382348,24.48556],[54.382503,24.485385],[54.38241,24.485317],[54.382569,24.485127],[54.382708,24.485149],[54.38286,24.484974],[54.382808,24.484936],[54.38288,24.484948],[54.383021,24.48478],[54.383388,24.484838],[54.383517,24.484678],[54.383914,24.484741],[54.384259,24.484297],[54.384135,24.484217],[54.384008,24.484197],[54.384028,24.484131],[54.383695,24.483916],[54.382986,24.483803],[54.383072,24.483701],[54.382839,24.483538],[54.382886,24.483482],[54.382937,24.48349],[54.382953,24.48347],[54.38299,24.48349],[54.383344,24.483547],[54.383236,24.483672],[54.383376,24.483772],[54.383798,24.48384],[54.383946,24.483669],[54.383899,24.483636],[54.384309,24.483701],[54.384495,24.483482],[54.384477,24.483469],[54.384502,24.483474],[54.384689,24.483255],[54.384639,24.48322],[54.384724,24.483233],[54.38491,24.483015],[54.384885,24.482997],[54.384939,24.482936],[54.384799,24.482836],[54.384679,24.482816],[54.384785,24.482694],[54.384766,24.482681],[54.384776,24.482668],[54.384799,24.482671],[54.384947,24.4825],[54.384902,24.482468],[54.384972,24.482479],[54.385068,24.482368],[54.385419,24.482424],[54.385573,24.48224],[54.385473,24.482171],[54.385618,24.482194],[54.385771,24.482011],[54.385681,24.481948],[54.385819,24.48197],[54.385972,24.481786],[54.385876,24.481719],[54.386016,24.481742],[54.38617,24.481558],[54.386113,24.481518],[54.386132,24.481496],[54.385992,24.481396],[54.385884,24.481379],[54.385927,24.481331],[54.385689,24.481162],[54.385642,24.481154],[54.385303,24.480924],[54.385404,24.480806],[54.385935,24.480891],[54.386055,24.480756],[54.38581,24.480577],[54.384777,24.480411],[54.384786,24.480401],[54.384521,24.480218],[54.385145,24.480318],[54.385264,24.480182],[54.385019,24.480003],[54.383701,24.479792],[54.383642,24.479859],[54.382591,24.479691],[54.382438,24.47986],[54.381497,24.47971],[54.381326,24.479899],[54.38144,24.479985],[54.381285,24.479961],[54.381145,24.480115],[54.380913,24.480078],[54.380974,24.480009],[54.380789,24.479871],[54.380394,24.479808],[54.380299,24.479913],[54.380413,24.479998],[54.380249,24.479972],[54.38016,24.480078],[54.380026,24.480057],[54.379795,24.480325],[54.379871,24.480379],[54.379726,24.480356],[54.379668,24.480419],[54.379846,24.480553],[54.379687,24.480528],[54.379656,24.480564]],[[54.38098,24.481545],[54.380991,24.481532],[54.38091,24.481476],[54.381027,24.481495],[54.381066,24.481449],[54.381106,24.481455],[54.381185,24.481369],[54.381578,24.481431],[54.381609,24.481371],[54.381824,24.481519],[54.381853,24.481524],[54.381842,24.481538],[54.382077,24.4817],[54.382405,24.481753],[54.38236,24.481805],[54.382018,24.48175],[54.381949,24.4817],[54.38098,24.481545]],[[54.382759,24.481114],[54.383936,24.481294],[54.383944,24.481237],[54.384109,24.481263],[54.384056,24.481326],[54.382952,24.481149],[54.382906,24.481205],[54.382759,24.481114]],[[54.381576,24.481335],[54.381603,24.481339],[54.381592,24.481352],[54.381522,24.481323],[54.381264,24.481281],[54.381345,24.481175],[54.381576,24.481335]],[[54.381399,24.480676],[54.381238,24.480564],[54.380843,24.4805],[54.380685,24.480687],[54.380573,24.48067],[54.38071,24.48051],[54.380638,24.480458],[54.380563,24.480447],[54.380747,24.480472],[54.380811,24.480397],[54.381546,24.480514],[54.381569,24.480487],[54.381914,24.480716],[54.382183,24.480759],[54.382182,24.4808],[54.382103,24.480787],[54.38203,24.480869],[54.382086,24.48091],[54.38161,24.480834],[54.381619,24.480824],[54.381459,24.480712],[54.381379,24.480699],[54.381399,24.480676]],[[54.382115,24.484871],[54.381994,24.484782],[54.382278,24.484828],[54.382193,24.484926],[54.382059,24.484904],[54.3821,24.484901],[54.382115,24.484871]],[[54.380582,24.483994],[54.3806,24.483973],[54.380723,24.483993],[54.380706,24.484014],[54.380582,24.483994]],[[54.38438,24.482258],[54.384447,24.482268],[54.384427,24.482292],[54.384378,24.482273],[54.38438,24.482258]]]}},{"type":"Feature","properties":{},"geometry":{"type":"Polygon","coordinates":[[[54.377841,24.480823],[54.378579,24.480941],[54.378748,24.480788],[54.378708,24.480751],[54.378775,24.480762],[54.378958,24.480592],[54.378818,24.480468],[54.37808,24.48035],[54.377897,24.48052],[54.377955,24.480571],[54.37789,24.48056],[54.377721,24.480713],[54.377841,24.480823]]]}},{"type":"Feature","properties":{},"geometry":{"type":"Polygon","coordinates":[[[54.378342,24.481782],[54.378448,24.481842],[54.37834,24.481973],[54.378445,24.482045],[54.37834,24.482028],[54.378235,24.482156],[54.378457,24.482306],[54.378852,24.48237],[54.378875,24.482343],[54.379044,24.48237],[54.37908,24.482325],[54.378891,24.482197],[54.379919,24.482361],[54.380048,24.482204],[54.379787,24.482027],[54.379349,24.481957],[54.379408,24.481885],[54.379351,24.481846],[54.379437,24.48186],[54.379661,24.481586],[54.379578,24.48153],[54.379426,24.481506],[54.379285,24.481405],[54.379239,24.481398],[54.379294,24.481331],[54.379447,24.481356],[54.379539,24.481246],[54.379349,24.481116],[54.378954,24.481053],[54.378863,24.481163],[54.378955,24.481226],[54.378821,24.481205],[54.378597,24.481479],[54.378663,24.481524],[54.378567,24.481508],[54.378342,24.481782]],[[54.379015,24.481779],[54.378931,24.481766],[54.379042,24.481639],[54.378958,24.481741],[54.379015,24.481779]]]}},{"type":"Feature","properties":{},"geometry":{"type":"Polygon","coordinates":[[[54.380223,24.48181],[54.38012,24.481738],[54.379725,24.481675],[54.379659,24.481753],[54.379762,24.481825],[54.380157,24.481888],[54.380223,24.48181]]]}},{"type":"Feature","properties":{},"geometry":{"type":"Polygon","coordinates":[[[54.378838,24.483412],[54.379234,24.483476],[54.379326,24.483368],[54.379049,24.483173],[54.378654,24.483109],[54.378562,24.483217],[54.378838,24.483412]]]}},{"type":"Feature","properties":{},"geometry":{"type":"Polygon","coordinates":[[[54.37985,24.484502],[54.379455,24.484439],[54.379405,24.484499],[54.379188,24.484464],[54.379112,24.484557],[54.379393,24.48475],[54.379788,24.484814],[54.379865,24.484721],[54.379771,24.484657],[54.379882,24.484675],[54.379962,24.484578],[54.37985,24.484502]]]}},{"type":"Feature","properties":{},"geometry":{"type":"Polygon","coordinates":[[[54.377662,24.487329],[54.377718,24.487369],[54.37767,24.487423],[54.377858,24.487559],[54.377924,24.487569],[54.377857,24.487645],[54.378003,24.487751],[54.377575,24.488239],[54.377301,24.488195],[54.377244,24.488263],[54.378043,24.488819],[54.378141,24.488835],[54.378117,24.488864],[54.378318,24.489006],[54.378714,24.48907],[54.378762,24.489014],[54.378616,24.488911],[54.379362,24.48903],[54.379419,24.488963],[54.378848,24.488565],[54.379138,24.488234],[54.380318,24.488423],[54.380166,24.488606],[54.380328,24.488718],[54.380612,24.488763],[54.381004,24.489022],[54.380176,24.48887],[54.380126,24.488931],[54.380212,24.488979],[54.380165,24.489038],[54.37985,24.488987],[54.379687,24.489167],[54.379837,24.489279],[54.379988,24.489304],[54.379907,24.489399],[54.380115,24.489546],[54.380153,24.489552],[54.380341,24.489678],[54.380539,24.489831],[54.381289,24.489952],[54.381269,24.489973],[54.381318,24.490009],[54.379385,24.489702],[54.379357,24.489735],[54.379075,24.48969],[54.379025,24.489745],[54.379055,24.489768],[54.379297,24.489806],[54.379249,24.489863],[54.378939,24.489813],[54.378899,24.489859],[54.37893,24.489881],[54.379197,24.489924],[54.37918,24.489944],[54.379397,24.490096],[54.379065,24.490043],[54.378904,24.490239],[54.379049,24.490338],[54.379593,24.490425],[54.379552,24.490478],[54.378811,24.490359],[54.378656,24.490542],[54.378701,24.490573],[54.378627,24.490562],[54.378467,24.490759],[54.37856,24.490821],[54.378416,24.490798],[54.378267,24.490974],[54.378405,24.491072],[54.378201,24.491039],[54.378055,24.49121],[54.37819,24.491305],[54.378699,24.491386],[54.378677,24.491413],[54.378791,24.491494],[54.377954,24.49136],[54.37777,24.491574],[54.378008,24.491743],[54.37863,24.491843],[54.378678,24.491875],[54.378741,24.491885],[54.378729,24.491899],[54.378914,24.492028],[54.379603,24.492139],[54.379766,24.492257],[54.379385,24.492196],[54.379293,24.492306],[54.379481,24.492435],[54.379523,24.492442],[54.379515,24.492452],[54.379713,24.492589],[54.379748,24.492595],[54.379739,24.492606],[54.379934,24.49274],[54.379964,24.492745],[54.379954,24.492758],[54.380143,24.492889],[54.380181,24.492895],[54.380161,24.492919],[54.380361,24.493057],[54.380429,24.493068],[54.380395,24.493109],[54.380607,24.493256],[54.380703,24.493271],[54.380887,24.493398],[54.378141,24.492959],[54.377956,24.493166],[54.378165,24.493321],[54.378627,24.493395],[54.378723,24.493461],[54.378392,24.493408],[54.378285,24.493529],[54.378348,24.493575],[54.378744,24.493639],[54.378835,24.493536],[54.379541,24.494028],[54.382193,24.494452],[54.382187,24.49446],[54.382274,24.494522],[54.381579,24.494411],[54.3815,24.494355],[54.378863,24.493933],[54.378827,24.493975],[54.378006,24.493843],[54.377803,24.494084],[54.378016,24.494232],[54.378336,24.494284],[54.378411,24.494337],[54.378524,24.494355],[54.378698,24.494478],[54.378805,24.494495],[54.378788,24.494515],[54.378036,24.494394],[54.377925,24.494521],[54.378118,24.49466],[54.378191,24.494672],[54.37817,24.494696],[54.378362,24.494835],[54.378683,24.494887],[54.378544,24.495048],[54.378661,24.495132],[54.378501,24.495106],[54.378427,24.495192],[54.377838,24.495097],[54.377732,24.495222],[54.377923,24.495357],[54.378261,24.495411],[54.378161,24.495538],[54.377965,24.495507],[54.377707,24.495812],[54.377926,24.495965],[54.378242,24.496015],[54.37819,24.49608],[54.378405,24.496226],[54.378742,24.49628],[54.378627,24.496421],[54.378895,24.496603],[54.379241,24.496658],[54.379325,24.496717],[54.380193,24.496856],[54.380072,24.497001],[54.380528,24.497317],[54.380844,24.497368],[54.381146,24.497008],[54.382622,24.497244],[54.382707,24.497143],[54.382977,24.497328],[54.383454,24.497405],[54.383377,24.497502],[54.383929,24.497866],[54.385907,24.498182],[54.385993,24.498074],[54.385861,24.49797],[54.385889,24.497935],[54.385749,24.497842],[54.385845,24.497721],[54.385574,24.497542],[54.38395,24.497282],[54.384006,24.497216],[54.38408,24.497228],[54.384133,24.497164],[54.38408,24.497128],[54.384173,24.497018],[54.385806,24.497279],[54.38595,24.497193],[54.385935,24.497174],[54.386081,24.497084],[54.386036,24.496984],[54.386014,24.496874],[54.386046,24.496785],[54.386218,24.496587],[54.386112,24.496518],[54.384776,24.496302],[54.385026,24.496005],[54.385047,24.496009],[54.385107,24.495939],[54.38509,24.495927],[54.385434,24.495537],[54.385412,24.495523],[54.385397,24.495353],[54.385275,24.495268],[54.384657,24.495034],[54.38462,24.495],[54.384474,24.494975],[54.384296,24.49491],[54.384344,24.494855],[54.384204,24.494755],[54.384681,24.494915],[54.385242,24.495005],[54.385311,24.49504],[54.385707,24.495103],[54.385723,24.495082],[54.386329,24.495179],[54.38638,24.495119],[54.38581,24.494432],[54.384848,24.494278],[54.384966,24.494143],[54.387417,24.494535],[54.387358,24.494681],[54.387698,24.49491],[54.390764,24.4954],[54.390892,24.495228],[54.390824,24.495186],[54.391209,24.495248],[54.39132,24.495243],[54.391285,24.494516],[54.391339,24.494525],[54.392148,24.494431],[54.392099,24.494077],[54.391088,24.493915],[54.391086,24.493874],[54.390122,24.49372],[54.390387,24.493274],[54.390321,24.493161],[54.390297,24.493151],[54.388319,24.492834],[54.388252,24.492864],[54.387532,24.492354],[54.387009,24.49227],[54.386973,24.49223],[54.386947,24.492063],[54.386947,24.491926],[54.386965,24.491885],[54.387101,24.491907],[54.387171,24.491823],[54.387061,24.491748],[54.387281,24.49163],[54.387448,24.491432],[54.38635,24.490619],[54.386124,24.490583],[54.38619,24.490508],[54.386146,24.490476],[54.386287,24.490499],[54.386451,24.490313],[54.38632,24.490216],[54.38599,24.490164],[54.386057,24.490085],[54.385656,24.489812],[54.385632,24.489808],[54.38564,24.489798],[54.385407,24.489638],[54.385227,24.48961],[54.385276,24.48955],[54.385133,24.489451],[54.384379,24.489331],[54.384441,24.489258],[54.384322,24.489174],[54.383583,24.489056],[54.383507,24.489145],[54.383441,24.489135],[54.383481,24.489086],[54.383368,24.489008],[54.383205,24.488982],[54.383261,24.488915],[54.384462,24.489107],[54.384555,24.488998],[54.384143,24.48872],[54.383922,24.488685],[54.383936,24.488669],[54.383824,24.488587],[54.383033,24.48846],[54.383159,24.488314],[54.383041,24.48823],[54.382681,24.488172],[54.382766,24.488077],[54.382545,24.487914],[54.382333,24.48788],[54.382307,24.487862],[54.382394,24.487758],[54.382207,24.487628],[54.381469,24.48751],[54.381371,24.487626],[54.381401,24.487647],[54.381016,24.487586],[54.380855,24.487778],[54.381022,24.487894],[54.38118,24.487919],[54.381102,24.488013],[54.381222,24.488096],[54.380677,24.488008],[54.380515,24.488208],[54.380529,24.488218],[54.380501,24.488213],[54.380469,24.488253],[54.38028,24.488128],[54.379617,24.488021],[54.37965,24.487985],[54.379549,24.487908],[54.379439,24.487891],[54.379457,24.48787],[54.380051,24.487965],[54.380174,24.487824],[54.380144,24.487802],[54.380316,24.487605],[54.37993,24.487325],[54.379846,24.487311],[54.379785,24.487267],[54.379918,24.487288],[54.379945,24.48725],[54.379911,24.487231],[54.379751,24.487205],[54.379768,24.487187],[54.380158,24.487249],[54.380195,24.487202],[54.380281,24.487216],[54.380312,24.487174],[54.380293,24.487162],[54.380314,24.487166],[54.38035,24.487127],[54.380295,24.487074],[54.380381,24.487088],[54.380415,24.487049],[54.380396,24.487036],[54.38045,24.487044],[54.380478,24.487],[54.380389,24.486954],[54.380492,24.486822],[54.380577,24.486836],[54.380798,24.486554],[54.380758,24.486528],[54.380813,24.486456],[54.380515,24.486263],[54.378537,24.485947],[54.377906,24.486755],[54.378181,24.486933],[54.378638,24.487006],[54.378548,24.487109],[54.378471,24.487052],[54.377627,24.486917],[54.377437,24.487134],[54.377523,24.487197],[54.377746,24.487233],[54.377662,24.487329]],[[54.385483,24.493371],[54.3838,24.493101],[54.383586,24.492958],[54.383286,24.49291],[54.383309,24.492884],[54.383195,24.4928],[54.383019,24.492772],[54.383041,24.492746],[54.383717,24.492854],[54.383781,24.49291],[54.384177,24.492973],[54.384213,24.492938],[54.38414,24.492876],[54.383932,24.492843],[54.384057,24.492699],[54.383995,24.492655],[54.384191,24.492686],[54.384346,24.492507],[54.384211,24.49241],[54.383243,24.492255],[54.383254,24.492242],[54.382995,24.492067],[54.382805,24.492037],[54.382814,24.492026],[54.383234,24.492093],[54.383411,24.491886],[54.383314,24.491818],[54.383454,24.49184],[54.383411,24.491891],[54.383563,24.491998],[54.384724,24.492183],[54.384877,24.492003],[54.384977,24.492019],[54.384994,24.492036],[54.384958,24.492031],[54.38489,24.492116],[54.384835,24.492107],[54.384774,24.492154],[54.384704,24.492257],[54.384922,24.492379],[54.385231,24.492429],[54.385167,24.492504],[54.386085,24.493168],[54.387888,24.493456],[54.387805,24.493598],[54.387987,24.493667],[54.389041,24.493836],[54.389049,24.494002],[54.389139,24.494073],[54.389101,24.494112],[54.389105,24.494191],[54.389013,24.494128],[54.388754,24.494086],[54.388767,24.494041],[54.388709,24.494028],[54.388313,24.493964],[54.3883,24.494014],[54.38573,24.493603],[54.385756,24.49357],[54.385483,24.493371]],[[54.385189,24.49166],[54.385504,24.491875],[54.385171,24.491822],[54.385155,24.491835],[54.38508,24.491783],[54.385189,24.49166]],[[54.384818,24.491163],[54.384941,24.491183],[54.384907,24.491222],[54.384818,24.491163]],[[54.381465,24.493129],[54.381387,24.493117],[54.3814,24.493101],[54.381465,24.493129]],[[54.380962,24.492731],[54.381145,24.49276],[54.381219,24.492815],[54.381109,24.492797],[54.381057,24.492855],[54.381043,24.492845],[54.381073,24.492808],[54.380962,24.492731]],[[54.381912,24.492147],[54.381944,24.492168],[54.381377,24.492077],[54.381388,24.492063],[54.381912,24.492147]],[[54.382165,24.491403],[54.382071,24.491336],[54.381583,24.491258],[54.381599,24.491238],[54.3814,24.491098],[54.380617,24.490972],[54.380635,24.490952],[54.381442,24.491081],[54.381458,24.491063],[54.381635,24.491091],[54.381817,24.490878],[54.381682,24.490783],[54.381171,24.490701],[54.381189,24.49068],[54.381264,24.490693],[54.381426,24.490497],[54.381329,24.490431],[54.381357,24.490416],[54.381469,24.490495],[54.38151,24.490501],[54.3815,24.490513],[54.381697,24.490652],[54.381748,24.49066],[54.381718,24.490694],[54.381916,24.490833],[54.382061,24.490856],[54.382184,24.490943],[54.382503,24.490994],[54.382362,24.491154],[54.382506,24.491259],[54.382695,24.491289],[54.382641,24.491351],[54.382844,24.491494],[54.383169,24.491545],[54.383061,24.49167],[54.38321,24.491776],[54.382612,24.491681],[54.382726,24.49156],[54.382595,24.491472],[54.382165,24.491403]],[[54.382301,24.490503],[54.382285,24.490492],[54.382349,24.490502],[54.382333,24.490522],[54.382291,24.490515],[54.382301,24.490503]],[[54.381731,24.49012],[54.381791,24.49013],[54.381963,24.489938],[54.38193,24.489913],[54.382424,24.489993],[54.382558,24.490087],[54.382676,24.490105],[54.382598,24.490194],[54.381899,24.490082],[54.381806,24.490192],[54.382004,24.490331],[54.382032,24.490335],[54.38204,24.490354],[54.381635,24.490289],[54.381761,24.490142],[54.381731,24.49012]],[[54.382451,24.488637],[54.382385,24.488717],[54.382195,24.488686],[54.382264,24.488607],[54.382451,24.488637]],[[54.382167,24.48813],[54.38212,24.488098],[54.382186,24.488108],[54.382167,24.48813]],[[54.380391,24.492126],[54.380303,24.492231],[54.38009,24.492076],[54.380223,24.492098],[54.380247,24.49207],[54.380304,24.492112],[54.380391,24.492126]],[[54.380512,24.491955],[54.380536,24.491927],[54.380556,24.49193],[54.380532,24.491958],[54.380512,24.491955]],[[54.381607,24.488369],[54.381458,24.488345],[54.381502,24.488291],[54.381539,24.488303],[54.381531,24.488313],[54.381607,24.488369]],[[54.38093,24.489528],[54.381583,24.489632],[54.381512,24.489716],[54.381106,24.489651],[54.38093,24.489528]],[[54.38172,24.489467],[54.381678,24.489517],[54.381577,24.489445],[54.38172,24.489467]],[[54.381612,24.489601],[54.381626,24.489611],[54.381606,24.489608],[54.381612,24.489601]],[[54.382829,24.493909],[54.382681,24.493807],[54.383146,24.493881],[54.383169,24.493852],[54.383183,24.493855],[54.383141,24.493903],[54.383243,24.493976],[54.38309,24.493952],[54.382918,24.494149],[54.38302,24.494223],[54.382876,24.4942],[54.382766,24.494327],[54.382675,24.494313],[54.38256,24.494227],[54.382829,24.493909]],[[54.382812,24.493444],[54.382957,24.49328],[54.3829,24.493238],[54.383203,24.493287],[54.383305,24.493174],[54.383396,24.493189],[54.383214,24.493412],[54.383427,24.493551],[54.383021,24.493486],[54.382917,24.493606],[54.382594,24.493554],[54.382689,24.493446],[54.382651,24.493418],[54.382812,24.493444]],[[54.383196,24.495116],[54.383086,24.495243],[54.382965,24.495223],[54.382989,24.495197],[54.382785,24.49505],[54.383196,24.495116]],[[54.383492,24.490373],[54.383995,24.490453],[54.384059,24.490498],[54.384091,24.490504],[54.384083,24.490513],[54.38413,24.490546],[54.383444,24.490427],[54.383492,24.490373]],[[54.38562,24.491986],[54.385641,24.491968],[54.385681,24.491996],[54.38562,24.491986]]]}},{"type":"Feature","properties":{},"geometry":{"type":"Polygon","coordinates":[[[54.377756,24.492644],[54.378007,24.492829],[54.379272,24.493032],[54.379387,24.492903],[54.379136,24.492718],[54.377871,24.492515],[54.377756,24.492644]]]}},{"type":"Feature","properties":{},"geometry":{"type":"Polygon","coordinates":[[[54.378796,24.493899],[54.37884,24.49366],[54.378382,24.493581],[54.378377,24.493605],[54.378254,24.493585],[54.378204,24.493644],[54.378268,24.493689],[54.378358,24.493703],[54.378345,24.49377],[54.378155,24.49374],[54.378141,24.493775],[54.378335,24.493817],[54.378333,24.493829],[54.378796,24.493899]]]}},{"type":"Feature","properties":{},"geometry":{"type":"Polygon","coordinates":[[[54.380738,24.498035],[54.381015,24.497724],[54.380816,24.497577],[54.379855,24.497423],[54.379897,24.497377],[54.379632,24.497182],[54.378156,24.496946],[54.378049,24.497065],[54.378313,24.49726],[54.378535,24.497296],[54.378441,24.497401],[54.378023,24.497334],[54.377916,24.497454],[54.378168,24.497639],[54.379433,24.497842],[54.379446,24.497828],[54.380738,24.498035]]]}},{"type":"Feature","properties":{},"geometry":{"type":"Polygon","coordinates":[[[54.379333,24.498211],[54.378171,24.498025],[54.377977,24.498244],[54.378053,24.498296],[54.377939,24.498278],[54.377764,24.498474],[54.377898,24.498573],[54.379143,24.498772],[54.379296,24.498873],[54.379691,24.498936],[54.379746,24.498868],[54.380008,24.49891],[54.380167,24.498706],[54.380049,24.498615],[54.379483,24.498525],[54.379518,24.498477],[54.380744,24.498673],[54.380628,24.498745],[54.380749,24.49892],[54.38062,24.499002],[54.380599,24.499083],[54.38019,24.499018],[54.380074,24.49917],[54.380013,24.49916],[54.379954,24.499237],[54.380003,24.499254],[54.379985,24.499278],[54.380323,24.499493],[54.380845,24.499603],[54.381669,24.499735],[54.381883,24.499746],[54.382044,24.499632],[54.381977,24.49953],[54.381983,24.499518],[54.381892,24.499485],[54.381862,24.499427],[54.382114,24.499274],[54.382479,24.499331],[54.382529,24.499322],[54.382572,24.499295],[54.382602,24.499254],[54.382611,24.499211],[54.382596,24.499154],[54.382535,24.499101],[54.382195,24.499045],[54.382187,24.499032],[54.382623,24.499102],[54.382751,24.499048],[54.382719,24.49877],[54.382639,24.498658],[54.38211,24.498513],[54.381286,24.498381],[54.381113,24.49848],[54.381068,24.498473],[54.380902,24.498575],[54.380969,24.498499],[54.380734,24.498328],[54.380356,24.498268],[54.380499,24.498108],[54.380381,24.498021],[54.378271,24.497684],[54.378077,24.497902],[54.378194,24.497989],[54.379364,24.498176],[54.379333,24.498211]]]}},{"type":"Feature","properties":{},"geometry":{"type":"Polygon","coordinates":[[[54.379237,24.498891],[54.379137,24.498814],[54.378741,24.498751],[54.378627,24.498872],[54.378728,24.498949],[54.379124,24.499013],[54.379237,24.498891]]]}},{"type":"Feature","properties":{},"geometry":{"type":"Polygon","coordinates":[[[54.378921,24.499157],[54.378946,24.499133],[54.378991,24.49914],[54.379031,24.4991],[54.37894,24.499025],[54.378544,24.498962],[54.378463,24.499043],[54.378526,24.499094],[54.378921,24.499157]]]}},{"type":"Feature","properties":{},"geometry":{"type":"Polygon","coordinates":[[[54.381108,24.501802],[54.380895,24.501636],[54.377961,24.501167],[54.377761,24.501379],[54.377974,24.501545],[54.380908,24.502014],[54.381108,24.501802]]]}},{"type":"Feature","properties":{},"geometry":{"type":"Polygon","coordinates":[[[54.380014,24.502187],[54.379868,24.502067],[54.37789,24.501751],[54.377689,24.501955],[54.377836,24.502074],[54.379814,24.50239],[54.380014,24.502187]]]}},{"type":"Feature","properties":{},"geometry":{"type":"Polygon","coordinates":[[[54.380692,24.502652],[54.380524,24.502518],[54.378018,24.502117],[54.377828,24.502314],[54.377996,24.502449],[54.380501,24.50285],[54.380692,24.502652]]]}},{"type":"Feature","properties":{},"geometry":{"type":"Polygon","coordinates":[[[54.380564,24.502982],[54.380362,24.502839],[54.377856,24.502438],[54.377752,24.502561],[54.377954,24.502704],[54.38046,24.503104],[54.380564,24.502982]]]}},{"type":"Feature","properties":{},"geometry":{"type":"Polygon","coordinates":[[[54.378755,24.50842],[54.378758,24.508523],[54.379153,24.508587],[54.379262,24.508584],[54.37926,24.508481],[54.378864,24.508417],[54.378755,24.50842]]]}},{"type":"Feature","properties":{},"geometry":{"type":"Polygon","coordinates":[[[54.378529,24.50857],[54.37853,24.508679],[54.378926,24.508743],[54.378998,24.508742],[54.378997,24.508632],[54.378601,24.508569],[54.378529,24.50857]]]}},{"type":"Feature","properties":{},"geometry":{"type":"Polygon","coordinates":[[[54.380125,24.510529],[54.380354,24.510403],[54.380296,24.510317],[54.380464,24.510343],[54.380781,24.510174],[54.380979,24.510206],[54.381619,24.509865],[54.381513,24.509699],[54.381441,24.509688],[54.381237,24.509367],[54.379918,24.509156],[54.379666,24.509281],[54.379759,24.509419],[54.379535,24.509383],[54.379235,24.509543],[54.378591,24.509439],[54.377802,24.509708],[54.378003,24.51002],[54.378219,24.510055],[54.378115,24.510113],[54.378367,24.510488],[54.379686,24.510699],[54.380036,24.510515],[54.380125,24.510529]]]}},{"type":"Feature","properties":{},"geometry":{"type":"Polygon","coordinates":[[[54.38079,24.485537],[54.380762,24.485697],[54.38134,24.485787],[54.381368,24.485627],[54.38079,24.485537]]]}},{"type":"Feature","properties":{},"geometry":{"type":"Polygon","coordinates":[[[54.379537,24.507354],[54.379401,24.507332],[54.379298,24.507332],[54.379299,24.507452],[54.37934,24.507459],[54.37934,24.507547],[54.38084,24.507787],[54.38108,24.507784],[54.381076,24.507492],[54.379757,24.507281],[54.379536,24.507284],[54.379537,24.507354]]]}},{"type":"Feature","properties":{},"geometry":{"type":"Polygon","coordinates":[[[54.380352,24.512002],[54.380239,24.511912],[54.380028,24.511878],[54.379543,24.512354],[54.379653,24.512439],[54.379864,24.512473],[54.380352,24.512002]]]}},{"type":"Feature","properties":{},"geometry":{"type":"Polygon","coordinates":[[[54.382053,24.509323],[54.382005,24.509288],[54.38161,24.509225],[54.381563,24.509278],[54.381611,24.509312],[54.382006,24.509376],[54.382053,24.509323]]]}},{"type":"Feature","properties":{},"geometry":{"type":"Polygon","coordinates":[[[54.381468,24.510112],[54.381503,24.510184],[54.381898,24.510247],[54.381999,24.510207],[54.381965,24.510135],[54.381569,24.510072],[54.381468,24.510112]]]}},{"type":"Feature","properties":{},"geometry":{"type":"Polygon","coordinates":[[[54.381189,24.511599],[54.381216,24.511533],[54.381132,24.511513],[54.381138,24.511486],[54.380622,24.511403],[54.380589,24.511568],[54.381104,24.511652],[54.381113,24.511607],[54.381076,24.511601],[54.38108,24.511581],[54.381189,24.511599]]]}},{"type":"Feature","properties":{},"geometry":{"type":"Polygon","coordinates":[[[54.380238,24.511685],[54.381238,24.51251],[54.381449,24.512544],[54.381529,24.512461],[54.380524,24.511621],[54.380313,24.511587],[54.380238,24.511685]]]}},{"type":"Feature","properties":{},"geometry":{"type":"Polygon","coordinates":[[[54.383209,24.486405],[54.383604,24.486469],[54.383612,24.486458],[54.383648,24.486464],[54.383696,24.486401],[54.383498,24.486278],[54.383102,24.486215],[54.383028,24.486314],[54.383209,24.486405]]]}},{"type":"Feature","properties":{},"geometry":{"type":"Polygon","coordinates":[[[54.383157,24.486794],[54.383141,24.486814],[54.38272,24.486746],[54.38245,24.48702],[54.382804,24.487315],[54.382978,24.487342],[54.382919,24.487403],[54.383275,24.487695],[54.383318,24.487702],[54.38323,24.487791],[54.383403,24.487933],[54.383589,24.487963],[54.383624,24.487991],[54.383748,24.488011],[54.383802,24.488055],[54.383733,24.488044],[54.38369,24.488085],[54.383731,24.488117],[54.384075,24.488172],[54.384011,24.488245],[54.384088,24.4883],[54.384169,24.488313],[54.384131,24.488356],[54.384147,24.488367],[54.384074,24.488454],[54.384166,24.488518],[54.384476,24.488568],[54.384458,24.48859],[54.38454,24.488647],[54.384832,24.488694],[54.384854,24.488709],[54.384488,24.488651],[54.38444,24.48871],[54.384539,24.488779],[54.384636,24.488795],[54.384934,24.489008],[54.38511,24.489036],[54.385098,24.489058],[54.385143,24.489078],[54.38513,24.489092],[54.385192,24.489138],[54.385376,24.489168],[54.385267,24.48929],[54.385379,24.489367],[54.38593,24.489456],[54.385923,24.489465],[54.385972,24.489501],[54.385634,24.489447],[54.385595,24.48949],[54.386065,24.48982],[54.386124,24.48983],[54.386108,24.489847],[54.386196,24.489911],[54.386591,24.489974],[54.386628,24.489935],[54.386538,24.489871],[54.386479,24.489862],[54.386497,24.48984],[54.386257,24.489671],[54.387509,24.489871],[54.387638,24.489696],[54.387359,24.48952],[54.387035,24.489468],[54.387084,24.489412],[54.386834,24.489221],[54.386337,24.489141],[54.386345,24.489134],[54.386302,24.4891],[54.386255,24.489092],[54.386361,24.488973],[54.386296,24.488923],[54.387435,24.489105],[54.387525,24.488882],[54.387563,24.48884],[54.38778,24.488712],[54.387704,24.488598],[54.387609,24.488583],[54.387653,24.488539],[54.387543,24.488459],[54.387585,24.488416],[54.387542,24.488384],[54.38758,24.488343],[54.387481,24.488271],[54.387499,24.488249],[54.387398,24.488179],[54.386038,24.487961],[54.386099,24.48789],[54.386009,24.487824],[54.386025,24.487803],[54.385916,24.48773],[54.385677,24.487691],[54.385699,24.487665],[54.385458,24.487498],[54.38522,24.48746],[54.385269,24.487407],[54.385203,24.487361],[54.384896,24.487312],[54.384931,24.487272],[54.384889,24.487242],[54.384946,24.487252],[54.385017,24.487173],[54.384828,24.487035],[54.384757,24.487024],[54.384777,24.487001],[54.384586,24.486869],[54.384191,24.486806],[54.384124,24.486882],[54.38418,24.486922],[54.384102,24.48691],[54.384052,24.486968],[54.383594,24.486886],[54.383552,24.486857],[54.383157,24.486794]],[[54.384713,24.488245],[54.385121,24.48831],[54.385171,24.488347],[54.385131,24.488391],[54.385183,24.488429],[54.385056,24.488408],[54.385027,24.488464],[54.385082,24.488488],[54.385318,24.488526],[54.38538,24.48857],[54.386047,24.488676],[54.386011,24.488771],[54.38572,24.488724],[54.385661,24.488791],[54.385434,24.488754],[54.385299,24.488656],[54.385019,24.488612],[54.385084,24.488536],[54.385002,24.488478],[54.384677,24.488426],[54.384785,24.4883],[54.384713,24.488245]]]}},{"type":"Feature","properties":{},"geometry":{"type":"Polygon","coordinates":[[[54.382733,24.504657],[54.382743,24.50478],[54.383138,24.504844],[54.383214,24.504839],[54.383204,24.504716],[54.382809,24.504652],[54.382733,24.504657]]]}},{"type":"Feature","properties":{},"geometry":{"type":"Polygon","coordinates":[[[54.382846,24.508246],[54.382867,24.50828],[54.383263,24.508343],[54.383316,24.508316],[54.383295,24.508283],[54.3829,24.508219],[54.382846,24.508246]]]}},{"type":"Feature","properties":{},"geometry":{"type":"Polygon","coordinates":[[[54.385353,24.510996],[54.384659,24.510457],[54.382681,24.51014],[54.3823,24.510555],[54.382603,24.510793],[54.381894,24.510679],[54.381509,24.511102],[54.382367,24.511768],[54.384345,24.512085],[54.384729,24.51166],[54.38426,24.511296],[54.384962,24.511409],[54.385353,24.510996]]]}},{"type":"Feature","properties":{},"geometry":{"type":"Polygon","coordinates":[[[54.384829,24.484294],[54.38489,24.484231],[54.384874,24.484217],[54.384899,24.484192],[54.384866,24.484166],[54.384471,24.484102],[54.384385,24.484192],[54.384434,24.484231],[54.384829,24.484294]]]}},{"type":"Feature","properties":{},"geometry":{"type":"Polygon","coordinates":[[[54.385867,24.485283],[54.385729,24.485169],[54.38441,24.484958],[54.384305,24.485063],[54.384321,24.485075],[54.384274,24.485122],[54.384254,24.485119],[54.38413,24.485244],[54.384142,24.485253],[54.384101,24.485298],[54.38408,24.485295],[54.383967,24.485404],[54.384108,24.485521],[54.384223,24.48554],[54.384162,24.4856],[54.383833,24.485548],[54.38357,24.48582],[54.383925,24.486112],[54.384094,24.486139],[54.384032,24.486202],[54.384391,24.486495],[54.385709,24.486706],[54.385797,24.486616],[54.386861,24.486786],[54.38704,24.486614],[54.386857,24.486456],[54.386801,24.486447],[54.38682,24.486428],[54.38677,24.486388],[54.386674,24.486373],[54.38665,24.486349],[54.386409,24.486311],[54.386458,24.486262],[54.386101,24.485972],[54.38598,24.485952],[54.386024,24.485906],[54.385676,24.485615],[54.385479,24.485578],[54.385523,24.485536],[54.385553,24.485541],[54.385678,24.485413],[54.385659,24.485398],[54.385681,24.485375],[54.385762,24.485388],[54.385867,24.485283]]]}},{"type":"Feature","properties":{},"geometry":{"type":"Polygon","coordinates":[[[54.384933,24.492658],[54.384948,24.492637],[54.384854,24.49258],[54.384458,24.492517],[54.384427,24.49256],[54.384534,24.492619],[54.384675,24.492747],[54.384776,24.492763],[54.384751,24.492798],[54.38486,24.492864],[54.385256,24.492927],[54.385303,24.492862],[54.385193,24.492797],[54.385099,24.492782],[54.385126,24.492754],[54.385051,24.492692],[54.384974,24.49268],[54.384933,24.492658]]]}},{"type":"Feature","properties":{},"geometry":{"type":"Polygon","coordinates":[[[54.384547,24.493044],[54.383918,24.492943],[54.383885,24.493112],[54.384514,24.493213],[54.384547,24.493044]]]}},{"type":"Feature","properties":{},"geometry":{"type":"Polygon","coordinates":[[[54.384886,24.49721],[54.384817,24.497165],[54.384421,24.497102],[54.384347,24.497196],[54.384416,24.497242],[54.384812,24.497305],[54.384886,24.49721]]]}},{"type":"Feature","properties":{},"geometry":{"type":"Polygon","coordinates":[[[54.383321,24.50491],[54.385299,24.505226],[54.385601,24.505223],[54.3856,24.505169],[54.385683,24.505169],[54.385674,24.504315],[54.38559,24.504301],[54.385588,24.504069],[54.38361,24.503752],[54.38347,24.503754],[54.383477,24.50435],[54.383302,24.504345],[54.383303,24.504399],[54.383478,24.504427],[54.383478,24.504444],[54.383437,24.504445],[54.383437,24.504477],[54.383408,24.504477],[54.383408,24.504506],[54.383317,24.504507],[54.383321,24.50491]]]}},{"type":"Feature","properties":{},"geometry":{"type":"Polygon","coordinates":[[[54.38669,24.482051],[54.386699,24.482115],[54.387094,24.482178],[54.387294,24.482153],[54.387289,24.482091],[54.386893,24.482028],[54.38669,24.482051]]]}},{"type":"Feature","properties":{},"geometry":{"type":"Polygon","coordinates":[[[54.390335,24.482511],[54.390204,24.482452],[54.389809,24.482389],[54.389772,24.482455],[54.389903,24.482514],[54.390298,24.482578],[54.390335,24.482511]]]}},{"type":"Feature","properties":{},"geometry":{"type":"Polygon","coordinates":[[[54.390458,24.482887],[54.390393,24.482818],[54.389997,24.482755],[54.389907,24.482825],[54.389972,24.482894],[54.390368,24.482957],[54.390458,24.482887]]]}},{"type":"Feature","properties":{},"geometry":{"type":"Polygon","coordinates":[[[54.389577,24.482926],[54.389181,24.482643],[54.387203,24.482327],[54.386697,24.482936],[54.387087,24.483209],[54.389065,24.483526],[54.389577,24.482926]]]}},{"type":"Feature","properties":{},"geometry":{"type":"Polygon","coordinates":[[[54.388315,24.485176],[54.387919,24.485113],[54.387843,24.485182],[54.387894,24.485229],[54.388289,24.485292],[54.388366,24.485222],[54.388315,24.485176]]]}},{"type":"Feature","properties":{},"geometry":{"type":"Polygon","coordinates":[[[54.390054,24.485808],[54.39001,24.485763],[54.390088,24.4857],[54.38998,24.485588],[54.389584,24.485525],[54.389443,24.485639],[54.389596,24.485795],[54.389991,24.485859],[54.390054,24.485808]]]}},{"type":"Feature","properties":{},"geometry":{"type":"Polygon","coordinates":[[[54.387806,24.486807],[54.38776,24.486773],[54.387364,24.48671],[54.387265,24.486819],[54.387313,24.486855],[54.387401,24.48687],[54.38738,24.486892],[54.387469,24.486958],[54.387865,24.487021],[54.387934,24.486945],[54.387845,24.48688],[54.387755,24.486865],[54.387806,24.486807]]]}},{"type":"Feature","properties":{},"geometry":{"type":"Polygon","coordinates":[[[54.388948,24.488063],[54.388925,24.487908],[54.389079,24.487737],[54.389242,24.487728],[54.389231,24.487598],[54.388976,24.487557],[54.388881,24.487481],[54.388921,24.487443],[54.388832,24.487371],[54.38686,24.487056],[54.386807,24.48704],[54.386835,24.486916],[54.385113,24.486646],[54.385057,24.486927],[54.386376,24.487138],[54.386425,24.487174],[54.386707,24.487219],[54.386515,24.487435],[54.386613,24.487512],[54.386728,24.48753],[54.386809,24.48759],[54.386827,24.48776],[54.388805,24.488077],[54.388948,24.488063]]]}},{"type":"Feature","properties":{},"geometry":{"type":"Polygon","coordinates":[[[54.386897,24.490079],[54.387358,24.490145],[54.38736,24.490102],[54.3869,24.490036],[54.386897,24.490079]]]}},{"type":"Feature","properties":{},"geometry":{"type":"Polygon","coordinates":[[[54.386835,24.490257],[54.387058,24.490415],[54.387453,24.490478],[54.387573,24.49034],[54.387351,24.49018],[54.386955,24.490116],[54.386835,24.490257]]]}},{"type":"Feature","properties":{},"geometry":{"type":"Polygon","coordinates":[[[54.388894,24.494005],[54.388889,24.493967],[54.388493,24.493904],[54.38838,24.493917],[54.388385,24.493955],[54.38878,24.494018],[54.388894,24.494005]]]}},{"type":"Feature","properties":{},"geometry":{"type":"Polygon","coordinates":[[[54.390265,24.496031],[54.390147,24.496033],[54.390156,24.496107],[54.390174,24.49611],[54.390195,24.496284],[54.388325,24.495985],[54.387574,24.496068],[54.387604,24.496293],[54.38694,24.496187],[54.386709,24.496212],[54.386851,24.497281],[54.38657,24.497309],[54.386579,24.497389],[54.38654,24.497392],[54.386584,24.497755],[54.386625,24.497761],[54.386643,24.497912],[54.386615,24.497915],[54.386626,24.498009],[54.386668,24.498016],[54.38671,24.49836],[54.386674,24.498363],[54.386683,24.498432],[54.386732,24.49844],[54.386772,24.498766],[54.387102,24.498819],[54.387474,24.498781],[54.387457,24.498643],[54.387832,24.498703],[54.38807,24.498679],[54.388047,24.498479],[54.388333,24.498524],[54.388632,24.498502],[54.388889,24.498544],[54.389526,24.49848],[54.389938,24.498546],[54.389941,24.498568],[54.393541,24.499144],[54.393621,24.499665],[54.39544,24.499956],[54.395447,24.499997],[54.395843,24.500061],[54.395958,24.500044],[54.39594,24.499944],[54.397348,24.499788],[54.397245,24.499036],[54.397359,24.49903],[54.397327,24.498812],[54.396951,24.498686],[54.396523,24.498618],[54.396525,24.498582],[54.396129,24.498519],[54.396073,24.498517],[54.396072,24.498546],[54.391505,24.497815],[54.391486,24.497825],[54.391453,24.497562],[54.390944,24.497481],[54.390938,24.49743],[54.390912,24.497425],[54.390904,24.497353],[54.388649,24.496995],[54.387862,24.497071],[54.387825,24.496786],[54.389644,24.497077],[54.390395,24.496994],[54.390313,24.496381],[54.392183,24.49668],[54.392367,24.496661],[54.392354,24.496555],[54.392426,24.496548],[54.392412,24.496432],[54.392605,24.496412],[54.392554,24.495993],[54.390576,24.495677],[54.390226,24.495712],[54.390227,24.495726],[54.390109,24.495729],[54.390113,24.495835],[54.389935,24.495807],[54.389841,24.495821],[54.389862,24.495928],[54.390257,24.495991],[54.390265,24.496031]],[[54.391531,24.498184],[54.394188,24.498609],[54.394103,24.498615],[54.391534,24.498204],[54.391531,24.498184]]]}},{"type":"Feature","properties":{},"geometry":{"type":"Polygon","coordinates":[[[54.388159,24.495814],[54.388234,24.495826],[54.388239,24.495869],[54.388635,24.495932],[54.388892,24.495907],[54.38888,24.49581],[54.388797,24.495797],[54.388794,24.495773],[54.388296,24.49569],[54.388146,24.495705],[54.388159,24.495814]]]}},{"type":"Feature","properties":{},"geometry":{"type":"Polygon","coordinates":[[[54.386817,24.498866],[54.386647,24.498885],[54.386653,24.498939],[54.387049,24.499002],[54.387217,24.498984],[54.387212,24.498929],[54.386817,24.498866]]]}},{"type":"Feature","properties":{},"geometry":{"type":"Polygon","coordinates":[[[54.386775,24.499375],[54.386768,24.499506],[54.386877,24.499783],[54.386944,24.499887],[54.387235,24.500209],[54.387459,24.500387],[54.387532,24.500461],[54.388096,24.500864],[54.387919,24.500905],[54.388012,24.50105],[54.388047,24.501141],[54.388237,24.501171],[54.38828,24.501518],[54.388112,24.501492],[54.38812,24.501571],[54.388053,24.501752],[54.388155,24.501768],[54.388134,24.501871],[54.387952,24.502067],[54.387908,24.50206],[54.387837,24.502137],[54.387874,24.502161],[54.387597,24.502492],[54.387628,24.502524],[54.387613,24.502521],[54.387477,24.502822],[54.387584,24.502858],[54.387665,24.503036],[54.387577,24.503046],[54.387576,24.503105],[54.387363,24.503126],[54.387339,24.50325],[54.387673,24.503304],[54.387675,24.503391],[54.392062,24.504093],[54.392065,24.504132],[54.39219,24.504152],[54.392199,24.504235],[54.39209,24.504227],[54.392098,24.504395],[54.39222,24.504415],[54.392222,24.504432],[54.392454,24.504469],[54.392177,24.504496],[54.39221,24.504771],[54.392512,24.504819],[54.392452,24.504825],[54.392461,24.504896],[54.392228,24.504858],[54.392173,24.504863],[54.392181,24.504943],[54.392472,24.504989],[54.392482,24.505074],[54.392877,24.505137],[54.392988,24.505126],[54.39296,24.504891],[54.393529,24.504982],[54.393972,24.504938],[54.393939,24.504663],[54.393646,24.504616],[54.393591,24.504128],[54.392966,24.504028],[54.392956,24.503961],[54.39298,24.503953],[54.392881,24.503875],[54.39295,24.503874],[54.392949,24.503825],[54.392554,24.503762],[54.39224,24.50373],[54.389479,24.503288],[54.39045,24.503187],[54.39044,24.503105],[54.391131,24.503216],[54.391882,24.503152],[54.391853,24.502884],[54.392751,24.503028],[54.393384,24.50297],[54.393371,24.502857],[54.393406,24.502854],[54.393393,24.502733],[54.393364,24.502728],[54.393354,24.502641],[54.394632,24.502846],[54.394771,24.502835],[54.394767,24.502796],[54.394893,24.502786],[54.394847,24.502288],[54.392053,24.501841],[54.39198,24.501238],[54.39445,24.501633],[54.39461,24.501616],[54.394606,24.501583],[54.394738,24.50157],[54.394677,24.501067],[54.391905,24.500618],[54.391902,24.500589],[54.39233,24.500549],[54.392253,24.500487],[54.392154,24.500365],[54.392081,24.500352],[54.392083,24.500308],[54.391864,24.500273],[54.391705,24.498959],[54.39098,24.498843],[54.389877,24.498968],[54.389968,24.499683],[54.389952,24.499684],[54.389897,24.499164],[54.389403,24.499085],[54.388005,24.4992],[54.388018,24.499322],[54.387727,24.499275],[54.386775,24.499375]],[[54.388614,24.502926],[54.388627,24.502908],[54.388673,24.502915],[54.388698,24.502887],[54.388734,24.503169],[54.388695,24.503163],[54.388592,24.502922],[54.388614,24.502926]]]}},{"type":"Feature","properties":{},"geometry":{"type":"Polygon","coordinates":[[[54.388444,24.503653],[54.388048,24.50359],[54.387984,24.503605],[54.387995,24.503646],[54.388391,24.503709],[54.388455,24.503695],[54.388444,24.503653]]]}},{"type":"Feature","properties":{},"geometry":{"type":"Polygon","coordinates":[[[54.387362,24.50404],[54.38737,24.504086],[54.387766,24.50415],[54.387953,24.504161],[54.387949,24.504081],[54.387915,24.504075],[54.387915,24.504033],[54.387519,24.503969],[54.3874,24.503984],[54.387407,24.504026],[54.387491,24.504047],[54.387362,24.50404]]]}},{"type":"Feature","properties":{},"geometry":{"type":"Polygon","coordinates":[[[54.389658,24.505614],[54.389828,24.505642],[54.389842,24.505811],[54.39116,24.506022],[54.391375,24.506008],[54.391312,24.505416],[54.389993,24.505205],[54.389795,24.505218],[54.389805,24.505344],[54.389699,24.505341],[54.389702,24.50538],[54.38964,24.505384],[54.389658,24.505614]]]}},{"type":"Feature","properties":{},"geometry":{"type":"Polygon","coordinates":[[[54.389647,24.507118],[54.389644,24.507084],[54.389248,24.507021],[54.389152,24.507028],[54.389156,24.507062],[54.389551,24.507125],[54.389647,24.507118]]]}},{"type":"Feature","properties":{},"geometry":{"type":"Polygon","coordinates":[[[54.391399,24.482958],[54.391378,24.482994],[54.391056,24.482942],[54.390997,24.483025],[54.391238,24.483168],[54.391286,24.483175],[54.391503,24.483283],[54.392821,24.483493],[54.392898,24.483371],[54.392848,24.483346],[54.392856,24.483331],[54.392829,24.483317],[54.392871,24.483243],[54.392852,24.483234],[54.392874,24.483199],[54.392986,24.483214],[54.393061,24.483094],[54.392828,24.48298],[54.391723,24.482804],[54.39159,24.482744],[54.391537,24.482735],[54.391544,24.482723],[54.391337,24.482628],[54.391104,24.482591],[54.391113,24.482535],[54.39058,24.482459],[54.390563,24.482582],[54.390902,24.482636],[54.390861,24.482709],[54.390518,24.482654],[54.390461,24.482735],[54.39071,24.482873],[54.391106,24.482936],[54.391141,24.482885],[54.391195,24.482925],[54.391399,24.482958]]]}},{"type":"Feature","properties":{},"geometry":{"type":"Polygon","coordinates":[[[54.39124,24.483714],[54.391186,24.48376],[54.391324,24.483896],[54.39172,24.483959],[54.391807,24.483883],[54.391711,24.483789],[54.392539,24.483922],[54.392619,24.48383],[54.392574,24.483794],[54.392643,24.483805],[54.392726,24.483709],[54.392542,24.483569],[54.392007,24.483483],[54.391927,24.48345],[54.391532,24.483387],[54.391522,24.483406],[54.391224,24.483358],[54.391015,24.483564],[54.39124,24.483714]]]}},{"type":"Feature","properties":{},"geometry":{"type":"Polygon","coordinates":[[[54.39068,24.484447],[54.390799,24.484563],[54.391194,24.484626],[54.391286,24.484548],[54.391167,24.484432],[54.390771,24.484369],[54.39068,24.484447]]]}},{"type":"Feature","properties":{},"geometry":{"type":"Polygon","coordinates":[[[54.394793,24.488419],[54.399442,24.489162],[54.399495,24.489119],[54.399616,24.489138],[54.399648,24.489112],[54.400196,24.489399],[54.400966,24.489714],[54.401757,24.489883],[54.403735,24.490199],[54.404578,24.490259],[54.404858,24.489912],[54.404603,24.488452],[54.404178,24.488384],[54.403751,24.488298],[54.403122,24.488081],[54.402089,24.48762],[54.401583,24.487291],[54.402732,24.487475],[54.402844,24.487433],[54.403185,24.486679],[54.402721,24.48644],[54.400743,24.486123],[54.400631,24.486302],[54.40032,24.486616],[54.400248,24.486707],[54.398968,24.486502],[54.397948,24.487617],[54.395256,24.487186],[54.395144,24.487174],[54.395019,24.487192],[54.39497,24.487235],[54.395012,24.487275],[54.394887,24.487386],[54.39462,24.487343],[54.394588,24.487369],[54.394555,24.487364],[54.394369,24.487515],[54.394485,24.487634],[54.394275,24.4876],[54.394095,24.487756],[54.394113,24.487773],[54.394066,24.487813],[54.394198,24.487939],[54.394521,24.488303],[54.39471,24.488333],[54.394793,24.488419]],[[54.397014,24.488205],[54.396787,24.487878],[54.398037,24.488078],[54.398529,24.488447],[54.397014,24.488205]]]}},{"type":"Feature","properties":{},"geometry":{"type":"Polygon","coordinates":[[[54.392839,24.489252],[54.392886,24.489319],[54.39338,24.489398],[54.393568,24.489323],[54.393766,24.489354],[54.394297,24.489285],[54.394291,24.489245],[54.394389,24.48926],[54.394398,24.489338],[54.398914,24.49006],[54.399101,24.490041],[54.399088,24.489928],[54.39918,24.489919],[54.399138,24.489565],[54.399033,24.489549],[54.399025,24.489477],[54.394508,24.488755],[54.394327,24.488773],[54.394339,24.488873],[54.39419,24.488888],[54.394196,24.488941],[54.39375,24.488869],[54.393526,24.488899],[54.393505,24.488801],[54.393518,24.488737],[54.393551,24.48868],[54.3936,24.488633],[54.393676,24.488597],[54.394202,24.488551],[54.394144,24.487996],[54.393649,24.487917],[54.392872,24.487985],[54.392909,24.488341],[54.392703,24.488596],[54.392314,24.488534],[54.392297,24.488618],[54.392215,24.488605],[54.392125,24.48894],[54.392488,24.488998],[54.392656,24.489084],[54.392839,24.489252]]]}},{"type":"Feature","properties":{},"geometry":{"type":"Polygon","coordinates":[[[54.39257,24.490997],[54.393064,24.491076],[54.393184,24.491061],[54.393301,24.49113],[54.393744,24.491206],[54.393727,24.491228],[54.392869,24.491091],[54.392169,24.491164],[54.39221,24.49149],[54.392677,24.491565],[54.39246,24.491593],[54.392547,24.492146],[54.393988,24.492377],[54.394047,24.492419],[54.39416,24.492437],[54.394184,24.492454],[54.399261,24.493266],[54.399362,24.493149],[54.399267,24.493081],[54.39931,24.493032],[54.39923,24.492974],[54.399429,24.493006],[54.399469,24.492956],[54.399598,24.492977],[54.399673,24.492883],[54.399598,24.492834],[54.399661,24.492753],[54.399508,24.492652],[54.399037,24.492577],[54.399028,24.492511],[54.399978,24.492663],[54.40008,24.492547],[54.399985,24.492478],[54.400028,24.492429],[54.399778,24.492249],[54.399051,24.492133],[54.399038,24.492036],[54.400232,24.492227],[54.400333,24.49211],[54.400238,24.492042],[54.400281,24.491993],[54.400032,24.491813],[54.395186,24.491038],[54.395007,24.491243],[54.395249,24.491417],[54.395362,24.491435],[54.395386,24.491452],[54.398511,24.491952],[54.398524,24.492049],[54.394932,24.491475],[54.394865,24.491551],[54.394847,24.491407],[54.394613,24.49137],[54.395317,24.490525],[54.395146,24.490412],[54.394882,24.49037],[54.394655,24.490384],[54.394497,24.490409],[54.394447,24.490429],[54.394472,24.490397],[54.394401,24.489981],[54.394469,24.489992],[54.394481,24.490096],[54.398998,24.490818],[54.399185,24.4908],[54.399169,24.490655],[54.399261,24.490646],[54.39922,24.490295],[54.399116,24.490278],[54.399108,24.490206],[54.394592,24.489484],[54.39441,24.489501],[54.394421,24.489601],[54.394271,24.489615],[54.394302,24.489879],[54.393891,24.489814],[54.393822,24.48982],[54.393731,24.489769],[54.393237,24.48969],[54.392995,24.489698],[54.392899,24.490086],[54.392856,24.490178],[54.392767,24.490287],[54.392729,24.490281],[54.392598,24.490361],[54.392349,24.490475],[54.392143,24.490511],[54.392026,24.490511],[54.391736,24.490465],[54.391721,24.490502],[54.391735,24.490577],[54.3917,24.4906],[54.391651,24.49071],[54.391724,24.490779],[54.391942,24.490822],[54.392303,24.490933],[54.392558,24.490974],[54.39257,24.490997]],[[54.398483,24.492488],[54.398473,24.492423],[54.398553,24.492435],[54.398562,24.492501],[54.398483,24.492488]],[[54.394803,24.491623],[54.394754,24.49168],[54.394995,24.491853],[54.395124,24.491882],[54.394468,24.491777],[54.39448,24.491776],[54.394466,24.491659],[54.394803,24.491623]],[[54.394206,24.490645],[54.394184,24.490633],[54.394218,24.490631],[54.394206,24.490645]]]}},{"type":"Feature","properties":{},"geometry":{"type":"Polygon","coordinates":[[[54.391088,24.492931],[54.390982,24.492834],[54.390587,24.492771],[54.390399,24.492942],[54.390505,24.493039],[54.390901,24.493102],[54.391088,24.492931]]]}},{"type":"Feature","properties":{},"geometry":{"type":"Polygon","coordinates":[[[54.398445,24.493302],[54.392808,24.492401],[54.392226,24.492479],[54.392288,24.492864],[54.397926,24.493766],[54.398507,24.493688],[54.398445,24.493302]]]}},{"type":"Feature","properties":{},"geometry":{"type":"Polygon","coordinates":[[[54.394833,24.494652],[54.393515,24.494441],[54.393367,24.494459],[54.393371,24.494483],[54.39331,24.49449],[54.393345,24.49473],[54.394663,24.494941],[54.394932,24.494909],[54.394901,24.494693],[54.394838,24.494683],[54.394833,24.494652]]]}},{"type":"Feature","properties":{},"geometry":{"type":"Polygon","coordinates":[[[54.392741,24.49608],[54.394719,24.496397],[54.394775,24.496354],[54.395471,24.496285],[54.395717,24.496325],[54.395842,24.49631],[54.396047,24.496128],[54.396263,24.496103],[54.396178,24.495493],[54.3942,24.495176],[54.393632,24.495242],[54.393644,24.495327],[54.393572,24.495316],[54.392676,24.495443],[54.392741,24.49608]]]}},{"type":"Feature","properties":{},"geometry":{"type":"Polygon","coordinates":[[[54.392059,24.497076],[54.392057,24.497037],[54.391661,24.496974],[54.391541,24.496979],[54.391542,24.496994],[54.391422,24.496985],[54.391421,24.497019],[54.391816,24.497082],[54.392059,24.497076]]]}},{"type":"Feature","properties":{},"geometry":{"type":"Polygon","coordinates":[[[54.391704,24.497142],[54.392011,24.497191],[54.392065,24.497181],[54.392057,24.497144],[54.391662,24.49708],[54.391607,24.49709],[54.39161,24.4971],[54.391309,24.497052],[54.391186,24.49705],[54.391184,24.497144],[54.391579,24.497208],[54.391699,24.497209],[54.391704,24.497142]]]}},{"type":"Feature","properties":{},"geometry":{"type":"Polygon","coordinates":[[[54.391232,24.497178],[54.39123,24.497241],[54.391626,24.497304],[54.391738,24.497307],[54.39174,24.497244],[54.391345,24.497181],[54.391232,24.497178]]]}},{"type":"Feature","properties":{},"geometry":{"type":"Polygon","coordinates":[[[54.39652,24.497138],[54.394542,24.496821],[54.39431,24.497106],[54.39439,24.49739],[54.394641,24.497508],[54.396619,24.497824],[54.396747,24.497759],[54.396863,24.497664],[54.396852,24.49759],[54.396896,24.497527],[54.396975,24.497489],[54.397008,24.49743],[54.39652,24.497138]]]}},{"type":"Feature","properties":{},"geometry":{"type":"Polygon","coordinates":[[[54.395241,24.500009],[54.395264,24.500113],[54.39566,24.500176],[54.395692,24.50017],[54.395669,24.500066],[54.395273,24.500002],[54.395241,24.500009]]]}},{"type":"Feature","properties":{},"geometry":{"type":"Polygon","coordinates":[[[54.397608,24.501637],[54.397466,24.500788],[54.395488,24.500472],[54.39533,24.500494],[54.395312,24.500393],[54.394916,24.50033],[54.394869,24.500337],[54.39489,24.500451],[54.395239,24.500507],[54.394922,24.50055],[54.395064,24.501399],[54.397042,24.501715],[54.397608,24.501637]]]}},{"type":"Feature","properties":{},"geometry":{"type":"Polygon","coordinates":[[[54.395661,24.501895],[54.395658,24.501997],[54.396054,24.502061],[54.396139,24.502063],[54.396143,24.50196],[54.395747,24.501897],[54.395661,24.501895]]]}},{"type":"Feature","properties":{},"geometry":{"type":"Polygon","coordinates":[[[54.392587,24.503733],[54.392579,24.503684],[54.392183,24.503621],[54.392091,24.503633],[54.392099,24.503682],[54.392495,24.503746],[54.392587,24.503733]]]}},{"type":"Feature","properties":{},"geometry":{"type":"Polygon","coordinates":[[[54.392558,24.505648],[54.393877,24.505859],[54.394091,24.505847],[54.394056,24.505347],[54.392431,24.505081],[54.392319,24.505083],[54.39232,24.505112],[54.392208,24.505104],[54.392211,24.505213],[54.39253,24.505264],[54.392558,24.505648]]]}},{"type":"Feature","properties":{},"geometry":{"type":"Polygon","coordinates":[[[54.392396,24.507022],[54.392463,24.507009],[54.392451,24.50696],[54.392494,24.506951],[54.392483,24.506909],[54.391859,24.506801],[54.39177,24.50681],[54.391776,24.506856],[54.391983,24.506889],[54.391987,24.506904],[54.39188,24.506896],[54.391888,24.506957],[54.392396,24.507022]]]}},{"type":"Feature","properties":{},"geometry":{"type":"Polygon","coordinates":[[[54.392908,24.507193],[54.392911,24.507214],[54.393307,24.507277],[54.393384,24.507269],[54.393875,24.507348],[54.39406,24.507336],[54.394034,24.506994],[54.392715,24.506783],[54.39253,24.506794],[54.392556,24.507137],[54.392908,24.507193]]]}},{"type":"Feature","properties":{},"geometry":{"type":"Polygon","coordinates":[[[54.391816,24.507144],[54.392211,24.507207],[54.392337,24.507205],[54.392336,24.507116],[54.39194,24.507053],[54.391814,24.507055],[54.391816,24.507144]]]}},{"type":"Feature","properties":{},"geometry":{"type":"Polygon","coordinates":[[[54.393263,24.507677],[54.393253,24.507538],[54.391934,24.507327],[54.391531,24.507352],[54.391541,24.507488],[54.39118,24.507431],[54.391047,24.507429],[54.391046,24.50751],[54.391442,24.507573],[54.391575,24.507574],[54.391576,24.507496],[54.39286,24.507701],[54.393263,24.507677]]]}},{"type":"Feature","properties":{},"geometry":{"type":"Polygon","coordinates":[[[54.393611,24.508797],[54.393613,24.508763],[54.393217,24.5087],[54.39297,24.508709],[54.39297,24.508739],[54.393366,24.508802],[54.393611,24.508797]]]}},{"type":"Feature","properties":{},"geometry":{"type":"Polygon","coordinates":[[[54.393317,24.509272],[54.393419,24.509419],[54.393334,24.509406],[54.393287,24.509433],[54.393324,24.509485],[54.393096,24.509587],[54.393144,24.509669],[54.393222,24.509681],[54.393255,24.509734],[54.393021,24.509696],[54.392992,24.509738],[54.393063,24.509778],[54.393459,24.509841],[54.393475,24.509817],[54.395266,24.510104],[54.395603,24.509932],[54.395591,24.509913],[54.395773,24.50982],[54.395541,24.509442],[54.394053,24.509204],[54.394051,24.509157],[54.393655,24.509094],[54.393604,24.509096],[54.393606,24.509132],[54.393563,24.509125],[54.393369,24.509224],[54.393383,24.509248],[54.393317,24.509272]]]}},{"type":"Feature","properties":{},"geometry":{"type":"Polygon","coordinates":[[[54.394236,24.510228],[54.394253,24.510242],[54.394648,24.510305],[54.394746,24.510209],[54.394686,24.510158],[54.394452,24.510121],[54.39459,24.510061],[54.394559,24.510001],[54.394163,24.509938],[54.394076,24.509976],[54.393911,24.50995],[54.393869,24.509955],[54.393874,24.509991],[54.393996,24.51001],[54.393848,24.510074],[54.39387,24.510116],[54.393823,24.510109],[54.393764,24.510129],[54.393786,24.510183],[54.394182,24.510246],[54.394236,24.510228]]]}},{"type":"Feature","properties":{},"geometry":{"type":"Polygon","coordinates":[[[54.40624,24.48044],[54.406226,24.480438],[54.406154,24.480496],[54.406143,24.480478],[54.405748,24.480415],[54.405672,24.480452],[54.405699,24.480497],[54.406095,24.48056],[54.406119,24.480548],[54.406136,24.480569],[54.406196,24.480578],[54.406214,24.480596],[54.406304,24.480611],[54.406396,24.480702],[54.405173,24.48051],[54.405075,24.480581],[54.404982,24.480566],[54.404751,24.480736],[54.404947,24.480958],[54.406925,24.481274],[54.407088,24.48117],[54.407107,24.481173],[54.407217,24.481093],[54.4072,24.481074],[54.407367,24.4811],[54.407486,24.481013],[54.407379,24.480892],[54.407755,24.480952],[54.407901,24.480829],[54.407716,24.480647],[54.407651,24.480637],[54.407609,24.480595],[54.406867,24.480477],[54.406874,24.480466],[54.406862,24.480459],[54.407883,24.480622],[54.408301,24.480411],[54.408233,24.480303],[54.408408,24.480211],[54.408351,24.480122],[54.408243,24.480104],[54.408154,24.479964],[54.406176,24.479648],[54.405927,24.479779],[54.405983,24.479867],[54.405776,24.479976],[54.405813,24.480035],[54.405737,24.480075],[54.4058,24.480173],[54.405823,24.480177],[54.405905,24.480306],[54.406315,24.480371],[54.406233,24.480433],[54.40624,24.48044]]]}},{"type":"Feature","properties":{},"geometry":{"type":"Polygon","coordinates":[[[54.405697,24.48194],[54.405398,24.481892],[54.40529,24.481997],[54.405261,24.482119],[54.405287,24.48226],[54.405336,24.482344],[54.405372,24.48235],[54.405417,24.48244],[54.406285,24.482578],[54.406107,24.48267],[54.406143,24.482727],[54.406498,24.482784],[54.406708,24.483103],[54.408026,24.483314],[54.408202,24.483218],[54.407958,24.482846],[54.408384,24.482914],[54.408612,24.482801],[54.409308,24.482912],[54.409312,24.483001],[54.409707,24.483064],[54.409803,24.483061],[54.4098,24.482991],[54.410712,24.483137],[54.410902,24.483065],[54.410944,24.482934],[54.410545,24.48249],[54.409383,24.482304],[54.409422,24.482279],[54.409211,24.481991],[54.409145,24.48188],[54.406303,24.481426],[54.40626,24.481352],[54.404282,24.481036],[54.403673,24.48131],[54.403917,24.481584],[54.405601,24.481854],[54.405697,24.48194]]]}},{"type":"Feature","properties":{},"geometry":{"type":"Polygon","coordinates":[[[54.403095,24.483396],[54.403754,24.483501],[54.40368,24.483284],[54.403914,24.483152],[54.403738,24.482812],[54.403413,24.482375],[54.402754,24.48227],[54.402696,24.482293],[54.402291,24.482238],[54.401421,24.483154],[54.401422,24.483271],[54.401463,24.483334],[54.401638,24.483375],[54.402297,24.48348],[54.402495,24.483395],[54.40281,24.48331],[54.402849,24.483311],[54.403095,24.483396]]]}},{"type":"Feature","properties":{},"geometry":{"type":"Polygon","coordinates":[[[54.405126,24.483265],[54.405318,24.483913],[54.404939,24.484017],[54.404994,24.484359],[54.406971,24.484675],[54.40768,24.484686],[54.407681,24.484168],[54.407433,24.483449],[54.405455,24.483133],[54.405126,24.483265]]]}},{"type":"Feature","properties":{},"geometry":{"type":"Polygon","coordinates":[[[54.406345,24.48559],[54.40645,24.485346],[54.40652,24.485126],[54.406519,24.485017],[54.408882,24.485394],[54.408934,24.485231],[54.409582,24.485334],[54.409423,24.4854],[54.409337,24.485483],[54.4093,24.485577],[54.4093,24.485621],[54.409001,24.485574],[54.408922,24.485635],[54.408952,24.485667],[54.40766,24.48546],[54.407732,24.48539],[54.407657,24.485327],[54.407262,24.485263],[54.406967,24.48555],[54.407018,24.485594],[54.406754,24.485552],[54.406713,24.485613],[54.406818,24.485672],[54.407214,24.485735],[54.407255,24.485674],[54.407191,24.485637],[54.407423,24.485675],[54.407461,24.48569],[54.407698,24.485879],[54.409808,24.486216],[54.409895,24.486126],[54.410218,24.486178],[54.410504,24.486668],[54.411361,24.486805],[54.41172,24.486637],[54.41122,24.485756],[54.411259,24.48573],[54.41127,24.485657],[54.411261,24.485605],[54.411245,24.485583],[54.411107,24.485561],[54.411219,24.485559],[54.411261,24.485532],[54.411291,24.485459],[54.411835,24.485241],[54.411661,24.484923],[54.410926,24.484805],[54.410903,24.484777],[54.408793,24.48444],[54.408584,24.484581],[54.408804,24.484852],[54.408334,24.484777],[54.408206,24.484873],[54.405743,24.48448],[54.405017,24.484393],[54.404974,24.484584],[54.40454,24.484515],[54.403751,24.484451],[54.40362,24.484898],[54.403526,24.485074],[54.40334,24.485265],[54.403951,24.4858],[54.405929,24.486117],[54.406125,24.485925],[54.406345,24.48559]]]}},{"type":"Feature","properties":{},"geometry":{"type":"Polygon","coordinates":[[[54.405012,24.486418],[54.403971,24.486254],[54.403234,24.486607],[54.403444,24.48716],[54.403478,24.487193],[54.404519,24.487365],[54.404756,24.487281],[54.40511,24.487091],[54.405378,24.486894],[54.405406,24.486855],[54.405397,24.486807],[54.405012,24.486418]]]}},{"type":"Feature","properties":{},"geometry":{"type":"Polygon","coordinates":[[[54.406497,24.488337],[54.406776,24.488745],[54.406943,24.488772],[54.406903,24.488795],[54.407183,24.489203],[54.409161,24.489519],[54.409567,24.489289],[54.409541,24.489252],[54.409622,24.489265],[54.409998,24.489035],[54.409754,24.488672],[54.410163,24.488737],[54.410183,24.488928],[54.411408,24.489128],[54.410762,24.489025],[54.410204,24.489076],[54.410216,24.489184],[54.410633,24.489251],[54.410665,24.489531],[54.410405,24.48949],[54.410256,24.489504],[54.410326,24.49009],[54.412304,24.490406],[54.412863,24.490351],[54.412848,24.490223],[54.412424,24.490155],[54.412383,24.489806],[54.412139,24.489758],[54.414098,24.490072],[54.414145,24.489894],[54.414781,24.489996],[54.414934,24.489916],[54.414901,24.489866],[54.415114,24.489771],[54.415167,24.489652],[54.415239,24.489664],[54.415283,24.489489],[54.414633,24.489272],[54.414637,24.489219],[54.414858,24.489254],[54.415467,24.489164],[54.415423,24.488872],[54.41455,24.488732],[54.414536,24.488714],[54.414647,24.488369],[54.414854,24.488402],[54.414856,24.488478],[54.415251,24.488541],[54.415375,24.488538],[54.415371,24.488419],[54.415,24.488359],[54.415319,24.488392],[54.415714,24.48846],[54.415831,24.488459],[54.415831,24.488423],[54.415998,24.48845],[54.416092,24.488448],[54.416091,24.488399],[54.415963,24.488379],[54.415962,24.488363],[54.416047,24.488376],[54.41611,24.488375],[54.416109,24.48836],[54.416147,24.488366],[54.41615,24.488389],[54.416233,24.488402],[54.416232,24.488489],[54.416627,24.488552],[54.416922,24.488557],[54.416923,24.488521],[54.417089,24.488543],[54.417092,24.488499],[54.41667,24.488434],[54.41667,24.488424],[54.416688,24.488424],[54.416688,24.488398],[54.417119,24.488471],[54.41712,24.488432],[54.41692,24.4884],[54.416919,24.488379],[54.417046,24.488393],[54.417048,24.488359],[54.417144,24.488368],[54.417144,24.488312],[54.417104,24.488305],[54.417146,24.488304],[54.417142,24.488211],[54.417052,24.488197],[54.417064,24.488196],[54.417061,24.488105],[54.41699,24.488094],[54.41699,24.488082],[54.417062,24.488083],[54.417061,24.488034],[54.416937,24.488015],[54.416937,24.487982],[54.416654,24.487936],[54.41665,24.487864],[54.416068,24.487768],[54.416067,24.487745],[54.415671,24.487682],[54.415613,24.487685],[54.415615,24.487729],[54.415854,24.487767],[54.415853,24.487783],[54.415745,24.487766],[54.415123,24.487771],[54.415123,24.487815],[54.415187,24.487825],[54.415187,24.488213],[54.415651,24.488287],[54.415651,24.488306],[54.415472,24.488296],[54.415473,24.488319],[54.415367,24.488314],[54.415367,24.488298],[54.41504,24.488246],[54.414723,24.488075],[54.412516,24.487718],[54.412242,24.487705],[54.412244,24.487722],[54.412157,24.487708],[54.411868,24.487782],[54.411582,24.487957],[54.411414,24.48813],[54.411571,24.488241],[54.411925,24.488298],[54.412028,24.488474],[54.412014,24.488514],[54.411403,24.488416],[54.411489,24.488374],[54.411337,24.488101],[54.411209,24.48808],[54.411341,24.488006],[54.411225,24.48768],[54.409247,24.487364],[54.408884,24.487647],[54.408334,24.48801],[54.408352,24.488038],[54.408208,24.488015],[54.408237,24.48798],[54.407942,24.487766],[54.405832,24.487429],[54.405686,24.487602],[54.405983,24.487822],[54.407095,24.488],[54.406497,24.488337]]]}},{"type":"Feature","properties":{},"geometry":{"type":"Polygon","coordinates":[[[54.406961,24.490292],[54.406989,24.490373],[54.407384,24.490436],[54.40745,24.490415],[54.407416,24.490334],[54.407021,24.490271],[54.406961,24.490292]]]}},{"type":"Feature","properties":{},"geometry":{"type":"Polygon","coordinates":[[[54.40168,24.490639],[54.400362,24.490428],[54.400058,24.490467],[54.400098,24.490732],[54.401417,24.490943],[54.401721,24.490904],[54.40168,24.490639]]]}},{"type":"Feature","properties":{},"geometry":{"type":"Polygon","coordinates":[[[54.401395,24.491741],[54.401156,24.491569],[54.395387,24.490647],[54.395185,24.490879],[54.395424,24.49105],[54.401193,24.491973],[54.401395,24.491741]]]}},{"type":"Feature","properties":{},"geometry":{"type":"Polygon","coordinates":[[[54.406247,24.492254],[54.405376,24.492715],[54.405341,24.492999],[54.406116,24.493657],[54.404418,24.493385],[54.404378,24.493447],[54.404296,24.493434],[54.404047,24.493458],[54.403996,24.493547],[54.403703,24.493509],[54.403359,24.493544],[54.403368,24.493617],[54.403273,24.493627],[54.403326,24.494059],[54.403286,24.494063],[54.403322,24.494353],[54.403966,24.494456],[54.404045,24.494498],[54.406023,24.494814],[54.406144,24.494625],[54.408416,24.494988],[54.408571,24.495082],[54.408233,24.49558],[54.407388,24.49511],[54.406894,24.495031],[54.406789,24.495319],[54.40635,24.49524],[54.406305,24.495308],[54.406371,24.495344],[54.406529,24.49537],[54.406486,24.495406],[54.406596,24.495512],[54.406714,24.495531],[54.406709,24.495554],[54.406395,24.495503],[54.406312,24.495545],[54.406365,24.495633],[54.406405,24.495639],[54.406361,24.495724],[54.406469,24.49577],[54.40627,24.495738],[54.406224,24.495803],[54.406251,24.495819],[54.406651,24.495875],[54.406615,24.496077],[54.406598,24.496071],[54.406585,24.496031],[54.40619,24.495968],[54.406167,24.495971],[54.406173,24.49601],[54.406202,24.496035],[54.406604,24.496101],[54.406565,24.496169],[54.406327,24.496131],[54.406312,24.496158],[54.406385,24.496193],[54.40656,24.496221],[54.406584,24.496272],[54.406631,24.496295],[54.409308,24.496723],[54.408943,24.496886],[54.407724,24.496686],[54.407491,24.496658],[54.407489,24.496688],[54.406053,24.496458],[54.405309,24.496181],[54.404485,24.49605],[54.404158,24.496949],[54.403928,24.497053],[54.404358,24.49798],[54.405092,24.498097],[54.4051,24.498143],[54.405083,24.498159],[54.405047,24.498153],[54.404875,24.498333],[54.404851,24.498402],[54.404855,24.498473],[54.40483,24.498577],[54.404772,24.498671],[54.404698,24.498736],[54.404569,24.498791],[54.404475,24.4988],[54.404327,24.498776],[54.404234,24.498809],[54.404175,24.498847],[54.404117,24.49873],[54.404148,24.498709],[54.404125,24.498658],[54.404421,24.498542],[54.404562,24.498458],[54.404644,24.49837],[54.404667,24.498318],[54.404648,24.498286],[54.404661,24.498271],[54.404576,24.498209],[54.404515,24.498199],[54.404472,24.498175],[54.403978,24.498096],[54.403208,24.498413],[54.403016,24.498458],[54.402864,24.498563],[54.402757,24.498744],[54.40274,24.498873],[54.402759,24.498984],[54.402809,24.499041],[54.40277,24.499106],[54.402825,24.499141],[54.40285,24.499176],[54.402864,24.49922],[54.402856,24.499279],[54.403463,24.499376],[54.403448,24.499406],[54.403154,24.499593],[54.403093,24.499605],[54.40308,24.499633],[54.403087,24.499668],[54.403154,24.499754],[54.403248,24.499802],[54.403357,24.49982],[54.403476,24.499943],[54.403581,24.500013],[54.403698,24.500065],[54.403823,24.500099],[54.404118,24.500146],[54.404113,24.500183],[54.404184,24.500229],[54.40781,24.500809],[54.407926,24.500809],[54.407962,24.500794],[54.407979,24.500768],[54.407964,24.500739],[54.408167,24.500768],[54.408254,24.500732],[54.408314,24.50068],[54.408348,24.500686],[54.408429,24.500597],[54.408387,24.500575],[54.408417,24.500488],[54.408817,24.500552],[54.408822,24.500529],[54.408937,24.500541],[54.409022,24.500515],[54.409051,24.500464],[54.409049,24.500428],[54.408994,24.500356],[54.408908,24.500314],[54.408923,24.500272],[54.408834,24.500239],[54.4072,24.499974],[54.40885,24.500236],[54.408898,24.50023],[54.409258,24.500288],[54.409307,24.500276],[54.409341,24.500381],[54.409433,24.500448],[54.411591,24.500795],[54.411724,24.500793],[54.411849,24.500729],[54.411904,24.500612],[54.411953,24.500057],[54.41199,24.499826],[54.411956,24.499755],[54.411878,24.499696],[54.410508,24.499477],[54.410543,24.499351],[54.410596,24.498954],[54.409435,24.498769],[54.409318,24.498761],[54.40932,24.498674],[54.408852,24.4986],[54.408836,24.49866],[54.408874,24.498774],[54.408995,24.498794],[54.409005,24.499092],[54.40895,24.499324],[54.406986,24.499011],[54.407038,24.498783],[54.408747,24.499056],[54.408808,24.49906],[54.408883,24.499017],[54.408907,24.498956],[54.408826,24.498625],[54.408777,24.498577],[54.40706,24.498297],[54.407052,24.498222],[54.408398,24.498437],[54.408659,24.498328],[54.40846,24.497936],[54.407914,24.497849],[54.408005,24.497629],[54.409225,24.497824],[54.409331,24.497571],[54.410341,24.497733],[54.410403,24.497579],[54.410717,24.49763],[54.410624,24.497708],[54.41062,24.498096],[54.409165,24.497863],[54.40899,24.49793],[54.408992,24.498391],[54.410613,24.49865],[54.41061,24.498871],[54.410748,24.499018],[54.412726,24.499334],[54.412971,24.499345],[54.412969,24.499095],[54.413803,24.499228],[54.413921,24.499218],[54.414103,24.498989],[54.413997,24.49837],[54.41402,24.498361],[54.413788,24.497816],[54.413474,24.497702],[54.412552,24.497554],[54.412793,24.49744],[54.412648,24.49721],[54.412626,24.497207],[54.412726,24.497162],[54.412836,24.497086],[54.414501,24.497352],[54.414661,24.497358],[54.414747,24.497313],[54.414761,24.497251],[54.414719,24.497165],[54.414587,24.497044],[54.414456,24.496971],[54.414246,24.496901],[54.412889,24.496684],[54.412896,24.496667],[54.413189,24.496714],[54.413413,24.496609],[54.413252,24.496419],[54.412996,24.496378],[54.412975,24.496359],[54.410337,24.495938],[54.410046,24.496169],[54.410107,24.496239],[54.408977,24.496059],[54.408999,24.496004],[54.408626,24.495799],[54.408969,24.495294],[54.41091,24.495605],[54.411269,24.495585],[54.411612,24.495493],[54.411516,24.495312],[54.410377,24.49513],[54.410339,24.49502],[54.410354,24.494903],[54.413364,24.495384],[54.413708,24.494994],[54.413988,24.494749],[54.414484,24.494438],[54.414945,24.494289],[54.41539,24.494171],[54.415361,24.493961],[54.409532,24.493029],[54.409064,24.493135],[54.408549,24.493307],[54.407982,24.493622],[54.407631,24.493885],[54.40735,24.494217],[54.406417,24.494067],[54.406532,24.493887],[54.406505,24.493873],[54.406554,24.493785],[54.406622,24.493796],[54.406949,24.493524],[54.406442,24.493104],[54.406742,24.493151],[54.406872,24.493024],[54.406774,24.492942],[54.406528,24.492903],[54.406737,24.49271],[54.406564,24.492589],[54.406776,24.492489],[54.406669,24.492321],[54.406247,24.492254]],[[54.405375,24.497954],[54.405874,24.498034],[54.405888,24.49811],[54.4053,24.498016],[54.405375,24.497954]],[[54.40417,24.49892],[54.404155,24.498932],[54.404162,24.498911],[54.40417,24.49892]],[[54.409366,24.499982],[54.409361,24.499963],[54.409372,24.499965],[54.409366,24.499982]]]}},{"type":"Feature","properties":{},"geometry":{"type":"Polygon","coordinates":[[[54.399918,24.49302],[54.399973,24.493406],[54.401951,24.493722],[54.402682,24.493637],[54.402627,24.493251],[54.400649,24.492935],[54.399918,24.49302]]]}},{"type":"Feature","properties":{},"geometry":{"type":"Polygon","coordinates":[[[54.404069,24.498085],[54.404122,24.498105],[54.404518,24.498169],[54.404531,24.498141],[54.404478,24.49812],[54.404083,24.498057],[54.404069,24.498085]]]}},{"type":"Feature","properties":{},"geometry":{"type":"Polygon","coordinates":[[[54.395492,24.502519],[54.39747,24.502836],[54.397902,24.502777],[54.397851,24.502469],[54.395873,24.502153],[54.395441,24.502211],[54.395492,24.502519]]]}},{"type":"Feature","properties":{},"geometry":{"type":"Polygon","coordinates":[[[54.40688,24.503364],[54.406917,24.503485],[54.407313,24.503548],[54.407392,24.503531],[54.407339,24.503408],[54.406943,24.503344],[54.40688,24.503364]]]}},{"type":"Feature","properties":{},"geometry":{"type":"Polygon","coordinates":[[[54.40753,24.503743],[54.407432,24.503711],[54.407036,24.503648],[54.406985,24.503805],[54.407469,24.503892],[54.40753,24.503743]]]}},{"type":"Feature","properties":{},"geometry":{"type":"Polygon","coordinates":[[[54.406628,24.504802],[54.406601,24.504707],[54.406823,24.504743],[54.406919,24.504744],[54.406921,24.504602],[54.406525,24.504539],[54.406432,24.504537],[54.40643,24.50461],[54.406184,24.50457],[54.406088,24.504593],[54.406141,24.504759],[54.406537,24.504822],[54.406628,24.504802]]]}},{"type":"Feature","properties":{},"geometry":{"type":"Polygon","coordinates":[[[54.397401,24.504687],[54.397407,24.504788],[54.397803,24.504851],[54.397875,24.504848],[54.397869,24.504747],[54.397473,24.504684],[54.397401,24.504687]]]}},{"type":"Feature","properties":{},"geometry":{"type":"Polygon","coordinates":[[[54.406828,24.505942],[54.410328,24.506501],[54.410426,24.506374],[54.41132,24.506515],[54.411451,24.506492],[54.411565,24.50643],[54.41165,24.506337],[54.411696,24.506224],[54.411697,24.506103],[54.411658,24.505997],[54.411585,24.505906],[54.411484,24.505842],[54.411366,24.505809],[54.409388,24.505493],[54.409265,24.505495],[54.409148,24.505532],[54.40905,24.505601],[54.408981,24.505693],[54.408948,24.505816],[54.408554,24.505753],[54.408323,24.505556],[54.406344,24.50524],[54.406082,24.505495],[54.406141,24.505545],[54.405385,24.505424],[54.405291,24.505739],[54.405492,24.505789],[54.406811,24.505999],[54.406828,24.505942]]]}},{"type":"Feature","properties":{},"geometry":{"type":"Polygon","coordinates":[[[54.406793,24.506134],[54.406498,24.506039],[54.405179,24.505828],[54.405064,24.506126],[54.405359,24.506221],[54.406678,24.506432],[54.406793,24.506134]]]}},{"type":"Feature","properties":{},"geometry":{"type":"Polygon","coordinates":[[[54.406664,24.506576],[54.406385,24.50649],[54.405066,24.506279],[54.404973,24.506527],[54.405252,24.506613],[54.406571,24.506824],[54.406664,24.506576]]]}},{"type":"Feature","properties":{},"geometry":{"type":"Polygon","coordinates":[[[54.404898,24.508066],[54.404993,24.508131],[54.406079,24.508304],[54.40598,24.508394],[54.406272,24.508683],[54.405842,24.508615],[54.405724,24.508722],[54.406121,24.509114],[54.407183,24.509284],[54.407203,24.5093],[54.40706,24.509435],[54.407292,24.509651],[54.405477,24.509367],[54.405443,24.509405],[54.405231,24.509371],[54.405105,24.509539],[54.405253,24.509684],[54.406918,24.50995],[54.407014,24.510038],[54.410179,24.510544],[54.410344,24.510427],[54.410292,24.510377],[54.411166,24.510517],[54.411509,24.510205],[54.411324,24.510036],[54.410975,24.509981],[54.411065,24.509889],[54.410703,24.509556],[54.409207,24.509317],[54.409112,24.509224],[54.409542,24.509292],[54.409654,24.509178],[54.409276,24.508806],[54.40981,24.508891],[54.409861,24.508839],[54.410376,24.508921],[54.410436,24.508886],[54.410415,24.508856],[54.410477,24.508857],[54.410653,24.508753],[54.410592,24.508667],[54.410507,24.508654],[54.410476,24.508611],[54.409614,24.508473],[54.409532,24.508392],[54.409488,24.508385],[54.409545,24.508283],[54.409627,24.508296],[54.409716,24.508222],[54.409673,24.508179],[54.409608,24.508169],[54.409762,24.507893],[54.409838,24.507905],[54.409825,24.507938],[54.409854,24.50798],[54.409927,24.508019],[54.411245,24.50823],[54.411292,24.508215],[54.411429,24.508209],[54.41165,24.508066],[54.411632,24.508],[54.411552,24.507987],[54.411523,24.50793],[54.411016,24.507849],[54.411011,24.507767],[54.4108,24.507555],[54.409481,24.507344],[54.409287,24.507513],[54.409327,24.507552],[54.407627,24.507281],[54.407235,24.506912],[54.406919,24.506861],[54.406822,24.506949],[54.406855,24.506983],[54.406749,24.507074],[54.406783,24.507111],[54.406747,24.50714],[54.40648,24.507097],[54.406555,24.506926],[54.406267,24.50683],[54.404948,24.50662],[54.404806,24.507019],[54.405062,24.507112],[54.405414,24.507168],[54.404898,24.508066]]]}},{"type":"Feature","properties":{},"geometry":{"type":"Polygon","coordinates":[[[54.404404,24.507263],[54.404497,24.507354],[54.404893,24.507417],[54.404926,24.507389],[54.404832,24.507298],[54.404437,24.507235],[54.404404,24.507263]]]}},{"type":"Feature","properties":{},"geometry":{"type":"Polygon","coordinates":[[[54.406551,24.510844],[54.406688,24.510866],[54.406969,24.510702],[54.406909,24.510617],[54.406946,24.510592],[54.406987,24.510329],[54.406851,24.510206],[54.406429,24.510139],[54.406188,24.51034],[54.406084,24.510413],[54.405947,24.51048],[54.405819,24.510521],[54.405565,24.510545],[54.405328,24.510706],[54.405146,24.510891],[54.405193,24.51093],[54.405285,24.510962],[54.405707,24.511029],[54.406012,24.511038],[54.406213,24.510979],[54.406551,24.510844]]]}},{"type":"Feature","properties":{},"geometry":{"type":"Polygon","coordinates":[[[54.396883,24.510805],[54.398202,24.511016],[54.398458,24.510728],[54.398253,24.510578],[54.396934,24.510367],[54.396681,24.510653],[54.396883,24.510805]]]}},{"type":"Feature","properties":{},"geometry":{"type":"Polygon","coordinates":[[[54.405881,24.511799],[54.405455,24.511831],[54.405478,24.512082],[54.405511,24.512124],[54.408478,24.512598],[54.408531,24.512597],[54.408561,24.512563],[54.408797,24.512601],[54.408849,24.512581],[54.408861,24.512529],[54.408849,24.512274],[54.405881,24.511799]]]}},{"type":"Feature","properties":{},"geometry":{"type":"Polygon","coordinates":[[[54.410374,24.479952],[54.410524,24.48008],[54.410919,24.480144],[54.410988,24.480077],[54.410838,24.479948],[54.410443,24.479885],[54.410374,24.479952]]]}},{"type":"Feature","properties":{},"geometry":{"type":"Polygon","coordinates":[[[54.410876,24.481795],[54.410916,24.481829],[54.411273,24.481886],[54.411222,24.481936],[54.411307,24.482009],[54.413881,24.482418],[54.414057,24.482143],[54.413697,24.481952],[54.412462,24.481755],[54.412435,24.481731],[54.411116,24.48152],[54.410943,24.481686],[54.411024,24.481756],[54.411283,24.481807],[54.411321,24.481841],[54.410906,24.481767],[54.410876,24.481795]]]}},{"type":"Feature","properties":{},"geometry":{"type":"Polygon","coordinates":[[[54.411825,24.482141],[54.411794,24.482115],[54.411398,24.482052],[54.41132,24.482132],[54.411351,24.482158],[54.411747,24.482221],[54.411825,24.482141]]]}},{"type":"Feature","properties":{},"geometry":{"type":"Polygon","coordinates":[[[54.408095,24.485995],[54.408047,24.485958],[54.407651,24.485895],[54.407557,24.485997],[54.407605,24.486034],[54.408001,24.486097],[54.408095,24.485995]]]}},{"type":"Feature","properties":{},"geometry":{"type":"Polygon","coordinates":[[[54.411543,24.490777],[54.411544,24.490725],[54.411148,24.490662],[54.411052,24.490661],[54.411051,24.490713],[54.411447,24.490776],[54.411543,24.490777]]]}},{"type":"Feature","properties":{},"geometry":{"type":"Polygon","coordinates":[[[54.411435,24.491193],[54.411418,24.491405],[54.41083,24.491311],[54.410457,24.491298],[54.410444,24.491622],[54.411389,24.491773],[54.411364,24.492099],[54.413342,24.492415],[54.413838,24.492448],[54.413909,24.491539],[54.412018,24.491237],[54.412025,24.490976],[54.41162,24.490912],[54.41162,24.490858],[54.411224,24.490795],[54.411155,24.490795],[54.411155,24.490837],[54.410706,24.490766],[54.4106,24.490766],[54.410598,24.490812],[54.410416,24.490817],[54.410413,24.49103],[54.411435,24.491193]]]}},{"type":"Feature","properties":{},"geometry":{"type":"Polygon","coordinates":[[[54.409036,24.491182],[54.408959,24.49118],[54.408949,24.491234],[54.408947,24.491294],[54.409008,24.491304],[54.409007,24.491323],[54.409403,24.491386],[54.409615,24.491392],[54.409617,24.491325],[54.409664,24.491326],[54.409667,24.491219],[54.409272,24.491156],[54.409037,24.491149],[54.409036,24.491182]]]}},{"type":"Feature","properties":{},"geometry":{"type":"Polygon","coordinates":[[[54.408053,24.500954],[54.408025,24.501013],[54.408063,24.501044],[54.408459,24.501108],[54.40851,24.501034],[54.408542,24.50095],[54.408085,24.500876],[54.408054,24.500908],[54.408053,24.500954]]]}},{"type":"Feature","properties":{},"geometry":{"type":"Polygon","coordinates":[[[54.408679,24.501799],[54.4087,24.501848],[54.408025,24.50174],[54.407732,24.502327],[54.407586,24.50231],[54.407515,24.502391],[54.407507,24.502438],[54.407949,24.502508],[54.408114,24.502577],[54.410092,24.502893],[54.410273,24.502416],[54.410379,24.502211],[54.41073,24.502267],[54.410946,24.502276],[54.410913,24.502838],[54.412891,24.503154],[54.413334,24.50318],[54.413334,24.503156],[54.414087,24.503277],[54.414159,24.503257],[54.414279,24.502967],[54.414368,24.502486],[54.413888,24.502191],[54.41373,24.502039],[54.413644,24.501927],[54.413563,24.501783],[54.413515,24.501644],[54.412526,24.501486],[54.411982,24.501472],[54.412018,24.501673],[54.412049,24.501764],[54.410544,24.501523],[54.410437,24.50152],[54.410437,24.501564],[54.409605,24.501431],[54.408723,24.501471],[54.408679,24.501799]],[[54.412461,24.502458],[54.411975,24.50238],[54.411924,24.502339],[54.411529,24.502276],[54.411501,24.502304],[54.411287,24.50227],[54.411408,24.502238],[54.411523,24.502167],[54.411565,24.502048],[54.412227,24.502154],[54.412461,24.502458]]]}},{"type":"Feature","properties":{},"geometry":{"type":"Polygon","coordinates":[[[54.407292,24.502934],[54.40724,24.502926],[54.407116,24.503077],[54.407179,24.503113],[54.407574,24.503176],[54.407705,24.503059],[54.407731,24.503057],[54.407799,24.502949],[54.407345,24.502871],[54.407292,24.502934]]]}},{"type":"Feature","properties":{},"geometry":{"type":"Polygon","coordinates":[[[54.412116,24.506938],[54.412051,24.506919],[54.412066,24.506826],[54.411997,24.506786],[54.411864,24.50675],[54.410546,24.50654],[54.410371,24.50656],[54.410298,24.506611],[54.410311,24.506685],[54.407472,24.506231],[54.407244,24.506239],[54.407028,24.506464],[54.407336,24.506699],[54.410727,24.507241],[54.410726,24.507266],[54.410769,24.50734],[54.412142,24.507559],[54.412223,24.507537],[54.412241,24.507496],[54.412329,24.5074],[54.412362,24.507154],[54.412296,24.507122],[54.412063,24.507085],[54.411985,24.507005],[54.412092,24.507003],[54.412116,24.506938]]]}},{"type":"Feature","properties":{},"geometry":{"type":"Polygon","coordinates":[[[54.411493,24.508769],[54.411496,24.508671],[54.4111,24.508608],[54.410813,24.508596],[54.410809,24.508696],[54.411204,24.50876],[54.411493,24.508769]]]}},{"type":"Feature","properties":{},"geometry":{"type":"Polygon","coordinates":[[[54.411307,24.509321],[54.411307,24.509336],[54.411557,24.509376],[54.411556,24.50945],[54.411445,24.509433],[54.410723,24.509449],[54.410727,24.509544],[54.411122,24.509607],[54.411843,24.509586],[54.411842,24.509525],[54.412069,24.509545],[54.412071,24.509458],[54.412625,24.509547],[54.412795,24.509551],[54.412806,24.509195],[54.412096,24.509081],[54.412099,24.509021],[54.411703,24.508958],[54.41158,24.508954],[54.411578,24.508999],[54.411487,24.508984],[54.411248,24.508984],[54.41124,24.509159],[54.411156,24.509148],[54.411156,24.509127],[54.41076,24.509063],[54.410698,24.509064],[54.4107,24.509161],[54.411237,24.509238],[54.411234,24.509309],[54.411307,24.509321]]]}},{"type":"Feature","properties":{},"geometry":{"type":"Polygon","coordinates":[[[54.409627,24.510723],[54.409581,24.510688],[54.409155,24.510618],[54.409071,24.51065],[54.409051,24.510721],[54.408953,24.510705],[54.408612,24.510893],[54.408261,24.510837],[54.408205,24.510839],[54.408206,24.510865],[54.408049,24.510866],[54.407855,24.510834],[54.407816,24.510861],[54.407694,24.510841],[54.407603,24.510903],[54.407708,24.511031],[54.40716,24.510943],[54.406868,24.5111],[54.406651,24.511065],[54.406208,24.511313],[54.406171,24.511417],[54.406305,24.511805],[54.406382,24.511872],[54.408361,24.512188],[54.408621,24.512162],[54.40883,24.512033],[54.410435,24.512289],[54.410928,24.512012],[54.410827,24.511863],[54.41117,24.511918],[54.411262,24.511867],[54.411588,24.511919],[54.411656,24.511873],[54.411757,24.511889],[54.41183,24.511839],[54.411663,24.511635],[54.412138,24.511711],[54.412669,24.511418],[54.41258,24.511284],[54.411437,24.511102],[54.411552,24.511038],[54.411415,24.510836],[54.410658,24.510716],[54.410603,24.510637],[54.410208,24.510574],[54.410126,24.510631],[54.410096,24.510626],[54.4099,24.510736],[54.409967,24.510835],[54.409935,24.510862],[54.40963,24.510813],[54.409627,24.510723]]]}},{"type":"Feature","properties":{},"geometry":{"type":"Polygon","coordinates":[[[54.411864,24.485683],[54.411849,24.485652],[54.411454,24.485589],[54.41135,24.48563],[54.411365,24.485661],[54.411408,24.485668],[54.411375,24.485678],[54.411414,24.485776],[54.411809,24.485839],[54.411866,24.48582],[54.411828,24.485723],[54.411782,24.485715],[54.411864,24.485683]]]}},{"type":"Feature","properties":{},"geometry":{"type":"Polygon","coordinates":[[[54.413496,24.487794],[54.413482,24.487746],[54.414575,24.487921],[54.414843,24.48791],[54.414839,24.487832],[54.414807,24.487827],[54.414803,24.48774],[54.414835,24.487739],[54.414832,24.487665],[54.414718,24.487647],[54.414707,24.487406],[54.413388,24.487195],[54.413283,24.487199],[54.413284,24.487227],[54.413107,24.487233],[54.413184,24.487452],[54.41326,24.487464],[54.413245,24.487464],[54.41325,24.487574],[54.413046,24.487541],[54.412959,24.487562],[54.413014,24.487751],[54.413409,24.487815],[54.413496,24.487794]]]}},{"type":"Feature","properties":{},"geometry":{"type":"Polygon","coordinates":[[[54.415411,24.488484],[54.415827,24.488548],[54.415828,24.488501],[54.415412,24.488438],[54.415411,24.488484]]]}},{"type":"Feature","properties":{},"geometry":{"type":"Polygon","coordinates":[[[54.415941,24.488754],[54.415939,24.488705],[54.415543,24.488642],[54.415463,24.488644],[54.415465,24.488693],[54.41586,24.488756],[54.415941,24.488754]]]}},{"type":"Feature","properties":{},"geometry":{"type":"Polygon","coordinates":[[[54.415999,24.488841],[54.416001,24.488902],[54.41562,24.488852],[54.415624,24.489052],[54.416019,24.489115],[54.416078,24.489114],[54.416077,24.489053],[54.416402,24.489104],[54.416461,24.489103],[54.416458,24.489026],[54.416652,24.489051],[54.416648,24.488944],[54.416058,24.48884],[54.415999,24.488841]]]}},{"type":"Feature","properties":{},"geometry":{"type":"Polygon","coordinates":[[[54.416272,24.489202],[54.416269,24.489158],[54.415873,24.489095],[54.415719,24.489105],[54.415722,24.489146],[54.416117,24.48921],[54.416272,24.489202]]]}},{"type":"Feature","properties":{},"geometry":{"type":"Polygon","coordinates":[[[54.415784,24.489169],[54.415782,24.48925],[54.416228,24.489314],[54.416231,24.489234],[54.415784,24.489169]]]}},{"type":"Feature","properties":{},"geometry":{"type":"Polygon","coordinates":[[[54.415416,24.489523],[54.415421,24.489677],[54.416739,24.489887],[54.41761,24.489866],[54.417608,24.489797],[54.417588,24.489793],[54.417585,24.489713],[54.416267,24.489502],[54.415416,24.489523]]]}},{"type":"Feature","properties":{},"geometry":{"type":"Polygon","coordinates":[[[54.412428,24.489949],[54.412432,24.490011],[54.412828,24.490075],[54.412898,24.490071],[54.412893,24.490008],[54.412498,24.489945],[54.412428,24.489949]]]}},{"type":"Feature","properties":{},"geometry":{"type":"Polygon","coordinates":[[[54.412924,24.490639],[54.412916,24.491132],[54.414894,24.491448],[54.415373,24.491454],[54.415375,24.491291],[54.415092,24.491245],[54.415094,24.491126],[54.415389,24.49113],[54.415391,24.490961],[54.413413,24.490645],[54.412924,24.490639]]]}},{"type":"Feature","properties":{},"geometry":{"type":"Polygon","coordinates":[[[54.412829,24.491185],[54.412828,24.491224],[54.413269,24.491289],[54.413271,24.49125],[54.412829,24.491185]]]}},{"type":"Feature","properties":{},"geometry":{"type":"Polygon","coordinates":[[[54.411581,24.492292],[54.411578,24.49238],[54.411974,24.492443],[54.412101,24.492447],[54.412104,24.492359],[54.411709,24.492296],[54.411581,24.492292]]]}},{"type":"Feature","properties":{},"geometry":{"type":"Polygon","coordinates":[[[54.411973,24.492459],[54.411972,24.492557],[54.412367,24.49262],[54.41255,24.492622],[54.412551,24.492524],[54.412155,24.492461],[54.411973,24.492459]]]}},{"type":"Feature","properties":{},"geometry":{"type":"Polygon","coordinates":[[[54.415498,24.496977],[54.415406,24.496923],[54.41501,24.49686],[54.4149,24.497017],[54.414992,24.497071],[54.415387,24.497134],[54.415498,24.496977]]]}},{"type":"Feature","properties":{},"geometry":{"type":"Polygon","coordinates":[[[54.415501,24.502417],[54.415496,24.502476],[54.415917,24.502541],[54.415922,24.502482],[54.415501,24.502417]]]}},{"type":"Feature","properties":{},"geometry":{"type":"Polygon","coordinates":[[[54.415865,24.5027],[54.415863,24.502667],[54.415468,24.502603],[54.41539,24.502607],[54.415392,24.50264],[54.415412,24.502643],[54.415395,24.502643],[54.415395,24.502682],[54.41579,24.502745],[54.415861,24.502745],[54.415862,24.502707],[54.415828,24.502702],[54.415865,24.5027]]]}},{"type":"Feature","properties":{},"geometry":{"type":"Polygon","coordinates":[[[54.415843,24.502964],[54.4159,24.502956],[54.415892,24.502906],[54.415839,24.502897],[54.415861,24.502895],[54.415859,24.502884],[54.416081,24.50292],[54.416207,24.502925],[54.41621,24.502847],[54.415815,24.502783],[54.415689,24.502779],[54.415688,24.502796],[54.415565,24.502779],[54.415563,24.502795],[54.415458,24.502778],[54.415396,24.502784],[54.415403,24.502838],[54.415461,24.502848],[54.415439,24.50285],[54.415447,24.502901],[54.415843,24.502964]]]}},{"type":"Feature","properties":{},"geometry":{"type":"Polygon","coordinates":[[[54.415632,24.503473],[54.416028,24.503537],[54.416122,24.50354],[54.416124,24.503485],[54.415728,24.503421],[54.415635,24.503418],[54.415632,24.503473]]]}},{"type":"Feature","properties":{},"geometry":{"type":"Polygon","coordinates":[[[54.415809,24.503559],[54.415813,24.503642],[54.416251,24.503704],[54.416248,24.503621],[54.415809,24.503559]]]}},{"type":"Feature","properties":{},"geometry":{"type":"Polygon","coordinates":[[[54.414667,24.504163],[54.41482,24.504295],[54.414312,24.504214],[54.414153,24.504371],[54.414331,24.504524],[54.415519,24.504714],[54.415629,24.504809],[54.417244,24.505067],[54.417422,24.504918],[54.417407,24.504906],[54.417475,24.504849],[54.417279,24.504688],[54.417202,24.504675],[54.417237,24.504646],[54.41744,24.504678],[54.417617,24.50453],[54.417421,24.504368],[54.417276,24.504345],[54.417144,24.504236],[54.415792,24.50402],[54.415782,24.504031],[54.415415,24.503972],[54.415356,24.503984],[54.415365,24.504022],[54.415602,24.504059],[54.415311,24.504031],[54.415266,24.504076],[54.414826,24.504005],[54.414667,24.504163]]]}},{"type":"Feature","properties":{},"geometry":{"type":"Polygon","coordinates":[[[54.413185,24.504364],[54.412852,24.503998],[54.40972,24.503497],[54.409576,24.503605],[54.409909,24.503972],[54.410222,24.504022],[54.410201,24.504126],[54.413805,24.504705],[54.413837,24.504547],[54.413101,24.504427],[54.413185,24.504364]]]}},{"type":"Feature","properties":{},"geometry":{"type":"Polygon","coordinates":[[[54.414226,24.505131],[54.413875,24.504831],[54.409259,24.504094],[54.409054,24.504354],[54.409349,24.504692],[54.413965,24.505429],[54.414226,24.505131]]]}},{"type":"Feature","properties":{},"geometry":{"type":"Polygon","coordinates":[[[54.415709,24.505218],[54.41572,24.505211],[54.417097,24.505431],[54.417274,24.505282],[54.417078,24.505121],[54.416883,24.505089],[54.416782,24.505006],[54.414671,24.504668],[54.414513,24.504826],[54.41469,24.504979],[54.415154,24.505053],[54.415251,24.505136],[54.415709,24.505218]]]}},{"type":"Feature","properties":{},"geometry":{"type":"Polygon","coordinates":[[[54.411256,24.509681],[54.411333,24.509838],[54.411729,24.509901],[54.411827,24.509861],[54.41175,24.509704],[54.411355,24.509641],[54.411256,24.509681]]]}},{"type":"Feature","properties":{},"geometry":{"type":"Polygon","coordinates":[[[54.419332,24.480127],[54.419334,24.480115],[54.418873,24.480042],[54.418867,24.480078],[54.418943,24.48009],[54.418942,24.480131],[54.419375,24.480195],[54.419377,24.480134],[54.419332,24.480127]]]}},{"type":"Feature","properties":{},"geometry":{"type":"Polygon","coordinates":[[[54.420562,24.480364],[54.421053,24.480442],[54.421297,24.480451],[54.421299,24.480405],[54.421052,24.480359],[54.421056,24.4803],[54.420569,24.480232],[54.420562,24.480364]]]}},{"type":"Feature","properties":{},"geometry":{"type":"Polygon","coordinates":[[[54.419923,24.480877],[54.420382,24.480946],[54.420389,24.480891],[54.419929,24.480822],[54.419923,24.480877]]]}},{"type":"Feature","properties":{},"geometry":{"type":"Polygon","coordinates":[[[54.419263,24.481839],[54.41907,24.481797],[54.419068,24.48176],[54.419695,24.481847],[54.4197,24.481816],[54.420124,24.48187],[54.420137,24.481781],[54.420275,24.481803],[54.420261,24.481903],[54.419851,24.481856],[54.419834,24.481991],[54.420359,24.482067],[54.420354,24.482085],[54.419294,24.481947],[54.419276,24.482075],[54.419229,24.482068],[54.419232,24.482054],[54.418801,24.481985],[54.418785,24.482055],[54.418878,24.482071],[54.418874,24.482108],[54.419248,24.482168],[54.419228,24.482308],[54.419395,24.482335],[54.419372,24.482333],[54.419365,24.482404],[54.41846,24.482285],[54.418442,24.482417],[54.419198,24.482525],[54.419195,24.482547],[54.41876,24.48248],[54.418434,24.482447],[54.418417,24.482581],[54.418813,24.482644],[54.419139,24.482677],[54.419147,24.48261],[54.419522,24.482659],[54.419527,24.482632],[54.420569,24.482799],[54.420561,24.482854],[54.421267,24.482953],[54.421276,24.482885],[54.421471,24.482905],[54.421495,24.48271],[54.421307,24.48268],[54.421312,24.482645],[54.420916,24.482582],[54.420009,24.482482],[54.420014,24.482434],[54.421173,24.482605],[54.42151,24.482638],[54.421534,24.482432],[54.421352,24.482403],[54.421363,24.482304],[54.420967,24.48224],[54.420657,24.482212],[54.42065,24.482272],[54.42027,24.482219],[54.420268,24.48223],[54.420196,24.48222],[54.420196,24.482203],[54.420603,24.482258],[54.420622,24.482138],[54.420839,24.482173],[54.420853,24.482122],[54.421382,24.482198],[54.421399,24.482093],[54.421916,24.482162],[54.421939,24.481998],[54.421434,24.481918],[54.421436,24.481893],[54.42104,24.48183],[54.420809,24.481818],[54.420131,24.481711],[54.42007,24.481706],[54.420068,24.481721],[54.419421,24.481631],[54.419419,24.481645],[54.418898,24.481561],[54.418579,24.481524],[54.41856,24.481659],[54.418963,24.481723],[54.418961,24.481732],[54.418672,24.481686],[54.418544,24.481691],[54.41855,24.481831],[54.418945,24.481894],[54.419064,24.48189],[54.41925,24.481919],[54.419263,24.481839]],[[54.420566,24.48196],[54.420695,24.48198],[54.420684,24.482048],[54.420558,24.482028],[54.420566,24.48196]],[[54.419656,24.482139],[54.419651,24.482163],[54.419598,24.482155],[54.419602,24.48213],[54.419656,24.482139]]]}},{"type":"Feature","properties":{},"geometry":{"type":"Polygon","coordinates":[[[54.41897,24.481983],[54.418969,24.481962],[54.418529,24.481901],[54.41853,24.481923],[54.41897,24.481983]]]}},{"type":"Feature","properties":{},"geometry":{"type":"Polygon","coordinates":[[[54.418494,24.482084],[54.418475,24.482211],[54.419193,24.482315],[54.419212,24.482188],[54.418494,24.482084]]]}},{"type":"Feature","properties":{},"geometry":{"type":"Polygon","coordinates":[[[54.418382,24.482821],[54.418759,24.482884],[54.418366,24.482861],[54.418361,24.482982],[54.418756,24.483046],[54.419081,24.483058],[54.419083,24.483031],[54.419585,24.483088],[54.419596,24.482986],[54.419899,24.48302],[54.420087,24.483057],[54.419673,24.483014],[54.41966,24.483134],[54.420055,24.483197],[54.42038,24.483226],[54.420381,24.483211],[54.420509,24.483231],[54.420507,24.483251],[54.420902,24.483314],[54.421733,24.483404],[54.421751,24.483242],[54.421235,24.48316],[54.421248,24.48307],[54.420756,24.482995],[54.420784,24.482921],[54.420695,24.482893],[54.420509,24.482863],[54.420518,24.482801],[54.419191,24.482619],[54.41918,24.482696],[54.418957,24.482661],[54.418929,24.482746],[54.418722,24.482713],[54.418396,24.482685],[54.418382,24.482821]],[[54.420415,24.482958],[54.420543,24.482979],[54.420533,24.483048],[54.420406,24.483029],[54.420415,24.482958]],[[54.419116,24.482788],[54.419243,24.482808],[54.419234,24.482879],[54.419109,24.482858],[54.419116,24.482788]],[[54.420294,24.482929],[54.419429,24.482814],[54.419436,24.482793],[54.41989,24.482847],[54.420271,24.482905],[54.420265,24.48292],[54.420294,24.482929]]]}},{"type":"Feature","properties":{},"geometry":{"type":"Polygon","coordinates":[[[54.41772,24.487832],[54.41772,24.487786],[54.417324,24.487723],[54.417238,24.487724],[54.417239,24.487769],[54.417634,24.487833],[54.41772,24.487832]]]}},{"type":"Feature","properties":{},"geometry":{"type":"Polygon","coordinates":[[[54.420091,24.489382],[54.42009,24.489328],[54.419694,24.489265],[54.41933,24.489268],[54.419331,24.489307],[54.419727,24.48937],[54.419828,24.489358],[54.420091,24.489382]]]}},{"type":"Feature","properties":{},"geometry":{"type":"Polygon","coordinates":[[[54.418987,24.489305],[54.418994,24.489429],[54.419389,24.489492],[54.419479,24.489489],[54.419472,24.489364],[54.419077,24.489301],[54.418987,24.489305]]]}},{"type":"Feature","properties":{},"geometry":{"type":"Polygon","coordinates":[[[54.419557,24.489378],[54.419554,24.489481],[54.419949,24.489544],[54.420054,24.489546],[54.420057,24.489444],[54.419661,24.489381],[54.419557,24.489378]]]}},{"type":"Feature","properties":{},"geometry":{"type":"Polygon","coordinates":[[[54.419157,24.48954],[54.419166,24.489612],[54.419588,24.489672],[54.419579,24.4896],[54.419157,24.48954]]]}},{"type":"Feature","properties":{},"geometry":{"type":"Polygon","coordinates":[[[54.42008,24.489882],[54.420079,24.489837],[54.419684,24.489774],[54.419563,24.489776],[54.419564,24.489821],[54.41996,24.489884],[54.42008,24.489882]]]}},{"type":"Feature","properties":{},"geometry":{"type":"Polygon","coordinates":[[[54.41924,24.490311],[54.419636,24.490374],[54.419711,24.490372],[54.41971,24.490357],[54.419833,24.490366],[54.419832,24.490338],[54.419974,24.490361],[54.420058,24.490356],[54.420055,24.490235],[54.419659,24.490172],[54.419611,24.490173],[54.419612,24.49021],[54.419381,24.490183],[54.419386,24.490286],[54.419239,24.490277],[54.41924,24.490311]]]}},{"type":"Feature","properties":{},"geometry":{"type":"Polygon","coordinates":[[[54.417154,24.502028],[54.417153,24.502017],[54.417254,24.502089],[54.418573,24.5023],[54.418789,24.502096],[54.418559,24.501896],[54.41724,24.501685],[54.417163,24.501757],[54.41722,24.501818],[54.417181,24.501902],[54.417132,24.50192],[54.41685,24.501875],[54.416805,24.501887],[54.416818,24.501925],[54.416757,24.501916],[54.416572,24.501928],[54.416574,24.501975],[54.416969,24.502038],[54.417154,24.502028]]]}},{"type":"Feature","properties":{},"geometry":{"type":"Polygon","coordinates":[[[54.418015,24.502423],[54.417986,24.502386],[54.41759,24.502323],[54.417548,24.502351],[54.417577,24.502387],[54.417973,24.502451],[54.418015,24.502423]]]}},{"type":"Feature","properties":{},"geometry":{"type":"Polygon","coordinates":[[[54.418218,24.502471],[54.418613,24.502535],[54.418815,24.502456],[54.418772,24.502363],[54.418376,24.5023],[54.418174,24.502378],[54.418218,24.502471]]]}},{"type":"Feature","properties":{},"geometry":{"type":"Polygon","coordinates":[[[54.4179,24.502508],[54.418304,24.502578],[54.418327,24.502552],[54.418281,24.502516],[54.417885,24.502453],[54.417861,24.502478],[54.417895,24.502504],[54.417504,24.502442],[54.417421,24.502442],[54.417421,24.502556],[54.417896,24.502625],[54.4179,24.502508]]]}},{"type":"Feature","properties":{},"geometry":{"type":"Polygon","coordinates":[[[54.417456,24.502857],[54.417698,24.502848],[54.417697,24.502831],[54.417804,24.502834],[54.417798,24.502774],[54.417391,24.502711],[54.417391,24.502691],[54.416995,24.502628],[54.416892,24.50263],[54.416893,24.502654],[54.417264,24.502713],[54.417125,24.502718],[54.416945,24.502702],[54.416942,24.502762],[54.41706,24.502781],[54.41706,24.502794],[54.417456,24.502857]],[[54.417327,24.502717],[54.417344,24.502716],[54.417344,24.502719],[54.417327,24.502717]]]}},{"type":"Feature","properties":{},"geometry":{"type":"Polygon","coordinates":[[[54.418001,24.503292],[54.417999,24.503231],[54.417921,24.503219],[54.417922,24.503202],[54.417671,24.503162],[54.417768,24.503165],[54.41777,24.503123],[54.417374,24.50306],[54.417267,24.503056],[54.417265,24.503098],[54.417516,24.503138],[54.417465,24.503137],[54.417461,24.503227],[54.417918,24.503292],[54.418001,24.503292]]]}},{"type":"Feature","properties":{},"geometry":{"type":"Polygon","coordinates":[[[54.417657,24.503786],[54.418086,24.50385],[54.418093,24.503633],[54.417664,24.503569],[54.417657,24.503786]]]}}]}