{"type":"FeatureCollection","features":[{"type":"Feature","properties":{},"geometry":{"type":"Polygon","coordinates":[[[54.379087,24.480182],[54.379164,24.480199],[54.379334,24.480044],[54.379196,24.479918],[54.378693,24.479808],[54.378523,24.479963],[54.37857,24.480006],[54.378493,24.479989],[54.378309,24.480157],[54.37845,24.480285],[54.378953,24.480396],[54.379138,24.480228],[54.379087,24.480182]]]}},{"type":"Feature","properties":{},"geometry":{"type":"Polygon","coordinates":[[[54.37808,24.48035],[54.377897,24.48052],[54.37796,24.480576],[54.37789,24.48056],[54.377721,24.480713],[54.377841,24.480823],[54.378344,24.480933],[54.378513,24.48078],[54.378467,24.480738],[54.37854,24.480754],[54.378723,24.480584],[54.378583,24.48046],[54.37808,24.48035]]]}},{"type":"Feature","properties":{},"geometry":{"type":"Polygon","coordinates":[[[54.378342,24.481782],[54.378447,24.481843],[54.37834,24.481973],[54.378459,24.482054],[54.37834,24.482028],[54.378235,24.482156],[54.378457,24.482306],[54.378726,24.482365],[54.378756,24.48233],[54.378918,24.482365],[54.378954,24.482321],[54.378751,24.482183],[54.379499,24.482347],[54.379628,24.48219],[54.379367,24.482013],[54.379204,24.481977],[54.379282,24.481881],[54.379214,24.481835],[54.379311,24.481856],[54.379535,24.481582],[54.379452,24.481526],[54.379282,24.481488],[54.379159,24.481401],[54.379115,24.481391],[54.379172,24.481319],[54.379321,24.481352],[54.379413,24.481241],[54.379223,24.481112],[54.378954,24.481053],[54.378863,24.481163],[54.378972,24.481238],[54.378821,24.481205],[54.378597,24.481479],[54.378676,24.481532],[54.378567,24.481508],[54.378342,24.481782]],[[54.378716,24.48187],[54.378919,24.481624],[54.37884,24.48157],[54.378909,24.481585],[54.378968,24.481627],[54.379039,24.481643],[54.378958,24.481741],[54.379026,24.481787],[54.37893,24.481766],[54.378825,24.481894],[54.378716,24.48187]]]}},{"type":"Feature","properties":{},"geometry":{"type":"Polygon","coordinates":[[[54.380097,24.481806],[54.379994,24.481734],[54.379725,24.481675],[54.379659,24.481753],[54.379762,24.481825],[54.380031,24.481884],[54.380097,24.481806]]]}},{"type":"Feature","properties":{},"geometry":{"type":"Polygon","coordinates":[[[54.379599,24.482829],[54.379328,24.482643],[54.37798,24.482348],[54.377608,24.482798],[54.377879,24.482984],[54.378622,24.483147],[54.378562,24.483217],[54.378838,24.483412],[54.379108,24.483471],[54.3792,24.483363],[54.379015,24.483233],[54.379227,24.48328],[54.379599,24.482829]]]}},{"type":"Feature","properties":{},"geometry":{"type":"Polygon","coordinates":[[[54.379039,24.483603],[54.37834,24.48345],[54.37831,24.483489],[54.378225,24.48347],[54.378086,24.483642],[54.378109,24.483859],[54.378423,24.48407],[54.378613,24.484112],[54.37867,24.4842],[54.378722,24.484225],[54.380153,24.48453],[54.380175,24.484545],[54.380447,24.484605],[54.38046,24.484713],[54.381083,24.48485],[54.380899,24.485071],[54.380868,24.485048],[54.380888,24.485025],[54.380753,24.484927],[54.380644,24.484903],[54.380541,24.484826],[54.380272,24.484767],[54.380226,24.484818],[54.38031,24.484882],[54.380209,24.48486],[54.380016,24.485069],[54.380017,24.485096],[54.380027,24.485116],[54.380101,24.485135],[54.380173,24.485206],[54.380319,24.485313],[54.380894,24.485439],[54.381042,24.48527],[54.381072,24.485276],[54.381125,24.485345],[54.381394,24.485404],[54.381461,24.485362],[54.381769,24.485429],[54.381627,24.485588],[54.381686,24.485631],[54.381613,24.485615],[54.381464,24.485787],[54.381499,24.485811],[54.381446,24.4858],[54.381365,24.485893],[54.38131,24.485852],[54.38104,24.485793],[54.38099,24.485848],[54.381046,24.48589],[54.381316,24.485949],[54.381295,24.485975],[54.381336,24.486005],[54.381285,24.485993],[54.381128,24.486171],[54.381268,24.486273],[54.381556,24.486336],[54.381712,24.486158],[54.381669,24.486127],[54.381722,24.486138],[54.381874,24.485964],[54.381838,24.485937],[54.381891,24.485949],[54.382039,24.485778],[54.38198,24.485735],[54.382049,24.48575],[54.382197,24.485584],[54.382135,24.485538],[54.382214,24.485556],[54.382368,24.48538],[54.382225,24.485275],[54.382046,24.485236],[54.382198,24.485055],[54.382056,24.484957],[54.381686,24.484876],[54.381695,24.484857],[54.381571,24.484772],[54.381592,24.484743],[54.381475,24.484666],[54.381204,24.48459],[54.38127,24.484514],[54.380799,24.48418],[54.380442,24.484101],[54.380371,24.484045],[54.379969,24.483955],[54.379977,24.483946],[54.379688,24.483745],[54.379705,24.483729],[54.37964,24.483673],[54.379435,24.483628],[54.379449,24.48357],[54.379067,24.483488],[54.379039,24.483603]]]}},{"type":"Feature","properties":{},"geometry":{"type":"Polygon","coordinates":[[[54.378453,24.484705],[54.378631,24.484833],[54.378674,24.484842],[54.378662,24.484857],[54.378849,24.484984],[54.378884,24.484991],[54.378877,24.485],[54.379068,24.485138],[54.379096,24.485144],[54.379279,24.485286],[54.379323,24.485296],[54.379308,24.485314],[54.379483,24.485436],[54.379566,24.485455],[54.37955,24.485474],[54.37973,24.485601],[54.379766,24.485609],[54.379747,24.485631],[54.379936,24.485767],[54.379966,24.485774],[54.37996,24.485781],[54.380137,24.485913],[54.380195,24.485926],[54.380358,24.486046],[54.380395,24.486054],[54.380384,24.486066],[54.380761,24.486336],[54.381048,24.486399],[54.381165,24.486269],[54.380916,24.486095],[54.380957,24.486048],[54.380779,24.485918],[54.380527,24.485862],[54.380542,24.485846],[54.380496,24.485812],[54.380556,24.485744],[54.380367,24.485607],[54.380329,24.485598],[54.380339,24.485587],[54.380158,24.48546],[54.380003,24.485426],[54.380017,24.48541],[54.379842,24.485287],[54.379656,24.485247],[54.379676,24.485224],[54.379487,24.485088],[54.379459,24.485082],[54.379473,24.485066],[54.379282,24.484928],[54.379241,24.484919],[54.379058,24.484787],[54.379019,24.484779],[54.37903,24.484767],[54.378851,24.484639],[54.378813,24.484631],[54.378826,24.484617],[54.378642,24.484485],[54.378612,24.484478],[54.378621,24.484468],[54.378437,24.484338],[54.378398,24.484329],[54.378406,24.48432],[54.378214,24.484187],[54.377927,24.484123],[54.377814,24.484257],[54.378006,24.484391],[54.378044,24.484399],[54.378034,24.48441],[54.378218,24.48454],[54.378246,24.484547],[54.378239,24.484554],[54.378423,24.484686],[54.378462,24.484695],[54.378453,24.484705]]]}},{"type":"Feature","properties":{},"geometry":{"type":"Polygon","coordinates":[[[54.379393,24.48475],[54.379662,24.484809],[54.379739,24.484717],[54.379632,24.484643],[54.379756,24.48467],[54.379836,24.484573],[54.379724,24.484498],[54.379455,24.484439],[54.379396,24.48451],[54.379188,24.484464],[54.379112,24.484557],[54.379393,24.48475]]]}},{"type":"Feature","properties":{},"geometry":{"type":"Polygon","coordinates":[[[54.377523,24.487197],[54.377736,24.487244],[54.377662,24.487329],[54.377718,24.487369],[54.37767,24.487423],[54.377858,24.487559],[54.377921,24.487572],[54.377857,24.487645],[54.378003,24.487751],[54.377563,24.488253],[54.377301,24.488195],[54.377244,24.488263],[54.378043,24.488819],[54.378137,24.48884],[54.378117,24.488864],[54.378318,24.489006],[54.378588,24.489065],[54.378636,24.489009],[54.378511,24.488922],[54.378942,24.489016],[54.378999,24.488949],[54.378525,24.488618],[54.37894,24.488144],[54.379057,24.488221],[54.379955,24.488418],[54.380082,24.48826],[54.379861,24.488114],[54.379111,24.487949],[54.379147,24.487908],[54.379217,24.487962],[54.379487,24.488021],[54.379524,24.487981],[54.379423,24.487904],[54.379194,24.487854],[54.379214,24.487831],[54.379782,24.487956],[54.379905,24.487815],[54.379875,24.487793],[54.380048,24.487596],[54.379661,24.487316],[54.379568,24.487295],[54.379463,24.487219],[54.379792,24.487284],[54.379819,24.487246],[54.379785,24.487227],[54.379567,24.487179],[54.379685,24.487028],[54.379789,24.487051],[54.379768,24.487079],[54.379885,24.487152],[54.380155,24.487211],[54.380186,24.48717],[54.380164,24.487156],[54.380188,24.487161],[54.380224,24.487123],[54.380139,24.487058],[54.380255,24.487084],[54.380289,24.487045],[54.380264,24.487027],[54.380324,24.48704],[54.380352,24.486996],[54.380217,24.486925],[54.379948,24.486866],[54.379927,24.486899],[54.380013,24.48693],[54.379939,24.486914],[54.379875,24.486862],[54.379824,24.486851],[54.379866,24.486797],[54.379947,24.486815],[54.380168,24.486533],[54.380128,24.486507],[54.380183,24.486435],[54.379885,24.486242],[54.378537,24.485947],[54.377906,24.486755],[54.378181,24.486933],[54.378618,24.487029],[54.378484,24.487182],[54.378262,24.487133],[54.378287,24.487105],[54.378202,24.487043],[54.377627,24.486917],[54.377437,24.487134],[54.377523,24.487197]]]}},{"type":"Feature","properties":{},"geometry":{"type":"Polygon","coordinates":[[[54.379229,24.489886],[54.378939,24.489813],[54.378899,24.489859],[54.37893,24.489881],[54.379186,24.489937],[54.379438,24.490125],[54.379065,24.490043],[54.378904,24.490239],[54.379049,24.490338],[54.37957,24.490452],[54.37955,24.490476],[54.379643,24.490542],[54.378811,24.490359],[54.378656,24.490542],[54.37871,24.49058],[54.378627,24.490562],[54.378467,24.490759],[54.378579,24.490834],[54.378416,24.490798],[54.378267,24.490974],[54.378407,24.491073],[54.378878,24.491176],[54.37887,24.491186],[54.378201,24.491039],[54.378055,24.49121],[54.37819,24.491305],[54.378677,24.491412],[54.378797,24.491498],[54.379163,24.491578],[54.379129,24.491618],[54.377954,24.49136],[54.37777,24.491574],[54.378008,24.491743],[54.378733,24.491902],[54.378914,24.492028],[54.379489,24.492155],[54.379541,24.492094],[54.37981,24.49229],[54.379385,24.492196],[54.379293,24.492306],[54.379481,24.492435],[54.379521,24.492444],[54.379515,24.492452],[54.379713,24.492589],[54.379747,24.492597],[54.379739,24.492606],[54.379934,24.49274],[54.379963,24.492747],[54.379954,24.492758],[54.380143,24.492889],[54.380179,24.492897],[54.380161,24.492919],[54.380361,24.493057],[54.380426,24.493071],[54.380395,24.493109],[54.380607,24.493256],[54.380715,24.493279],[54.380937,24.493433],[54.380967,24.493439],[54.380946,24.493465],[54.381138,24.493597],[54.381165,24.493603],[54.381138,24.493634],[54.381446,24.493847],[54.381558,24.493871],[54.381464,24.493984],[54.381605,24.494081],[54.382252,24.494223],[54.382416,24.494027],[54.382352,24.493984],[54.382426,24.493895],[54.382207,24.493744],[54.382777,24.493869],[54.382868,24.493753],[54.382648,24.49361],[54.38233,24.49354],[54.382421,24.493437],[54.382376,24.493405],[54.38251,24.493434],[54.382655,24.49327],[54.382587,24.49322],[54.382834,24.493274],[54.382953,24.493143],[54.383324,24.493224],[54.383432,24.49309],[54.383216,24.492946],[54.382987,24.492896],[54.383006,24.492874],[54.382892,24.49279],[54.382666,24.492741],[54.382706,24.492692],[54.382509,24.492559],[54.382375,24.492529],[54.382414,24.492483],[54.382441,24.492501],[54.382668,24.49255],[54.382616,24.492611],[54.382737,24.492698],[54.383527,24.492871],[54.383687,24.492687],[54.383615,24.492635],[54.383788,24.492673],[54.383943,24.492494],[54.383808,24.492397],[54.382945,24.492208],[54.382852,24.492315],[54.382828,24.492298],[54.382884,24.492229],[54.382625,24.492055],[54.382385,24.492002],[54.382405,24.49198],[54.382865,24.492081],[54.383041,24.491874],[54.382899,24.491774],[54.38233,24.491649],[54.382424,24.49155],[54.382293,24.491461],[54.381283,24.491244],[54.381297,24.491228],[54.381097,24.491088],[54.38045,24.490946],[54.380351,24.491064],[54.380187,24.491028],[54.380291,24.49091],[54.381006,24.491066],[54.381046,24.491018],[54.381332,24.491081],[54.381514,24.490868],[54.38138,24.490773],[54.38089,24.490666],[54.381013,24.490521],[54.380897,24.49044],[54.380744,24.490406],[54.380943,24.490171],[54.380679,24.489986],[54.379385,24.489702],[54.379345,24.489749],[54.379075,24.48969],[54.379025,24.489745],[54.379055,24.489768],[54.379286,24.489818],[54.379229,24.489886]],[[54.380863,24.492945],[54.380876,24.492929],[54.380718,24.49282],[54.380738,24.492797],[54.380543,24.492662],[54.380365,24.492623],[54.380375,24.492611],[54.380193,24.492485],[54.380316,24.492512],[54.380345,24.492479],[54.380634,24.492679],[54.381204,24.492804],[54.381231,24.492824],[54.381109,24.492797],[54.380955,24.492971],[54.381058,24.493046],[54.381478,24.493138],[54.38162,24.493243],[54.381695,24.493259],[54.381564,24.493408],[54.381683,24.493495],[54.381792,24.493519],[54.381782,24.493532],[54.381755,24.493514],[54.381582,24.493476],[54.381594,24.493462],[54.381453,24.493364],[54.38151,24.493296],[54.381297,24.493149],[54.381087,24.493103],[54.381098,24.493091],[54.380898,24.492953],[54.380863,24.492945]],[[54.381901,24.492977],[54.381916,24.49296],[54.381935,24.492964],[54.38192,24.492981],[54.381901,24.492977]],[[54.382097,24.492837],[54.382102,24.49283],[54.382118,24.492841],[54.382097,24.492837]],[[54.381803,24.492208],[54.38182,24.492121],[54.381863,24.492131],[54.381866,24.492115],[54.381982,24.492193],[54.382047,24.492208],[54.382033,24.492224],[54.382223,24.492352],[54.382261,24.49236],[54.38221,24.492352],[54.382093,24.492272],[54.381803,24.492208]],[[54.380169,24.491872],[54.380536,24.491953],[54.380521,24.491971],[54.380286,24.491919],[54.380233,24.491979],[54.380158,24.491963],[54.380136,24.491988],[54.380304,24.492112],[54.380388,24.49213],[54.380254,24.492289],[54.379903,24.492033],[54.379615,24.49197],[54.379552,24.492035],[54.379677,24.491889],[54.380078,24.491977],[54.380169,24.491872]],[[54.381087,24.491597],[54.380884,24.491553],[54.380937,24.491492],[54.381087,24.491597]],[[54.380589,24.491245],[54.380705,24.491327],[54.380402,24.491261],[54.380489,24.491161],[54.38055,24.491204],[54.380613,24.491218],[54.380589,24.491245]],[[54.380689,24.490682],[54.380674,24.4907],[54.380478,24.490657],[54.380559,24.490669],[54.38057,24.490656],[54.380689,24.490682]]]}},{"type":"Feature","properties":{},"geometry":{"type":"Polygon","coordinates":[[[54.377756,24.492644],[54.378007,24.492829],[54.378869,24.493019],[54.378984,24.49289],[54.378733,24.492705],[54.377871,24.492515],[54.377756,24.492644]]]}},{"type":"Feature","properties":{},"geometry":{"type":"Polygon","coordinates":[[[54.378141,24.492959],[54.377956,24.493166],[54.378165,24.493321],[54.378683,24.493435],[54.379541,24.494028],[54.381563,24.494471],[54.381734,24.494277],[54.381513,24.494126],[54.381427,24.494107],[54.38145,24.49408],[54.381228,24.493926],[54.381142,24.493907],[54.381164,24.493881],[54.380945,24.493726],[54.380844,24.493704],[54.380871,24.493673],[54.380663,24.493522],[54.380407,24.493466],[54.380388,24.493452],[54.378141,24.492959]]]}},{"type":"Feature","properties":{},"geometry":{"type":"Polygon","coordinates":[[[54.378155,24.49374],[54.378141,24.493775],[54.378477,24.49386],[54.378729,24.493897],[54.378773,24.493658],[54.378626,24.493625],[54.378725,24.493514],[54.378662,24.493467],[54.378392,24.493408],[54.378285,24.493529],[54.378348,24.493575],[54.378381,24.493583],[54.378376,24.493612],[54.378254,24.493585],[54.378204,24.493644],[54.378268,24.493689],[54.378357,24.493708],[54.378342,24.493781],[54.378155,24.49374]]]}},{"type":"Feature","properties":{},"geometry":{"type":"Polygon","coordinates":[[[54.3788,24.494501],[54.378756,24.494552],[54.378036,24.494394],[54.377925,24.494521],[54.378118,24.49466],[54.378187,24.494676],[54.37817,24.494696],[54.378362,24.494835],[54.378669,24.494903],[54.378544,24.495048],[54.37868,24.495145],[54.378501,24.495106],[54.378402,24.495221],[54.377838,24.495097],[54.377732,24.495222],[54.377923,24.495357],[54.378247,24.495428],[54.378159,24.495537],[54.378186,24.495555],[54.377965,24.495507],[54.377707,24.495812],[54.377926,24.495965],[54.378229,24.496031],[54.37819,24.49608],[54.378405,24.496226],[54.378729,24.496297],[54.378627,24.496421],[54.378895,24.496603],[54.379284,24.496688],[54.379325,24.496717],[54.380157,24.496899],[54.380072,24.497001],[54.380528,24.497317],[54.380744,24.497364],[54.380982,24.49708],[54.381572,24.497209],[54.381606,24.497169],[54.381654,24.49718],[54.381849,24.496957],[54.381784,24.49691],[54.382642,24.497098],[54.382977,24.497328],[54.383435,24.497429],[54.383377,24.497502],[54.383929,24.497866],[54.385277,24.498161],[54.385363,24.498053],[54.385231,24.497949],[54.385259,24.497914],[54.385119,24.497821],[54.385215,24.4977],[54.384944,24.497521],[54.383707,24.49725],[54.383764,24.497182],[54.383954,24.497224],[54.384007,24.49716],[54.383943,24.497116],[54.383839,24.497094],[54.383931,24.496985],[54.385176,24.497258],[54.38532,24.497172],[54.385305,24.497153],[54.385451,24.497063],[54.385406,24.496963],[54.385384,24.496853],[54.385417,24.496764],[54.385588,24.496566],[54.385482,24.496497],[54.384696,24.496325],[54.384691,24.496305],[54.384533,24.49627],[54.384764,24.495995],[54.384784,24.496],[54.384845,24.495931],[54.384827,24.495918],[54.385171,24.495529],[54.38515,24.495515],[54.385135,24.495344],[54.385012,24.495259],[54.384395,24.495026],[54.384357,24.494992],[54.383853,24.494861],[54.383871,24.49484],[54.383708,24.494723],[54.383927,24.494771],[54.384006,24.49468],[54.384681,24.494915],[54.385804,24.495161],[54.385855,24.495102],[54.385657,24.494863],[54.385673,24.494843],[54.385602,24.494797],[54.385285,24.494415],[54.38441,24.494223],[54.384535,24.494079],[54.384323,24.493927],[54.384207,24.493902],[54.384244,24.493859],[54.384047,24.493718],[54.384429,24.493802],[54.384327,24.493925],[54.384548,24.494076],[54.38738,24.494697],[54.387698,24.49491],[54.389788,24.495368],[54.389916,24.495196],[54.389717,24.495074],[54.38973,24.495041],[54.390579,24.495227],[54.39069,24.495223],[54.390655,24.494492],[54.390709,24.494504],[54.391518,24.49441],[54.391469,24.494056],[54.390121,24.493761],[54.390064,24.493767],[54.389522,24.493648],[54.389757,24.493253],[54.389692,24.49314],[54.388319,24.492834],[54.388253,24.492863],[54.388246,24.49289],[54.388222,24.492885],[54.387805,24.493598],[54.387987,24.493667],[54.389044,24.493899],[54.389049,24.494002],[54.389139,24.494073],[54.389101,24.494112],[54.38911,24.494298],[54.387649,24.493977],[54.387608,24.494074],[54.385089,24.493521],[54.384853,24.49335],[54.383505,24.493054],[54.383214,24.493412],[54.383482,24.493587],[54.383021,24.493486],[54.38285,24.493683],[54.383061,24.493835],[54.383178,24.493861],[54.383141,24.493903],[54.383261,24.493989],[54.38309,24.493952],[54.382918,24.494149],[54.383037,24.494235],[54.382876,24.4942],[54.382748,24.494347],[54.382359,24.494262],[54.382187,24.49446],[54.382399,24.494611],[54.382503,24.494634],[54.382478,24.494664],[54.382689,24.494816],[54.383333,24.494957],[54.382944,24.495408],[54.382841,24.495336],[54.382036,24.49516],[54.381832,24.495013],[54.38102,24.494835],[54.38105,24.494795],[54.382813,24.495181],[54.382929,24.495048],[54.382695,24.494879],[54.382271,24.494786],[54.382285,24.494771],[54.382031,24.49459],[54.380234,24.494196],[54.380206,24.494227],[54.378863,24.493933],[54.378792,24.494016],[54.378006,24.493843],[54.377803,24.494084],[54.378016,24.494232],[54.378374,24.494311],[54.378411,24.494337],[54.378538,24.494365],[54.378698,24.494478],[54.3788,24.494501]],[[54.380931,24.496657],[54.380985,24.496694],[54.380829,24.49666],[54.380776,24.496623],[54.380931,24.496657]],[[54.380127,24.495463],[54.380262,24.495493],[54.380256,24.4955],[54.380003,24.495439],[54.380127,24.495463]],[[54.380656,24.495269],[54.380644,24.495283],[54.380625,24.495279],[54.380637,24.495265],[54.380656,24.495269]],[[54.379362,24.495592],[54.378772,24.495462],[54.378775,24.495459],[54.379362,24.495592]]]}},{"type":"Feature","properties":{},"geometry":{"type":"Polygon","coordinates":[[[54.380033,24.498011],[54.380309,24.497701],[54.38011,24.497554],[54.379395,24.497397],[54.379426,24.497361],[54.379162,24.497166],[54.378156,24.496946],[54.378049,24.497065],[54.378313,24.49726],[54.378525,24.497307],[54.378423,24.497422],[54.378023,24.497334],[54.377916,24.497454],[54.378168,24.497639],[54.37903,24.497828],[54.379058,24.497797],[54.380033,24.498011]]]}},{"type":"Feature","properties":{},"geometry":{"type":"Polygon","coordinates":[[[54.379253,24.498302],[54.379489,24.498472],[54.380387,24.498669],[54.380549,24.498485],[54.380314,24.498314],[54.379736,24.498188],[54.379827,24.498086],[54.379709,24.497999],[54.378271,24.497684],[54.378077,24.497902],[54.378194,24.497989],[54.379313,24.498234],[54.379253,24.498302]]]}},{"type":"Feature","properties":{},"geometry":{"type":"Polygon","coordinates":[[[54.378068,24.498306],[54.377939,24.498278],[54.377764,24.498474],[54.377898,24.498573],[54.378736,24.498756],[54.378627,24.498872],[54.378728,24.498949],[54.378998,24.499009],[54.379111,24.498886],[54.379023,24.498819],[54.379565,24.498932],[54.379675,24.498795],[54.379377,24.498593],[54.379345,24.498586],[54.379217,24.498504],[54.379073,24.498473],[54.379198,24.498305],[54.379106,24.49823],[54.378171,24.498025],[54.377977,24.498244],[54.378068,24.498306]]]}},{"type":"Feature","properties":{},"geometry":{"type":"Polygon","coordinates":[[[54.378795,24.499153],[54.378822,24.499126],[54.378865,24.499136],[54.378905,24.499095],[54.378814,24.499021],[54.378544,24.498962],[54.378463,24.499043],[54.378526,24.499094],[54.378795,24.499153]]]}},{"type":"Feature","properties":{},"geometry":{"type":"Polygon","coordinates":[[[54.380173,24.501771],[54.37996,24.501605],[54.377961,24.501167],[54.377761,24.501379],[54.377974,24.501545],[54.379974,24.501983],[54.380173,24.501771]]]}},{"type":"Feature","properties":{},"geometry":{"type":"Polygon","coordinates":[[[54.379384,24.502166],[54.379238,24.502047],[54.37789,24.501751],[54.377689,24.501955],[54.377836,24.502074],[54.379184,24.502369],[54.379384,24.502166]]]}},{"type":"Feature","properties":{},"geometry":{"type":"Polygon","coordinates":[[[54.379894,24.502626],[54.379726,24.502491],[54.378018,24.502117],[54.377828,24.502314],[54.377996,24.502449],[54.379703,24.502823],[54.379894,24.502626]]]}},{"type":"Feature","properties":{},"geometry":{"type":"Polygon","coordinates":[[[54.379766,24.502955],[54.379564,24.502813],[54.377856,24.502438],[54.377752,24.502561],[54.377954,24.502704],[54.379662,24.503078],[54.379766,24.502955]]]}},{"type":"Feature","properties":{},"geometry":{"type":"Polygon","coordinates":[[[54.378755,24.50842],[54.378758,24.508523],[54.379027,24.508582],[54.379136,24.50858],[54.379134,24.508477],[54.378864,24.508417],[54.378755,24.50842]]]}},{"type":"Feature","properties":{},"geometry":{"type":"Polygon","coordinates":[[[54.378529,24.50857],[54.37853,24.508679],[54.3788,24.508739],[54.378872,24.508738],[54.378871,24.508628],[54.378601,24.508569],[54.378529,24.50857]]]}},{"type":"Feature","properties":{},"geometry":{"type":"Polygon","coordinates":[[[54.379623,24.510497],[54.379705,24.510515],[54.379934,24.510389],[54.379868,24.510291],[54.380044,24.510329],[54.380325,24.51018],[54.380349,24.510185],[54.380989,24.509844],[54.380972,24.509817],[54.381076,24.509761],[54.380817,24.509353],[54.379918,24.509156],[54.379666,24.509281],[54.379769,24.509434],[54.379535,24.509383],[54.379184,24.50957],[54.378591,24.509439],[54.377802,24.509708],[54.378003,24.51002],[54.378202,24.510064],[54.378115,24.510113],[54.378367,24.510488],[54.379266,24.510685],[54.379623,24.510497]]]}},{"type":"Feature","properties":{},"geometry":{"type":"Polygon","coordinates":[[[54.379726,24.480356],[54.379668,24.480419],[54.379864,24.480566],[54.379687,24.480528],[54.379648,24.480574],[54.37945,24.480531],[54.379208,24.480817],[54.379335,24.480907],[54.37964,24.480973],[54.379553,24.481068],[54.379787,24.481244],[54.380174,24.481329],[54.38009,24.481428],[54.380275,24.481546],[54.380269,24.481553],[54.380429,24.481665],[54.380469,24.481674],[54.380454,24.481692],[54.381462,24.482418],[54.381782,24.482489],[54.381701,24.482584],[54.381937,24.482751],[54.382002,24.482765],[54.381995,24.482773],[54.382231,24.48294],[54.382266,24.482947],[54.382257,24.482958],[54.382768,24.483307],[54.382754,24.483324],[54.38299,24.48349],[54.383329,24.483564],[54.383236,24.483672],[54.383376,24.483772],[54.383663,24.483835],[54.383807,24.483669],[54.383889,24.483687],[54.383917,24.483654],[54.384053,24.483684],[54.384201,24.483512],[54.3841,24.48344],[54.384269,24.483241],[54.384211,24.4832],[54.384304,24.48322],[54.38443,24.483072],[54.384555,24.483099],[54.384703,24.482928],[54.384564,24.482828],[54.384536,24.482822],[54.38465,24.48269],[54.384598,24.482652],[54.384665,24.482667],[54.384813,24.482496],[54.384759,24.482457],[54.384838,24.482475],[54.384911,24.48239],[54.384999,24.48241],[54.385153,24.482226],[54.385088,24.482181],[54.385106,24.48216],[54.385198,24.48218],[54.385351,24.481997],[54.385278,24.481946],[54.38529,24.481932],[54.385399,24.481956],[54.385553,24.481772],[54.385459,24.481707],[54.385466,24.481699],[54.385596,24.481728],[54.385668,24.481642],[54.385749,24.48166],[54.385897,24.481489],[54.385757,24.481388],[54.385494,24.481331],[54.385507,24.481317],[54.385269,24.481148],[54.385216,24.481136],[54.38472,24.480795],[54.384682,24.480787],[54.384701,24.480764],[54.384463,24.480595],[54.384177,24.480533],[54.384248,24.480454],[54.384013,24.480278],[54.383966,24.480268],[54.383984,24.480247],[54.38349,24.479888],[54.382591,24.479691],[54.382408,24.479894],[54.382769,24.480153],[54.382709,24.48014],[54.382569,24.480048],[54.382396,24.479907],[54.381497,24.47971],[54.381326,24.479899],[54.381457,24.479998],[54.381285,24.479961],[54.381113,24.48015],[54.381134,24.480166],[54.380775,24.480087],[54.380848,24.480005],[54.380663,24.479867],[54.380394,24.479808],[54.380299,24.479913],[54.380431,24.480012],[54.380249,24.479972],[54.380155,24.480085],[54.380026,24.480057],[54.379795,24.480325],[54.379874,24.48038],[54.379915,24.480389],[54.379726,24.480356]],[[54.381529,24.481686],[54.380856,24.481539],[54.380865,24.481528],[54.38077,24.481462],[54.380901,24.481491],[54.381067,24.481295],[54.381011,24.481255],[54.381117,24.481278],[54.381091,24.481329],[54.381182,24.481368],[54.381452,24.481427],[54.381488,24.481357],[54.381396,24.481318],[54.381141,24.481262],[54.381258,24.481124],[54.381602,24.48134],[54.381588,24.481357],[54.381824,24.481519],[54.381852,24.481526],[54.381842,24.481538],[54.382077,24.4817],[54.382391,24.481769],[54.382332,24.481838],[54.381693,24.481698],[54.381635,24.481763],[54.381529,24.481686]],[[54.382163,24.480976],[54.381487,24.480827],[54.381493,24.48082],[54.381333,24.480708],[54.381257,24.480691],[54.381273,24.480672],[54.381112,24.48056],[54.380843,24.4805],[54.380677,24.480697],[54.380828,24.480802],[54.380663,24.480766],[54.380656,24.480774],[54.380585,24.480725],[54.380426,24.48069],[54.380584,24.480506],[54.380512,24.480454],[54.38044,24.480439],[54.380448,24.48043],[54.380621,24.480467],[54.380677,24.480402],[54.381126,24.4805],[54.381304,24.480287],[54.381347,24.480297],[54.381498,24.48041],[54.381544,24.48042],[54.381517,24.480452],[54.381914,24.480716],[54.382183,24.480775],[54.382182,24.480804],[54.382103,24.480787],[54.38203,24.480869],[54.382118,24.480934],[54.382237,24.48096],[54.382231,24.481003],[54.38243,24.481047],[54.382428,24.481061],[54.382933,24.481172],[54.382799,24.481333],[54.383428,24.481763],[54.383414,24.48176],[54.383377,24.481798],[54.383524,24.481919],[54.383708,24.481959],[54.383751,24.481988],[54.383545,24.481948],[54.383395,24.481842],[54.383083,24.481774],[54.383164,24.481682],[54.382163,24.480976]],[[54.382498,24.48036],[54.382479,24.480351],[54.382488,24.480353],[54.382498,24.48036]],[[54.380135,24.480519],[54.38013,24.480515],[54.380137,24.480517],[54.380135,24.480519]],[[54.384078,24.4813],[54.383982,24.481414],[54.384049,24.481461],[54.384002,24.48145],[54.383851,24.481346],[54.383517,24.481273],[54.38353,24.48118],[54.384078,24.4813]],[[54.384165,24.482299],[54.384096,24.482256],[54.383925,24.482218],[54.383862,24.482174],[54.384017,24.482208],[54.384042,24.482173],[54.384101,24.482213],[54.384433,24.482286],[54.38441,24.482311],[54.384464,24.48235],[54.384386,24.482333],[54.384278,24.482457],[54.384196,24.482399],[54.384148,24.482388],[54.384159,24.482376],[54.38408,24.482325],[54.384136,24.482337],[54.384165,24.482299]],[[54.383712,24.48211],[54.383571,24.482079],[54.383612,24.482031],[54.383748,24.48206],[54.383712,24.48211]]]}},{"type":"Feature","properties":{},"geometry":{"type":"Polygon","coordinates":[[[54.380054,24.483157],[54.38083,24.483699],[54.381553,24.483857],[54.381476,24.483958],[54.381432,24.484044],[54.381569,24.484132],[54.381559,24.484145],[54.381468,24.484125],[54.381426,24.484184],[54.381529,24.48425],[54.381734,24.484295],[54.381956,24.484429],[54.382018,24.484478],[54.381958,24.484553],[54.38207,24.484628],[54.382385,24.484697],[54.382315,24.48478],[54.382375,24.484822],[54.382298,24.484805],[54.382146,24.48498],[54.382286,24.485081],[54.382574,24.485144],[54.382726,24.484969],[54.382665,24.484925],[54.382745,24.484943],[54.382864,24.484802],[54.382968,24.484825],[54.383087,24.484677],[54.383284,24.484721],[54.383629,24.484276],[54.383505,24.484196],[54.38338,24.484169],[54.383398,24.48411],[54.383065,24.483895],[54.382546,24.483782],[54.382431,24.483694],[54.382443,24.48368],[54.382209,24.483517],[54.382258,24.483458],[54.382307,24.483469],[54.382326,24.483447],[54.382381,24.483459],[54.382438,24.483391],[54.382475,24.483399],[54.382569,24.483287],[54.382452,24.483205],[54.382384,24.48319],[54.382002,24.482924],[54.380704,24.482639],[54.380733,24.482607],[54.380556,24.482474],[54.38036,24.482431],[54.380484,24.482289],[54.380434,24.482253],[54.380165,24.482194],[54.380016,24.482363],[54.380066,24.4824],[54.380261,24.482442],[54.380106,24.482613],[54.380115,24.48262],[54.379911,24.482575],[54.379693,24.482837],[54.380021,24.483063],[54.380116,24.483084],[54.380054,24.483157]],[[54.380576,24.482721],[54.380499,24.482704],[54.380529,24.48267],[54.380605,24.482687],[54.380576,24.482721]]]}},{"type":"Feature","properties":{},"geometry":{"type":"Polygon","coordinates":[[[54.380203,24.483708],[54.380588,24.483971],[54.380717,24.484],[54.380683,24.484044],[54.380729,24.484076],[54.380998,24.484135],[54.381057,24.484066],[54.381008,24.484033],[54.380879,24.484004],[54.380923,24.483952],[54.380542,24.483684],[54.380273,24.483625],[54.380203,24.483708]]]}},{"type":"Feature","properties":{},"geometry":{"type":"Polygon","coordinates":[[[54.380925,24.488976],[54.380953,24.488982],[54.381144,24.489129],[54.381333,24.48917],[54.381204,24.489316],[54.381324,24.489404],[54.381703,24.489487],[54.381608,24.489598],[54.381629,24.489613],[54.381604,24.489607],[54.381463,24.489774],[54.381489,24.489792],[54.381441,24.489781],[54.381397,24.489831],[54.381248,24.489721],[54.38086,24.489635],[54.380586,24.489444],[54.3807,24.489468],[54.380732,24.489433],[54.380846,24.489514],[54.381349,24.489625],[54.381447,24.489512],[54.381253,24.489373],[54.381222,24.489366],[54.38123,24.489357],[54.381185,24.489325],[54.381271,24.489222],[54.381064,24.489078],[54.380176,24.48887],[54.380126,24.488931],[54.380211,24.48898],[54.380163,24.489036],[54.380205,24.489065],[54.37985,24.488987],[54.379687,24.489167],[54.379837,24.489279],[54.379982,24.489311],[54.379907,24.489399],[54.380115,24.489546],[54.380157,24.489555],[54.38034,24.489679],[54.380539,24.489831],[54.381305,24.489999],[54.381325,24.490015],[54.381254,24.489999],[54.381114,24.490162],[54.381226,24.490241],[54.381346,24.490268],[54.381272,24.490356],[54.381469,24.490495],[54.381508,24.490503],[54.3815,24.490513],[54.381697,24.490652],[54.381746,24.490662],[54.381718,24.490694],[54.381916,24.490833],[54.382079,24.490869],[54.382184,24.490943],[54.382489,24.49101],[54.382362,24.491154],[54.382506,24.491259],[54.382687,24.491299],[54.382641,24.491351],[54.382844,24.491494],[54.383155,24.491562],[54.383061,24.49167],[54.383254,24.491808],[54.383445,24.49185],[54.383411,24.491891],[54.383563,24.491998],[54.384354,24.492171],[54.38452,24.491976],[54.384493,24.491958],[54.38454,24.491968],[54.384614,24.491878],[54.384767,24.491986],[54.384997,24.492039],[54.384958,24.492031],[54.384888,24.492118],[54.384835,24.492107],[54.384774,24.492154],[54.384704,24.492257],[54.384922,24.492379],[54.385218,24.492444],[54.385167,24.492504],[54.386085,24.493168],[54.387433,24.493463],[54.387661,24.49287],[54.386902,24.492333],[54.386798,24.492311],[54.386711,24.492221],[54.386685,24.492055],[54.386685,24.491918],[54.386705,24.491869],[54.386839,24.491899],[54.386909,24.491815],[54.386799,24.491739],[54.387018,24.491621],[54.387185,24.491423],[54.386575,24.490972],[54.386612,24.490916],[54.386573,24.490895],[54.386583,24.49088],[54.386482,24.490826],[54.386335,24.490794],[54.386087,24.490611],[54.385779,24.490543],[54.38582,24.490495],[54.385773,24.490461],[54.385884,24.490486],[54.386048,24.4903],[54.385916,24.490203],[54.38563,24.49014],[54.385687,24.490073],[54.385263,24.489794],[54.385271,24.489785],[54.385037,24.489626],[54.384865,24.489588],[54.384907,24.489538],[54.384764,24.489439],[54.384158,24.489306],[54.384206,24.48925],[54.384086,24.489166],[54.383583,24.489056],[54.383429,24.489237],[54.383293,24.489141],[54.383122,24.489103],[54.383145,24.489075],[54.383032,24.488997],[54.382963,24.488982],[54.383091,24.488831],[54.383196,24.488905],[54.384059,24.489094],[54.384152,24.488984],[54.383954,24.488845],[54.38374,24.488707],[54.383558,24.488667],[54.383566,24.488657],[54.383455,24.488574],[54.382785,24.488427],[54.38289,24.488305],[54.382773,24.488221],[54.382486,24.488158],[54.382564,24.48807],[54.382343,24.487907],[54.382077,24.487849],[54.382159,24.48775],[54.381972,24.48762],[54.381469,24.48751],[54.381371,24.487626],[54.381449,24.487681],[54.381016,24.487586],[54.380855,24.487778],[54.381022,24.487894],[54.381173,24.487927],[54.381102,24.488013],[54.381299,24.488148],[54.381327,24.488154],[54.381319,24.488164],[54.381538,24.488304],[54.381531,24.488313],[54.381688,24.488429],[54.38123,24.488329],[54.381323,24.488215],[54.381181,24.488119],[54.380677,24.488008],[54.380515,24.488208],[54.380533,24.48822],[54.380501,24.488213],[54.380344,24.488411],[54.380373,24.48843],[54.380321,24.488419],[54.380166,24.488606],[54.380328,24.488718],[54.380644,24.488787],[54.380925,24.488976]],[[54.384958,24.491686],[54.384995,24.49165],[54.384936,24.491598],[54.38488,24.491586],[54.38493,24.491529],[54.385028,24.49155],[54.385709,24.492015],[54.385507,24.491971],[54.385521,24.491959],[54.385441,24.491881],[54.385171,24.491822],[54.38513,24.491856],[54.385094,24.491848],[54.385076,24.491863],[54.384843,24.491703],[54.384782,24.49169],[54.384814,24.491654],[54.384958,24.491686]],[[54.384364,24.491091],[54.384916,24.491212],[54.384854,24.491285],[54.38455,24.491218],[54.384364,24.491091]],[[54.382065,24.490495],[54.381868,24.490356],[54.381514,24.490279],[54.381635,24.490138],[54.381598,24.490111],[54.381665,24.490126],[54.381837,24.489934],[54.381798,24.489905],[54.382231,24.49],[54.38231,24.489906],[54.382558,24.490087],[54.38267,24.490111],[54.382552,24.490246],[54.382626,24.490301],[54.382544,24.490291],[54.382403,24.490192],[54.381899,24.490082],[54.381806,24.490192],[54.382004,24.490331],[54.382031,24.490337],[54.382222,24.490482],[54.382344,24.490509],[54.38225,24.490621],[54.382096,24.490513],[54.382057,24.490505],[54.382065,24.490495]],[[54.382478,24.489612],[54.382497,24.489591],[54.382579,24.489649],[54.382472,24.489625],[54.382459,24.489607],[54.382478,24.489612]],[[54.381903,24.488585],[54.381714,24.488447],[54.381857,24.488479],[54.38197,24.48856],[54.382431,24.488662],[54.382319,24.488797],[54.382411,24.488861],[54.382333,24.488844],[54.38218,24.488735],[54.381838,24.48866],[54.381903,24.488585]],[[54.381815,24.488064],[54.381889,24.487976],[54.382036,24.488084],[54.382179,24.488116],[54.382101,24.488207],[54.381956,24.488175],[54.381964,24.488166],[54.381815,24.488064]],[[54.384085,24.490514],[54.384213,24.490604],[54.383655,24.490481],[54.383638,24.490502],[54.383217,24.49041],[54.383286,24.490332],[54.384085,24.490514]],[[54.383275,24.489499],[54.383282,24.489476],[54.383333,24.489511],[54.383275,24.489499]],[[54.382816,24.489351],[54.38281,24.489371],[54.382801,24.489369],[54.382816,24.489351]],[[54.382883,24.489272],[54.383019,24.489367],[54.382837,24.489327],[54.382883,24.489272]],[[54.382535,24.488617],[54.382522,24.488614],[54.382526,24.48861],[54.382535,24.488617]],[[54.382608,24.488463],[54.382602,24.48847],[54.382586,24.488458],[54.382608,24.488463]],[[54.382818,24.489701],[54.383004,24.489742],[54.382956,24.489798],[54.382818,24.489701]],[[54.383161,24.489564],[54.383121,24.489611],[54.383066,24.489572],[54.383086,24.489547],[54.383161,24.489564]],[[54.384361,24.490225],[54.384513,24.490338],[54.384303,24.490292],[54.384361,24.490225]],[[54.384227,24.490985],[54.384226,24.491003],[54.384198,24.490997],[54.384204,24.49098],[54.384227,24.490985]],[[54.385832,24.492099],[54.385754,24.492082],[54.385771,24.492057],[54.385832,24.492099]]]}},{"type":"Feature","properties":{},"geometry":{"type":"Polygon","coordinates":[[[54.380013,24.49916],[54.379954,24.499237],[54.380002,24.499256],[54.379985,24.499278],[54.380323,24.499493],[54.381407,24.499726],[54.381621,24.499737],[54.381781,24.499624],[54.381737,24.499552],[54.381825,24.499572],[54.381857,24.499514],[54.381794,24.499485],[54.381613,24.499445],[54.381599,24.499418],[54.381964,24.499198],[54.382024,24.499255],[54.382323,24.499324],[54.382403,24.499318],[54.382446,24.499291],[54.382476,24.49925],[54.382481,24.499177],[54.382446,24.499122],[54.38237,24.499089],[54.382489,24.499039],[54.382457,24.498761],[54.382376,24.498649],[54.381848,24.498504],[54.381286,24.498381],[54.38111,24.498482],[54.381068,24.498473],[54.380628,24.498745],[54.380749,24.49892],[54.38062,24.499002],[54.380593,24.499106],[54.38019,24.499018],[54.380071,24.499173],[54.380013,24.49916]],[[54.381969,24.499089],[54.381903,24.498993],[54.38207,24.499029],[54.38199,24.499062],[54.381969,24.499089]]]}},{"type":"Feature","properties":{},"geometry":{"type":"Polygon","coordinates":[[[54.379537,24.507362],[54.379401,24.507332],[54.379298,24.507332],[54.379299,24.507452],[54.37934,24.507461],[54.37934,24.507547],[54.38042,24.507773],[54.38066,24.50777],[54.380656,24.507478],[54.379757,24.507281],[54.379536,24.507284],[54.379537,24.507362]]]}},{"type":"Feature","properties":{},"geometry":{"type":"Polygon","coordinates":[[[54.380285,24.512],[54.380172,24.511909],[54.380028,24.511878],[54.379543,24.512354],[54.379653,24.512439],[54.379797,24.512471],[54.380285,24.512]]]}},{"type":"Feature","properties":{},"geometry":{"type":"Polygon","coordinates":[[[54.381885,24.484717],[54.381964,24.484778],[54.382234,24.484837],[54.382285,24.484781],[54.382205,24.48472],[54.381936,24.484661],[54.381885,24.484717]]]}},{"type":"Feature","properties":{},"geometry":{"type":"Polygon","coordinates":[[[54.38079,24.485537],[54.380762,24.485697],[54.381214,24.485782],[54.381242,24.485623],[54.38079,24.485537]]]}},{"type":"Feature","properties":{},"geometry":{"type":"Polygon","coordinates":[[[54.381927,24.509318],[54.381879,24.509284],[54.38161,24.509225],[54.381563,24.509278],[54.381611,24.509312],[54.38188,24.509371],[54.381927,24.509318]]]}},{"type":"Feature","properties":{},"geometry":{"type":"Polygon","coordinates":[[[54.381468,24.510112],[54.381503,24.510184],[54.381772,24.510243],[54.381873,24.510202],[54.381839,24.510131],[54.381569,24.510072],[54.381468,24.510112]]]}},{"type":"Feature","properties":{},"geometry":{"type":"Polygon","coordinates":[[[54.381063,24.511595],[54.38109,24.511529],[54.381007,24.511506],[54.381012,24.511482],[54.380622,24.511403],[54.380589,24.511568],[54.380978,24.511648],[54.380987,24.511603],[54.38095,24.511595],[54.380955,24.511571],[54.381063,24.511595]]]}},{"type":"Feature","properties":{},"geometry":{"type":"Polygon","coordinates":[[[54.380238,24.511685],[54.381238,24.51251],[54.381382,24.512542],[54.381462,24.512458],[54.380456,24.511619],[54.380313,24.511587],[54.380238,24.511685]]]}},{"type":"Feature","properties":{},"geometry":{"type":"Polygon","coordinates":[[[54.383028,24.486314],[54.383209,24.486405],[54.383478,24.486464],[54.383488,24.486452],[54.383522,24.48646],[54.38357,24.486397],[54.383372,24.486274],[54.383102,24.486215],[54.383028,24.486314]]]}},{"type":"Feature","properties":{},"geometry":{"type":"Polygon","coordinates":[[[54.382919,24.487403],[54.383275,24.487695],[54.383316,24.487704],[54.38323,24.487791],[54.383403,24.487933],[54.38376,24.488021],[54.383808,24.488061],[54.383733,24.488044],[54.38369,24.488085],[54.383731,24.488117],[54.384,24.488176],[54.384032,24.488146],[54.384087,24.488158],[54.384011,24.488245],[54.384088,24.4883],[54.384165,24.488317],[54.384131,24.488356],[54.384147,24.488367],[54.384074,24.488454],[54.384166,24.488518],[54.384436,24.488578],[54.384473,24.488534],[54.384501,24.48854],[54.384458,24.48859],[54.38454,24.488647],[54.384809,24.488706],[54.384845,24.488664],[54.384825,24.488689],[54.385064,24.488858],[54.385143,24.488875],[54.385305,24.489006],[54.385196,24.488983],[54.384893,24.488766],[54.384814,24.488749],[54.384758,24.48871],[54.384488,24.488651],[54.38444,24.48871],[54.384539,24.488779],[54.384647,24.488803],[54.384934,24.489008],[54.385105,24.489046],[54.385098,24.489058],[54.385142,24.489078],[54.38513,24.489092],[54.385192,24.489138],[54.385367,24.489177],[54.385267,24.48929],[54.385379,24.489367],[54.385965,24.489496],[54.386191,24.48966],[54.387089,24.489857],[54.387218,24.489682],[54.386939,24.489506],[54.386629,24.489438],[54.386665,24.489398],[54.386414,24.489207],[54.386191,24.489158],[54.386219,24.48913],[54.386176,24.489096],[54.386131,24.489086],[54.386235,24.488968],[54.386167,24.488917],[54.386018,24.488884],[54.386032,24.488868],[54.387015,24.489092],[54.387105,24.488868],[54.387143,24.488826],[54.38736,24.488698],[54.387284,24.488585],[54.387194,24.488565],[54.387233,24.488525],[54.386981,24.488342],[54.38694,24.488333],[54.38695,24.488322],[54.386851,24.48825],[54.386869,24.488228],[54.386768,24.488158],[54.385648,24.487912],[54.385679,24.487876],[54.385589,24.48781],[54.385605,24.487789],[54.385496,24.487716],[54.385267,24.487666],[54.385279,24.487652],[54.385039,24.487485],[54.384687,24.487407],[54.384715,24.487375],[54.384666,24.48734],[54.384729,24.487354],[54.384805,24.487268],[54.384756,24.487233],[54.38482,24.487247],[54.384891,24.487168],[54.384702,24.487031],[54.384634,24.487016],[54.384651,24.486997],[54.38446,24.486865],[54.384191,24.486806],[54.384124,24.486882],[54.384189,24.486929],[54.384102,24.48691],[54.384035,24.486988],[54.384098,24.487033],[54.384013,24.487014],[54.383944,24.487093],[54.384004,24.487136],[54.383924,24.487119],[54.383881,24.487169],[54.38362,24.487112],[54.383713,24.487021],[54.383619,24.486943],[54.383452,24.486907],[54.383471,24.486884],[54.383426,24.486853],[54.383157,24.486794],[54.383124,24.486835],[54.38272,24.486746],[54.38245,24.48702],[54.382804,24.487315],[54.382969,24.487351],[54.382919,24.487403]],[[54.384511,24.488468],[54.384659,24.488296],[54.384636,24.488278],[54.384766,24.488307],[54.384931,24.488131],[54.385075,24.488162],[54.385015,24.488232],[54.385171,24.488347],[54.385131,24.488391],[54.385198,24.488439],[54.385056,24.488408],[54.385027,24.488464],[54.385082,24.488488],[54.385347,24.488546],[54.38538,24.48857],[54.386033,24.488713],[54.386002,24.488793],[54.38572,24.488724],[54.385587,24.488889],[54.385573,24.488886],[54.385618,24.488837],[54.385545,24.488788],[54.38528,24.48873],[54.385173,24.488652],[54.384905,24.488594],[54.384958,24.488532],[54.384876,24.488474],[54.384606,24.488415],[54.384553,24.488478],[54.384511,24.488468]],[[54.384467,24.487719],[54.384448,24.48774],[54.384338,24.487722],[54.384378,24.487682],[54.384467,24.487719]],[[54.385754,24.489012],[54.385878,24.489089],[54.385716,24.489054],[54.385754,24.489012]]]}},{"type":"Feature","properties":{},"geometry":{"type":"Polygon","coordinates":[[[54.382733,24.504657],[54.382743,24.50478],[54.383012,24.504839],[54.383088,24.504835],[54.383078,24.504712],[54.382809,24.504652],[54.382733,24.504657]]]}},{"type":"Feature","properties":{},"geometry":{"type":"Polygon","coordinates":[[[54.382846,24.508246],[54.382867,24.50828],[54.383137,24.508339],[54.38319,24.508312],[54.383169,24.508279],[54.3829,24.508219],[54.382846,24.508246]]]}},{"type":"Feature","properties":{},"geometry":{"type":"Polygon","coordinates":[[[54.384723,24.510975],[54.384029,24.510436],[54.382681,24.51014],[54.3823,24.510555],[54.382677,24.510851],[54.381894,24.510679],[54.381509,24.511102],[54.382367,24.511768],[54.383715,24.512064],[54.384099,24.511639],[54.383555,24.511217],[54.384332,24.511388],[54.384723,24.510975]]]}},{"type":"Feature","properties":{},"geometry":{"type":"Polygon","coordinates":[[[54.384372,24.480501],[54.384879,24.480859],[54.385167,24.480922],[54.385254,24.48082],[54.385515,24.480877],[54.385635,24.480742],[54.38539,24.480563],[54.384677,24.480406],[54.384685,24.480397],[54.384485,24.480251],[54.384725,24.480304],[54.384844,24.480169],[54.3846,24.479989],[54.383701,24.479792],[54.383582,24.479927],[54.38435,24.480485],[54.38438,24.480492],[54.384372,24.480501]]]}},{"type":"Feature","properties":{},"geometry":{"type":"Polygon","coordinates":[[[54.384703,24.48429],[54.384764,24.484226],[54.384748,24.484213],[54.384773,24.484187],[54.38474,24.484162],[54.384471,24.484102],[54.384385,24.484192],[54.384434,24.484231],[54.384703,24.48429]]]}},{"type":"Feature","properties":{},"geometry":{"type":"Polygon","coordinates":[[[54.384305,24.485063],[54.384321,24.485075],[54.384273,24.485123],[54.384254,24.485119],[54.38413,24.485244],[54.384142,24.485253],[54.3841,24.485299],[54.38408,24.485295],[54.383967,24.485404],[54.384108,24.485521],[54.384217,24.485545],[54.384146,24.485616],[54.383833,24.485548],[54.38357,24.48582],[54.383925,24.486112],[54.384086,24.486147],[54.384032,24.486202],[54.384391,24.486495],[54.385112,24.486653],[54.385057,24.486927],[54.385956,24.487124],[54.386352,24.487186],[54.386364,24.487129],[54.386425,24.487174],[54.386697,24.487231],[54.386515,24.487435],[54.386613,24.487512],[54.386741,24.48754],[54.386809,24.48759],[54.386827,24.48776],[54.388175,24.488056],[54.388318,24.488042],[54.388295,24.487887],[54.388451,24.487714],[54.388612,24.487707],[54.388601,24.487577],[54.38832,24.487516],[54.388251,24.487461],[54.388291,24.487422],[54.388202,24.48735],[54.386854,24.487055],[54.386806,24.487108],[54.386723,24.487043],[54.386453,24.486984],[54.386378,24.487066],[54.386415,24.486903],[54.385516,24.486706],[54.385307,24.486675],[54.385467,24.48651],[54.385543,24.486575],[54.386441,24.486772],[54.386621,24.4866],[54.386437,24.486442],[54.386384,24.486431],[54.3864,24.486414],[54.38635,24.486374],[54.386001,24.486285],[54.386038,24.486248],[54.385681,24.485958],[54.385566,24.485933],[54.385604,24.485892],[54.385256,24.485601],[54.385064,24.485559],[54.385105,24.485521],[54.385133,24.485527],[54.385258,24.485399],[54.385239,24.485384],[54.385265,24.485357],[54.385342,24.485374],[54.385447,24.485269],[54.385309,24.485155],[54.38441,24.484958],[54.384305,24.485063]]]}},{"type":"Feature","properties":{},"geometry":{"type":"Polygon","coordinates":[[[54.384751,24.492798],[54.38486,24.492864],[54.38513,24.492923],[54.385177,24.492858],[54.385067,24.492793],[54.384977,24.492773],[54.385,24.49275],[54.384925,24.492688],[54.384807,24.492653],[54.384822,24.492633],[54.384728,24.492576],[54.384458,24.492517],[54.384427,24.49256],[54.384533,24.492619],[54.384675,24.492747],[54.384772,24.492768],[54.384751,24.492798]]]}},{"type":"Feature","properties":{},"geometry":{"type":"Polygon","coordinates":[[[54.384388,24.493209],[54.384421,24.493039],[54.384055,24.492965],[54.384087,24.492934],[54.384014,24.492872],[54.383745,24.492813],[54.383709,24.492848],[54.383781,24.49291],[54.38397,24.492951],[54.383918,24.492943],[54.383885,24.493112],[54.384388,24.493209]]]}},{"type":"Feature","properties":{},"geometry":{"type":"Polygon","coordinates":[[[54.38476,24.497206],[54.384691,24.497161],[54.384421,24.497102],[54.384347,24.497196],[54.384416,24.497242],[54.384686,24.497301],[54.38476,24.497206]]]}},{"type":"Feature","properties":{},"geometry":{"type":"Polygon","coordinates":[[[54.383321,24.50491],[54.384669,24.505205],[54.384971,24.505202],[54.38497,24.505149],[54.385053,24.505148],[54.385044,24.504294],[54.38496,24.504275],[54.384958,24.504048],[54.38361,24.503752],[54.38347,24.503754],[54.383477,24.504353],[54.383302,24.504345],[54.383303,24.504399],[54.383478,24.504444],[54.383437,24.504445],[54.383437,24.504477],[54.383408,24.504477],[54.383408,24.504506],[54.383317,24.504507],[54.383321,24.50491]]]}},{"type":"Feature","properties":{},"geometry":{"type":"Polygon","coordinates":[[[54.38669,24.482051],[54.386699,24.482115],[54.386968,24.482174],[54.387168,24.482149],[54.387163,24.482087],[54.386893,24.482028],[54.38669,24.482051]]]}},{"type":"Feature","properties":{},"geometry":{"type":"Polygon","coordinates":[[[54.390209,24.482507],[54.390078,24.482448],[54.389809,24.482389],[54.389772,24.482455],[54.389903,24.482514],[54.390172,24.482574],[54.390209,24.482507]]]}},{"type":"Feature","properties":{},"geometry":{"type":"Polygon","coordinates":[[[54.390332,24.482883],[54.390267,24.482814],[54.389997,24.482755],[54.389907,24.482825],[54.389972,24.482894],[54.390242,24.482953],[54.390332,24.482883]]]}},{"type":"Feature","properties":{},"geometry":{"type":"Polygon","coordinates":[[[54.388947,24.482905],[54.388551,24.482623],[54.387203,24.482327],[54.386697,24.482936],[54.387087,24.483209],[54.388435,24.483505],[54.388947,24.482905]]]}},{"type":"Feature","properties":{},"geometry":{"type":"Polygon","coordinates":[[[54.388189,24.485172],[54.387919,24.485113],[54.387843,24.485182],[54.387894,24.485229],[54.388163,24.485288],[54.38824,24.485218],[54.388189,24.485172]]]}},{"type":"Feature","properties":{},"geometry":{"type":"Polygon","coordinates":[[[54.389928,24.485804],[54.389884,24.485759],[54.389962,24.485696],[54.389854,24.485584],[54.389584,24.485525],[54.389443,24.485639],[54.389596,24.485795],[54.389865,24.485855],[54.389928,24.485804]]]}},{"type":"Feature","properties":{},"geometry":{"type":"Polygon","coordinates":[[[54.38768,24.486803],[54.387634,24.486769],[54.387364,24.48671],[54.387265,24.486819],[54.387313,24.486855],[54.387397,24.486874],[54.38738,24.486892],[54.387469,24.486958],[54.387739,24.487017],[54.387808,24.486941],[54.387719,24.486875],[54.387633,24.486857],[54.38768,24.486803]]]}},{"type":"Feature","properties":{},"geometry":{"type":"Polygon","coordinates":[[[54.385143,24.487403],[54.385077,24.487357],[54.384808,24.487298],[54.384731,24.487386],[54.384795,24.48743],[54.385064,24.487489],[54.385143,24.487403]]]}},{"type":"Feature","properties":{},"geometry":{"type":"Polygon","coordinates":[[[54.385595,24.48949],[54.386065,24.48982],[54.386121,24.489832],[54.386108,24.489847],[54.386196,24.489911],[54.386465,24.48997],[54.386502,24.48993],[54.386412,24.489867],[54.386355,24.489854],[54.386371,24.489836],[54.385904,24.489506],[54.385634,24.489447],[54.385595,24.48949]]]}},{"type":"Feature","properties":{},"geometry":{"type":"Polygon","coordinates":[[[54.386897,24.490079],[54.387167,24.490138],[54.387232,24.490141],[54.387234,24.490097],[54.386964,24.490038],[54.3869,24.490036],[54.386897,24.490079]]]}},{"type":"Feature","properties":{},"geometry":{"type":"Polygon","coordinates":[[[54.386835,24.490257],[54.387058,24.490415],[54.387327,24.490474],[54.387447,24.490336],[54.387225,24.490176],[54.386955,24.490116],[54.386835,24.490257]]]}},{"type":"Feature","properties":{},"geometry":{"type":"Polygon","coordinates":[[[54.388768,24.494],[54.388763,24.493963],[54.388493,24.493904],[54.38838,24.493917],[54.388385,24.493955],[54.388655,24.494014],[54.388768,24.494]]]}},{"type":"Feature","properties":{},"geometry":{"type":"Polygon","coordinates":[[[54.388641,24.494037],[54.388313,24.493964],[54.38828,24.494084],[54.388608,24.494156],[54.388641,24.494037]]]}},{"type":"Feature","properties":{},"geometry":{"type":"Polygon","coordinates":[[[54.388159,24.495814],[54.388235,24.49583],[54.388239,24.495869],[54.388509,24.495928],[54.388766,24.495903],[54.388754,24.495806],[54.38867,24.495788],[54.388668,24.495768],[54.388296,24.49569],[54.388146,24.495705],[54.388159,24.495814]]]}},{"type":"Feature","properties":{},"geometry":{"type":"Polygon","coordinates":[[[54.389841,24.495821],[54.389862,24.495928],[54.390131,24.495987],[54.390225,24.495972],[54.390204,24.495866],[54.389935,24.495807],[54.389841,24.495821]]]}},{"type":"Feature","properties":{},"geometry":{"type":"Polygon","coordinates":[[[54.387605,24.497104],[54.387501,24.49631],[54.38694,24.496187],[54.386709,24.496212],[54.386851,24.497281],[54.38657,24.497309],[54.386579,24.497389],[54.38654,24.497392],[54.386584,24.497755],[54.386625,24.497763],[54.386643,24.497912],[54.386615,24.497915],[54.386626,24.498009],[54.386668,24.498018],[54.38671,24.49836],[54.386674,24.498363],[54.386683,24.498432],[54.386733,24.498443],[54.386772,24.498766],[54.386997,24.498815],[54.387369,24.498778],[54.387353,24.498647],[54.387569,24.498694],[54.387808,24.49867],[54.387785,24.498473],[54.387965,24.498512],[54.38815,24.498499],[54.388259,24.498523],[54.388965,24.498453],[54.390156,24.498713],[54.390305,24.498698],[54.3903,24.49866],[54.390447,24.49868],[54.392637,24.49916],[54.393529,24.499067],[54.393621,24.499665],[54.39497,24.49996],[54.395431,24.49991],[54.395447,24.499997],[54.395717,24.500057],[54.395832,24.500039],[54.395804,24.499886],[54.395751,24.499874],[54.396718,24.499767],[54.396608,24.498959],[54.396484,24.498838],[54.395136,24.498542],[54.394898,24.498559],[54.391505,24.497815],[54.391368,24.497883],[54.391404,24.498122],[54.391497,24.498179],[54.393637,24.498648],[54.393466,24.498663],[54.390929,24.498107],[54.390486,24.498153],[54.390407,24.497528],[54.39032,24.497509],[54.390308,24.497409],[54.390282,24.497403],[54.390274,24.497332],[54.389015,24.497056],[54.389765,24.496973],[54.389673,24.496281],[54.388325,24.495985],[54.387574,24.496068],[54.387666,24.49676],[54.388924,24.497036],[54.388864,24.497042],[54.388649,24.496995],[54.387605,24.497104]]]}},{"type":"Feature","properties":{},"geometry":{"type":"Polygon","coordinates":[[[54.387086,24.498925],[54.386817,24.498866],[54.386647,24.498885],[54.386653,24.498939],[54.386923,24.498998],[54.387091,24.49898],[54.387086,24.498925]]]}},{"type":"Feature","properties":{},"geometry":{"type":"Polygon","coordinates":[[[54.38802,24.499339],[54.387727,24.499275],[54.386775,24.499375],[54.386768,24.499506],[54.386877,24.499783],[54.386944,24.499887],[54.387235,24.500209],[54.387459,24.500387],[54.387532,24.500461],[54.388096,24.500864],[54.387919,24.500905],[54.388012,24.50105],[54.388047,24.501141],[54.388238,24.501183],[54.388281,24.501529],[54.388112,24.501492],[54.38812,24.501571],[54.388053,24.501752],[54.388154,24.501774],[54.388134,24.501871],[54.38795,24.502069],[54.387908,24.50206],[54.387837,24.502137],[54.387873,24.502161],[54.387597,24.502492],[54.387629,24.502525],[54.387613,24.502521],[54.387477,24.502822],[54.387584,24.502858],[54.387665,24.503036],[54.387577,24.503046],[54.387576,24.503105],[54.387363,24.503126],[54.387339,24.50325],[54.387673,24.503323],[54.387675,24.503391],[54.390911,24.5041],[54.391468,24.503903],[54.391307,24.503775],[54.389509,24.503381],[54.389511,24.503328],[54.389313,24.503284],[54.390292,24.503182],[54.390236,24.502732],[54.390362,24.50276],[54.390406,24.5031],[54.3909,24.503208],[54.391651,24.503144],[54.391631,24.502959],[54.392008,24.502924],[54.391996,24.502811],[54.392031,24.502808],[54.392018,24.502688],[54.391988,24.502681],[54.391976,24.502569],[54.393004,24.502792],[54.393143,24.502781],[54.39314,24.502742],[54.393265,24.502732],[54.393219,24.502234],[54.391833,24.501931],[54.391764,24.50135],[54.392822,24.501579],[54.392983,24.501562],[54.392979,24.501529],[54.39311,24.501516],[54.393049,24.501013],[54.392792,24.500956],[54.392787,24.500924],[54.391889,24.500727],[54.391786,24.500736],[54.391687,24.500714],[54.391475,24.498951],[54.39098,24.498843],[54.389877,24.498968],[54.389968,24.499683],[54.389797,24.499698],[54.38974,24.499159],[54.389403,24.499085],[54.388005,24.4992],[54.38802,24.499339]],[[54.390023,24.500131],[54.389693,24.500059],[54.389834,24.500046],[54.389826,24.49997],[54.389893,24.499984],[54.390003,24.499973],[54.390023,24.500131]],[[54.38976,24.501476],[54.389755,24.50143],[54.38986,24.501453],[54.39019,24.501424],[54.390209,24.501574],[54.38976,24.501476]],[[54.389692,24.500918],[54.389525,24.500882],[54.389522,24.500858],[54.390134,24.500993],[54.390167,24.501248],[54.390005,24.501212],[54.389984,24.501007],[54.389695,24.500943],[54.389692,24.500918]],[[54.388457,24.502853],[54.38865,24.50252],[54.388643,24.50245],[54.388739,24.503213],[54.388485,24.503157],[54.388375,24.502899],[54.388411,24.502907],[54.388457,24.502853]]]}},{"type":"Feature","properties":{},"geometry":{"type":"Polygon","coordinates":[[[54.388318,24.503649],[54.388048,24.50359],[54.387984,24.503605],[54.387995,24.503646],[54.388265,24.503705],[54.388329,24.503691],[54.388318,24.503649]]]}},{"type":"Feature","properties":{},"geometry":{"type":"Polygon","coordinates":[[[54.387406,24.504034],[54.387362,24.50404],[54.38737,24.504086],[54.38764,24.504146],[54.387827,24.504157],[54.387823,24.504077],[54.387795,24.504071],[54.387789,24.504029],[54.387519,24.503969],[54.3874,24.503984],[54.387407,24.504026],[54.387491,24.504052],[54.387406,24.504034]]]}},{"type":"Feature","properties":{},"geometry":{"type":"Polygon","coordinates":[[[54.389658,24.505614],[54.389829,24.505652],[54.389842,24.505811],[54.39074,24.506008],[54.390955,24.505994],[54.390892,24.505402],[54.389993,24.505205],[54.389795,24.505218],[54.389805,24.505346],[54.389699,24.505341],[54.389702,24.50538],[54.38964,24.505384],[54.389658,24.505614]]]}},{"type":"Feature","properties":{},"geometry":{"type":"Polygon","coordinates":[[[54.389521,24.507114],[54.389518,24.50708],[54.389248,24.507021],[54.389152,24.507028],[54.389156,24.507062],[54.389425,24.507121],[54.389521,24.507114]]]}},{"type":"Feature","properties":{},"geometry":{"type":"Polygon","coordinates":[[[54.391155,24.482894],[54.391195,24.482925],[54.391393,24.482968],[54.391361,24.483022],[54.391326,24.483001],[54.391056,24.482942],[54.390997,24.483025],[54.391238,24.483168],[54.391297,24.483181],[54.391503,24.483283],[54.392402,24.48348],[54.392467,24.483375],[54.392645,24.483414],[54.392745,24.483239],[54.392649,24.483193],[54.392579,24.483178],[54.392641,24.48308],[54.392408,24.482967],[54.391551,24.482779],[54.391413,24.482728],[54.391418,24.482719],[54.391211,24.482624],[54.39098,24.482573],[54.390987,24.482531],[54.390718,24.482472],[54.39058,24.482459],[54.390563,24.482582],[54.390896,24.482647],[54.390841,24.482743],[54.390788,24.482713],[54.390518,24.482654],[54.390461,24.482735],[54.39071,24.482873],[54.39098,24.482932],[54.391028,24.482867],[54.391155,24.482894]]]}},{"type":"Feature","properties":{},"geometry":{"type":"Polygon","coordinates":[[[54.391239,24.483715],[54.391186,24.48376],[54.391324,24.483896],[54.391594,24.483955],[54.391681,24.483879],[54.391593,24.483792],[54.392119,24.483908],[54.392199,24.483816],[54.392147,24.483774],[54.392223,24.483791],[54.392306,24.483695],[54.392122,24.483555],[54.391887,24.483504],[54.391896,24.483486],[54.391801,24.483446],[54.391532,24.483387],[54.391516,24.483417],[54.391543,24.483428],[54.391224,24.483358],[54.391015,24.483564],[54.391239,24.483715]]]}},{"type":"Feature","properties":{},"geometry":{"type":"Polygon","coordinates":[[[54.39068,24.484447],[54.390799,24.484563],[54.391068,24.484622],[54.39116,24.484544],[54.391041,24.484428],[54.390771,24.484369],[54.39068,24.484447]]]}},{"type":"Feature","properties":{},"geometry":{"type":"Polygon","coordinates":[[[54.394793,24.488419],[54.397961,24.489113],[54.398022,24.489064],[54.398136,24.489089],[54.398353,24.488914],[54.398279,24.488839],[54.398377,24.48876],[54.398204,24.488583],[54.396384,24.488184],[54.396148,24.487845],[54.398289,24.488314],[54.398318,24.488289],[54.398874,24.488706],[54.400196,24.489399],[54.400966,24.489714],[54.403105,24.490179],[54.403948,24.490239],[54.404228,24.489891],[54.403973,24.488432],[54.402866,24.488189],[54.402492,24.48806],[54.401459,24.487599],[54.400813,24.487171],[54.402102,24.487454],[54.402214,24.487412],[54.402555,24.486658],[54.402091,24.486419],[54.400743,24.486123],[54.400631,24.486302],[54.40032,24.486616],[54.400191,24.48677],[54.398968,24.486502],[54.397827,24.48775],[54.395256,24.487186],[54.395144,24.487174],[54.395019,24.487192],[54.39497,24.487235],[54.395012,24.487275],[54.394873,24.487399],[54.39462,24.487343],[54.394586,24.487371],[54.394555,24.487364],[54.394369,24.487515],[54.394501,24.48765],[54.394275,24.4876],[54.394095,24.487756],[54.394113,24.487773],[54.394066,24.487813],[54.394198,24.487939],[54.394521,24.488303],[54.394724,24.488347],[54.394793,24.488419]]]}},{"type":"Feature","properties":{},"geometry":{"type":"Polygon","coordinates":[[[54.392714,24.489126],[54.392886,24.489319],[54.393223,24.489392],[54.393429,24.48931],[54.393609,24.489349],[54.39414,24.48928],[54.394087,24.488943],[54.39375,24.488869],[54.393379,24.488918],[54.393354,24.48886],[54.393347,24.488796],[54.393361,24.488732],[54.393394,24.488675],[54.393443,24.488628],[54.393518,24.488592],[54.394045,24.488546],[54.393986,24.487991],[54.393649,24.487917],[54.392872,24.487985],[54.392909,24.488341],[54.39269,24.488612],[54.392314,24.488534],[54.392296,24.488623],[54.392215,24.488605],[54.392125,24.48894],[54.392462,24.489014],[54.392526,24.489013],[54.392714,24.489126]]]}},{"type":"Feature","properties":{},"geometry":{"type":"Polygon","coordinates":[[[54.394339,24.488873],[54.39419,24.488888],[54.394231,24.489235],[54.39439,24.48927],[54.394398,24.489338],[54.397476,24.490012],[54.397663,24.489994],[54.39765,24.489881],[54.397742,24.489871],[54.3977,24.489518],[54.397594,24.489495],[54.397586,24.48943],[54.394508,24.488755],[54.394327,24.488773],[54.394339,24.488873]]]}},{"type":"Feature","properties":{},"geometry":{"type":"Polygon","coordinates":[[[54.394421,24.489601],[54.394271,24.489615],[54.394312,24.489967],[54.39447,24.490001],[54.394481,24.490096],[54.397559,24.490771],[54.397747,24.490753],[54.39773,24.490608],[54.397823,24.490599],[54.397782,24.490247],[54.397677,24.490224],[54.397669,24.490158],[54.394592,24.489484],[54.39441,24.489501],[54.394421,24.489601]]]}},{"type":"Feature","properties":{},"geometry":{"type":"Polygon","coordinates":[[[54.392907,24.491071],[54.393148,24.491039],[54.393301,24.49113],[54.393638,24.491204],[54.393648,24.491189],[54.393741,24.49121],[54.393691,24.491271],[54.392869,24.491091],[54.392169,24.491164],[54.39221,24.49149],[54.392598,24.491575],[54.39246,24.491593],[54.392547,24.492146],[54.396321,24.492974],[54.396467,24.492955],[54.397644,24.493213],[54.397745,24.493096],[54.39765,24.493027],[54.397693,24.492978],[54.397562,24.492884],[54.397886,24.492955],[54.397931,24.492899],[54.398055,24.492926],[54.398129,24.492832],[54.398054,24.492783],[54.398118,24.492702],[54.397965,24.492601],[54.394662,24.491877],[54.394651,24.491891],[54.394529,24.491865],[54.394517,24.491879],[54.394167,24.491802],[54.395233,24.490522],[54.395062,24.49041],[54.394882,24.49037],[54.394655,24.490384],[54.394497,24.490409],[54.394352,24.490468],[54.394172,24.490686],[54.39407,24.490625],[54.394177,24.490568],[54.394315,24.490392],[54.394228,24.489887],[54.393891,24.489814],[54.393694,24.489831],[54.393574,24.489764],[54.393237,24.48969],[54.392995,24.489698],[54.392899,24.490086],[54.392856,24.490178],[54.392767,24.490289],[54.392729,24.490281],[54.392598,24.490361],[54.392349,24.490475],[54.392143,24.490511],[54.391947,24.490511],[54.391736,24.490465],[54.391721,24.490502],[54.391735,24.490577],[54.3917,24.4906],[54.391651,24.49071],[54.391724,24.490779],[54.392907,24.491071]]]}},{"type":"Feature","properties":{},"geometry":{"type":"Polygon","coordinates":[[[54.390856,24.49283],[54.390587,24.492771],[54.390399,24.492942],[54.390505,24.493039],[54.390775,24.493098],[54.390962,24.492927],[54.390856,24.49283]]]}},{"type":"Feature","properties":{},"geometry":{"type":"Polygon","coordinates":[[[54.39665,24.493243],[54.392808,24.492401],[54.392226,24.492479],[54.392288,24.492864],[54.39613,24.493706],[54.396712,24.493629],[54.39665,24.493243]]]}},{"type":"Feature","properties":{},"geometry":{"type":"Polygon","coordinates":[[[54.394413,24.494638],[54.393515,24.494441],[54.393367,24.494459],[54.393371,24.494483],[54.39331,24.49449],[54.393345,24.49473],[54.394243,24.494927],[54.394512,24.494895],[54.394481,24.494679],[54.394417,24.494665],[54.394413,24.494638]]]}},{"type":"Feature","properties":{},"geometry":{"type":"Polygon","coordinates":[[[54.392741,24.49608],[54.394089,24.496376],[54.394145,24.496333],[54.394887,24.49626],[54.395087,24.496304],[54.395212,24.496289],[54.395417,24.496107],[54.395633,24.496082],[54.395548,24.495472],[54.3942,24.495176],[54.393632,24.495242],[54.393645,24.495331],[54.393572,24.495316],[54.392676,24.495443],[54.392741,24.49608]]]}},{"type":"Feature","properties":{},"geometry":{"type":"Polygon","coordinates":[[[54.391796,24.496527],[54.391782,24.496411],[54.391975,24.496392],[54.391924,24.495972],[54.390576,24.495677],[54.390226,24.495712],[54.390227,24.495726],[54.390109,24.495729],[54.390113,24.495837],[54.390245,24.495866],[54.390265,24.496034],[54.390147,24.496033],[54.390156,24.496107],[54.390174,24.496111],[54.390205,24.496364],[54.391553,24.496659],[54.391737,24.49664],[54.391724,24.496534],[54.391796,24.496527]]]}},{"type":"Feature","properties":{},"geometry":{"type":"Polygon","coordinates":[[[54.391765,24.49708],[54.391766,24.497066],[54.391933,24.497072],[54.391931,24.497033],[54.391661,24.496974],[54.391541,24.496979],[54.391542,24.496997],[54.391422,24.496985],[54.391421,24.497019],[54.39169,24.497078],[54.391765,24.49708]]]}},{"type":"Feature","properties":{},"geometry":{"type":"Polygon","coordinates":[[[54.391939,24.497177],[54.391931,24.497139],[54.391662,24.49708],[54.391607,24.49709],[54.391615,24.497128],[54.391885,24.497187],[54.391939,24.497177]]]}},{"type":"Feature","properties":{},"geometry":{"type":"Polygon","coordinates":[[[54.391579,24.497111],[54.391309,24.497052],[54.391186,24.49705],[54.391184,24.497144],[54.391453,24.497204],[54.391573,24.497205],[54.391579,24.497111]]]}},{"type":"Feature","properties":{},"geometry":{"type":"Polygon","coordinates":[[[54.391232,24.497178],[54.39123,24.497241],[54.3915,24.4973],[54.391612,24.497303],[54.391614,24.49724],[54.391345,24.497181],[54.391232,24.497178]]]}},{"type":"Feature","properties":{},"geometry":{"type":"Polygon","coordinates":[[[54.39589,24.497117],[54.394542,24.496821],[54.39431,24.497106],[54.39439,24.49739],[54.394641,24.497508],[54.395989,24.497803],[54.396117,24.497738],[54.396233,24.497643],[54.396222,24.497569],[54.396266,24.497506],[54.396345,24.497468],[54.396378,24.497409],[54.39589,24.497117]]]}},{"type":"Feature","properties":{},"geometry":{"type":"Polygon","coordinates":[[[54.393313,24.498116],[54.39331,24.498197],[54.393622,24.498257],[54.393624,24.498176],[54.393313,24.498116]]]}},{"type":"Feature","properties":{},"geometry":{"type":"Polygon","coordinates":[[[54.395241,24.500009],[54.395264,24.500113],[54.395534,24.500172],[54.395566,24.500166],[54.395543,24.500062],[54.395273,24.500002],[54.395241,24.500009]]]}},{"type":"Feature","properties":{},"geometry":{"type":"Polygon","coordinates":[[[54.394869,24.500337],[54.39489,24.500451],[54.395159,24.50051],[54.395206,24.500503],[54.395186,24.500389],[54.394916,24.50033],[54.394869,24.500337]]]}},{"type":"Feature","properties":{},"geometry":{"type":"Polygon","coordinates":[[[54.394922,24.50055],[54.395064,24.501399],[54.396412,24.501694],[54.396978,24.501616],[54.396836,24.500768],[54.395488,24.500472],[54.394922,24.50055]]]}},{"type":"Feature","properties":{},"geometry":{"type":"Polygon","coordinates":[[[54.395661,24.501895],[54.395658,24.501997],[54.395928,24.502056],[54.396013,24.502059],[54.396017,24.501956],[54.395747,24.501897],[54.395661,24.501895]]]}},{"type":"Feature","properties":{},"geometry":{"type":"Polygon","coordinates":[[[54.392461,24.503729],[54.392453,24.50368],[54.392183,24.503621],[54.392091,24.503633],[54.392099,24.503682],[54.392369,24.503742],[54.392461,24.503729]]]}},{"type":"Feature","properties":{},"geometry":{"type":"Polygon","coordinates":[[[54.392272,24.503917],[54.392164,24.503927],[54.392167,24.503951],[54.392054,24.50394],[54.392065,24.504132],[54.392191,24.50416],[54.3922,24.504239],[54.39209,24.504227],[54.392098,24.504395],[54.39241,24.504473],[54.392177,24.504496],[54.39221,24.504771],[54.392456,24.504825],[54.392462,24.50491],[54.392228,24.504858],[54.392173,24.504863],[54.392181,24.504943],[54.392473,24.505],[54.392482,24.505074],[54.392751,24.505133],[54.392862,24.505122],[54.392836,24.504908],[54.393109,24.504968],[54.393552,24.504924],[54.393519,24.504649],[54.393224,24.504585],[54.393171,24.504114],[54.392843,24.504042],[54.392828,24.50394],[54.392543,24.503883],[54.39254,24.503829],[54.392733,24.503871],[54.392824,24.50387],[54.392823,24.503821],[54.392554,24.503762],[54.392463,24.503771],[54.392268,24.503729],[54.392105,24.503737],[54.392111,24.503839],[54.392381,24.503898],[54.392435,24.503896],[54.392347,24.503906],[54.392351,24.503934],[54.392272,24.503917]]]}},{"type":"Feature","properties":{},"geometry":{"type":"Polygon","coordinates":[[[54.392531,24.505271],[54.392558,24.505648],[54.393457,24.505845],[54.393671,24.505833],[54.393636,24.505333],[54.392431,24.505081],[54.392319,24.505083],[54.39232,24.505115],[54.392208,24.505104],[54.392211,24.505213],[54.392481,24.505273],[54.392531,24.505271]]]}},{"type":"Feature","properties":{},"geometry":{"type":"Polygon","coordinates":[[[54.392192,24.507001],[54.39227,24.507018],[54.392337,24.507004],[54.392325,24.506956],[54.392368,24.506947],[54.392357,24.506905],[54.391859,24.506801],[54.39177,24.50681],[54.391776,24.506856],[54.391986,24.506902],[54.39188,24.506896],[54.391888,24.506957],[54.392157,24.507017],[54.392193,24.507013],[54.392192,24.507001]]]}},{"type":"Feature","properties":{},"geometry":{"type":"Polygon","coordinates":[[[54.39253,24.506794],[54.392556,24.507137],[54.393455,24.507334],[54.39364,24.507322],[54.393614,24.50698],[54.392715,24.506783],[54.39253,24.506794]]]}},{"type":"Feature","properties":{},"geometry":{"type":"Polygon","coordinates":[[[54.391816,24.507144],[54.392085,24.507203],[54.392211,24.507201],[54.39221,24.507112],[54.39194,24.507053],[54.391814,24.507055],[54.391816,24.507144]]]}},{"type":"Feature","properties":{},"geometry":{"type":"Polygon","coordinates":[[[54.392843,24.507663],[54.392833,24.507524],[54.391934,24.507327],[54.391531,24.507352],[54.391541,24.50749],[54.39244,24.507687],[54.392843,24.507663]]]}},{"type":"Feature","properties":{},"geometry":{"type":"Polygon","coordinates":[[[54.391047,24.507429],[54.391046,24.50751],[54.391316,24.507569],[54.391449,24.50757],[54.39145,24.50749],[54.39118,24.507431],[54.391047,24.507429]]]}},{"type":"Feature","properties":{},"geometry":{"type":"Polygon","coordinates":[[[54.393358,24.508796],[54.393358,24.508786],[54.393485,24.508793],[54.393487,24.508759],[54.393217,24.5087],[54.39297,24.508709],[54.39297,24.508739],[54.39324,24.508798],[54.393358,24.508796]]]}},{"type":"Feature","properties":{},"geometry":{"type":"Polygon","coordinates":[[[54.393317,24.509272],[54.393423,24.509425],[54.393334,24.509406],[54.393287,24.509433],[54.393325,24.509486],[54.393096,24.509587],[54.393144,24.509669],[54.393226,24.509686],[54.393264,24.50975],[54.393021,24.509696],[54.392992,24.509738],[54.393063,24.509778],[54.393333,24.509837],[54.393356,24.509802],[54.3941,24.509965],[54.394061,24.509982],[54.393911,24.50995],[54.393869,24.509955],[54.393874,24.509991],[54.393985,24.510015],[54.393848,24.510074],[54.393872,24.51012],[54.393823,24.510109],[54.393764,24.510129],[54.393786,24.510183],[54.394056,24.510242],[54.394115,24.510222],[54.39411,24.510209],[54.394522,24.510301],[54.39462,24.510205],[54.39456,24.510154],[54.394348,24.510107],[54.394464,24.510057],[54.394457,24.510044],[54.394636,24.510083],[54.394973,24.509912],[54.394961,24.509892],[54.395143,24.509799],[54.394911,24.509421],[54.393927,24.509205],[54.393925,24.509153],[54.393655,24.509094],[54.393604,24.509096],[54.393606,24.509135],[54.393563,24.509125],[54.393369,24.509224],[54.393384,24.509249],[54.393366,24.509245],[54.393317,24.509272]]]}},{"type":"Feature","properties":{},"geometry":{"type":"Polygon","coordinates":[[[54.406187,24.480469],[54.406194,24.480477],[54.406104,24.480529],[54.406136,24.480569],[54.406311,24.480617],[54.406437,24.480741],[54.407335,24.480938],[54.407481,24.480815],[54.407296,24.480633],[54.407226,24.480618],[54.407196,24.480589],[54.407253,24.480601],[54.407672,24.48039],[54.407603,24.480282],[54.407778,24.48019],[54.407721,24.480101],[54.407608,24.480076],[54.407524,24.479943],[54.406176,24.479648],[54.405927,24.479779],[54.405983,24.479867],[54.405776,24.479976],[54.405813,24.480035],[54.405737,24.480075],[54.405905,24.480306],[54.406285,24.480389],[54.406233,24.480433],[54.406242,24.480441],[54.406226,24.480438],[54.406187,24.480469]]]}},{"type":"Feature","properties":{},"geometry":{"type":"Polygon","coordinates":[[[54.405672,24.480452],[54.405699,24.480497],[54.405969,24.480556],[54.406044,24.480519],[54.406017,24.480474],[54.405748,24.480415],[54.405672,24.480452]]]}},{"type":"Feature","properties":{},"geometry":{"type":"Polygon","coordinates":[[[54.406587,24.481072],[54.406575,24.481047],[54.406737,24.48108],[54.406856,24.480993],[54.406715,24.480832],[54.405367,24.480537],[54.40535,24.480549],[54.405173,24.48051],[54.40507,24.480586],[54.404982,24.480566],[54.404751,24.480736],[54.404947,24.480958],[54.406295,24.481254],[54.406459,24.481149],[54.406477,24.481153],[54.406587,24.481072]]]}},{"type":"Feature","properties":{},"geometry":{"type":"Polygon","coordinates":[[[54.405793,24.481609],[54.40563,24.481331],[54.40498,24.481189],[54.404966,24.481161],[54.404697,24.481102],[54.404658,24.481118],[54.404282,24.481036],[54.403673,24.48131],[54.403917,24.481584],[54.405264,24.481879],[54.405793,24.481609]]]}},{"type":"Feature","properties":{},"geometry":{"type":"Polygon","coordinates":[[[54.406005,24.481674],[54.405846,24.481639],[54.405621,24.481752],[54.40558,24.481799],[54.405601,24.481854],[54.405723,24.481963],[54.405398,24.481892],[54.40529,24.481997],[54.405261,24.482119],[54.405287,24.48226],[54.405336,24.482344],[54.405373,24.482352],[54.405417,24.48244],[54.406215,24.482614],[54.406107,24.48267],[54.406143,24.482727],[54.406412,24.482786],[54.406478,24.482753],[54.406708,24.483103],[54.407606,24.4833],[54.407782,24.483205],[54.407539,24.482833],[54.407673,24.482767],[54.407643,24.482666],[54.407609,24.482652],[54.409662,24.483102],[54.409852,24.483031],[54.409894,24.4829],[54.409496,24.482455],[54.408463,24.482229],[54.4082,24.481849],[54.406178,24.481406],[54.406001,24.481509],[54.405923,24.481577],[54.406005,24.481674]]]}},{"type":"Feature","properties":{},"geometry":{"type":"Polygon","coordinates":[[[54.403544,24.483494],[54.40347,24.483277],[54.403704,24.483145],[54.403528,24.482805],[54.403203,24.482368],[54.402754,24.48227],[54.402666,24.482306],[54.402377,24.482242],[54.402291,24.482238],[54.401421,24.483154],[54.401422,24.483271],[54.401463,24.483334],[54.402087,24.483473],[54.402285,24.483388],[54.4026,24.483303],[54.402844,24.483309],[54.403095,24.483396],[54.403544,24.483494]]]}},{"type":"Feature","properties":{},"geometry":{"type":"Polygon","coordinates":[[[54.403526,24.485074],[54.40334,24.485265],[54.403951,24.4858],[54.405299,24.486096],[54.405495,24.485905],[54.405715,24.485569],[54.40582,24.485325],[54.40589,24.485105],[54.405889,24.484942],[54.407843,24.48536],[54.407967,24.484967],[54.406554,24.484657],[54.407051,24.484665],[54.407051,24.484147],[54.406803,24.483428],[54.405455,24.483133],[54.405126,24.483265],[54.405318,24.483913],[54.404939,24.484017],[54.404994,24.484359],[54.405309,24.484428],[54.405017,24.484393],[54.404968,24.484609],[54.40454,24.484515],[54.403751,24.484451],[54.40362,24.484898],[54.403526,24.485074]]]}},{"type":"Feature","properties":{},"geometry":{"type":"Polygon","coordinates":[[[54.407606,24.485386],[54.407531,24.485323],[54.407262,24.485263],[54.406967,24.48555],[54.407042,24.485614],[54.407311,24.485673],[54.407606,24.485386]]]}},{"type":"Feature","properties":{},"geometry":{"type":"Polygon","coordinates":[[[54.407129,24.485669],[54.407024,24.485611],[54.406754,24.485552],[54.406713,24.485613],[54.406818,24.485672],[54.407088,24.485731],[54.407129,24.485669]]]}},{"type":"Feature","properties":{},"geometry":{"type":"Polygon","coordinates":[[[54.404697,24.486407],[54.403971,24.486254],[54.403234,24.486607],[54.403444,24.48716],[54.403478,24.487193],[54.404204,24.487355],[54.404441,24.487271],[54.404796,24.48708],[54.405064,24.486884],[54.405091,24.486845],[54.405082,24.486797],[54.404697,24.486407]]]}},{"type":"Feature","properties":{},"geometry":{"type":"Polygon","coordinates":[[[54.406918,24.488111],[54.406903,24.488107],[54.406497,24.488337],[54.406776,24.488745],[54.406931,24.488779],[54.406903,24.488795],[54.407183,24.489203],[54.408531,24.489498],[54.408937,24.489268],[54.408907,24.489225],[54.408992,24.489244],[54.409368,24.489014],[54.409116,24.488638],[54.408914,24.488594],[54.408946,24.488576],[54.408934,24.488559],[54.409985,24.488789],[54.41016,24.488702],[54.410183,24.488928],[54.410666,24.489033],[54.410204,24.489076],[54.410216,24.489184],[54.410636,24.489276],[54.410667,24.489547],[54.410405,24.48949],[54.410256,24.489504],[54.410326,24.49009],[54.411674,24.490385],[54.412233,24.49033],[54.412218,24.490202],[54.411791,24.490109],[54.411753,24.489785],[54.411723,24.489779],[54.411699,24.48957],[54.411713,24.489593],[54.41197,24.48965],[54.411955,24.489719],[54.413468,24.490051],[54.413524,24.489838],[54.414151,24.489975],[54.414304,24.489896],[54.414271,24.489845],[54.414484,24.48975],[54.414539,24.489628],[54.414609,24.489643],[54.414653,24.489468],[54.414003,24.489252],[54.414008,24.489191],[54.414228,24.489233],[54.414837,24.489143],[54.414793,24.488851],[54.413917,24.488659],[54.414023,24.488331],[54.414317,24.488396],[54.414452,24.488249],[54.414093,24.488054],[54.413859,24.488003],[54.413857,24.487949],[54.413587,24.48789],[54.413519,24.487893],[54.413521,24.487928],[54.412516,24.487718],[54.412242,24.487705],[54.412245,24.487728],[54.412157,24.487708],[54.411868,24.487782],[54.411582,24.487957],[54.411414,24.48813],[54.411571,24.488241],[54.411939,24.488322],[54.412028,24.488474],[54.411991,24.488577],[54.410847,24.488331],[54.410708,24.48808],[54.410589,24.488054],[54.410711,24.487985],[54.410595,24.48766],[54.409247,24.487364],[54.408884,24.487647],[54.408334,24.48801],[54.408396,24.488109],[54.407504,24.487914],[54.40727,24.487744],[54.405832,24.487429],[54.405686,24.487602],[54.405983,24.487822],[54.407011,24.488047],[54.406918,24.488111]]]}},{"type":"Feature","properties":{},"geometry":{"type":"Polygon","coordinates":[[[54.406989,24.490373],[54.407259,24.490432],[54.407324,24.490411],[54.40729,24.49033],[54.407021,24.490271],[54.406961,24.490292],[54.406989,24.490373]]]}},{"type":"Feature","properties":{},"geometry":{"type":"Polygon","coordinates":[[[54.400362,24.490428],[54.400058,24.490467],[54.400098,24.490732],[54.400997,24.490929],[54.401301,24.49089],[54.40126,24.490625],[54.400362,24.490428]]]}},{"type":"Feature","properties":{},"geometry":{"type":"Polygon","coordinates":[[[54.399558,24.49168],[54.399319,24.491508],[54.395387,24.490647],[54.395185,24.490879],[54.395424,24.49105],[54.399356,24.491912],[54.399558,24.49168]]]}},{"type":"Feature","properties":{},"geometry":{"type":"Polygon","coordinates":[[[54.398761,24.492224],[54.398757,24.492258],[54.398602,24.492224],[54.398525,24.492233],[54.39857,24.492562],[54.39884,24.492621],[54.398916,24.492612],[54.398899,24.492486],[54.399051,24.492519],[54.399365,24.492479],[54.399351,24.492379],[54.399103,24.492325],[54.399095,24.492275],[54.398873,24.492226],[54.398937,24.492217],[54.398894,24.491899],[54.3986,24.491843],[54.398488,24.491762],[54.395186,24.491038],[54.395007,24.491243],[54.395249,24.491417],[54.398537,24.492143],[54.398541,24.492176],[54.398761,24.492224]]]}},{"type":"Feature","properties":{},"geometry":{"type":"Polygon","coordinates":[[[54.398435,24.492612],[54.398537,24.492496],[54.398441,24.492427],[54.398484,24.492378],[54.398235,24.492198],[54.394932,24.491475],[54.394754,24.49168],[54.394995,24.491853],[54.398435,24.492612]]]}},{"type":"Feature","properties":{},"geometry":{"type":"Polygon","coordinates":[[[54.406815,24.493519],[54.406238,24.493041],[54.406263,24.493018],[54.406346,24.493088],[54.406616,24.493147],[54.406746,24.493019],[54.406648,24.492938],[54.406408,24.492885],[54.406602,24.492706],[54.40643,24.492584],[54.406642,24.492485],[54.406535,24.492317],[54.406247,24.492254],[54.405376,24.492715],[54.405341,24.492999],[54.4062,24.493728],[54.406488,24.493791],[54.406815,24.493519]]]}},{"type":"Feature","properties":{},"geometry":{"type":"Polygon","coordinates":[[[54.399918,24.49302],[54.399973,24.493406],[54.401321,24.493701],[54.402052,24.493616],[54.401997,24.493231],[54.400649,24.492935],[54.399918,24.49302]]]}},{"type":"Feature","properties":{},"geometry":{"type":"Polygon","coordinates":[[[54.406731,24.494903],[54.406819,24.494894],[54.408455,24.495253],[54.408192,24.49564],[54.407231,24.495105],[54.406894,24.495031],[54.406785,24.495329],[54.40635,24.49524],[54.406305,24.495308],[54.406371,24.495344],[54.40652,24.495377],[54.406486,24.495406],[54.406596,24.495512],[54.406712,24.495538],[54.406698,24.495618],[54.406664,24.495562],[54.406395,24.495503],[54.406312,24.495545],[54.406365,24.495633],[54.406404,24.495642],[54.406361,24.495724],[54.406525,24.495794],[54.40627,24.495738],[54.406224,24.495803],[54.40652,24.495878],[54.406566,24.495813],[54.406551,24.495804],[54.40666,24.495828],[54.406613,24.496087],[54.406561,24.496182],[54.406327,24.496131],[54.406312,24.496158],[54.406385,24.496193],[54.406562,24.496231],[54.406584,24.496272],[54.406631,24.496295],[54.40907,24.49683],[54.408828,24.496938],[54.407724,24.496686],[54.407491,24.496658],[54.407483,24.496789],[54.407376,24.496766],[54.407136,24.496768],[54.407136,24.496784],[54.405973,24.496531],[54.405973,24.496515],[54.405047,24.496173],[54.404485,24.49605],[54.404158,24.496949],[54.403928,24.497053],[54.404358,24.49798],[54.40492,24.498103],[54.4051,24.497955],[54.405892,24.498129],[54.405896,24.498152],[54.405209,24.498001],[54.405129,24.498028],[54.405089,24.49808],[54.4051,24.498143],[54.405081,24.498161],[54.405047,24.498153],[54.404875,24.498333],[54.404851,24.498402],[54.404855,24.498473],[54.40483,24.498577],[54.404772,24.498671],[54.404698,24.498736],[54.404569,24.498791],[54.404451,24.498802],[54.404327,24.498776],[54.404234,24.498809],[54.404127,24.498878],[54.40417,24.49892],[54.404128,24.498955],[54.404065,24.498942],[54.404,24.498976],[54.403909,24.498957],[54.403945,24.498848],[54.403902,24.498763],[54.40399,24.498704],[54.403967,24.498653],[54.404264,24.498537],[54.404405,24.498453],[54.404486,24.498365],[54.404509,24.498312],[54.40449,24.498281],[54.404504,24.498266],[54.404418,24.498204],[54.403978,24.498096],[54.403208,24.498413],[54.403016,24.498458],[54.402864,24.498563],[54.402757,24.498744],[54.40274,24.498873],[54.402759,24.498984],[54.402809,24.499041],[54.40277,24.499106],[54.402825,24.499141],[54.40285,24.499176],[54.402864,24.49922],[54.402856,24.499279],[54.403445,24.499408],[54.403154,24.499593],[54.403093,24.499605],[54.40308,24.499633],[54.403087,24.499668],[54.403154,24.499754],[54.403248,24.499802],[54.403363,24.499828],[54.403476,24.499943],[54.403581,24.500013],[54.403698,24.500065],[54.404109,24.500162],[54.404113,24.500183],[54.404184,24.500229],[54.406715,24.500776],[54.406807,24.500756],[54.406824,24.50073],[54.4068,24.500679],[54.407065,24.500732],[54.407151,24.500695],[54.407213,24.500642],[54.407246,24.500649],[54.407327,24.500561],[54.407285,24.500539],[54.407318,24.500433],[54.407715,24.500516],[54.40772,24.500491],[54.407835,24.500504],[54.407919,24.500479],[54.407949,24.500427],[54.407947,24.500395],[54.408776,24.500565],[54.408922,24.500548],[54.409037,24.500506],[54.409166,24.500418],[54.409269,24.500284],[54.409218,24.500243],[54.409189,24.500191],[54.409184,24.500115],[54.408751,24.500017],[54.408806,24.499944],[54.40889,24.499872],[54.408957,24.499837],[54.409001,24.499787],[54.409018,24.499714],[54.409012,24.499637],[54.408968,24.49957],[54.408896,24.499538],[54.406789,24.499077],[54.406833,24.498969],[54.406856,24.498849],[54.407634,24.49902],[54.407695,24.499023],[54.40777,24.49898],[54.407794,24.49892],[54.407713,24.498588],[54.407665,24.498541],[54.4069,24.498372],[54.406898,24.498349],[54.407106,24.498395],[54.407367,24.498285],[54.407168,24.497894],[54.40683,24.497819],[54.406846,24.497782],[54.406899,24.497791],[54.406913,24.497728],[54.406952,24.497736],[54.406987,24.497588],[54.406933,24.49757],[54.407891,24.49778],[54.407987,24.497551],[54.408546,24.497674],[54.408693,24.497304],[54.410624,24.497728],[54.410619,24.498189],[54.409165,24.497863],[54.40899,24.49793],[54.408992,24.498391],[54.410385,24.498696],[54.410613,24.498657],[54.41061,24.498871],[54.410748,24.499018],[54.412096,24.499313],[54.412341,24.499324],[54.412339,24.499025],[54.413173,24.499207],[54.413291,24.499197],[54.413473,24.498968],[54.413367,24.498349],[54.41339,24.49834],[54.413158,24.497796],[54.412844,24.497681],[54.411701,24.497431],[54.411736,24.497414],[54.411969,24.497465],[54.412075,24.497461],[54.412182,24.497428],[54.412276,24.497377],[54.412356,24.497317],[54.412418,24.497244],[54.414427,24.497682],[54.414587,24.497687],[54.414654,24.49766],[54.414686,24.497608],[54.414676,24.497545],[54.414645,24.497494],[54.414563,24.497413],[54.414447,24.497333],[54.414235,24.497244],[54.412128,24.496782],[54.41214,24.496774],[54.412044,24.49665],[54.412073,24.496625],[54.412349,24.496686],[54.412573,24.496581],[54.412412,24.496391],[54.410337,24.495938],[54.410046,24.496169],[54.41015,24.496288],[54.410082,24.496334],[54.408818,24.496057],[54.408841,24.495999],[54.408507,24.495814],[54.408888,24.495254],[54.408961,24.495292],[54.410084,24.495539],[54.410385,24.495587],[54.410744,24.495568],[54.411087,24.495475],[54.410991,24.495295],[54.410204,24.495122],[54.410163,24.495028],[54.412883,24.495624],[54.412957,24.49554],[54.413364,24.495629],[54.413633,24.495323],[54.413913,24.495078],[54.414409,24.494767],[54.41487,24.494618],[54.415315,24.4945],[54.415319,24.494466],[54.415286,24.49429],[54.409532,24.493029],[54.409064,24.493135],[54.408549,24.493307],[54.407982,24.493622],[54.407631,24.493885],[54.407294,24.494291],[54.407526,24.494446],[54.405776,24.494063],[54.405902,24.493866],[54.405875,24.493852],[54.405929,24.493767],[54.405766,24.49368],[54.404418,24.493385],[54.404376,24.493451],[54.404296,24.493434],[54.404047,24.493458],[54.403992,24.493553],[54.403703,24.493509],[54.403359,24.493544],[54.403368,24.493617],[54.403273,24.493627],[54.403326,24.494059],[54.403286,24.494063],[54.403322,24.494353],[54.405393,24.494793],[54.405496,24.494632],[54.406731,24.494903]],[[54.406744,24.495378],[54.406768,24.495378],[54.406765,24.495385],[54.406669,24.495362],[54.406744,24.495378]],[[54.411452,24.497549],[54.411481,24.497624],[54.411354,24.497596],[54.411452,24.497549]]]}},{"type":"Feature","properties":{},"geometry":{"type":"Polygon","coordinates":[[[54.40651,24.496101],[54.406509,24.49608],[54.406472,24.496066],[54.406459,24.496027],[54.406167,24.495971],[54.406173,24.49601],[54.406202,24.496035],[54.40651,24.496101]]]}},{"type":"Feature","properties":{},"geometry":{"type":"Polygon","coordinates":[[[54.404392,24.498165],[54.404405,24.498136],[54.404083,24.498057],[54.404069,24.498085],[54.404392,24.498165]]]}},{"type":"Feature","properties":{},"geometry":{"type":"Polygon","coordinates":[[[54.396073,24.498517],[54.39607,24.498583],[54.396396,24.498644],[54.396399,24.498578],[54.396073,24.498517]]]}},{"type":"Feature","properties":{},"geometry":{"type":"Polygon","coordinates":[[[54.395441,24.502211],[54.395492,24.502519],[54.39684,24.502815],[54.397272,24.502756],[54.397221,24.502448],[54.395873,24.502153],[54.395441,24.502211]]]}},{"type":"Feature","properties":{},"geometry":{"type":"Polygon","coordinates":[[[54.40688,24.503364],[54.406917,24.503485],[54.407187,24.503544],[54.407266,24.503527],[54.407213,24.503403],[54.406943,24.503344],[54.40688,24.503364]]]}},{"type":"Feature","properties":{},"geometry":{"type":"Polygon","coordinates":[[[54.406502,24.504798],[54.406471,24.504689],[54.406697,24.504738],[54.406793,24.50474],[54.406795,24.504598],[54.406525,24.504539],[54.406432,24.504537],[54.406429,24.504624],[54.406184,24.50457],[54.406088,24.504593],[54.406141,24.504759],[54.406411,24.504818],[54.406502,24.504798]]]}},{"type":"Feature","properties":{},"geometry":{"type":"Polygon","coordinates":[[[54.397401,24.504687],[54.397407,24.504788],[54.397677,24.504847],[54.397749,24.504844],[54.397743,24.504743],[54.397473,24.504684],[54.397401,24.504687]]]}},{"type":"Feature","properties":{},"geometry":{"type":"Polygon","coordinates":[[[54.406459,24.505756],[54.406511,24.505767],[54.406702,24.505922],[54.409173,24.506463],[54.409264,24.506358],[54.409299,24.506236],[54.409288,24.506197],[54.410559,24.506476],[54.41069,24.506494],[54.410821,24.506471],[54.410935,24.506409],[54.41102,24.506316],[54.411066,24.506203],[54.411067,24.506082],[54.411028,24.505976],[54.410955,24.505886],[54.410854,24.505821],[54.409388,24.505493],[54.409265,24.505495],[54.409148,24.505532],[54.40905,24.505601],[54.408981,24.505693],[54.408947,24.505801],[54.408954,24.505922],[54.408969,24.505955],[54.407915,24.505725],[54.407693,24.505535],[54.406344,24.50524],[54.406082,24.505495],[54.406212,24.505606],[54.405385,24.505424],[54.405291,24.505739],[54.406391,24.505986],[54.406459,24.505756]]]}},{"type":"Feature","properties":{},"geometry":{"type":"Polygon","coordinates":[[[54.406373,24.50612],[54.406078,24.506025],[54.405179,24.505828],[54.405064,24.506126],[54.405359,24.506221],[54.406258,24.506418],[54.406373,24.50612]]]}},{"type":"Feature","properties":{},"geometry":{"type":"Polygon","coordinates":[[[54.406244,24.506562],[54.405965,24.506476],[54.405066,24.506279],[54.404973,24.506527],[54.405252,24.506613],[54.406151,24.50681],[54.406244,24.506562]]]}},{"type":"Feature","properties":{},"geometry":{"type":"Polygon","coordinates":[[[54.40829,24.507546],[54.40747,24.507367],[54.407549,24.507298],[54.407134,24.506909],[54.406919,24.506861],[54.406822,24.506949],[54.406855,24.506983],[54.406749,24.507074],[54.406783,24.507111],[54.40668,24.507194],[54.40607,24.50706],[54.406135,24.506913],[54.405847,24.506816],[54.404948,24.50662],[54.404806,24.507019],[54.405062,24.507112],[54.405403,24.507186],[54.404898,24.508066],[54.404993,24.508131],[54.406022,24.508356],[54.40598,24.508394],[54.406305,24.508716],[54.405842,24.508615],[54.405724,24.508722],[54.406121,24.509114],[54.407157,24.509341],[54.40706,24.509435],[54.407333,24.509688],[54.406811,24.509574],[54.406729,24.509642],[54.405477,24.509367],[54.405434,24.509416],[54.405231,24.509371],[54.405105,24.509539],[54.405253,24.509684],[54.407388,24.510151],[54.40741,24.510131],[54.407556,24.510157],[54.409171,24.51051],[54.409336,24.510394],[54.409079,24.510151],[54.409603,24.510266],[54.409697,24.51017],[54.409847,24.510306],[54.410746,24.510503],[54.411089,24.510191],[54.410904,24.510023],[54.41003,24.509831],[54.409695,24.509523],[54.408121,24.509169],[54.408534,24.509259],[54.408646,24.509144],[54.408255,24.50876],[54.407908,24.508684],[54.407964,24.508674],[54.408802,24.508858],[54.408914,24.508743],[54.408524,24.508358],[54.408253,24.508299],[54.408558,24.507749],[54.408551,24.507669],[54.40829,24.507546]],[[54.40946,24.509869],[54.409861,24.509956],[54.409705,24.510099],[54.40946,24.509869]]]}},{"type":"Feature","properties":{},"geometry":{"type":"Polygon","coordinates":[[[54.404404,24.507263],[54.404497,24.507354],[54.404767,24.507413],[54.4048,24.507385],[54.404706,24.507294],[54.404437,24.507235],[54.404404,24.507263]]]}},{"type":"Feature","properties":{},"geometry":{"type":"Polygon","coordinates":[[[54.406428,24.510834],[54.406554,24.510862],[54.406834,24.510698],[54.406774,24.510613],[54.406812,24.510587],[54.406853,24.510325],[54.406716,24.510202],[54.406429,24.510139],[54.406188,24.51034],[54.406084,24.510413],[54.405947,24.51048],[54.405819,24.510521],[54.405565,24.510545],[54.405328,24.510706],[54.405146,24.510891],[54.405193,24.51093],[54.405285,24.510962],[54.405573,24.511025],[54.405877,24.511033],[54.406079,24.510975],[54.406428,24.510834]]]}},{"type":"Feature","properties":{},"geometry":{"type":"Polygon","coordinates":[[[54.396883,24.510805],[54.397782,24.511002],[54.398038,24.510714],[54.397833,24.510564],[54.396934,24.510367],[54.396681,24.510653],[54.396883,24.510805]]]}},{"type":"Feature","properties":{},"geometry":{"type":"Polygon","coordinates":[[[54.407904,24.512242],[54.405881,24.511799],[54.405455,24.511831],[54.405478,24.512082],[54.405511,24.512124],[54.407533,24.512567],[54.407586,24.512566],[54.407622,24.51252],[54.407881,24.512566],[54.407904,24.51255],[54.407916,24.512498],[54.407904,24.512242]]]}},{"type":"Feature","properties":{},"geometry":{"type":"Polygon","coordinates":[[[54.410374,24.479952],[54.410524,24.48008],[54.410793,24.480139],[54.410862,24.480073],[54.410712,24.479944],[54.410443,24.479885],[54.410374,24.479952]]]}},{"type":"Feature","properties":{},"geometry":{"type":"Polygon","coordinates":[[[54.410876,24.481795],[54.410916,24.481829],[54.411185,24.481888],[54.411215,24.48186],[54.411175,24.481826],[54.410906,24.481767],[54.410876,24.481795]]]}},{"type":"Feature","properties":{},"geometry":{"type":"Polygon","coordinates":[[[54.408129,24.484931],[54.408142,24.484996],[54.408361,24.485107],[54.408466,24.48513],[54.408489,24.48516],[54.409474,24.485375],[54.409423,24.4854],[54.409337,24.485483],[54.4093,24.485577],[54.409299,24.485662],[54.409271,24.485633],[54.409001,24.485574],[54.408922,24.485635],[54.408963,24.485678],[54.409024,24.485691],[54.409129,24.485845],[54.409339,24.485891],[54.409397,24.485985],[54.409484,24.48606],[54.410068,24.486188],[54.410227,24.486193],[54.410504,24.486668],[54.411088,24.486796],[54.411447,24.486628],[54.410947,24.485747],[54.410986,24.485721],[54.410997,24.485648],[54.410988,24.485596],[54.410972,24.485574],[54.410868,24.485551],[54.410946,24.48555],[54.410988,24.485523],[54.411018,24.48545],[54.411562,24.485232],[54.411388,24.484914],[54.410804,24.484786],[54.410412,24.484978],[54.410231,24.484755],[54.408793,24.48444],[54.408584,24.484581],[54.408829,24.484883],[54.410056,24.485152],[54.409893,24.485227],[54.409772,24.485092],[54.408334,24.484777],[54.408129,24.484931]]]}},{"type":"Feature","properties":{},"geometry":{"type":"Polygon","coordinates":[[[54.409136,24.486194],[54.409327,24.485995],[54.409266,24.485946],[54.409214,24.485935],[54.409002,24.48576],[54.407564,24.485445],[54.407378,24.485639],[54.407698,24.485879],[54.409136,24.486194]]]}},{"type":"Feature","properties":{},"geometry":{"type":"Polygon","coordinates":[[[54.407969,24.48599],[54.407921,24.485954],[54.407651,24.485895],[54.407557,24.485997],[54.407605,24.486034],[54.407875,24.486093],[54.407969,24.48599]]]}},{"type":"Feature","properties":{},"geometry":{"type":"Polygon","coordinates":[[[54.411417,24.490773],[54.411418,24.490721],[54.411148,24.490662],[54.411052,24.490661],[54.411051,24.490713],[54.411321,24.490772],[54.411417,24.490773]]]}},{"type":"Feature","properties":{},"geometry":{"type":"Polygon","coordinates":[[[54.411311,24.491227],[54.411432,24.491228],[54.411415,24.491439],[54.41083,24.491311],[54.410457,24.491298],[54.410444,24.491622],[54.411385,24.491821],[54.411364,24.492099],[54.412712,24.492395],[54.413208,24.492427],[54.413279,24.491518],[54.411931,24.491223],[54.411599,24.491201],[54.411605,24.490963],[54.411494,24.490938],[54.411494,24.490854],[54.411224,24.490795],[54.411155,24.490795],[54.411155,24.490864],[54.410706,24.490766],[54.4106,24.490766],[54.410598,24.490812],[54.410416,24.490817],[54.410413,24.49103],[54.411311,24.491227]]]}},{"type":"Feature","properties":{},"geometry":{"type":"Polygon","coordinates":[[[54.409036,24.491182],[54.408959,24.49118],[54.408949,24.491234],[54.408947,24.491294],[54.409008,24.491308],[54.409007,24.491323],[54.409277,24.491382],[54.409489,24.491388],[54.409491,24.491321],[54.409538,24.491322],[54.409541,24.491215],[54.409272,24.491156],[54.409037,24.491149],[54.409036,24.491182]]]}},{"type":"Feature","properties":{},"geometry":{"type":"Polygon","coordinates":[[[54.409341,24.500381],[54.409433,24.500448],[54.410781,24.500743],[54.410961,24.500774],[54.411094,24.500772],[54.411219,24.500708],[54.411274,24.500591],[54.411323,24.500036],[54.41136,24.499806],[54.411326,24.499734],[54.411248,24.499675],[54.410147,24.499434],[54.410173,24.499339],[54.410226,24.498942],[54.409435,24.498769],[54.409193,24.498752],[54.409194,24.49867],[54.408852,24.4986],[54.408836,24.49866],[54.408874,24.498774],[54.408995,24.498801],[54.409005,24.499092],[54.408919,24.499457],[54.409485,24.499597],[54.409349,24.50004],[54.4093,24.500253],[54.409341,24.500381]]]}},{"type":"Feature","properties":{},"geometry":{"type":"Polygon","coordinates":[[[54.408053,24.500954],[54.408025,24.501013],[54.408063,24.501044],[54.408333,24.501103],[54.408384,24.50103],[54.408416,24.500946],[54.408085,24.500876],[54.408054,24.500908],[54.408053,24.500954]]]}},{"type":"Feature","properties":{},"geometry":{"type":"Polygon","coordinates":[[[54.410369,24.502258],[54.410687,24.502248],[54.410778,24.502217],[54.410893,24.502146],[54.410942,24.501985],[54.412325,24.502288],[54.412629,24.502656],[54.412874,24.50282],[54.412944,24.502892],[54.413013,24.502973],[54.413098,24.503119],[54.413772,24.503266],[54.413844,24.503247],[54.413964,24.502956],[54.414053,24.502476],[54.413573,24.50218],[54.413415,24.502029],[54.413329,24.501917],[54.413248,24.501773],[54.4132,24.501634],[54.412526,24.501486],[54.411982,24.501472],[54.412018,24.501673],[54.412086,24.501861],[54.410544,24.501523],[54.410437,24.50152],[54.410436,24.501607],[54.410405,24.501606],[54.409605,24.501431],[54.408723,24.501471],[54.408679,24.501799],[54.408718,24.501892],[54.408025,24.50174],[54.40773,24.502331],[54.407586,24.50231],[54.407515,24.502391],[54.407507,24.502438],[54.407821,24.502507],[54.407857,24.502469],[54.408114,24.502577],[54.409462,24.502872],[54.409643,24.502395],[54.40976,24.502171],[54.4101,24.502246],[54.410369,24.502258]]]}},{"type":"Feature","properties":{},"geometry":{"type":"Polygon","coordinates":[[[54.40724,24.502926],[54.407116,24.503077],[54.407179,24.503113],[54.407448,24.503172],[54.407579,24.503055],[54.407605,24.503053],[54.407673,24.502944],[54.407345,24.502871],[54.40729,24.502937],[54.40724,24.502926]]]}},{"type":"Feature","properties":{},"geometry":{"type":"Polygon","coordinates":[[[54.407404,24.503739],[54.407036,24.503648],[54.406985,24.503805],[54.407343,24.503888],[54.407404,24.503739]]]}},{"type":"Feature","properties":{},"geometry":{"type":"Polygon","coordinates":[[[54.410201,24.504126],[54.412336,24.504594],[54.412808,24.504672],[54.412839,24.504514],[54.412146,24.504362],[54.412188,24.504331],[54.411855,24.503965],[54.40972,24.503497],[54.409576,24.503605],[54.409909,24.503972],[54.410218,24.504039],[54.410201,24.504126]]]}},{"type":"Feature","properties":{},"geometry":{"type":"Polygon","coordinates":[[[54.412756,24.505082],[54.412405,24.504783],[54.409259,24.504094],[54.409054,24.504354],[54.409349,24.504692],[54.412495,24.505381],[54.412756,24.505082]]]}},{"type":"Feature","properties":{},"geometry":{"type":"Polygon","coordinates":[[[54.411577,24.506773],[54.411444,24.506736],[54.410546,24.50654],[54.410371,24.50656],[54.410298,24.506611],[54.410298,24.506661],[54.410335,24.50673],[54.410386,24.506741],[54.410502,24.506803],[54.411401,24.506999],[54.411672,24.506989],[54.411696,24.506925],[54.411631,24.506905],[54.411646,24.506812],[54.411577,24.506773]]]}},{"type":"Feature","properties":{},"geometry":{"type":"Polygon","coordinates":[[[54.407028,24.506464],[54.407336,24.506699],[54.41037,24.507364],[54.410662,24.507055],[54.410505,24.506896],[54.407472,24.506231],[54.407244,24.506239],[54.407028,24.506464]]]}},{"type":"Feature","properties":{},"geometry":{"type":"Polygon","coordinates":[[[54.410825,24.508216],[54.410872,24.508201],[54.411009,24.508195],[54.41123,24.508052],[54.411212,24.507986],[54.411129,24.507968],[54.411103,24.507916],[54.410594,24.507805],[54.410591,24.507753],[54.41038,24.507541],[54.409481,24.507344],[54.409287,24.507513],[54.409648,24.507874],[54.409834,24.507915],[54.409825,24.507938],[54.409854,24.50798],[54.409927,24.508019],[54.410825,24.508216]]]}},{"type":"Feature","properties":{},"geometry":{"type":"Polygon","coordinates":[[[54.408851,24.508027],[54.409121,24.508086],[54.40916,24.508084],[54.409158,24.508054],[54.409188,24.508053],[54.409195,24.507915],[54.408925,24.507856],[54.408877,24.507857],[54.40888,24.50792],[54.408846,24.507921],[54.408851,24.508027]]]}},{"type":"Feature","properties":{},"geometry":{"type":"Polygon","coordinates":[[[54.409547,24.508175],[54.409278,24.508116],[54.409189,24.50819],[54.409231,24.508233],[54.409501,24.508292],[54.40959,24.508218],[54.409547,24.508175]]]}},{"type":"Feature","properties":{},"geometry":{"type":"Polygon","coordinates":[[[54.410233,24.508739],[54.410172,24.508653],[54.410083,24.508634],[54.410056,24.508597],[54.409158,24.5084],[54.409014,24.508484],[54.409061,24.50855],[54.408987,24.508608],[54.409005,24.508634],[54.408969,24.508655],[54.409,24.508698],[54.409956,24.508907],[54.410016,24.508872],[54.409995,24.508843],[54.410012,24.508833],[54.410057,24.508843],[54.410233,24.508739]]]}},{"type":"Feature","properties":{},"geometry":{"type":"Polygon","coordinates":[[[54.410698,24.509064],[54.4107,24.509161],[54.41097,24.50922],[54.411032,24.509219],[54.41103,24.509122],[54.41076,24.509063],[54.410698,24.509064]]]}},{"type":"Feature","properties":{},"geometry":{"type":"Polygon","coordinates":[[[54.409516,24.51077],[54.409482,24.510698],[54.409155,24.510618],[54.409071,24.51065],[54.409051,24.510726],[54.408953,24.510705],[54.408532,24.510937],[54.40853,24.510896],[54.408261,24.510837],[54.408205,24.510839],[54.408206,24.510866],[54.408017,24.51087],[54.407855,24.510834],[54.407808,24.510866],[54.407694,24.510841],[54.407603,24.510903],[54.40774,24.511071],[54.40716,24.510943],[54.40685,24.511109],[54.406651,24.511065],[54.406208,24.511313],[54.406171,24.511417],[54.406305,24.511805],[54.406382,24.511872],[54.407731,24.512167],[54.407991,24.512141],[54.408174,24.512028],[54.408244,24.512021],[54.408237,24.511989],[54.40828,24.511962],[54.408455,24.512],[54.408493,24.511981],[54.409805,24.512268],[54.410298,24.511991],[54.410187,24.511827],[54.41054,24.511897],[54.410956,24.511667],[54.410982,24.511673],[54.411514,24.51138],[54.411425,24.511246],[54.410929,24.511138],[54.411132,24.511024],[54.410995,24.510823],[54.410904,24.510803],[54.410854,24.510774],[54.410584,24.510715],[54.410576,24.510731],[54.41054,24.510723],[54.410477,24.510633],[54.410208,24.510574],[54.410122,24.510624],[54.410128,24.510633],[54.410096,24.510626],[54.4099,24.510736],[54.409967,24.510835],[54.409931,24.510855],[54.409981,24.51093],[54.409498,24.51082],[54.409516,24.51077]]]}},{"type":"Feature","properties":{},"geometry":{"type":"Polygon","coordinates":[[[54.412015,24.481717],[54.411116,24.48152],[54.410943,24.481686],[54.411024,24.481756],[54.411291,24.481815],[54.411321,24.481841],[54.411222,24.481936],[54.411307,24.482009],[54.412205,24.482205],[54.412332,24.482085],[54.412563,24.482207],[54.413461,24.482404],[54.413637,24.482129],[54.413277,24.481938],[54.412378,24.481741],[54.412258,24.481928],[54.412015,24.481717]]]}},{"type":"Feature","properties":{},"geometry":{"type":"Polygon","coordinates":[[[54.411699,24.482137],[54.411668,24.482111],[54.411398,24.482052],[54.41132,24.482132],[54.411351,24.482158],[54.411621,24.482217],[54.411699,24.482137]]]}},{"type":"Feature","properties":{},"geometry":{"type":"Polygon","coordinates":[[[54.411738,24.485679],[54.411723,24.485648],[54.411454,24.485589],[54.41135,24.48563],[54.411365,24.485661],[54.411403,24.485669],[54.411375,24.485678],[54.411414,24.485776],[54.411683,24.485835],[54.41174,24.485816],[54.411702,24.485719],[54.41166,24.48571],[54.411738,24.485679]]]}},{"type":"Feature","properties":{},"geometry":{"type":"Polygon","coordinates":[[[54.413353,24.487731],[54.414155,24.487907],[54.414423,24.487897],[54.414419,24.487818],[54.414387,24.487811],[54.414383,24.487726],[54.414415,24.487725],[54.414412,24.487651],[54.414298,24.487626],[54.414287,24.487392],[54.413388,24.487195],[54.413283,24.487199],[54.413284,24.487227],[54.413107,24.487233],[54.413184,24.487452],[54.413245,24.487465],[54.41325,24.487586],[54.413046,24.487541],[54.412959,24.487562],[54.413014,24.487751],[54.413283,24.48781],[54.41337,24.48779],[54.413353,24.487731]]]}},{"type":"Feature","properties":{},"geometry":{"type":"Polygon","coordinates":[[[54.415123,24.487815],[54.415187,24.487829],[54.415187,24.488213],[54.415551,24.488293],[54.415472,24.488296],[54.415473,24.488321],[54.415318,24.488314],[54.415319,24.488397],[54.415589,24.488456],[54.415706,24.488455],[54.415705,24.488409],[54.415872,24.488446],[54.415966,24.488444],[54.415965,24.488395],[54.415836,24.488367],[54.415836,24.488355],[54.416086,24.48841],[54.416233,24.48841],[54.416232,24.488489],[54.416501,24.488548],[54.416796,24.488552],[54.416797,24.48851],[54.416963,24.488538],[54.416966,24.488495],[54.416696,24.488436],[54.416652,24.488434],[54.416651,24.488447],[54.416544,24.488424],[54.416545,24.488379],[54.416993,24.488467],[54.416994,24.488428],[54.416793,24.488384],[54.416793,24.488371],[54.41692,24.488389],[54.416922,24.488352],[54.417018,24.488364],[54.417018,24.488307],[54.416988,24.488301],[54.41702,24.4883],[54.417016,24.488207],[54.416938,24.48819],[54.416935,24.488101],[54.416864,24.488086],[54.416864,24.488076],[54.416936,24.488079],[54.416935,24.48803],[54.416665,24.487971],[54.416531,24.487976],[54.416524,24.48786],[54.416103,24.487769],[54.415997,24.487771],[54.415942,24.487759],[54.415941,24.487741],[54.415671,24.487682],[54.415613,24.487685],[54.415615,24.487729],[54.415853,24.48779],[54.415745,24.487766],[54.415123,24.487771],[54.415123,24.487815]],[[54.416268,24.488158],[54.416343,24.488158],[54.41635,24.488293],[54.416268,24.488277],[54.416268,24.488158]]]}},{"type":"Feature","properties":{},"geometry":{"type":"Polygon","coordinates":[[[54.415249,24.488534],[54.415245,24.488414],[54.415113,24.488385],[54.415238,24.488389],[54.415241,24.488294],[54.414972,24.488235],[54.414839,24.488231],[54.414836,24.488326],[54.41497,24.488355],[54.414852,24.488358],[54.414856,24.488478],[54.415125,24.488537],[54.415249,24.488534]]]}},{"type":"Feature","properties":{},"geometry":{"type":"Polygon","coordinates":[[[54.415411,24.488484],[54.415701,24.488543],[54.415702,24.488497],[54.415412,24.488438],[54.415411,24.488484]]]}},{"type":"Feature","properties":{},"geometry":{"type":"Polygon","coordinates":[[[54.415813,24.488701],[54.415543,24.488642],[54.415463,24.488644],[54.415465,24.488693],[54.415734,24.488752],[54.415815,24.488749],[54.415813,24.488701]]]}},{"type":"Feature","properties":{},"geometry":{"type":"Polygon","coordinates":[[[54.416332,24.489012],[54.416526,24.489047],[54.416522,24.48894],[54.416058,24.48884],[54.415999,24.488841],[54.416006,24.489041],[54.416276,24.4891],[54.416335,24.489099],[54.416332,24.489012]]]}},{"type":"Feature","properties":{},"geometry":{"type":"Polygon","coordinates":[[[54.416102,24.48931],[54.416105,24.48923],[54.415994,24.489205],[54.416146,24.489198],[54.416143,24.489154],[54.415943,24.48911],[54.415948,24.48891],[54.415679,24.488851],[54.41562,24.488852],[54.415624,24.489052],[54.41583,24.489097],[54.415719,24.489105],[54.415722,24.489146],[54.415831,24.48917],[54.415784,24.489169],[54.415782,24.48925],[54.416102,24.48931]]]}},{"type":"Feature","properties":{},"geometry":{"type":"Polygon","coordinates":[[[54.415416,24.489523],[54.415421,24.489677],[54.416319,24.489874],[54.41719,24.489852],[54.417188,24.489783],[54.417168,24.489778],[54.417165,24.489699],[54.416267,24.489502],[54.415416,24.489523]]]}},{"type":"Feature","properties":{},"geometry":{"type":"Polygon","coordinates":[[[54.412428,24.489949],[54.412432,24.490011],[54.412702,24.490071],[54.412772,24.490067],[54.412767,24.490004],[54.412498,24.489945],[54.412428,24.489949]]]}},{"type":"Feature","properties":{},"geometry":{"type":"Polygon","coordinates":[[[54.412924,24.490639],[54.412916,24.491132],[54.414264,24.491428],[54.414743,24.491434],[54.414745,24.49127],[54.414462,24.491208],[54.414464,24.491105],[54.414759,24.491109],[54.414761,24.490941],[54.413413,24.490645],[54.412924,24.490639]]]}},{"type":"Feature","properties":{},"geometry":{"type":"Polygon","coordinates":[[[54.412829,24.491185],[54.412828,24.491224],[54.413143,24.491285],[54.413145,24.491246],[54.412829,24.491185]]]}},{"type":"Feature","properties":{},"geometry":{"type":"Polygon","coordinates":[[[54.411581,24.492292],[54.411578,24.49238],[54.411848,24.492439],[54.411975,24.492442],[54.411978,24.492355],[54.411709,24.492296],[54.411581,24.492292]]]}},{"type":"Feature","properties":{},"geometry":{"type":"Polygon","coordinates":[[[54.411973,24.492459],[54.411972,24.492557],[54.412241,24.492616],[54.412424,24.492617],[54.412425,24.49252],[54.412155,24.492461],[54.411973,24.492459]]]}},{"type":"Feature","properties":{},"geometry":{"type":"Polygon","coordinates":[[[54.415372,24.496973],[54.41528,24.496919],[54.41501,24.49686],[54.4149,24.497017],[54.414992,24.497071],[54.415261,24.49713],[54.415372,24.496973]]]}},{"type":"Feature","properties":{},"geometry":{"type":"Polygon","coordinates":[[[54.415501,24.502417],[54.415496,24.502476],[54.415791,24.502537],[54.415796,24.502478],[54.415501,24.502417]]]}},{"type":"Feature","properties":{},"geometry":{"type":"Polygon","coordinates":[[[54.412702,24.502998],[54.412563,24.502967],[54.412503,24.502923],[54.412497,24.502543],[54.411891,24.502411],[54.411798,24.502335],[54.411529,24.502276],[54.411484,24.502321],[54.411149,24.502248],[54.410947,24.502245],[54.410913,24.502838],[54.412261,24.503134],[54.412704,24.50316],[54.412702,24.502998]]]}},{"type":"Feature","properties":{},"geometry":{"type":"Polygon","coordinates":[[[54.415739,24.502696],[54.415737,24.502662],[54.415468,24.502603],[54.41539,24.502607],[54.415392,24.50264],[54.415406,24.502643],[54.415395,24.502643],[54.415395,24.502682],[54.415664,24.502741],[54.415735,24.502741],[54.415736,24.502703],[54.415709,24.502697],[54.415739,24.502696]]]}},{"type":"Feature","properties":{},"geometry":{"type":"Polygon","coordinates":[[[54.415717,24.50296],[54.415774,24.502952],[54.415766,24.502902],[54.415723,24.502892],[54.415735,24.502891],[54.415732,24.502867],[54.415955,24.502915],[54.416081,24.50292],[54.416084,24.502842],[54.415815,24.502783],[54.415689,24.502779],[54.415688,24.5028],[54.415565,24.502779],[54.415562,24.502801],[54.415458,24.502778],[54.415396,24.502784],[54.415403,24.502838],[54.415451,24.502849],[54.415439,24.50285],[54.415447,24.502901],[54.415717,24.50296]]]}},{"type":"Feature","properties":{},"geometry":{"type":"Polygon","coordinates":[[[54.415635,24.503418],[54.415632,24.503473],[54.415902,24.503532],[54.415996,24.503536],[54.415998,24.50348],[54.415728,24.503421],[54.415635,24.503418]]]}},{"type":"Feature","properties":{},"geometry":{"type":"Polygon","coordinates":[[[54.415809,24.503559],[54.415813,24.503642],[54.416082,24.503701],[54.416125,24.5037],[54.416122,24.503617],[54.415852,24.503558],[54.415809,24.503559]]]}},{"type":"Feature","properties":{},"geometry":{"type":"Polygon","coordinates":[[[54.414667,24.504163],[54.414844,24.504316],[54.415416,24.504441],[54.415402,24.504453],[54.414312,24.504214],[54.414153,24.504371],[54.414331,24.504524],[54.41673,24.50505],[54.416907,24.504901],[54.416711,24.50474],[54.415759,24.504531],[54.415741,24.504512],[54.41644,24.504665],[54.416516,24.504601],[54.416768,24.504656],[54.416945,24.504507],[54.416853,24.504431],[54.41691,24.504384],[54.416713,24.504222],[54.415792,24.50402],[54.415755,24.504058],[54.415415,24.503972],[54.415356,24.503984],[54.415365,24.504022],[54.415587,24.50407],[54.415408,24.504032],[54.415385,24.504047],[54.415311,24.504031],[54.415244,24.504097],[54.414826,24.504005],[54.414667,24.504163]]]}},{"type":"Feature","properties":{},"geometry":{"type":"Polygon","coordinates":[[[54.416509,24.505411],[54.416686,24.505263],[54.41649,24.505101],[54.416167,24.50503],[54.41611,24.504983],[54.414671,24.504668],[54.414513,24.504826],[54.41469,24.504979],[54.415197,24.50509],[54.415251,24.505136],[54.416509,24.505411]]]}},{"type":"Feature","properties":{},"geometry":{"type":"Polygon","coordinates":[[[54.411909,24.507386],[54.411929,24.507309],[54.411942,24.50714],[54.411876,24.507108],[54.410977,24.506911],[54.410949,24.50696],[54.410847,24.506938],[54.410793,24.506994],[54.410732,24.507106],[54.410726,24.507266],[54.410769,24.50734],[54.411722,24.507545],[54.411803,24.507523],[54.411909,24.507386]]]}},{"type":"Feature","properties":{},"geometry":{"type":"Polygon","coordinates":[[[54.410809,24.508696],[54.411078,24.508755],[54.411367,24.508765],[54.41137,24.508667],[54.4111,24.508608],[54.410813,24.508596],[54.410809,24.508696]]]}},{"type":"Feature","properties":{},"geometry":{"type":"Polygon","coordinates":[[[54.411248,24.508984],[54.41124,24.509163],[54.411123,24.509147],[54.411122,24.509219],[54.411237,24.509245],[54.411234,24.509309],[54.411557,24.509391],[54.411556,24.509457],[54.411445,24.509433],[54.410723,24.509449],[54.410727,24.509544],[54.410996,24.509603],[54.411717,24.509582],[54.411715,24.509515],[54.411825,24.509539],[54.411943,24.509541],[54.411944,24.509476],[54.412205,24.509533],[54.412375,24.509537],[54.412386,24.509181],[54.41197,24.50909],[54.411973,24.509017],[54.411703,24.508958],[54.41158,24.508954],[54.411578,24.509004],[54.411487,24.508984],[54.411248,24.508984]]]}},{"type":"Feature","properties":{},"geometry":{"type":"Polygon","coordinates":[[[54.411256,24.509681],[54.411333,24.509838],[54.411603,24.509897],[54.411701,24.509857],[54.411624,24.5097],[54.411355,24.509641],[54.411256,24.509681]]]}},{"type":"Feature","properties":{},"geometry":{"type":"Polygon","coordinates":[[[54.419206,24.48012],[54.419208,24.480111],[54.418873,24.480042],[54.418867,24.480078],[54.418943,24.480095],[54.418942,24.480131],[54.419249,24.480191],[54.419251,24.48013],[54.419206,24.48012]]]}},{"type":"Feature","properties":{},"geometry":{"type":"Polygon","coordinates":[[[54.421171,24.480447],[54.421173,24.480401],[54.420927,24.480347],[54.42093,24.480296],[54.42066,24.480236],[54.420569,24.480232],[54.420562,24.480364],[54.420832,24.480423],[54.421171,24.480447]]]}},{"type":"Feature","properties":{},"geometry":{"type":"Polygon","coordinates":[[[54.419929,24.480822],[54.419923,24.480877],[54.420257,24.480942],[54.420263,24.480887],[54.419929,24.480822]]]}},{"type":"Feature","properties":{},"geometry":{"type":"Polygon","coordinates":[[[54.419421,24.481631],[54.419418,24.481651],[54.418898,24.481561],[54.418579,24.481524],[54.41856,24.481659],[54.41883,24.481718],[54.418961,24.481733],[54.41896,24.481742],[54.419229,24.481801],[54.419569,24.481843],[54.419575,24.481806],[54.419998,24.481866],[54.420018,24.481729],[54.419748,24.48167],[54.419421,24.481631]]]}},{"type":"Feature","properties":{},"geometry":{"type":"Polygon","coordinates":[[[54.419851,24.481856],[54.419834,24.481991],[54.420086,24.482046],[54.419777,24.48202],[54.419618,24.481986],[54.419294,24.481947],[54.419275,24.482078],[54.419654,24.48215],[54.419651,24.482167],[54.419474,24.48214],[54.419476,24.482123],[54.418801,24.481985],[54.418785,24.482055],[54.418878,24.482075],[54.418874,24.482108],[54.419246,24.482178],[54.419228,24.482308],[54.419372,24.48234],[54.419365,24.482406],[54.41938,24.482409],[54.41846,24.482285],[54.418442,24.482417],[54.4187,24.482474],[54.418434,24.482447],[54.418417,24.482581],[54.418687,24.48264],[54.418955,24.482667],[54.418929,24.482747],[54.419241,24.482821],[54.419233,24.482888],[54.418983,24.482846],[54.418991,24.482772],[54.418722,24.482713],[54.418396,24.482685],[54.418382,24.482821],[54.418608,24.48287],[54.418366,24.482861],[54.418361,24.482982],[54.41863,24.483042],[54.418955,24.483054],[54.418957,24.483017],[54.419127,24.483054],[54.419459,24.483084],[54.41947,24.48298],[54.419821,24.483015],[54.419913,24.483036],[54.419673,24.483014],[54.41966,24.483134],[54.419929,24.483193],[54.420254,24.483222],[54.420256,24.483202],[54.420974,24.483359],[54.421313,24.48339],[54.421331,24.483228],[54.421106,24.483179],[54.421122,24.483066],[54.420852,24.483007],[54.420634,24.482981],[54.420658,24.482917],[54.420385,24.482849],[54.420392,24.482803],[54.420424,24.482806],[54.420425,24.482794],[54.420565,24.482825],[54.420561,24.482854],[54.420831,24.482913],[54.421141,24.482949],[54.421158,24.482828],[54.421061,24.482807],[54.421065,24.482776],[54.421164,24.482786],[54.421186,24.482641],[54.42109,24.48262],[54.421096,24.482572],[54.421196,24.482585],[54.421215,24.482463],[54.421111,24.48244],[54.421114,24.482419],[54.421046,24.482404],[54.421223,24.48242],[54.421237,24.482299],[54.420967,24.48224],[54.420657,24.482212],[54.42065,24.482275],[54.420478,24.482247],[54.420497,24.482123],[54.420165,24.482056],[54.420357,24.482076],[54.420353,24.482089],[54.420714,24.482169],[54.420731,24.482105],[54.420947,24.482152],[54.421256,24.482194],[54.421268,24.482121],[54.421496,24.482148],[54.421519,24.481985],[54.421307,24.481938],[54.42131,24.481889],[54.42104,24.48183],[54.420742,24.481814],[54.42007,24.481706],[54.420064,24.481769],[54.420273,24.481815],[54.42026,24.481908],[54.419851,24.481856]],[[54.420433,24.482011],[54.420441,24.48195],[54.420691,24.482005],[54.420681,24.482066],[54.420433,24.482011]],[[54.420053,24.483055],[54.420087,24.483059],[54.420087,24.483063],[54.420053,24.483055]],[[54.419306,24.482801],[54.419313,24.482781],[54.419764,24.48285],[54.419783,24.482718],[54.419398,24.482645],[54.419401,24.482625],[54.4198,24.482712],[54.419782,24.48283],[54.420052,24.482889],[54.420267,24.482916],[54.420354,24.482948],[54.420541,24.482989],[54.420532,24.483053],[54.420281,24.483018],[54.42029,24.482945],[54.420021,24.482886],[54.419699,24.482858],[54.419568,24.482829],[54.419306,24.482801]],[[54.419885,24.482452],[54.420034,24.482485],[54.419884,24.48247],[54.419885,24.482452]],[[54.42046,24.482527],[54.420542,24.482545],[54.420458,24.482537],[54.42046,24.482527]],[[54.420269,24.482227],[54.420268,24.482233],[54.42007,24.482208],[54.42007,24.482194],[54.420269,24.482227]],[[54.419196,24.482537],[54.419195,24.48255],[54.418779,24.482484],[54.419196,24.482537]],[[54.419021,24.482602],[54.41919,24.482629],[54.419178,24.482709],[54.419011,24.482672],[54.419021,24.482602]]]}},{"type":"Feature","properties":{},"geometry":{"type":"Polygon","coordinates":[[[54.418942,24.481745],[54.418672,24.481686],[54.418544,24.481691],[54.41855,24.481831],[54.418819,24.48189],[54.418971,24.481884],[54.419125,24.481914],[54.419137,24.481835],[54.418944,24.481789],[54.418942,24.481745]]]}},{"type":"Feature","properties":{},"geometry":{"type":"Polygon","coordinates":[[[54.418844,24.481979],[54.418843,24.481957],[54.418573,24.481898],[54.418529,24.481901],[54.41853,24.481923],[54.4188,24.481982],[54.418844,24.481979]]]}},{"type":"Feature","properties":{},"geometry":{"type":"Polygon","coordinates":[[[54.418494,24.482084],[54.418475,24.482211],[54.418745,24.48227],[54.419067,24.482311],[54.419086,24.482184],[54.418817,24.482124],[54.418494,24.482084]]]}},{"type":"Feature","properties":{},"geometry":{"type":"Polygon","coordinates":[[[54.417594,24.487828],[54.417594,24.487782],[54.417324,24.487723],[54.417238,24.487724],[54.417239,24.487769],[54.417508,24.487828],[54.417594,24.487828]]]}},{"type":"Feature","properties":{},"geometry":{"type":"Polygon","coordinates":[[[54.419965,24.489378],[54.419964,24.489324],[54.419694,24.489265],[54.419482,24.489262],[54.419483,24.489276],[54.41933,24.489268],[54.419331,24.489307],[54.419601,24.489366],[54.419703,24.489363],[54.419702,24.489351],[54.419965,24.489378]]]}},{"type":"Feature","properties":{},"geometry":{"type":"Polygon","coordinates":[[[54.418987,24.489305],[54.418994,24.489429],[54.419263,24.489488],[54.419353,24.489484],[54.419346,24.48936],[54.419077,24.489301],[54.418987,24.489305]]]}},{"type":"Feature","properties":{},"geometry":{"type":"Polygon","coordinates":[[[54.419557,24.489378],[54.419554,24.489481],[54.419823,24.48954],[54.419928,24.489542],[54.419931,24.48944],[54.419661,24.489381],[54.419557,24.489378]]]}},{"type":"Feature","properties":{},"geometry":{"type":"Polygon","coordinates":[[[54.419157,24.48954],[54.419166,24.489612],[54.419462,24.489668],[54.419453,24.489596],[54.419157,24.48954]]]}},{"type":"Feature","properties":{},"geometry":{"type":"Polygon","coordinates":[[[54.419954,24.489878],[54.419953,24.489833],[54.419684,24.489774],[54.419563,24.489776],[54.419564,24.489821],[54.419834,24.48988],[54.419954,24.489878]]]}},{"type":"Feature","properties":{},"geometry":{"type":"Polygon","coordinates":[[[54.41924,24.490311],[54.41951,24.49037],[54.419585,24.490368],[54.419584,24.490348],[54.419707,24.490362],[54.419706,24.490326],[54.419848,24.490357],[54.419932,24.490352],[54.419929,24.490231],[54.419659,24.490172],[54.419611,24.490173],[54.419612,24.490221],[54.419432,24.490181],[54.419381,24.490183],[54.419386,24.49029],[54.419314,24.490275],[54.419239,24.490277],[54.41924,24.490311]]]}},{"type":"Feature","properties":{},"geometry":{"type":"Polygon","coordinates":[[[54.417028,24.502024],[54.417027,24.50198],[54.417112,24.501988],[54.417254,24.502089],[54.418153,24.502286],[54.418369,24.502082],[54.418139,24.501882],[54.41724,24.501685],[54.417163,24.501757],[54.41722,24.501818],[54.417181,24.501902],[54.417105,24.501931],[54.41685,24.501875],[54.416805,24.501887],[54.416819,24.501929],[54.416757,24.501916],[54.416572,24.501928],[54.416574,24.501975],[54.416843,24.502034],[54.417028,24.502024]]]}},{"type":"Feature","properties":{},"geometry":{"type":"Polygon","coordinates":[[[54.417889,24.502419],[54.41786,24.502382],[54.41759,24.502323],[54.417548,24.502351],[54.417577,24.502387],[54.417847,24.502446],[54.417889,24.502419]]]}},{"type":"Feature","properties":{},"geometry":{"type":"Polygon","coordinates":[[[54.418218,24.502471],[54.418487,24.50253],[54.418689,24.502452],[54.418646,24.502359],[54.418376,24.5023],[54.418174,24.502378],[54.418218,24.502471]]]}},{"type":"Feature","properties":{},"geometry":{"type":"Polygon","coordinates":[[[54.417908,24.502514],[54.418178,24.502573],[54.418201,24.502548],[54.418155,24.502512],[54.417885,24.502453],[54.417861,24.502478],[54.417908,24.502514]]]}},{"type":"Feature","properties":{},"geometry":{"type":"Polygon","coordinates":[[[54.417421,24.502442],[54.417421,24.502556],[54.41777,24.502621],[54.417774,24.502501],[54.417504,24.502442],[54.417421,24.502442]]]}},{"type":"Feature","properties":{},"geometry":{"type":"Polygon","coordinates":[[[54.417266,24.502711],[54.417265,24.502687],[54.416995,24.502628],[54.416892,24.50263],[54.416893,24.502654],[54.417162,24.502713],[54.417266,24.502711]]]}},{"type":"Feature","properties":{},"geometry":{"type":"Polygon","coordinates":[[[54.417678,24.50283],[54.417672,24.502769],[54.417402,24.50271],[54.417344,24.502722],[54.417299,24.502712],[54.417109,24.502719],[54.416945,24.502702],[54.416942,24.502762],[54.41733,24.502853],[54.417572,24.502844],[54.417571,24.502824],[54.417678,24.50283]]]}},{"type":"Feature","properties":{},"geometry":{"type":"Polygon","coordinates":[[[54.417875,24.503288],[54.417873,24.503227],[54.417626,24.503161],[54.417642,24.503161],[54.417644,24.503119],[54.417374,24.50306],[54.417267,24.503056],[54.417265,24.503098],[54.417464,24.503142],[54.417461,24.503227],[54.417731,24.503286],[54.417875,24.503288]]]}},{"type":"Feature","properties":{},"geometry":{"type":"Polygon","coordinates":[[[54.417657,24.503786],[54.41796,24.503846],[54.417967,24.503629],[54.417664,24.503569],[54.417657,24.503786]]]}}]}