{"type":"FeatureCollection","features":[{"type":"Feature","properties":{},"geometry":{"type":"Polygon","coordinates":[[[54.378814,24.480029],[54.378831,24.479933],[54.378693,24.479808],[54.378523,24.479963],[54.378515,24.480008],[54.378493,24.479989],[54.378309,24.480157],[54.378292,24.480252],[54.378433,24.480381],[54.378618,24.480213],[54.378626,24.480168],[54.378644,24.480184],[54.378814,24.480029]]]}},{"type":"Feature","properties":{},"geometry":{"type":"Polygon","coordinates":[[[54.37808,24.48035],[54.377897,24.48052],[54.37789,24.48056],[54.377721,24.480713],[54.377704,24.480809],[54.377824,24.480919],[54.377993,24.480766],[54.378001,24.480722],[54.37802,24.480739],[54.378203,24.480569],[54.37822,24.480473],[54.37808,24.48035]]]}},{"type":"Feature","properties":{},"geometry":{"type":"Polygon","coordinates":[[[54.378863,24.481163],[54.378854,24.481214],[54.379043,24.481344],[54.379134,24.481234],[54.379143,24.481182],[54.378954,24.481053],[54.378863,24.481163]]]}},{"type":"Feature","properties":{},"geometry":{"type":"Polygon","coordinates":[[[54.378411,24.481886],[54.37834,24.481973],[54.378328,24.482043],[54.378235,24.482156],[54.378226,24.482207],[54.378448,24.482357],[54.378511,24.482281],[54.378639,24.482358],[54.378676,24.482313],[54.378685,24.482262],[54.378642,24.482233],[54.378699,24.482164],[54.37871,24.4821],[54.378779,24.482147],[54.379004,24.481873],[54.379011,24.481834],[54.379032,24.481848],[54.379256,24.481574],[54.379266,24.481523],[54.379183,24.481467],[54.378958,24.481741],[54.378951,24.48178],[54.37893,24.481766],[54.378725,24.482015],[54.378729,24.481993],[54.378473,24.481819],[54.37864,24.481616],[54.378648,24.481571],[54.37867,24.481586],[54.378895,24.481312],[54.378904,24.481261],[54.378821,24.481205],[54.378597,24.481479],[54.378589,24.481523],[54.378567,24.481508],[54.378342,24.481782],[54.378333,24.481833],[54.378411,24.481886]]]}},{"type":"Feature","properties":{},"geometry":{"type":"Polygon","coordinates":[[[54.37889,24.481342],[54.378767,24.481484],[54.378758,24.481535],[54.378959,24.481679],[54.379082,24.481537],[54.379091,24.481485],[54.37889,24.481342]]]}},{"type":"Feature","properties":{},"geometry":{"type":"Polygon","coordinates":[[[54.37798,24.482348],[54.377608,24.482798],[54.377562,24.483055],[54.377833,24.48324],[54.378205,24.482789],[54.378251,24.482533],[54.37798,24.482348]]]}},{"type":"Feature","properties":{},"geometry":{"type":"Polygon","coordinates":[[[54.378562,24.483217],[54.378553,24.483269],[54.378829,24.483463],[54.378921,24.483356],[54.37893,24.483304],[54.378654,24.483109],[54.378562,24.483217]]]}},{"type":"Feature","properties":{},"geometry":{"type":"Polygon","coordinates":[[[54.379067,24.483488],[54.379029,24.483655],[54.379142,24.483678],[54.37918,24.483511],[54.379067,24.483488]]]}},{"type":"Feature","properties":{},"geometry":{"type":"Polygon","coordinates":[[[54.379289,24.48376],[54.37934,24.483804],[54.379426,24.483721],[54.379436,24.48367],[54.379371,24.483614],[54.379284,24.483697],[54.379277,24.483736],[54.379252,24.483725],[54.379192,24.483834],[54.379183,24.483885],[54.379222,24.483903],[54.379289,24.48376]]]}},{"type":"Feature","properties":{},"geometry":{"type":"Polygon","coordinates":[[[54.378621,24.483843],[54.378612,24.483894],[54.378657,24.483926],[54.3788,24.483761],[54.37881,24.483709],[54.378765,24.483677],[54.378621,24.483843]]]}},{"type":"Feature","properties":{},"geometry":{"type":"Polygon","coordinates":[[[54.378295,24.483509],[54.378225,24.48347],[54.378086,24.483642],[54.37804,24.483898],[54.378063,24.484116],[54.378377,24.484327],[54.378461,24.484215],[54.378499,24.483998],[54.378583,24.483906],[54.378629,24.48365],[54.37834,24.48345],[54.378295,24.483509]]]}},{"type":"Feature","properties":{},"geometry":{"type":"Polygon","coordinates":[[[54.379146,24.483911],[54.3791,24.483886],[54.379088,24.483792],[54.379023,24.48375],[54.378936,24.483735],[54.378904,24.483748],[54.378871,24.483726],[54.378585,24.484049],[54.37854,24.484305],[54.378563,24.484329],[54.378589,24.484418],[54.378624,24.484457],[54.378677,24.484481],[54.37872,24.484483],[54.378753,24.484454],[54.378816,24.484503],[54.379101,24.484168],[54.379146,24.483911]]]}},{"type":"Feature","properties":{},"geometry":{"type":"Polygon","coordinates":[[[54.379465,24.483997],[54.379377,24.483937],[54.379162,24.484199],[54.379153,24.484251],[54.379237,24.484308],[54.379308,24.484222],[54.379317,24.48417],[54.3793,24.484153],[54.379345,24.484183],[54.379455,24.484048],[54.379465,24.483997]]]}},{"type":"Feature","properties":{},"geometry":{"type":"Polygon","coordinates":[[[54.377927,24.484123],[54.377814,24.484257],[54.377805,24.484312],[54.377996,24.484445],[54.378109,24.484312],[54.378118,24.484257],[54.377927,24.484123]]]}},{"type":"Feature","properties":{},"geometry":{"type":"Polygon","coordinates":[[[54.37815,24.484275],[54.378034,24.48441],[54.378024,24.484465],[54.378208,24.484595],[54.378238,24.48456],[54.378229,24.484609],[54.378413,24.484741],[54.378528,24.484608],[54.378538,24.484554],[54.378354,24.484422],[54.378324,24.484456],[54.378333,24.484405],[54.37815,24.484275]]]}},{"type":"Feature","properties":{},"geometry":{"type":"Polygon","coordinates":[[[54.379477,24.484662],[54.379557,24.484565],[54.379566,24.484514],[54.379455,24.484439],[54.379375,24.484536],[54.379366,24.484587],[54.379188,24.484464],[54.379112,24.484557],[54.379102,24.484608],[54.379383,24.484802],[54.37946,24.484709],[54.379469,24.484658],[54.379377,24.484594],[54.379477,24.484662]]]}},{"type":"Feature","properties":{},"geometry":{"type":"Polygon","coordinates":[[[54.378563,24.484576],[54.378453,24.484705],[54.378443,24.48476],[54.378621,24.484887],[54.378732,24.484758],[54.378742,24.484704],[54.378563,24.484576]]]}},{"type":"Feature","properties":{},"geometry":{"type":"Polygon","coordinates":[[[54.37877,24.484724],[54.378662,24.484857],[54.378652,24.484911],[54.378839,24.485038],[54.378948,24.484906],[54.378957,24.484851],[54.37877,24.484724]]]}},{"type":"Feature","properties":{},"geometry":{"type":"Polygon","coordinates":[[[54.378995,24.484865],[54.378877,24.485],[54.378867,24.485054],[54.379058,24.485192],[54.379089,24.485157],[54.379081,24.485206],[54.379269,24.485341],[54.379378,24.485215],[54.379388,24.485161],[54.3792,24.485025],[54.379177,24.485051],[54.379186,24.485003],[54.378995,24.484865]]]}},{"type":"Feature","properties":{},"geometry":{"type":"Polygon","coordinates":[[[54.379184,24.486248],[54.379175,24.486299],[54.379235,24.486333],[54.379261,24.486295],[54.37927,24.486243],[54.379211,24.486209],[54.379184,24.486248]]]}},{"type":"Feature","properties":{},"geometry":{"type":"Polygon","coordinates":[[[54.37786,24.487011],[54.37803,24.487121],[54.378,24.487155],[54.377885,24.487071],[54.377786,24.487185],[54.377677,24.487106],[54.377692,24.487088],[54.377712,24.486979],[54.377627,24.486917],[54.377437,24.487134],[54.377417,24.487244],[54.377503,24.487306],[54.377572,24.487228],[54.377681,24.487307],[54.377662,24.487329],[54.377643,24.487438],[54.377665,24.487454],[54.377651,24.487532],[54.377838,24.487668],[54.377856,24.487647],[54.377837,24.487755],[54.377936,24.487827],[54.377511,24.488312],[54.377506,24.488338],[54.377301,24.488195],[54.377244,24.488263],[54.377214,24.488434],[54.378013,24.48899],[54.37807,24.488923],[54.3781,24.488752],[54.377913,24.488621],[54.378774,24.487639],[54.379116,24.487887],[54.379107,24.487937],[54.379208,24.488013],[54.379245,24.487973],[54.379254,24.487922],[54.379223,24.487898],[54.37931,24.487798],[54.379323,24.487728],[54.379453,24.487579],[54.379473,24.48747],[54.379086,24.48719],[54.379061,24.487219],[54.378934,24.487127],[54.378971,24.487085],[54.37899,24.486976],[54.378791,24.486831],[54.378406,24.487271],[54.378264,24.487168],[54.378161,24.487273],[54.378178,24.487176],[54.378157,24.48716],[54.378324,24.486948],[54.378318,24.486977],[54.378351,24.486997],[54.3785,24.486809],[54.378542,24.486768],[54.378554,24.486775],[54.378717,24.486566],[54.378713,24.48659],[54.378786,24.486628],[54.378808,24.486593],[54.378817,24.486542],[54.37876,24.486512],[54.378774,24.486493],[54.378835,24.48614],[54.378537,24.485947],[54.377906,24.486755],[54.37786,24.487011]],[[54.378144,24.488047],[54.378155,24.488054],[54.377781,24.488482],[54.377773,24.488524],[54.377744,24.488503],[54.378144,24.488047]]]}},{"type":"Feature","properties":{},"geometry":{"type":"Polygon","coordinates":[[[54.379152,24.488234],[54.379183,24.488063],[54.378962,24.487917],[54.378836,24.488075],[54.378805,24.488246],[54.379026,24.488392],[54.379152,24.488234]]]}},{"type":"Feature","properties":{},"geometry":{"type":"Polygon","coordinates":[[[54.378117,24.488864],[54.378107,24.488916],[54.378309,24.489058],[54.378357,24.489001],[54.378366,24.48895],[54.378164,24.488808],[54.378117,24.488864]]]}},{"type":"Feature","properties":{},"geometry":{"type":"Polygon","coordinates":[[[54.379075,24.48969],[54.379025,24.489745],[54.379016,24.489797],[54.379046,24.489819],[54.379096,24.489763],[54.379105,24.489712],[54.379075,24.48969]]]}},{"type":"Feature","properties":{},"geometry":{"type":"Polygon","coordinates":[[[54.378899,24.489859],[54.37889,24.48991],[54.378921,24.489932],[54.378961,24.489886],[54.37897,24.489835],[54.378939,24.489813],[54.378899,24.489859]]]}},{"type":"Feature","properties":{},"geometry":{"type":"Polygon","coordinates":[[[54.378467,24.490759],[54.378455,24.490826],[54.378416,24.490798],[54.378267,24.490974],[54.378249,24.491073],[54.378201,24.491039],[54.378055,24.49121],[54.37802,24.491407],[54.377954,24.49136],[54.37777,24.491574],[54.377719,24.491861],[54.377957,24.49203],[54.378141,24.491816],[54.378192,24.49153],[54.378284,24.491421],[54.378307,24.491295],[54.378361,24.491333],[54.37851,24.491157],[54.378542,24.490978],[54.378597,24.491015],[54.378703,24.490883],[54.37874,24.490908],[54.378895,24.490726],[54.378922,24.490573],[54.378998,24.490625],[54.379159,24.49043],[54.379195,24.490231],[54.3794,24.490375],[54.379605,24.490133],[54.379649,24.489887],[54.379385,24.489702],[54.37918,24.489944],[54.379152,24.490103],[54.379065,24.490043],[54.378904,24.490239],[54.378874,24.490404],[54.378811,24.490359],[54.378656,24.490542],[54.37865,24.490577],[54.378627,24.490562],[54.378467,24.490759]]]}},{"type":"Feature","properties":{},"geometry":{"type":"Polygon","coordinates":[[[54.378833,24.49123],[54.378677,24.491413],[54.378647,24.491577],[54.378767,24.491662],[54.378924,24.491479],[54.378939,24.491396],[54.378961,24.491412],[54.379034,24.491329],[54.379028,24.49136],[54.379084,24.491399],[54.379138,24.491336],[54.379147,24.491285],[54.379101,24.491253],[54.379117,24.491209],[54.379132,24.49122],[54.379285,24.49104],[54.379318,24.491064],[54.37949,24.490868],[54.379517,24.490718],[54.379368,24.490611],[54.379197,24.490806],[54.379192,24.49083],[54.379183,24.490823],[54.379026,24.491007],[54.379021,24.491037],[54.379008,24.491028],[54.378859,24.491198],[54.378851,24.491242],[54.378833,24.49123]]]}},{"type":"Feature","properties":{},"geometry":{"type":"Polygon","coordinates":[[[54.379505,24.491478],[54.379515,24.491485],[54.379825,24.491136],[54.379847,24.491013],[54.37973,24.490928],[54.37958,24.491099],[54.379575,24.491125],[54.379567,24.491119],[54.379417,24.49129],[54.37941,24.491327],[54.379397,24.491317],[54.37925,24.49149],[54.379245,24.491515],[54.379229,24.491503],[54.379071,24.491684],[54.379041,24.491848],[54.379186,24.491952],[54.379344,24.491771],[54.379361,24.491674],[54.379499,24.491513],[54.379505,24.491478]]]}},{"type":"Feature","properties":{},"geometry":{"type":"Polygon","coordinates":[[[54.37842,24.491702],[54.378393,24.491852],[54.378651,24.492025],[54.378722,24.491937],[54.378709,24.492008],[54.378894,24.492138],[54.378981,24.492035],[54.379001,24.491926],[54.378816,24.491796],[54.378772,24.491848],[54.378792,24.491733],[54.378534,24.49156],[54.37842,24.491702]]]}},{"type":"Feature","properties":{},"geometry":{"type":"Polygon","coordinates":[[[54.377756,24.492644],[54.377727,24.492808],[54.377977,24.492993],[54.378092,24.492865],[54.378121,24.492701],[54.377871,24.492515],[54.377756,24.492644]]]}},{"type":"Feature","properties":{},"geometry":{"type":"Polygon","coordinates":[[[54.377956,24.493166],[54.377879,24.493593],[54.378088,24.493748],[54.378274,24.493541],[54.37835,24.493114],[54.378141,24.492959],[54.377956,24.493166]]]}},{"type":"Feature","properties":{},"geometry":{"type":"Polygon","coordinates":[[[54.378201,24.494186],[54.378149,24.494477],[54.37808,24.494426],[54.378158,24.494334],[54.378219,24.493992],[54.378006,24.493843],[54.377803,24.494084],[54.377742,24.494426],[54.37792,24.49455],[54.377876,24.494794],[54.378069,24.494934],[54.378142,24.49485],[54.378121,24.494969],[54.378313,24.495109],[54.378424,24.494982],[54.37847,24.494726],[54.378619,24.494831],[54.378589,24.494995],[54.378544,24.495048],[54.37853,24.495127],[54.378501,24.495106],[54.378338,24.495295],[54.378324,24.495374],[54.378302,24.495359],[54.378159,24.495537],[54.378142,24.495631],[54.377965,24.495507],[54.377707,24.495812],[54.377627,24.49626],[54.377846,24.496413],[54.378104,24.496108],[54.378162,24.495784],[54.378248,24.495842],[54.378395,24.495644],[54.378427,24.495667],[54.37859,24.495478],[54.378604,24.495399],[54.378638,24.495424],[54.378802,24.495233],[54.378813,24.495171],[54.378964,24.494995],[54.379016,24.494703],[54.379155,24.49479],[54.379304,24.494595],[54.379352,24.494325],[54.379473,24.494412],[54.379644,24.494218],[54.379712,24.493834],[54.378641,24.493079],[54.378466,24.493278],[54.378437,24.493441],[54.378392,24.493408],[54.378285,24.493529],[54.378276,24.49358],[54.378339,24.493627],[54.37842,24.493535],[54.378411,24.493586],[54.378382,24.493581],[54.378328,24.493856],[54.378581,24.493893],[54.378596,24.493807],[54.378605,24.493813],[54.378685,24.493722],[54.378712,24.49374],[54.378689,24.493868],[54.378834,24.493966],[54.378687,24.494138],[54.378668,24.494249],[54.378606,24.494205],[54.378499,24.49433],[54.378521,24.494211],[54.378311,24.49406],[54.378201,24.494186]],[[54.379274,24.494196],[54.379232,24.49417],[54.379272,24.494124],[54.379285,24.494133],[54.379274,24.494196]],[[54.378274,24.494576],[54.378207,24.494653],[54.378227,24.494542],[54.378274,24.494576]],[[54.378434,24.494681],[54.378363,24.49463],[54.378463,24.494515],[54.378434,24.494681]],[[54.378938,24.494568],[54.37892,24.494555],[54.378946,24.494523],[54.378938,24.494568]],[[54.378935,24.493984],[54.378986,24.493924],[54.378999,24.493932],[54.378983,24.494018],[54.378935,24.493984]],[[54.379078,24.494132],[54.379103,24.494149],[54.379066,24.494197],[54.379078,24.494132]]]}},{"type":"Feature","properties":{},"geometry":{"type":"Polygon","coordinates":[[[54.378254,24.493585],[54.378204,24.493644],[54.378195,24.493696],[54.378259,24.49374],[54.378309,24.49368],[54.378318,24.493629],[54.378254,24.493585]]]}},{"type":"Feature","properties":{},"geometry":{"type":"Polygon","coordinates":[[[54.378131,24.493827],[54.378193,24.493847],[54.378216,24.493761],[54.378155,24.49374],[54.378131,24.493827]]]}},{"type":"Feature","properties":{},"geometry":{"type":"Polygon","coordinates":[[[54.379473,24.495108],[54.37951,24.494903],[54.379368,24.494802],[54.379206,24.494991],[54.379198,24.495035],[54.379182,24.495024],[54.379025,24.495215],[54.378998,24.495366],[54.379144,24.495466],[54.379294,24.495284],[54.379311,24.495296],[54.379473,24.495108]]]}},{"type":"Feature","properties":{},"geometry":{"type":"Polygon","coordinates":[[[54.377732,24.495222],[54.377705,24.495372],[54.377896,24.495507],[54.378002,24.495382],[54.378029,24.495232],[54.377838,24.495097],[54.377732,24.495222]]]}},{"type":"Feature","properties":{},"geometry":{"type":"Polygon","coordinates":[[[54.378931,24.496891],[54.379007,24.496464],[54.378928,24.496409],[54.378967,24.496364],[54.378973,24.496332],[54.37919,24.496479],[54.379114,24.496569],[54.379038,24.496997],[54.379249,24.497144],[54.379425,24.496934],[54.379501,24.496507],[54.37932,24.496381],[54.379385,24.496302],[54.379416,24.496131],[54.379394,24.496116],[54.379444,24.496034],[54.379469,24.496051],[54.379631,24.495849],[54.379658,24.495693],[54.379704,24.495726],[54.379866,24.495538],[54.379894,24.495379],[54.380105,24.495525],[54.380231,24.495376],[54.380296,24.495013],[54.380053,24.494842],[54.380077,24.494773],[54.380018,24.494742],[54.380022,24.494722],[54.379863,24.494608],[54.379977,24.494477],[54.380006,24.494312],[54.3798,24.494163],[54.379626,24.494363],[54.379597,24.494527],[54.379751,24.494638],[54.379653,24.494751],[54.379584,24.495136],[54.379687,24.49521],[54.379623,24.495283],[54.379606,24.495379],[54.379556,24.495346],[54.379395,24.495548],[54.379386,24.495595],[54.379369,24.495584],[54.379234,24.495743],[54.379192,24.495979],[54.37915,24.49595],[54.379011,24.49612],[54.379047,24.495915],[54.378842,24.495769],[54.378707,24.495926],[54.378627,24.496375],[54.378651,24.496392],[54.378627,24.496421],[54.378551,24.496848],[54.378818,24.49703],[54.378931,24.496891]],[[54.379994,24.494885],[54.379992,24.494887],[54.379993,24.494885],[54.379994,24.494885]]]}},{"type":"Feature","properties":{},"geometry":{"type":"Polygon","coordinates":[[[54.37819,24.49608],[54.378113,24.496507],[54.378329,24.496653],[54.378541,24.496394],[54.378617,24.495967],[54.378401,24.495821],[54.37819,24.49608]]]}},{"type":"Feature","properties":{},"geometry":{"type":"Polygon","coordinates":[[[54.378156,24.496946],[54.378049,24.497065],[54.378015,24.497257],[54.378279,24.497452],[54.378386,24.497332],[54.37842,24.497141],[54.378156,24.496946]]]}},{"type":"Feature","properties":{},"geometry":{"type":"Polygon","coordinates":[[[54.377916,24.497454],[54.377887,24.497618],[54.378138,24.497803],[54.378245,24.497684],[54.378274,24.49752],[54.378023,24.497334],[54.377916,24.497454]]]}},{"type":"Feature","properties":{},"geometry":{"type":"Polygon","coordinates":[[[54.37785,24.498846],[54.378008,24.498642],[54.378036,24.498484],[54.378064,24.498503],[54.378231,24.498278],[54.378256,24.498138],[54.37834,24.498044],[54.378367,24.49789],[54.378472,24.497967],[54.378748,24.497657],[54.3788,24.49737],[54.3786,24.497223],[54.378324,24.497533],[54.378294,24.4977],[54.378271,24.497684],[54.378077,24.497902],[54.378034,24.498179],[54.377977,24.498244],[54.377967,24.498299],[54.377939,24.498278],[54.377764,24.498474],[54.377715,24.498748],[54.37785,24.498846]]]}},{"type":"Feature","properties":{},"geometry":{"type":"Polygon","coordinates":[[[54.378874,24.498541],[54.378865,24.498592],[54.379048,24.498709],[54.379122,24.498614],[54.379131,24.498562],[54.378948,24.498445],[54.378874,24.498541]]]}},{"type":"Feature","properties":{},"geometry":{"type":"Polygon","coordinates":[[[54.378757,24.498731],[54.378767,24.498679],[54.378748,24.498633],[54.378678,24.498656],[54.378669,24.498707],[54.378688,24.498753],[54.378757,24.498731]]]}},{"type":"Feature","properties":{},"geometry":{"type":"Polygon","coordinates":[[[54.378741,24.498751],[54.378627,24.498872],[54.378618,24.498924],[54.378719,24.499001],[54.378832,24.498878],[54.378841,24.498827],[54.378741,24.498751]]]}},{"type":"Feature","properties":{},"geometry":{"type":"Polygon","coordinates":[[[54.378586,24.499128],[54.378626,24.499088],[54.378635,24.499036],[54.378544,24.498962],[54.378463,24.499043],[54.378454,24.499094],[54.378517,24.499145],[54.378557,24.499104],[54.378586,24.499128]]]}},{"type":"Feature","properties":{},"geometry":{"type":"Polygon","coordinates":[[[54.37799,24.502126],[54.378036,24.50187],[54.377992,24.501834],[54.378106,24.501713],[54.378174,24.501332],[54.377961,24.501167],[54.377761,24.501379],[54.377693,24.501759],[54.3778,24.501842],[54.377689,24.501955],[54.377643,24.502211],[54.37779,24.50233],[54.37799,24.502126]]]}},{"type":"Feature","properties":{},"geometry":{"type":"Polygon","coordinates":[[[54.378044,24.502664],[54.378128,24.502576],[54.378186,24.502251],[54.378018,24.502117],[54.377828,24.502314],[54.377792,24.502514],[54.377752,24.502561],[54.377694,24.502886],[54.377896,24.503028],[54.378001,24.502905],[54.378044,24.502664]]]}},{"type":"Feature","properties":{},"geometry":{"type":"Polygon","coordinates":[[[54.378755,24.50842],[54.378749,24.508575],[54.378857,24.508572],[54.378864,24.508417],[54.378755,24.50842]]]}},{"type":"Feature","properties":{},"geometry":{"type":"Polygon","coordinates":[[[54.378529,24.50857],[54.378521,24.508731],[54.378594,24.50873],[54.378601,24.508569],[54.378529,24.50857]]]}},{"type":"Feature","properties":{},"geometry":{"type":"Polygon","coordinates":[[[54.378775,24.510489],[54.379004,24.510363],[54.379035,24.510192],[54.378991,24.510127],[54.379067,24.510087],[54.379047,24.510198],[54.379114,24.510303],[54.379762,24.509958],[54.379792,24.509788],[54.379725,24.509683],[54.379606,24.509746],[54.379641,24.509548],[54.379535,24.509383],[54.378895,24.509724],[54.378858,24.509927],[54.378775,24.509801],[54.378677,24.509855],[54.378717,24.509628],[54.378591,24.509439],[54.377802,24.509708],[54.377756,24.509964],[54.377957,24.510277],[54.378099,24.510199],[54.378084,24.510283],[54.378337,24.510659],[54.378498,24.51056],[54.378506,24.510572],[54.378723,24.510455],[54.37873,24.51042],[54.378775,24.510489]],[[54.378529,24.510119],[54.378399,24.510189],[54.378396,24.510204],[54.378313,24.510081],[54.378541,24.509956],[54.378516,24.510098],[54.378529,24.510119]]]}},{"type":"Feature","properties":{},"geometry":{"type":"Polygon","coordinates":[[[54.38029,24.479965],[54.380475,24.480103],[54.38057,24.479997],[54.380579,24.479946],[54.380394,24.479808],[54.380299,24.479913],[54.38029,24.479965]]]}},{"type":"Feature","properties":{},"geometry":{"type":"Polygon","coordinates":[[[54.380152,24.480443],[54.380183,24.480464],[54.380002,24.480674],[54.379993,24.480725],[54.380065,24.480777],[54.380306,24.480498],[54.380315,24.480447],[54.380255,24.480405],[54.380266,24.480392],[54.380264,24.480403],[54.380342,24.48046],[54.380581,24.480184],[54.38059,24.480132],[54.380512,24.480076],[54.380386,24.480221],[54.380411,24.480083],[54.380249,24.479972],[54.380097,24.480155],[54.380104,24.480113],[54.380026,24.480057],[54.379795,24.480325],[54.379786,24.480376],[54.379865,24.480432],[54.380065,24.480199],[54.379911,24.480393],[54.379902,24.480445],[54.38006,24.480553],[54.380152,24.480443]]]}},{"type":"Feature","properties":{},"geometry":{"type":"Polygon","coordinates":[[[54.379668,24.480419],[54.379659,24.480471],[54.379932,24.480676],[54.37999,24.480612],[54.379999,24.480561],[54.379726,24.480356],[54.379668,24.480419]]]}},{"type":"Feature","properties":{},"geometry":{"type":"Polygon","coordinates":[[[54.379927,24.481228],[54.379958,24.481057],[54.379729,24.480885],[54.379801,24.4808],[54.379832,24.480629],[54.379687,24.480528],[54.379566,24.48067],[54.379546,24.480656],[54.379555,24.480604],[54.37945,24.480531],[54.379208,24.480817],[54.379177,24.480988],[54.379305,24.481078],[54.379407,24.480956],[54.379425,24.480969],[54.379415,24.481027],[54.379537,24.481112],[54.379548,24.481099],[54.379523,24.481239],[54.379757,24.481415],[54.379927,24.481228]]]}},{"type":"Feature","properties":{},"geometry":{"type":"Polygon","coordinates":[[[54.380241,24.481592],[54.380267,24.481561],[54.38026,24.481604],[54.38042,24.481717],[54.380586,24.48152],[54.380595,24.481469],[54.380436,24.481358],[54.380599,24.481165],[54.380608,24.481113],[54.380523,24.481054],[54.380527,24.481041],[54.380648,24.481126],[54.380814,24.48093],[54.380823,24.480878],[54.380663,24.480766],[54.380495,24.480974],[54.380486,24.480968],[54.380457,24.481008],[54.380447,24.481001],[54.380281,24.481198],[54.380273,24.481244],[54.380256,24.481232],[54.38009,24.481428],[54.380081,24.481479],[54.380241,24.481592]],[[54.380409,24.481387],[54.380416,24.481349],[54.380432,24.48136],[54.380409,24.481387]]]}},{"type":"Feature","properties":{},"geometry":{"type":"Polygon","coordinates":[[[54.380847,24.481272],[54.381013,24.481076],[54.381022,24.481025],[54.380862,24.480913],[54.380696,24.481109],[54.380687,24.481158],[54.380637,24.481123],[54.380471,24.481319],[54.380462,24.481371],[54.380622,24.481483],[54.380788,24.481287],[54.380797,24.481237],[54.380847,24.481272]]]}},{"type":"Feature","properties":{},"geometry":{"type":"Polygon","coordinates":[[[54.380919,24.48222],[54.380942,24.482195],[54.380935,24.482232],[54.381178,24.482406],[54.381193,24.482388],[54.381189,24.482415],[54.381431,24.482589],[54.381608,24.482386],[54.381615,24.482347],[54.381642,24.482367],[54.381766,24.482228],[54.381774,24.482183],[54.381903,24.482047],[54.381933,24.481876],[54.381693,24.481698],[54.381568,24.481837],[54.38156,24.481883],[54.381532,24.481907],[54.381538,24.481875],[54.381297,24.481697],[54.381173,24.481836],[54.381166,24.481875],[54.381142,24.481858],[54.381119,24.481884],[54.381126,24.481847],[54.380883,24.481672],[54.380868,24.48169],[54.380873,24.481663],[54.38063,24.481489],[54.380454,24.481692],[54.380423,24.481863],[54.380666,24.482037],[54.380681,24.48202],[54.380677,24.482046],[54.380919,24.48222]]]}},{"type":"Feature","properties":{},"geometry":{"type":"Polygon","coordinates":[[[54.379725,24.481675],[54.379659,24.481753],[54.37965,24.481804],[54.379753,24.481876],[54.379819,24.481798],[54.379828,24.481747],[54.379725,24.481675]]]}},{"type":"Feature","properties":{},"geometry":{"type":"Polygon","coordinates":[[[54.380016,24.482363],[54.380007,24.482415],[54.380057,24.482451],[54.380206,24.482281],[54.380215,24.48223],[54.380165,24.482194],[54.380016,24.482363]]]}},{"type":"Feature","properties":{},"geometry":{"type":"Polygon","coordinates":[[[54.380285,24.482624],[54.380372,24.482689],[54.380454,24.482599],[54.380463,24.482548],[54.380286,24.482414],[54.380106,24.482613],[54.380097,24.482664],[54.380187,24.482732],[54.380285,24.482624]]]}},{"type":"Feature","properties":{},"geometry":{"type":"Polygon","coordinates":[[[54.379911,24.482575],[54.379693,24.482837],[54.379662,24.483008],[54.379852,24.483139],[54.379923,24.483053],[54.380012,24.483114],[54.38014,24.48296],[54.380149,24.482909],[54.380077,24.482859],[54.380136,24.482788],[54.380146,24.482737],[54.379911,24.482575]]]}},{"type":"Feature","properties":{},"geometry":{"type":"Polygon","coordinates":[[[54.381081,24.483359],[54.381176,24.483248],[54.381221,24.482991],[54.381104,24.482909],[54.381087,24.48293],[54.380654,24.482628],[54.380568,24.482731],[54.380531,24.482937],[54.38048,24.482998],[54.380384,24.482931],[54.380394,24.482872],[54.380332,24.482828],[54.380054,24.483157],[54.380008,24.483414],[54.380784,24.483955],[54.381049,24.483641],[54.381095,24.483384],[54.381045,24.48335],[54.381054,24.48334],[54.381081,24.483359]],[[54.380497,24.483296],[54.380647,24.483117],[54.380822,24.483239],[54.380672,24.483418],[54.380497,24.483296]]]}},{"type":"Feature","properties":{},"geometry":{"type":"Polygon","coordinates":[[[54.380203,24.483708],[54.380193,24.483759],[54.380579,24.484023],[54.380644,24.483944],[54.380653,24.483893],[54.380273,24.483625],[54.380203,24.483708]]]}},{"type":"Feature","properties":{},"geometry":{"type":"Polygon","coordinates":[[[54.379704,24.484211],[54.379674,24.484382],[54.380144,24.484716],[54.38034,24.484488],[54.380371,24.484317],[54.3799,24.483983],[54.379704,24.484211]]]}},{"type":"Feature","properties":{},"geometry":{"type":"Polygon","coordinates":[[[54.38043,24.484884],[54.380472,24.484881],[54.380417,24.484945],[54.380408,24.484996],[54.380542,24.485094],[54.380609,24.485017],[54.380618,24.484966],[54.380499,24.484879],[54.380751,24.484861],[54.380797,24.48466],[54.380686,24.484585],[54.380693,24.484546],[54.380577,24.484469],[54.380553,24.484492],[54.380451,24.484425],[54.380429,24.484457],[54.380399,24.484628],[54.38043,24.484884]]]}},{"type":"Feature","properties":{},"geometry":{"type":"Polygon","coordinates":[[[54.380028,24.485232],[54.380082,24.485218],[54.380078,24.48524],[54.380154,24.485315],[54.380299,24.485422],[54.380497,24.485197],[54.380516,24.485087],[54.380332,24.484951],[54.380375,24.484903],[54.380385,24.484852],[54.380272,24.484767],[54.380226,24.484818],[54.380217,24.484865],[54.380209,24.48486],[54.380016,24.485069],[54.379998,24.485206],[54.380028,24.485232]]]}},{"type":"Feature","properties":{},"geometry":{"type":"Polygon","coordinates":[[[54.37941,24.485193],[54.379308,24.485314],[54.379293,24.485396],[54.379468,24.485518],[54.379571,24.485397],[54.379585,24.485315],[54.37941,24.485193]]]}},{"type":"Feature","properties":{},"geometry":{"type":"Polygon","coordinates":[[[54.380077,24.485651],[54.380043,24.485688],[54.380053,24.485633],[54.379864,24.485497],[54.379824,24.485543],[54.379835,24.485477],[54.379655,24.48535],[54.37955,24.485474],[54.379533,24.48557],[54.379713,24.485696],[54.379741,24.485664],[54.37973,24.485726],[54.379919,24.485863],[54.379952,24.485825],[54.37995,24.485836],[54.380128,24.485968],[54.380245,24.485838],[54.380255,24.485783],[54.380077,24.485651]]]}},{"type":"Feature","properties":{},"geometry":{"type":"Polygon","coordinates":[[[54.38018,24.485915],[54.380163,24.486011],[54.380341,24.486141],[54.380378,24.486099],[54.380375,24.486121],[54.380556,24.48625],[54.380566,24.486239],[54.380563,24.486252],[54.380751,24.486391],[54.380867,24.48626],[54.380877,24.486206],[54.380689,24.486067],[54.380674,24.486085],[54.380677,24.486066],[54.380496,24.485937],[54.380443,24.485999],[54.380454,24.485938],[54.380275,24.485807],[54.38018,24.485915]]]}},{"type":"Feature","properties":{},"geometry":{"type":"Polygon","coordinates":[[[54.379534,24.486657],[54.379525,24.486709],[54.379568,24.486731],[54.379605,24.48667],[54.379614,24.486619],[54.379571,24.486597],[54.379534,24.486657]]]}},{"type":"Feature","properties":{},"geometry":{"type":"Polygon","coordinates":[[[54.379516,24.486896],[54.379507,24.486948],[54.379671,24.487078],[54.379761,24.486985],[54.37977,24.486934],[54.379606,24.486803],[54.379516,24.486896]]]}},{"type":"Feature","properties":{},"geometry":{"type":"Polygon","coordinates":[[[54.379976,24.487076],[54.380014,24.487016],[54.380045,24.487032],[54.380073,24.486988],[54.380082,24.486937],[54.379948,24.486866],[54.379924,24.486916],[54.379913,24.486908],[54.379879,24.486946],[54.37987,24.486997],[54.379976,24.487076]],[[54.379967,24.486948],[54.379968,24.486947],[54.379997,24.486963],[54.379967,24.486948]]]}},{"type":"Feature","properties":{},"geometry":{"type":"Polygon","coordinates":[[[54.379945,24.487115],[54.379954,24.487063],[54.37985,24.486984],[54.379768,24.487079],[54.379759,24.48713],[54.379876,24.487204],[54.379945,24.487115]]]}},{"type":"Feature","properties":{},"geometry":{"type":"Polygon","coordinates":[[[54.379489,24.487206],[54.37948,24.487257],[54.379514,24.487276],[54.37954,24.487238],[54.37955,24.487187],[54.379516,24.487168],[54.379489,24.487206]]]}},{"type":"Feature","properties":{},"geometry":{"type":"Polygon","coordinates":[[[54.380803,24.4882],[54.38082,24.488104],[54.380677,24.488008],[54.380513,24.488221],[54.380501,24.488213],[54.38034,24.488432],[54.380321,24.488419],[54.380166,24.488606],[54.380136,24.48877],[54.380299,24.488882],[54.380625,24.488478],[54.380639,24.488399],[54.380803,24.4882]]]}},{"type":"Feature","properties":{},"geometry":{"type":"Polygon","coordinates":[[[54.380176,24.48887],[54.380126,24.488931],[54.380117,24.488982],[54.380175,24.489022],[54.380136,24.489187],[54.380343,24.489331],[54.380454,24.489199],[54.380481,24.489049],[54.380273,24.488905],[54.380234,24.488952],[54.380241,24.488914],[54.380176,24.48887]]]}},{"type":"Feature","properties":{},"geometry":{"type":"Polygon","coordinates":[[[54.37985,24.488987],[54.379687,24.489167],[54.379658,24.489331],[54.379808,24.489443],[54.37997,24.489263],[54.38,24.489099],[54.37985,24.488987]]]}},{"type":"Feature","properties":{},"geometry":{"type":"Polygon","coordinates":[[[54.380325,24.489747],[54.38031,24.489833],[54.380512,24.489982],[54.380632,24.489847],[54.380659,24.489696],[54.380458,24.489547],[54.38041,24.4896],[54.380416,24.489568],[54.380237,24.489437],[54.380208,24.48947],[54.380216,24.489427],[54.380008,24.48928],[54.379907,24.489399],[54.37989,24.489495],[54.380098,24.489642],[54.380132,24.489601],[54.380125,24.48964],[54.380304,24.489771],[54.380325,24.489747]]]}},{"type":"Feature","properties":{},"geometry":{"type":"Polygon","coordinates":[[[54.379828,24.490616],[54.37985,24.490493],[54.379777,24.490442],[54.379939,24.490251],[54.379963,24.490114],[54.379847,24.490032],[54.379681,24.490228],[54.379658,24.490358],[54.37955,24.490476],[54.379528,24.490599],[54.379725,24.490738],[54.379828,24.490616]]]}},{"type":"Feature","properties":{},"geometry":{"type":"Polygon","coordinates":[[[54.380084,24.490494],[54.380062,24.490617],[54.380178,24.490698],[54.380344,24.490502],[54.380366,24.490379],[54.38025,24.490298],[54.380084,24.490494]]]}},{"type":"Feature","properties":{},"geometry":{"type":"Polygon","coordinates":[[[54.379787,24.490665],[54.379755,24.490843],[54.380039,24.491039],[54.380152,24.490904],[54.380184,24.490727],[54.3799,24.49053],[54.379787,24.490665]]]}},{"type":"Feature","properties":{},"geometry":{"type":"Polygon","coordinates":[[[54.379529,24.490948],[54.379475,24.491012],[54.379466,24.491064],[54.379521,24.491103],[54.379575,24.491038],[54.379584,24.490987],[54.379529,24.490948]]]}},{"type":"Feature","properties":{},"geometry":{"type":"Polygon","coordinates":[[[54.379761,24.491868],[54.379826,24.491794],[54.379891,24.491854],[54.379968,24.491767],[54.379977,24.491715],[54.379927,24.491679],[54.379942,24.491597],[54.379982,24.491626],[54.380125,24.491462],[54.379994,24.4921],[54.380273,24.492147],[54.380295,24.492163],[54.380304,24.492152],[54.380361,24.492162],[54.380188,24.492369],[54.380157,24.49254],[54.380302,24.49264],[54.380286,24.492726],[54.380588,24.492935],[54.381001,24.492441],[54.381042,24.492212],[54.381178,24.49205],[54.381183,24.492023],[54.380737,24.491713],[54.380483,24.492017],[54.380551,24.491633],[54.380518,24.491631],[54.380532,24.491557],[54.380396,24.491446],[54.380154,24.491422],[54.380179,24.491281],[54.380041,24.491181],[54.379871,24.491376],[54.379856,24.491456],[54.379818,24.491429],[54.379651,24.491618],[54.379624,24.491769],[54.379761,24.491868]],[[54.380425,24.492085],[54.380426,24.492081],[54.380429,24.492081],[54.380425,24.492085]]]}},{"type":"Feature","properties":{},"geometry":{"type":"Polygon","coordinates":[[[54.37952,24.492079],[54.37951,24.492133],[54.380019,24.492503],[54.380114,24.492395],[54.380124,24.49234],[54.379615,24.49197],[54.37952,24.492079]]]}},{"type":"Feature","properties":{},"geometry":{"type":"Polygon","coordinates":[[[54.380151,24.492978],[54.380139,24.493042],[54.380339,24.49318],[54.380394,24.493114],[54.380368,24.49326],[54.380581,24.493406],[54.380692,24.493273],[54.380719,24.493122],[54.380506,24.492976],[54.38043,24.493067],[54.380451,24.492949],[54.380251,24.492811],[54.380217,24.492851],[54.380229,24.492787],[54.380039,24.492656],[54.380009,24.492691],[54.380019,24.492639],[54.379824,24.492505],[54.379789,24.492546],[54.3798,24.492485],[54.379602,24.492348],[54.37956,24.492398],[54.379573,24.492326],[54.379385,24.492196],[54.379293,24.492306],[54.379274,24.492415],[54.379462,24.492545],[54.379508,24.492489],[54.379495,24.492562],[54.379693,24.492699],[54.379731,24.492654],[54.379715,24.492742],[54.37991,24.492877],[54.379938,24.492843],[54.379932,24.492881],[54.380121,24.493012],[54.380151,24.492978]]]}},{"type":"Feature","properties":{},"geometry":{"type":"Polygon","coordinates":[[[54.380373,24.49495],[54.380454,24.495009],[54.380393,24.495082],[54.380377,24.49517],[54.380344,24.495148],[54.380303,24.495198],[54.380294,24.495249],[54.380339,24.495281],[54.380362,24.495252],[54.380335,24.495407],[54.380242,24.495516],[54.380229,24.495589],[54.380022,24.495837],[54.379998,24.495821],[54.379814,24.496045],[54.379806,24.496093],[54.379782,24.496076],[54.379598,24.496299],[54.379552,24.496556],[54.379487,24.496631],[54.379418,24.497016],[54.379564,24.497121],[54.379758,24.496898],[54.379827,24.496513],[54.379816,24.496505],[54.379884,24.496547],[54.380068,24.496324],[54.380082,24.496246],[54.380279,24.496022],[54.380313,24.496046],[54.380509,24.495814],[54.380543,24.495624],[54.380565,24.495599],[54.380539,24.495745],[54.380669,24.495836],[54.380855,24.495616],[54.380931,24.495189],[54.3808,24.495098],[54.380772,24.495132],[54.380798,24.494986],[54.38073,24.494939],[54.380794,24.49458],[54.380561,24.494411],[54.38046,24.494527],[54.380487,24.494377],[54.380234,24.494196],[54.380117,24.49433],[54.380056,24.494672],[54.38031,24.494853],[54.380411,24.494736],[54.380373,24.49495]]]}},{"type":"Feature","properties":{},"geometry":{"type":"Polygon","coordinates":[[[54.380067,24.496332],[54.380016,24.496394],[54.380007,24.496445],[54.380019,24.496455],[54.380071,24.496393],[54.38008,24.496342],[54.380067,24.496332]]]}},{"type":"Feature","properties":{},"geometry":{"type":"Polygon","coordinates":[[[54.379501,24.496321],[54.379439,24.496373],[54.37943,24.496424],[54.379469,24.496463],[54.379531,24.496411],[54.37954,24.49636],[54.379501,24.496321]]]}},{"type":"Feature","properties":{},"geometry":{"type":"Polygon","coordinates":[[[54.379415,24.498117],[54.379253,24.498302],[54.379223,24.498473],[54.379458,24.498643],[54.37962,24.498459],[54.37965,24.498288],[54.379415,24.498117]]]}},{"type":"Feature","properties":{},"geometry":{"type":"Polygon","coordinates":[[[54.37908,24.49873],[54.379071,24.498781],[54.379286,24.498924],[54.379396,24.498787],[54.379405,24.498736],[54.37919,24.498593],[54.37908,24.49873]]]}},{"type":"Feature","properties":{},"geometry":{"type":"Polygon","coordinates":[[[54.380495,24.499243],[54.380264,24.499096],[54.380269,24.499068],[54.38019,24.499018],[54.380059,24.49919],[54.380013,24.49916],[54.379954,24.499237],[54.379924,24.499408],[54.379944,24.499421],[54.379964,24.499394],[54.379954,24.499449],[54.380293,24.499664],[54.380335,24.499608],[54.380347,24.499539],[54.380361,24.499548],[54.380464,24.499413],[54.380495,24.499243]]]}},{"type":"Feature","properties":{},"geometry":{"type":"Polygon","coordinates":[[[54.379331,24.507598],[54.379393,24.507598],[54.379401,24.507332],[54.379298,24.507332],[54.379289,24.507503],[54.379331,24.507503],[54.379331,24.507598]]]}},{"type":"Feature","properties":{},"geometry":{"type":"Polygon","coordinates":[[[54.379491,24.507747],[54.379731,24.507744],[54.379762,24.507573],[54.379757,24.507281],[54.379536,24.507284],[54.379488,24.507566],[54.379491,24.507747]]]}},{"type":"Feature","properties":{},"geometry":{"type":"Polygon","coordinates":[[[54.379666,24.509281],[54.379635,24.509451],[54.379912,24.509862],[54.380147,24.509734],[54.380178,24.509563],[54.379918,24.509156],[54.379666,24.509281]]]}},{"type":"Feature","properties":{},"geometry":{"type":"Polygon","coordinates":[[[54.380028,24.511878],[54.379543,24.512354],[54.379538,24.512381],[54.379648,24.512467],[54.380136,24.511996],[54.380141,24.511968],[54.380028,24.511878]]]}},{"type":"Feature","properties":{},"geometry":{"type":"Polygon","coordinates":[[[54.381288,24.480446],[54.381467,24.480581],[54.3815,24.480545],[54.381486,24.480623],[54.381883,24.480887],[54.382039,24.480687],[54.382069,24.480516],[54.381744,24.480273],[54.381845,24.480162],[54.381875,24.479991],[54.381696,24.479856],[54.381669,24.479885],[54.381677,24.479845],[54.381497,24.47971],[54.381326,24.479899],[54.381311,24.47998],[54.381285,24.479961],[54.381113,24.48015],[54.381083,24.480321],[54.381262,24.480456],[54.381292,24.480422],[54.381288,24.480446]]]}},{"type":"Feature","properties":{},"geometry":{"type":"Polygon","coordinates":[[[54.380843,24.4805],[54.380677,24.480697],[54.380668,24.480748],[54.380828,24.48086],[54.380994,24.480664],[54.381003,24.480613],[54.380843,24.4805]]]}},{"type":"Feature","properties":{},"geometry":{"type":"Polygon","coordinates":[[[54.381063,24.480649],[54.380897,24.480845],[54.380888,24.480896],[54.381048,24.481008],[54.381214,24.480812],[54.381223,24.480761],[54.381063,24.480649]]]}},{"type":"Feature","properties":{},"geometry":{"type":"Polygon","coordinates":[[[54.382046,24.481871],[54.382235,24.481656],[54.382265,24.481485],[54.382027,24.481316],[54.382005,24.481343],[54.382012,24.481305],[54.381774,24.481136],[54.381758,24.481155],[54.381764,24.48112],[54.381527,24.480951],[54.381496,24.480988],[54.381503,24.480947],[54.381265,24.480779],[54.381079,24.481],[54.381049,24.481171],[54.381284,24.481333],[54.381319,24.481293],[54.38131,24.481343],[54.381546,24.481505],[54.381566,24.481482],[54.381558,24.481528],[54.381793,24.48169],[54.38182,24.48166],[54.381811,24.481709],[54.382046,24.481871]]]}},{"type":"Feature","properties":{},"geometry":{"type":"Polygon","coordinates":[[[54.381127,24.481259],[54.381082,24.481381],[54.381173,24.481419],[54.381218,24.481298],[54.381127,24.481259]]]}},{"type":"Feature","properties":{},"geometry":{"type":"Polygon","coordinates":[[[54.381671,24.482755],[54.381906,24.482921],[54.381985,24.482829],[54.381965,24.482944],[54.382201,24.48311],[54.382237,24.483068],[54.382226,24.483129],[54.382462,24.483295],[54.382491,24.483261],[54.382483,24.483308],[54.382719,24.483474],[54.38273,24.483462],[54.382724,24.483495],[54.38296,24.483661],[54.38334,24.483215],[54.383347,24.483173],[54.383375,24.483193],[54.383561,24.482975],[54.383592,24.482804],[54.383395,24.482665],[54.38361,24.482814],[54.383796,24.482595],[54.383804,24.482554],[54.383568,24.482388],[54.38352,24.482444],[54.383533,24.482368],[54.383298,24.482202],[54.383245,24.482263],[54.38326,24.482179],[54.383087,24.482066],[54.383061,24.482093],[54.383069,24.482052],[54.382901,24.481932],[54.382714,24.482151],[54.382684,24.482322],[54.38284,24.482435],[54.382868,24.482406],[54.382861,24.482441],[54.383011,24.482544],[54.382915,24.482656],[54.382908,24.482699],[54.382889,24.482686],[54.382671,24.482952],[54.382679,24.482906],[54.382443,24.48274],[54.382406,24.482782],[54.382417,24.482721],[54.382198,24.482566],[54.382487,24.482222],[54.382494,24.482185],[54.382516,24.482201],[54.382702,24.481982],[54.382733,24.481811],[54.382497,24.481645],[54.38231,24.481864],[54.382304,24.481901],[54.382282,24.481885],[54.381902,24.482335],[54.381895,24.482371],[54.381887,24.482366],[54.381701,24.482584],[54.381671,24.482755]]]}},{"type":"Feature","properties":{},"geometry":{"type":"Polygon","coordinates":[[[54.381388,24.483173],[54.381381,24.483211],[54.381551,24.483324],[54.381533,24.483386],[54.381645,24.483463],[54.381611,24.483506],[54.381601,24.483558],[54.381672,24.483604],[54.381715,24.48355],[54.381724,24.483499],[54.381664,24.48346],[54.381736,24.483374],[54.381745,24.483323],[54.381715,24.483303],[54.381725,24.48325],[54.381363,24.483006],[54.381314,24.483066],[54.381305,24.483118],[54.381388,24.483173]]]}},{"type":"Feature","properties":{},"geometry":{"type":"Polygon","coordinates":[[[54.38175,24.483461],[54.381741,24.483513],[54.38202,24.483676],[54.38207,24.483605],[54.382079,24.483554],[54.3818,24.483391],[54.38175,24.483461]]]}},{"type":"Feature","properties":{},"geometry":{"type":"Polygon","coordinates":[[[54.381476,24.483958],[54.381432,24.484044],[54.381386,24.4843],[54.381404,24.484311],[54.381381,24.484441],[54.381483,24.484506],[54.381505,24.484434],[54.38189,24.484681],[54.38194,24.484617],[54.381938,24.484663],[54.381885,24.484717],[54.381875,24.484768],[54.381955,24.484829],[54.382004,24.484775],[54.382039,24.484798],[54.38226,24.484524],[54.382291,24.484353],[54.382195,24.484289],[54.382235,24.484237],[54.382281,24.48398],[54.382157,24.483901],[54.381991,24.484114],[54.38205,24.483814],[54.381717,24.4836],[54.38168,24.483752],[54.381665,24.483742],[54.381675,24.48369],[54.381454,24.483513],[54.381457,24.483497],[54.381381,24.483434],[54.381297,24.483519],[54.381288,24.48357],[54.381348,24.483619],[54.381337,24.483672],[54.381559,24.48385],[54.381476,24.483958]]]}},{"type":"Feature","properties":{},"geometry":{"type":"Polygon","coordinates":[[[54.380738,24.483973],[54.380683,24.484044],[54.380674,24.484095],[54.38072,24.484127],[54.380779,24.484058],[54.380788,24.484007],[54.380738,24.483973]]]}},{"type":"Feature","properties":{},"geometry":{"type":"Polygon","coordinates":[[[54.381268,24.485028],[54.381299,24.484858],[54.381158,24.48476],[54.380844,24.485136],[54.380814,24.485307],[54.380858,24.485338],[54.380853,24.485366],[54.380938,24.485425],[54.381045,24.485296],[54.381115,24.485396],[54.381185,24.485352],[54.381194,24.4853],[54.381115,24.485212],[54.381268,24.485028]]]}},{"type":"Feature","properties":{},"geometry":{"type":"Polygon","coordinates":[[[54.381128,24.486171],[54.381119,24.486226],[54.381259,24.486328],[54.381577,24.485955],[54.381581,24.485932],[54.381593,24.485941],[54.381742,24.485769],[54.381747,24.485738],[54.3819,24.485576],[54.381907,24.48554],[54.381917,24.485547],[54.382071,24.485372],[54.382081,24.485317],[54.381937,24.485212],[54.381783,24.485388],[54.381777,24.485423],[54.381627,24.485588],[54.381621,24.485621],[54.381613,24.485615],[54.381464,24.485787],[54.38146,24.48581],[54.381446,24.4858],[54.381295,24.485975],[54.38129,24.485998],[54.381128,24.486171]]]}},{"type":"Feature","properties":{},"geometry":{"type":"Polygon","coordinates":[[[54.38079,24.485537],[54.380753,24.485748],[54.380935,24.485775],[54.380973,24.485564],[54.38079,24.485537]]]}},{"type":"Feature","properties":{},"geometry":{"type":"Polygon","coordinates":[[[54.38104,24.485793],[54.38099,24.485848],[54.380981,24.485899],[54.381037,24.485941],[54.381087,24.485886],[54.381096,24.485835],[54.38104,24.485793]]]}},{"type":"Feature","properties":{},"geometry":{"type":"Polygon","coordinates":[[[54.381371,24.487626],[54.381354,24.487722],[54.381541,24.487852],[54.381639,24.487736],[54.381656,24.48764],[54.381469,24.48751],[54.381371,24.487626]]]}},{"type":"Feature","properties":{},"geometry":{"type":"Polygon","coordinates":[[[54.381016,24.487586],[54.380855,24.487778],[54.380828,24.487929],[54.380995,24.488044],[54.381156,24.487852],[54.381183,24.487701],[54.381016,24.487586]]]}},{"type":"Feature","properties":{},"geometry":{"type":"Polygon","coordinates":[[[54.381514,24.488407],[54.381509,24.488436],[54.381691,24.48857],[54.381782,24.488468],[54.381804,24.488345],[54.381622,24.48821],[54.381596,24.488239],[54.381605,24.488191],[54.38141,24.488056],[54.38138,24.488092],[54.381389,24.48804],[54.381192,24.487905],[54.381102,24.488013],[54.381082,24.488123],[54.38128,24.488258],[54.381309,24.488223],[54.381295,24.488301],[54.38149,24.488436],[54.381514,24.488407]]]}},{"type":"Feature","properties":{},"geometry":{"type":"Polygon","coordinates":[[[54.381169,24.488847],[54.381376,24.488995],[54.381495,24.488857],[54.381524,24.488693],[54.381317,24.488546],[54.38129,24.488577],[54.381109,24.488433],[54.381113,24.488411],[54.380898,24.488256],[54.380789,24.48838],[54.380762,24.488531],[54.380977,24.488686],[54.381001,24.488659],[54.381181,24.48878],[54.381169,24.488847]]]}},{"type":"Feature","properties":{},"geometry":{"type":"Polygon","coordinates":[[[54.381248,24.489016],[54.381055,24.48887],[54.381014,24.488916],[54.381024,24.488858],[54.380826,24.488731],[54.380831,24.488701],[54.380619,24.488546],[54.3805,24.488681],[54.380471,24.488845],[54.380683,24.489],[54.380713,24.488966],[54.380903,24.489099],[54.380939,24.489055],[54.380933,24.489092],[54.381125,24.489238],[54.381228,24.489126],[54.381248,24.489016]]]}},{"type":"Feature","properties":{},"geometry":{"type":"Polygon","coordinates":[[[54.381204,24.489316],[54.381182,24.489439],[54.381302,24.489527],[54.381468,24.489339],[54.381472,24.489318],[54.381794,24.488977],[54.381821,24.488827],[54.381684,24.488725],[54.381523,24.488905],[54.381513,24.488964],[54.381382,24.489114],[54.381379,24.489134],[54.381371,24.489128],[54.381204,24.489316]]]}},{"type":"Feature","properties":{},"geometry":{"type":"Polygon","coordinates":[[[54.380927,24.489497],[54.380944,24.489402],[54.38075,24.489262],[54.380718,24.4893],[54.380727,24.489247],[54.380566,24.489131],[54.380469,24.489243],[54.380451,24.489339],[54.380613,24.489455],[54.380644,24.489418],[54.380635,24.489471],[54.380829,24.48961],[54.380927,24.489497]]]}},{"type":"Feature","properties":{},"geometry":{"type":"Polygon","coordinates":[[[54.381463,24.489774],[54.38146,24.489795],[54.381441,24.489781],[54.381269,24.489973],[54.381263,24.490006],[54.381254,24.489999],[54.381114,24.490162],[54.381105,24.490213],[54.381217,24.490293],[54.381356,24.49013],[54.381362,24.4901],[54.381386,24.490118],[54.381529,24.489958],[54.381562,24.489981],[54.381702,24.489815],[54.381707,24.489791],[54.381716,24.489798],[54.382045,24.489401],[54.382072,24.48942],[54.382234,24.48923],[54.38224,24.489197],[54.382268,24.489218],[54.382291,24.489189],[54.382284,24.48923],[54.382369,24.48929],[54.382414,24.489235],[54.382424,24.489184],[54.382342,24.489126],[54.382402,24.489054],[54.382416,24.488972],[54.382431,24.488982],[54.382749,24.488634],[54.382775,24.488484],[54.382664,24.488401],[54.382496,24.488588],[54.382491,24.488614],[54.382479,24.488605],[54.382319,24.488797],[54.382311,24.488842],[54.382175,24.488997],[54.382167,24.489044],[54.382136,24.489022],[54.381974,24.489212],[54.381969,24.489242],[54.381938,24.48922],[54.381463,24.489774]]]}},{"type":"Feature","properties":{},"geometry":{"type":"Polygon","coordinates":[[[54.381775,24.490628],[54.38179,24.490542],[54.381593,24.490403],[54.38155,24.490454],[54.381562,24.490385],[54.381365,24.490246],[54.381272,24.490356],[54.381255,24.490452],[54.381452,24.49059],[54.381495,24.49054],[54.381483,24.490609],[54.38168,24.490747],[54.381717,24.490704],[54.381696,24.490818],[54.381894,24.490956],[54.381987,24.490846],[54.382009,24.490723],[54.381812,24.490585],[54.381775,24.490628]]]}},{"type":"Feature","properties":{},"geometry":{"type":"Polygon","coordinates":[[[54.380733,24.490631],[54.380551,24.490844],[54.380529,24.490967],[54.380663,24.491062],[54.380845,24.490849],[54.380867,24.490726],[54.380733,24.490631]]]}},{"type":"Feature","properties":{},"geometry":{"type":"Polygon","coordinates":[[[54.381498,24.491883],[54.38153,24.491706],[54.381565,24.491733],[54.381755,24.491531],[54.381777,24.491408],[54.381646,24.49132],[54.381464,24.491516],[54.381442,24.491639],[54.381506,24.491688],[54.3807,24.491116],[54.38063,24.491197],[54.38065,24.491086],[54.38045,24.490946],[54.38035,24.491064],[54.380328,24.491187],[54.380528,24.491327],[54.380587,24.491257],[54.380558,24.491423],[54.381388,24.492011],[54.381498,24.491883]]]}},{"type":"Feature","properties":{},"geometry":{"type":"Polygon","coordinates":[[[54.381438,24.492422],[54.381427,24.492414],[54.381286,24.492573],[54.381281,24.492597],[54.381272,24.49259],[54.381131,24.49275],[54.381121,24.492806],[54.381109,24.492797],[54.380955,24.492971],[54.380933,24.493094],[54.381036,24.493169],[54.38119,24.492996],[54.3812,24.49294],[54.381217,24.492953],[54.381196,24.493074],[54.381388,24.493214],[54.381413,24.493186],[54.381406,24.493225],[54.381598,24.493366],[54.38169,24.493262],[54.381712,24.493139],[54.38152,24.492998],[54.381495,24.493027],[54.381502,24.492988],[54.381322,24.492856],[54.38137,24.492802],[54.381387,24.492706],[54.381397,24.492713],[54.381501,24.492595],[54.381539,24.492621],[54.381597,24.49255],[54.381574,24.492679],[54.381771,24.492812],[54.381803,24.492773],[54.381796,24.492811],[54.381968,24.492928],[54.381905,24.492997],[54.381896,24.49305],[54.381753,24.493211],[54.381748,24.493239],[54.381727,24.493224],[54.381564,24.493408],[54.381544,24.493517],[54.381663,24.493605],[54.381828,24.493406],[54.381841,24.493415],[54.381986,24.493251],[54.381989,24.493231],[54.382016,24.493251],[54.38217,24.493082],[54.38218,24.493026],[54.382337,24.492855],[54.382359,24.492732],[54.382245,24.492648],[54.382091,24.492821],[54.382086,24.492849],[54.382072,24.492838],[54.382101,24.492696],[54.381906,24.49257],[54.381915,24.492518],[54.381718,24.492385],[54.381695,24.492413],[54.381716,24.4923],[54.381594,24.492217],[54.381438,24.492422]]]}},{"type":"Feature","properties":{},"geometry":{"type":"Polygon","coordinates":[[[54.381123,24.493722],[54.381109,24.493798],[54.381417,24.494011],[54.381534,24.49387],[54.381563,24.493706],[54.381256,24.493494],[54.381219,24.493538],[54.381228,24.493488],[54.381037,24.493356],[54.381009,24.493389],[54.381019,24.493335],[54.380784,24.493173],[54.380703,24.493271],[54.380683,24.49338],[54.380918,24.493542],[54.380936,24.49352],[54.380922,24.493601],[54.381113,24.493734],[54.381123,24.493722]]]}},{"type":"Feature","properties":{},"geometry":{"type":"Polygon","coordinates":[[[54.380569,24.493876],[54.380637,24.493923],[54.380663,24.49385],[54.380595,24.493803],[54.380569,24.493876]]]}},{"type":"Feature","properties":{},"geometry":{"type":"Polygon","coordinates":[[[54.381627,24.493788],[54.381464,24.493984],[54.381442,24.494107],[54.381583,24.494204],[54.381747,24.494009],[54.381769,24.493886],[54.381627,24.493788]]]}},{"type":"Feature","properties":{},"geometry":{"type":"Polygon","coordinates":[[[54.381069,24.49644],[54.381035,24.496416],[54.380888,24.496594],[54.380931,24.496357],[54.380716,24.496213],[54.380556,24.496411],[54.38053,24.496555],[54.380476,24.496518],[54.380072,24.497001],[54.380064,24.497042],[54.380521,24.497358],[54.380839,24.496978],[54.381012,24.497096],[54.381176,24.496896],[54.381192,24.496808],[54.381238,24.496839],[54.381399,24.49664],[54.381415,24.496546],[54.381454,24.496572],[54.381614,24.496374],[54.38163,24.49628],[54.381676,24.49631],[54.381836,24.496112],[54.381897,24.49577],[54.381682,24.495626],[54.38158,24.495752],[54.381615,24.495559],[54.3814,24.495415],[54.38124,24.495613],[54.381179,24.495955],[54.381326,24.496054],[54.3813,24.496087],[54.381283,24.49618],[54.381244,24.496155],[54.381084,24.496353],[54.381069,24.49644]],[[54.380822,24.496757],[54.380852,24.496721],[54.380843,24.496772],[54.380822,24.496757]]]}},{"type":"Feature","properties":{},"geometry":{"type":"Polygon","coordinates":[[[54.38104,24.499721],[54.3812,24.499607],[54.38122,24.4995],[54.381157,24.499399],[54.3811,24.499414],[54.381075,24.499367],[54.38144,24.499147],[54.381459,24.49904],[54.381203,24.498669],[54.381303,24.49861],[54.381686,24.498762],[54.381675,24.498913],[54.381779,24.499077],[54.381908,24.499023],[54.381927,24.498916],[54.381895,24.498638],[54.381815,24.498526],[54.381286,24.498381],[54.381084,24.498496],[54.381068,24.498473],[54.380628,24.498745],[54.380609,24.498852],[54.380684,24.498961],[54.38062,24.499002],[54.380468,24.499633],[54.38068,24.499681],[54.380714,24.499585],[54.380771,24.4996],[54.380826,24.49971],[54.38104,24.499721]]]}},{"type":"Feature","properties":{},"geometry":{"type":"Polygon","coordinates":[[[54.381525,24.499426],[54.381483,24.499535],[54.381547,24.499564],[54.381588,24.499455],[54.381525,24.499426]]]}},{"type":"Feature","properties":{},"geometry":{"type":"Polygon","coordinates":[[[54.380777,24.511456],[54.380742,24.511573],[54.380785,24.511587],[54.38082,24.51147],[54.380777,24.511456]]]}},{"type":"Feature","properties":{},"geometry":{"type":"Polygon","coordinates":[[[54.380724,24.511517],[54.380742,24.511423],[54.380622,24.511403],[54.38058,24.51162],[54.380699,24.51164],[54.380718,24.511544],[54.380681,24.511538],[54.380687,24.511511],[54.380724,24.511517]]]}},{"type":"Feature","properties":{},"geometry":{"type":"Polygon","coordinates":[[[54.380238,24.511685],[54.380233,24.511712],[54.381233,24.512537],[54.381313,24.512454],[54.381318,24.512427],[54.380313,24.511587],[54.380238,24.511685]]]}},{"type":"Feature","properties":{},"geometry":{"type":"Polygon","coordinates":[[[54.382256,24.480551],[54.38223,24.480698],[54.382185,24.480697],[54.382173,24.480839],[54.382103,24.480787],[54.38203,24.480869],[54.382021,24.48092],[54.382109,24.480985],[54.382182,24.480903],[54.382189,24.480863],[54.382249,24.480864],[54.3822,24.481174],[54.382403,24.481198],[54.382398,24.481232],[54.382587,24.481254],[54.382625,24.481033],[54.382739,24.481119],[54.382922,24.480915],[54.382931,24.480867],[54.383121,24.480669],[54.383128,24.480626],[54.383319,24.480428],[54.38335,24.480257],[54.383114,24.480081],[54.383072,24.480128],[54.383086,24.480049],[54.382851,24.479873],[54.382819,24.479908],[54.382827,24.479867],[54.382591,24.479691],[54.382408,24.479894],[54.382377,24.480065],[54.382565,24.480205],[54.382454,24.480328],[54.38245,24.480355],[54.38244,24.480347],[54.382256,24.480551]],[[54.382344,24.480828],[54.382264,24.480818],[54.382267,24.480752],[54.382344,24.48081],[54.382344,24.480828]],[[54.382509,24.480844],[54.382524,24.480828],[54.38252,24.480848],[54.382509,24.480844]]]}},{"type":"Feature","properties":{},"geometry":{"type":"Polygon","coordinates":[[[54.3822,24.479994],[54.382123,24.480087],[54.382114,24.480139],[54.382197,24.480195],[54.382274,24.480101],[54.382283,24.48005],[54.3822,24.479994]]]}},{"type":"Feature","properties":{},"geometry":{"type":"Polygon","coordinates":[[[54.383584,24.480953],[54.383619,24.480913],[54.383605,24.48099],[54.383841,24.481153],[54.38388,24.481108],[54.383869,24.481167],[54.384072,24.481307],[54.383982,24.481414],[54.383974,24.481455],[54.383953,24.48144],[54.383767,24.481661],[54.383759,24.481704],[54.383743,24.481693],[54.383714,24.481728],[54.383723,24.481678],[54.383478,24.481508],[54.38345,24.481541],[54.383458,24.481499],[54.383212,24.48133],[54.383191,24.481355],[54.383198,24.481319],[54.382952,24.481149],[54.382799,24.481333],[54.382768,24.481504],[54.383013,24.481673],[54.383035,24.481648],[54.383028,24.481684],[54.383274,24.481854],[54.383301,24.481821],[54.383294,24.481862],[54.383508,24.482011],[54.383503,24.482043],[54.383544,24.482069],[54.38356,24.482048],[54.383699,24.482145],[54.383694,24.482174],[54.383738,24.4822],[54.383752,24.482181],[54.383805,24.482218],[54.38383,24.482188],[54.383798,24.482235],[54.383788,24.482286],[54.383857,24.482329],[54.383892,24.48226],[54.38407,24.482384],[54.384224,24.4822],[54.384236,24.482132],[54.384269,24.482154],[54.384422,24.48197],[54.384434,24.481905],[54.38447,24.48193],[54.384623,24.481746],[54.384635,24.481679],[54.384667,24.481701],[54.384821,24.481518],[54.384851,24.481347],[54.384606,24.481177],[54.384596,24.481189],[54.384608,24.48112],[54.384371,24.480951],[54.384309,24.481024],[54.384323,24.480943],[54.384086,24.480774],[54.384051,24.480816],[54.38406,24.480767],[54.383822,24.480598],[54.383791,24.480635],[54.383803,24.480567],[54.383565,24.480398],[54.383379,24.48062],[54.383349,24.48079],[54.383421,24.48084],[54.383399,24.480859],[54.38339,24.48091],[54.383408,24.480928],[54.383244,24.480815],[54.383116,24.480968],[54.383085,24.481138],[54.383342,24.481316],[54.38347,24.481163],[54.3835,24.480994],[54.383565,24.480939],[54.383584,24.480953]]]}},{"type":"Feature","properties":{},"geometry":{"type":"Polygon","coordinates":[[[54.382447,24.482495],[54.382438,24.482546],[54.382508,24.482589],[54.38257,24.482505],[54.382579,24.482454],[54.382509,24.482411],[54.382447,24.482495]]]}},{"type":"Feature","properties":{},"geometry":{"type":"Polygon","coordinates":[[[54.382052,24.483649],[54.382043,24.483701],[54.382329,24.483918],[54.382382,24.483861],[54.382391,24.483809],[54.382105,24.483592],[54.382052,24.483649]]]}},{"type":"Feature","properties":{},"geometry":{"type":"Polygon","coordinates":[[[54.382395,24.483885],[54.382385,24.483936],[54.382551,24.484072],[54.382607,24.484016],[54.382617,24.483965],[54.382451,24.483829],[54.382395,24.483885]]]}},{"type":"Feature","properties":{},"geometry":{"type":"Polygon","coordinates":[[[54.38236,24.48406],[54.382326,24.484175],[54.382447,24.484215],[54.382481,24.4841],[54.38236,24.48406]]]}},{"type":"Feature","properties":{},"geometry":{"type":"Polygon","coordinates":[[[54.382619,24.484421],[54.382315,24.48478],[54.382309,24.484813],[54.382298,24.484805],[54.382146,24.48498],[54.382136,24.485035],[54.382276,24.485136],[54.382428,24.484961],[54.382435,24.484926],[54.382448,24.484935],[54.382911,24.484369],[54.383071,24.484202],[54.383081,24.484148],[54.382936,24.484042],[54.382784,24.484214],[54.382627,24.484427],[54.382619,24.484421]]]}},{"type":"Feature","properties":{},"geometry":{"type":"Polygon","coordinates":[[[54.383094,24.486391],[54.3832,24.486457],[54.383216,24.486435],[54.383243,24.486452],[54.383291,24.486389],[54.3833,24.486337],[54.383102,24.486215],[54.383028,24.486314],[54.383019,24.486365],[54.383083,24.486405],[54.383094,24.486391]]]}},{"type":"Feature","properties":{},"geometry":{"type":"Polygon","coordinates":[[[54.383157,24.486794],[54.383105,24.486857],[54.383096,24.486908],[54.383141,24.486938],[54.383192,24.486876],[54.383201,24.486825],[54.383157,24.486794]]]}},{"type":"Feature","properties":{},"geometry":{"type":"Polygon","coordinates":[[[54.38272,24.486746],[54.38245,24.48702],[54.38242,24.487191],[54.382773,24.487485],[54.383043,24.487214],[54.383074,24.487043],[54.382985,24.486973],[54.382813,24.487146],[54.382713,24.487063],[54.382784,24.486995],[54.382814,24.486824],[54.38272,24.486746]]]}},{"type":"Feature","properties":{},"geometry":{"type":"Polygon","coordinates":[[[54.38318,24.487133],[54.382919,24.487403],[54.382889,24.487573],[54.383394,24.487984],[54.383665,24.487709],[54.383649,24.487795],[54.383523,24.487909],[54.383492,24.48808],[54.383594,24.488162],[54.383668,24.488091],[54.38366,24.488134],[54.383837,24.48828],[54.384008,24.48811],[54.384038,24.487939],[54.383889,24.487817],[54.383908,24.487709],[54.383768,24.487597],[54.383717,24.487649],[54.383724,24.487605],[54.383552,24.487465],[54.383525,24.487493],[54.383537,24.487425],[54.383447,24.487349],[54.383276,24.487525],[54.383179,24.487448],[54.383248,24.48738],[54.383279,24.487209],[54.38318,24.487133]]]}},{"type":"Feature","properties":{},"geometry":{"type":"Polygon","coordinates":[[[54.381815,24.487921],[54.3818,24.488003],[54.382021,24.488166],[54.382118,24.488058],[54.382133,24.487976],[54.381912,24.487812],[54.381815,24.487921]]]}},{"type":"Feature","properties":{},"geometry":{"type":"Polygon","coordinates":[[[54.381953,24.488656],[54.382114,24.488457],[54.382136,24.488473],[54.382295,24.488288],[54.382315,24.488179],[54.382197,24.488095],[54.382038,24.48828],[54.382032,24.488311],[54.382008,24.488293],[54.38185,24.488474],[54.381833,24.488569],[54.381953,24.488656]]]}},{"type":"Feature","properties":{},"geometry":{"type":"Polygon","coordinates":[[[54.382784,24.488627],[54.382755,24.488791],[54.382953,24.48893],[54.382974,24.488905],[54.382969,24.48893],[54.383167,24.489069],[54.38326,24.488959],[54.383289,24.488795],[54.383092,24.488656],[54.383071,24.488681],[54.383075,24.488656],[54.382878,24.488517],[54.382784,24.488627]]]}},{"type":"Feature","properties":{},"geometry":{"type":"Polygon","coordinates":[[[54.382479,24.488981],[54.38247,24.489032],[54.382668,24.489171],[54.382761,24.489061],[54.38277,24.48901],[54.382573,24.488871],[54.382479,24.488981]]]}},{"type":"Feature","properties":{},"geometry":{"type":"Polygon","coordinates":[[[54.382697,24.48914],[54.382679,24.489236],[54.382821,24.489335],[54.382772,24.489521],[54.382971,24.489575],[54.383005,24.489464],[54.383091,24.489525],[54.383184,24.489415],[54.383201,24.489319],[54.383004,24.489181],[54.38298,24.489208],[54.382987,24.489169],[54.38279,24.489031],[54.382697,24.48914]]]}},{"type":"Feature","properties":{},"geometry":{"type":"Polygon","coordinates":[[[54.382164,24.489359],[54.382142,24.489482],[54.382339,24.489621],[54.382369,24.489586],[54.382365,24.489606],[54.382563,24.489745],[54.382656,24.489635],[54.382673,24.48954],[54.382476,24.489401],[54.382446,24.489436],[54.382454,24.489388],[54.382257,24.489249],[54.382164,24.489359]]]}},{"type":"Feature","properties":{},"geometry":{"type":"Polygon","coordinates":[[[54.382889,24.489869],[54.382734,24.490048],[54.382729,24.490076],[54.382713,24.490063],[54.382552,24.490246],[54.382543,24.490292],[54.382403,24.490471],[54.382386,24.490459],[54.382055,24.490852],[54.382033,24.490975],[54.382162,24.491066],[54.382633,24.490511],[54.382648,24.490425],[54.382662,24.490435],[54.382823,24.490251],[54.382832,24.490257],[54.382987,24.490079],[54.382997,24.490026],[54.383016,24.490039],[54.383171,24.489858],[54.383175,24.489836],[54.383197,24.489851],[54.383327,24.489697],[54.38334,24.489624],[54.383353,24.489633],[54.383514,24.489442],[54.383519,24.489415],[54.383528,24.489421],[54.383686,24.489235],[54.383703,24.48914],[54.383583,24.489056],[54.383425,24.489242],[54.38342,24.489269],[54.383405,24.489259],[54.383244,24.489449],[54.383236,24.489495],[54.383226,24.489488],[54.383096,24.489642],[54.383089,24.489676],[54.383072,24.489663],[54.382916,24.489845],[54.382909,24.489884],[54.382889,24.489869]]]}},{"type":"Feature","properties":{},"geometry":{"type":"Polygon","coordinates":[[[54.382627,24.490114],[54.382651,24.489977],[54.382454,24.489838],[54.382436,24.489859],[54.382443,24.489824],[54.382245,24.489685],[54.382214,24.489722],[54.382224,24.489667],[54.382026,24.489528],[54.381933,24.489637],[54.381906,24.489788],[54.382104,24.489927],[54.382135,24.48989],[54.382125,24.489945],[54.382322,24.490084],[54.38234,24.490063],[54.382336,24.490085],[54.382534,24.490223],[54.382627,24.490114]]]}},{"type":"Feature","properties":{},"geometry":{"type":"Polygon","coordinates":[[[54.381806,24.490192],[54.381789,24.490288],[54.381987,24.490426],[54.382016,24.490391],[54.382001,24.49048],[54.382198,24.490619],[54.382291,24.490509],[54.382316,24.490372],[54.382118,24.490234],[54.382088,24.490269],[54.382097,24.490221],[54.381899,24.490082],[54.381806,24.490192]]]}},{"type":"Feature","properties":{},"geometry":{"type":"Polygon","coordinates":[[[54.382694,24.490773],[54.382542,24.49097],[54.382531,24.490962],[54.382362,24.491154],[54.382333,24.491318],[54.382477,24.491423],[54.382646,24.491231],[54.382652,24.491195],[54.382668,24.491206],[54.382818,24.491028],[54.382822,24.491002],[54.382839,24.491014],[54.382989,24.490832],[54.382993,24.490809],[54.38301,24.490821],[54.383172,24.490627],[54.383199,24.490477],[54.383048,24.490373],[54.382886,24.490566],[54.382882,24.490589],[54.382864,24.490577],[54.382713,24.490759],[54.382708,24.490783],[54.382694,24.490773]]]}},{"type":"Feature","properties":{},"geometry":{"type":"Polygon","coordinates":[[[54.383279,24.491094],[54.383328,24.491036],[54.383315,24.491111],[54.383285,24.49109],[54.383173,24.491223],[54.383146,24.491374],[54.383321,24.491497],[54.383302,24.491603],[54.383445,24.491706],[54.383621,24.491502],[54.383648,24.491352],[54.383526,24.491264],[54.383741,24.491414],[54.383854,24.49128],[54.383881,24.49113],[54.383453,24.490834],[54.383404,24.490891],[54.383419,24.49081],[54.383207,24.490662],[54.383094,24.490795],[54.383071,24.490925],[54.383035,24.4909],[54.382874,24.491093],[54.382847,24.491244],[54.382986,24.491343],[54.383157,24.491154],[54.38318,24.491024],[54.383279,24.491094]],[[54.383492,24.491264],[54.383496,24.491245],[54.383504,24.491251],[54.383492,24.491264]]]}},{"type":"Feature","properties":{},"geometry":{"type":"Polygon","coordinates":[[[54.382934,24.491511],[54.382961,24.491361],[54.382759,24.491217],[54.382641,24.491351],[54.382614,24.491501],[54.382817,24.491644],[54.382934,24.491511]]]}},{"type":"Feature","properties":{},"geometry":{"type":"Polygon","coordinates":[[[54.382419,24.492624],[54.382507,24.492515],[54.382529,24.492392],[54.382339,24.492265],[54.382298,24.492314],[54.382311,24.492244],[54.382121,24.492116],[54.382072,24.492177],[54.382094,24.492056],[54.382065,24.492037],[54.382223,24.491851],[54.38225,24.4917],[54.382108,24.4916],[54.381932,24.491807],[54.38191,24.491932],[54.381834,24.491882],[54.381723,24.492019],[54.381696,24.492169],[54.381955,24.492344],[54.382028,24.492254],[54.382011,24.492347],[54.382201,24.492475],[54.382242,24.492425],[54.382229,24.492496],[54.382419,24.492624]]]}},{"type":"Feature","properties":{},"geometry":{"type":"Polygon","coordinates":[[[54.38271,24.492848],[54.38287,24.492664],[54.382875,24.492633],[54.382896,24.492648],[54.383051,24.492469],[54.38308,24.492305],[54.382945,24.492208],[54.38279,24.492387],[54.382782,24.492431],[54.382616,24.492611],[54.382589,24.492761],[54.38271,24.492848]]]}},{"type":"Feature","properties":{},"geometry":{"type":"Polygon","coordinates":[[[54.382615,24.493067],[54.382641,24.492917],[54.382425,24.492772],[54.382317,24.492906],[54.38229,24.493056],[54.382506,24.493201],[54.382615,24.493067]]]}},{"type":"Feature","properties":{},"geometry":{"type":"Polygon","coordinates":[[[54.381739,24.493702],[54.381959,24.493846],[54.38205,24.49373],[54.382077,24.493579],[54.381858,24.493436],[54.381766,24.493552],[54.381739,24.493702]]]}},{"type":"Feature","properties":{},"geometry":{"type":"Polygon","coordinates":[[[54.382705,24.494397],[54.382688,24.494494],[54.382649,24.494466],[54.382538,24.494594],[54.38257,24.494414],[54.382359,24.494262],[54.382187,24.49446],[54.382153,24.494652],[54.382364,24.494804],[54.382475,24.494676],[54.382443,24.494856],[54.382655,24.495008],[54.382826,24.49481],[54.382843,24.494713],[54.382882,24.494741],[54.383054,24.494544],[54.383066,24.494473],[54.383095,24.494494],[54.383267,24.494296],[54.38328,24.49422],[54.383318,24.494247],[54.38349,24.49405],[54.383524,24.493858],[54.383478,24.493824],[54.383733,24.49351],[54.383778,24.493254],[54.383505,24.493054],[54.383214,24.493412],[54.383181,24.4936],[54.383021,24.493486],[54.38285,24.493683],[54.382815,24.493875],[54.383025,24.494026],[54.382918,24.494149],[54.382906,24.49422],[54.382876,24.4942],[54.382705,24.494397]],[[54.383281,24.493742],[54.383141,24.493903],[54.383127,24.493979],[54.383091,24.493953],[54.383198,24.49383],[54.383221,24.493702],[54.383281,24.493742]]]}},{"type":"Feature","properties":{},"geometry":{"type":"Polygon","coordinates":[[[54.382168,24.499283],[54.382197,24.499242],[54.382211,24.499118],[54.382177,24.499062],[54.382139,24.499038],[54.382084,24.499027],[54.382033,24.499036],[54.381963,24.499096],[54.381942,24.499199],[54.381952,24.499245],[54.382015,24.499306],[54.382074,24.499319],[54.382125,24.49931],[54.382168,24.499283]]]}},{"type":"Feature","properties":{},"geometry":{"type":"Polygon","coordinates":[[[54.382733,24.504657],[54.382733,24.504832],[54.382809,24.504827],[54.382809,24.504652],[54.382733,24.504657]]]}},{"type":"Feature","properties":{},"geometry":{"type":"Polygon","coordinates":[[[54.38161,24.509225],[54.381563,24.509278],[54.381554,24.509329],[54.381601,24.509364],[54.381648,24.509311],[54.381657,24.509259],[54.38161,24.509225]]]}},{"type":"Feature","properties":{},"geometry":{"type":"Polygon","coordinates":[[[54.381468,24.510112],[54.381459,24.510163],[54.381493,24.510235],[54.381594,24.510194],[54.381604,24.510143],[54.381569,24.510072],[54.381468,24.510112]]]}},{"type":"Feature","properties":{},"geometry":{"type":"Polygon","coordinates":[[[54.381509,24.511102],[54.381463,24.511358],[54.382321,24.512024],[54.382705,24.5116],[54.382751,24.511343],[54.381894,24.510679],[54.381509,24.511102]]]}},{"type":"Feature","properties":{},"geometry":{"type":"Polygon","coordinates":[[[54.384211,24.480161],[54.383966,24.479982],[54.383939,24.480013],[54.383946,24.479972],[54.383701,24.479792],[54.383582,24.479927],[54.383551,24.480098],[54.383796,24.480278],[54.383877,24.480186],[54.384084,24.480337],[54.384103,24.480315],[54.384098,24.480347],[54.384343,24.480526],[54.384462,24.480391],[54.38447,24.48035],[54.384225,24.480171],[54.384205,24.480193],[54.384211,24.480161]]]}},{"type":"Feature","properties":{},"geometry":{"type":"Polygon","coordinates":[[[54.384991,24.480728],[54.384753,24.48056],[54.384728,24.480588],[54.384736,24.480545],[54.384491,24.480366],[54.384372,24.480501],[54.384341,24.480672],[54.384586,24.480851],[54.384661,24.480766],[54.384869,24.480913],[54.384981,24.480783],[54.384991,24.480728]]]}},{"type":"Feature","properties":{},"geometry":{"type":"Polygon","coordinates":[[[54.384223,24.482527],[54.384075,24.482698],[54.38407,24.482725],[54.38406,24.482717],[54.383912,24.482889],[54.383907,24.482919],[54.383894,24.48291],[54.383746,24.483081],[54.383739,24.483117],[54.383727,24.483108],[54.383579,24.483279],[54.383573,24.483313],[54.383558,24.483302],[54.38341,24.483473],[54.383403,24.483515],[54.383384,24.483501],[54.383236,24.483672],[54.383226,24.483727],[54.383366,24.483827],[54.383514,24.483655],[54.383533,24.483669],[54.383681,24.483498],[54.383694,24.483423],[54.383709,24.483434],[54.383857,24.483262],[54.383863,24.483227],[54.383876,24.483236],[54.384018,24.483072],[54.384035,24.483084],[54.384183,24.482913],[54.384195,24.482846],[54.384205,24.482853],[54.384353,24.482682],[54.384358,24.482652],[54.384368,24.482659],[54.384516,24.482487],[54.384522,24.482453],[54.384541,24.482466],[54.384689,24.482295],[54.384694,24.482264],[54.384705,24.482272],[54.384853,24.482101],[54.384859,24.482066],[54.385014,24.481899],[54.385024,24.481844],[54.384884,24.481744],[54.384736,24.481915],[54.384729,24.481951],[54.384575,24.482117],[54.38457,24.482148],[54.384558,24.48214],[54.38441,24.482311],[54.384404,24.482346],[54.384386,24.482333],[54.384238,24.482504],[54.384232,24.482534],[54.384223,24.482527]]]}},{"type":"Feature","properties":{},"geometry":{"type":"Polygon","coordinates":[[[54.384385,24.484192],[54.384375,24.484243],[54.384424,24.484282],[54.384486,24.484219],[54.384503,24.484128],[54.384471,24.484102],[54.384385,24.484192]]]}},{"type":"Feature","properties":{},"geometry":{"type":"Polygon","coordinates":[[[54.383927,24.485626],[54.383833,24.485548],[54.38357,24.48582],[54.38354,24.48599],[54.383895,24.486283],[54.384155,24.486013],[54.384177,24.485892],[54.38432,24.485735],[54.384422,24.485824],[54.384349,24.485892],[54.384337,24.485958],[54.384301,24.485928],[54.384032,24.486202],[54.384002,24.486373],[54.38436,24.486666],[54.384625,24.486394],[54.384655,24.486223],[54.384635,24.486207],[54.384744,24.486089],[54.384851,24.486177],[54.384783,24.486244],[54.384753,24.486414],[54.384843,24.486491],[54.385109,24.486222],[54.385139,24.486051],[54.384782,24.485761],[54.384611,24.485933],[54.384675,24.485866],[54.384706,24.485695],[54.384357,24.485404],[54.384186,24.485577],[54.3842,24.485498],[54.384329,24.485373],[54.384337,24.485329],[54.384361,24.485304],[54.384413,24.485347],[54.384518,24.485243],[54.384549,24.485072],[54.38441,24.484958],[54.384305,24.485063],[54.384299,24.485097],[54.384266,24.48513],[54.384254,24.485119],[54.38413,24.485244],[54.384094,24.485306],[54.38408,24.485295],[54.383967,24.485404],[54.383937,24.485575],[54.384077,24.485692],[54.384086,24.485683],[54.384065,24.485804],[54.383929,24.485946],[54.383829,24.485864],[54.383897,24.485797],[54.383927,24.485626]],[[54.384413,24.48614],[54.384517,24.486031],[54.384488,24.486198],[54.384505,24.486213],[54.384398,24.486329],[54.384294,24.486243],[54.38436,24.486175],[54.384373,24.486107],[54.384413,24.48614]]]}},{"type":"Feature","properties":{},"geometry":{"type":"Polygon","coordinates":[[[54.383944,24.487093],[54.383938,24.487129],[54.383924,24.487119],[54.383855,24.487199],[54.383848,24.487236],[54.383834,24.487226],[54.383766,24.487304],[54.383757,24.487355],[54.383943,24.487489],[54.384014,24.487411],[54.38402,24.487374],[54.384036,24.487386],[54.384105,24.487307],[54.384111,24.48727],[54.384124,24.487279],[54.384195,24.487199],[54.384201,24.487164],[54.384213,24.487172],[54.384284,24.487095],[54.38429,24.487059],[54.384303,24.487068],[54.384372,24.486989],[54.384381,24.486938],[54.384191,24.486806],[54.384124,24.486882],[54.384117,24.48692],[54.384102,24.48691],[54.384035,24.486988],[54.384028,24.487025],[54.384013,24.487014],[54.383944,24.487093]]]}},{"type":"Feature","properties":{},"geometry":{"type":"Polygon","coordinates":[[[54.384184,24.487264],[54.384176,24.487312],[54.38414,24.487287],[54.383956,24.4875],[54.383926,24.487671],[54.3841,24.487798],[54.384124,24.487748],[54.384181,24.487743],[54.384211,24.487784],[54.38435,24.487625],[54.384381,24.487454],[54.384368,24.487446],[54.384437,24.487367],[54.384441,24.487339],[54.384451,24.487346],[54.384526,24.48726],[54.384531,24.487232],[54.384541,24.48724],[54.384612,24.487161],[54.384621,24.487109],[54.384433,24.486972],[54.384364,24.487052],[54.384358,24.487085],[54.384345,24.487076],[54.384275,24.487158],[54.384269,24.48719],[54.384257,24.487181],[54.384184,24.487264]]]}},{"type":"Feature","properties":{},"geometry":{"type":"Polygon","coordinates":[[[54.384706,24.487592],[54.384597,24.487519],[54.384441,24.4877],[54.384433,24.487745],[54.384414,24.487732],[54.384372,24.487783],[54.384363,24.487835],[54.384339,24.487818],[54.384297,24.487867],[54.384267,24.488037],[54.384348,24.488099],[54.384343,24.488127],[54.384448,24.488202],[54.38475,24.487849],[54.38478,24.487679],[54.384701,24.487621],[54.384706,24.487592]]]}},{"type":"Feature","properties":{},"geometry":{"type":"Polygon","coordinates":[[[54.384155,24.488079],[54.384011,24.488245],[54.384001,24.488297],[54.384079,24.488351],[54.384224,24.488185],[54.384233,24.488134],[54.384155,24.488079]]]}},{"type":"Feature","properties":{},"geometry":{"type":"Polygon","coordinates":[[[54.384236,24.488456],[54.384381,24.488288],[54.38439,24.488237],[54.384297,24.488166],[54.384131,24.488356],[54.384124,24.488394],[54.384074,24.488454],[54.384065,24.488505],[54.384157,24.48857],[54.384231,24.488482],[54.384236,24.488456]]]}},{"type":"Feature","properties":{},"geometry":{"type":"Polygon","coordinates":[[[54.384412,24.488524],[54.384422,24.488473],[54.384374,24.488438],[54.384338,24.48848],[54.384329,24.488531],[54.384375,24.488565],[54.384412,24.488524]]]}},{"type":"Feature","properties":{},"geometry":{"type":"Polygon","coordinates":[[[54.384606,24.488415],[54.384458,24.48859],[54.384448,24.488642],[54.384479,24.488662],[54.38444,24.48871],[54.384431,24.488761],[54.384529,24.48883],[54.384579,24.488772],[54.384573,24.488807],[54.384925,24.489059],[54.384967,24.48901],[54.384976,24.488959],[54.384623,24.488707],[54.384583,24.488755],[54.384589,24.48872],[54.38454,24.488687],[54.38468,24.488524],[54.384689,24.488473],[54.384606,24.488415]]]}},{"type":"Feature","properties":{},"geometry":{"type":"Polygon","coordinates":[[[54.383323,24.490054],[54.383308,24.490043],[54.383144,24.490229],[54.383117,24.490379],[54.383272,24.490492],[54.383439,24.490288],[54.383458,24.490302],[54.383606,24.490127],[54.38361,24.490103],[54.383766,24.489922],[54.38377,24.489894],[54.383925,24.489716],[54.383929,24.489691],[54.383938,24.489697],[54.384089,24.489514],[54.384116,24.489364],[54.383973,24.489266],[54.383821,24.489448],[54.383816,24.489476],[54.383805,24.489468],[54.383658,24.489651],[54.383654,24.489675],[54.383642,24.489667],[54.383323,24.490054]]]}},{"type":"Feature","properties":{},"geometry":{"type":"Polygon","coordinates":[[[54.38414,24.489593],[54.384113,24.489744],[54.384335,24.489899],[54.384367,24.489863],[54.384357,24.489914],[54.384571,24.490057],[54.384588,24.490037],[54.384584,24.490059],[54.384757,24.490182],[54.384869,24.49005],[54.384896,24.4899],[54.384723,24.489777],[54.384704,24.489799],[54.38471,24.489769],[54.384496,24.489626],[54.384472,24.489655],[54.38448,24.489612],[54.384246,24.489453],[54.38414,24.489593]]]}},{"type":"Feature","properties":{},"geometry":{"type":"Polygon","coordinates":[[[54.384637,24.490369],[54.384664,24.490219],[54.384457,24.490065],[54.384423,24.490103],[54.384432,24.490053],[54.38422,24.489904],[54.384171,24.489962],[54.384186,24.48988],[54.383974,24.489732],[54.383862,24.489866],[54.383835,24.490016],[54.384047,24.490164],[54.384095,24.490106],[54.384081,24.490188],[54.384293,24.490336],[54.384313,24.490312],[54.384306,24.490354],[54.384512,24.490508],[54.384637,24.490369]]]}},{"type":"Feature","properties":{},"geometry":{"type":"Polygon","coordinates":[[[54.384162,24.49042],[54.384172,24.490365],[54.38396,24.490217],[54.383847,24.49035],[54.383821,24.490501],[54.384032,24.490649],[54.384066,24.490609],[54.384056,24.490663],[54.384268,24.490812],[54.384381,24.490678],[54.384408,24.490528],[54.384196,24.49038],[54.384162,24.49042]]]}},{"type":"Feature","properties":{},"geometry":{"type":"Polygon","coordinates":[[[54.383852,24.490711],[54.383867,24.49063],[54.383655,24.490481],[54.383543,24.490615],[54.383516,24.490765],[54.383727,24.490913],[54.383776,24.490856],[54.383762,24.490937],[54.383973,24.491085],[54.384086,24.490952],[54.384113,24.490802],[54.383901,24.490653],[54.383852,24.490711]]]}},{"type":"Feature","properties":{},"geometry":{"type":"Polygon","coordinates":[[[54.384475,24.491052],[54.38448,24.491028],[54.384818,24.490654],[54.384822,24.490633],[54.384847,24.490651],[54.385156,24.490275],[54.385186,24.490111],[54.385054,24.490014],[54.384952,24.490128],[54.384934,24.490115],[54.384871,24.490186],[54.38486,24.490246],[54.38473,24.490397],[54.384726,24.49042],[54.384697,24.490399],[54.384539,24.490585],[54.384535,24.490607],[54.384526,24.4906],[54.384371,24.490782],[54.384364,24.490824],[54.384217,24.490997],[54.38419,24.491147],[54.384318,24.491237],[54.384475,24.491052]]]}},{"type":"Feature","properties":{},"geometry":{"type":"Polygon","coordinates":[[[54.383598,24.491711],[54.383577,24.491696],[54.383411,24.491891],[54.383384,24.492041],[54.383537,24.492148],[54.383705,24.491934],[54.383722,24.491945],[54.383877,24.491747],[54.383887,24.491754],[54.384224,24.491376],[54.384251,24.491226],[54.384104,24.491121],[54.383939,24.491319],[54.383927,24.49131],[54.383764,24.491493],[54.383598,24.491711]]]}},{"type":"Feature","properties":{},"geometry":{"type":"Polygon","coordinates":[[[54.383349,24.491818],[54.383376,24.491668],[54.383183,24.491529],[54.383061,24.49167],[54.383034,24.49182],[54.383227,24.491959],[54.383349,24.491818]]]}},{"type":"Feature","properties":{},"geometry":{"type":"Polygon","coordinates":[[[54.383709,24.492848],[54.383699,24.492899],[54.383772,24.492961],[54.383808,24.492926],[54.383817,24.492875],[54.383745,24.492813],[54.383709,24.492848]]]}},{"type":"Feature","properties":{},"geometry":{"type":"Polygon","coordinates":[[[54.383918,24.492943],[54.383875,24.493164],[54.384109,24.493201],[54.384151,24.49298],[54.383918,24.492943]]]}},{"type":"Feature","properties":{},"geometry":{"type":"Polygon","coordinates":[[[54.384497,24.494574],[54.384692,24.494339],[54.385261,24.49473],[54.385418,24.49454],[54.385517,24.493985],[54.384727,24.493442],[54.384327,24.493925],[54.384262,24.49429],[54.384161,24.494168],[54.384102,24.494241],[54.384075,24.494223],[54.384029,24.494279],[54.384017,24.494346],[54.383917,24.494469],[54.38389,24.494451],[54.383846,24.494506],[54.383835,24.49457],[54.383803,24.494609],[54.383765,24.494822],[54.384642,24.495129],[54.384693,24.495069],[54.384731,24.494856],[54.384497,24.494574]]]}},{"type":"Feature","properties":{},"geometry":{"type":"Polygon","coordinates":[[[54.381935,24.496612],[54.381916,24.496719],[54.382958,24.497435],[54.383013,24.497369],[54.383059,24.497401],[54.383103,24.497348],[54.383121,24.49724],[54.384189,24.495973],[54.384204,24.495984],[54.384264,24.495914],[54.384272,24.495873],[54.38459,24.495512],[54.38461,24.495405],[54.384588,24.495391],[54.384573,24.495221],[54.384451,24.495136],[54.38444,24.495151],[54.384375,24.495108],[54.383833,24.494902],[54.383796,24.494869],[54.383726,24.494872],[54.383484,24.494781],[54.382853,24.495513],[54.382836,24.495609],[54.382787,24.4956],[54.382731,24.495662],[54.38272,24.495722],[54.382689,24.495739],[54.382669,24.495728],[54.381935,24.496612]]]}},{"type":"Feature","properties":{},"geometry":{"type":"Polygon","coordinates":[[[54.38435,24.496259],[54.38434,24.496311],[54.384353,24.496363],[54.384425,24.496349],[54.384434,24.496298],[54.384421,24.496245],[54.38435,24.496259]]]}},{"type":"Feature","properties":{},"geometry":{"type":"Polygon","coordinates":[[[54.383927,24.497133],[54.383932,24.497101],[54.384057,24.497023],[54.384103,24.496767],[54.384064,24.496678],[54.384194,24.496527],[54.38424,24.49627],[54.384134,24.496202],[54.383887,24.496494],[54.383794,24.496555],[54.383719,24.496908],[54.383745,24.496986],[54.383726,24.497093],[54.383674,24.497057],[54.383621,24.497122],[54.383612,24.497173],[54.383676,24.497216],[54.383728,24.497152],[54.383733,24.497123],[54.383782,24.497219],[54.383927,24.497133]]]}},{"type":"Feature","properties":{},"geometry":{"type":"Polygon","coordinates":[[[54.383377,24.497502],[54.383331,24.497758],[54.383884,24.498122],[54.383969,24.498014],[54.384015,24.497758],[54.383903,24.497667],[54.383911,24.497619],[54.383838,24.49757],[54.383867,24.497404],[54.383596,24.497226],[54.383377,24.497502]]]}},{"type":"Feature","properties":{},"geometry":{"type":"Polygon","coordinates":[[[54.383302,24.504345],[54.383294,24.50445],[54.38343,24.504447],[54.38343,24.504477],[54.383408,24.504477],[54.383402,24.504506],[54.383317,24.504507],[54.383271,24.504763],[54.383276,24.505166],[54.383577,24.505163],[54.383587,24.505109],[54.38366,24.505109],[54.383705,24.504852],[54.383696,24.503998],[54.383686,24.503916],[54.383616,24.503917],[54.383612,24.503942],[54.38361,24.503752],[54.38347,24.503754],[54.383425,24.50401],[54.383428,24.504342],[54.383302,24.504345]]]}},{"type":"Feature","properties":{},"geometry":{"type":"Polygon","coordinates":[[[54.383712,24.503899],[54.383706,24.504085],[54.383855,24.504082],[54.383861,24.503897],[54.383712,24.503899]]]}},{"type":"Feature","properties":{},"geometry":{"type":"Polygon","coordinates":[[[54.382846,24.508246],[54.382837,24.508298],[54.382858,24.508331],[54.382911,24.508304],[54.38292,24.508253],[54.3829,24.508219],[54.382846,24.508246]]]}},{"type":"Feature","properties":{},"geometry":{"type":"Polygon","coordinates":[[[54.3823,24.510555],[54.382254,24.510812],[54.382938,24.511348],[54.383329,24.510936],[54.383375,24.510679],[54.382681,24.51014],[54.3823,24.510555]]]}},{"type":"Feature","properties":{},"geometry":{"type":"Polygon","coordinates":[[[54.384951,24.481637],[54.384941,24.481691],[54.385081,24.481792],[54.385376,24.481474],[54.385394,24.481378],[54.385254,24.481278],[54.384951,24.481637]]]}},{"type":"Feature","properties":{},"geometry":{"type":"Polygon","coordinates":[[[54.38669,24.482051],[54.38669,24.482166],[54.386889,24.482141],[54.386893,24.482028],[54.38669,24.482051]]]}},{"type":"Feature","properties":{},"geometry":{"type":"Polygon","coordinates":[[[54.389809,24.482389],[54.389772,24.482455],[54.389763,24.482506],[54.389894,24.482566],[54.38993,24.482499],[54.389939,24.482448],[54.389809,24.482389]]]}},{"type":"Feature","properties":{},"geometry":{"type":"Polygon","coordinates":[[[54.387203,24.482327],[54.386697,24.482936],[54.386651,24.483192],[54.387042,24.483466],[54.387553,24.482866],[54.387599,24.482609],[54.387203,24.482327]]]}},{"type":"Feature","properties":{},"geometry":{"type":"Polygon","coordinates":[[[54.387843,24.485182],[54.387834,24.485234],[54.387885,24.48528],[54.387961,24.48521],[54.38797,24.485159],[54.387919,24.485113],[54.387843,24.485182]]]}},{"type":"Feature","properties":{},"geometry":{"type":"Polygon","coordinates":[[[54.389586,24.485847],[54.389649,24.485796],[54.389659,24.485745],[54.389639,24.485724],[54.389684,24.485688],[54.389693,24.485636],[54.389584,24.485525],[54.389443,24.485639],[54.389434,24.48569],[54.389586,24.485847]]]}},{"type":"Feature","properties":{},"geometry":{"type":"Polygon","coordinates":[[[54.385691,24.486574],[54.385722,24.486403],[54.385539,24.486245],[54.385488,24.486293],[54.385502,24.486217],[54.385451,24.486177],[54.385372,24.486252],[54.385362,24.486244],[54.385373,24.48618],[54.385332,24.486138],[54.385282,24.486184],[54.38524,24.486147],[54.385148,24.486236],[54.385117,24.486407],[54.385454,24.486696],[54.385113,24.486646],[54.385027,24.487098],[54.385423,24.48716],[54.385509,24.486744],[54.385691,24.486574]]]}},{"type":"Feature","properties":{},"geometry":{"type":"Polygon","coordinates":[[[54.387364,24.48671],[54.387265,24.486819],[54.387256,24.48687],[54.387303,24.486907],[54.387401,24.486795],[54.38741,24.486744],[54.387364,24.48671]]]}},{"type":"Feature","properties":{},"geometry":{"type":"Polygon","coordinates":[[[54.387449,24.486816],[54.38738,24.486892],[54.387371,24.486943],[54.38746,24.487009],[54.38753,24.486933],[54.387539,24.486882],[54.387449,24.486816]]]}},{"type":"Feature","properties":{},"geometry":{"type":"Polygon","coordinates":[[[54.386453,24.486984],[54.386339,24.48711],[54.386329,24.487162],[54.386416,24.487225],[54.386535,24.487106],[54.386544,24.487055],[54.386453,24.486984]]]}},{"type":"Feature","properties":{},"geometry":{"type":"Polygon","coordinates":[[[54.384808,24.487298],[54.384731,24.487386],[54.384722,24.487437],[54.384786,24.487482],[54.384864,24.487395],[54.384873,24.487343],[54.384808,24.487298]]]}},{"type":"Feature","properties":{},"geometry":{"type":"Polygon","coordinates":[[[54.387218,24.487667],[54.387264,24.487411],[54.387253,24.487282],[54.387069,24.487297],[54.386932,24.487188],[54.386943,24.487126],[54.386854,24.487055],[54.386515,24.487435],[54.386469,24.487692],[54.386567,24.487768],[54.386605,24.48773],[54.386764,24.487846],[54.386781,24.488017],[54.386924,24.488003],[54.386964,24.48778],[54.387069,24.487661],[54.387091,24.487682],[54.387218,24.487667]]]}},{"type":"Feature","properties":{},"geometry":{"type":"Polygon","coordinates":[[[54.385374,24.48895],[54.385288,24.488885],[54.385496,24.488648],[54.385533,24.488385],[54.385561,24.488355],[54.385607,24.488099],[54.385591,24.488087],[54.385602,24.488027],[54.385516,24.487964],[54.385521,24.487933],[54.38542,24.487862],[54.385368,24.487918],[54.385317,24.487884],[54.385015,24.488232],[54.384969,24.488488],[54.385097,24.488582],[54.385085,24.488648],[54.385245,24.488762],[54.385137,24.488882],[54.385128,24.488933],[54.385374,24.489116],[54.385514,24.488961],[54.385524,24.48891],[54.385455,24.48886],[54.385374,24.48895]]]}},{"type":"Feature","properties":{},"geometry":{"type":"Polygon","coordinates":[[[54.38598,24.488851],[54.38595,24.489022],[54.386086,24.489065],[54.386176,24.488842],[54.386214,24.4888],[54.386431,24.488672],[54.386462,24.488501],[54.386385,24.488388],[54.386317,24.488425],[54.386334,24.488328],[54.386082,24.488145],[54.385948,24.4883],[54.385939,24.488348],[54.385883,24.488306],[54.38579,24.488408],[54.385759,24.488578],[54.386004,24.488761],[54.386023,24.48874],[54.38598,24.488851]]]}},{"type":"Feature","properties":{},"geometry":{"type":"Polygon","coordinates":[[[54.384825,24.488689],[54.384816,24.48874],[54.385055,24.488909],[54.385132,24.488817],[54.385141,24.488766],[54.384904,24.488593],[54.384825,24.488689]]]}},{"type":"Feature","properties":{},"geometry":{"type":"Polygon","coordinates":[[[54.38572,24.488724],[54.38558,24.488884],[54.38557,24.488935],[54.385817,24.489117],[54.385956,24.488961],[54.385965,24.488909],[54.385897,24.488858],[54.385813,24.488948],[54.385732,24.488884],[54.385782,24.488827],[54.385791,24.488776],[54.38572,24.488724]]]}},{"type":"Feature","properties":{},"geometry":{"type":"Polygon","coordinates":[[[54.385265,24.489056],[54.385204,24.48901],[54.385179,24.489038],[54.385187,24.488991],[54.385147,24.488972],[54.385098,24.489058],[54.385089,24.489109],[54.385124,24.489126],[54.385121,24.489143],[54.385183,24.489189],[54.385256,24.489107],[54.385265,24.489056]]]}},{"type":"Feature","properties":{},"geometry":{"type":"Polygon","coordinates":[[[54.38594,24.489122],[54.385949,24.489071],[54.385906,24.489036],[54.385865,24.489079],[54.385856,24.48913],[54.385899,24.489165],[54.38594,24.489122]]]}},{"type":"Feature","properties":{},"geometry":{"type":"Polygon","coordinates":[[[54.386092,24.489828],[54.386099,24.489787],[54.386137,24.489814],[54.386108,24.489847],[54.386099,24.489898],[54.386187,24.489962],[54.386223,24.489923],[54.386232,24.489871],[54.386166,24.489824],[54.386289,24.489655],[54.38632,24.489485],[54.386041,24.489309],[54.385923,24.489465],[54.385893,24.48963],[54.385655,24.489462],[54.385735,24.489372],[54.385766,24.489201],[54.385515,24.48901],[54.385267,24.48929],[54.385237,24.48946],[54.385348,24.489538],[54.38546,24.489409],[54.385477,24.489316],[54.385494,24.489296],[54.385585,24.489363],[54.385572,24.489439],[54.385614,24.489469],[54.385595,24.48949],[54.385586,24.489542],[54.386056,24.489871],[54.386092,24.489828]]]}},{"type":"Feature","properties":{},"geometry":{"type":"Polygon","coordinates":[[[54.385846,24.489256],[54.385754,24.489381],[54.385745,24.489432],[54.385816,24.489475],[54.385907,24.48935],[54.385917,24.489299],[54.385846,24.489256]]]}},{"type":"Feature","properties":{},"geometry":{"type":"Polygon","coordinates":[[[54.386826,24.490308],[54.387048,24.490466],[54.387169,24.490328],[54.387178,24.490277],[54.386956,24.490117],[54.386964,24.490038],[54.3869,24.490036],[54.386888,24.49013],[54.386941,24.490132],[54.386835,24.490257],[54.386826,24.490308]]]}},{"type":"Feature","properties":{},"geometry":{"type":"Polygon","coordinates":[[[54.386333,24.490908],[54.386342,24.490856],[54.38631,24.490839],[54.386313,24.490821],[54.386213,24.490767],[54.386158,24.490851],[54.386149,24.490902],[54.386288,24.490977],[54.386333,24.490908]]]}},{"type":"Feature","properties":{},"geometry":{"type":"Polygon","coordinates":[[[54.386123,24.491857],[54.386148,24.491798],[54.386258,24.491882],[54.386328,24.491798],[54.386347,24.491691],[54.386312,24.491668],[54.386438,24.491605],[54.386604,24.491407],[54.386623,24.4913],[54.385526,24.490487],[54.384776,24.491378],[54.384766,24.491435],[54.384744,24.491426],[54.384711,24.491525],[54.384761,24.491545],[54.384782,24.491503],[54.385462,24.491967],[54.385403,24.492058],[54.385394,24.492109],[54.385437,24.492133],[54.3855,24.492036],[54.385507,24.491997],[54.386189,24.492462],[54.386248,24.492361],[54.386267,24.492254],[54.386236,24.492187],[54.386149,24.492098],[54.386123,24.491857]]]}},{"type":"Feature","properties":{},"geometry":{"type":"Polygon","coordinates":[[[54.384726,24.491591],[54.384666,24.491539],[54.384628,24.491576],[54.384619,24.491627],[54.384679,24.491678],[54.384716,24.491642],[54.384726,24.491591]]]}},{"type":"Feature","properties":{},"geometry":{"type":"Polygon","coordinates":[[[54.384476,24.491839],[54.384758,24.492037],[54.384791,24.491977],[54.384806,24.491987],[54.384872,24.491906],[54.384881,24.491855],[54.384574,24.491644],[54.384507,24.491724],[54.384476,24.491839]]]}},{"type":"Feature","properties":{},"geometry":{"type":"Polygon","coordinates":[[[54.385191,24.492081],[54.385199,24.492035],[54.385173,24.49201],[54.385242,24.491951],[54.385251,24.4919],[54.385171,24.491822],[54.385115,24.491869],[54.385094,24.491848],[54.384938,24.491981],[54.384928,24.492032],[54.384946,24.492049],[54.384879,24.492132],[54.384835,24.492107],[54.384774,24.492154],[54.384704,24.492257],[54.384674,24.492428],[54.384891,24.49255],[54.384972,24.492432],[54.384978,24.492393],[54.385028,24.492354],[54.385063,24.492303],[54.385093,24.492132],[54.385084,24.492127],[54.38509,24.492122],[54.385117,24.492148],[54.385179,24.492095],[54.3851,24.492189],[54.385091,24.49224],[54.385123,24.492263],[54.38527,24.492088],[54.385279,24.492037],[54.385246,24.492015],[54.385191,24.492081]]]}},{"type":"Feature","properties":{},"geometry":{"type":"Polygon","coordinates":[[[54.384553,24.492574],[54.384458,24.492517],[54.384427,24.49256],[54.384418,24.492611],[54.384512,24.492668],[54.384523,24.492654],[54.384518,24.492677],[54.384666,24.492798],[54.384721,24.492742],[54.384731,24.492691],[54.384655,24.492629],[54.384627,24.492657],[54.384555,24.492598],[54.384547,24.492606],[54.384553,24.492574]]]}},{"type":"Feature","properties":{},"geometry":{"type":"Polygon","coordinates":[[[54.385167,24.492504],[54.385122,24.49276],[54.386039,24.493424],[54.386267,24.492831],[54.386313,24.492575],[54.385554,24.492038],[54.385395,24.492238],[54.385381,24.492321],[54.385342,24.492296],[54.385167,24.492504]]]}},{"type":"Feature","properties":{},"geometry":{"type":"Polygon","coordinates":[[[54.384797,24.492733],[54.384751,24.492798],[54.384742,24.49285],[54.384851,24.492915],[54.384898,24.49285],[54.384907,24.492799],[54.384797,24.492733]]]}},{"type":"Feature","properties":{},"geometry":{"type":"Polygon","coordinates":[[[54.38776,24.493854],[54.387942,24.493924],[54.388363,24.493214],[54.388409,24.492957],[54.388344,24.492845],[54.38829,24.492837],[54.388253,24.492863],[54.388243,24.492902],[54.388222,24.492885],[54.387805,24.493598],[54.38776,24.493854]]]}},{"type":"Feature","properties":{},"geometry":{"type":"Polygon","coordinates":[[[54.38838,24.493917],[54.388376,24.494006],[54.388489,24.493993],[54.388493,24.493904],[54.38838,24.493917]]]}},{"type":"Feature","properties":{},"geometry":{"type":"Polygon","coordinates":[[[54.388313,24.493964],[54.388271,24.494135],[54.388329,24.494148],[54.388371,24.493978],[54.388313,24.493964]]]}},{"type":"Feature","properties":{},"geometry":{"type":"Polygon","coordinates":[[[54.389213,24.494098],[54.389235,24.493825],[54.389231,24.49374],[54.389211,24.493725],[54.389214,24.493647],[54.389112,24.493651],[54.389108,24.493557],[54.389031,24.493561],[54.388982,24.49382],[54.389003,24.494258],[54.389066,24.494309],[54.389056,24.494369],[54.389088,24.495031],[54.389177,24.495027],[54.389185,24.495188],[54.389297,24.495183],[54.389342,24.494927],[54.38932,24.494464],[54.390125,24.494371],[54.39017,24.494115],[54.390121,24.493761],[54.389311,24.493854],[54.389265,24.49411],[54.389277,24.494192],[54.389225,24.494194],[54.389213,24.494098]]]}},{"type":"Feature","properties":{},"geometry":{"type":"Polygon","coordinates":[[[54.387649,24.493977],[54.387358,24.494681],[54.387288,24.495078],[54.387627,24.495307],[54.387756,24.495135],[54.387827,24.494738],[54.387701,24.494661],[54.387715,24.494628],[54.38791,24.494692],[54.387985,24.494509],[54.388056,24.494112],[54.387649,24.493977]]]}},{"type":"Feature","properties":{},"geometry":{"type":"Polygon","coordinates":[[[54.385403,24.494783],[54.385326,24.494734],[54.385299,24.494769],[54.385269,24.494751],[54.385134,24.494926],[54.385125,24.494978],[54.385215,24.495047],[54.385302,24.495091],[54.385434,24.49492],[54.385443,24.494869],[54.385394,24.494835],[54.385403,24.494783]]]}},{"type":"Feature","properties":{},"geometry":{"type":"Polygon","coordinates":[[[54.388136,24.495756],[54.388149,24.495865],[54.388223,24.495858],[54.38823,24.49592],[54.388487,24.495895],[54.388496,24.495844],[54.388485,24.495747],[54.388404,24.495755],[54.388398,24.495709],[54.388299,24.495719],[54.388296,24.49569],[54.388146,24.495705],[54.388136,24.495756]]]}},{"type":"Feature","properties":{},"geometry":{"type":"Polygon","coordinates":[[[54.387574,24.496068],[54.387528,24.496324],[54.38762,24.497017],[54.388371,24.496934],[54.388417,24.496678],[54.388325,24.495985],[54.387574,24.496068]]]}},{"type":"Feature","properties":{},"geometry":{"type":"Polygon","coordinates":[[[54.386567,24.49739],[54.38654,24.497392],[54.386533,24.497435],[54.386577,24.497797],[54.386616,24.497793],[54.38663,24.497913],[54.386615,24.497915],[54.386607,24.497957],[54.386619,24.498052],[54.386659,24.498048],[54.386697,24.498361],[54.386674,24.498363],[54.386675,24.498475],[54.386723,24.49847],[54.386764,24.498809],[54.387137,24.498771],[54.387137,24.498663],[54.387227,24.498654],[54.387246,24.498547],[54.387239,24.498483],[54.387624,24.498454],[54.387632,24.498407],[54.38781,24.49839],[54.387842,24.498648],[54.387992,24.498633],[54.388003,24.498568],[54.388008,24.498592],[54.388066,24.498586],[54.38807,24.498561],[54.388088,24.49856],[54.388096,24.498618],[54.388237,24.498604],[54.38831,24.498159],[54.388763,24.498113],[54.388782,24.498006],[54.388737,24.497662],[54.388925,24.497644],[54.388982,24.497306],[54.38896,24.497113],[54.388935,24.497116],[54.388926,24.497036],[54.388658,24.497062],[54.388649,24.496995],[54.387604,24.497104],[54.387585,24.497217],[54.387525,24.497221],[54.38752,24.497188],[54.387077,24.497236],[54.387056,24.497079],[54.387323,24.497049],[54.387325,24.497035],[54.387311,24.496928],[54.38704,24.496954],[54.38694,24.496187],[54.386709,24.496212],[54.38669,24.496319],[54.386818,24.497284],[54.38657,24.497309],[54.386567,24.49739]]]}},{"type":"Feature","properties":{},"geometry":{"type":"Polygon","coordinates":[[[54.384421,24.497102],[54.384347,24.497196],[54.384337,24.497247],[54.384407,24.497293],[54.384481,24.497198],[54.384491,24.497147],[54.384421,24.497102]]]}},{"type":"Feature","properties":{},"geometry":{"type":"Polygon","coordinates":[[[54.389684,24.497625],[54.389683,24.497601],[54.389601,24.497604],[54.389592,24.497658],[54.389542,24.49766],[54.389539,24.497857],[54.389741,24.497845],[54.389743,24.497623],[54.389684,24.497625]]]}},{"type":"Feature","properties":{},"geometry":{"type":"Polygon","coordinates":[[[54.386817,24.498866],[54.386647,24.498885],[54.386644,24.49899],[54.386812,24.498972],[54.386817,24.498866]]]}},{"type":"Feature","properties":{},"geometry":{"type":"Polygon","coordinates":[[[54.38809,24.500161],[54.387841,24.500174],[54.387727,24.499275],[54.386775,24.499375],[54.38673,24.499631],[54.386722,24.499762],[54.386857,24.500079],[54.386803,24.500384],[54.386814,24.500427],[54.386886,24.50047],[54.386962,24.50048],[54.387169,24.500482],[54.387175,24.500449],[54.387414,24.500643],[54.387658,24.500618],[54.387986,24.500856],[54.387989,24.500889],[54.387919,24.500905],[54.387908,24.500969],[54.388001,24.501114],[54.388036,24.501205],[54.388171,24.501074],[54.388236,24.5016],[54.388112,24.501492],[54.388107,24.501618],[54.388042,24.501816],[54.388143,24.501826],[54.388134,24.501871],[54.387938,24.502084],[54.387908,24.50206],[54.387837,24.502137],[54.387828,24.502188],[54.387842,24.502199],[54.387597,24.502492],[54.387578,24.502598],[54.387477,24.502822],[54.387462,24.502908],[54.387568,24.502943],[54.387613,24.503042],[54.387577,24.503046],[54.387566,24.503106],[54.387363,24.503126],[54.387229,24.503865],[54.387561,24.50382],[54.387565,24.504006],[54.388122,24.503809],[54.388232,24.503194],[54.388072,24.503066],[54.388044,24.503077],[54.387914,24.502772],[54.388069,24.502504],[54.388077,24.502461],[54.388313,24.502439],[54.388275,24.502669],[54.388287,24.502782],[54.388319,24.502779],[54.388332,24.502897],[54.388676,24.502865],[54.388731,24.503299],[54.389944,24.503172],[54.389955,24.503108],[54.389896,24.502641],[54.390312,24.502594],[54.390389,24.503193],[54.39114,24.50313],[54.391157,24.503036],[54.39111,24.502613],[54.391402,24.502574],[54.391418,24.50248],[54.39098,24.498843],[54.390904,24.498852],[54.390974,24.498461],[54.390929,24.498107],[54.389896,24.498215],[54.389805,24.498727],[54.38994,24.499685],[54.389471,24.499728],[54.389403,24.499085],[54.388005,24.4992],[54.387994,24.499264],[54.38809,24.500161]],[[54.389968,24.499923],[54.390283,24.502375],[54.389868,24.502417],[54.389851,24.502276],[54.389725,24.50229],[54.389783,24.501969],[54.389737,24.501471],[54.389597,24.501482],[54.389594,24.501451],[54.389464,24.501461],[54.389457,24.501498],[54.389347,24.501506],[54.38932,24.50166],[54.389301,24.501469],[54.389382,24.501461],[54.389388,24.501427],[54.38951,24.501415],[54.389526,24.501324],[54.389567,24.501329],[54.389674,24.501377],[54.389685,24.501313],[54.389647,24.500933],[54.389589,24.500968],[54.389628,24.500753],[54.389567,24.500249],[54.389426,24.500263],[54.389421,24.500227],[54.389282,24.500242],[54.389275,24.500283],[54.389168,24.500294],[54.389144,24.500423],[54.389113,24.500147],[54.389059,24.500151],[54.38906,24.500074],[54.389485,24.500036],[54.389497,24.499971],[54.389968,24.499923]],[[54.38882,24.500173],[54.388807,24.500174],[54.388798,24.500115],[54.388813,24.500114],[54.38882,24.500173]]]}},{"type":"Feature","properties":{},"geometry":{"type":"Polygon","coordinates":[[[54.389134,24.503267],[54.389124,24.503372],[54.389231,24.503373],[54.389242,24.503268],[54.389134,24.503267]]]}},{"type":"Feature","properties":{},"geometry":{"type":"Polygon","coordinates":[[[54.38895,24.503405],[54.388952,24.503303],[54.388737,24.503327],[54.388734,24.503429],[54.38895,24.503405]]]}},{"type":"Feature","properties":{},"geometry":{"type":"Polygon","coordinates":[[[54.3874,24.503984],[54.387391,24.504036],[54.387362,24.50404],[54.387361,24.504138],[54.387405,24.504131],[54.387413,24.504075],[54.387481,24.504067],[54.387484,24.504152],[54.387548,24.504149],[54.387554,24.504018],[54.387524,24.504019],[54.387519,24.503969],[54.3874,24.503984]]]}},{"type":"Feature","properties":{},"geometry":{"type":"Polygon","coordinates":[[[54.389152,24.507028],[54.389146,24.507113],[54.389242,24.507106],[54.389248,24.507021],[54.389152,24.507028]]]}},{"type":"Feature","properties":{},"geometry":{"type":"Polygon","coordinates":[[[54.39058,24.482459],[54.390554,24.482633],[54.390688,24.482646],[54.390718,24.482472],[54.39058,24.482459]]]}},{"type":"Feature","properties":{},"geometry":{"type":"Polygon","coordinates":[[[54.390942,24.482565],[54.390825,24.482772],[54.390816,24.482823],[54.390902,24.482867],[54.391026,24.482658],[54.391035,24.482607],[54.390942,24.482565]]]}},{"type":"Feature","properties":{},"geometry":{"type":"Polygon","coordinates":[[[54.391062,24.48262],[54.390947,24.482828],[54.390937,24.482879],[54.391019,24.482918],[54.39114,24.482711],[54.391149,24.48266],[54.391062,24.48262]]]}},{"type":"Feature","properties":{},"geometry":{"type":"Polygon","coordinates":[[[54.390461,24.482735],[54.390452,24.482786],[54.390701,24.482924],[54.390756,24.482843],[54.390765,24.482792],[54.390518,24.482654],[54.390461,24.482735]]]}},{"type":"Feature","properties":{},"geometry":{"type":"Polygon","coordinates":[[[54.391242,24.482846],[54.391226,24.48293],[54.391373,24.482997],[54.391453,24.482853],[54.391462,24.482801],[54.391195,24.48268],[54.391155,24.48275],[54.391146,24.482801],[54.391242,24.482846]]]}},{"type":"Feature","properties":{},"geometry":{"type":"Polygon","coordinates":[[[54.389997,24.482755],[54.389907,24.482825],[54.389898,24.482876],[54.389963,24.482945],[54.390053,24.482875],[54.390062,24.482824],[54.389997,24.482755]]]}},{"type":"Feature","properties":{},"geometry":{"type":"Polygon","coordinates":[[[54.391191,24.482839],[54.39115,24.482902],[54.391141,24.482953],[54.391186,24.482976],[54.391225,24.482912],[54.391234,24.482861],[54.391191,24.482839]]]}},{"type":"Feature","properties":{},"geometry":{"type":"Polygon","coordinates":[[[54.392012,24.483094],[54.392108,24.483141],[54.392141,24.483051],[54.392042,24.483006],[54.392012,24.483094]]]}},{"type":"Feature","properties":{},"geometry":{"type":"Polygon","coordinates":[[[54.390997,24.483025],[54.390988,24.483076],[54.391229,24.483219],[54.391292,24.483137],[54.391302,24.483085],[54.391056,24.482942],[54.390997,24.483025]]]}},{"type":"Feature","properties":{},"geometry":{"type":"Polygon","coordinates":[[[54.392281,24.483077],[54.392174,24.483027],[54.392137,24.483129],[54.392232,24.483174],[54.392197,24.48327],[54.392252,24.483294],[54.39231,24.483191],[54.392319,24.48314],[54.392273,24.483118],[54.392281,24.483077]]]}},{"type":"Feature","properties":{},"geometry":{"type":"Polygon","coordinates":[[[54.39159,24.48315],[54.391637,24.483174],[54.391712,24.483054],[54.391742,24.482883],[54.391509,24.482769],[54.391275,24.48317],[54.391245,24.483341],[54.391472,24.483453],[54.391549,24.483331],[54.39159,24.48315]]]}},{"type":"Feature","properties":{},"geometry":{"type":"Polygon","coordinates":[[[54.392282,24.483312],[54.392273,24.483363],[54.392366,24.483406],[54.392467,24.483231],[54.392476,24.48318],[54.392379,24.483134],[54.392282,24.483312]]]}},{"type":"Feature","properties":{},"geometry":{"type":"Polygon","coordinates":[[[54.391507,24.483468],[54.391602,24.483508],[54.391627,24.483427],[54.391532,24.483387],[54.391507,24.483468]]]}},{"type":"Feature","properties":{},"geometry":{"type":"Polygon","coordinates":[[[54.390984,24.483735],[54.39119,24.483882],[54.391217,24.483851],[54.391315,24.483947],[54.391402,24.483871],[54.391411,24.48382],[54.391322,24.483732],[54.391377,24.483669],[54.391408,24.483498],[54.391224,24.483358],[54.391015,24.483564],[54.390984,24.483735]]]}},{"type":"Feature","properties":{},"geometry":{"type":"Polygon","coordinates":[[[54.39068,24.484447],[54.39067,24.484498],[54.39079,24.484614],[54.390881,24.484536],[54.39089,24.484485],[54.390771,24.484369],[54.39068,24.484447]]]}},{"type":"Feature","properties":{},"geometry":{"type":"Polygon","coordinates":[[[54.394475,24.488559],[54.394566,24.488489],[54.394512,24.488788],[54.394508,24.488755],[54.394327,24.488773],[54.394309,24.488876],[54.39419,24.488888],[54.394085,24.489473],[54.394127,24.48982],[54.394236,24.48981],[54.394167,24.4902],[54.394208,24.490552],[54.394289,24.490544],[54.394056,24.490827],[54.394011,24.490704],[54.393938,24.490627],[54.393813,24.490568],[54.393967,24.490382],[54.393978,24.490318],[54.393891,24.489814],[54.393513,24.489847],[54.393237,24.48969],[54.392995,24.489698],[54.392899,24.490086],[54.392856,24.490178],[54.392767,24.490289],[54.392729,24.490281],[54.392598,24.490361],[54.392349,24.490475],[54.392143,24.490511],[54.391935,24.490511],[54.391736,24.490465],[54.391714,24.49059],[54.391651,24.49071],[54.39164,24.490774],[54.391712,24.490843],[54.391931,24.490886],[54.392291,24.490997],[54.392364,24.490934],[54.392492,24.490934],[54.392558,24.491061],[54.392973,24.491007],[54.393289,24.491194],[54.393383,24.491054],[54.393466,24.491159],[54.393559,24.491212],[54.393665,24.491238],[54.393721,24.491235],[54.393441,24.491575],[54.393435,24.491609],[54.393488,24.491753],[54.393824,24.491986],[54.395047,24.490517],[54.395053,24.490483],[54.394882,24.49037],[54.394663,24.490384],[54.394745,24.489924],[54.394704,24.489573],[54.394603,24.489582],[54.3946,24.489556],[54.394664,24.489197],[54.394637,24.488971],[54.394686,24.489021],[54.394796,24.488932],[54.39486,24.488997],[54.395077,24.488822],[54.395209,24.488065],[54.395133,24.487988],[54.395258,24.487877],[54.39537,24.487249],[54.395338,24.487219],[54.395256,24.487186],[54.395144,24.487174],[54.395019,24.487192],[54.39497,24.487235],[54.394953,24.487327],[54.394866,24.487404],[54.394832,24.487596],[54.394747,24.487473],[54.39462,24.487343],[54.394572,24.487382],[54.394555,24.487364],[54.394369,24.487515],[54.394342,24.487664],[54.394275,24.4876],[54.394095,24.487756],[54.394088,24.487795],[54.394066,24.487813],[54.394036,24.487984],[54.394167,24.48811],[54.394152,24.488195],[54.394475,24.488559]],[[54.394522,24.488853],[54.39452,24.488853],[54.39452,24.488851],[54.394522,24.488853]]]}},{"type":"Feature","properties":{},"geometry":{"type":"Polygon","coordinates":[[[54.392527,24.489082],[54.392677,24.48917],[54.392828,24.489316],[54.392874,24.489383],[54.393244,24.489235],[54.39326,24.489339],[54.393792,24.48927],[54.393803,24.489206],[54.39375,24.488869],[54.393172,24.488945],[54.393098,24.488906],[54.393043,24.488846],[54.393017,24.488786],[54.393012,24.488722],[54.393045,24.488665],[54.393095,24.488618],[54.39317,24.488582],[54.393696,24.488536],[54.393708,24.488472],[54.393649,24.487917],[54.392872,24.487985],[54.392861,24.488049],[54.392893,24.488361],[54.392655,24.488656],[54.392483,24.488575],[54.392314,24.488534],[54.392295,24.488626],[54.392215,24.488605],[54.392113,24.489004],[54.392376,24.48903],[54.392527,24.489082]]]}},{"type":"Feature","properties":{},"geometry":{"type":"Polygon","coordinates":[[[54.392438,24.491718],[54.392332,24.492311],[54.392356,24.492461],[54.392226,24.492479],[54.392096,24.493209],[54.392158,24.493595],[54.39274,24.493517],[54.39287,24.492786],[54.392855,24.492695],[54.39299,24.491892],[54.392934,24.491532],[54.392852,24.491542],[54.392896,24.4913],[54.392869,24.491091],[54.392169,24.491164],[54.392123,24.49142],[54.392164,24.491747],[54.392438,24.491718]]]}},{"type":"Feature","properties":{},"geometry":{"type":"Polygon","coordinates":[[[54.395375,24.491963],[54.395434,24.491633],[54.395493,24.491566],[54.395626,24.490818],[54.395387,24.490647],[54.395185,24.490879],[54.395149,24.49108],[54.395007,24.491243],[54.394962,24.491496],[54.394932,24.491475],[54.394754,24.49168],[54.394713,24.491911],[54.394662,24.491877],[54.394623,24.491927],[54.394529,24.491865],[54.394395,24.492033],[54.394283,24.492661],[54.394347,24.492703],[54.394336,24.492769],[54.394471,24.492859],[54.394544,24.492767],[54.39464,24.49283],[54.394715,24.492736],[54.394774,24.492403],[54.394883,24.492481],[54.394917,24.492442],[54.39502,24.492516],[54.395122,24.4924],[54.39519,24.49202],[54.395274,24.49208],[54.395375,24.491963]]]}},{"type":"Feature","properties":{},"geometry":{"type":"Polygon","coordinates":[[[54.39422,24.492291],[54.394233,24.49222],[54.393984,24.49204],[54.393805,24.492246],[54.393688,24.492903],[54.393929,24.493077],[54.393963,24.493038],[54.394067,24.493112],[54.394168,24.492995],[54.394285,24.492338],[54.39422,24.492291]]]}},{"type":"Feature","properties":{},"geometry":{"type":"Polygon","coordinates":[[[54.390587,24.492771],[54.390399,24.492942],[54.39039,24.492993],[54.390496,24.49309],[54.390684,24.492919],[54.390693,24.492868],[54.390587,24.492771]]]}},{"type":"Feature","properties":{},"geometry":{"type":"Polygon","coordinates":[[[54.393515,24.494441],[54.393367,24.494459],[54.393363,24.494484],[54.39331,24.49449],[54.393279,24.494661],[54.393314,24.494901],[54.393583,24.494869],[54.393613,24.494698],[54.393582,24.494482],[54.393522,24.49449],[54.393515,24.494441]]]}},{"type":"Feature","properties":{},"geometry":{"type":"Polygon","coordinates":[[[54.39263,24.495699],[54.392695,24.496337],[54.392751,24.496294],[54.393611,24.496209],[54.393653,24.495972],[54.393694,24.496265],[54.393818,24.49625],[54.394023,24.496068],[54.39424,24.496043],[54.394285,24.495786],[54.3942,24.495176],[54.393632,24.495242],[54.393592,24.495467],[54.393572,24.495316],[54.392676,24.495443],[54.39263,24.495699]]]}},{"type":"Feature","properties":{},"geometry":{"type":"Polygon","coordinates":[[[54.390363,24.496492],[54.390402,24.496488],[54.390418,24.496398],[54.3905,24.496395],[54.390506,24.49636],[54.390557,24.496355],[54.390559,24.496383],[54.390633,24.49638],[54.39063,24.496099],[54.390576,24.495677],[54.390226,24.495712],[54.390223,24.495726],[54.390109,24.495729],[54.390104,24.495888],[54.390195,24.495885],[54.39018,24.495968],[54.390187,24.496028],[54.390147,24.496033],[54.390101,24.496289],[54.39011,24.496364],[54.390127,24.496362],[54.390159,24.49662],[54.390343,24.496601],[54.390363,24.496492]]]}},{"type":"Feature","properties":{},"geometry":{"type":"Polygon","coordinates":[[[54.389841,24.495821],[54.389832,24.495873],[54.389852,24.495979],[54.389946,24.495964],[54.389955,24.495913],[54.389935,24.495807],[54.389841,24.495821]]]}},{"type":"Feature","properties":{},"geometry":{"type":"Polygon","coordinates":[[[54.391541,24.496979],[54.391534,24.497069],[54.391654,24.497064],[54.391661,24.496974],[54.391541,24.496979]]]}},{"type":"Feature","properties":{},"geometry":{"type":"Polygon","coordinates":[[[54.391422,24.496985],[54.391412,24.49707],[54.391487,24.497072],[54.391497,24.496987],[54.391422,24.496985]]]}},{"type":"Feature","properties":{},"geometry":{"type":"Polygon","coordinates":[[[54.391606,24.497179],[54.39166,24.497169],[54.391662,24.49708],[54.391607,24.49709],[54.391606,24.497179]]]}},{"type":"Feature","properties":{},"geometry":{"type":"Polygon","coordinates":[[[54.391333,24.497295],[54.391345,24.497181],[54.391298,24.497179],[54.391309,24.497052],[54.391186,24.49705],[54.391175,24.497196],[54.391229,24.497196],[54.391221,24.497292],[54.391333,24.497295]]]}},{"type":"Feature","properties":{},"geometry":{"type":"Polygon","coordinates":[[[54.394264,24.497362],[54.394345,24.497647],[54.394596,24.497764],[54.394723,24.497699],[54.39484,24.497604],[54.394861,24.497482],[54.394951,24.497429],[54.394984,24.49737],[54.39503,24.497114],[54.394542,24.496821],[54.39431,24.497106],[54.394264,24.497362]]]}},{"type":"Feature","properties":{},"geometry":{"type":"Polygon","coordinates":[[[54.393313,24.498116],[54.393301,24.498248],[54.393343,24.498249],[54.393355,24.498117],[54.393313,24.498116]]]}},{"type":"Feature","properties":{},"geometry":{"type":"Polygon","coordinates":[[[54.391242,24.498588],[54.391278,24.498828],[54.391371,24.498884],[54.391787,24.498865],[54.391913,24.49816],[54.391881,24.497941],[54.391505,24.497815],[54.391368,24.497883],[54.391242,24.498588]]]}},{"type":"Feature","properties":{},"geometry":{"type":"Polygon","coordinates":[[[54.39342,24.498916],[54.393576,24.499921],[54.395324,24.499728],[54.39537,24.499471],[54.39526,24.498664],[54.395136,24.498542],[54.393466,24.49866],[54.39342,24.498916]]]}},{"type":"Feature","properties":{},"geometry":{"type":"Polygon","coordinates":[[[54.394869,24.500337],[54.39486,24.500388],[54.39488,24.500502],[54.394927,24.500495],[54.394937,24.500444],[54.394916,24.50033],[54.394869,24.500337]]]}},{"type":"Feature","properties":{},"geometry":{"type":"Polygon","coordinates":[[[54.391889,24.500727],[54.391623,24.500751],[54.391593,24.500922],[54.39163,24.501169],[54.391891,24.50114],[54.391921,24.500969],[54.391889,24.500727]]]}},{"type":"Feature","properties":{},"geometry":{"type":"Polygon","coordinates":[[[54.392182,24.503721],[54.392183,24.503621],[54.392091,24.503633],[54.39209,24.503734],[54.392182,24.503721]]]}},{"type":"Feature","properties":{},"geometry":{"type":"Polygon","coordinates":[[[54.392463,24.503763],[54.392454,24.503863],[54.392545,24.503862],[54.392554,24.503762],[54.392463,24.503763]]]}},{"type":"Feature","properties":{},"geometry":{"type":"Polygon","coordinates":[[[54.392105,24.503737],[54.392102,24.50389],[54.392265,24.503882],[54.392268,24.503729],[54.392105,24.503737]]]}},{"type":"Feature","properties":{},"geometry":{"type":"Polygon","coordinates":[[[54.392495,24.504452],[54.392504,24.504401],[54.392488,24.504165],[54.392473,24.504166],[54.392581,24.504153],[54.39259,24.504102],[54.392558,24.503881],[54.392347,24.503906],[54.392338,24.503957],[54.39237,24.504178],[54.39238,24.504177],[54.392388,24.504458],[54.392495,24.504452]]]}},{"type":"Feature","properties":{},"geometry":{"type":"Polygon","coordinates":[[[54.392056,24.504184],[54.392106,24.504181],[54.392104,24.503938],[54.392054,24.50394],[54.392056,24.504184]]]}},{"type":"Feature","properties":{},"geometry":{"type":"Polygon","coordinates":[[[54.392172,24.504994],[54.392227,24.504989],[54.392236,24.504936],[54.392448,24.504915],[54.392473,24.505125],[54.392583,24.505114],[54.392592,24.505063],[54.392573,24.504903],[54.392622,24.504898],[54.392653,24.504727],[54.39262,24.504452],[54.392318,24.504482],[54.392329,24.504421],[54.392272,24.503917],[54.392164,24.503927],[54.392134,24.504098],[54.392179,24.504496],[54.392147,24.504667],[54.392171,24.504872],[54.392172,24.504994]]]}},{"type":"Feature","properties":{},"geometry":{"type":"Polygon","coordinates":[[[54.392511,24.504268],[54.392502,24.504319],[54.392514,24.504355],[54.392583,24.504336],[54.392592,24.504285],[54.39258,24.504249],[54.392511,24.504268]]]}},{"type":"Feature","properties":{},"geometry":{"type":"Polygon","coordinates":[[[54.39209,24.504227],[54.392089,24.504447],[54.392138,24.504445],[54.392139,24.504225],[54.39209,24.504227]]]}},{"type":"Feature","properties":{},"geometry":{"type":"Polygon","coordinates":[[[54.392319,24.505083],[54.392313,24.505245],[54.392425,24.505242],[54.392431,24.505081],[54.392319,24.505083]]]}},{"type":"Feature","properties":{},"geometry":{"type":"Polygon","coordinates":[[[54.392208,24.505104],[54.392202,24.505265],[54.39226,24.505263],[54.392266,24.505103],[54.392208,24.505104]]]}},{"type":"Feature","properties":{},"geometry":{"type":"Polygon","coordinates":[[[54.392522,24.505149],[54.392492,24.505319],[54.392528,24.505819],[54.392742,24.505806],[54.392773,24.505636],[54.392737,24.505136],[54.392522,24.505149]]]}},{"type":"Feature","properties":{},"geometry":{"type":"Polygon","coordinates":[[[54.389993,24.505205],[54.389795,24.505218],[54.389765,24.505385],[54.389761,24.505337],[54.389699,24.505341],[54.389692,24.50538],[54.38964,24.505384],[54.389631,24.505435],[54.389649,24.505666],[54.389773,24.505658],[54.389782,24.505609],[54.389811,24.505982],[54.390026,24.505968],[54.390056,24.505797],[54.390029,24.505456],[54.390013,24.505457],[54.389993,24.505205]]]}},{"type":"Feature","properties":{},"geometry":{"type":"Polygon","coordinates":[[[54.39177,24.50681],[54.391767,24.506907],[54.391856,24.506898],[54.391859,24.506801],[54.39177,24.50681]]]}},{"type":"Feature","properties":{},"geometry":{"type":"Polygon","coordinates":[[[54.392098,24.506888],[54.392088,24.506846],[54.391978,24.506869],[54.391969,24.50692],[54.391992,24.50701],[54.392058,24.506997],[54.392067,24.506944],[54.392089,24.506939],[54.392098,24.506888]]]}},{"type":"Feature","properties":{},"geometry":{"type":"Polygon","coordinates":[[[54.39188,24.506896],[54.391879,24.507009],[54.391915,24.507005],[54.391916,24.506892],[54.39188,24.506896]]]}},{"type":"Feature","properties":{},"geometry":{"type":"Polygon","coordinates":[[[54.39253,24.506794],[54.392499,24.506965],[54.392526,24.507308],[54.392711,24.507296],[54.392741,24.507125],[54.392715,24.506783],[54.39253,24.506794]]]}},{"type":"Feature","properties":{},"geometry":{"type":"Polygon","coordinates":[[[54.391807,24.507195],[54.391933,24.507193],[54.39194,24.507053],[54.391814,24.507055],[54.391807,24.507195]]]}},{"type":"Feature","properties":{},"geometry":{"type":"Polygon","coordinates":[[[54.392902,24.507265],[54.392983,24.507257],[54.392985,24.507152],[54.392904,24.50716],[54.392902,24.507265]]]}},{"type":"Feature","properties":{},"geometry":{"type":"Polygon","coordinates":[[[54.391531,24.507352],[54.3915,24.507522],[54.391511,24.507661],[54.391914,24.507637],[54.391944,24.507466],[54.391934,24.507327],[54.391531,24.507352]]]}},{"type":"Feature","properties":{},"geometry":{"type":"Polygon","coordinates":[[[54.391047,24.507429],[54.391037,24.507561],[54.39117,24.507562],[54.39118,24.507431],[54.391047,24.507429]]]}},{"type":"Feature","properties":{},"geometry":{"type":"Polygon","coordinates":[[[54.393104,24.508696],[54.393093,24.508782],[54.393207,24.508785],[54.393217,24.5087],[54.393104,24.508696]]]}},{"type":"Feature","properties":{},"geometry":{"type":"Polygon","coordinates":[[[54.39297,24.508709],[54.392961,24.50879],[54.393079,24.508788],[54.393088,24.508707],[54.39297,24.508709]]]}},{"type":"Feature","properties":{},"geometry":{"type":"Polygon","coordinates":[[[54.393317,24.509272],[54.393308,24.509323],[54.393342,24.509373],[54.393336,24.509409],[54.393287,24.509433],[54.393286,24.509495],[54.393096,24.509587],[54.393087,24.509638],[54.393134,24.50972],[54.393163,24.509706],[54.393134,24.509869],[54.393242,24.510044],[54.393579,24.509872],[54.393584,24.509844],[54.393749,24.50976],[54.393795,24.509504],[54.39361,24.509202],[54.393649,24.5092],[54.393655,24.509094],[54.393604,24.509096],[54.393597,24.50918],[54.393563,24.509125],[54.393369,24.509224],[54.393365,24.509245],[54.393317,24.509272]]]}},{"type":"Feature","properties":{},"geometry":{"type":"Polygon","coordinates":[[[54.393818,24.509388],[54.393809,24.50944],[54.393846,24.509499],[54.39388,24.509481],[54.393889,24.50943],[54.393853,24.509371],[54.393818,24.509388]]]}},{"type":"Feature","properties":{},"geometry":{"type":"Polygon","coordinates":[[[54.394164,24.509904],[54.394173,24.509852],[54.394018,24.509606],[54.393978,24.509629],[54.393969,24.50968],[54.394051,24.509798],[54.394031,24.509807],[54.394022,24.509858],[54.394067,24.509945],[54.394164,24.509904]]]}},{"type":"Feature","properties":{},"geometry":{"type":"Polygon","coordinates":[[[54.392992,24.509738],[54.392983,24.509789],[54.393054,24.509829],[54.393082,24.509788],[54.393091,24.509737],[54.393021,24.509696],[54.392992,24.509738]]]}},{"type":"Feature","properties":{},"geometry":{"type":"Polygon","coordinates":[[[54.393869,24.509955],[54.393865,24.510042],[54.393907,24.510037],[54.393911,24.50995],[54.393869,24.509955]]]}},{"type":"Feature","properties":{},"geometry":{"type":"Polygon","coordinates":[[[54.393848,24.510074],[54.393839,24.510125],[54.39387,24.510185],[54.393988,24.510134],[54.393983,24.510164],[54.394026,24.510244],[54.394102,24.51021],[54.394111,24.510159],[54.394077,24.510096],[54.394185,24.510049],[54.394195,24.509998],[54.394163,24.509938],[54.393848,24.510074]]]}},{"type":"Feature","properties":{},"geometry":{"type":"Polygon","coordinates":[[[54.393764,24.510129],[54.393755,24.51018],[54.393777,24.510234],[54.393836,24.510214],[54.393845,24.510163],[54.393823,24.510109],[54.393764,24.510129]]]}},{"type":"Feature","properties":{},"geometry":{"type":"Polygon","coordinates":[[[54.394225,24.510094],[54.394156,24.51016],[54.394147,24.510212],[54.394243,24.510293],[54.394342,24.510197],[54.394351,24.510146],[54.39429,24.510095],[54.39426,24.510124],[54.394225,24.510094]]]}},{"type":"Feature","properties":{},"geometry":{"type":"Polygon","coordinates":[[[54.406771,24.479935],[54.406679,24.480012],[54.40667,24.480063],[54.406734,24.480127],[54.406826,24.480051],[54.406836,24.48],[54.406771,24.479935]]]}},{"type":"Feature","properties":{},"geometry":{"type":"Polygon","coordinates":[[[54.405756,24.480429],[54.40577,24.480421],[54.40586,24.480562],[54.406095,24.480448],[54.406278,24.480351],[54.406306,24.480192],[54.406384,24.480151],[54.40643,24.479895],[54.406373,24.479805],[54.406273,24.479858],[54.406281,24.479812],[54.406176,24.479648],[54.405927,24.479779],[54.405904,24.479909],[54.405776,24.479976],[54.405761,24.480062],[54.405737,24.480075],[54.405691,24.480331],[54.405745,24.480416],[54.405672,24.480452],[54.405663,24.480503],[54.40569,24.480548],[54.405765,24.480511],[54.405775,24.48046],[54.405756,24.480429]]]}},{"type":"Feature","properties":{},"geometry":{"type":"Polygon","coordinates":[[[54.406349,24.480324],[54.406299,24.480393],[54.406291,24.480385],[54.406231,24.480443],[54.406104,24.480529],[54.406095,24.48058],[54.406126,24.48062],[54.406164,24.480595],[54.406141,24.480725],[54.406184,24.480767],[54.406224,24.480733],[54.406406,24.480912],[54.406552,24.480789],[54.406583,24.480618],[54.406447,24.480485],[54.406513,24.480348],[54.406523,24.480297],[54.406404,24.480249],[54.406365,24.480328],[54.406349,24.480324]]]}},{"type":"Feature","properties":{},"geometry":{"type":"Polygon","coordinates":[[[54.4053,24.481033],[54.405322,24.481017],[54.405343,24.481041],[54.405462,24.480954],[54.405508,24.480697],[54.405367,24.480537],[54.405263,24.480613],[54.405173,24.48051],[54.405027,24.480617],[54.404982,24.480566],[54.404751,24.480736],[54.404705,24.480992],[54.404902,24.481215],[54.405074,24.481103],[54.405083,24.481114],[54.405193,24.481033],[54.4052,24.480994],[54.405239,24.480965],[54.4053,24.481033]]]}},{"type":"Feature","properties":{},"geometry":{"type":"Polygon","coordinates":[[[54.40464,24.481125],[54.404631,24.481177],[54.404649,24.481211],[54.404705,24.481187],[54.404714,24.481136],[54.404697,24.481102],[54.40464,24.481125]]]}},{"type":"Feature","properties":{},"geometry":{"type":"Polygon","coordinates":[[[54.404399,24.48157],[54.404445,24.481313],[54.404282,24.481036],[54.403673,24.48131],[54.403627,24.481566],[54.403871,24.48184],[54.404399,24.48157]]]}},{"type":"Feature","properties":{},"geometry":{"type":"Polygon","coordinates":[[[54.405193,24.482504],[54.405219,24.482644],[54.405267,24.482728],[54.405295,24.482718],[54.405348,24.482824],[54.405583,24.482709],[54.405648,24.482342],[54.405678,24.48237],[54.405746,24.482521],[54.405812,24.482581],[54.406052,24.482431],[54.40608,24.482273],[54.40616,24.482336],[54.406387,24.482189],[54.406456,24.481804],[54.406244,24.481517],[54.406178,24.481406],[54.406001,24.481509],[54.405923,24.481577],[54.405894,24.481741],[54.405846,24.481639],[54.405621,24.481752],[54.40558,24.481799],[54.405542,24.482011],[54.405398,24.481892],[54.40529,24.481997],[54.405193,24.482504]]]}},{"type":"Feature","properties":{},"geometry":{"type":"Polygon","coordinates":[[[54.406365,24.482644],[54.406343,24.482765],[54.406677,24.483274],[54.406853,24.483178],[54.406884,24.483008],[54.40655,24.482498],[54.406523,24.482513],[54.406485,24.482446],[54.40631,24.482553],[54.406308,24.482567],[54.406107,24.48267],[54.406098,24.482721],[54.406133,24.482778],[54.40634,24.482672],[54.406365,24.482644]]]}},{"type":"Feature","properties":{},"geometry":{"type":"Polygon","coordinates":[[[54.403239,24.483132],[54.403255,24.483046],[54.403079,24.482706],[54.402754,24.48227],[54.402445,24.482395],[54.402362,24.482355],[54.402377,24.482242],[54.402291,24.482238],[54.401421,24.483154],[54.401406,24.483356],[54.401448,24.48342],[54.401622,24.48346],[54.401821,24.483375],[54.402135,24.48329],[54.402555,24.483301],[54.40308,24.483481],[54.403095,24.483396],[54.403043,24.483243],[54.403239,24.483132]]]}},{"type":"Feature","properties":{},"geometry":{"type":"Polygon","coordinates":[[[54.405667,24.484903],[54.405743,24.48448],[54.405684,24.484473],[54.405703,24.48437],[54.405703,24.483852],[54.405455,24.483133],[54.405126,24.483265],[54.40508,24.483521],[54.405205,24.483944],[54.404939,24.484017],[54.404893,24.484273],[54.404948,24.484615],[54.404966,24.484615],[54.404864,24.485157],[54.405543,24.485296],[54.405667,24.484903]]]}},{"type":"Feature","properties":{},"geometry":{"type":"Polygon","coordinates":[[[54.404427,24.485286],[54.404497,24.485066],[54.404542,24.48481],[54.40454,24.484515],[54.403751,24.484451],[54.40362,24.484898],[54.403526,24.485074],[54.40334,24.485265],[54.403294,24.485521],[54.403906,24.486057],[54.404102,24.485866],[54.404321,24.48553],[54.404427,24.485286]]]}},{"type":"Feature","properties":{},"geometry":{"type":"Polygon","coordinates":[[[54.406754,24.485552],[54.406713,24.485613],[54.406704,24.485664],[54.406809,24.485723],[54.40685,24.485662],[54.406859,24.48561],[54.406754,24.485552]]]}},{"type":"Feature","properties":{},"geometry":{"type":"Polygon","coordinates":[[[54.40406,24.486285],[54.404023,24.48626],[54.403971,24.486254],[54.403234,24.486607],[54.403211,24.486735],[54.403421,24.487288],[54.403455,24.487322],[54.403507,24.487336],[54.403744,24.487251],[54.404099,24.487061],[54.404367,24.486864],[54.404394,24.486825],[54.404417,24.486697],[54.404408,24.486649],[54.40406,24.486285]],[[54.403623,24.486912],[54.40359,24.486821],[54.403924,24.486649],[54.403986,24.486725],[54.403623,24.486912]]]}},{"type":"Feature","properties":{},"geometry":{"type":"Polygon","coordinates":[[[54.400631,24.486302],[54.40032,24.486616],[54.400169,24.486792],[54.400123,24.487049],[54.40059,24.487378],[54.400708,24.487415],[54.400821,24.487373],[54.401161,24.486619],[54.401207,24.486363],[54.400743,24.486123],[54.400631,24.486302]]]}},{"type":"Feature","properties":{},"geometry":{"type":"Polygon","coordinates":[[[54.405686,24.487602],[54.405637,24.487876],[54.405934,24.488095],[54.406078,24.487916],[54.406127,24.487642],[54.405832,24.487429],[54.405686,24.487602]]]}},{"type":"Feature","properties":{},"geometry":{"type":"Polygon","coordinates":[[[54.402625,24.488136],[54.402288,24.488086],[54.401773,24.487981],[54.401144,24.487765],[54.400111,24.487303],[54.399543,24.486934],[54.398968,24.486502],[54.397734,24.487851],[54.397688,24.488108],[54.398828,24.488962],[54.40015,24.489656],[54.40092,24.48997],[54.401711,24.490139],[54.402554,24.490199],[54.402834,24.489852],[54.40288,24.489596],[54.402625,24.488136]]]}},{"type":"Feature","properties":{},"geometry":{"type":"Polygon","coordinates":[[[54.40802,24.488719],[54.407768,24.488343],[54.407568,24.488451],[54.407598,24.488281],[54.407318,24.487873],[54.406913,24.488103],[54.40691,24.488118],[54.406903,24.488107],[54.406497,24.488337],[54.406451,24.488594],[54.406731,24.489002],[54.406882,24.488916],[54.406858,24.489051],[54.407137,24.489459],[54.407543,24.489229],[54.407557,24.489148],[54.407599,24.489205],[54.407975,24.488975],[54.40802,24.488719]]]}},{"type":"Feature","properties":{},"geometry":{"type":"Polygon","coordinates":[[[54.400402,24.490694],[54.400362,24.490428],[54.400058,24.490467],[54.400027,24.490638],[54.400068,24.490903],[54.400372,24.490864],[54.400402,24.490694]]]}},{"type":"Feature","properties":{},"geometry":{"type":"Polygon","coordinates":[[[54.398489,24.491906],[54.398532,24.492227],[54.398658,24.492209],[54.398667,24.492158],[54.398624,24.49184],[54.398498,24.491854],[54.398489,24.491906]]]}},{"type":"Feature","properties":{},"geometry":{"type":"Polygon","coordinates":[[[54.398743,24.492276],[54.398772,24.492512],[54.399086,24.492471],[54.399095,24.49242],[54.399082,24.49232],[54.398848,24.492349],[54.398825,24.492216],[54.398753,24.492225],[54.398743,24.492276]]]}},{"type":"Feature","properties":{},"geometry":{"type":"Polygon","coordinates":[[[54.398525,24.492233],[54.398516,24.492284],[54.398561,24.492613],[54.398637,24.492605],[54.398647,24.492553],[54.398602,24.492224],[54.398525,24.492233]]]}},{"type":"Feature","properties":{},"geometry":{"type":"Polygon","coordinates":[[[54.395653,24.492258],[54.395557,24.492728],[54.395966,24.492802],[54.396062,24.492332],[54.395653,24.492258]]]}},{"type":"Feature","properties":{},"geometry":{"type":"Polygon","coordinates":[[[54.406379,24.492879],[54.406249,24.493007],[54.40624,24.493058],[54.406337,24.493139],[54.406467,24.493012],[54.406476,24.49296],[54.406379,24.492879]]]}},{"type":"Feature","properties":{},"geometry":{"type":"Polygon","coordinates":[[[54.406247,24.492254],[54.405376,24.492715],[54.405331,24.493054],[54.406191,24.493783],[54.406518,24.493511],[54.406527,24.493456],[54.405977,24.493],[54.406305,24.492697],[54.406315,24.492642],[54.406185,24.492551],[54.406345,24.492476],[54.406355,24.492421],[54.406247,24.492254]]]}},{"type":"Feature","properties":{},"geometry":{"type":"Polygon","coordinates":[[[54.399918,24.49302],[54.399873,24.493277],[54.399927,24.493662],[54.400658,24.493577],[54.400704,24.493321],[54.400649,24.492935],[54.399918,24.49302]]]}},{"type":"Feature","properties":{},"geometry":{"type":"Polygon","coordinates":[[[54.40352,24.494744],[54.403549,24.494581],[54.403577,24.494579],[54.403607,24.494621],[54.403655,24.494647],[54.403711,24.49465],[54.403769,24.494632],[54.403703,24.494998],[54.40381,24.495055],[54.403825,24.495031],[54.403866,24.495053],[54.403853,24.495129],[54.403936,24.495172],[54.404218,24.494728],[54.404329,24.494109],[54.404508,24.493827],[54.404581,24.493471],[54.404418,24.493385],[54.404364,24.49347],[54.404296,24.493434],[54.404047,24.493458],[54.403978,24.493577],[54.403873,24.493527],[54.403708,24.493544],[54.403703,24.493509],[54.403359,24.493544],[54.403346,24.493619],[54.403273,24.493627],[54.403228,24.493883],[54.403241,24.493997],[54.403172,24.494385],[54.403223,24.494805],[54.403342,24.494793],[54.403353,24.494731],[54.403418,24.494724],[54.403421,24.494754],[54.40352,24.494744]]]}},{"type":"Feature","properties":{},"geometry":{"type":"Polygon","coordinates":[[[54.40635,24.49524],[54.406305,24.495308],[54.406296,24.495359],[54.406362,24.495396],[54.406407,24.495328],[54.406417,24.495276],[54.40635,24.49524]]]}},{"type":"Feature","properties":{},"geometry":{"type":"Polygon","coordinates":[[[54.406598,24.495288],[54.406472,24.495298],[54.406463,24.495349],[54.406466,24.49537],[54.406529,24.495369],[54.406486,24.495406],[54.406477,24.495457],[54.406587,24.495563],[54.406663,24.495498],[54.406672,24.495447],[54.40659,24.495368],[54.406598,24.495288]]]}},{"type":"Feature","properties":{},"geometry":{"type":"Polygon","coordinates":[[[54.406448,24.495591],[54.406395,24.495503],[54.406312,24.495545],[54.406302,24.495596],[54.406356,24.495684],[54.406391,24.495667],[54.406352,24.495775],[54.406537,24.495854],[54.406608,24.495716],[54.406617,24.495665],[54.406485,24.495609],[54.406467,24.495645],[54.40644,24.495634],[54.406448,24.495591]]]}},{"type":"Feature","properties":{},"geometry":{"type":"Polygon","coordinates":[[[54.406224,24.495803],[54.406215,24.495854],[54.406242,24.49587],[54.406287,24.495805],[54.406297,24.495754],[54.40627,24.495738],[54.406224,24.495803]]]}},{"type":"Feature","properties":{},"geometry":{"type":"Polygon","coordinates":[[[54.406231,24.496094],[54.406241,24.496042],[54.406239,24.496021],[54.406202,24.496007],[54.40619,24.495968],[54.406167,24.495971],[54.406157,24.496022],[54.406164,24.496061],[54.406193,24.496087],[54.406231,24.496094]]]}},{"type":"Feature","properties":{},"geometry":{"type":"Polygon","coordinates":[[[54.406303,24.496209],[54.406376,24.496244],[54.4064,24.496166],[54.406327,24.496131],[54.406303,24.496209]]]}},{"type":"Feature","properties":{},"geometry":{"type":"Polygon","coordinates":[[[54.405897,24.496904],[54.405888,24.496956],[54.405967,24.497044],[54.406035,24.496996],[54.406044,24.496945],[54.405962,24.496854],[54.405897,24.496904]]]}},{"type":"Feature","properties":{},"geometry":{"type":"Polygon","coordinates":[[[54.406771,24.497211],[54.406782,24.49725],[54.407044,24.497181],[54.407067,24.497052],[54.407014,24.496758],[54.406982,24.496765],[54.407081,24.49621],[54.407163,24.496271],[54.407813,24.496327],[54.408088,24.496411],[54.408026,24.496761],[54.407724,24.496686],[54.407491,24.496658],[54.407464,24.496807],[54.407441,24.497233],[54.407934,24.497289],[54.407938,24.497349],[54.407966,24.497397],[54.40811,24.497535],[54.408304,24.497632],[54.408386,24.497658],[54.408536,24.497677],[54.408633,24.497732],[54.409454,24.497341],[54.40953,24.496918],[54.409385,24.496689],[54.408826,24.496939],[54.408932,24.496347],[54.408922,24.496284],[54.408856,24.496195],[54.408758,24.496113],[54.408628,24.49604],[54.408493,24.495988],[54.408504,24.495925],[54.408279,24.495803],[54.40861,24.495315],[54.408645,24.495359],[54.408923,24.495506],[54.409223,24.495555],[54.409583,24.495535],[54.409926,24.495443],[54.409964,24.495229],[54.409867,24.495048],[54.409653,24.494565],[54.40954,24.494014],[54.409519,24.493474],[54.409564,24.493205],[54.409532,24.493029],[54.409064,24.493135],[54.408549,24.493307],[54.408054,24.493578],[54.407631,24.493885],[54.407294,24.494291],[54.407138,24.495167],[54.406894,24.495031],[54.406715,24.495524],[54.406613,24.496087],[54.406559,24.496192],[54.406446,24.496824],[54.406329,24.496853],[54.406299,24.497024],[54.406402,24.497394],[54.40671,24.497313],[54.406722,24.497242],[54.406771,24.497211]],[[54.408136,24.495723],[54.407514,24.495376],[54.407678,24.49519],[54.407958,24.494945],[54.408091,24.494862],[54.408465,24.495089],[54.408503,24.495182],[54.408136,24.495723]]]}},{"type":"Feature","properties":{},"geometry":{"type":"Polygon","coordinates":[[[54.405394,24.496792],[54.405413,24.496686],[54.405411,24.496392],[54.404485,24.49605],[54.404158,24.496949],[54.403928,24.497053],[54.403909,24.49716],[54.404084,24.497537],[54.404067,24.497632],[54.4041,24.497643],[54.40405,24.497923],[54.404127,24.498074],[54.404083,24.498057],[54.404068,24.498147],[54.403978,24.498096],[54.403208,24.498413],[54.403016,24.498458],[54.402864,24.498563],[54.402757,24.498744],[54.402723,24.498969],[54.402742,24.49908],[54.402769,24.49911],[54.402555,24.500311],[54.402611,24.500346],[54.402635,24.500381],[54.402649,24.500425],[54.402641,24.500484],[54.402806,24.500509],[54.402952,24.500492],[54.403068,24.50045],[54.403197,24.500362],[54.4033,24.500228],[54.403308,24.500184],[54.403507,24.500071],[54.403681,24.500161],[54.403805,24.500195],[54.40399,24.500206],[54.403998,24.500577],[54.404033,24.500586],[54.404029,24.500653],[54.4041,24.500699],[54.404216,24.5007],[54.404252,24.500684],[54.404269,24.500658],[54.404353,24.500188],[54.404328,24.500137],[54.404329,24.499867],[54.404345,24.49978],[54.404342,24.499763],[54.404295,24.499728],[54.404344,24.49971],[54.404419,24.499601],[54.404456,24.499389],[54.404609,24.499393],[54.404551,24.499718],[54.40449,24.499725],[54.404478,24.499793],[54.404471,24.500354],[54.404547,24.500349],[54.404535,24.500415],[54.404557,24.500427],[54.40454,24.500587],[54.404565,24.500645],[54.404588,24.500661],[54.404665,24.500652],[54.404783,24.500567],[54.404806,24.500581],[54.404888,24.500493],[54.404923,24.500296],[54.405044,24.500269],[54.405082,24.500324],[54.405163,24.500379],[54.405155,24.500426],[54.405276,24.500447],[54.405281,24.500422],[54.405396,24.500436],[54.405445,24.500428],[54.40548,24.50041],[54.40551,24.500359],[54.405563,24.500058],[54.405596,24.500043],[54.405633,24.500121],[54.405716,24.500183],[54.405777,24.500165],[54.405802,24.500134],[54.40584,24.500003],[54.405869,24.500001],[54.405902,24.499819],[54.406243,24.499415],[54.406361,24.499206],[54.406461,24.498959],[54.406529,24.498602],[54.406545,24.49833],[54.406522,24.498107],[54.406444,24.497802],[54.40598,24.497719],[54.405984,24.497702],[54.406023,24.49771],[54.406089,24.497391],[54.405998,24.497376],[54.406007,24.497326],[54.4058,24.497287],[54.405719,24.497667],[54.405643,24.497652],[54.405631,24.49772],[54.405779,24.49792],[54.405859,24.498088],[54.40591,24.498359],[54.405909,24.498758],[54.405882,24.498867],[54.405791,24.499035],[54.405677,24.499174],[54.405491,24.499342],[54.405367,24.499437],[54.405148,24.499556],[54.405217,24.499167],[54.405341,24.498996],[54.405423,24.498832],[54.40544,24.498736],[54.405445,24.498549],[54.405429,24.498461],[54.405401,24.498459],[54.405412,24.498398],[54.405332,24.498066],[54.405283,24.498019],[54.405209,24.498001],[54.405129,24.498028],[54.405089,24.49808],[54.405073,24.498169],[54.405047,24.498153],[54.404875,24.498333],[54.404851,24.498402],[54.40483,24.498577],[54.404772,24.498671],[54.404698,24.498736],[54.404569,24.498791],[54.404451,24.498802],[54.404327,24.498776],[54.404234,24.498809],[54.404127,24.498878],[54.404114,24.498952],[54.404065,24.498942],[54.404006,24.498969],[54.40397,24.499012],[54.403878,24.499544],[54.403912,24.499615],[54.404113,24.499699],[54.40408,24.499709],[54.404072,24.499726],[54.404054,24.499826],[54.404024,24.499827],[54.403968,24.49971],[54.403894,24.499653],[54.403777,24.499622],[54.403688,24.499633],[54.403651,24.499651],[54.403667,24.499509],[54.403644,24.499465],[54.403558,24.499379],[54.403484,24.499365],[54.403446,24.499407],[54.403515,24.499023],[54.403464,24.498982],[54.403434,24.49893],[54.403434,24.49889],[54.403536,24.498765],[54.403642,24.498694],[54.403653,24.498631],[54.403915,24.498527],[54.404056,24.498443],[54.404138,24.498355],[54.404172,24.498239],[54.404167,24.498192],[54.404114,24.498154],[54.404134,24.498087],[54.404249,24.498315],[54.40451,24.498205],[54.404564,24.497903],[54.40479,24.49764],[54.404941,24.497697],[54.40516,24.49716],[54.405394,24.496792]]]}},{"type":"Feature","properties":{},"geometry":{"type":"Polygon","coordinates":[[[54.396073,24.498517],[54.396061,24.498634],[54.396118,24.498636],[54.396129,24.498519],[54.396073,24.498517]]]}},{"type":"Feature","properties":{},"geometry":{"type":"Polygon","coordinates":[[[54.395419,24.499844],[54.39541,24.499895],[54.395438,24.500049],[54.395553,24.500032],[54.395562,24.49998],[54.395534,24.499827],[54.395419,24.499844]]]}},{"type":"Feature","properties":{},"geometry":{"type":"Polygon","coordinates":[[[54.395241,24.500009],[54.395231,24.50006],[54.395255,24.500164],[54.395287,24.500158],[54.395296,24.500107],[54.395273,24.500002],[54.395241,24.500009]]]}},{"type":"Feature","properties":{},"geometry":{"type":"Polygon","coordinates":[[[54.394922,24.50055],[54.394876,24.500807],[54.395018,24.501655],[54.395584,24.501577],[54.39563,24.50132],[54.395488,24.500472],[54.394922,24.50055]]]}},{"type":"Feature","properties":{},"geometry":{"type":"Polygon","coordinates":[[[54.395661,24.501895],[54.395649,24.502049],[54.395735,24.502051],[54.395747,24.501897],[54.395661,24.501895]]]}},{"type":"Feature","properties":{},"geometry":{"type":"Polygon","coordinates":[[[54.395396,24.502468],[54.395446,24.502776],[54.395878,24.502717],[54.395924,24.502461],[54.395873,24.502153],[54.395441,24.502211],[54.395396,24.502468]]]}},{"type":"Feature","properties":{},"geometry":{"type":"Polygon","coordinates":[[[54.406419,24.504731],[54.406514,24.504732],[54.406525,24.504539],[54.406432,24.504537],[54.406419,24.504731]]]}},{"type":"Feature","properties":{},"geometry":{"type":"Polygon","coordinates":[[[54.406088,24.504593],[54.406079,24.504644],[54.406132,24.50481],[54.406223,24.50479],[54.406233,24.504739],[54.406184,24.50457],[54.406088,24.504593]]]}},{"type":"Feature","properties":{},"geometry":{"type":"Polygon","coordinates":[[[54.397401,24.504687],[54.397398,24.504839],[54.39747,24.504836],[54.397473,24.504684],[54.397401,24.504687]]]}},{"type":"Feature","properties":{},"geometry":{"type":"Polygon","coordinates":[[[54.406618,24.506392],[54.406709,24.506287],[54.406744,24.506165],[54.406828,24.505695],[54.406787,24.505553],[54.406674,24.505453],[54.406622,24.505505],[54.406626,24.50548],[54.406344,24.50524],[54.406082,24.505495],[54.406037,24.505751],[54.406319,24.505991],[54.406388,24.505924],[54.406344,24.50617],[54.406618,24.506392]]]}},{"type":"Feature","properties":{},"geometry":{"type":"Polygon","coordinates":[[[54.405057,24.506304],[54.404973,24.506527],[54.404956,24.506622],[54.404806,24.507019],[54.404775,24.50719],[54.405031,24.507282],[54.405206,24.506887],[54.405227,24.506769],[54.405314,24.506536],[54.405339,24.506364],[54.405444,24.506094],[54.405473,24.505923],[54.405555,24.505645],[54.405586,24.505474],[54.405385,24.505424],[54.405291,24.505739],[54.40527,24.505857],[54.405179,24.505828],[54.405064,24.506126],[54.405033,24.506297],[54.405057,24.506304]]]}},{"type":"Feature","properties":{},"geometry":{"type":"Polygon","coordinates":[[[54.404404,24.507263],[54.404395,24.507314],[54.404488,24.507405],[54.404521,24.507377],[54.40453,24.507326],[54.404437,24.507235],[54.404404,24.507263]]]}},{"type":"Feature","properties":{},"geometry":{"type":"Polygon","coordinates":[[[54.405593,24.506955],[54.405529,24.506966],[54.404898,24.508066],[54.404806,24.508579],[54.404901,24.508643],[54.405265,24.508581],[54.40577,24.507671],[54.405862,24.507159],[54.405855,24.507079],[54.405593,24.506955]]]}},{"type":"Feature","properties":{},"geometry":{"type":"Polygon","coordinates":[[[54.405724,24.508722],[54.405651,24.509132],[54.406048,24.509524],[54.406159,24.509409],[54.406213,24.509107],[54.406304,24.509197],[54.406317,24.509183],[54.406334,24.509197],[54.406415,24.509082],[54.406482,24.508707],[54.406572,24.508795],[54.406684,24.508681],[54.406757,24.508271],[54.406367,24.507886],[54.406249,24.507993],[54.406182,24.508369],[54.406098,24.508287],[54.40598,24.508394],[54.405926,24.508697],[54.405842,24.508615],[54.405724,24.508722]]]}},{"type":"Feature","properties":{},"geometry":{"type":"Polygon","coordinates":[[[54.405032,24.509945],[54.405181,24.51009],[54.405244,24.510032],[54.405345,24.510101],[54.405526,24.509838],[54.405598,24.509432],[54.405477,24.509367],[54.405383,24.509473],[54.405231,24.509371],[54.405105,24.509539],[54.405032,24.509945]]]}},{"type":"Feature","properties":{},"geometry":{"type":"Polygon","coordinates":[[[54.406209,24.510786],[54.406256,24.510853],[54.406537,24.51069],[54.406547,24.510635],[54.406509,24.510582],[54.406565,24.510262],[54.406429,24.510139],[54.406188,24.51034],[54.406084,24.510413],[54.405947,24.51048],[54.405819,24.510521],[54.405565,24.510545],[54.405328,24.510706],[54.405146,24.510891],[54.405136,24.510946],[54.405183,24.510984],[54.405275,24.511017],[54.40558,24.511025],[54.405782,24.510966],[54.406061,24.510862],[54.406209,24.510786]]]}},{"type":"Feature","properties":{},"geometry":{"type":"Polygon","coordinates":[[[54.397108,24.510688],[54.397139,24.510517],[54.396934,24.510367],[54.396681,24.510653],[54.39665,24.510823],[54.396853,24.510976],[54.397108,24.510688]]]}},{"type":"Feature","properties":{},"geometry":{"type":"Polygon","coordinates":[[[54.405568,24.512341],[54.405665,24.512332],[54.405683,24.512423],[54.405721,24.512493],[54.405761,24.512511],[54.405813,24.512491],[54.405892,24.512081],[54.405881,24.511799],[54.405455,24.511831],[54.405386,24.512215],[54.405419,24.512492],[54.405442,24.512508],[54.405495,24.512507],[54.405524,24.512475],[54.405568,24.512341]]]}},{"type":"Feature","properties":{},"geometry":{"type":"Polygon","coordinates":[[[54.410374,24.479952],[54.410364,24.480003],[54.410515,24.480132],[54.410584,24.480065],[54.410593,24.480014],[54.410443,24.479885],[54.410374,24.479952]]]}},{"type":"Feature","properties":{},"geometry":{"type":"Polygon","coordinates":[[[54.410867,24.481846],[54.410906,24.481881],[54.410922,24.481865],[54.410993,24.481927],[54.41109,24.481834],[54.411147,24.481883],[54.411139,24.481929],[54.411183,24.481967],[54.41121,24.481941],[54.41122,24.48195],[54.411192,24.482106],[54.411276,24.482179],[54.411319,24.482139],[54.411311,24.482183],[54.411342,24.482209],[54.411421,24.482129],[54.41143,24.482077],[54.411404,24.482057],[54.411454,24.48201],[54.411484,24.481839],[54.411116,24.48152],[54.410943,24.481686],[54.410925,24.481784],[54.410906,24.481767],[54.410876,24.481795],[54.410867,24.481846]]]}},{"type":"Feature","properties":{},"geometry":{"type":"Polygon","coordinates":[[[54.407105,24.482754],[54.407225,24.482856],[54.40734,24.483037],[54.407529,24.482966],[54.407571,24.482835],[54.407647,24.482408],[54.407249,24.481963],[54.407183,24.482071],[54.407041,24.482137],[54.406965,24.482565],[54.407105,24.482754]]]}},{"type":"Feature","properties":{},"geometry":{"type":"Polygon","coordinates":[[[54.409307,24.482887],[54.409302,24.483052],[54.409399,24.483049],[54.409403,24.482883],[54.409307,24.482887]]]}},{"type":"Feature","properties":{},"geometry":{"type":"Polygon","coordinates":[[[54.408584,24.484581],[54.408535,24.484855],[54.40878,24.485156],[54.40899,24.485015],[54.409038,24.484742],[54.408793,24.48444],[54.408584,24.484581]]]}},{"type":"Feature","properties":{},"geometry":{"type":"Polygon","coordinates":[[[54.408093,24.485269],[54.408312,24.48538],[54.408374,24.485346],[54.40844,24.485433],[54.408553,24.48535],[54.408602,24.485076],[54.408334,24.484777],[54.408129,24.484931],[54.40808,24.485236],[54.408093,24.485269]]]}},{"type":"Feature","properties":{},"geometry":{"type":"Polygon","coordinates":[[[54.409673,24.485244],[54.409599,24.48533],[54.409423,24.4854],[54.409337,24.485483],[54.4093,24.485577],[54.409281,24.485688],[54.409279,24.485874],[54.409297,24.485967],[54.409377,24.486096],[54.409464,24.486171],[54.409605,24.486182],[54.409687,24.486158],[54.40977,24.486074],[54.409817,24.485996],[54.409867,24.485772],[54.409864,24.485714],[54.410485,24.486779],[54.410844,24.486611],[54.410863,24.4865],[54.410389,24.485665],[54.410414,24.485433],[54.410717,24.485312],[54.410764,24.485405],[54.410873,24.485347],[54.410882,24.485296],[54.410857,24.485256],[54.410958,24.485215],[54.410978,24.485104],[54.410804,24.484786],[54.409836,24.485253],[54.409801,24.485318],[54.409673,24.485244]]]}},{"type":"Feature","properties":{},"geometry":{"type":"Polygon","coordinates":[[[54.407262,24.485263],[54.406967,24.48555],[54.406958,24.485602],[54.407033,24.485665],[54.407327,24.485378],[54.407336,24.485327],[54.407262,24.485263]]]}},{"type":"Feature","properties":{},"geometry":{"type":"Polygon","coordinates":[[[54.409001,24.485574],[54.408922,24.485635],[54.408913,24.485686],[54.408954,24.485729],[54.409033,24.485668],[54.409042,24.485617],[54.409001,24.485574]]]}},{"type":"Feature","properties":{},"geometry":{"type":"Polygon","coordinates":[[[54.409013,24.485744],[54.40912,24.485896],[54.409179,24.485862],[54.409188,24.485811],[54.409129,24.485727],[54.409153,24.485714],[54.409162,24.485662],[54.409136,24.485626],[54.409022,24.485692],[54.409013,24.485744]]]}},{"type":"Feature","properties":{},"geometry":{"type":"Polygon","coordinates":[[[54.407564,24.485445],[54.407378,24.485639],[54.407329,24.485912],[54.407389,24.485959],[54.407405,24.485942],[54.407407,24.485959],[54.407649,24.486152],[54.407841,24.485954],[54.407889,24.48568],[54.407828,24.485631],[54.407809,24.485647],[54.407564,24.485445]]]}},{"type":"Feature","properties":{},"geometry":{"type":"Polygon","coordinates":[[[54.408334,24.48801],[54.408289,24.488267],[54.408591,24.48875],[54.409465,24.488314],[54.409511,24.488057],[54.40936,24.487784],[54.409345,24.487792],[54.409363,24.48769],[54.409247,24.487364],[54.408884,24.487647],[54.408334,24.48801]]]}},{"type":"Feature","properties":{},"geometry":{"type":"Polygon","coordinates":[[[54.410422,24.488416],[54.410413,24.488465],[54.410138,24.488492],[54.410092,24.488748],[54.410137,24.489184],[54.410186,24.48918],[54.410174,24.489247],[54.410186,24.489355],[54.410591,24.489317],[54.410644,24.489786],[54.410796,24.489772],[54.410826,24.489601],[54.410762,24.489025],[54.410624,24.489037],[54.410627,24.489021],[54.41086,24.489001],[54.410905,24.488745],[54.410862,24.48833],[54.410551,24.488356],[54.410542,24.488406],[54.410422,24.488416]]]}},{"type":"Feature","properties":{},"geometry":{"type":"Polygon","coordinates":[[[54.410835,24.489739],[54.41083,24.489833],[54.410879,24.489829],[54.410884,24.489736],[54.410835,24.489739]]]}},{"type":"Feature","properties":{},"geometry":{"type":"Polygon","coordinates":[[[54.410839,24.490291],[54.410885,24.490035],[54.41087,24.489907],[54.41051,24.489942],[54.410508,24.489927],[54.410457,24.489932],[54.410405,24.48949],[54.410256,24.489504],[54.410211,24.489761],[54.41028,24.490346],[54.410839,24.490291]]]}},{"type":"Feature","properties":{},"geometry":{"type":"Polygon","coordinates":[[[54.406961,24.490292],[54.406952,24.490343],[54.40698,24.490424],[54.407045,24.490403],[54.407054,24.490352],[54.407021,24.490271],[54.406961,24.490292]]]}},{"type":"Feature","properties":{},"geometry":{"type":"Polygon","coordinates":[[[54.410382,24.491201],[54.410669,24.491204],[54.410699,24.491033],[54.410706,24.490766],[54.4106,24.490766],[54.410592,24.490813],[54.410416,24.490817],[54.410386,24.490988],[54.410382,24.491201]]]}},{"type":"Feature","properties":{},"geometry":{"type":"Polygon","coordinates":[[[54.409259,24.491314],[54.409272,24.491156],[54.409037,24.491149],[54.409031,24.491182],[54.408959,24.49118],[54.408938,24.491346],[54.408999,24.491347],[54.408998,24.491374],[54.40921,24.49138],[54.40922,24.491313],[54.409259,24.491314]]]}},{"type":"Feature","properties":{},"geometry":{"type":"Polygon","coordinates":[[[54.410457,24.491298],[54.410427,24.491469],[54.410413,24.491793],[54.410786,24.491806],[54.410816,24.491635],[54.41083,24.491311],[54.410457,24.491298]]]}},{"type":"Feature","properties":{},"geometry":{"type":"Polygon","coordinates":[[[54.410488,24.496072],[54.410337,24.495938],[54.410046,24.496169],[54.409985,24.49651],[54.41003,24.496562],[54.410008,24.496684],[54.410118,24.496826],[54.410282,24.496722],[54.410325,24.496479],[54.410355,24.496454],[54.410491,24.496634],[54.410714,24.496529],[54.410775,24.496187],[54.410614,24.495998],[54.410488,24.496072]]]}},{"type":"Feature","properties":{},"geometry":{"type":"Polygon","coordinates":[[[54.407136,24.496768],[54.40711,24.496918],[54.407102,24.49721],[54.407317,24.49723],[54.407376,24.496766],[54.407136,24.496768]]]}},{"type":"Feature","properties":{},"geometry":{"type":"Polygon","coordinates":[[[54.409415,24.497947],[54.409165,24.497863],[54.40899,24.49793],[54.408943,24.498195],[54.408945,24.498655],[54.409335,24.498589],[54.409383,24.498324],[54.409415,24.497947]]]}},{"type":"Feature","properties":{},"geometry":{"type":"Polygon","coordinates":[[[54.408905,24.498829],[54.408924,24.498611],[54.408852,24.4986],[54.408827,24.498711],[54.408864,24.498826],[54.408905,24.498829]]]}},{"type":"Feature","properties":{},"geometry":{"type":"Polygon","coordinates":[[[54.409435,24.498769],[54.408993,24.498738],[54.408966,24.498889],[54.408977,24.499211],[54.408892,24.499607],[54.409249,24.499702],[54.409355,24.499316],[54.409435,24.498769]]]}},{"type":"Feature","properties":{},"geometry":{"type":"Polygon","coordinates":[[[54.410012,24.49951],[54.409978,24.499439],[54.4099,24.49938],[54.409787,24.499363],[54.409615,24.499373],[54.409548,24.499419],[54.409349,24.50004],[54.409254,24.50051],[54.409296,24.500638],[54.409387,24.500704],[54.409567,24.500735],[54.4097,24.500733],[54.409825,24.500669],[54.40988,24.500552],[54.409926,24.500296],[54.409975,24.49974],[54.410012,24.49951]]]}},{"type":"Feature","properties":{},"geometry":{"type":"Polygon","coordinates":[[[54.408054,24.500908],[54.408015,24.501064],[54.408054,24.501096],[54.408105,24.501022],[54.408147,24.500887],[54.408085,24.500876],[54.408054,24.500908]]]}},{"type":"Feature","properties":{},"geometry":{"type":"Polygon","coordinates":[[[54.40961,24.501599],[54.409605,24.501431],[54.408723,24.501471],[54.408657,24.501832],[54.408633,24.502055],[54.408706,24.502207],[54.408975,24.502219],[54.409293,24.502209],[54.409384,24.502178],[54.409499,24.502107],[54.409538,24.502003],[54.40961,24.501599]]]}},{"type":"Feature","properties":{},"geometry":{"type":"Polygon","coordinates":[[[54.410422,24.501607],[54.410335,24.501603],[54.410267,24.501987],[54.410265,24.502236],[54.410365,24.502238],[54.410376,24.502175],[54.410499,24.502176],[54.410568,24.501791],[54.410573,24.501566],[54.410542,24.501564],[54.410544,24.501523],[54.410437,24.50152],[54.410422,24.501607]]]}},{"type":"Feature","properties":{},"geometry":{"type":"Polygon","coordinates":[[[54.408025,24.50174],[54.407696,24.502403],[54.40765,24.502659],[54.408069,24.502833],[54.408249,24.502356],[54.408376,24.502114],[54.408422,24.501858],[54.408025,24.50174]]]}},{"type":"Feature","properties":{},"geometry":{"type":"Polygon","coordinates":[[[54.407515,24.502391],[54.407498,24.502489],[54.407542,24.502499],[54.407598,24.50244],[54.407639,24.502365],[54.407648,24.502313],[54.407586,24.50231],[54.407515,24.502391]]]}},{"type":"Feature","properties":{},"geometry":{"type":"Polygon","coordinates":[[[54.40724,24.502926],[54.407116,24.503077],[54.407107,24.503128],[54.40717,24.503164],[54.4073,24.503047],[54.407326,24.503045],[54.407394,24.502937],[54.407403,24.502885],[54.407345,24.502871],[54.407275,24.502956],[54.40724,24.502926]]]}},{"type":"Feature","properties":{},"geometry":{"type":"Polygon","coordinates":[[[54.40688,24.503364],[54.406871,24.503415],[54.406908,24.503536],[54.406988,24.503519],[54.406997,24.503468],[54.406943,24.503344],[54.40688,24.503364]]]}},{"type":"Feature","properties":{},"geometry":{"type":"Polygon","coordinates":[[[54.407036,24.503648],[54.406976,24.503857],[54.407065,24.50388],[54.407134,24.50368],[54.407036,24.503648]]]}},{"type":"Feature","properties":{},"geometry":{"type":"Polygon","coordinates":[[[54.40972,24.503497],[54.409576,24.503605],[54.409504,24.504011],[54.409836,24.504377],[54.409981,24.504269],[54.410053,24.503863],[54.40972,24.503497]]]}},{"type":"Feature","properties":{},"geometry":{"type":"Polygon","coordinates":[[[54.410129,24.504532],[54.410601,24.50461],[54.410705,24.504046],[54.410233,24.503968],[54.410129,24.504532]]]}},{"type":"Feature","properties":{},"geometry":{"type":"Polygon","coordinates":[[[54.409054,24.504354],[54.408947,24.504952],[54.409242,24.50529],[54.409504,24.504991],[54.40961,24.504393],[54.409259,24.504094],[54.409054,24.504354]]]}},{"type":"Feature","properties":{},"geometry":{"type":"Polygon","coordinates":[[[54.407866,24.505725],[54.407859,24.50587],[54.408024,24.505894],[54.408028,24.505741],[54.407866,24.505725]]]}},{"type":"Feature","properties":{},"geometry":{"type":"Polygon","coordinates":[[[54.409541,24.50637],[54.409626,24.506277],[54.409672,24.506164],[54.409717,24.505908],[54.409719,24.505787],[54.40968,24.50568],[54.409606,24.50559],[54.409506,24.505526],[54.409388,24.505493],[54.409265,24.505495],[54.409148,24.505532],[54.40905,24.505601],[54.408981,24.505693],[54.408947,24.505801],[54.408901,24.506058],[54.408908,24.506178],[54.408959,24.50629],[54.409048,24.506379],[54.409165,24.506437],[54.409296,24.506455],[54.409427,24.506432],[54.409541,24.50637]]]}},{"type":"Feature","properties":{},"geometry":{"type":"Polygon","coordinates":[[[54.406757,24.507132],[54.406677,24.507196],[54.406669,24.507237],[54.407012,24.507555],[54.407112,24.507469],[54.407119,24.50743],[54.407201,24.507361],[54.407224,24.507381],[54.407326,24.507292],[54.407333,24.507251],[54.407293,24.507213],[54.407526,24.506968],[54.407629,24.506391],[54.407472,24.506231],[54.407244,24.506239],[54.407028,24.506464],[54.406952,24.506892],[54.406919,24.506861],[54.406822,24.506949],[54.406815,24.50699],[54.406829,24.507005],[54.406749,24.507074],[54.406741,24.507115],[54.406757,24.507132]]]}},{"type":"Feature","properties":{},"geometry":{"type":"Polygon","coordinates":[[[54.406592,24.507421],[54.406711,24.507572],[54.406755,24.507544],[54.406764,24.507492],[54.406644,24.507341],[54.406601,24.50737],[54.406592,24.507421]]]}},{"type":"Feature","properties":{},"geometry":{"type":"Polygon","coordinates":[[[54.409692,24.507556],[54.409481,24.507344],[54.409287,24.507513],[54.409257,24.507684],[54.409617,24.508045],[54.409679,24.508003],[54.409709,24.507832],[54.409692,24.507556]]]}},{"type":"Feature","properties":{},"geometry":{"type":"Polygon","coordinates":[[[54.407137,24.507782],[54.407128,24.507833],[54.407162,24.507858],[54.407192,24.507826],[54.407201,24.507774],[54.407167,24.507749],[54.407137,24.507782]]]}},{"type":"Feature","properties":{},"geometry":{"type":"Polygon","coordinates":[[[54.410332,24.507855],[54.410313,24.507789],[54.410247,24.507805],[54.410204,24.507719],[54.410122,24.507721],[54.40999,24.507756],[54.409856,24.507859],[54.409825,24.507938],[54.409794,24.508109],[54.409824,24.508151],[54.409896,24.50819],[54.409942,24.508175],[54.410079,24.508169],[54.410301,24.508026],[54.410332,24.507855]]]}},{"type":"Feature","properties":{},"geometry":{"type":"Polygon","coordinates":[[[54.408877,24.507857],[54.408868,24.50792],[54.408846,24.507921],[54.408842,24.508078],[54.408881,24.508077],[54.408887,24.508046],[54.408909,24.508045],[54.408925,24.507856],[54.408877,24.507857]]]}},{"type":"Feature","properties":{},"geometry":{"type":"Polygon","coordinates":[[[54.409278,24.508116],[54.409189,24.50819],[54.409179,24.508241],[54.409222,24.508284],[54.409311,24.50821],[54.40932,24.508159],[54.409278,24.508116]]]}},{"type":"Feature","properties":{},"geometry":{"type":"Polygon","coordinates":[[[54.409128,24.508817],[54.409304,24.508713],[54.409334,24.508542],[54.409273,24.508456],[54.40922,24.508487],[54.409158,24.5084],[54.409014,24.508484],[54.408939,24.508826],[54.408969,24.508869],[54.409003,24.508849],[54.409027,24.508881],[54.409087,24.508846],[54.409095,24.508799],[54.40911,24.508791],[54.409128,24.508817]]]}},{"type":"Feature","properties":{},"geometry":{"type":"Polygon","coordinates":[[[54.407605,24.508892],[54.407615,24.508841],[54.407587,24.508811],[54.407523,24.508861],[54.407513,24.508912],[54.407541,24.508942],[54.407605,24.508892]]]}},{"type":"Feature","properties":{},"geometry":{"type":"Polygon","coordinates":[[[54.407656,24.509013],[54.407647,24.509064],[54.407803,24.509217],[54.407855,24.509173],[54.407864,24.509122],[54.407708,24.508969],[54.407656,24.509013]]]}},{"type":"Feature","properties":{},"geometry":{"type":"Polygon","coordinates":[[[54.406652,24.509706],[54.406579,24.510116],[54.406941,24.510448],[54.407106,24.510332],[54.407164,24.510009],[54.407373,24.510204],[54.407507,24.510067],[54.40756,24.509771],[54.407711,24.509911],[54.407826,24.509793],[54.4079,24.509383],[54.407538,24.50905],[54.407416,24.509159],[54.407363,24.509453],[54.407252,24.509349],[54.407274,24.509285],[54.40717,24.509197],[54.407129,24.509238],[54.407119,24.509289],[54.407169,24.50933],[54.40706,24.509435],[54.407003,24.509755],[54.406811,24.509574],[54.406652,24.509706]]]}},{"type":"Feature","properties":{},"geometry":{"type":"Polygon","coordinates":[[[54.410005,24.509826],[54.409662,24.510138],[54.409631,24.510309],[54.409816,24.510477],[54.41016,24.510165],[54.41019,24.509994],[54.410005,24.509826]]]}},{"type":"Feature","properties":{},"geometry":{"type":"Polygon","coordinates":[[[54.409911,24.510967],[54.4099,24.511026],[54.40997,24.511129],[54.410202,24.510998],[54.41023,24.510843],[54.41026,24.510825],[54.410303,24.51071],[54.410208,24.510574],[54.410122,24.510624],[54.410116,24.510655],[54.410096,24.510626],[54.4099,24.510736],[54.40987,24.510907],[54.409911,24.510967]]]}},{"type":"Feature","properties":{},"geometry":{"type":"Polygon","coordinates":[[[54.409232,24.510788],[54.409243,24.510684],[54.409185,24.510624],[54.409124,24.51062],[54.409055,24.510675],[54.409043,24.510785],[54.409081,24.510833],[54.409111,24.510846],[54.409173,24.510844],[54.409232,24.510788]]]}},{"type":"Feature","properties":{},"geometry":{"type":"Polygon","coordinates":[[[54.408197,24.510919],[54.408175,24.51092],[54.408175,24.51086],[54.408097,24.510862],[54.408093,24.510888],[54.408092,24.510864],[54.408017,24.510866],[54.40801,24.510974],[54.408085,24.510972],[54.408089,24.510945],[54.40809,24.510964],[54.408157,24.510962],[54.408159,24.511062],[54.408181,24.511061],[54.408185,24.511146],[54.408263,24.511143],[54.408261,24.510837],[54.408205,24.510839],[54.408197,24.510919]]]}},{"type":"Feature","properties":{},"geometry":{"type":"Polygon","coordinates":[[[54.407694,24.510841],[54.407603,24.510903],[54.407519,24.511373],[54.407877,24.511809],[54.408001,24.511725],[54.408046,24.511779],[54.40812,24.511729],[54.408204,24.511259],[54.40809,24.51112],[54.408104,24.511123],[54.408124,24.511014],[54.408074,24.511007],[54.40806,24.511084],[54.40797,24.510975],[54.407993,24.510976],[54.408006,24.510869],[54.407933,24.510865],[54.407924,24.510919],[54.407855,24.510834],[54.407748,24.510907],[54.407694,24.510841]]]}},{"type":"Feature","properties":{},"geometry":{"type":"Polygon","coordinates":[[[54.410246,24.511129],[54.410284,24.511108],[54.410287,24.511093],[54.410299,24.511108],[54.410496,24.510987],[54.410506,24.510935],[54.41043,24.510834],[54.410233,24.510956],[54.410233,24.51102],[54.410212,24.511078],[54.410246,24.511129]]]}},{"type":"Feature","properties":{},"geometry":{"type":"Polygon","coordinates":[[[54.410094,24.511064],[54.410085,24.511116],[54.410127,24.511189],[54.410196,24.511156],[54.410205,24.511104],[54.410164,24.511031],[54.410094,24.511064]]]}},{"type":"Feature","properties":{},"geometry":{"type":"Polygon","coordinates":[[[54.408904,24.511952],[54.40895,24.511696],[54.408761,24.511417],[54.408958,24.511308],[54.409042,24.510838],[54.408953,24.510705],[54.408422,24.510998],[54.408338,24.511468],[54.408399,24.511559],[54.408237,24.51165],[54.408192,24.511906],[54.408411,24.512229],[54.408904,24.511952]]]}},{"type":"Feature","properties":{},"geometry":{"type":"Polygon","coordinates":[[[54.409626,24.511592],[54.409672,24.511336],[54.409455,24.511011],[54.408975,24.511277],[54.408929,24.511533],[54.409146,24.511858],[54.409626,24.511592]]]}},{"type":"Feature","properties":{},"geometry":{"type":"Polygon","coordinates":[[[54.406125,24.511673],[54.406259,24.512061],[54.406337,24.512128],[54.406597,24.512102],[54.406979,24.511865],[54.406982,24.511847],[54.407061,24.511961],[54.407259,24.511861],[54.407509,24.511694],[54.407555,24.511438],[54.40716,24.510943],[54.406739,24.511169],[54.406735,24.511188],[54.406651,24.511065],[54.406208,24.511313],[54.406171,24.511417],[54.406125,24.511673]]]}},{"type":"Feature","properties":{},"geometry":{"type":"Polygon","coordinates":[[[54.407966,24.512013],[54.407975,24.511962],[54.407963,24.511913],[54.40791,24.511924],[54.407901,24.511975],[54.407913,24.512024],[54.407966,24.512013]]]}},{"type":"Feature","properties":{},"geometry":{"type":"Polygon","coordinates":[[[54.412202,24.482016],[54.412171,24.482187],[54.412532,24.482378],[54.412708,24.482103],[54.412739,24.481932],[54.412378,24.481741],[54.412202,24.482016]]]}},{"type":"Feature","properties":{},"geometry":{"type":"Polygon","coordinates":[[[54.41135,24.48563],[54.411341,24.485681],[54.411355,24.485712],[54.41137,24.485706],[54.411366,24.485729],[54.411404,24.485827],[54.411461,24.485808],[54.411471,24.485757],[54.41144,24.485679],[54.411459,24.485671],[54.411468,24.48562],[54.411454,24.485589],[54.41135,24.48563]]]}},{"type":"Feature","properties":{},"geometry":{"type":"Polygon","coordinates":[[[54.413513,24.487454],[54.413397,24.487459],[54.413388,24.487195],[54.413283,24.487199],[54.413278,24.487227],[54.413107,24.487233],[54.413077,24.487404],[54.413154,24.487623],[54.413217,24.48762],[54.413226,24.487881],[54.413494,24.487871],[54.413524,24.4877],[54.413521,24.487621],[54.4135,24.487622],[54.413513,24.487454]]]}},{"type":"Feature","properties":{},"geometry":{"type":"Polygon","coordinates":[[[54.412959,24.487562],[54.41295,24.487613],[54.413004,24.487803],[54.413091,24.487782],[54.4131,24.487731],[54.413046,24.487541],[54.412959,24.487562]]]}},{"type":"Feature","properties":{},"geometry":{"type":"Polygon","coordinates":[[[54.415157,24.487986],[54.415157,24.488384],[54.415309,24.488384],[54.41531,24.488448],[54.415411,24.488447],[54.415402,24.488535],[54.415422,24.488536],[54.415435,24.488313],[54.415352,24.488314],[54.41537,24.488132],[54.415589,24.488132],[54.415619,24.487961],[54.415619,24.487779],[54.415626,24.487993],[54.415693,24.487992],[54.415694,24.488021],[54.415742,24.48802],[54.415745,24.487766],[54.415667,24.487768],[54.415671,24.487682],[54.415613,24.487685],[54.415606,24.487771],[54.415123,24.487771],[54.415092,24.487986],[54.415157,24.487986]]]}},{"type":"Feature","properties":{},"geometry":{"type":"Polygon","coordinates":[[[54.415855,24.487746],[54.415844,24.487841],[54.415876,24.487842],[54.415887,24.487747],[54.415855,24.487746]]]}},{"type":"Feature","properties":{},"geometry":{"type":"Polygon","coordinates":[[[54.416262,24.487931],[54.416254,24.487801],[54.4161,24.487809],[54.416103,24.487769],[54.415997,24.487765],[54.415987,24.487846],[54.416,24.488068],[54.416236,24.488062],[54.416262,24.487931]]]}},{"type":"Feature","properties":{},"geometry":{"type":"Polygon","coordinates":[[[54.413519,24.487893],[54.413513,24.488006],[54.413581,24.488003],[54.413587,24.48789],[54.413519,24.487893]]]}},{"type":"Feature","properties":{},"geometry":{"type":"Polygon","coordinates":[[[54.416591,24.488133],[54.416595,24.487977],[54.416443,24.487975],[54.416431,24.48814],[54.416416,24.48802],[54.416335,24.488024],[54.416326,24.488075],[54.416342,24.488358],[54.416466,24.488352],[54.41647,24.488416],[54.416517,24.488414],[54.416522,24.488295],[54.416505,24.488295],[54.416501,24.488231],[54.416517,24.488285],[54.416571,24.488277],[54.416584,24.488203],[54.416587,24.488379],[54.416641,24.488381],[54.416652,24.488295],[54.416673,24.488296],[54.416682,24.488244],[54.416684,24.488149],[54.416666,24.488149],[54.416665,24.487971],[54.416611,24.487972],[54.416605,24.488148],[54.416591,24.488133]]]}},{"type":"Feature","properties":{},"geometry":{"type":"Polygon","coordinates":[[[54.415687,24.488436],[54.415714,24.488311],[54.41571,24.4882],[54.415648,24.488202],[54.415641,24.488337],[54.415601,24.488338],[54.415593,24.488438],[54.415687,24.488436]]]}},{"type":"Feature","properties":{},"geometry":{"type":"Polygon","coordinates":[[[54.41497,24.488526],[54.414972,24.488235],[54.414839,24.488231],[54.414827,24.488377],[54.414849,24.488378],[54.414847,24.488529],[54.41497,24.488526]]]}},{"type":"Feature","properties":{},"geometry":{"type":"Polygon","coordinates":[[[54.415472,24.488296],[54.415465,24.488385],[54.415559,24.488381],[54.415566,24.488292],[54.415472,24.488296]]]}},{"type":"Feature","properties":{},"geometry":{"type":"Polygon","coordinates":[[[54.416146,24.488352],[54.41614,24.48844],[54.416181,24.488436],[54.416187,24.488349],[54.416146,24.488352]]]}},{"type":"Feature","properties":{},"geometry":{"type":"Polygon","coordinates":[[[54.416517,24.488545],[54.416528,24.48842],[54.416348,24.488417],[54.416349,24.488388],[54.416274,24.488387],[54.416276,24.488277],[54.416236,24.488277],[54.416222,24.48854],[54.416517,24.488545]]]}},{"type":"Feature","properties":{},"geometry":{"type":"Polygon","coordinates":[[[54.416714,24.488459],[54.416725,24.488369],[54.416695,24.488368],[54.416685,24.488435],[54.416652,24.488434],[54.41664,24.488529],[54.416684,24.488531],[54.416695,24.488458],[54.416714,24.488459]]]}},{"type":"Feature","properties":{},"geometry":{"type":"Polygon","coordinates":[[[54.415456,24.488744],[54.415536,24.488742],[54.415543,24.488642],[54.415463,24.488644],[54.415456,24.488744]]]}},{"type":"Feature","properties":{},"geometry":{"type":"Polygon","coordinates":[[[54.411263,24.489252],[54.411216,24.489509],[54.411268,24.489592],[54.411468,24.489481],[54.411445,24.48961],[54.411539,24.489764],[54.411603,24.489739],[54.411667,24.489849],[54.411923,24.489898],[54.41191,24.489975],[54.412075,24.490012],[54.41224,24.489384],[54.412366,24.489386],[54.412447,24.489347],[54.412757,24.489936],[54.41291,24.489857],[54.412923,24.489786],[54.41309,24.489711],[54.413152,24.489572],[54.413215,24.489604],[54.413305,24.489173],[54.413205,24.48914],[54.413443,24.489104],[54.413489,24.488848],[54.413445,24.488556],[54.412861,24.488626],[54.412817,24.488588],[54.412683,24.488658],[54.412656,24.488636],[54.412673,24.488545],[54.412584,24.488431],[54.41265,24.488225],[54.412829,24.488299],[54.412923,24.488357],[54.413058,24.48821],[54.413104,24.487954],[54.412745,24.487759],[54.412516,24.487718],[54.412242,24.487705],[54.412197,24.487962],[54.412218,24.488181],[54.412323,24.48819],[54.412338,24.488161],[54.412415,24.488168],[54.412339,24.488484],[54.412268,24.488496],[54.412106,24.488206],[54.412137,24.4882],[54.412183,24.487944],[54.412157,24.487708],[54.411868,24.487782],[54.411582,24.487957],[54.411414,24.48813],[54.411368,24.488386],[54.411525,24.488497],[54.411742,24.48832],[54.411955,24.488683],[54.411938,24.488729],[54.411214,24.488505],[54.411171,24.4886],[54.411125,24.488857],[54.411172,24.488874],[54.411147,24.488931],[54.411101,24.489188],[54.411152,24.489255],[54.411263,24.489252]]]}},{"type":"Feature","properties":{},"geometry":{"type":"Polygon","coordinates":[[[54.416223,24.488882],[54.416218,24.48904],[54.416248,24.489039],[54.416252,24.488881],[54.416223,24.488882]]]}},{"type":"Feature","properties":{},"geometry":{"type":"Polygon","coordinates":[[[54.415999,24.488841],[54.415997,24.489092],[54.416056,24.489091],[54.416058,24.48884],[54.415999,24.488841]]]}},{"type":"Feature","properties":{},"geometry":{"type":"Polygon","coordinates":[[[54.41562,24.488852],[54.415614,24.489103],[54.415673,24.489102],[54.415679,24.488851],[54.41562,24.488852]]]}},{"type":"Feature","properties":{},"geometry":{"type":"Polygon","coordinates":[[[54.415762,24.489195],[54.415766,24.489172],[54.415768,24.489196],[54.415779,24.489195],[54.415772,24.489301],[54.415823,24.489302],[54.415834,24.489192],[54.415867,24.48919],[54.415873,24.489095],[54.415774,24.489101],[54.41577,24.489123],[54.415769,24.489103],[54.415719,24.489105],[54.415712,24.489198],[54.415762,24.489195]]]}},{"type":"Feature","properties":{},"geometry":{"type":"Polygon","coordinates":[[[54.415386,24.489694],[54.41539,24.489848],[54.416261,24.489826],[54.416292,24.489655],[54.41629,24.489586],[54.416269,24.489586],[54.416267,24.489502],[54.415416,24.489523],[54.415386,24.489694]]]}},{"type":"Feature","properties":{},"geometry":{"type":"Polygon","coordinates":[[[54.412428,24.489949],[54.412423,24.490063],[54.412493,24.490059],[54.412498,24.489945],[54.412428,24.489949]]]}},{"type":"Feature","properties":{},"geometry":{"type":"Polygon","coordinates":[[[54.411052,24.490661],[54.411042,24.490764],[54.411138,24.490765],[54.411148,24.490662],[54.411052,24.490661]]]}},{"type":"Feature","properties":{},"geometry":{"type":"Polygon","coordinates":[[[54.411224,24.490795],[54.411155,24.490795],[54.411139,24.491002],[54.411214,24.491001],[54.411224,24.490795]]]}},{"type":"Feature","properties":{},"geometry":{"type":"Polygon","coordinates":[[[54.412819,24.491276],[54.412864,24.491277],[54.412873,24.491228],[54.412871,24.491389],[54.413349,24.491395],[54.413395,24.491138],[54.413397,24.490975],[54.413382,24.490975],[54.413411,24.490814],[54.413413,24.490645],[54.412924,24.490639],[54.412878,24.490896],[54.412874,24.491187],[54.412829,24.491185],[54.412819,24.491276]]]}},{"type":"Feature","properties":{},"geometry":{"type":"Polygon","coordinates":[[[54.411185,24.491424],[54.411172,24.491553],[54.411209,24.491554],[54.411222,24.491426],[54.411185,24.491424]]]}},{"type":"Feature","properties":{},"geometry":{"type":"Polygon","coordinates":[[[54.412186,24.491699],[54.412108,24.491697],[54.412098,24.491778],[54.412176,24.49178],[54.412186,24.491699]]]}},{"type":"Feature","properties":{},"geometry":{"type":"Polygon","coordinates":[[[54.411318,24.492356],[54.411571,24.492372],[54.411569,24.492431],[54.411697,24.492435],[54.411706,24.492381],[54.411814,24.492388],[54.41186,24.492132],[54.411931,24.491223],[54.411435,24.491191],[54.411389,24.491447],[54.411318,24.492356]]]}},{"type":"Feature","properties":{},"geometry":{"type":"Polygon","coordinates":[[[54.411973,24.492459],[54.411963,24.492608],[54.412145,24.49261],[54.412155,24.492461],[54.411973,24.492459]]]}},{"type":"Feature","properties":{},"geometry":{"type":"Polygon","coordinates":[[[54.41501,24.49686],[54.4149,24.497017],[54.41489,24.497069],[54.414983,24.497122],[54.415093,24.496965],[54.415103,24.496914],[54.41501,24.49686]]]}},{"type":"Feature","properties":{},"geometry":{"type":"Polygon","coordinates":[[[54.412041,24.498045],[54.41181,24.4975],[54.411496,24.497386],[54.411403,24.497422],[54.411357,24.497678],[54.411653,24.498438],[54.411779,24.499168],[54.411897,24.499158],[54.412079,24.498929],[54.412125,24.498673],[54.412029,24.498113],[54.412041,24.498045]]]}},{"type":"Feature","properties":{},"geometry":{"type":"Polygon","coordinates":[[[54.410565,24.499127],[54.410703,24.499274],[54.410947,24.499285],[54.410993,24.499029],[54.410985,24.497515],[54.410798,24.49756],[54.410624,24.497708],[54.410579,24.497965],[54.410565,24.499127]]]}},{"type":"Feature","properties":{},"geometry":{"type":"Polygon","coordinates":[[[54.413379,24.502328],[54.412899,24.502033],[54.412741,24.501881],[54.412655,24.501769],[54.412574,24.501625],[54.412526,24.501486],[54.411982,24.501472],[54.411959,24.501601],[54.411995,24.501801],[54.412115,24.502118],[54.412199,24.502275],[54.412351,24.502482],[54.412606,24.502784],[54.412851,24.502948],[54.41299,24.503101],[54.413075,24.503247],[54.413147,24.503227],[54.413267,24.502937],[54.413379,24.502328]]]}},{"type":"Feature","properties":{},"geometry":{"type":"Polygon","coordinates":[[[54.415501,24.502417],[54.415487,24.502527],[54.415513,24.502529],[54.415526,24.502419],[54.415501,24.502417]]]}},{"type":"Feature","properties":{},"geometry":{"type":"Polygon","coordinates":[[[54.411457,24.502349],[54.411448,24.5024],[54.411661,24.502573],[54.411733,24.5025],[54.411742,24.502449],[54.411529,24.502276],[54.411457,24.502349]]]}},{"type":"Feature","properties":{},"geometry":{"type":"Polygon","coordinates":[[[54.415385,24.502733],[54.415456,24.502733],[54.415468,24.502603],[54.41539,24.502607],[54.415385,24.502733]]]}},{"type":"Feature","properties":{},"geometry":{"type":"Polygon","coordinates":[[[54.411463,24.502535],[54.411451,24.502709],[54.4115,24.50271],[54.411512,24.502535],[54.411463,24.502535]]]}},{"type":"Feature","properties":{},"geometry":{"type":"Polygon","coordinates":[[[54.411694,24.502566],[54.411685,24.502617],[54.411846,24.502856],[54.411948,24.502799],[54.411957,24.502748],[54.411796,24.502509],[54.411694,24.502566]]]}},{"type":"Feature","properties":{},"geometry":{"type":"Polygon","coordinates":[[[54.411356,24.502864],[54.411354,24.502702],[54.411224,24.502679],[54.411155,24.502628],[54.411149,24.502248],[54.410947,24.502245],[54.410902,24.502501],[54.410867,24.503095],[54.41131,24.503121],[54.411356,24.502864]]]}},{"type":"Feature","properties":{},"geometry":{"type":"Polygon","coordinates":[[[54.415618,24.502785],[54.415565,24.502779],[54.415552,24.502858],[54.415605,24.502864],[54.415618,24.502785]]]}},{"type":"Feature","properties":{},"geometry":{"type":"Polygon","coordinates":[[[54.415396,24.502784],[54.415387,24.502836],[54.415393,24.50289],[54.415433,24.502886],[54.415438,24.502952],[54.415496,24.502944],[54.415505,24.502893],[54.415497,24.502843],[54.415462,24.502847],[54.415458,24.502778],[54.415396,24.502784]]]}},{"type":"Feature","properties":{},"geometry":{"type":"Polygon","coordinates":[[[54.415676,24.502908],[54.415802,24.502913],[54.415815,24.502783],[54.415689,24.502779],[54.415676,24.502908]]]}},{"type":"Feature","properties":{},"geometry":{"type":"Polygon","coordinates":[[[54.411573,24.502795],[54.411563,24.502846],[54.41164,24.502998],[54.411724,24.502963],[54.411733,24.502911],[54.411657,24.50276],[54.411573,24.502795]]]}},{"type":"Feature","properties":{},"geometry":{"type":"Polygon","coordinates":[[[54.415635,24.503418],[54.415623,24.503525],[54.415717,24.503528],[54.415728,24.503421],[54.415635,24.503418]]]}},{"type":"Feature","properties":{},"geometry":{"type":"Polygon","coordinates":[[[54.415809,24.503559],[54.415803,24.503693],[54.415846,24.503692],[54.415852,24.503558],[54.415809,24.503559]]]}},{"type":"Feature","properties":{},"geometry":{"type":"Polygon","coordinates":[[[54.415281,24.504615],[54.415396,24.504518],[54.415436,24.504559],[54.415481,24.504523],[54.41549,24.504472],[54.415463,24.504444],[54.415507,24.504192],[54.415436,24.504133],[54.415448,24.50408],[54.415418,24.504044],[54.415415,24.503972],[54.415356,24.503984],[54.415354,24.504066],[54.415311,24.504031],[54.415152,24.504188],[54.415104,24.504462],[54.415281,24.504615]],[[54.415377,24.504085],[54.415361,24.504072],[54.41538,24.504068],[54.415377,24.504085]]]}},{"type":"Feature","properties":{},"geometry":{"type":"Polygon","coordinates":[[[54.41564,24.504033],[54.415568,24.504083],[54.415559,24.504135],[54.415603,24.504185],[54.415674,24.504134],[54.415683,24.504083],[54.41564,24.504033]]]}},{"type":"Feature","properties":{},"geometry":{"type":"Polygon","coordinates":[[[54.415957,24.504357],[54.415988,24.504182],[54.415792,24.50402],[54.415633,24.504178],[54.415602,24.504353],[54.41578,24.504506],[54.415957,24.504357]]]}},{"type":"Feature","properties":{},"geometry":{"type":"Polygon","coordinates":[[[54.414667,24.504163],[54.414613,24.504466],[54.41479,24.504619],[54.414968,24.50447],[54.415022,24.504167],[54.414826,24.504005],[54.414667,24.504163]]]}},{"type":"Feature","properties":{},"geometry":{"type":"Polygon","coordinates":[[[54.414153,24.504371],[54.414085,24.504755],[54.414262,24.504908],[54.414439,24.50476],[54.414508,24.504375],[54.414312,24.504214],[54.414153,24.504371]]]}},{"type":"Feature","properties":{},"geometry":{"type":"Polygon","coordinates":[[[54.415769,24.504869],[54.415806,24.50466],[54.41561,24.504498],[54.415451,24.504656],[54.415414,24.504865],[54.415591,24.505018],[54.415769,24.504869]]]}},{"type":"Feature","properties":{},"geometry":{"type":"Polygon","coordinates":[[[54.414513,24.504826],[54.414464,24.505099],[54.414641,24.505252],[54.414819,24.505103],[54.414868,24.50483],[54.414671,24.504668],[54.414513,24.504826]]]}},{"type":"Feature","properties":{},"geometry":{"type":"Polygon","coordinates":[[[54.415737,24.504966],[54.415728,24.505017],[54.415785,24.505078],[54.415831,24.505042],[54.415841,24.50499],[54.415784,24.50493],[54.415737,24.504966]]]}},{"type":"Feature","properties":{},"geometry":{"type":"Polygon","coordinates":[[[54.415385,24.505226],[54.415428,24.504987],[54.415232,24.504826],[54.415073,24.504983],[54.41503,24.505222],[54.415208,24.505375],[54.415385,24.505226]]]}},{"type":"Feature","properties":{},"geometry":{"type":"Polygon","coordinates":[[[54.410732,24.506708],[54.410747,24.506615],[54.410678,24.506576],[54.410546,24.50654],[54.410371,24.50656],[54.410298,24.506611],[54.410267,24.506832],[54.410305,24.5069],[54.410353,24.50691],[54.410471,24.506973],[54.410743,24.506963],[54.410797,24.506728],[54.410732,24.506708]]]}},{"type":"Feature","properties":{},"geometry":{"type":"Polygon","coordinates":[[[54.411043,24.506943],[54.410977,24.506911],[54.410945,24.506966],[54.410847,24.506938],[54.410793,24.506994],[54.410732,24.507106],[54.410702,24.507277],[54.410696,24.507437],[54.410739,24.507511],[54.410793,24.507519],[54.410873,24.507497],[54.410892,24.507456],[54.41098,24.50736],[54.41103,24.507113],[54.411043,24.506943]]]}},{"type":"Feature","properties":{},"geometry":{"type":"Polygon","coordinates":[[[54.410813,24.508596],[54.4108,24.508748],[54.410951,24.508752],[54.410964,24.508601],[54.410813,24.508596]]]}},{"type":"Feature","properties":{},"geometry":{"type":"Polygon","coordinates":[[[54.410973,24.508605],[54.410961,24.508754],[54.411088,24.508757],[54.4111,24.508608],[54.410973,24.508605]]]}},{"type":"Feature","properties":{},"geometry":{"type":"Polygon","coordinates":[[[54.41158,24.508954],[54.411562,24.509214],[54.411685,24.509218],[54.411703,24.508958],[54.41158,24.508954]]]}},{"type":"Feature","properties":{},"geometry":{"type":"Polygon","coordinates":[[[54.410698,24.509064],[54.410691,24.509212],[54.410753,24.509211],[54.41076,24.509063],[54.410698,24.509064]]]}},{"type":"Feature","properties":{},"geometry":{"type":"Polygon","coordinates":[[[54.411477,24.50934],[54.411487,24.508984],[54.411317,24.50898],[54.411297,24.509094],[54.411302,24.508986],[54.411248,24.508984],[54.411225,24.509361],[54.411278,24.509363],[54.411281,24.509349],[54.411278,24.509437],[54.411062,24.509442],[54.411055,24.509584],[54.411439,24.509574],[54.411477,24.50934]]]}},{"type":"Feature","properties":{},"geometry":{"type":"Polygon","coordinates":[[[54.411123,24.509147],[54.411112,24.509271],[54.411161,24.509271],[54.411171,24.509148],[54.411123,24.509147]]]}},{"type":"Feature","properties":{},"geometry":{"type":"Polygon","coordinates":[[[54.41156,24.509263],[54.411546,24.509531],[54.411664,24.509533],[54.411678,24.509265],[54.41156,24.509263]]]}},{"type":"Feature","properties":{},"geometry":{"type":"Polygon","coordinates":[[[54.410723,24.509449],[54.410718,24.509595],[54.411043,24.509585],[54.411049,24.50944],[54.410723,24.509449]]]}},{"type":"Feature","properties":{},"geometry":{"type":"Polygon","coordinates":[[[54.411256,24.509681],[54.411247,24.509732],[54.411324,24.509889],[54.411422,24.509849],[54.411432,24.509798],[54.411355,24.509641],[54.411256,24.509681]]]}},{"type":"Feature","properties":{},"geometry":{"type":"Polygon","coordinates":[[[54.410637,24.510739],[54.410584,24.510715],[54.410549,24.510815],[54.410602,24.510838],[54.410637,24.510739]]]}},{"type":"Feature","properties":{},"geometry":{"type":"Polygon","coordinates":[[[54.418939,24.480052],[54.418873,24.480042],[54.418858,24.480129],[54.418923,24.480139],[54.418939,24.480052]]]}},{"type":"Feature","properties":{},"geometry":{"type":"Polygon","coordinates":[[[54.418944,24.48007],[54.418933,24.480182],[54.41897,24.480183],[54.418981,24.480071],[54.418944,24.48007]]]}},{"type":"Feature","properties":{},"geometry":{"type":"Polygon","coordinates":[[[54.42066,24.480236],[54.420569,24.480232],[54.420553,24.480415],[54.420644,24.480419],[54.420651,24.48038],[54.420648,24.48043],[54.420892,24.480439],[54.420903,24.480342],[54.420695,24.480334],[54.420696,24.480302],[54.420661,24.480301],[54.420655,24.480338],[54.42066,24.480236]]]}},{"type":"Feature","properties":{},"geometry":{"type":"Polygon","coordinates":[[[54.419929,24.480822],[54.419914,24.480928],[54.419978,24.480934],[54.419993,24.480828],[54.419929,24.480822]]]}},{"type":"Feature","properties":{},"geometry":{"type":"Polygon","coordinates":[[[54.418724,24.481876],[54.41873,24.481743],[54.418675,24.481744],[54.418674,24.481724],[54.41887,24.481746],[54.418898,24.481561],[54.418579,24.481524],[54.418534,24.481742],[54.41854,24.481882],[54.418724,24.481876]]]}},{"type":"Feature","properties":{},"geometry":{"type":"Polygon","coordinates":[[[54.418982,24.481589],[54.418951,24.481793],[54.419291,24.481835],[54.419322,24.48163],[54.418982,24.481589]]]}},{"type":"Feature","properties":{},"geometry":{"type":"Polygon","coordinates":[[[54.419421,24.481631],[54.419392,24.481819],[54.419719,24.481858],[54.419748,24.48167],[54.419421,24.481631]]]}},{"type":"Feature","properties":{},"geometry":{"type":"Polygon","coordinates":[[[54.42007,24.481706],[54.420054,24.48182],[54.420116,24.481825],[54.420125,24.481774],[54.420122,24.48182],[54.420191,24.481823],[54.420202,24.48172],[54.420134,24.481718],[54.420126,24.481765],[54.420131,24.481711],[54.42007,24.481706]]]}},{"type":"Feature","properties":{},"geometry":{"type":"Polygon","coordinates":[[[54.418826,24.48177],[54.418804,24.481901],[54.418846,24.481907],[54.418868,24.481775],[54.418826,24.48177]]]}},{"type":"Feature","properties":{},"geometry":{"type":"Polygon","coordinates":[[[54.420977,24.482186],[54.421006,24.482013],[54.421023,24.482014],[54.421032,24.481962],[54.42104,24.48183],[54.420715,24.481813],[54.420668,24.482145],[54.420977,24.482186]]]}},{"type":"Feature","properties":{},"geometry":{"type":"Polygon","coordinates":[[[54.420283,24.481748],[54.420229,24.482082],[54.420352,24.482096],[54.420344,24.48214],[54.420435,24.482161],[54.420449,24.482108],[54.420567,24.482122],[54.420621,24.481788],[54.420283,24.481748]]]}},{"type":"Feature","properties":{},"geometry":{"type":"Polygon","coordinates":[[[54.418529,24.481901],[54.418521,24.481974],[54.418565,24.481972],[54.418573,24.481898],[54.418529,24.481901]]]}},{"type":"Feature","properties":{},"geometry":{"type":"Polygon","coordinates":[[[54.419639,24.482235],[54.419655,24.482237],[54.419654,24.482291],[54.419705,24.482289],[54.419727,24.482169],[54.41974,24.482168],[54.419714,24.482291],[54.419828,24.482312],[54.419845,24.482224],[54.419794,24.482214],[54.4198,24.482167],[54.419828,24.482167],[54.419835,24.482043],[54.419902,24.48205],[54.419776,24.482859],[54.4197,24.48285],[54.419651,24.483186],[54.419975,24.483214],[54.420017,24.482911],[54.420094,24.482921],[54.420104,24.482864],[54.420122,24.482865],[54.420152,24.482694],[54.420228,24.482064],[54.420149,24.482054],[54.420171,24.481889],[54.419851,24.481856],[54.419828,24.48202],[54.419674,24.482022],[54.419639,24.482235]]]}},{"type":"Feature","properties":{},"geometry":{"type":"Polygon","coordinates":[[[54.419162,24.482802],[54.419242,24.482812],[54.419219,24.482979],[54.419541,24.483013],[54.419568,24.482829],[54.419489,24.482821],[54.41954,24.482472],[54.419527,24.482618],[54.419589,24.482623],[54.419598,24.482572],[54.419637,24.482182],[54.419583,24.482177],[54.419618,24.481986],[54.419294,24.481947],[54.419199,24.482464],[54.419162,24.482802]]]}},{"type":"Feature","properties":{},"geometry":{"type":"Polygon","coordinates":[[[54.418801,24.481985],[54.418776,24.482106],[54.418812,24.482113],[54.418837,24.481991],[54.418801,24.481985]]]}},{"type":"Feature","properties":{},"geometry":{"type":"Polygon","coordinates":[[[54.418884,24.482029],[54.418864,24.482159],[54.419187,24.482195],[54.419207,24.482064],[54.418884,24.482029]]]}},{"type":"Feature","properties":{},"geometry":{"type":"Polygon","coordinates":[[[54.418494,24.482084],[54.418466,24.482262],[54.418788,24.482303],[54.418817,24.482124],[54.418494,24.482084]]]}},{"type":"Feature","properties":{},"geometry":{"type":"Polygon","coordinates":[[[54.420552,24.48253],[54.420588,24.482262],[54.42027,24.482219],[54.42023,24.482491],[54.420552,24.48253]]]}},{"type":"Feature","properties":{},"geometry":{"type":"Polygon","coordinates":[[[54.420917,24.482577],[54.420967,24.48224],[54.420657,24.482212],[54.420607,24.482538],[54.420917,24.482577]]]}},{"type":"Feature","properties":{},"geometry":{"type":"Polygon","coordinates":[[[54.418784,24.482322],[54.41846,24.482285],[54.418408,24.482632],[54.418734,24.482665],[54.418784,24.482322]]]}},{"type":"Feature","properties":{},"geometry":{"type":"Polygon","coordinates":[[[54.419163,24.482372],[54.418842,24.482331],[54.418795,24.482606],[54.419118,24.482647],[54.419163,24.482372]]]}},{"type":"Feature","properties":{},"geometry":{"type":"Polygon","coordinates":[[[54.420505,24.482822],[54.420545,24.482545],[54.420223,24.482516],[54.420176,24.482789],[54.420505,24.482822]]]}},{"type":"Feature","properties":{},"geometry":{"type":"Polygon","coordinates":[[[54.420916,24.482582],[54.420606,24.482548],[54.420552,24.482906],[54.420862,24.482941],[54.420916,24.482582]]]}},{"type":"Feature","properties":{},"geometry":{"type":"Polygon","coordinates":[[[54.418957,24.482661],[54.41892,24.482798],[54.419017,24.482825],[54.419055,24.482687],[54.418957,24.482661]]]}},{"type":"Feature","properties":{},"geometry":{"type":"Polygon","coordinates":[[[54.418677,24.483046],[54.418722,24.482713],[54.418396,24.482685],[54.418351,24.483034],[54.418677,24.483046]]]}},{"type":"Feature","properties":{},"geometry":{"type":"Polygon","coordinates":[[[54.4203,24.48283],[54.420256,24.482972],[54.420345,24.483],[54.420388,24.482858],[54.4203,24.48283]]]}},{"type":"Feature","properties":{},"geometry":{"type":"Polygon","coordinates":[[[54.418763,24.482813],[54.418747,24.482974],[54.418836,24.482978],[54.418851,24.482817],[54.418763,24.482813]]]}},{"type":"Feature","properties":{},"geometry":{"type":"Polygon","coordinates":[[[54.418848,24.483046],[54.41918,24.483076],[54.419205,24.482882],[54.418873,24.482852],[54.418848,24.483046]]]}},{"type":"Feature","properties":{},"geometry":{"type":"Polygon","coordinates":[[[54.420852,24.483007],[54.420544,24.48297],[54.420498,24.483302],[54.420817,24.483329],[54.420852,24.483007]]]}},{"type":"Feature","properties":{},"geometry":{"type":"Polygon","coordinates":[[[54.420432,24.483032],[54.420094,24.483],[54.420045,24.483333],[54.420384,24.483364],[54.420432,24.483032]]]}},{"type":"Feature","properties":{},"geometry":{"type":"Polygon","coordinates":[[[54.417238,24.487724],[54.41723,24.487821],[54.417315,24.48782],[54.417324,24.487723],[54.417238,24.487724]]]}},{"type":"Feature","properties":{},"geometry":{"type":"Polygon","coordinates":[[[54.416696,24.488356],[54.416739,24.488356],[54.416746,24.488148],[54.416701,24.488149],[54.416696,24.488356]]]}},{"type":"Feature","properties":{},"geometry":{"type":"Polygon","coordinates":[[[54.419482,24.489262],[54.419475,24.489354],[54.419533,24.489352],[54.41954,24.489259],[54.419482,24.489262]]]}},{"type":"Feature","properties":{},"geometry":{"type":"Polygon","coordinates":[[[54.41933,24.489268],[54.419322,24.489358],[54.419424,24.489355],[54.419432,24.489265],[54.41933,24.489268]]]}},{"type":"Feature","properties":{},"geometry":{"type":"Polygon","coordinates":[[[54.419591,24.489266],[54.419582,24.489371],[54.419686,24.48937],[54.419694,24.489265],[54.419591,24.489266]]]}},{"type":"Feature","properties":{},"geometry":{"type":"Polygon","coordinates":[[[54.418987,24.489305],[54.418984,24.48948],[54.419074,24.489477],[54.419077,24.489301],[54.418987,24.489305]]]}},{"type":"Feature","properties":{},"geometry":{"type":"Polygon","coordinates":[[[54.419557,24.489378],[54.419544,24.489532],[54.419649,24.489535],[54.419661,24.489381],[54.419557,24.489378]]]}},{"type":"Feature","properties":{},"geometry":{"type":"Polygon","coordinates":[[[54.419157,24.48954],[54.419157,24.489663],[54.419183,24.48966],[54.419183,24.489537],[54.419157,24.48954]]]}},{"type":"Feature","properties":{},"geometry":{"type":"Polygon","coordinates":[[[54.419563,24.489776],[54.419555,24.489873],[54.419675,24.48987],[54.419684,24.489774],[54.419563,24.489776]]]}},{"type":"Feature","properties":{},"geometry":{"type":"Polygon","coordinates":[[[54.419653,24.490344],[54.419659,24.490172],[54.419611,24.490173],[54.419603,24.490253],[54.419571,24.490258],[54.419569,24.490349],[54.419653,24.490344]]]}},{"type":"Feature","properties":{},"geometry":{"type":"Polygon","coordinates":[[[54.419378,24.490356],[54.419429,24.490354],[54.419432,24.490181],[54.419381,24.490183],[54.419378,24.490356]]]}},{"type":"Feature","properties":{},"geometry":{"type":"Polygon","coordinates":[[[54.419239,24.490277],[54.419231,24.490362],[54.419306,24.49036],[54.419314,24.490275],[54.419239,24.490277]]]}},{"type":"Feature","properties":{},"geometry":{"type":"Polygon","coordinates":[[[54.416856,24.501974],[54.416865,24.501923],[54.41685,24.501875],[54.416805,24.501887],[54.416796,24.501938],[54.416811,24.501986],[54.416856,24.501974]]]}},{"type":"Feature","properties":{},"geometry":{"type":"Polygon","coordinates":[[[54.417134,24.50192],[54.417059,24.501949],[54.417028,24.50212],[54.417223,24.50226],[54.41744,24.502056],[54.41747,24.501885],[54.41724,24.501685],[54.417163,24.501757],[54.417134,24.50192]]]}},{"type":"Feature","properties":{},"geometry":{"type":"Polygon","coordinates":[[[54.416682,24.501917],[54.416674,24.502017],[54.416749,24.502016],[54.416757,24.501916],[54.416682,24.501917]]]}},{"type":"Feature","properties":{},"geometry":{"type":"Polygon","coordinates":[[[54.416572,24.501928],[54.416564,24.502026],[54.416661,24.502023],[54.416668,24.501925],[54.416572,24.501928]]]}},{"type":"Feature","properties":{},"geometry":{"type":"Polygon","coordinates":[[[54.41761,24.502411],[54.417619,24.50236],[54.41759,24.502323],[54.417548,24.502351],[54.417539,24.502402],[54.417568,24.502439],[54.41761,24.502411]]]}},{"type":"Feature","properties":{},"geometry":{"type":"Polygon","coordinates":[[[54.418165,24.50243],[54.418208,24.502523],[54.41841,24.502444],[54.41842,24.502393],[54.418376,24.5023],[54.418174,24.502378],[54.418165,24.50243]]]}},{"type":"Feature","properties":{},"geometry":{"type":"Polygon","coordinates":[[[54.417852,24.502529],[54.417899,24.502566],[54.417923,24.50254],[54.417932,24.502489],[54.417885,24.502453],[54.417861,24.502478],[54.417852,24.502529]]]}},{"type":"Feature","properties":{},"geometry":{"type":"Polygon","coordinates":[[[54.417421,24.502442],[54.417412,24.502608],[54.417491,24.502613],[54.417504,24.502442],[54.417421,24.502442]]]}},{"type":"Feature","properties":{},"geometry":{"type":"Polygon","coordinates":[[[54.417057,24.502721],[54.417052,24.502746],[54.417054,24.502707],[54.416972,24.502704],[54.416987,24.502703],[54.416995,24.502628],[54.416892,24.50263],[54.416883,24.502681],[54.416883,24.502705],[54.416944,24.502704],[54.416933,24.502814],[54.417042,24.502818],[54.417048,24.502784],[54.417051,24.502845],[54.417293,24.502836],[54.417299,24.502712],[54.417057,24.502721]]]}},{"type":"Feature","properties":{},"geometry":{"type":"Polygon","coordinates":[[[54.417344,24.502715],[54.41734,24.502827],[54.417399,24.502822],[54.417402,24.50271],[54.417344,24.502715]]]}},{"type":"Feature","properties":{},"geometry":{"type":"Polygon","coordinates":[[[54.417374,24.50306],[54.417267,24.503056],[54.417256,24.50315],[54.417363,24.503153],[54.417374,24.50306]]]}},{"type":"Feature","properties":{},"geometry":{"type":"Polygon","coordinates":[[[54.417465,24.503137],[54.417452,24.503278],[54.417514,24.50328],[54.417526,24.503139],[54.417465,24.503137]]]}},{"type":"Feature","properties":{},"geometry":{"type":"Polygon","coordinates":[[[54.417547,24.503281],[54.417596,24.50328],[54.417604,24.503168],[54.417556,24.503169],[54.417547,24.503281]]]}},{"type":"Feature","properties":{},"geometry":{"type":"Polygon","coordinates":[[[54.417647,24.503837],[54.417681,24.503838],[54.417698,24.50357],[54.417664,24.503569],[54.417647,24.503837]]]}}]}