{"type":"FeatureCollection","features":[{"type":"Feature","properties":{},"geometry":{"type":"Polygon","coordinates":[[[54.378754,24.480132],[54.378876,24.48019],[54.379046,24.480035],[54.378907,24.479909],[54.378693,24.479808],[54.378523,24.479963],[54.378615,24.480046],[54.378493,24.479989],[54.378309,24.480157],[54.37845,24.480285],[54.378665,24.480387],[54.378849,24.480219],[54.378754,24.480132]]]}},{"type":"Feature","properties":{},"geometry":{"type":"Polygon","coordinates":[[[54.37808,24.48035],[54.377897,24.48052],[54.378003,24.480613],[54.37789,24.48056],[54.377721,24.480713],[54.377841,24.480823],[54.378056,24.480924],[54.378225,24.480771],[54.378137,24.480691],[54.378252,24.480745],[54.378434,24.480575],[54.378295,24.480451],[54.37808,24.48035]]]}},{"type":"Feature","properties":{},"geometry":{"type":"Polygon","coordinates":[[[54.378863,24.481163],[54.379052,24.481293],[54.379167,24.481347],[54.379258,24.481237],[54.379069,24.481107],[54.378954,24.481053],[54.378863,24.481163]]]}},{"type":"Feature","properties":{},"geometry":{"type":"Polygon","coordinates":[[[54.379381,24.481577],[54.379183,24.481467],[54.379154,24.481502],[54.378967,24.481378],[54.379019,24.481315],[54.378821,24.481205],[54.378597,24.481479],[54.378794,24.481589],[54.378839,24.481535],[54.379028,24.481656],[54.378958,24.481741],[54.379156,24.481851],[54.379381,24.481577]]]}},{"type":"Feature","properties":{},"geometry":{"type":"Polygon","coordinates":[[[54.37893,24.481766],[54.378772,24.481959],[54.378565,24.481861],[54.378764,24.481619],[54.378567,24.481508],[54.378342,24.481782],[54.378443,24.481847],[54.37834,24.481973],[54.378601,24.48215],[54.378984,24.482331],[54.379113,24.482174],[54.378966,24.482074],[54.379128,24.481876],[54.37893,24.481766]]]}},{"type":"Feature","properties":{},"geometry":{"type":"Polygon","coordinates":[[[54.378763,24.482361],[54.3788,24.482316],[54.378455,24.482082],[54.37834,24.482028],[54.378235,24.482156],[54.378457,24.482306],[54.378572,24.48236],[54.378628,24.482292],[54.378763,24.482361]]]}},{"type":"Feature","properties":{},"geometry":{"type":"Polygon","coordinates":[[[54.378826,24.482804],[54.378555,24.482619],[54.37798,24.482348],[54.377608,24.482798],[54.377879,24.482984],[54.378454,24.483255],[54.378826,24.482804]]]}},{"type":"Feature","properties":{},"geometry":{"type":"Polygon","coordinates":[[[54.378562,24.483217],[54.378838,24.483412],[54.378953,24.483466],[54.379045,24.483359],[54.378769,24.483164],[54.378654,24.483109],[54.378562,24.483217]]]}},{"type":"Feature","properties":{},"geometry":{"type":"Polygon","coordinates":[[[54.379067,24.483488],[54.379038,24.483604],[54.379153,24.483658],[54.379266,24.483681],[54.379295,24.483565],[54.37918,24.483511],[54.379067,24.483488]]]}},{"type":"Feature","properties":{},"geometry":{"type":"Polygon","coordinates":[[[54.379486,24.483668],[54.379371,24.483614],[54.379284,24.483697],[54.379349,24.483753],[54.379464,24.483807],[54.379551,24.483724],[54.379486,24.483668]]]}},{"type":"Feature","properties":{},"geometry":{"type":"Polygon","coordinates":[[[54.37834,24.48345],[54.378298,24.483505],[54.378225,24.48347],[54.378086,24.483642],[54.378109,24.483859],[54.378423,24.48407],[54.378648,24.484177],[54.37867,24.4842],[54.379297,24.484496],[54.379341,24.484498],[54.379359,24.484481],[54.379403,24.484502],[54.379375,24.484536],[54.379486,24.484611],[54.379601,24.484665],[54.379681,24.484568],[54.37949,24.484455],[54.379721,24.484182],[54.379675,24.484157],[54.379663,24.484063],[54.379348,24.483903],[54.379407,24.483797],[54.379252,24.483725],[54.379194,24.48383],[54.379023,24.48375],[54.378915,24.483721],[54.37834,24.48345]]]}},{"type":"Feature","properties":{},"geometry":{"type":"Polygon","coordinates":[[[54.379316,24.485304],[54.379308,24.485314],[54.379483,24.485436],[54.379553,24.48547],[54.37976,24.485615],[54.379747,24.485631],[54.380137,24.485913],[54.380251,24.485967],[54.380389,24.48606],[54.380761,24.486336],[54.380883,24.486394],[54.381,24.486263],[54.38049,24.485908],[54.380368,24.485851],[54.380377,24.485841],[54.380254,24.48575],[54.380268,24.485735],[54.380079,24.485598],[54.37987,24.485451],[54.379768,24.485403],[54.379594,24.48528],[54.379497,24.485234],[54.379511,24.485218],[54.379299,24.485072],[54.379308,24.485061],[54.379117,24.484923],[54.37886,24.484767],[54.378272,24.484333],[54.378049,24.484181],[54.377927,24.484123],[54.377814,24.484257],[54.379316,24.485304]]]}},{"type":"Feature","properties":{},"geometry":{"type":"Polygon","coordinates":[[[54.379112,24.484557],[54.379393,24.48475],[54.379508,24.484805],[54.379584,24.484712],[54.379303,24.484519],[54.379188,24.484464],[54.379112,24.484557]]]}},{"type":"Feature","properties":{},"geometry":{"type":"Polygon","coordinates":[[[54.379385,24.486298],[54.379211,24.486209],[54.379184,24.486248],[54.379359,24.486336],[54.379385,24.486298]]]}},{"type":"Feature","properties":{},"geometry":{"type":"Polygon","coordinates":[[[54.377906,24.486755],[54.378181,24.486933],[54.37855,24.487107],[54.378428,24.487246],[54.378058,24.487089],[54.378018,24.487134],[54.377951,24.487102],[54.377957,24.487095],[54.377872,24.487033],[54.377627,24.486917],[54.377437,24.487134],[54.377523,24.487197],[54.377703,24.487282],[54.377662,24.487329],[54.377718,24.487369],[54.37767,24.487423],[54.377911,24.487584],[54.377857,24.487645],[54.378003,24.487751],[54.377522,24.488299],[54.377301,24.488195],[54.377244,24.488263],[54.378043,24.488819],[54.378123,24.488857],[54.378117,24.488864],[54.378318,24.489006],[54.378433,24.489061],[54.378481,24.489004],[54.378445,24.488979],[54.378484,24.488933],[54.378076,24.488649],[54.378135,24.488676],[54.379005,24.487683],[54.379207,24.48783],[54.379452,24.487945],[54.379575,24.487805],[54.379545,24.487783],[54.379718,24.487586],[54.379332,24.487305],[54.379133,24.487209],[54.379235,24.487091],[54.379036,24.486947],[54.378978,24.486919],[54.379105,24.486757],[54.379174,24.48679],[54.379395,24.486508],[54.379355,24.486482],[54.37941,24.486411],[54.379112,24.486218],[54.378537,24.485947],[54.377906,24.486755]]]}},{"type":"Feature","properties":{},"geometry":{"type":"Polygon","coordinates":[[[54.379116,24.487885],[54.379217,24.487962],[54.379332,24.488016],[54.379369,24.487976],[54.379268,24.487899],[54.379153,24.487845],[54.379116,24.487885]]]}},{"type":"Feature","properties":{},"geometry":{"type":"Polygon","coordinates":[[[54.379566,24.488244],[54.379345,24.488098],[54.378962,24.487917],[54.378836,24.488075],[54.379057,24.488221],[54.37944,24.488402],[54.379566,24.488244]]]}},{"type":"Feature","properties":{},"geometry":{"type":"Polygon","coordinates":[[[54.37922,24.489766],[54.379075,24.48969],[54.379025,24.489745],[54.37917,24.489822],[54.37922,24.489766]]]}},{"type":"Feature","properties":{},"geometry":{"type":"Polygon","coordinates":[[[54.378899,24.489859],[54.379045,24.489935],[54.379085,24.489889],[54.378939,24.489813],[54.378899,24.489859]]]}},{"type":"Feature","properties":{},"geometry":{"type":"Polygon","coordinates":[[[54.379727,24.490601],[54.379806,24.490643],[54.379787,24.490665],[54.380071,24.490861],[54.380393,24.491013],[54.38035,24.491064],[54.380603,24.491229],[54.380589,24.491245],[54.38142,24.491834],[54.381747,24.491988],[54.381723,24.492019],[54.382441,24.492501],[54.382633,24.492591],[54.382616,24.492611],[54.382737,24.492698],[54.383074,24.492857],[54.383234,24.492673],[54.383113,24.492586],[54.382775,24.492427],[54.382734,24.492475],[54.382583,24.49238],[54.382402,24.49225],[54.382431,24.492215],[54.382171,24.492041],[54.381908,24.491916],[54.381928,24.491893],[54.381098,24.491304],[54.380922,24.491221],[54.380726,24.491076],[54.380526,24.490982],[54.380582,24.490915],[54.380298,24.490719],[54.380117,24.490633],[54.380126,24.490623],[54.379929,24.490485],[54.379853,24.490449],[54.379709,24.490347],[54.379065,24.490043],[54.378904,24.490239],[54.379049,24.490338],[54.379693,24.490642],[54.379727,24.490601]]]}},{"type":"Feature","properties":{},"geometry":{"type":"Polygon","coordinates":[[[54.379183,24.490823],[54.379026,24.491007],[54.379154,24.491096],[54.379008,24.491028],[54.378977,24.491063],[54.378416,24.490798],[54.378267,24.490974],[54.378407,24.491073],[54.378806,24.491262],[54.378768,24.491307],[54.378201,24.491039],[54.378055,24.49121],[54.37819,24.491305],[54.378834,24.491609],[54.37889,24.491542],[54.379106,24.491644],[54.379071,24.491684],[54.379215,24.491788],[54.379583,24.491962],[54.379741,24.49178],[54.379616,24.491691],[54.379668,24.491631],[54.379842,24.491743],[54.379833,24.491753],[54.379901,24.491802],[54.380015,24.491857],[54.380035,24.491834],[54.38026,24.491948],[54.380221,24.491993],[54.380158,24.491963],[54.380136,24.491988],[54.380304,24.492112],[54.380375,24.492145],[54.380195,24.492361],[54.379738,24.492028],[54.379615,24.49197],[54.37952,24.492079],[54.380029,24.492449],[54.380151,24.492506],[54.38024,24.492406],[54.380634,24.492679],[54.381043,24.492872],[54.380955,24.492971],[54.381058,24.493046],[54.381334,24.493177],[54.38141,24.493091],[54.381429,24.493101],[54.38162,24.493243],[54.381683,24.493273],[54.381564,24.493408],[54.381683,24.493495],[54.381776,24.493539],[54.381766,24.493552],[54.381986,24.493695],[54.382323,24.493854],[54.382414,24.493739],[54.382195,24.493595],[54.382016,24.493511],[54.382091,24.493427],[54.381987,24.493351],[54.382139,24.493422],[54.382284,24.493259],[54.382174,24.493178],[54.381898,24.493048],[54.381814,24.493142],[54.381539,24.492955],[54.381668,24.492809],[54.381526,24.49271],[54.381655,24.492565],[54.382013,24.492804],[54.382167,24.492877],[54.382175,24.492883],[54.382059,24.492828],[54.381905,24.492997],[54.382043,24.493101],[54.38238,24.49326],[54.382534,24.493091],[54.382425,24.493009],[54.382481,24.493036],[54.382492,24.493023],[54.382871,24.49321],[54.382979,24.493076],[54.382763,24.492932],[54.38263,24.492869],[54.382521,24.492779],[54.382245,24.492648],[54.382232,24.492664],[54.382055,24.492544],[54.381972,24.492505],[54.382022,24.492445],[54.381901,24.492362],[54.381594,24.492217],[54.381479,24.492357],[54.38132,24.492247],[54.381148,24.492166],[54.381244,24.492052],[54.381115,24.491962],[54.381126,24.491904],[54.381093,24.491889],[54.381107,24.491828],[54.38097,24.491717],[54.380477,24.491485],[54.380516,24.49144],[54.380378,24.49134],[54.380076,24.491198],[54.380123,24.491144],[54.380006,24.491058],[54.379786,24.490955],[54.379854,24.490877],[54.379706,24.49077],[54.378811,24.490359],[54.378656,24.490542],[54.378789,24.490635],[54.379183,24.490823]],[[54.381282,24.492878],[54.381272,24.492874],[54.381287,24.492855],[54.381298,24.49286],[54.381282,24.492878]],[[54.379286,24.49153],[54.379294,24.491521],[54.379346,24.491558],[54.379286,24.49153]],[[54.379259,24.491419],[54.379409,24.491249],[54.379284,24.491158],[54.37943,24.491227],[54.379565,24.491068],[54.379595,24.491082],[54.37958,24.491099],[54.37968,24.491172],[54.379567,24.491119],[54.379417,24.49129],[54.379534,24.491376],[54.379768,24.491486],[54.379748,24.491508],[54.379642,24.491433],[54.379397,24.491317],[54.379277,24.491457],[54.379201,24.491404],[54.379016,24.491316],[54.379024,24.491308],[54.379259,24.491419]],[[54.380008,24.491476],[54.380111,24.491524],[54.380103,24.491563],[54.379829,24.491434],[54.379877,24.49138],[54.380008,24.491476]],[[54.379829,24.491247],[54.379938,24.491298],[54.379923,24.491315],[54.379829,24.491247]],[[54.38161,24.492518],[54.381585,24.4925],[54.381588,24.492496],[54.381617,24.492509],[54.38161,24.492518]]]}},{"type":"Feature","properties":{},"geometry":{"type":"Polygon","coordinates":[[[54.379121,24.490825],[54.378964,24.490721],[54.378627,24.490562],[54.378467,24.490759],[54.378624,24.490864],[54.378961,24.491023],[54.379121,24.490825]]]}},{"type":"Feature","properties":{},"geometry":{"type":"Polygon","coordinates":[[[54.378872,24.491719],[54.378534,24.49156],[54.378491,24.491614],[54.377954,24.49136],[54.37777,24.491574],[54.378008,24.491743],[54.378652,24.492047],[54.37876,24.491921],[54.378914,24.492028],[54.379159,24.492144],[54.379246,24.492041],[54.379095,24.491935],[54.37913,24.491892],[54.378872,24.491719]]]}},{"type":"Feature","properties":{},"geometry":{"type":"Polygon","coordinates":[[[54.377756,24.492644],[54.378007,24.492829],[54.378374,24.493003],[54.378489,24.492874],[54.378239,24.492689],[54.377871,24.492515],[54.377756,24.492644]]]}},{"type":"Feature","properties":{},"geometry":{"type":"Polygon","coordinates":[[[54.378204,24.493644],[54.378353,24.493728],[54.378333,24.493829],[54.378394,24.493858],[54.378647,24.493895],[54.37869,24.493655],[54.378629,24.493626],[54.378489,24.493601],[54.378568,24.493511],[54.379123,24.493773],[54.379146,24.493747],[54.379541,24.494028],[54.380136,24.494309],[54.380128,24.494318],[54.3798,24.494163],[54.379664,24.494319],[54.378863,24.493933],[54.378687,24.494138],[54.37891,24.494295],[54.379712,24.494683],[54.379653,24.494751],[54.379864,24.494903],[54.379941,24.49494],[54.379905,24.494978],[54.38017,24.495162],[54.380436,24.495288],[54.380366,24.495369],[54.379932,24.495164],[54.379969,24.49512],[54.379631,24.494866],[54.379544,24.494825],[54.379623,24.494733],[54.37942,24.49459],[54.379006,24.494394],[54.37897,24.494371],[54.378985,24.494354],[54.378772,24.494205],[54.378006,24.493843],[54.377803,24.494084],[54.378016,24.494232],[54.378738,24.494573],[54.378645,24.494681],[54.378649,24.494684],[54.378036,24.494394],[54.377925,24.494521],[54.378118,24.49466],[54.378176,24.494688],[54.37817,24.494696],[54.378362,24.494835],[54.378621,24.494958],[54.378544,24.495048],[54.378687,24.49515],[54.3793,24.49544],[54.379339,24.495395],[54.379468,24.495456],[54.379395,24.495548],[54.379542,24.495645],[54.379975,24.495849],[54.379963,24.495864],[54.379369,24.495584],[54.379234,24.495743],[54.379374,24.495842],[54.379839,24.496061],[54.379957,24.496141],[54.380622,24.496456],[54.380771,24.496555],[54.380879,24.496606],[54.380871,24.496616],[54.381073,24.496754],[54.38184,24.497116],[54.382004,24.496916],[54.381801,24.496778],[54.381691,24.496726],[54.381697,24.496718],[54.381526,24.496604],[54.382066,24.496858],[54.382147,24.496758],[54.382977,24.497328],[54.383217,24.497441],[54.383266,24.497382],[54.383318,24.497407],[54.383362,24.497354],[54.383316,24.497322],[54.383798,24.49675],[54.383826,24.496834],[54.38377,24.496848],[54.383828,24.496962],[54.384531,24.497296],[54.384606,24.497201],[54.384535,24.497155],[54.384547,24.497148],[54.384532,24.497129],[54.384678,24.497038],[54.384633,24.496938],[54.384611,24.496829],[54.384643,24.49674],[54.384815,24.496542],[54.384709,24.496473],[54.384481,24.496365],[54.384549,24.496352],[54.384536,24.4963],[54.384421,24.496245],[54.38435,24.496259],[54.384361,24.496309],[54.384224,24.496244],[54.384445,24.495982],[54.384462,24.49599],[54.384523,24.49592],[54.384505,24.495908],[54.384849,24.495518],[54.384828,24.495504],[54.384813,24.495334],[54.38469,24.495249],[54.384451,24.495136],[54.384011,24.49497],[54.383796,24.494869],[54.383726,24.494872],[54.383484,24.494781],[54.382853,24.495513],[54.382873,24.495526],[54.382851,24.495551],[54.382867,24.495577],[54.382842,24.49561],[54.382787,24.4956],[54.382731,24.495662],[54.382762,24.495696],[54.382735,24.495725],[54.382707,24.495718],[54.38269,24.495738],[54.382669,24.495728],[54.382451,24.49599],[54.38236,24.495946],[54.382381,24.49592],[54.382166,24.495777],[54.381886,24.495645],[54.381759,24.49555],[54.381689,24.495517],[54.381756,24.495438],[54.381552,24.495296],[54.380594,24.494844],[54.380536,24.494912],[54.380072,24.494693],[54.38011,24.494643],[54.3802,24.494686],[54.380359,24.494503],[54.380454,24.494551],[54.380678,24.494713],[54.381588,24.495143],[54.381705,24.49501],[54.381471,24.494841],[54.381253,24.494738],[54.381,24.494557],[54.380502,24.494322],[54.380574,24.494241],[54.380353,24.49409],[54.38028,24.494055],[54.38029,24.494044],[54.380068,24.49389],[54.379995,24.493855],[54.380005,24.493844],[54.379785,24.493689],[54.3797,24.493649],[54.379711,24.493636],[54.379503,24.493486],[54.378641,24.493079],[54.378569,24.493161],[54.378141,24.492959],[54.377956,24.493166],[54.378165,24.493321],[54.378379,24.493422],[54.378285,24.493529],[54.37838,24.49359],[54.37837,24.49364],[54.378254,24.493585],[54.378204,24.493644]],[[54.378857,24.494832],[54.37923,24.495008],[54.379348,24.495091],[54.379661,24.495239],[54.379639,24.495265],[54.37952,24.495184],[54.379182,24.495024],[54.379148,24.495066],[54.379062,24.495025],[54.379086,24.494998],[54.378893,24.494859],[54.378834,24.494831],[54.378841,24.494823],[54.378649,24.494684],[54.378857,24.494832]],[[54.381115,24.496032],[54.380989,24.495946],[54.380541,24.495734],[54.380568,24.495703],[54.381322,24.496059],[54.3813,24.496087],[54.381515,24.49623],[54.382044,24.49648],[54.382013,24.496518],[54.381244,24.496155],[54.381084,24.496353],[54.381255,24.496467],[54.381037,24.496364],[54.38105,24.496348],[54.380925,24.496262],[54.381115,24.496032]],[[54.379765,24.495384],[54.380213,24.495595],[54.380177,24.495639],[54.379598,24.495366],[54.379651,24.495303],[54.379765,24.495384]],[[54.381543,24.495799],[54.381522,24.495824],[54.381397,24.495736],[54.380987,24.495543],[54.380999,24.495529],[54.381543,24.495799]],[[54.381737,24.495968],[54.382262,24.496216],[54.382231,24.496253],[54.38149,24.495902],[54.381543,24.495839],[54.381737,24.495968]]]}},{"type":"Feature","properties":{},"geometry":{"type":"Polygon","coordinates":[[[54.378141,24.493775],[54.378317,24.49385],[54.378331,24.493815],[54.378155,24.49374],[54.378141,24.493775]]]}},{"type":"Feature","properties":{},"geometry":{"type":"Polygon","coordinates":[[[54.377965,24.495507],[54.377707,24.495812],[54.377926,24.495965],[54.378234,24.49611],[54.378405,24.496226],[54.37868,24.496356],[54.378627,24.496421],[54.378895,24.496603],[54.379853,24.497055],[54.379905,24.49699],[54.380283,24.497169],[54.380294,24.497155],[54.380528,24.497317],[54.38062,24.497361],[54.381024,24.496877],[54.380568,24.496561],[54.380476,24.496518],[54.380317,24.496708],[54.379935,24.496528],[54.379959,24.4965],[54.380315,24.496667],[54.380499,24.496444],[54.380356,24.496347],[54.379782,24.496076],[54.3797,24.496175],[54.378845,24.495771],[54.378921,24.495677],[54.378793,24.495591],[54.37836,24.495386],[54.378175,24.495256],[54.377838,24.495097],[54.377732,24.495222],[54.377923,24.495357],[54.378199,24.495487],[54.378159,24.495537],[54.378287,24.495623],[54.378771,24.495851],[54.378749,24.495877],[54.377965,24.495507]],[[54.37953,24.496474],[54.379538,24.496465],[54.379604,24.496497],[54.379597,24.496505],[54.37953,24.496474]]]}},{"type":"Feature","properties":{},"geometry":{"type":"Polygon","coordinates":[[[54.379252,24.495494],[54.379114,24.495395],[54.378501,24.495106],[54.378338,24.495295],[54.378475,24.495393],[54.379089,24.495683],[54.379252,24.495494]]]}},{"type":"Feature","properties":{},"geometry":{"type":"Polygon","coordinates":[[[54.378194,24.497989],[54.378808,24.498278],[54.379002,24.49806],[54.378885,24.497973],[54.378538,24.49781],[54.378615,24.497723],[54.379167,24.497984],[54.379443,24.497673],[54.379244,24.497526],[54.378837,24.497334],[54.378585,24.497148],[54.378156,24.496946],[54.378049,24.497065],[54.378313,24.49726],[54.378492,24.497344],[54.378359,24.497493],[54.378023,24.497334],[54.377916,24.497454],[54.378168,24.497639],[54.378269,24.497687],[54.378077,24.497902],[54.378194,24.497989]]]}},{"type":"Feature","properties":{},"geometry":{"type":"Polygon","coordinates":[[[54.37857,24.498213],[54.378171,24.498025],[54.377977,24.498244],[54.378096,24.498326],[54.378495,24.498514],[54.378661,24.498288],[54.37857,24.498213]]]}},{"type":"Feature","properties":{},"geometry":{"type":"Polygon","coordinates":[[[54.379063,24.4985],[54.378948,24.498445],[54.378874,24.498541],[54.379116,24.498686],[54.37908,24.49873],[54.379296,24.498873],[54.379411,24.498927],[54.37952,24.49879],[54.379063,24.4985]]]}},{"type":"Feature","properties":{},"geometry":{"type":"Polygon","coordinates":[[[54.37867,24.498658],[54.378552,24.498567],[54.377939,24.498278],[54.377764,24.498474],[54.377898,24.498573],[54.378512,24.498862],[54.37867,24.498658]]]}},{"type":"Feature","properties":{},"geometry":{"type":"Polygon","coordinates":[[[54.378882,24.498734],[54.378863,24.498687],[54.378748,24.498633],[54.378678,24.498656],[54.378697,24.498702],[54.378812,24.498756],[54.378882,24.498734]]]}},{"type":"Feature","properties":{},"geometry":{"type":"Polygon","coordinates":[[[54.378956,24.498881],[54.378856,24.498805],[54.378741,24.498751],[54.378627,24.498872],[54.378728,24.498949],[54.378843,24.499004],[54.378956,24.498881]]]}},{"type":"Feature","properties":{},"geometry":{"type":"Polygon","coordinates":[[[54.378641,24.499148],[54.378674,24.499114],[54.37871,24.499131],[54.37875,24.499091],[54.378659,24.499016],[54.378544,24.498962],[54.378463,24.499043],[54.378526,24.499094],[54.378641,24.499148]]]}},{"type":"Feature","properties":{},"geometry":{"type":"Polygon","coordinates":[[[54.379026,24.501735],[54.378813,24.501569],[54.377961,24.501167],[54.377761,24.501379],[54.377974,24.501545],[54.378827,24.501947],[54.379026,24.501735]]]}},{"type":"Feature","properties":{},"geometry":{"type":"Polygon","coordinates":[[[54.378611,24.502141],[54.378464,24.502022],[54.37789,24.501751],[54.377689,24.501955],[54.377836,24.502074],[54.377989,24.502146],[54.377828,24.502314],[54.377996,24.502449],[54.378724,24.502792],[54.378915,24.502595],[54.378746,24.50246],[54.378439,24.502316],[54.378611,24.502141]]]}},{"type":"Feature","properties":{},"geometry":{"type":"Polygon","coordinates":[[[54.378787,24.502924],[54.378584,24.502782],[54.377856,24.502438],[54.377752,24.502561],[54.377954,24.502704],[54.378683,24.503047],[54.378787,24.502924]]]}},{"type":"Feature","properties":{},"geometry":{"type":"Polygon","coordinates":[[[54.378755,24.50842],[54.378758,24.508523],[54.378873,24.508578],[54.378982,24.508575],[54.378979,24.508472],[54.378864,24.508417],[54.378755,24.50842]]]}},{"type":"Feature","properties":{},"geometry":{"type":"Polygon","coordinates":[[[54.378529,24.50857],[54.37853,24.508679],[54.378645,24.508734],[54.378718,24.508733],[54.378716,24.508623],[54.378601,24.508569],[54.378529,24.50857]]]}},{"type":"Feature","properties":{},"geometry":{"type":"Polygon","coordinates":[[[54.379128,24.51047],[54.379189,24.510499],[54.379418,24.510373],[54.37931,24.51021],[54.379528,24.510313],[54.380175,24.509968],[54.380115,24.509874],[54.380216,24.50982],[54.380325,24.509872],[54.380561,24.509744],[54.380301,24.509337],[54.379918,24.509156],[54.379666,24.509281],[54.379828,24.509521],[54.379535,24.509383],[54.379035,24.509649],[54.378591,24.509439],[54.377802,24.509708],[54.378003,24.51002],[54.378153,24.510091],[54.378115,24.510113],[54.378367,24.510488],[54.37875,24.510669],[54.378908,24.510576],[54.37892,24.510582],[54.379128,24.51047]],[[54.379179,24.509974],[54.379149,24.509978],[54.379167,24.509968],[54.379179,24.509974]]]}},{"type":"Feature","properties":{},"geometry":{"type":"Polygon","coordinates":[[[54.380484,24.480051],[54.380599,24.480106],[54.380694,24.48],[54.380509,24.479862],[54.380394,24.479808],[54.380299,24.479913],[54.380484,24.480051]]]}},{"type":"Feature","properties":{},"geometry":{"type":"Polygon","coordinates":[[[54.380127,24.480529],[54.380077,24.480587],[54.379841,24.48041],[54.379726,24.480356],[54.379668,24.480419],[54.379941,24.480625],[54.380014,24.480659],[54.380002,24.480674],[54.380011,24.480681],[54.379687,24.480528],[54.379617,24.48061],[54.37945,24.480531],[54.379208,24.480817],[54.379335,24.480907],[54.379591,24.481027],[54.379553,24.481068],[54.379787,24.481244],[54.380115,24.481399],[54.38009,24.481428],[54.380463,24.481681],[54.380454,24.481692],[54.381462,24.482418],[54.381733,24.482546],[54.381701,24.482584],[54.382261,24.482954],[54.382765,24.48331],[54.382754,24.483324],[54.38299,24.48349],[54.383276,24.483625],[54.383236,24.483672],[54.383376,24.483772],[54.383498,24.48383],[54.383646,24.483659],[54.383479,24.483546],[54.383492,24.483532],[54.38355,24.483573],[54.383765,24.483675],[54.383913,24.483503],[54.383778,24.483407],[54.383842,24.483437],[54.38399,24.483266],[54.383829,24.483156],[54.383837,24.483146],[54.384008,24.483239],[54.384156,24.483068],[54.384016,24.482968],[54.383894,24.48291],[54.383884,24.482921],[54.383717,24.482808],[54.383896,24.482598],[54.383883,24.482589],[54.383917,24.482549],[54.383284,24.482113],[54.383091,24.482022],[54.383116,24.481992],[54.38288,24.481826],[54.382617,24.481702],[54.382648,24.481666],[54.38191,24.481132],[54.381648,24.48096],[54.381331,24.48081],[54.380958,24.480555],[54.380843,24.4805],[54.380677,24.480697],[54.381099,24.480977],[54.381079,24.481],[54.381598,24.481345],[54.381588,24.481357],[54.382077,24.4817],[54.382343,24.481826],[54.38231,24.481864],[54.382461,24.48197],[54.382282,24.481885],[54.382205,24.481975],[54.382076,24.481879],[54.381693,24.481698],[54.381576,24.481828],[54.381297,24.481697],[54.381201,24.481805],[54.381013,24.48167],[54.380708,24.481526],[54.380319,24.481261],[54.38034,24.481239],[54.380632,24.481432],[54.380747,24.481486],[54.380912,24.48129],[54.380591,24.481076],[54.380621,24.48109],[54.380642,24.481064],[54.380706,24.481098],[54.380696,24.481109],[54.380856,24.481221],[54.380971,24.481275],[54.381137,24.481079],[54.380928,24.480944],[54.380938,24.480933],[54.380778,24.48082],[54.380663,24.480766],[54.380497,24.480962],[54.380544,24.480996],[54.380486,24.480968],[54.380458,24.481003],[54.380475,24.481014],[54.380447,24.481001],[54.380284,24.481195],[54.380107,24.481062],[54.380031,24.481026],[54.380215,24.48081],[54.380137,24.480756],[54.380189,24.48078],[54.38043,24.480501],[54.380297,24.480421],[54.380323,24.480388],[54.380466,24.480463],[54.380495,24.480429],[54.380611,24.480484],[54.380794,24.480264],[54.380627,24.48013],[54.380512,24.480076],[54.380499,24.48009],[54.380249,24.479972],[54.380135,24.480109],[54.380026,24.480057],[54.379795,24.480325],[54.380127,24.480529]],[[54.382608,24.482581],[54.382632,24.482592],[54.382694,24.482508],[54.382678,24.482498],[54.382707,24.482464],[54.382636,24.482414],[54.382715,24.482451],[54.382873,24.482265],[54.383117,24.482414],[54.383205,24.482487],[54.383101,24.482438],[54.382915,24.482656],[54.383097,24.482785],[54.382889,24.482686],[54.382741,24.48286],[54.382348,24.482601],[54.382521,24.482683],[54.382608,24.482581]],[[54.38206,24.482447],[54.382001,24.482419],[54.382009,24.482411],[54.38206,24.482447]],[[54.381915,24.48232],[54.381879,24.482294],[54.381921,24.482313],[54.381915,24.48232]],[[54.38206,24.48215],[54.382,24.482105],[54.38207,24.482138],[54.38206,24.48215]],[[54.380149,24.480249],[54.38029,24.480333],[54.380282,24.480341],[54.380149,24.480249]],[[54.383659,24.483336],[54.383714,24.483376],[54.38365,24.483346],[54.383659,24.483336]],[[54.383589,24.483109],[54.383686,24.483155],[54.383674,24.483169],[54.383589,24.483109]]]}},{"type":"Feature","properties":{},"geometry":{"type":"Polygon","coordinates":[[[54.379943,24.481801],[54.37984,24.481729],[54.379725,24.481675],[54.379659,24.481753],[54.379762,24.481825],[54.379877,24.481879],[54.379943,24.481801]]]}},{"type":"Feature","properties":{},"geometry":{"type":"Polygon","coordinates":[[[54.380165,24.482194],[54.380016,24.482363],[54.380181,24.482454],[54.38033,24.482284],[54.380165,24.482194]]]}},{"type":"Feature","properties":{},"geometry":{"type":"Polygon","coordinates":[[[54.380394,24.482644],[54.380496,24.482692],[54.380578,24.482602],[54.380401,24.482469],[54.380286,24.482414],[54.380106,24.482613],[54.380196,24.482681],[54.380311,24.482735],[54.380394,24.482644]]]}},{"type":"Feature","properties":{},"geometry":{"type":"Polygon","coordinates":[[[54.379693,24.482837],[54.380021,24.483063],[54.380102,24.483101],[54.380054,24.483157],[54.38083,24.483699],[54.381405,24.48397],[54.381556,24.48379],[54.381582,24.483806],[54.381432,24.484044],[54.381569,24.484132],[54.381547,24.484161],[54.381468,24.484125],[54.381426,24.484184],[54.381529,24.48425],[54.382017,24.48448],[54.381958,24.484553],[54.38207,24.484628],[54.382337,24.484754],[54.382315,24.48478],[54.382458,24.48488],[54.38258,24.484938],[54.382727,24.484764],[54.382643,24.484706],[54.382738,24.484751],[54.382884,24.484581],[54.382785,24.48451],[54.382894,24.484562],[54.383041,24.484386],[54.382984,24.484346],[54.383051,24.484378],[54.383203,24.484206],[54.383059,24.484099],[54.382936,24.484042],[54.382788,24.484208],[54.382616,24.484117],[54.382625,24.484085],[54.382292,24.483871],[54.381717,24.4836],[54.381696,24.483669],[54.381561,24.483562],[54.381572,24.483551],[54.381455,24.483469],[54.381493,24.483425],[54.381534,24.483445],[54.381561,24.483412],[54.381608,24.483434],[54.381637,24.4834],[54.382061,24.48364],[54.382052,24.483649],[54.382338,24.483867],[54.382419,24.483905],[54.382561,24.484021],[54.382675,24.484075],[54.382731,24.484019],[54.382566,24.483883],[54.382475,24.48384],[54.38218,24.483628],[54.382194,24.483608],[54.381835,24.483407],[54.38186,24.483377],[54.38179,24.483329],[54.381812,24.483339],[54.38184,24.483305],[54.381789,24.483271],[54.381796,24.483263],[54.381229,24.482899],[54.380654,24.482628],[54.380568,24.482731],[54.380612,24.482761],[54.38056,24.482824],[54.380602,24.482853],[54.38054,24.482926],[54.380476,24.482896],[54.380484,24.482887],[54.380294,24.482756],[54.379911,24.482575],[54.379693,24.482837]],[[54.382696,24.484458],[54.382699,24.484454],[54.382724,24.484471],[54.382696,24.484458]],[[54.382847,24.484263],[54.382849,24.484261],[54.382858,24.484269],[54.382847,24.484263]]]}},{"type":"Feature","properties":{},"geometry":{"type":"Polygon","coordinates":[[[54.380203,24.483708],[54.380588,24.483971],[54.380699,24.484024],[54.380683,24.484044],[54.380729,24.484076],[54.380844,24.48413],[54.380903,24.484061],[54.380744,24.483976],[54.380768,24.483947],[54.380388,24.483679],[54.380273,24.483625],[54.380203,24.483708]]]}},{"type":"Feature","properties":{},"geometry":{"type":"Polygon","coordinates":[[[54.381059,24.484879],[54.380844,24.485136],[54.380901,24.485175],[54.380884,24.485195],[54.380969,24.485254],[54.381104,24.485317],[54.381125,24.485345],[54.381352,24.485435],[54.381682,24.485038],[54.381541,24.484941],[54.381158,24.48476],[54.381123,24.484802],[54.381056,24.484756],[54.381077,24.484727],[54.38096,24.48465],[54.380721,24.484537],[54.380754,24.484498],[54.380284,24.484163],[54.3799,24.483983],[54.379704,24.484211],[54.380175,24.484545],[54.380456,24.484678],[54.38046,24.484713],[54.380843,24.484894],[54.381059,24.484879]],[[54.380204,24.484382],[54.380253,24.484323],[54.380263,24.48433],[54.380213,24.484389],[54.380204,24.484382]]]}},{"type":"Feature","properties":{},"geometry":{"type":"Polygon","coordinates":[[[54.380599,24.484922],[54.380484,24.484868],[54.38047,24.484884],[54.380387,24.484822],[54.380272,24.484767],[54.380226,24.484818],[54.380338,24.484903],[54.38042,24.484941],[54.380552,24.485042],[54.380667,24.485097],[54.380733,24.48502],[54.380599,24.484922]]]}},{"type":"Feature","properties":{},"geometry":{"type":"Polygon","coordinates":[[[54.380027,24.485116],[54.380133,24.485166],[54.380319,24.485313],[54.380564,24.485429],[54.380762,24.485203],[54.380455,24.484975],[54.380209,24.48486],[54.380016,24.485069],[54.380027,24.485116]]]}},{"type":"Feature","properties":{},"geometry":{"type":"Polygon","coordinates":[[[54.379729,24.486673],[54.379571,24.486597],[54.379534,24.486657],[54.379692,24.486734],[54.379729,24.486673]]]}},{"type":"Feature","properties":{},"geometry":{"type":"Polygon","coordinates":[[[54.379516,24.486896],[54.37968,24.487027],[54.38,24.487207],[54.380032,24.487165],[54.379971,24.487127],[54.380033,24.487157],[54.380069,24.487118],[54.379964,24.487038],[54.379876,24.486997],[54.379885,24.486988],[54.37972,24.486857],[54.379606,24.486803],[54.379516,24.486896]],[[54.379835,24.487039],[54.379888,24.487079],[54.379825,24.48705],[54.379835,24.487039]]]}},{"type":"Feature","properties":{},"geometry":{"type":"Polygon","coordinates":[[[54.379948,24.486866],[54.379927,24.486899],[54.380007,24.486939],[54.380001,24.486949],[54.379913,24.486908],[54.379879,24.486946],[54.379985,24.487024],[54.3801,24.487079],[54.380134,24.48704],[54.380052,24.486979],[54.380169,24.487035],[54.380197,24.486991],[54.379948,24.486866]]]}},{"type":"Feature","properties":{},"geometry":{"type":"Polygon","coordinates":[[[54.379664,24.487241],[54.379516,24.487168],[54.379489,24.487206],[54.379638,24.487279],[54.379664,24.487241]]]}},{"type":"Feature","properties":{},"geometry":{"type":"Polygon","coordinates":[[[54.381144,24.489129],[54.381303,24.489204],[54.381204,24.489316],[54.381324,24.489404],[54.3816,24.489534],[54.381766,24.489346],[54.381684,24.489286],[54.381776,24.489329],[54.381922,24.489163],[54.381803,24.489077],[54.381528,24.488947],[54.381417,24.489074],[54.381176,24.488902],[54.381199,24.488875],[54.380987,24.48872],[54.380878,24.488669],[54.380991,24.488527],[54.381406,24.488831],[54.381535,24.488892],[54.381523,24.488905],[54.38166,24.489007],[54.381997,24.489166],[54.382158,24.488986],[54.382021,24.488884],[54.381426,24.488597],[54.38145,24.48857],[54.381235,24.488415],[54.380967,24.488288],[54.381034,24.488206],[54.380892,24.48811],[54.380677,24.488008],[54.380515,24.488208],[54.380572,24.488247],[54.380501,24.488213],[54.380344,24.488411],[54.380443,24.488476],[54.380321,24.488419],[54.380166,24.488606],[54.380328,24.488718],[54.380696,24.488891],[54.380733,24.488846],[54.380751,24.488855],[54.381144,24.489129]]]}},{"type":"Feature","properties":{},"geometry":{"type":"Polygon","coordinates":[[[54.380846,24.489514],[54.38106,24.489616],[54.381158,24.489503],[54.380791,24.48924],[54.380818,24.489208],[54.380611,24.489064],[54.380176,24.48887],[54.380126,24.488931],[54.380208,24.488983],[54.380163,24.489036],[54.38037,24.48918],[54.380479,24.489231],[54.380469,24.489243],[54.380846,24.489514]]]}},{"type":"Feature","properties":{},"geometry":{"type":"Polygon","coordinates":[[[54.380876,24.489991],[54.380997,24.489855],[54.380795,24.489706],[54.380473,24.489555],[54.380251,24.489402],[54.380368,24.489273],[54.380218,24.489161],[54.37985,24.488987],[54.379687,24.489167],[54.379837,24.489279],[54.37996,24.489337],[54.379907,24.489399],[54.380115,24.489546],[54.380199,24.489585],[54.380539,24.489831],[54.380876,24.489991]]]}},{"type":"Feature","properties":{},"geometry":{"type":"Polygon","coordinates":[[[54.379385,24.489702],[54.37918,24.489944],[54.379444,24.490129],[54.380104,24.490454],[54.38027,24.490259],[54.380168,24.490187],[54.380201,24.490148],[54.379937,24.489962],[54.379385,24.489702]]]}},{"type":"Feature","properties":{},"geometry":{"type":"Polygon","coordinates":[[[54.380642,24.49051],[54.380526,24.490428],[54.38025,24.490298],[54.380084,24.490494],[54.3802,24.490575],[54.380476,24.490705],[54.380642,24.49051]]]}},{"type":"Feature","properties":{},"geometry":{"type":"Polygon","coordinates":[[[54.380174,24.492904],[54.380161,24.492919],[54.380417,24.493083],[54.380395,24.493109],[54.380607,24.493256],[54.380839,24.493365],[54.380962,24.493445],[54.380946,24.493465],[54.381161,24.493608],[54.381138,24.493634],[54.381446,24.493847],[54.381541,24.493891],[54.381464,24.493984],[54.381605,24.494081],[54.381881,24.494212],[54.382044,24.494016],[54.3819,24.493917],[54.381931,24.49388],[54.381624,24.493667],[54.381499,24.493608],[54.381343,24.493501],[54.381257,24.49346],[54.381264,24.493451],[54.381042,24.493298],[54.381056,24.493281],[54.380843,24.493135],[54.380726,24.493079],[54.380497,24.492927],[54.380505,24.492917],[54.380325,24.492784],[54.38013,24.492649],[54.38004,24.492607],[54.37963,24.492312],[54.379385,24.492196],[54.379293,24.492306],[54.380174,24.492904]]]}},{"type":"Feature","properties":{},"geometry":{"type":"Polygon","coordinates":[[[54.380034,24.498469],[54.379798,24.498298],[54.379415,24.498117],[54.379253,24.498302],[54.379489,24.498472],[54.379872,24.498653],[54.380034,24.498469]]]}},{"type":"Feature","properties":{},"geometry":{"type":"Polygon","coordinates":[[[54.380013,24.49916],[54.379954,24.499237],[54.379998,24.499261],[54.379985,24.499278],[54.380323,24.499493],[54.380706,24.499674],[54.380732,24.499641],[54.380939,24.499687],[54.380951,24.499653],[54.381085,24.499716],[54.381299,24.499727],[54.381459,24.499614],[54.381397,24.499512],[54.38131,24.499471],[54.381277,24.499408],[54.381699,24.499153],[54.381396,24.498714],[54.381561,24.498617],[54.381703,24.498673],[54.381694,24.498807],[54.381799,24.49897],[54.381991,24.499061],[54.381963,24.499096],[54.381951,24.499147],[54.381961,24.499193],[54.38199,24.499233],[54.382139,24.499309],[54.382198,24.499322],[54.382249,24.499313],[54.382292,24.499286],[54.382322,24.499245],[54.38233,24.499202],[54.382292,24.499117],[54.382142,24.49904],[54.382167,24.499029],[54.382135,24.498751],[54.382054,24.498639],[54.381815,24.498526],[54.381286,24.498381],[54.3811,24.498487],[54.381068,24.498473],[54.380628,24.498745],[54.380749,24.49892],[54.38062,24.499002],[54.38057,24.499197],[54.38019,24.499018],[54.380063,24.499184],[54.380013,24.49916]]]}},{"type":"Feature","properties":{},"geometry":{"type":"Polygon","coordinates":[[[54.37934,24.507547],[54.379455,24.507601],[54.379517,24.507601],[54.379516,24.507386],[54.379401,24.507332],[54.379298,24.507332],[54.379299,24.507452],[54.37934,24.507471],[54.37934,24.507547]]]}},{"type":"Feature","properties":{},"geometry":{"type":"Polygon","coordinates":[[[54.379521,24.507576],[54.379904,24.507757],[54.380145,24.507754],[54.38014,24.507462],[54.379757,24.507281],[54.379536,24.507284],[54.379537,24.507395],[54.379519,24.507396],[54.379521,24.507576]]]}},{"type":"Feature","properties":{},"geometry":{"type":"Polygon","coordinates":[[[54.380202,24.511997],[54.38009,24.511907],[54.380028,24.511878],[54.379543,24.512354],[54.379653,24.512439],[54.379714,24.512468],[54.380202,24.511997]]]}},{"type":"Feature","properties":{},"geometry":{"type":"Polygon","coordinates":[[[54.381537,24.480429],[54.381517,24.480452],[54.381914,24.480716],[54.382091,24.4808],[54.38203,24.480869],[54.382118,24.480934],[54.382233,24.480988],[54.382231,24.481003],[54.382614,24.481184],[54.382714,24.481196],[54.382811,24.481242],[54.382869,24.481249],[54.382799,24.481333],[54.383444,24.481774],[54.383414,24.48176],[54.383377,24.481798],[54.383524,24.481919],[54.383639,24.481973],[54.383675,24.481936],[54.384101,24.482213],[54.384377,24.482343],[54.384238,24.482504],[54.384378,24.482604],[54.3845,24.482662],[54.384648,24.482491],[54.384493,24.482383],[54.384499,24.482375],[54.384673,24.482469],[54.384821,24.482298],[54.384681,24.482198],[54.384558,24.48214],[54.38455,24.48215],[54.384162,24.481899],[54.384299,24.481983],[54.384577,24.482115],[54.384715,24.482217],[54.384838,24.482275],[54.384986,24.482104],[54.384825,24.481994],[54.384832,24.481985],[54.384998,24.482073],[54.385146,24.481902],[54.385001,24.4818],[54.385037,24.481756],[54.384762,24.481572],[54.384769,24.481564],[54.385005,24.481676],[54.385091,24.481737],[54.385213,24.481795],[54.385361,24.481624],[54.385281,24.481566],[54.38546,24.481651],[54.385608,24.481479],[54.385468,24.481379],[54.385254,24.481278],[54.385111,24.481443],[54.384955,24.481342],[54.384992,24.4813],[54.384754,24.481132],[54.384645,24.48108],[54.384172,24.480763],[54.384186,24.480748],[54.383948,24.480579],[54.383708,24.480466],[54.383733,24.480438],[54.382975,24.479872],[54.382591,24.479691],[54.382408,24.479894],[54.382888,24.480242],[54.382638,24.480124],[54.382454,24.480328],[54.382551,24.4804],[54.38244,24.480347],[54.382256,24.480551],[54.381874,24.480267],[54.381749,24.480202],[54.382087,24.480361],[54.382258,24.480172],[54.382245,24.480162],[54.382321,24.480198],[54.382398,24.480104],[54.3822,24.479994],[54.382132,24.480077],[54.381881,24.479891],[54.381497,24.47971],[54.381326,24.479899],[54.381622,24.48012],[54.381285,24.479961],[54.381113,24.48015],[54.381292,24.480285],[54.381396,24.480334],[54.381537,24.480429]],[[54.38255,24.480754],[54.382534,24.480772],[54.382568,24.480797],[54.382424,24.480733],[54.382452,24.480697],[54.38255,24.480754]],[[54.383335,24.48133],[54.383013,24.481178],[54.383028,24.48107],[54.383152,24.481129],[54.383228,24.481045],[54.383372,24.481145],[54.383755,24.481326],[54.383883,24.481173],[54.383626,24.480995],[54.383735,24.480904],[54.383681,24.480851],[54.384135,24.481158],[54.384319,24.481264],[54.384167,24.481193],[54.383982,24.481414],[54.38416,24.481538],[54.383953,24.48144],[54.383784,24.481641],[54.383335,24.48133]],[[54.383642,24.480812],[54.383524,24.480754],[54.383399,24.480859],[54.383454,24.480914],[54.383362,24.48087],[54.383508,24.480708],[54.383652,24.4808],[54.383642,24.480812]],[[54.383414,24.480577],[54.383409,24.480585],[54.383373,24.480558],[54.383414,24.480577]],[[54.383154,24.480789],[54.383234,24.480827],[54.383222,24.48084],[54.383154,24.480789]],[[54.382381,24.480832],[54.382381,24.480809],[54.382447,24.48084],[54.382381,24.480832]],[[54.382526,24.480838],[54.382556,24.480852],[54.382523,24.480849],[54.382526,24.480838]],[[54.382629,24.480843],[54.38267,24.480873],[54.382649,24.480863],[54.38263,24.480861],[54.382629,24.480843]],[[54.384738,24.481913],[54.384565,24.481799],[54.384571,24.481792],[54.384764,24.481883],[54.384738,24.481913]]]}},{"type":"Feature","properties":{},"geometry":{"type":"Polygon","coordinates":[[[54.381127,24.481259],[54.381091,24.481329],[54.381297,24.481422],[54.381333,24.481352],[54.381127,24.481259]]]}},{"type":"Feature","properties":{},"geometry":{"type":"Polygon","coordinates":[[[54.381839,24.483553],[54.381653,24.483452],[54.381611,24.483506],[54.381796,24.483607],[54.381839,24.483553]]]}},{"type":"Feature","properties":{},"geometry":{"type":"Polygon","coordinates":[[[54.381885,24.484717],[54.381964,24.484778],[54.382079,24.484832],[54.38213,24.484776],[54.38205,24.484716],[54.381936,24.484661],[54.381885,24.484717]]]}},{"type":"Feature","properties":{},"geometry":{"type":"Polygon","coordinates":[[[54.382203,24.485375],[54.38206,24.48527],[54.381937,24.485212],[54.381783,24.485388],[54.381926,24.485493],[54.382049,24.48555],[54.382203,24.485375]]]}},{"type":"Feature","properties":{},"geometry":{"type":"Polygon","coordinates":[[[54.382033,24.485579],[54.381898,24.48548],[54.381776,24.485422],[54.381627,24.485588],[54.381762,24.485687],[54.381884,24.485745],[54.382033,24.485579]]]}},{"type":"Feature","properties":{},"geometry":{"type":"Polygon","coordinates":[[[54.38079,24.485537],[54.380762,24.485697],[54.380877,24.485751],[54.38106,24.485778],[54.381088,24.485618],[54.380973,24.485564],[54.38079,24.485537]]]}},{"type":"Feature","properties":{},"geometry":{"type":"Polygon","coordinates":[[[54.381547,24.486153],[54.381451,24.486083],[54.381557,24.486133],[54.381709,24.485958],[54.381619,24.485893],[54.381726,24.485944],[54.381874,24.485772],[54.381735,24.485673],[54.381613,24.485615],[54.381464,24.485787],[54.381553,24.48585],[54.381446,24.4858],[54.381295,24.485975],[54.38139,24.486043],[54.381285,24.485993],[54.381128,24.486171],[54.381268,24.486273],[54.381391,24.486331],[54.381547,24.486153]]]}},{"type":"Feature","properties":{},"geometry":{"type":"Polygon","coordinates":[[[54.38104,24.485793],[54.38099,24.485848],[54.381161,24.485944],[54.381211,24.485889],[54.38104,24.485793]]]}},{"type":"Feature","properties":{},"geometry":{"type":"Polygon","coordinates":[[[54.381371,24.487626],[54.381558,24.487756],[54.381773,24.487857],[54.38187,24.487741],[54.381683,24.487611],[54.381469,24.48751],[54.381371,24.487626]]]}},{"type":"Feature","properties":{},"geometry":{"type":"Polygon","coordinates":[[[54.381713,24.488447],[54.382185,24.488662],[54.382342,24.488482],[54.382224,24.488396],[54.382401,24.488479],[54.38256,24.488295],[54.382443,24.488211],[54.382261,24.488125],[54.382317,24.488062],[54.382096,24.487899],[54.381912,24.487812],[54.381815,24.487921],[54.382036,24.488084],[54.382157,24.488141],[54.382038,24.48828],[54.382154,24.488362],[54.382008,24.488293],[54.381939,24.488371],[54.381903,24.488345],[54.381911,24.488336],[54.381717,24.4882],[54.381631,24.48816],[54.381401,24.488003],[54.38152,24.487861],[54.381353,24.487745],[54.381016,24.487586],[54.380855,24.487778],[54.381022,24.487894],[54.38115,24.487955],[54.381102,24.488013],[54.381534,24.488309],[54.381713,24.488447]]]}},{"type":"Feature","properties":{},"geometry":{"type":"Polygon","coordinates":[[[54.381682,24.489929],[54.381591,24.489862],[54.38186,24.489988],[54.382,24.489822],[54.381964,24.489796],[54.38198,24.489804],[54.382052,24.489721],[54.382558,24.490087],[54.382653,24.490131],[54.382552,24.490246],[54.382679,24.490339],[54.382894,24.490441],[54.383055,24.490258],[54.382942,24.490175],[54.38313,24.490264],[54.383155,24.490237],[54.383299,24.490342],[54.383636,24.490501],[54.383655,24.490481],[54.383543,24.490615],[54.384,24.490935],[54.384682,24.491246],[54.38484,24.491061],[54.384737,24.490988],[54.384851,24.491042],[54.385011,24.490862],[54.384921,24.490799],[54.385025,24.490848],[54.385182,24.490663],[54.38511,24.490612],[54.385211,24.49066],[54.385367,24.490481],[54.385279,24.490418],[54.385389,24.49047],[54.385554,24.490284],[54.385422,24.490188],[54.385209,24.490087],[54.385233,24.490059],[54.384583,24.489612],[54.384437,24.489543],[54.384453,24.489523],[54.38431,24.489425],[54.383973,24.489266],[54.383821,24.489448],[54.383951,24.489537],[54.383805,24.489468],[54.383658,24.489651],[54.383779,24.489732],[54.383642,24.489667],[54.383615,24.489698],[54.383502,24.489618],[54.383226,24.489488],[54.383096,24.489642],[54.383219,24.489728],[54.383497,24.489855],[54.383583,24.489915],[54.383476,24.489865],[54.383325,24.490041],[54.383373,24.490074],[54.383308,24.490043],[54.383276,24.49008],[54.383165,24.49],[54.382889,24.489869],[54.382779,24.489996],[54.38278,24.489983],[54.382364,24.489687],[54.382158,24.48959],[54.382287,24.489446],[54.38258,24.489649],[54.382794,24.489751],[54.382888,24.489641],[54.382533,24.48938],[54.382446,24.489338],[54.382539,24.489238],[54.382411,24.489152],[54.382136,24.489022],[54.381974,24.489212],[54.382081,24.489288],[54.381938,24.48922],[54.381781,24.489403],[54.3818,24.489416],[54.381774,24.489404],[54.381608,24.489598],[54.381655,24.489632],[54.381604,24.489607],[54.381463,24.489774],[54.381542,24.489829],[54.381441,24.489781],[54.381269,24.489973],[54.381395,24.490067],[54.38151,24.490121],[54.381682,24.489929]],[[54.3838,24.490316],[54.38374,24.490271],[54.383823,24.49031],[54.38397,24.490136],[54.383865,24.49006],[54.383977,24.490113],[54.384065,24.490008],[54.38434,24.490196],[54.384333,24.490204],[54.384539,24.490358],[54.384677,24.490423],[54.384561,24.490559],[54.384297,24.490376],[54.38396,24.490217],[54.383847,24.49035],[54.384295,24.490661],[54.384423,24.490722],[54.384371,24.490782],[54.384489,24.490866],[54.384374,24.490812],[54.384323,24.490872],[54.383992,24.490641],[54.383655,24.490481],[54.3838,24.490316]],[[54.384311,24.489891],[54.384198,24.489838],[54.384289,24.489725],[54.384158,24.489638],[54.384297,24.489703],[54.384784,24.490031],[54.384963,24.490116],[54.384955,24.490125],[54.384934,24.490115],[54.384871,24.490186],[54.384968,24.490257],[54.384885,24.490218],[54.384846,24.490263],[54.384311,24.489891]]]}},{"type":"Feature","properties":{},"geometry":{"type":"Polygon","coordinates":[[[54.381718,24.490694],[54.381916,24.490833],[54.382441,24.491064],[54.382362,24.491154],[54.382506,24.491259],[54.382659,24.491331],[54.382641,24.491351],[54.382844,24.491494],[54.383107,24.491617],[54.383061,24.49167],[54.383254,24.491808],[54.383416,24.491885],[54.383563,24.491998],[54.383901,24.492157],[54.384066,24.491962],[54.383989,24.491908],[54.384086,24.491954],[54.384239,24.491769],[54.384184,24.491731],[54.384251,24.491763],[54.384414,24.49158],[54.384373,24.49155],[54.384424,24.491574],[54.384588,24.491385],[54.384442,24.49128],[54.384104,24.491121],[54.384056,24.491176],[54.383544,24.490821],[54.383427,24.490766],[54.383536,24.490636],[54.383385,24.490532],[54.383048,24.490373],[54.382951,24.490488],[54.382887,24.490443],[54.38255,24.490284],[54.382453,24.490398],[54.38231,24.490324],[54.382114,24.490183],[54.381899,24.490082],[54.381806,24.490192],[54.382222,24.490482],[54.382326,24.490531],[54.382225,24.490651],[54.382289,24.490695],[54.382217,24.490661],[54.38214,24.490752],[54.381985,24.490666],[54.382005,24.490643],[54.381579,24.490347],[54.381378,24.490252],[54.381481,24.490133],[54.381368,24.490053],[54.381254,24.489999],[54.381114,24.490162],[54.381226,24.490241],[54.381328,24.490289],[54.381272,24.490356],[54.381738,24.490671],[54.381718,24.490694]],[[54.383043,24.491241],[54.382963,24.491183],[54.383353,24.49135],[54.383395,24.491377],[54.383329,24.491453],[54.383472,24.491556],[54.383646,24.491638],[54.383601,24.491693],[54.383667,24.491739],[54.383577,24.491696],[54.383559,24.491716],[54.383259,24.491565],[54.383298,24.49152],[54.383097,24.491376],[54.382975,24.491318],[54.383043,24.491241]],[[54.383282,24.490927],[54.383768,24.491263],[54.383909,24.49133],[54.38384,24.491407],[54.38383,24.491402],[54.383622,24.491249],[54.383496,24.49119],[54.383521,24.491163],[54.383372,24.491059],[54.383229,24.490991],[54.383282,24.490927]],[[54.382548,24.49097],[54.382557,24.49096],[54.38262,24.491004],[54.382548,24.49097]],[[54.38261,24.490874],[54.382555,24.490836],[54.382618,24.490865],[54.38261,24.490874]],[[54.382738,24.490794],[54.382748,24.490782],[54.382823,24.490834],[54.382738,24.490794]],[[54.382794,24.490661],[54.382787,24.490669],[54.382736,24.490634],[54.382794,24.490661]],[[54.382932,24.490598],[54.382982,24.490632],[54.382925,24.490606],[54.382932,24.490598]]]}},{"type":"Feature","properties":{},"geometry":{"type":"Polygon","coordinates":[[[54.381143,24.490857],[54.381009,24.490761],[54.380733,24.490631],[54.380551,24.490844],[54.380685,24.490939],[54.380961,24.491069],[54.381143,24.490857]]]}},{"type":"Feature","properties":{},"geometry":{"type":"Polygon","coordinates":[[[54.382053,24.491538],[54.381922,24.49145],[54.381646,24.49132],[54.381464,24.491516],[54.381587,24.49161],[54.381862,24.49174],[54.382053,24.491538]]]}},{"type":"Feature","properties":{},"geometry":{"type":"Polygon","coordinates":[[[54.380778,24.493904],[54.380595,24.493803],[54.380579,24.493825],[54.380761,24.493926],[54.380778,24.493904]]]}},{"type":"Feature","properties":{},"geometry":{"type":"Polygon","coordinates":[[[54.381525,24.499426],[54.381493,24.499483],[54.381671,24.499567],[54.381703,24.499509],[54.381525,24.499426]]]}},{"type":"Feature","properties":{},"geometry":{"type":"Polygon","coordinates":[[[54.381468,24.510112],[54.381503,24.510184],[54.381617,24.510238],[54.381718,24.510197],[54.381684,24.510126],[54.381569,24.510072],[54.381468,24.510112]]]}},{"type":"Feature","properties":{},"geometry":{"type":"Polygon","coordinates":[[[54.380833,24.511598],[54.380797,24.511581],[54.380804,24.511546],[54.380909,24.51159],[54.380935,24.511524],[54.380742,24.511423],[54.380622,24.511403],[54.380589,24.511568],[54.380704,24.511623],[54.380824,24.511643],[54.380833,24.511598]]]}},{"type":"Feature","properties":{},"geometry":{"type":"Polygon","coordinates":[[[54.380238,24.511685],[54.381238,24.51251],[54.381299,24.512539],[54.381379,24.512456],[54.380374,24.511616],[54.380313,24.511587],[54.380238,24.511685]]]}},{"type":"Feature","properties":{},"geometry":{"type":"Polygon","coordinates":[[[54.382561,24.484964],[54.38242,24.484863],[54.382298,24.484805],[54.382146,24.48498],[54.382286,24.485081],[54.382409,24.485139],[54.382561,24.484964]]]}},{"type":"Feature","properties":{},"geometry":{"type":"Polygon","coordinates":[[[54.383028,24.486314],[54.383324,24.48646],[54.383338,24.486441],[54.383368,24.486455],[54.383415,24.486392],[54.383217,24.486269],[54.383102,24.486215],[54.383028,24.486314]]]}},{"type":"Feature","properties":{},"geometry":{"type":"Polygon","coordinates":[[[54.383316,24.486879],[54.383157,24.486794],[54.383105,24.486857],[54.383265,24.486941],[54.383316,24.486879]]]}},{"type":"Feature","properties":{},"geometry":{"type":"Polygon","coordinates":[[[54.382804,24.487315],[54.382942,24.48738],[54.382919,24.487403],[54.383309,24.487711],[54.38323,24.487791],[54.383403,24.487933],[54.383518,24.487987],[54.383563,24.487941],[54.383624,24.487991],[54.384053,24.488197],[54.384011,24.488245],[54.384153,24.488331],[54.384131,24.488356],[54.384147,24.488367],[54.384074,24.488454],[54.384166,24.488518],[54.384281,24.488573],[54.384352,24.48849],[54.384483,24.48856],[54.384458,24.48859],[54.384655,24.488701],[54.384804,24.488527],[54.384721,24.488469],[54.384606,24.488415],[54.384521,24.488516],[54.384377,24.48844],[54.384505,24.488291],[54.38435,24.488191],[54.384422,24.48812],[54.38422,24.487964],[54.384291,24.48789],[54.384151,24.487778],[54.383878,24.487649],[54.38392,24.487606],[54.38383,24.48753],[54.38362,24.487431],[54.383662,24.48739],[54.383564,24.487314],[54.38343,24.487251],[54.383457,24.487224],[54.383368,24.487153],[54.38315,24.487051],[54.383198,24.487005],[54.383103,24.486927],[54.38272,24.486746],[54.38245,24.48702],[54.382804,24.487315]]]}},{"type":"Feature","properties":{},"geometry":{"type":"Polygon","coordinates":[[[54.383246,24.488691],[54.382664,24.488401],[54.382496,24.488588],[54.382588,24.488656],[54.382479,24.488605],[54.382319,24.488797],[54.382448,24.488887],[54.382527,24.488924],[54.382517,24.488936],[54.382313,24.48884],[54.382175,24.488997],[54.382292,24.489081],[54.382598,24.489225],[54.382683,24.489122],[54.382704,24.489132],[54.382697,24.48914],[54.383053,24.48939],[54.382824,24.489324],[54.382781,24.48947],[54.382896,24.489524],[54.383095,24.489578],[54.383136,24.489442],[54.383323,24.48953],[54.383337,24.489514],[54.383585,24.489639],[54.383746,24.489448],[54.383625,24.489364],[54.383759,24.489427],[54.383917,24.489241],[54.383798,24.489157],[54.383583,24.489056],[54.383657,24.488969],[54.383246,24.488691]],[[54.383425,24.489242],[54.38354,24.489322],[54.383405,24.489259],[54.383323,24.489356],[54.383004,24.489132],[54.382878,24.489072],[54.382885,24.489064],[54.382705,24.488937],[54.382821,24.4888],[54.382713,24.488721],[54.382945,24.48883],[54.382996,24.488773],[54.383196,24.488905],[54.383564,24.489079],[54.383425,24.489242]]]}},{"type":"Feature","properties":{},"geometry":{"type":"Polygon","coordinates":[[[54.383436,24.489864],[54.383317,24.489779],[54.383072,24.489663],[54.382916,24.489845],[54.383035,24.48993],[54.38328,24.490045],[54.383436,24.489864]]]}},{"type":"Feature","properties":{},"geometry":{"type":"Polygon","coordinates":[[[54.382587,24.491859],[54.382446,24.491759],[54.382108,24.4916],[54.381932,24.491807],[54.382074,24.491907],[54.382411,24.492066],[54.382587,24.491859]]]}},{"type":"Feature","properties":{},"geometry":{"type":"Polygon","coordinates":[[[54.383448,24.492478],[54.383313,24.492381],[54.382945,24.492208],[54.38279,24.492387],[54.382925,24.492484],[54.383293,24.492657],[54.383448,24.492478]]]}},{"type":"Feature","properties":{},"geometry":{"type":"Polygon","coordinates":[[[54.383352,24.494055],[54.383784,24.494259],[54.383955,24.494061],[54.383743,24.493909],[54.383645,24.493863],[54.383664,24.493841],[54.383452,24.493689],[54.383021,24.493486],[54.38285,24.493683],[54.383061,24.493835],[54.38316,24.493882],[54.383141,24.493903],[54.383352,24.494055]]]}},{"type":"Feature","properties":{},"geometry":{"type":"Polygon","coordinates":[[[54.383519,24.494555],[54.383307,24.494403],[54.382876,24.4942],[54.382705,24.494397],[54.382916,24.494549],[54.383348,24.494752],[54.383519,24.494555]]]}},{"type":"Feature","properties":{},"geometry":{"type":"Polygon","coordinates":[[[54.383001,24.494617],[54.38279,24.494465],[54.382359,24.494262],[54.382187,24.49446],[54.382399,24.494611],[54.382487,24.494653],[54.382478,24.494664],[54.382689,24.494816],[54.38312,24.495019],[54.383291,24.494821],[54.38308,24.49467],[54.382992,24.494628],[54.383001,24.494617]]]}},{"type":"Feature","properties":{},"geometry":{"type":"Polygon","coordinates":[[[54.382733,24.504657],[54.382743,24.50478],[54.382857,24.504835],[54.382933,24.50483],[54.382924,24.504707],[54.382809,24.504652],[54.382733,24.504657]]]}},{"type":"Feature","properties":{},"geometry":{"type":"Polygon","coordinates":[[[54.382846,24.508246],[54.382867,24.50828],[54.382982,24.508334],[54.383035,24.508307],[54.383015,24.508274],[54.3829,24.508219],[54.382846,24.508246]]]}},{"type":"Feature","properties":{},"geometry":{"type":"Polygon","coordinates":[[[54.381772,24.509314],[54.38161,24.509225],[54.381563,24.509278],[54.381725,24.509367],[54.381772,24.509314]]]}},{"type":"Feature","properties":{},"geometry":{"type":"Polygon","coordinates":[[[54.381509,24.511102],[54.382367,24.511768],[54.382942,24.512039],[54.383326,24.511615],[54.382469,24.510951],[54.381894,24.510679],[54.381509,24.511102]]]}},{"type":"Feature","properties":{},"geometry":{"type":"Polygon","coordinates":[[[54.384879,24.480859],[54.385002,24.480916],[54.385113,24.480786],[54.385084,24.480766],[54.385119,24.480726],[54.384874,24.480547],[54.384558,24.480397],[54.384301,24.480207],[54.384291,24.480195],[54.384329,24.480152],[54.384084,24.479973],[54.383701,24.479792],[54.383582,24.479927],[54.384879,24.480859]]]}},{"type":"Feature","properties":{},"geometry":{"type":"Polygon","coordinates":[[[54.383512,24.481991],[54.383668,24.482072],[54.383705,24.482025],[54.383549,24.481944],[54.383512,24.481991]]]}},{"type":"Feature","properties":{},"geometry":{"type":"Polygon","coordinates":[[[54.383927,24.482113],[54.383768,24.482032],[54.383703,24.482123],[54.383863,24.482203],[54.383927,24.482113]]]}},{"type":"Feature","properties":{},"geometry":{"type":"Polygon","coordinates":[[[54.38401,24.482294],[54.383826,24.482197],[54.383798,24.482235],[54.383981,24.482332],[54.38401,24.482294]]]}},{"type":"Feature","properties":{},"geometry":{"type":"Polygon","coordinates":[[[54.384052,24.482989],[54.384267,24.48309],[54.384415,24.482919],[54.384307,24.482841],[54.384338,24.482856],[54.384486,24.482685],[54.384346,24.482585],[54.384223,24.482527],[54.384075,24.482698],[54.384183,24.482775],[54.38406,24.482717],[54.383912,24.482889],[54.384052,24.482989]]]}},{"type":"Feature","properties":{},"geometry":{"type":"Polygon","coordinates":[[[54.384549,24.484285],[54.38461,24.484222],[54.384593,24.484208],[54.384618,24.484183],[54.384471,24.484102],[54.384385,24.484192],[54.384434,24.484231],[54.384549,24.484285]]]}},{"type":"Feature","properties":{},"geometry":{"type":"Polygon","coordinates":[[[54.384321,24.485075],[54.384269,24.485127],[54.384254,24.485119],[54.38413,24.485244],[54.384142,24.485253],[54.384097,24.485303],[54.38408,24.485295],[54.383967,24.485404],[54.384108,24.485521],[54.384198,24.485564],[54.384093,24.48567],[54.383833,24.485548],[54.38357,24.48582],[54.383925,24.486112],[54.384059,24.486175],[54.384032,24.486202],[54.384391,24.486495],[54.384774,24.486676],[54.385039,24.486404],[54.385019,24.486389],[54.385257,24.486501],[54.385348,24.486408],[54.385543,24.486575],[54.385926,24.486756],[54.386105,24.486584],[54.385834,24.486358],[54.385462,24.486182],[54.385166,24.485942],[54.38507,24.485896],[54.385089,24.485876],[54.384741,24.485585],[54.384583,24.48551],[54.384594,24.4855],[54.384618,24.485511],[54.384743,24.485383],[54.384724,24.485368],[54.384762,24.485327],[54.384827,24.485357],[54.384932,24.485253],[54.384793,24.485138],[54.38441,24.484958],[54.384305,24.485063],[54.384321,24.485075]],[[54.384783,24.486244],[54.384811,24.486267],[54.384731,24.486229],[54.384774,24.486185],[54.384763,24.486176],[54.384823,24.486204],[54.384783,24.486244]],[[54.384307,24.48581],[54.384393,24.485851],[54.384349,24.485892],[54.384265,24.485852],[54.384307,24.48581]]]}},{"type":"Feature","properties":{},"geometry":{"type":"Polygon","coordinates":[[[54.384736,24.487164],[54.384306,24.48686],[54.384191,24.486806],[54.384124,24.486882],[54.38437,24.487044],[54.384364,24.487052],[54.38455,24.487188],[54.384665,24.487243],[54.384736,24.487164]]]}},{"type":"Feature","properties":{},"geometry":{"type":"Polygon","coordinates":[[[54.384651,24.487263],[54.384217,24.486964],[54.384102,24.48691],[54.384035,24.486988],[54.384283,24.48715],[54.384275,24.487158],[54.38446,24.487295],[54.384575,24.487349],[54.384651,24.487263]]]}},{"type":"Feature","properties":{},"geometry":{"type":"Polygon","coordinates":[[[54.384229,24.48731],[54.384039,24.487173],[54.383924,24.487119],[54.383855,24.487199],[54.384084,24.487353],[54.384071,24.487367],[54.383948,24.48728],[54.383834,24.487226],[54.383766,24.487304],[54.383993,24.487457],[54.383956,24.4875],[54.38413,24.487627],[54.384397,24.487753],[54.384372,24.487783],[54.384458,24.487844],[54.384441,24.487866],[54.384339,24.487818],[54.384297,24.487867],[54.384389,24.487936],[54.384373,24.487956],[54.384479,24.488032],[54.384862,24.488212],[54.385164,24.487859],[54.385073,24.487794],[54.38509,24.487773],[54.384981,24.4877],[54.384597,24.487519],[54.384489,24.487452],[54.384561,24.48737],[54.384128,24.487068],[54.384013,24.487014],[54.383944,24.487093],[54.384192,24.487255],[54.384184,24.487264],[54.384373,24.487397],[54.384217,24.487324],[54.384229,24.48731]]]}},{"type":"Feature","properties":{},"geometry":{"type":"Polygon","coordinates":[[[54.383888,24.488131],[54.383848,24.488099],[54.383733,24.488044],[54.38369,24.488085],[54.383845,24.488171],[54.383888,24.488131]]]}},{"type":"Feature","properties":{},"geometry":{"type":"Polygon","coordinates":[[[54.385091,24.489013],[54.384738,24.488761],[54.384488,24.488651],[54.38444,24.48871],[54.384539,24.488779],[54.384653,24.488833],[54.384667,24.488817],[54.384934,24.489008],[54.385049,24.489062],[54.385091,24.489013]]]}},{"type":"Feature","properties":{},"geometry":{"type":"Polygon","coordinates":[[[54.384427,24.49256],[54.384531,24.492621],[54.384675,24.492747],[54.384759,24.492786],[54.384751,24.492798],[54.384975,24.492918],[54.385022,24.492853],[54.384838,24.492753],[54.384846,24.492745],[54.38477,24.492683],[54.384458,24.492517],[54.384427,24.49256]]]}},{"type":"Feature","properties":{},"geometry":{"type":"Polygon","coordinates":[[[54.384233,24.493204],[54.384266,24.493035],[54.384151,24.49298],[54.383918,24.492943],[54.383932,24.492929],[54.38386,24.492867],[54.383745,24.492813],[54.383709,24.492848],[54.383781,24.49291],[54.383896,24.492964],[54.383917,24.492944],[54.383885,24.493112],[54.384,24.493167],[54.384233,24.493204]]]}},{"type":"Feature","properties":{},"geometry":{"type":"Polygon","coordinates":[[[54.384353,24.493525],[54.38408,24.493325],[54.383505,24.493054],[54.383214,24.493412],[54.383499,24.493598],[54.384074,24.493869],[54.384353,24.493525]]]}},{"type":"Feature","properties":{},"geometry":{"type":"Polygon","coordinates":[[[54.383732,24.494307],[54.383521,24.494155],[54.38309,24.493952],[54.382918,24.494149],[54.38313,24.494301],[54.383561,24.494505],[54.383732,24.494307]]]}},{"type":"Feature","properties":{},"geometry":{"type":"Polygon","coordinates":[[[54.384029,24.494279],[54.384056,24.494298],[54.38392,24.494465],[54.38389,24.494451],[54.383846,24.494506],[54.383873,24.494523],[54.383803,24.494609],[54.384282,24.494835],[54.38516,24.495141],[54.38521,24.495082],[54.38464,24.494394],[54.384161,24.494168],[54.384105,24.494237],[54.384075,24.494223],[54.384029,24.494279]]]}},{"type":"Feature","properties":{},"geometry":{"type":"Polygon","coordinates":[[[54.383674,24.497057],[54.383621,24.497122],[54.3838,24.497219],[54.383852,24.497155],[54.383674,24.497057]]]}},{"type":"Feature","properties":{},"geometry":{"type":"Polygon","coordinates":[[[54.384171,24.497497],[54.383596,24.497226],[54.383377,24.497502],[54.383929,24.497866],[54.384504,24.498137],[54.38459,24.498029],[54.384458,24.497925],[54.384486,24.49789],[54.384345,24.497797],[54.384442,24.497675],[54.384171,24.497497]]]}},{"type":"Feature","properties":{},"geometry":{"type":"Polygon","coordinates":[[[54.384271,24.504269],[54.384187,24.50423],[54.384185,24.504024],[54.38361,24.503752],[54.38347,24.503754],[54.383477,24.504365],[54.383429,24.504342],[54.383302,24.504345],[54.383303,24.504399],[54.383437,24.504453],[54.383437,24.504477],[54.383408,24.504477],[54.383408,24.504506],[54.383317,24.504507],[54.383321,24.50491],[54.383896,24.505181],[54.384198,24.505178],[54.384197,24.505124],[54.38428,24.505123],[54.384271,24.504269]]]}},{"type":"Feature","properties":{},"geometry":{"type":"Polygon","coordinates":[[[54.3823,24.510555],[54.382984,24.511092],[54.383559,24.511363],[54.38395,24.510951],[54.383256,24.510412],[54.382681,24.51014],[54.3823,24.510555]]]}},{"type":"Feature","properties":{},"geometry":{"type":"Polygon","coordinates":[[[54.38669,24.482051],[54.386699,24.482115],[54.386814,24.482169],[54.387013,24.482144],[54.387008,24.482082],[54.386893,24.482028],[54.38669,24.482051]]]}},{"type":"Feature","properties":{},"geometry":{"type":"Polygon","coordinates":[[[54.389809,24.482389],[54.389772,24.482455],[54.390018,24.482569],[54.390054,24.482502],[54.389809,24.482389]]]}},{"type":"Feature","properties":{},"geometry":{"type":"Polygon","coordinates":[[[54.390177,24.482878],[54.390112,24.482809],[54.389997,24.482755],[54.389907,24.482825],[54.389972,24.482894],[54.390087,24.482948],[54.390177,24.482878]]]}},{"type":"Feature","properties":{},"geometry":{"type":"Polygon","coordinates":[[[54.388174,24.482881],[54.387778,24.482598],[54.387203,24.482327],[54.386697,24.482936],[54.387087,24.483209],[54.387662,24.483481],[54.388174,24.482881]]]}},{"type":"Feature","properties":{},"geometry":{"type":"Polygon","coordinates":[[[54.388034,24.485167],[54.387919,24.485113],[54.387843,24.485182],[54.387894,24.485229],[54.388009,24.485283],[54.388085,24.485213],[54.388034,24.485167]]]}},{"type":"Feature","properties":{},"geometry":{"type":"Polygon","coordinates":[[[54.389774,24.485799],[54.38973,24.485754],[54.389808,24.485691],[54.389699,24.485579],[54.389584,24.485525],[54.389443,24.485639],[54.389596,24.485795],[54.38971,24.48585],[54.389774,24.485799]]]}},{"type":"Feature","properties":{},"geometry":{"type":"Polygon","coordinates":[[[54.387525,24.486798],[54.387364,24.48671],[54.387265,24.486819],[54.387469,24.486958],[54.387584,24.487012],[54.387654,24.486936],[54.387492,24.486836],[54.387525,24.486798]]]}},{"type":"Feature","properties":{},"geometry":{"type":"Polygon","coordinates":[[[54.385113,24.486646],[54.385057,24.486927],[54.385441,24.487108],[54.385836,24.48717],[54.385899,24.486886],[54.385516,24.486706],[54.385113,24.486646]]]}},{"type":"Feature","properties":{},"geometry":{"type":"Polygon","coordinates":[[[54.386659,24.487109],[54.386568,24.487038],[54.386453,24.486984],[54.386339,24.48711],[54.386425,24.487174],[54.38654,24.487228],[54.386659,24.487109]]]}},{"type":"Feature","properties":{},"geometry":{"type":"Polygon","coordinates":[[[54.384988,24.487398],[54.384808,24.487298],[54.384731,24.487386],[54.38491,24.487485],[54.384988,24.487398]]]}},{"type":"Feature","properties":{},"geometry":{"type":"Polygon","coordinates":[[[54.387711,24.487697],[54.387839,24.487682],[54.387828,24.487553],[54.387511,24.487404],[54.387429,24.487326],[54.386854,24.487055],[54.386515,24.487435],[54.386613,24.487512],[54.386811,24.487605],[54.386827,24.48776],[54.387402,24.488032],[54.387545,24.488018],[54.387522,24.487863],[54.387683,24.487684],[54.387711,24.487697]]]}},{"type":"Feature","properties":{},"geometry":{"type":"Polygon","coordinates":[[[54.386023,24.489168],[54.386064,24.489125],[54.385983,24.489073],[54.38608,24.488964],[54.386012,24.488912],[54.385897,24.488858],[54.385826,24.488922],[54.385906,24.48883],[54.385857,24.488795],[54.385955,24.488841],[54.386005,24.488785],[54.38598,24.488851],[54.386363,24.489032],[54.386499,24.489075],[54.386589,24.488852],[54.386628,24.48881],[54.386845,24.488682],[54.386769,24.488568],[54.386694,24.488533],[54.386717,24.488509],[54.386465,24.488326],[54.386082,24.488145],[54.386055,24.488176],[54.385995,24.488134],[54.38542,24.487862],[54.385374,24.487911],[54.385317,24.487884],[54.385015,24.488232],[54.385171,24.488347],[54.385131,24.488391],[54.38538,24.48857],[54.385716,24.488728],[54.38558,24.488884],[54.385827,24.489066],[54.386023,24.489168]],[[54.386073,24.488608],[54.386066,24.488626],[54.385965,24.488552],[54.385972,24.488543],[54.386073,24.488608]]]}},{"type":"Feature","properties":{},"geometry":{"type":"Polygon","coordinates":[[[54.385056,24.488408],[54.385027,24.488464],[54.385197,24.488542],[54.385226,24.488486],[54.385056,24.488408]]]}},{"type":"Feature","properties":{},"geometry":{"type":"Polygon","coordinates":[[[54.385608,24.489476],[54.385595,24.48949],[54.386065,24.48982],[54.386196,24.489911],[54.386311,24.489965],[54.386347,24.489926],[54.386209,24.489839],[54.386216,24.489831],[54.385782,24.489525],[54.385857,24.489439],[54.38594,24.489478],[54.386191,24.48966],[54.386574,24.489841],[54.386703,24.489665],[54.386424,24.48949],[54.386075,24.489325],[54.385899,24.489191],[54.385573,24.489037],[54.385639,24.488964],[54.38557,24.488914],[54.385455,24.48886],[54.385391,24.48893],[54.385381,24.488923],[54.385463,24.488832],[54.385391,24.488783],[54.385276,24.488729],[54.385218,24.488792],[54.385019,24.488647],[54.384904,24.488593],[54.384825,24.488689],[54.385064,24.488858],[54.385177,24.488911],[54.385384,24.489065],[54.385442,24.489092],[54.385267,24.48929],[54.385379,24.489367],[54.385608,24.489476]]]}},{"type":"Feature","properties":{},"geometry":{"type":"Polygon","coordinates":[[[54.385302,24.489045],[54.385147,24.488972],[54.385098,24.489058],[54.385142,24.489079],[54.38513,24.489092],[54.385192,24.489138],[54.385307,24.489192],[54.38538,24.48911],[54.385297,24.489054],[54.385302,24.489045]]]}},{"type":"Feature","properties":{},"geometry":{"type":"Polygon","coordinates":[[[54.386897,24.490079],[54.387012,24.490133],[54.387077,24.490136],[54.387079,24.490093],[54.386964,24.490038],[54.3869,24.490036],[54.386897,24.490079]]]}},{"type":"Feature","properties":{},"geometry":{"type":"Polygon","coordinates":[[[54.386835,24.490257],[54.387058,24.490415],[54.387172,24.490469],[54.387293,24.490331],[54.38707,24.490171],[54.386955,24.490116],[54.386835,24.490257]]]}},{"type":"Feature","properties":{},"geometry":{"type":"Polygon","coordinates":[[[54.386457,24.490911],[54.386418,24.49089],[54.386428,24.490875],[54.386213,24.490767],[54.386158,24.490851],[54.386412,24.49098],[54.386457,24.490911]]]}},{"type":"Feature","properties":{},"geometry":{"type":"Polygon","coordinates":[[[54.386395,24.491831],[54.386517,24.491888],[54.386587,24.491804],[54.386477,24.491729],[54.386696,24.491611],[54.386863,24.491413],[54.385765,24.490601],[54.385526,24.490487],[54.384776,24.491378],[54.386208,24.492355],[54.386448,24.492469],[54.386506,24.492367],[54.386476,24.4923],[54.386389,24.492211],[54.386362,24.492045],[54.386362,24.491908],[54.386395,24.491831]]]}},{"type":"Feature","properties":{},"geometry":{"type":"Polygon","coordinates":[[[54.38472,24.491473],[54.384885,24.491548],[54.384909,24.491501],[54.384744,24.491426],[54.38472,24.491473]]]}},{"type":"Feature","properties":{},"geometry":{"type":"Polygon","coordinates":[[[54.38484,24.491645],[54.384781,24.491594],[54.384666,24.491539],[54.384628,24.491576],[54.384688,24.491627],[54.384803,24.491681],[54.38484,24.491645]]]}},{"type":"Feature","properties":{},"geometry":{"type":"Polygon","coordinates":[[[54.384507,24.491724],[54.384815,24.491935],[54.38493,24.49199],[54.384996,24.491909],[54.384689,24.491698],[54.384574,24.491644],[54.384507,24.491724]]]}},{"type":"Feature","properties":{},"geometry":{"type":"Polygon","coordinates":[[[54.384485,24.491787],[54.384767,24.491986],[54.384882,24.49204],[54.384911,24.492006],[54.384628,24.491808],[54.384513,24.491754],[54.384485,24.491787]]]}},{"type":"Feature","properties":{},"geometry":{"type":"Polygon","coordinates":[[[54.385173,24.492498],[54.386085,24.493168],[54.38666,24.493439],[54.386888,24.492846],[54.386128,24.492309],[54.385608,24.492064],[54.385624,24.492039],[54.385466,24.491961],[54.385403,24.492058],[54.385499,24.492107],[54.385395,24.492238],[54.385495,24.492304],[54.385452,24.492349],[54.385476,24.492313],[54.385307,24.492195],[54.385394,24.492091],[54.385278,24.492029],[54.385366,24.491954],[54.385286,24.491876],[54.385171,24.491822],[54.385123,24.491862],[54.385094,24.491848],[54.384938,24.491981],[54.385017,24.492058],[54.384958,24.492031],[54.384881,24.492129],[54.384835,24.492107],[54.384774,24.492154],[54.384704,24.492257],[54.384922,24.492379],[54.385173,24.492498]]]}},{"type":"Feature","properties":{},"geometry":{"type":"Polygon","coordinates":[[[54.388613,24.493996],[54.388608,24.493958],[54.388563,24.493937],[54.388983,24.493228],[54.388918,24.493116],[54.388344,24.492845],[54.38829,24.492837],[54.388253,24.492863],[54.388244,24.492895],[54.388222,24.492885],[54.387805,24.493598],[54.388477,24.493906],[54.38838,24.493917],[54.388385,24.493955],[54.3885,24.494009],[54.388613,24.493996]]]}},{"type":"Feature","properties":{},"geometry":{"type":"Polygon","coordinates":[[[54.388313,24.493964],[54.38828,24.494084],[54.388453,24.494151],[54.388486,24.494032],[54.388313,24.493964]]]}},{"type":"Feature","properties":{},"geometry":{"type":"Polygon","coordinates":[[[54.384548,24.494076],[54.385794,24.494664],[54.385963,24.494459],[54.386605,24.494762],[54.386763,24.494573],[54.385973,24.49403],[54.384727,24.493442],[54.384327,24.493925],[54.384548,24.494076]]]}},{"type":"Feature","properties":{},"geometry":{"type":"Polygon","coordinates":[[[54.390745,24.494386],[54.390696,24.494032],[54.390121,24.493761],[54.389653,24.493815],[54.389108,24.493557],[54.389031,24.493561],[54.389049,24.494002],[54.389139,24.494073],[54.389101,24.494112],[54.389134,24.494774],[54.389225,24.494818],[54.389231,24.494932],[54.389806,24.495203],[54.389917,24.495198],[54.389881,24.494462],[54.3898,24.494416],[54.389935,24.49448],[54.390745,24.494386]]]}},{"type":"Feature","properties":{},"geometry":{"type":"Polygon","coordinates":[[[54.387698,24.49491],[54.388589,24.49533],[54.388718,24.495158],[54.388519,24.495036],[54.388677,24.494651],[54.388872,24.494715],[54.388947,24.494533],[54.388056,24.494112],[54.387649,24.493977],[54.387358,24.494681],[54.387698,24.49491]]]}},{"type":"Feature","properties":{},"geometry":{"type":"Polygon","coordinates":[[[54.385487,24.494878],[54.385518,24.494838],[54.385326,24.494734],[54.385301,24.494766],[54.385269,24.494751],[54.385134,24.494926],[54.385224,24.494996],[54.385426,24.495094],[54.385558,24.494923],[54.385487,24.494878]]]}},{"type":"Feature","properties":{},"geometry":{"type":"Polygon","coordinates":[[[54.388159,24.495814],[54.388354,24.495923],[54.388611,24.495898],[54.3886,24.495801],[54.388398,24.495709],[54.388347,24.495714],[54.388296,24.49569],[54.388146,24.495705],[54.388159,24.495814]]]}},{"type":"Feature","properties":{},"geometry":{"type":"Polygon","coordinates":[[[54.389841,24.495821],[54.389862,24.495928],[54.389976,24.495982],[54.39007,24.495967],[54.39005,24.495861],[54.389935,24.495807],[54.389841,24.495821]]]}},{"type":"Feature","properties":{},"geometry":{"type":"Polygon","coordinates":[[[54.387574,24.496068],[54.387666,24.49676],[54.388241,24.497032],[54.388991,24.496949],[54.388899,24.496256],[54.388325,24.495985],[54.387574,24.496068]]]}},{"type":"Feature","properties":{},"geometry":{"type":"Polygon","coordinates":[[[54.386579,24.497389],[54.38654,24.497392],[54.386584,24.497755],[54.386626,24.497774],[54.386643,24.497912],[54.386615,24.497915],[54.386626,24.498009],[54.38667,24.498029],[54.38671,24.49836],[54.386674,24.498363],[54.386683,24.498432],[54.386734,24.498456],[54.386772,24.498766],[54.386868,24.498811],[54.38724,24.498774],[54.387228,24.498675],[54.387247,24.498684],[54.387486,24.49866],[54.387466,24.498489],[54.387514,24.498498],[54.387986,24.498463],[54.387984,24.498449],[54.388325,24.498415],[54.388872,24.498673],[54.389022,24.498658],[54.389015,24.498606],[54.389126,24.498643],[54.389267,24.498628],[54.38915,24.497697],[54.389542,24.49766],[54.389549,24.497806],[54.389664,24.49786],[54.389865,24.497848],[54.389858,24.497677],[54.389683,24.497601],[54.389601,24.497604],[54.389604,24.497657],[54.389544,24.497659],[54.389537,24.497579],[54.389557,24.497577],[54.389535,24.497384],[54.389508,24.497372],[54.389501,24.497307],[54.388926,24.497036],[54.388768,24.497051],[54.388649,24.496995],[54.388009,24.497054],[54.387604,24.497104],[54.387617,24.497215],[54.387581,24.497217],[54.38752,24.497188],[54.387299,24.497212],[54.387278,24.497058],[54.387356,24.49705],[54.387342,24.496943],[54.387311,24.496928],[54.387262,24.496933],[54.387179,24.4963],[54.38694,24.496187],[54.386709,24.496212],[54.386851,24.497281],[54.38657,24.497309],[54.386579,24.497389]]]}},{"type":"Feature","properties":{},"geometry":{"type":"Polygon","coordinates":[[[54.386931,24.49892],[54.386817,24.498866],[54.386647,24.498885],[54.386653,24.498939],[54.386768,24.498993],[54.386936,24.498975],[54.386931,24.49892]]]}},{"type":"Feature","properties":{},"geometry":{"type":"Polygon","coordinates":[[[54.389403,24.499085],[54.388005,24.4992],[54.388028,24.499417],[54.387727,24.499275],[54.386775,24.499375],[54.386768,24.499506],[54.386877,24.499783],[54.386944,24.499887],[54.387235,24.500209],[54.387459,24.500387],[54.387532,24.500461],[54.388096,24.500864],[54.387919,24.500905],[54.388012,24.50105],[54.388047,24.501141],[54.388191,24.501209],[54.388236,24.501164],[54.388288,24.501588],[54.388256,24.50156],[54.388112,24.501492],[54.38812,24.501571],[54.388053,24.501752],[54.388149,24.501797],[54.388134,24.501871],[54.387944,24.502077],[54.387908,24.50206],[54.387837,24.502137],[54.387872,24.502162],[54.387597,24.502492],[54.387637,24.502533],[54.387613,24.502521],[54.387477,24.502822],[54.387592,24.502877],[54.387665,24.503036],[54.387577,24.503046],[54.387576,24.503105],[54.387363,24.503126],[54.387339,24.50325],[54.388719,24.503901],[54.388748,24.503897],[54.389055,24.504042],[54.389612,24.503845],[54.389451,24.503717],[54.388223,24.503137],[54.38811,24.502872],[54.388328,24.50251],[54.388319,24.502456],[54.388641,24.502436],[54.388742,24.503235],[54.388886,24.503302],[54.389134,24.503276],[54.389133,24.50332],[54.389248,24.503375],[54.389355,24.503376],[54.389356,24.503323],[54.389215,24.503268],[54.390099,24.503176],[54.390064,24.502895],[54.39032,24.502871],[54.390308,24.502758],[54.390343,24.502755],[54.390329,24.502635],[54.3903,24.502621],[54.390343,24.502616],[54.390406,24.5031],[54.390616,24.503199],[54.391368,24.503135],[54.391311,24.502622],[54.391629,24.502579],[54.39121,24.499099],[54.392123,24.499004],[54.392079,24.49865],[54.390929,24.498107],[54.389896,24.498215],[54.389941,24.498568],[54.390611,24.498885],[54.389877,24.498968],[54.389968,24.499683],[54.389606,24.499716],[54.389546,24.499153],[54.389403,24.499085]],[[54.389999,24.499943],[54.390069,24.500486],[54.389567,24.500249],[54.389485,24.500258],[54.389421,24.500227],[54.389282,24.500242],[54.389287,24.500282],[54.389265,24.500284],[54.389257,24.500214],[54.3892,24.500188],[54.389196,24.50008],[54.389641,24.50004],[54.389632,24.499964],[54.389661,24.499977],[54.389999,24.499943]],[[54.389504,24.502144],[54.389495,24.502051],[54.390201,24.502384],[54.390045,24.502399],[54.389998,24.502377],[54.389994,24.502344],[54.389851,24.502276],[54.389797,24.502282],[54.389504,24.502144]],[[54.389829,24.50138],[54.389798,24.501079],[54.389827,24.501076],[54.390165,24.501236],[54.390225,24.501701],[54.389737,24.501471],[54.38965,24.501478],[54.389594,24.501451],[54.389464,24.501461],[54.389467,24.501497],[54.389441,24.501499],[54.389439,24.501474],[54.3895,24.501354],[54.389588,24.501317],[54.389723,24.501333],[54.389829,24.50138]]]}},{"type":"Feature","properties":{},"geometry":{"type":"Polygon","coordinates":[[[54.389074,24.503408],[54.389067,24.503357],[54.388952,24.503303],[54.388737,24.503327],[54.388744,24.503378],[54.388858,24.503432],[54.389074,24.503408]]]}},{"type":"Feature","properties":{},"geometry":{"type":"Polygon","coordinates":[[[54.388163,24.503644],[54.388048,24.50359],[54.387984,24.503605],[54.387995,24.503646],[54.38811,24.5037],[54.388175,24.503686],[54.388163,24.503644]]]}},{"type":"Feature","properties":{},"geometry":{"type":"Polygon","coordinates":[[[54.387526,24.504116],[54.387608,24.504155],[54.387672,24.504152],[54.387668,24.504072],[54.387639,24.504058],[54.387634,24.504024],[54.387519,24.503969],[54.3874,24.503984],[54.387407,24.504026],[54.387492,24.504074],[54.387406,24.504034],[54.387362,24.50404],[54.38737,24.504086],[54.387485,24.504141],[54.387529,24.504134],[54.387526,24.504116]]]}},{"type":"Feature","properties":{},"geometry":{"type":"Polygon","coordinates":[[[54.389366,24.507109],[54.389363,24.507075],[54.389248,24.507021],[54.389152,24.507028],[54.389156,24.507062],[54.38927,24.507116],[54.389366,24.507109]]]}},{"type":"Feature","properties":{},"geometry":{"type":"Polygon","coordinates":[[[54.39058,24.482459],[54.390563,24.482582],[54.390678,24.482636],[54.390812,24.482649],[54.390833,24.482526],[54.390718,24.482472],[54.39058,24.482459]]]}},{"type":"Feature","properties":{},"geometry":{"type":"Polygon","coordinates":[[[54.391324,24.483086],[54.391056,24.482942],[54.390997,24.483025],[54.391238,24.483168],[54.391353,24.483222],[54.391361,24.483212],[54.391886,24.483463],[54.391963,24.483341],[54.391873,24.483277],[54.391946,24.483156],[54.391994,24.483178],[54.392003,24.483161],[54.392051,24.483184],[54.392111,24.483086],[54.392232,24.483144],[54.392244,24.483125],[54.392257,24.483131],[54.392207,24.483218],[54.392307,24.483266],[54.392282,24.483312],[54.39249,24.483409],[54.392591,24.483234],[54.392174,24.483027],[54.392157,24.483059],[54.392042,24.483006],[54.392034,24.48302],[54.391509,24.482769],[54.391485,24.482812],[54.390942,24.482565],[54.390825,24.482772],[54.391143,24.482921],[54.391153,24.482903],[54.39131,24.482979],[54.391341,24.482929],[54.3914,24.482956],[54.391324,24.483086]],[[54.391256,24.482798],[54.391247,24.482816],[54.391264,24.482825],[54.391243,24.482864],[54.391191,24.482839],[54.391224,24.482782],[54.391256,24.482798]]]}},{"type":"Feature","properties":{},"geometry":{"type":"Polygon","coordinates":[[[54.390461,24.482735],[54.390825,24.482927],[54.39088,24.482846],[54.390518,24.482654],[54.390461,24.482735]]]}},{"type":"Feature","properties":{},"geometry":{"type":"Polygon","coordinates":[[[54.391726,24.483511],[54.391742,24.483481],[54.391532,24.483387],[54.391516,24.483417],[54.391726,24.483511]]]}},{"type":"Feature","properties":{},"geometry":{"type":"Polygon","coordinates":[[[54.391618,24.483747],[54.391627,24.483737],[54.391707,24.483775],[54.391791,24.483679],[54.391607,24.483539],[54.391224,24.483358],[54.391015,24.483564],[54.391235,24.483718],[54.391186,24.48376],[54.391324,24.483896],[54.391439,24.48395],[54.391526,24.483874],[54.391488,24.483837],[54.391603,24.483892],[54.391683,24.4838],[54.391618,24.483747]]]}},{"type":"Feature","properties":{},"geometry":{"type":"Polygon","coordinates":[[[54.39068,24.484447],[54.390799,24.484563],[54.390914,24.484617],[54.391005,24.484539],[54.390886,24.484423],[54.390771,24.484369],[54.39068,24.484447]]]}},{"type":"Feature","properties":{},"geometry":{"type":"Polygon","coordinates":[[[54.394521,24.488303],[54.396144,24.489056],[54.396227,24.488989],[54.396319,24.489032],[54.396536,24.488857],[54.396462,24.488782],[54.39656,24.488703],[54.396387,24.488526],[54.395611,24.48816],[54.395326,24.487751],[54.396395,24.488255],[54.396778,24.487913],[54.396746,24.487883],[54.395338,24.487219],[54.395256,24.487186],[54.395144,24.487174],[54.395019,24.487192],[54.39497,24.487235],[54.395012,24.487275],[54.394866,24.487404],[54.394906,24.48744],[54.394878,24.487465],[54.39462,24.487343],[54.39458,24.487376],[54.394555,24.487364],[54.394369,24.487515],[54.39452,24.487665],[54.394482,24.487698],[54.394275,24.4876],[54.394095,24.487756],[54.394113,24.487773],[54.394066,24.487813],[54.394198,24.487939],[54.394521,24.488303]]]}},{"type":"Feature","properties":{},"geometry":{"type":"Polygon","coordinates":[[[54.392619,24.489061],[54.392688,24.489106],[54.392839,24.489252],[54.392886,24.489319],[54.39303,24.489386],[54.393288,24.489283],[54.393416,24.489343],[54.393947,24.489274],[54.393894,24.488937],[54.39375,24.488869],[54.393211,24.48894],[54.393161,24.488854],[54.393154,24.48879],[54.393168,24.488726],[54.3932,24.488669],[54.39325,24.488622],[54.393325,24.488586],[54.393851,24.48854],[54.393793,24.487985],[54.393649,24.487917],[54.392872,24.487985],[54.392909,24.488341],[54.392655,24.488656],[54.392483,24.488575],[54.392314,24.488534],[54.392295,24.488626],[54.392215,24.488605],[54.392125,24.48894],[54.392268,24.489008],[54.392531,24.489034],[54.392619,24.489061]]]}},{"type":"Feature","properties":{},"geometry":{"type":"Polygon","coordinates":[[[54.394339,24.488873],[54.39419,24.488888],[54.394231,24.489235],[54.394395,24.489313],[54.394398,24.489338],[54.395711,24.489957],[54.395898,24.489938],[54.395884,24.489825],[54.395976,24.489816],[54.395934,24.489462],[54.395825,24.489411],[54.395821,24.489374],[54.394508,24.488755],[54.394327,24.488773],[54.394339,24.488873]]]}},{"type":"Feature","properties":{},"geometry":{"type":"Polygon","coordinates":[[[54.394421,24.489601],[54.394271,24.489615],[54.394312,24.489967],[54.394475,24.490044],[54.394481,24.490096],[54.395794,24.490715],[54.395982,24.490697],[54.395965,24.490552],[54.396058,24.490543],[54.396017,24.490192],[54.395909,24.490141],[54.395904,24.490103],[54.394592,24.489484],[54.39441,24.489501],[54.394421,24.489601]]]}},{"type":"Feature","properties":{},"geometry":{"type":"Polygon","coordinates":[[[54.392519,24.490938],[54.392539,24.490938],[54.39257,24.490997],[54.392713,24.491065],[54.393104,24.491014],[54.393444,24.491198],[54.393496,24.491129],[54.393662,24.491215],[54.393725,24.49123],[54.393467,24.491543],[54.393444,24.491362],[54.392869,24.491091],[54.392169,24.491164],[54.39221,24.49149],[54.392463,24.49161],[54.392547,24.492146],[54.394156,24.492906],[54.394573,24.492852],[54.394596,24.492678],[54.395522,24.493115],[54.39554,24.493094],[54.395659,24.49315],[54.395761,24.493034],[54.395666,24.492965],[54.395709,24.492916],[54.395459,24.492736],[54.393098,24.49161],[54.393442,24.491574],[54.393494,24.491719],[54.39383,24.491951],[54.393907,24.491988],[54.39513,24.490519],[54.394959,24.490406],[54.394882,24.49037],[54.394655,24.490384],[54.394497,24.490409],[54.394352,24.490468],[54.394112,24.49076],[54.394034,24.490672],[54.393907,24.490604],[54.393984,24.490562],[54.394122,24.490386],[54.394035,24.489881],[54.393891,24.489814],[54.393536,24.489844],[54.393237,24.48969],[54.392995,24.489698],[54.392899,24.490086],[54.392856,24.490178],[54.392767,24.490289],[54.392729,24.490281],[54.392598,24.490361],[54.392349,24.490475],[54.392143,24.490511],[54.391935,24.490511],[54.391736,24.490465],[54.391721,24.490502],[54.391735,24.490577],[54.3917,24.4906],[54.391651,24.49071],[54.391724,24.490779],[54.391867,24.490847],[54.392086,24.490889],[54.392446,24.491001],[54.392519,24.490938]]]}},{"type":"Feature","properties":{},"geometry":{"type":"Polygon","coordinates":[[[54.39659,24.492318],[54.396341,24.492139],[54.394932,24.491475],[54.394754,24.49168],[54.394995,24.491853],[54.395978,24.492317],[54.395653,24.492258],[54.395636,24.492337],[54.394662,24.491877],[54.394633,24.491914],[54.394529,24.491865],[54.394395,24.492033],[54.394486,24.492093],[54.394448,24.492141],[54.394583,24.492231],[54.395992,24.492895],[54.396054,24.492817],[54.396161,24.492867],[54.396226,24.492784],[54.39638,24.492812],[54.396446,24.492513],[54.396419,24.4925],[54.396541,24.492553],[54.396642,24.492436],[54.396547,24.492368],[54.39659,24.492318]]]}},{"type":"Feature","properties":{},"geometry":{"type":"Polygon","coordinates":[[[54.390808,24.492922],[54.390702,24.492825],[54.390587,24.492771],[54.390399,24.492942],[54.390505,24.493039],[54.39062,24.493093],[54.390808,24.492922]]]}},{"type":"Feature","properties":{},"geometry":{"type":"Polygon","coordinates":[[[54.394509,24.493559],[54.394446,24.493174],[54.392808,24.492401],[54.392226,24.492479],[54.392288,24.492864],[54.393927,24.493637],[54.394509,24.493559]]]}},{"type":"Feature","properties":{},"geometry":{"type":"Polygon","coordinates":[[[54.393515,24.494441],[54.393367,24.494459],[54.393371,24.494483],[54.39331,24.49449],[54.393345,24.49473],[54.393728,24.494911],[54.393997,24.494879],[54.393965,24.494663],[54.393515,24.494441]]]}},{"type":"Feature","properties":{},"geometry":{"type":"Polygon","coordinates":[[[54.392741,24.49608],[54.393316,24.496352],[54.393372,24.496309],[54.394203,24.496227],[54.394314,24.49628],[54.394439,24.496265],[54.394644,24.496082],[54.39486,24.496057],[54.394775,24.495448],[54.3942,24.495176],[54.393632,24.495242],[54.393648,24.495351],[54.393572,24.495316],[54.392676,24.495443],[54.392741,24.49608]]]}},{"type":"Feature","properties":{},"geometry":{"type":"Polygon","coordinates":[[[54.390147,24.496033],[54.390156,24.496107],[54.390174,24.496116],[54.390205,24.496364],[54.39078,24.496635],[54.390964,24.496616],[54.390951,24.49651],[54.391023,24.496503],[54.391008,24.496387],[54.391202,24.496367],[54.39115,24.495948],[54.390576,24.495677],[54.390226,24.495712],[54.390227,24.495726],[54.390109,24.495729],[54.390113,24.495837],[54.390248,24.49589],[54.390267,24.496045],[54.390224,24.496025],[54.390147,24.496033]]]}},{"type":"Feature","properties":{},"geometry":{"type":"Polygon","coordinates":[[[54.391611,24.497075],[54.391612,24.49705],[54.391658,24.497072],[54.391778,24.497067],[54.391776,24.497028],[54.391661,24.496974],[54.391541,24.496979],[54.391542,24.497008],[54.391497,24.496987],[54.391422,24.496985],[54.391421,24.497019],[54.391536,24.497073],[54.391611,24.497075]]]}},{"type":"Feature","properties":{},"geometry":{"type":"Polygon","coordinates":[[[54.391785,24.497172],[54.391777,24.497135],[54.391662,24.49708],[54.391607,24.49709],[54.391615,24.497128],[54.39173,24.497182],[54.391785,24.497172]]]}},{"type":"Feature","properties":{},"geometry":{"type":"Polygon","coordinates":[[[54.391345,24.497295],[54.391458,24.497298],[54.391459,24.497235],[54.391386,24.4972],[54.391419,24.4972],[54.391424,24.497106],[54.391309,24.497052],[54.391186,24.49705],[54.391184,24.497144],[54.391256,24.497178],[54.391232,24.497178],[54.39123,24.497241],[54.391345,24.497295]]]}},{"type":"Feature","properties":{},"geometry":{"type":"Polygon","coordinates":[[[54.394542,24.496821],[54.39431,24.497106],[54.39439,24.49739],[54.395216,24.497779],[54.395344,24.497714],[54.39546,24.497619],[54.395449,24.497545],[54.395492,24.497482],[54.395572,24.497443],[54.395605,24.497385],[54.395117,24.497093],[54.394542,24.496821]]]}},{"type":"Feature","properties":{},"geometry":{"type":"Polygon","coordinates":[[[54.393313,24.498116],[54.39331,24.498197],[54.393425,24.498251],[54.393467,24.498252],[54.39347,24.498171],[54.393355,24.498117],[54.393313,24.498116]]]}},{"type":"Feature","properties":{},"geometry":{"type":"Polygon","coordinates":[[[54.39308,24.498925],[54.393496,24.498906],[54.393464,24.498688],[54.391881,24.497941],[54.391505,24.497815],[54.391368,24.497883],[54.391404,24.498122],[54.391497,24.498179],[54.39308,24.498925]]]}},{"type":"Feature","properties":{},"geometry":{"type":"Polygon","coordinates":[[[54.393466,24.49866],[54.393621,24.499665],[54.394196,24.499936],[54.395945,24.499743],[54.395835,24.498935],[54.395711,24.498814],[54.395136,24.498542],[54.393466,24.49866]]]}},{"type":"Feature","properties":{},"geometry":{"type":"Polygon","coordinates":[[[54.395241,24.500009],[54.395264,24.500113],[54.395379,24.500167],[54.395411,24.500161],[54.395388,24.500057],[54.395273,24.500002],[54.395241,24.500009]]]}},{"type":"Feature","properties":{},"geometry":{"type":"Polygon","coordinates":[[[54.394869,24.500337],[54.39489,24.500451],[54.395004,24.500505],[54.395051,24.500498],[54.395031,24.500384],[54.394916,24.50033],[54.394869,24.500337]]]}},{"type":"Feature","properties":{},"geometry":{"type":"Polygon","coordinates":[[[54.391889,24.500727],[54.391623,24.500751],[54.39166,24.500999],[54.392043,24.501179],[54.392304,24.50115],[54.392272,24.500907],[54.391889,24.500727]]]}},{"type":"Feature","properties":{},"geometry":{"type":"Polygon","coordinates":[[[54.392306,24.503724],[54.392298,24.503675],[54.392183,24.503621],[54.392091,24.503633],[54.392099,24.503682],[54.392204,24.503732],[54.392105,24.503737],[54.392111,24.503839],[54.392226,24.503893],[54.392389,24.503885],[54.392383,24.503783],[54.392269,24.503729],[54.392306,24.503724]]]}},{"type":"Feature","properties":{},"geometry":{"type":"Polygon","coordinates":[[[54.392669,24.503865],[54.392669,24.503816],[54.392554,24.503762],[54.392463,24.503763],[54.392463,24.503812],[54.392578,24.503866],[54.392669,24.503865]]]}},{"type":"Feature","properties":{},"geometry":{"type":"Polygon","coordinates":[[[54.392065,24.504132],[54.392194,24.504186],[54.392202,24.504255],[54.392139,24.504225],[54.39209,24.504227],[54.392098,24.504395],[54.392213,24.50445],[54.392256,24.504448],[54.392327,24.504481],[54.392177,24.504496],[54.39221,24.504771],[54.39246,24.504889],[54.392482,24.505074],[54.392597,24.505128],[54.392707,24.505117],[54.392686,24.504943],[54.393036,24.504908],[54.393003,24.504633],[54.3927,24.50449],[54.392683,24.504346],[54.392707,24.504339],[54.392695,24.504303],[54.392678,24.504295],[54.392662,24.504161],[54.392705,24.504156],[54.392673,24.503935],[54.392558,24.503881],[54.392347,24.503906],[54.392354,24.503956],[54.392272,24.503917],[54.392164,24.503927],[54.392169,24.503968],[54.392104,24.503938],[54.392054,24.50394],[54.392065,24.504132]]]}},{"type":"Feature","properties":{},"geometry":{"type":"Polygon","coordinates":[[[54.392173,24.504863],[54.392181,24.504943],[54.392296,24.504997],[54.392351,24.504992],[54.392343,24.504913],[54.392228,24.504858],[54.392173,24.504863]]]}},{"type":"Feature","properties":{},"geometry":{"type":"Polygon","coordinates":[[[54.392384,24.505266],[54.392383,24.505222],[54.392437,24.505248],[54.392529,24.505245],[54.392558,24.505648],[54.392941,24.505829],[54.393156,24.505816],[54.39312,24.505317],[54.392737,24.505136],[54.392547,24.505147],[54.392546,24.505135],[54.392431,24.505081],[54.392319,24.505083],[54.39232,24.505129],[54.392266,24.505103],[54.392208,24.505104],[54.392211,24.505213],[54.392326,24.505268],[54.392384,24.505266]]]}},{"type":"Feature","properties":{},"geometry":{"type":"Polygon","coordinates":[[[54.390376,24.505385],[54.389993,24.505205],[54.389795,24.505218],[54.389806,24.505358],[54.389761,24.505337],[54.389699,24.505341],[54.389702,24.50538],[54.38964,24.505384],[54.389658,24.505614],[54.389773,24.505669],[54.38983,24.505665],[54.389842,24.505811],[54.390225,24.505992],[54.390439,24.505978],[54.390412,24.505637],[54.390396,24.505629],[54.390376,24.505385]]]}},{"type":"Feature","properties":{},"geometry":{"type":"Polygon","coordinates":[[[54.39217,24.506951],[54.392213,24.506942],[54.392203,24.5069],[54.392088,24.506846],[54.391978,24.506869],[54.391993,24.506929],[54.391942,24.506905],[54.39198,24.506901],[54.391974,24.506855],[54.391859,24.506801],[54.39177,24.50681],[54.391776,24.506856],[54.391881,24.506905],[54.391888,24.506957],[54.392003,24.507012],[54.392039,24.507008],[54.392034,24.506975],[54.392116,24.507013],[54.392182,24.507],[54.39217,24.506951]]]}},{"type":"Feature","properties":{},"geometry":{"type":"Polygon","coordinates":[[[54.39253,24.506794],[54.392556,24.507137],[54.39294,24.507318],[54.393125,24.507306],[54.393098,24.506963],[54.392715,24.506783],[54.39253,24.506794]]]}},{"type":"Feature","properties":{},"geometry":{"type":"Polygon","coordinates":[[[54.391816,24.507144],[54.391931,24.507198],[54.392057,24.507196],[54.392055,24.507107],[54.39194,24.507053],[54.391814,24.507055],[54.391816,24.507144]]]}},{"type":"Feature","properties":{},"geometry":{"type":"Polygon","coordinates":[[[54.392328,24.507647],[54.392317,24.507508],[54.391934,24.507327],[54.391531,24.507352],[54.391541,24.50749],[54.391924,24.507671],[54.392328,24.507647]]]}},{"type":"Feature","properties":{},"geometry":{"type":"Polygon","coordinates":[[[54.391047,24.507429],[54.391046,24.50751],[54.391161,24.507564],[54.391294,24.507565],[54.391295,24.507485],[54.39118,24.507431],[54.391047,24.507429]]]}},{"type":"Feature","properties":{},"geometry":{"type":"Polygon","coordinates":[[[54.393203,24.508791],[54.393203,24.508778],[54.393331,24.508788],[54.393332,24.508754],[54.393217,24.5087],[54.393104,24.508696],[54.393103,24.508714],[54.39297,24.508709],[54.39297,24.508739],[54.393085,24.508793],[54.393203,24.508791]]]}},{"type":"Feature","properties":{},"geometry":{"type":"Polygon","coordinates":[[[54.393317,24.509272],[54.393434,24.509442],[54.393476,24.509462],[54.393457,24.509472],[54.393334,24.509406],[54.393287,24.509433],[54.393329,24.509491],[54.393311,24.509483],[54.393096,24.509587],[54.393144,24.509669],[54.393243,24.509716],[54.393287,24.509787],[54.393862,24.510059],[54.393937,24.510021],[54.393954,24.510029],[54.393848,24.510074],[54.393879,24.510134],[54.393994,24.510188],[54.394026,24.510175],[54.394036,24.510193],[54.394151,24.510247],[54.394221,24.510216],[54.394367,24.510296],[54.394466,24.5102],[54.394405,24.510149],[54.39429,24.510095],[54.39427,24.510115],[54.394225,24.510094],[54.394183,24.510134],[54.394154,24.510119],[54.39431,24.510052],[54.394278,24.509992],[54.394163,24.509938],[54.394019,24.510001],[54.393997,24.50999],[54.394134,24.509921],[54.394192,24.509948],[54.394288,24.509907],[54.394251,24.509835],[54.39437,24.509775],[54.394138,24.509396],[54.393732,24.509205],[54.393773,24.509203],[54.39377,24.509148],[54.393655,24.509094],[54.393604,24.509096],[54.393607,24.509146],[54.393563,24.509125],[54.393369,24.509224],[54.393388,24.509255],[54.393366,24.509245],[54.393317,24.509272]]]}},{"type":"Feature","properties":{},"geometry":{"type":"Polygon","coordinates":[[[54.392992,24.509738],[54.393178,24.509832],[54.393206,24.509791],[54.393021,24.509696],[54.392992,24.509738]]]}},{"type":"Feature","properties":{},"geometry":{"type":"Polygon","coordinates":[[[54.393764,24.510129],[54.393786,24.510183],[54.393901,24.510237],[54.39396,24.510217],[54.393938,24.510163],[54.393823,24.510109],[54.393764,24.510129]]]}},{"type":"Feature","properties":{},"geometry":{"type":"Polygon","coordinates":[[[54.40583,24.480188],[54.405905,24.480306],[54.406211,24.48045],[54.406187,24.480469],[54.406197,24.48048],[54.406185,24.480475],[54.406104,24.480529],[54.406136,24.480569],[54.406358,24.480664],[54.406437,24.480741],[54.40682,24.480922],[54.406966,24.480799],[54.406781,24.480617],[54.406583,24.480523],[54.406898,24.480366],[54.40683,24.480258],[54.407005,24.480166],[54.406932,24.480069],[54.40695,24.480054],[54.406886,24.47999],[54.406176,24.479648],[54.405927,24.479779],[54.405983,24.479867],[54.405776,24.479976],[54.405813,24.480035],[54.405737,24.480075],[54.4058,24.480173],[54.40583,24.480188]]]}},{"type":"Feature","properties":{},"geometry":{"type":"Polygon","coordinates":[[[54.405672,24.480452],[54.405699,24.480497],[54.405814,24.480551],[54.40589,24.480514],[54.405862,24.480469],[54.405748,24.480415],[54.405672,24.480452]]]}},{"type":"Feature","properties":{},"geometry":{"type":"Polygon","coordinates":[[[54.405814,24.481048],[54.405796,24.481027],[54.405827,24.481004],[54.405964,24.481055],[54.406083,24.480968],[54.405941,24.480808],[54.405367,24.480537],[54.405313,24.480576],[54.405173,24.48051],[54.405051,24.480599],[54.404982,24.480566],[54.404751,24.480736],[54.404947,24.480958],[54.405522,24.481229],[54.40569,24.481122],[54.405704,24.481128],[54.405814,24.481048]]]}},{"type":"Feature","properties":{},"geometry":{"type":"Polygon","coordinates":[[[54.404829,24.48119],[54.404812,24.481156],[54.404697,24.481102],[54.40464,24.481125],[54.404658,24.48116],[54.404773,24.481214],[54.404829,24.48119]]]}},{"type":"Feature","properties":{},"geometry":{"type":"Polygon","coordinates":[[[54.404491,24.481855],[54.40502,24.481585],[54.404857,24.481307],[54.404282,24.481036],[54.403673,24.48131],[54.403917,24.481584],[54.404491,24.481855]]]}},{"type":"Feature","properties":{},"geometry":{"type":"Polygon","coordinates":[[[54.406035,24.481728],[54.405846,24.481639],[54.405621,24.481752],[54.40558,24.481799],[54.405601,24.481854],[54.405747,24.481985],[54.405787,24.482076],[54.405398,24.481892],[54.40529,24.481997],[54.405261,24.482119],[54.405287,24.48226],[54.405336,24.482344],[54.405379,24.482364],[54.405417,24.48244],[54.406279,24.482846],[54.406476,24.48275],[54.406708,24.483103],[54.407091,24.483284],[54.407267,24.483188],[54.406933,24.482679],[54.406755,24.482595],[54.406983,24.482453],[54.406814,24.48227],[54.406788,24.482215],[54.407091,24.482358],[54.407168,24.482308],[54.407302,24.482429],[54.407416,24.48261],[54.408374,24.483062],[54.408564,24.482991],[54.408605,24.482859],[54.408207,24.482415],[54.407249,24.481963],[54.407199,24.482045],[54.407041,24.481812],[54.406178,24.481406],[54.406001,24.481509],[54.405923,24.481577],[54.406035,24.481728]],[[54.40642,24.482486],[54.406411,24.482447],[54.406452,24.482466],[54.40642,24.482486]]]}},{"type":"Feature","properties":{},"geometry":{"type":"Polygon","coordinates":[[[54.403446,24.483137],[54.40327,24.482797],[54.402946,24.48236],[54.402754,24.48227],[54.402567,24.482346],[54.402569,24.482333],[54.402377,24.482242],[54.402291,24.482238],[54.401421,24.483154],[54.401422,24.483271],[54.401463,24.483334],[54.401655,24.483425],[54.401829,24.483465],[54.402027,24.48338],[54.402342,24.483295],[54.402762,24.483306],[54.403287,24.483486],[54.403212,24.483269],[54.403446,24.483137]]]}},{"type":"Feature","properties":{},"geometry":{"type":"Polygon","coordinates":[[[54.403526,24.485074],[54.40334,24.485265],[54.403951,24.4858],[54.404526,24.486072],[54.404722,24.48588],[54.404942,24.485545],[54.405047,24.485301],[54.405117,24.485081],[54.405115,24.484817],[54.405888,24.485182],[54.406567,24.48532],[54.406691,24.484927],[54.406078,24.484638],[54.406277,24.484641],[54.406278,24.484123],[54.40603,24.483404],[54.405455,24.483133],[54.405126,24.483265],[54.405318,24.483913],[54.404939,24.484017],[54.404994,24.484359],[54.405082,24.484401],[54.405017,24.484393],[54.404946,24.484706],[54.40454,24.484515],[54.403751,24.484451],[54.40362,24.484898],[54.403526,24.485074]]]}},{"type":"Feature","properties":{},"geometry":{"type":"Polygon","coordinates":[[[54.406974,24.485665],[54.406754,24.485552],[54.406713,24.485613],[54.406933,24.485726],[54.406974,24.485665]]]}},{"type":"Feature","properties":{},"geometry":{"type":"Polygon","coordinates":[[[54.40431,24.486395],[54.404023,24.48626],[54.403971,24.486254],[54.403234,24.486607],[54.403444,24.48716],[54.403478,24.487193],[54.403817,24.487343],[54.404055,24.487259],[54.404409,24.487068],[54.404677,24.486872],[54.404705,24.486833],[54.404695,24.486785],[54.40431,24.486395]]]}},{"type":"Feature","properties":{},"geometry":{"type":"Polygon","coordinates":[[[54.400169,24.486792],[54.400636,24.487122],[54.401211,24.487393],[54.401329,24.487429],[54.401441,24.487388],[54.401782,24.486634],[54.401318,24.486395],[54.400743,24.486123],[54.400631,24.486302],[54.400169,24.486792]]]}},{"type":"Feature","properties":{},"geometry":{"type":"Polygon","coordinates":[[[54.40674,24.487932],[54.406445,24.487718],[54.405832,24.487429],[54.405686,24.487602],[54.405983,24.487822],[54.406596,24.488111],[54.40674,24.487932]]]}},{"type":"Feature","properties":{},"geometry":{"type":"Polygon","coordinates":[[[54.4032,24.488407],[54.402625,24.488136],[54.402288,24.488086],[54.401773,24.487981],[54.401144,24.487765],[54.400614,24.487528],[54.400118,24.487206],[54.399543,24.486774],[54.398968,24.486502],[54.397734,24.487851],[54.398874,24.488706],[54.400196,24.489399],[54.40077,24.489671],[54.401541,24.489985],[54.402332,24.490154],[54.403175,24.490214],[54.403455,24.489867],[54.4032,24.488407]]]}},{"type":"Feature","properties":{},"geometry":{"type":"Polygon","coordinates":[[[54.406961,24.490292],[54.406989,24.490373],[54.407104,24.490427],[54.407169,24.490406],[54.407135,24.490325],[54.407021,24.490271],[54.406961,24.490292]]]}},{"type":"Feature","properties":{},"geometry":{"type":"Polygon","coordinates":[[[54.400745,24.490609],[54.400362,24.490428],[54.400058,24.490467],[54.400098,24.490732],[54.400482,24.490913],[54.400785,24.490874],[54.400745,24.490609]]]}},{"type":"Feature","properties":{},"geometry":{"type":"Polygon","coordinates":[[[54.397064,24.491438],[54.395387,24.490647],[54.395185,24.490879],[54.395424,24.49105],[54.397101,24.491841],[54.397303,24.491609],[54.397064,24.491438]]]}},{"type":"Feature","properties":{},"geometry":{"type":"Polygon","coordinates":[[[54.396594,24.491703],[54.395186,24.491038],[54.395007,24.491243],[54.395249,24.491417],[54.396657,24.492081],[54.396675,24.492061],[54.396794,24.492117],[54.396896,24.492],[54.396801,24.491931],[54.396843,24.491882],[54.396594,24.491703]]]}},{"type":"Feature","properties":{},"geometry":{"type":"Polygon","coordinates":[[[54.398498,24.491854],[54.398541,24.492176],[54.398656,24.49223],[54.398782,24.492212],[54.398739,24.491894],[54.398624,24.49184],[54.398498,24.491854]]]}},{"type":"Feature","properties":{},"geometry":{"type":"Polygon","coordinates":[[[54.398753,24.492225],[54.398781,24.49246],[54.398896,24.492515],[54.39921,24.492474],[54.399197,24.492374],[54.399082,24.49232],[54.398951,24.492336],[54.39894,24.49227],[54.398825,24.492216],[54.398753,24.492225]]]}},{"type":"Feature","properties":{},"geometry":{"type":"Polygon","coordinates":[[[54.398525,24.492233],[54.39857,24.492562],[54.398685,24.492616],[54.398761,24.492608],[54.398717,24.492278],[54.398602,24.492224],[54.398525,24.492233]]]}},{"type":"Feature","properties":{},"geometry":{"type":"Polygon","coordinates":[[[54.406591,24.493015],[54.406494,24.492933],[54.406379,24.492879],[54.406249,24.493007],[54.406346,24.493088],[54.406461,24.493142],[54.406591,24.493015]]]}},{"type":"Feature","properties":{},"geometry":{"type":"Polygon","coordinates":[[[54.405376,24.492715],[54.405341,24.492999],[54.4062,24.493728],[54.406323,24.493786],[54.40665,24.493514],[54.406073,24.493036],[54.406437,24.4927],[54.406265,24.492579],[54.406477,24.492479],[54.40637,24.492312],[54.406247,24.492254],[54.405376,24.492715]]]}},{"type":"Feature","properties":{},"geometry":{"type":"Polygon","coordinates":[[[54.399918,24.49302],[54.399973,24.493406],[54.400548,24.493677],[54.401278,24.493592],[54.401224,24.493206],[54.400649,24.492935],[54.399918,24.49302]]]}},{"type":"Feature","properties":{},"geometry":{"type":"Polygon","coordinates":[[[54.404368,24.49465],[54.404785,24.494842],[54.404904,24.49483],[54.404897,24.49477],[54.40493,24.494766],[54.404983,24.494792],[54.405082,24.494782],[54.40508,24.494763],[54.406056,24.495223],[54.406339,24.494779],[54.406186,24.494702],[54.406198,24.494684],[54.406092,24.494628],[54.404966,24.494097],[54.405128,24.493842],[54.405102,24.493828],[54.405156,24.493742],[54.404418,24.493385],[54.404366,24.493467],[54.404296,24.493434],[54.404047,24.493458],[54.403978,24.493577],[54.403873,24.493527],[54.403764,24.493538],[54.403703,24.493509],[54.403359,24.493544],[54.403368,24.493617],[54.403273,24.493627],[54.403326,24.494059],[54.403286,24.494063],[54.403322,24.494353],[54.403896,24.494624],[54.404143,24.494599],[54.404276,24.494662],[54.404332,24.494664],[54.404368,24.49465]]]}},{"type":"Feature","properties":{},"geometry":{"type":"Polygon","coordinates":[[[54.40656,24.495641],[54.40651,24.495558],[54.406395,24.495503],[54.406312,24.495545],[54.406365,24.495633],[54.4064,24.49565],[54.406361,24.495724],[54.406655,24.495855],[54.406613,24.496087],[54.406559,24.496192],[54.406567,24.496251],[54.406604,24.496287],[54.407488,24.496704],[54.407482,24.496816],[54.407376,24.496766],[54.407136,24.496768],[54.407135,24.496815],[54.407014,24.496758],[54.406755,24.496819],[54.406656,24.496773],[54.406329,24.496853],[54.406379,24.497033],[54.405652,24.49669],[54.405651,24.496505],[54.405411,24.496392],[54.404485,24.49605],[54.404158,24.496949],[54.403928,24.497053],[54.404358,24.49798],[54.404597,24.498092],[54.40474,24.497977],[54.405097,24.498145],[54.405076,24.498167],[54.405047,24.498153],[54.404875,24.498333],[54.404851,24.498402],[54.404855,24.498473],[54.40483,24.498577],[54.404772,24.498671],[54.404698,24.498736],[54.404569,24.498791],[54.404451,24.498802],[54.404327,24.498776],[54.404234,24.498809],[54.404127,24.498878],[54.40417,24.49892],[54.404128,24.498955],[54.404065,24.498942],[54.404006,24.498969],[54.40397,24.499012],[54.403966,24.499107],[54.403622,24.498945],[54.403656,24.498839],[54.403646,24.49882],[54.403691,24.498769],[54.403797,24.498698],[54.403774,24.498647],[54.40407,24.498531],[54.404211,24.498447],[54.404293,24.498359],[54.404316,24.498306],[54.404297,24.498275],[54.404311,24.49826],[54.404225,24.498198],[54.403978,24.498096],[54.403208,24.498413],[54.403016,24.498458],[54.402864,24.498563],[54.402757,24.498744],[54.40274,24.498873],[54.402759,24.498984],[54.402809,24.499041],[54.40277,24.499106],[54.402825,24.499141],[54.40285,24.499176],[54.402864,24.49922],[54.402856,24.499279],[54.40331,24.499493],[54.403154,24.499593],[54.403093,24.499605],[54.40308,24.499633],[54.403087,24.499668],[54.403154,24.499754],[54.403412,24.499883],[54.403581,24.500013],[54.403796,24.500114],[54.403912,24.500167],[54.4041,24.500207],[54.404302,24.5003],[54.404324,24.500295],[54.405238,24.500726],[54.405354,24.500727],[54.40539,24.500711],[54.405407,24.500685],[54.405382,24.500634],[54.405383,24.500549],[54.405674,24.500687],[54.405712,24.50069],[54.405798,24.500653],[54.405866,24.500595],[54.405893,24.500607],[54.405948,24.500538],[54.40614,24.500404],[54.406241,24.500452],[54.406362,24.500473],[54.406367,24.500448],[54.406482,24.500462],[54.406566,24.500436],[54.406596,24.500385],[54.406593,24.500349],[54.406539,24.500277],[54.406455,24.500228],[54.406468,24.500193],[54.405925,24.499937],[54.406035,24.499849],[54.406802,24.500209],[54.406863,24.500191],[54.406907,24.500114],[54.406927,24.500029],[54.406955,24.500027],[54.406963,24.499912],[54.406905,24.499885],[54.406875,24.499818],[54.406812,24.499761],[54.406849,24.49972],[54.406866,24.499646],[54.40686,24.499569],[54.406815,24.499503],[54.406456,24.499334],[54.406526,24.49921],[54.406627,24.498963],[54.406682,24.498675],[54.406698,24.498402],[54.406675,24.498179],[54.406597,24.497874],[54.406444,24.497802],[54.405643,24.497652],[54.405791,24.497852],[54.405871,24.49802],[54.405923,24.498321],[54.405761,24.498244],[54.405782,24.498236],[54.405583,24.497844],[54.405335,24.497727],[54.4055,24.497783],[54.405636,24.497456],[54.405749,24.497509],[54.40574,24.497548],[54.406123,24.497729],[54.406383,24.497775],[54.406398,24.497712],[54.406437,24.49772],[54.406472,24.497571],[54.406383,24.497529],[54.406383,24.497504],[54.406484,24.497248],[54.406815,24.497404],[54.407123,24.497323],[54.407108,24.497253],[54.407355,24.497188],[54.40735,24.497165],[54.407464,24.497218],[54.407679,24.497239],[54.407684,24.497186],[54.407803,24.497242],[54.407977,24.497259],[54.407959,24.497276],[54.408011,24.497316],[54.408211,24.497406],[54.408266,24.497374],[54.40822,24.49732],[54.408119,24.497272],[54.408441,24.49732],[54.408496,24.49719],[54.408709,24.497309],[54.409657,24.497756],[54.410478,24.497366],[54.410425,24.497281],[54.410943,24.497525],[54.410798,24.49756],[54.410624,24.497708],[54.41061,24.498871],[54.410748,24.499018],[54.411323,24.499289],[54.411567,24.4993],[54.411561,24.497827],[54.411699,24.498182],[54.411825,24.498912],[54.412399,24.499183],[54.412518,24.499173],[54.4127,24.498944],[54.412594,24.498325],[54.412616,24.498316],[54.412385,24.497772],[54.41181,24.4975],[54.411486,24.49739],[54.408629,24.496041],[54.408648,24.495993],[54.408362,24.495835],[54.408791,24.495203],[54.40944,24.495518],[54.40974,24.495567],[54.410106,24.495546],[54.410139,24.495562],[54.410168,24.495529],[54.410443,24.495455],[54.410364,24.495307],[54.410689,24.495011],[54.411185,24.494699],[54.411646,24.494551],[54.412091,24.494432],[54.412062,24.494222],[54.409532,24.493029],[54.409064,24.493135],[54.408549,24.493307],[54.407982,24.493622],[54.407631,24.493885],[54.407294,24.494291],[54.407536,24.494453],[54.408571,24.495082],[54.408142,24.495714],[54.407038,24.495099],[54.406894,24.495031],[54.40674,24.495455],[54.406677,24.495395],[54.40663,24.495372],[54.406714,24.495371],[54.406713,24.495342],[54.406598,24.495288],[54.406472,24.495298],[54.40635,24.49524],[54.406305,24.495308],[54.406486,24.495399],[54.406524,24.495342],[54.406547,24.495353],[54.406486,24.495406],[54.406596,24.495512],[54.406707,24.495565],[54.406684,24.495696],[54.40656,24.495641]],[[54.405898,24.498803],[54.405882,24.498867],[54.405797,24.499023],[54.405607,24.498933],[54.405655,24.498838],[54.405659,24.49869],[54.405898,24.498803]],[[54.411462,24.49774],[54.41153,24.497748],[54.411541,24.497777],[54.411462,24.49774]],[[54.408413,24.496331],[54.409274,24.496738],[54.409074,24.496828],[54.408114,24.496375],[54.408351,24.496448],[54.408413,24.496331]]]}},{"type":"Feature","properties":{},"geometry":{"type":"Polygon","coordinates":[[[54.406412,24.495808],[54.40627,24.495738],[54.406224,24.495803],[54.406366,24.495873],[54.406412,24.495808]]]}},{"type":"Feature","properties":{},"geometry":{"type":"Polygon","coordinates":[[[54.406356,24.496097],[54.406354,24.496076],[54.406316,24.496058],[54.406305,24.496022],[54.40619,24.495968],[54.406167,24.495971],[54.406173,24.49601],[54.406202,24.496035],[54.406356,24.496097]]]}},{"type":"Feature","properties":{},"geometry":{"type":"Polygon","coordinates":[[[54.406515,24.49622],[54.406327,24.496131],[54.406312,24.496158],[54.4065,24.496247],[54.406515,24.49622]]]}},{"type":"Feature","properties":{},"geometry":{"type":"Polygon","coordinates":[[[54.404069,24.498085],[54.404237,24.49816],[54.40425,24.498132],[54.404083,24.498057],[54.404069,24.498085]]]}},{"type":"Feature","properties":{},"geometry":{"type":"Polygon","coordinates":[[[54.39607,24.498583],[54.396185,24.498637],[54.396242,24.498639],[54.396244,24.498573],[54.396129,24.498519],[54.396073,24.498517],[54.39607,24.498583]]]}},{"type":"Feature","properties":{},"geometry":{"type":"Polygon","coordinates":[[[54.395419,24.499844],[54.395447,24.499997],[54.395562,24.500052],[54.395677,24.500035],[54.395649,24.499881],[54.395534,24.499827],[54.395419,24.499844]]]}},{"type":"Feature","properties":{},"geometry":{"type":"Polygon","coordinates":[[[54.394922,24.50055],[54.395064,24.501399],[54.395639,24.50167],[54.396205,24.501592],[54.396063,24.500743],[54.395488,24.500472],[54.394922,24.50055]]]}},{"type":"Feature","properties":{},"geometry":{"type":"Polygon","coordinates":[[[54.395658,24.501997],[54.395773,24.502052],[54.395859,24.502054],[54.395862,24.501951],[54.395747,24.501897],[54.395661,24.501895],[54.395658,24.501997]]]}},{"type":"Feature","properties":{},"geometry":{"type":"Polygon","coordinates":[[[54.395492,24.502519],[54.396067,24.502791],[54.396499,24.502732],[54.396448,24.502424],[54.395873,24.502153],[54.395441,24.502211],[54.395492,24.502519]]]}},{"type":"Feature","properties":{},"geometry":{"type":"Polygon","coordinates":[[[54.406432,24.504537],[54.406428,24.504679],[54.406543,24.504734],[54.406638,24.504735],[54.40664,24.504593],[54.406525,24.504539],[54.406432,24.504537]]]}},{"type":"Feature","properties":{},"geometry":{"type":"Polygon","coordinates":[[[54.406088,24.504593],[54.406141,24.504759],[54.406256,24.504813],[54.406348,24.504793],[54.406299,24.504625],[54.406184,24.50457],[54.406088,24.504593]]]}},{"type":"Feature","properties":{},"geometry":{"type":"Polygon","coordinates":[[[54.397401,24.504687],[54.397407,24.504788],[54.397522,24.504842],[54.397594,24.504839],[54.397588,24.504738],[54.397473,24.504684],[54.397401,24.504687]]]}},{"type":"Feature","properties":{},"geometry":{"type":"Polygon","coordinates":[[[54.406702,24.505922],[54.407366,24.506235],[54.407244,24.506239],[54.407028,24.506464],[54.407336,24.506699],[54.40863,24.507309],[54.408922,24.507001],[54.408765,24.506841],[54.407789,24.506381],[54.407847,24.506314],[54.407882,24.506192],[54.407841,24.50605],[54.407728,24.50595],[54.40707,24.50564],[54.406919,24.505511],[54.406344,24.50524],[54.406082,24.505495],[54.406364,24.505735],[54.40662,24.505855],[54.406702,24.505922]]]}},{"type":"Feature","properties":{},"geometry":{"type":"Polygon","coordinates":[[[54.405385,24.505424],[54.405291,24.505739],[54.405674,24.50592],[54.405875,24.505969],[54.405969,24.505655],[54.405586,24.505474],[54.405385,24.505424]]]}},{"type":"Feature","properties":{},"geometry":{"type":"Polygon","coordinates":[[[54.405179,24.505828],[54.405064,24.506126],[54.405447,24.506307],[54.405742,24.506402],[54.405858,24.506104],[54.405475,24.505923],[54.405179,24.505828]]]}},{"type":"Feature","properties":{},"geometry":{"type":"Polygon","coordinates":[[[54.405066,24.506279],[54.404973,24.506527],[54.405357,24.506708],[54.405635,24.506794],[54.405728,24.506546],[54.405345,24.506365],[54.405066,24.506279]]]}},{"type":"Feature","properties":{},"geometry":{"type":"Polygon","coordinates":[[[54.406143,24.508673],[54.406244,24.508656],[54.406377,24.508786],[54.407297,24.50922],[54.407408,24.509106],[54.407018,24.508721],[54.406564,24.508507],[54.406636,24.508376],[54.407565,24.508819],[54.407677,24.508704],[54.407286,24.50832],[54.406796,24.508088],[54.407012,24.507701],[54.407005,24.507621],[54.406866,24.507555],[54.406879,24.507547],[54.406759,24.507396],[54.406644,24.507341],[54.406601,24.50737],[54.406678,24.507467],[54.405594,24.506956],[54.40562,24.506896],[54.405237,24.506716],[54.404948,24.50662],[54.404806,24.507019],[54.405189,24.5072],[54.40536,24.507261],[54.404898,24.508066],[54.404993,24.508131],[54.406143,24.508673]]]}},{"type":"Feature","properties":{},"geometry":{"type":"Polygon","coordinates":[[[54.404404,24.507263],[54.404497,24.507354],[54.404612,24.507408],[54.404645,24.50738],[54.404552,24.507289],[54.404437,24.507235],[54.404404,24.507263]]]}},{"type":"Feature","properties":{},"geometry":{"type":"Polygon","coordinates":[[[54.407108,24.509479],[54.407446,24.509794],[54.408366,24.510227],[54.4085,24.510091],[54.40812,24.509734],[54.407355,24.509373],[54.407389,24.509339],[54.407285,24.509252],[54.40717,24.509197],[54.407129,24.509238],[54.407205,24.509302],[54.407108,24.509389],[54.406762,24.509048],[54.405842,24.508615],[54.405724,24.508722],[54.406121,24.509114],[54.407041,24.509548],[54.407108,24.509479]]]}},{"type":"Feature","properties":{},"geometry":{"type":"Polygon","coordinates":[[[54.406163,24.510113],[54.406211,24.510069],[54.406328,24.510124],[54.406509,24.509861],[54.405477,24.509367],[54.405402,24.509452],[54.405231,24.509371],[54.405105,24.509539],[54.405253,24.509684],[54.406163,24.510113]]]}},{"type":"Feature","properties":{},"geometry":{"type":"Polygon","coordinates":[[[54.406295,24.510812],[54.406389,24.510857],[54.406669,24.510693],[54.406609,24.510608],[54.406647,24.510582],[54.406688,24.510319],[54.406551,24.510197],[54.406429,24.510139],[54.406188,24.51034],[54.406084,24.510413],[54.405947,24.51048],[54.405819,24.510521],[54.405565,24.510545],[54.405328,24.510706],[54.405146,24.510891],[54.405193,24.51093],[54.405408,24.51102],[54.405712,24.511028],[54.405914,24.51097],[54.406193,24.510865],[54.406295,24.510812]]]}},{"type":"Feature","properties":{},"geometry":{"type":"Polygon","coordinates":[[[54.396883,24.510805],[54.397266,24.510986],[54.397522,24.510698],[54.397318,24.510548],[54.396934,24.510367],[54.396681,24.510653],[54.396883,24.510805]]]}},{"type":"Feature","properties":{},"geometry":{"type":"Polygon","coordinates":[[[54.406756,24.512461],[54.406744,24.512206],[54.405881,24.511799],[54.405455,24.511831],[54.405478,24.512082],[54.405511,24.512124],[54.406374,24.51253],[54.406426,24.51253],[54.406442,24.512516],[54.406482,24.512441],[54.406669,24.512529],[54.406721,24.512529],[54.406745,24.512514],[54.406756,24.512461]]]}},{"type":"Feature","properties":{},"geometry":{"type":"Polygon","coordinates":[[[54.410374,24.479952],[54.410524,24.48008],[54.410639,24.480135],[54.410708,24.480068],[54.410557,24.479939],[54.410443,24.479885],[54.410374,24.479952]]]}},{"type":"Feature","properties":{},"geometry":{"type":"Polygon","coordinates":[[[54.410876,24.481795],[54.410916,24.481829],[54.411031,24.481884],[54.41106,24.481855],[54.411021,24.481821],[54.410906,24.481767],[54.410876,24.481795]]]}},{"type":"Feature","properties":{},"geometry":{"type":"Polygon","coordinates":[[[54.409307,24.482887],[54.409312,24.483001],[54.409426,24.483055],[54.409523,24.483052],[54.409518,24.482937],[54.409403,24.482883],[54.409307,24.482887]]]}},{"type":"Feature","properties":{},"geometry":{"type":"Polygon","coordinates":[[[54.408584,24.484581],[54.408829,24.484883],[54.409442,24.485172],[54.409652,24.485031],[54.409407,24.484729],[54.408793,24.48444],[54.408584,24.484581]]]}},{"type":"Feature","properties":{},"geometry":{"type":"Polygon","coordinates":[[[54.409102,24.485449],[54.409215,24.485365],[54.408947,24.485067],[54.408334,24.484777],[54.408129,24.484931],[54.408142,24.484996],[54.409102,24.485449]]]}},{"type":"Feature","properties":{},"geometry":{"type":"Polygon","coordinates":[[[54.409836,24.485253],[54.409807,24.485307],[54.409673,24.485244],[54.409599,24.48533],[54.409423,24.4854],[54.409337,24.485483],[54.4093,24.485577],[54.409298,24.485763],[54.409317,24.485856],[54.409397,24.485985],[54.409484,24.48606],[54.409733,24.486178],[54.409874,24.486188],[54.409956,24.486164],[54.410039,24.486081],[54.410095,24.485967],[54.410504,24.486668],[54.410753,24.486786],[54.411112,24.486618],[54.410612,24.485737],[54.410651,24.485711],[54.410662,24.485638],[54.410637,24.485563],[54.410587,24.48554],[54.410653,24.485512],[54.410683,24.48544],[54.41083,24.485381],[54.410889,24.485408],[54.410997,24.48535],[54.410979,24.485321],[54.411227,24.485222],[54.411053,24.484903],[54.410804,24.484786],[54.409836,24.485253]]]}},{"type":"Feature","properties":{},"geometry":{"type":"Polygon","coordinates":[[[54.407451,24.485381],[54.407377,24.485318],[54.407262,24.485263],[54.406967,24.48555],[54.407042,24.485614],[54.407157,24.485668],[54.407451,24.485381]]]}},{"type":"Feature","properties":{},"geometry":{"type":"Polygon","coordinates":[[[54.409001,24.485574],[54.408922,24.485635],[54.408963,24.485678],[54.409036,24.485713],[54.409129,24.485845],[54.409244,24.485899],[54.409303,24.485865],[54.409222,24.485749],[54.409277,24.485717],[54.409251,24.48568],[54.409001,24.485574]]]}},{"type":"Feature","properties":{},"geometry":{"type":"Polygon","coordinates":[[[54.408311,24.486168],[54.408503,24.48597],[54.408441,24.48592],[54.408352,24.485879],[54.408178,24.485734],[54.407564,24.485445],[54.407378,24.485639],[54.407698,24.485879],[54.408311,24.486168]]]}},{"type":"Feature","properties":{},"geometry":{"type":"Polygon","coordinates":[[[54.407814,24.485986],[54.407651,24.485895],[54.407557,24.485997],[54.40772,24.486088],[54.407814,24.485986]]]}},{"type":"Feature","properties":{},"geometry":{"type":"Polygon","coordinates":[[[54.409938,24.487961],[54.409822,24.487635],[54.409247,24.487364],[54.408884,24.487647],[54.408334,24.48801],[54.408637,24.488493],[54.409212,24.488765],[54.410086,24.488329],[54.409934,24.488056],[54.409845,24.488013],[54.409938,24.487961]]]}},{"type":"Feature","properties":{},"geometry":{"type":"Polygon","coordinates":[[[54.407183,24.489203],[54.407758,24.489474],[54.408164,24.489244],[54.408113,24.48917],[54.408219,24.48922],[54.408595,24.48899],[54.408343,24.488614],[54.408154,24.488526],[54.407893,24.488144],[54.407318,24.487873],[54.406913,24.488103],[54.406922,24.488116],[54.406903,24.488107],[54.406497,24.488337],[54.406776,24.488745],[54.406914,24.488811],[54.407183,24.489203]]]}},{"type":"Feature","properties":{},"geometry":{"type":"Polygon","coordinates":[[[54.410556,24.488405],[54.410422,24.488416],[54.410427,24.488464],[54.410138,24.488492],[54.410183,24.488928],[54.41045,24.489053],[54.410204,24.489076],[54.410216,24.489184],[54.410599,24.489365],[54.410646,24.48936],[54.410674,24.489615],[54.411057,24.489796],[54.411209,24.489782],[54.411145,24.489205],[54.411074,24.489172],[54.411225,24.489159],[54.411213,24.489039],[54.411272,24.489034],[54.411373,24.489082],[54.411433,24.489161],[54.411262,24.489253],[54.411314,24.489336],[54.411547,24.489445],[54.411585,24.489507],[54.411692,24.489558],[54.411713,24.489593],[54.412441,24.489948],[54.412428,24.489949],[54.412432,24.490011],[54.412547,24.490066],[54.412617,24.490062],[54.412613,24.490008],[54.412695,24.490027],[54.412792,24.489659],[54.412803,24.48968],[54.413377,24.489951],[54.413531,24.489871],[54.413498,24.489821],[54.413711,24.489726],[54.413772,24.489589],[54.413836,24.489619],[54.41388,24.489444],[54.413331,24.489185],[54.413455,24.489209],[54.414064,24.489119],[54.41402,24.488827],[54.413445,24.488556],[54.413158,24.48859],[54.41327,24.488243],[54.413544,24.488372],[54.413679,24.488225],[54.41332,24.48803],[54.412745,24.487759],[54.412516,24.487718],[54.412242,24.487705],[54.412247,24.487751],[54.412157,24.487708],[54.412019,24.48774],[54.411868,24.487782],[54.411582,24.487957],[54.411414,24.48813],[54.411571,24.488241],[54.412014,24.48845],[54.412028,24.488474],[54.411938,24.488729],[54.411272,24.488523],[54.410862,24.48833],[54.410551,24.488356],[54.410556,24.488405]]]}},{"type":"Feature","properties":{},"geometry":{"type":"Polygon","coordinates":[[[54.41146,24.490306],[54.411445,24.490178],[54.411005,24.489971],[54.410988,24.489833],[54.411003,24.489832],[54.410999,24.48979],[54.41098,24.489761],[54.410405,24.48949],[54.410256,24.489504],[54.410326,24.49009],[54.410901,24.490361],[54.41146,24.490306]]]}},{"type":"Feature","properties":{},"geometry":{"type":"Polygon","coordinates":[[[54.410413,24.49103],[54.410796,24.491211],[54.411082,24.491214],[54.411089,24.490946],[54.410706,24.490766],[54.4106,24.490766],[54.410598,24.490812],[54.410416,24.490817],[54.410413,24.49103]]]}},{"type":"Feature","properties":{},"geometry":{"type":"Polygon","coordinates":[[[54.409387,24.49121],[54.409272,24.491156],[54.409037,24.491149],[54.409036,24.491182],[54.408959,24.49118],[54.408947,24.491294],[54.409122,24.491377],[54.409334,24.491383],[54.409336,24.491316],[54.409383,24.491317],[54.409387,24.49121]]]}},{"type":"Feature","properties":{},"geometry":{"type":"Polygon","coordinates":[[[54.411333,24.491557],[54.411337,24.49148],[54.411222,24.491426],[54.411185,24.491424],[54.411182,24.491477],[54.41083,24.491311],[54.410457,24.491298],[54.410444,24.491622],[54.410827,24.491803],[54.411199,24.491816],[54.411212,24.491516],[54.411296,24.491556],[54.411333,24.491557]]]}},{"type":"Feature","properties":{},"geometry":{"type":"Polygon","coordinates":[[[54.410046,24.496169],[54.41015,24.496288],[54.410069,24.496343],[54.410179,24.496484],[54.410945,24.496845],[54.411109,24.496742],[54.411013,24.496618],[54.411094,24.496548],[54.411318,24.496654],[54.411542,24.496549],[54.411381,24.496359],[54.410614,24.495998],[54.410548,24.496037],[54.410337,24.495938],[54.410046,24.496169]]]}},{"type":"Feature","properties":{},"geometry":{"type":"Polygon","coordinates":[[[54.409415,24.497947],[54.409165,24.497863],[54.40899,24.49793],[54.408992,24.498391],[54.409586,24.498671],[54.409977,24.498604],[54.410009,24.498227],[54.409415,24.497947]]]}},{"type":"Feature","properties":{},"geometry":{"type":"Polygon","coordinates":[[[54.4093,24.500253],[54.409341,24.500381],[54.409433,24.500448],[54.410008,24.500719],[54.410188,24.50075],[54.410321,24.500748],[54.410446,24.500684],[54.410501,24.500567],[54.41055,24.500012],[54.410587,24.499781],[54.410553,24.49971],[54.410475,24.499651],[54.4099,24.49938],[54.409787,24.499363],[54.409708,24.499367],[54.409772,24.498928],[54.409435,24.498769],[54.409038,24.498741],[54.409039,24.498665],[54.408924,24.498611],[54.408852,24.4986],[54.408836,24.49866],[54.408874,24.498774],[54.408996,24.498829],[54.409005,24.499092],[54.408919,24.499457],[54.409256,24.499616],[54.409462,24.499671],[54.409349,24.50004],[54.4093,24.500253]]]}},{"type":"Feature","properties":{},"geometry":{"type":"Polygon","coordinates":[[[54.408025,24.501013],[54.408178,24.501099],[54.408229,24.501025],[54.408262,24.500941],[54.408147,24.500887],[54.408085,24.500876],[54.408054,24.500908],[54.408053,24.500954],[54.408025,24.501013]]]}},{"type":"Feature","properties":{},"geometry":{"type":"Polygon","coordinates":[[[54.409605,24.501431],[54.408723,24.501471],[54.408679,24.501799],[54.408752,24.50195],[54.409327,24.502222],[54.409595,24.502234],[54.409914,24.502224],[54.410005,24.502193],[54.41012,24.502122],[54.410159,24.502018],[54.410185,24.50187],[54.41018,24.501702],[54.409605,24.501431]]]}},{"type":"Feature","properties":{},"geometry":{"type":"Polygon","coordinates":[[[54.407735,24.502421],[54.408271,24.502674],[54.408689,24.502848],[54.40887,24.502371],[54.408997,24.502129],[54.408422,24.501858],[54.408025,24.50174],[54.407722,24.502348],[54.407648,24.502313],[54.407586,24.50231],[54.407515,24.502391],[54.407507,24.502438],[54.407666,24.502502],[54.407735,24.502421]]]}},{"type":"Feature","properties":{},"geometry":{"type":"Polygon","coordinates":[[[54.407345,24.502871],[54.407282,24.502946],[54.40724,24.502926],[54.407116,24.503077],[54.407294,24.503167],[54.407425,24.50305],[54.40745,24.503048],[54.407518,24.50294],[54.407345,24.502871]]]}},{"type":"Feature","properties":{},"geometry":{"type":"Polygon","coordinates":[[[54.40688,24.503364],[54.406917,24.503485],[54.407032,24.503539],[54.407112,24.503522],[54.407058,24.503399],[54.406943,24.503344],[54.40688,24.503364]]]}},{"type":"Feature","properties":{},"geometry":{"type":"Polygon","coordinates":[[[54.407036,24.503648],[54.406985,24.503805],[54.4071,24.50386],[54.407189,24.503883],[54.407249,24.503734],[54.407036,24.503648]]]}},{"type":"Feature","properties":{},"geometry":{"type":"Polygon","coordinates":[[[54.410201,24.504126],[54.411111,24.504556],[54.411583,24.504634],[54.411615,24.504476],[54.410766,24.504075],[54.410631,24.503926],[54.40972,24.503497],[54.409576,24.503605],[54.409909,24.503972],[54.410204,24.504111],[54.410201,24.504126]]]}},{"type":"Feature","properties":{},"geometry":{"type":"Polygon","coordinates":[[[54.410952,24.505026],[54.410601,24.504726],[54.409259,24.504094],[54.409054,24.504354],[54.409349,24.504692],[54.41069,24.505324],[54.410952,24.505026]]]}},{"type":"Feature","properties":{},"geometry":{"type":"Polygon","coordinates":[[[54.407866,24.505725],[54.407868,24.505818],[54.407983,24.505873],[54.408148,24.505897],[54.408143,24.505796],[54.408028,24.505741],[54.407866,24.505725]]]}},{"type":"Feature","properties":{},"geometry":{"type":"Polygon","coordinates":[[[54.409917,24.50647],[54.410047,24.506447],[54.410162,24.506385],[54.410247,24.506292],[54.410292,24.506179],[54.410294,24.506058],[54.410255,24.505952],[54.410181,24.505861],[54.410081,24.505797],[54.409506,24.505526],[54.409388,24.505493],[54.409265,24.505495],[54.409148,24.505532],[54.40905,24.505601],[54.408981,24.505693],[54.408947,24.505801],[54.408954,24.505922],[54.409005,24.506033],[54.409094,24.506123],[54.409786,24.506451],[54.409917,24.50647]]]}},{"type":"Feature","properties":{},"geometry":{"type":"Polygon","coordinates":[[[54.410678,24.506576],[54.410546,24.50654],[54.410371,24.50656],[54.410298,24.506611],[54.410298,24.506661],[54.410335,24.50673],[54.410829,24.506957],[54.410793,24.506994],[54.410732,24.507106],[54.410726,24.507266],[54.410769,24.50734],[54.411153,24.507521],[54.411206,24.507529],[54.411287,24.507507],[54.411306,24.507466],[54.411393,24.50737],[54.411427,24.507124],[54.411109,24.506973],[54.411157,24.506973],[54.41118,24.506908],[54.411117,24.506879],[54.41113,24.506796],[54.410678,24.506576]]]}},{"type":"Feature","properties":{},"geometry":{"type":"Polygon","coordinates":[[[54.407425,24.507294],[54.40701,24.506905],[54.406919,24.506861],[54.406822,24.506949],[54.406855,24.506983],[54.406749,24.507074],[54.406783,24.507111],[54.406677,24.507196],[54.407019,24.507514],[54.407111,24.507557],[54.407212,24.507471],[54.407194,24.507454],[54.407293,24.507369],[54.407323,24.507383],[54.407425,24.507294]]]}},{"type":"Feature","properties":{},"geometry":{"type":"Polygon","coordinates":[[[54.410356,24.508185],[54.410493,24.508179],[54.410569,24.508141],[54.410715,24.508036],[54.410696,24.50797],[54.410599,24.507924],[54.410587,24.5079],[54.410204,24.507719],[54.410073,24.507734],[54.409865,24.507525],[54.409481,24.507344],[54.409287,24.507513],[54.409648,24.507874],[54.41031,24.5082],[54.410356,24.508185]]]}},{"type":"Feature","properties":{},"geometry":{"type":"Polygon","coordinates":[[[54.407286,24.507861],[54.407316,24.507829],[54.407167,24.507749],[54.407137,24.507782],[54.407286,24.507861]]]}},{"type":"Feature","properties":{},"geometry":{"type":"Polygon","coordinates":[[[54.408846,24.507921],[54.408851,24.508027],[54.408966,24.508081],[54.409005,24.50808],[54.409004,24.508049],[54.409033,24.508048],[54.40904,24.50791],[54.408925,24.507856],[54.408877,24.507857],[54.40888,24.50792],[54.408846,24.507921]]]}},{"type":"Feature","properties":{},"geometry":{"type":"Polygon","coordinates":[[[54.409435,24.508213],[54.409393,24.50817],[54.409278,24.508116],[54.409189,24.50819],[54.409231,24.508233],[54.409346,24.508287],[54.409435,24.508213]]]}},{"type":"Feature","properties":{},"geometry":{"type":"Polygon","coordinates":[[[54.409717,24.508723],[54.409656,24.508637],[54.409158,24.5084],[54.409014,24.508484],[54.409061,24.50855],[54.408987,24.508608],[54.409005,24.508634],[54.408969,24.508655],[54.409,24.508698],[54.409383,24.508879],[54.409397,24.508871],[54.40944,24.508891],[54.409501,24.508856],[54.40948,24.508826],[54.409507,24.50881],[54.409542,24.508827],[54.409717,24.508723]]]}},{"type":"Feature","properties":{},"geometry":{"type":"Polygon","coordinates":[[[54.40773,24.508895],[54.407702,24.508866],[54.407587,24.508811],[54.407523,24.508861],[54.40755,24.50889],[54.407665,24.508945],[54.40773,24.508895]]]}},{"type":"Feature","properties":{},"geometry":{"type":"Polygon","coordinates":[[[54.407656,24.509013],[54.407812,24.509166],[54.407927,24.50922],[54.407979,24.509176],[54.407823,24.509023],[54.407708,24.508969],[54.407656,24.509013]]]}},{"type":"Feature","properties":{},"geometry":{"type":"Polygon","coordinates":[[[54.40882,24.509817],[54.408458,24.509484],[54.407538,24.50905],[54.407416,24.509159],[54.407784,24.509501],[54.408704,24.509935],[54.40882,24.509817]]]}},{"type":"Feature","properties":{},"geometry":{"type":"Polygon","coordinates":[[[54.408099,24.510355],[54.407731,24.510008],[54.406811,24.509574],[54.406652,24.509706],[54.407014,24.510038],[54.407934,24.510472],[54.408099,24.510355]]]}},{"type":"Feature","properties":{},"geometry":{"type":"Polygon","coordinates":[[[54.410574,24.510175],[54.410388,24.510006],[54.410005,24.509826],[54.409662,24.510138],[54.409847,24.510306],[54.41023,24.510487],[54.410574,24.510175]]]}},{"type":"Feature","properties":{},"geometry":{"type":"Polygon","coordinates":[[[54.410136,24.511137],[54.410251,24.511192],[54.41032,24.511159],[54.410282,24.511091],[54.410384,24.511139],[54.410616,24.511008],[54.410621,24.51099],[54.410479,24.510806],[54.410406,24.510772],[54.410418,24.510765],[54.410323,24.510628],[54.410208,24.510574],[54.410122,24.510624],[54.410136,24.510645],[54.410096,24.510626],[54.4099,24.510736],[54.409967,24.510835],[54.409931,24.510855],[54.41,24.510958],[54.41016,24.511033],[54.410094,24.511064],[54.410136,24.511137]]]}},{"type":"Feature","properties":{},"geometry":{"type":"Polygon","coordinates":[[[54.409046,24.511384],[54.409181,24.511585],[54.409077,24.511536],[54.408909,24.511332],[54.408384,24.511084],[54.408376,24.510891],[54.408261,24.510837],[54.408205,24.510839],[54.408206,24.510874],[54.408175,24.51086],[54.408017,24.510874],[54.407933,24.510871],[54.407855,24.510834],[54.407783,24.510883],[54.407694,24.510841],[54.407603,24.510903],[54.407961,24.511339],[54.408412,24.511552],[54.408237,24.51165],[54.408457,24.511973],[54.409032,24.512244],[54.409525,24.511967],[54.409317,24.511661],[54.409767,24.511873],[54.410247,24.511607],[54.410074,24.511348],[54.410096,24.511335],[54.410007,24.511202],[54.409265,24.510852],[54.409343,24.510815],[54.409358,24.510738],[54.409327,24.510694],[54.409185,24.510624],[54.409124,24.51062],[54.409071,24.51065],[54.409048,24.510704],[54.409066,24.510758],[54.408953,24.510705],[54.408422,24.510998],[54.408511,24.511131],[54.409046,24.511384]],[[54.408167,24.510982],[54.408155,24.510976],[54.408167,24.510976],[54.408167,24.510982]]]}},{"type":"Feature","properties":{},"geometry":{"type":"Polygon","coordinates":[[[54.410558,24.510764],[54.410726,24.510841],[54.410752,24.510793],[54.410584,24.510715],[54.410558,24.510764]]]}},{"type":"Feature","properties":{},"geometry":{"type":"Polygon","coordinates":[[[54.406305,24.511805],[54.406382,24.511872],[54.406957,24.512143],[54.407218,24.512117],[54.407547,24.511913],[54.407682,24.511976],[54.40788,24.511876],[54.40813,24.511709],[54.407735,24.511215],[54.40716,24.510943],[54.4068,24.511136],[54.406651,24.511065],[54.406208,24.511313],[54.406171,24.511417],[54.406305,24.511805]]]}},{"type":"Feature","properties":{},"geometry":{"type":"Polygon","coordinates":[[[54.40809,24.512016],[54.408078,24.511968],[54.407963,24.511913],[54.40791,24.511924],[54.407922,24.511973],[54.408037,24.512027],[54.40809,24.512016]]]}},{"type":"Feature","properties":{},"geometry":{"type":"Polygon","coordinates":[[[54.41169,24.482189],[54.411867,24.48202],[54.411499,24.481701],[54.411116,24.48152],[54.410943,24.481686],[54.411024,24.481756],[54.411282,24.481878],[54.411222,24.481936],[54.411307,24.482009],[54.41169,24.482189]]]}},{"type":"Feature","properties":{},"geometry":{"type":"Polygon","coordinates":[[[54.412761,24.481922],[54.412378,24.481741],[54.412202,24.482016],[54.412563,24.482207],[54.412946,24.482388],[54.413122,24.482113],[54.412761,24.481922]]]}},{"type":"Feature","properties":{},"geometry":{"type":"Polygon","coordinates":[[[54.411545,24.482132],[54.411398,24.482052],[54.41132,24.482132],[54.411466,24.482212],[54.411545,24.482132]]]}},{"type":"Feature","properties":{},"geometry":{"type":"Polygon","coordinates":[[[54.411583,24.485674],[54.411569,24.485643],[54.411454,24.485589],[54.41135,24.48563],[54.411365,24.485661],[54.411391,24.485673],[54.411375,24.485678],[54.411414,24.485776],[54.411528,24.48583],[54.411586,24.485811],[54.411547,24.485714],[54.411518,24.4857],[54.411583,24.485674]]]}},{"type":"Feature","properties":{},"geometry":{"type":"Polygon","coordinates":[[[54.4139,24.487709],[54.413896,24.487635],[54.413781,24.487581],[54.413772,24.487376],[54.413388,24.487195],[54.413283,24.487199],[54.413284,24.487227],[54.413107,24.487233],[54.413184,24.487452],[54.413246,24.487481],[54.413256,24.48771],[54.413639,24.487891],[54.413907,24.48788],[54.413904,24.487802],[54.413871,24.487787],[54.413867,24.48771],[54.4139,24.487709]]]}},{"type":"Feature","properties":{},"geometry":{"type":"Polygon","coordinates":[[[54.412959,24.487562],[54.413014,24.487751],[54.413128,24.487806],[54.413215,24.487785],[54.413161,24.487595],[54.413046,24.487541],[54.412959,24.487562]]]}},{"type":"Feature","properties":{},"geometry":{"type":"Polygon","coordinates":[[[54.415187,24.488213],[54.4154,24.488313],[54.415318,24.488314],[54.415319,24.488397],[54.415412,24.488441],[54.415411,24.488484],[54.415526,24.488538],[54.415546,24.488539],[54.415547,24.488492],[54.41546,24.488451],[54.415551,24.48845],[54.41555,24.488384],[54.415617,24.488394],[54.415717,24.488441],[54.415811,24.488439],[54.41581,24.48839],[54.415753,24.488361],[54.415829,24.488366],[54.415825,24.488254],[54.415753,24.48822],[54.415753,24.488142],[54.416002,24.488142],[54.416002,24.487952],[54.415862,24.487886],[54.41586,24.48782],[54.415776,24.487781],[54.415789,24.48778],[54.415786,24.487736],[54.415671,24.487682],[54.415613,24.487685],[54.415615,24.487729],[54.415697,24.487767],[54.415123,24.487771],[54.415123,24.487815],[54.415187,24.487846],[54.415187,24.488213]]]}},{"type":"Feature","properties":{},"geometry":{"type":"Polygon","coordinates":[[[54.416008,24.487961],[54.41601,24.488017],[54.416125,24.488071],[54.416338,24.488065],[54.416351,24.488306],[54.416594,24.488419],[54.416641,24.488417],[54.416637,24.488349],[54.416619,24.488338],[54.416695,24.488374],[54.416694,24.488407],[54.416809,24.488461],[54.416838,24.488462],[54.416839,24.488423],[54.416757,24.488384],[54.416768,24.488334],[54.416821,24.488359],[54.416863,24.488359],[54.416863,24.488303],[54.416848,24.488295],[54.416865,24.488295],[54.416861,24.488202],[54.416783,24.488165],[54.41678,24.488096],[54.416735,24.488075],[54.416781,24.488074],[54.41678,24.488025],[54.416665,24.487971],[54.416611,24.487972],[54.416612,24.487985],[54.416443,24.487975],[54.416441,24.488033],[54.416416,24.48802],[54.416359,24.488023],[54.416359,24.488009],[54.416316,24.487988],[54.416377,24.487985],[54.416369,24.487855],[54.416254,24.487801],[54.416179,24.487805],[54.416103,24.487769],[54.415997,24.487765],[54.415996,24.487795],[54.416034,24.487812],[54.416001,24.487814],[54.416002,24.487802],[54.415887,24.487747],[54.415855,24.487746],[54.415853,24.48779],[54.415968,24.487844],[54.415999,24.487845],[54.416006,24.487944],[54.416038,24.48796],[54.416008,24.487961]]]}},{"type":"Feature","properties":{},"geometry":{"type":"Polygon","coordinates":[[[54.413519,24.487893],[54.413522,24.487954],[54.413637,24.488009],[54.413705,24.488006],[54.413702,24.487945],[54.413587,24.48789],[54.413519,24.487893]]]}},{"type":"Feature","properties":{},"geometry":{"type":"Polygon","coordinates":[[[54.415094,24.488529],[54.415091,24.48841],[54.415034,24.488383],[54.415083,24.488384],[54.415087,24.488289],[54.414972,24.488235],[54.414839,24.488231],[54.414836,24.488326],[54.414902,24.488357],[54.414852,24.488358],[54.414856,24.488478],[54.414971,24.488532],[54.415094,24.488529]]]}},{"type":"Feature","properties":{},"geometry":{"type":"Polygon","coordinates":[[[54.416389,24.488407],[54.416391,24.488331],[54.416276,24.488277],[54.416236,24.488277],[54.416234,24.488371],[54.416187,24.488349],[54.416146,24.488352],[54.41615,24.488389],[54.416233,24.488428],[54.416232,24.488489],[54.416347,24.488543],[54.416642,24.488548],[54.416643,24.488474],[54.416528,24.48842],[54.416389,24.488407]]]}},{"type":"Feature","properties":{},"geometry":{"type":"Polygon","coordinates":[[[54.416649,24.488477],[54.416764,24.488532],[54.416809,24.488534],[54.416811,24.48849],[54.416696,24.488436],[54.416652,24.488434],[54.416649,24.488477]]]}},{"type":"Feature","properties":{},"geometry":{"type":"Polygon","coordinates":[[[54.415658,24.488696],[54.415543,24.488642],[54.415463,24.488644],[54.415465,24.488693],[54.41558,24.488747],[54.41566,24.488745],[54.415658,24.488696]]]}},{"type":"Feature","properties":{},"geometry":{"type":"Polygon","coordinates":[[[54.416223,24.488882],[54.416227,24.488989],[54.416342,24.489043],[54.416372,24.489042],[54.416367,24.488935],[54.416252,24.488881],[54.416223,24.488882]]]}},{"type":"Feature","properties":{},"geometry":{"type":"Polygon","coordinates":[[[54.415999,24.488841],[54.416006,24.489041],[54.416121,24.489095],[54.41618,24.489094],[54.416173,24.488894],[54.416058,24.48884],[54.415999,24.488841]]]}},{"type":"Feature","properties":{},"geometry":{"type":"Polygon","coordinates":[[[54.415735,24.489104],[54.415719,24.489105],[54.415722,24.489146],[54.415784,24.489176],[54.415782,24.48925],[54.415897,24.489304],[54.415947,24.489305],[54.41595,24.489225],[54.415894,24.489199],[54.415991,24.489193],[54.415988,24.489149],[54.415873,24.489095],[54.415797,24.489099],[54.415794,24.488905],[54.415679,24.488851],[54.41562,24.488852],[54.415624,24.489052],[54.415735,24.489104]]]}},{"type":"Feature","properties":{},"geometry":{"type":"Polygon","coordinates":[[[54.415416,24.489523],[54.415421,24.489677],[54.415804,24.489858],[54.416675,24.489836],[54.41665,24.489683],[54.416267,24.489502],[54.415416,24.489523]]]}},{"type":"Feature","properties":{},"geometry":{"type":"Polygon","coordinates":[[[54.411052,24.490661],[54.411051,24.490713],[54.411166,24.490767],[54.411262,24.490768],[54.411263,24.490716],[54.411148,24.490662],[54.411052,24.490661]]]}},{"type":"Feature","properties":{},"geometry":{"type":"Polygon","coordinates":[[[54.411338,24.491004],[54.411328,24.490942],[54.411339,24.490942],[54.411339,24.490849],[54.411224,24.490795],[54.411155,24.490795],[54.411155,24.490888],[54.411165,24.490893],[54.411147,24.490894],[54.411148,24.490951],[54.411263,24.491005],[54.411338,24.491004]]]}},{"type":"Feature","properties":{},"geometry":{"type":"Polygon","coordinates":[[[54.412924,24.490639],[54.412916,24.491132],[54.413491,24.491403],[54.41397,24.491409],[54.413972,24.491246],[54.41369,24.491113],[54.41369,24.491081],[54.413985,24.491085],[54.413988,24.490916],[54.413413,24.490645],[54.412924,24.490639]]]}},{"type":"Feature","properties":{},"geometry":{"type":"Polygon","coordinates":[[[54.412829,24.491185],[54.412828,24.491224],[54.412943,24.491279],[54.412988,24.49128],[54.41299,24.491241],[54.412875,24.491187],[54.412829,24.491185]]]}},{"type":"Feature","properties":{},"geometry":{"type":"Polygon","coordinates":[[[54.411364,24.492099],[54.411939,24.492371],[54.412435,24.492403],[54.412506,24.491494],[54.411931,24.491223],[54.411435,24.491191],[54.411364,24.492099]]]}},{"type":"Feature","properties":{},"geometry":{"type":"Polygon","coordinates":[[[54.411578,24.49238],[54.411693,24.492434],[54.411821,24.492438],[54.411823,24.49235],[54.411709,24.492296],[54.411581,24.492292],[54.411578,24.49238]]]}},{"type":"Feature","properties":{},"geometry":{"type":"Polygon","coordinates":[[[54.411973,24.492459],[54.411972,24.492557],[54.412087,24.492611],[54.412269,24.492613],[54.41227,24.492515],[54.412155,24.492461],[54.411973,24.492459]]]}},{"type":"Feature","properties":{},"geometry":{"type":"Polygon","coordinates":[[[54.415218,24.496968],[54.41501,24.49686],[54.4149,24.497017],[54.415107,24.497125],[54.415218,24.496968]]]}},{"type":"Feature","properties":{},"geometry":{"type":"Polygon","coordinates":[[[54.410544,24.501523],[54.410437,24.50152],[54.410436,24.501607],[54.410335,24.501603],[54.410333,24.501852],[54.411196,24.502258],[54.411296,24.50226],[54.411294,24.502197],[54.41143,24.502198],[54.411436,24.501973],[54.411405,24.501958],[54.411406,24.50193],[54.410544,24.501523]]]}},{"type":"Feature","properties":{},"geometry":{"type":"Polygon","coordinates":[[[54.413013,24.502973],[54.413098,24.503119],[54.413385,24.503254],[54.413457,24.503235],[54.413578,24.502944],[54.413666,24.502464],[54.413186,24.502168],[54.413028,24.502017],[54.412942,24.501905],[54.412862,24.501761],[54.412813,24.501621],[54.412526,24.501486],[54.411982,24.501472],[54.412018,24.501673],[54.412065,24.501807],[54.412137,24.50199],[54.412222,24.502147],[54.412374,24.502354],[54.412629,24.502656],[54.412874,24.50282],[54.413013,24.502973]]]}},{"type":"Feature","properties":{},"geometry":{"type":"Polygon","coordinates":[[[54.415501,24.502417],[54.415496,24.502476],[54.415637,24.502532],[54.415641,24.502473],[54.415501,24.502417]]]}},{"type":"Feature","properties":{},"geometry":{"type":"Polygon","coordinates":[[[54.411931,24.503135],[54.411928,24.502974],[54.411829,24.502926],[54.411772,24.502814],[54.411728,24.502794],[54.411726,24.502613],[54.411855,24.502805],[54.41197,24.502859],[54.412072,24.502802],[54.411911,24.502563],[54.411834,24.502526],[54.411857,24.502503],[54.411644,24.50233],[54.411529,24.502276],[54.411457,24.502349],[54.411587,24.502455],[54.411149,24.502248],[54.410947,24.502245],[54.410913,24.502838],[54.411488,24.503109],[54.411931,24.503135]]]}},{"type":"Feature","properties":{},"geometry":{"type":"Polygon","coordinates":[[[54.415584,24.502691],[54.415583,24.502658],[54.415468,24.502603],[54.41539,24.502607],[54.415395,24.502682],[54.415509,24.502736],[54.415581,24.502736],[54.415581,24.502698],[54.415567,24.502692],[54.415584,24.502691]]]}},{"type":"Feature","properties":{},"geometry":{"type":"Polygon","coordinates":[[[54.4158,24.502911],[54.415926,24.502916],[54.41593,24.502838],[54.415815,24.502783],[54.415689,24.502779],[54.415687,24.502818],[54.415618,24.502785],[54.415565,24.502779],[54.415561,24.502807],[54.4158,24.502911]]]}},{"type":"Feature","properties":{},"geometry":{"type":"Polygon","coordinates":[[[54.415579,24.502882],[54.415573,24.502832],[54.415458,24.502778],[54.415396,24.502784],[54.415403,24.502838],[54.41544,24.502856],[54.415447,24.502901],[54.415562,24.502955],[54.41562,24.502947],[54.415611,24.502897],[54.415579,24.502882]]]}},{"type":"Feature","properties":{},"geometry":{"type":"Polygon","coordinates":[[[54.415635,24.503418],[54.415632,24.503473],[54.415747,24.503528],[54.415841,24.503531],[54.415843,24.503476],[54.415728,24.503421],[54.415635,24.503418]]]}},{"type":"Feature","properties":{},"geometry":{"type":"Polygon","coordinates":[[[54.415809,24.503559],[54.415813,24.503642],[54.415927,24.503696],[54.41597,24.503695],[54.415967,24.503612],[54.415852,24.503558],[54.415809,24.503559]]]}},{"type":"Feature","properties":{},"geometry":{"type":"Polygon","coordinates":[[[54.414844,24.504316],[54.415488,24.504619],[54.415451,24.504656],[54.415629,24.504809],[54.416098,24.50503],[54.416276,24.504881],[54.41608,24.50472],[54.415661,24.504522],[54.41568,24.504506],[54.415943,24.50463],[54.416121,24.504482],[54.416106,24.50447],[54.416204,24.504516],[54.416381,24.504367],[54.416185,24.504206],[54.415792,24.50402],[54.415735,24.504077],[54.41564,24.504033],[54.415568,24.504083],[54.415612,24.504134],[54.415656,24.504155],[54.415633,24.504178],[54.415647,24.504189],[54.41555,24.504143],[54.415562,24.504135],[54.415495,24.504073],[54.415539,24.504064],[54.415529,24.504027],[54.415415,24.503972],[54.415356,24.503984],[54.415365,24.504022],[54.4154,24.504038],[54.415383,24.504049],[54.415404,24.504075],[54.415311,24.504031],[54.415172,24.504169],[54.414826,24.504005],[54.414667,24.504163],[54.414844,24.504316]]]}},{"type":"Feature","properties":{},"geometry":{"type":"Polygon","coordinates":[[[54.415768,24.505079],[54.415287,24.504852],[54.41537,24.504782],[54.415174,24.50462],[54.414312,24.504214],[54.414153,24.504371],[54.414331,24.504524],[54.41466,24.504679],[54.414513,24.504826],[54.41469,24.504979],[54.415303,24.505268],[54.415385,24.505199],[54.415787,24.505389],[54.415965,24.50524],[54.415768,24.505079]]]}},{"type":"Feature","properties":{},"geometry":{"type":"Polygon","coordinates":[[[54.415794,24.505027],[54.415909,24.505081],[54.415956,24.505045],[54.415899,24.504984],[54.415784,24.50493],[54.415737,24.504966],[54.415794,24.505027]]]}},{"type":"Feature","properties":{},"geometry":{"type":"Polygon","coordinates":[[[54.410813,24.508596],[54.410809,24.508696],[54.410924,24.508751],[54.411212,24.50876],[54.411215,24.508662],[54.4111,24.508608],[54.410813,24.508596]]]}},{"type":"Feature","properties":{},"geometry":{"type":"Polygon","coordinates":[[[54.411248,24.508984],[54.411239,24.50918],[54.411171,24.509148],[54.411123,24.509147],[54.411122,24.509219],[54.411235,24.509273],[54.411234,24.509309],[54.411556,24.509453],[54.411555,24.50948],[54.41167,24.509534],[54.411788,24.509536],[54.411789,24.509519],[54.41186,24.509521],[54.41187,24.509165],[54.411813,24.509138],[54.411818,24.509012],[54.411703,24.508958],[54.41158,24.508954],[54.411577,24.509026],[54.411487,24.508984],[54.411248,24.508984]]]}},{"type":"Feature","properties":{},"geometry":{"type":"Polygon","coordinates":[[[54.410698,24.509064],[54.4107,24.509161],[54.410815,24.509215],[54.410877,24.509214],[54.410875,24.509118],[54.41076,24.509063],[54.410698,24.509064]]]}},{"type":"Feature","properties":{},"geometry":{"type":"Polygon","coordinates":[[[54.411563,24.509577],[54.41156,24.509487],[54.411445,24.509433],[54.410723,24.509449],[54.410727,24.509544],[54.410842,24.509598],[54.411563,24.509577]]]}},{"type":"Feature","properties":{},"geometry":{"type":"Polygon","coordinates":[[[54.411256,24.509681],[54.411333,24.509838],[54.411448,24.509892],[54.411547,24.509852],[54.41147,24.509695],[54.411355,24.509641],[54.411256,24.509681]]]}},{"type":"Feature","properties":{},"geometry":{"type":"Polygon","coordinates":[[[54.418873,24.480042],[54.418867,24.480078],[54.418942,24.480114],[54.418942,24.480131],[54.419057,24.480185],[54.419094,24.480186],[54.419096,24.480125],[54.418981,24.480071],[54.418873,24.480042]]]}},{"type":"Feature","properties":{},"geometry":{"type":"Polygon","coordinates":[[[54.420677,24.480418],[54.421016,24.480442],[54.421018,24.480396],[54.420903,24.480342],[54.420773,24.480337],[54.420775,24.480291],[54.42066,24.480236],[54.420569,24.480232],[54.420562,24.480364],[54.420677,24.480418]]]}},{"type":"Feature","properties":{},"geometry":{"type":"Polygon","coordinates":[[[54.419929,24.480822],[54.419923,24.480877],[54.420038,24.480931],[54.420102,24.480937],[54.420108,24.480883],[54.419993,24.480828],[54.419929,24.480822]]]}},{"type":"Feature","properties":{},"geometry":{"type":"Polygon","coordinates":[[[54.419415,24.481674],[54.419322,24.48163],[54.418982,24.481589],[54.418981,24.4816],[54.418898,24.481561],[54.418579,24.481524],[54.41856,24.481659],[54.418622,24.481688],[54.418544,24.481691],[54.41855,24.481831],[54.418665,24.481885],[54.418848,24.481879],[54.418848,24.481866],[54.41897,24.48191],[54.418983,24.48183],[54.418868,24.481775],[54.418826,24.48177],[54.418823,24.481787],[54.418788,24.48177],[54.418787,24.48174],[54.418747,24.481721],[54.418969,24.481747],[54.419075,24.481796],[54.419415,24.481838],[54.419423,24.481778],[54.419516,24.481822],[54.419843,24.481861],[54.419863,24.481724],[54.419748,24.48167],[54.419421,24.481631],[54.419415,24.481674]]]}},{"type":"Feature","properties":{},"geometry":{"type":"Polygon","coordinates":[[[54.421122,24.482066],[54.420998,24.482009],[54.421147,24.482017],[54.421155,24.481884],[54.42104,24.48183],[54.420715,24.481813],[54.420714,24.481832],[54.420621,24.481788],[54.420283,24.481748],[54.420282,24.481758],[54.420202,24.48172],[54.42007,24.481706],[54.420064,24.481769],[54.420178,24.481823],[54.420272,24.481824],[54.42026,24.481911],[54.420643,24.482092],[54.420683,24.482096],[54.420792,24.482148],[54.421102,24.482189],[54.421122,24.482066]]]}},{"type":"Feature","properties":{},"geometry":{"type":"Polygon","coordinates":[[[54.418689,24.481975],[54.418688,24.481953],[54.418573,24.481898],[54.418529,24.481901],[54.41853,24.481923],[54.418645,24.481977],[54.418689,24.481975]]]}},{"type":"Feature","properties":{},"geometry":{"type":"Polygon","coordinates":[[[54.419618,24.481986],[54.419294,24.481947],[54.419275,24.482078],[54.419382,24.482129],[54.419321,24.482122],[54.419207,24.482064],[54.418926,24.482033],[54.418801,24.481985],[54.418785,24.482055],[54.418988,24.482162],[54.419244,24.48219],[54.419228,24.482308],[54.419368,24.482375],[54.41937,24.482408],[54.419212,24.482395],[54.419163,24.482372],[54.418842,24.482331],[54.41884,24.482348],[54.418784,24.482322],[54.41846,24.482285],[54.418442,24.482417],[54.418524,24.482456],[54.418434,24.482447],[54.418417,24.482581],[54.418532,24.482635],[54.418858,24.482668],[54.418868,24.482585],[54.41892,24.482609],[54.419188,24.482643],[54.419171,24.48275],[54.419272,24.482798],[54.419245,24.482795],[54.419232,24.482895],[54.419205,24.482882],[54.418937,24.482858],[54.418831,24.482816],[54.418836,24.482767],[54.418722,24.482713],[54.418396,24.482685],[54.418382,24.482821],[54.418476,24.482865],[54.418366,24.482861],[54.418361,24.482982],[54.418476,24.483037],[54.418801,24.483049],[54.418806,24.482946],[54.41886,24.482971],[54.418857,24.482995],[54.418972,24.483049],[54.419304,24.483079],[54.419316,24.482969],[54.419666,24.483016],[54.419682,24.482883],[54.419599,24.482844],[54.419609,24.482845],[54.419621,24.482764],[54.41979,24.482779],[54.419782,24.48283],[54.419863,24.482868],[54.4197,24.48285],[54.419682,24.482985],[54.419761,24.483022],[54.419673,24.483014],[54.41966,24.483134],[54.419775,24.483189],[54.420099,24.483217],[54.420103,24.483175],[54.420459,24.483343],[54.420797,24.483374],[54.420803,24.48332],[54.420941,24.483332],[54.420954,24.483204],[54.420891,24.483174],[54.42095,24.483181],[54.420967,24.483061],[54.420852,24.483007],[54.420544,24.48297],[54.420528,24.483077],[54.420432,24.483032],[54.420127,24.483003],[54.420136,24.48294],[54.42006,24.482904],[54.420218,24.482924],[54.42023,24.482844],[54.420292,24.482851],[54.420265,24.48292],[54.420469,24.483003],[54.420503,24.482912],[54.420394,24.482861],[54.420535,24.482875],[54.420543,24.482816],[54.420566,24.482819],[54.420561,24.482854],[54.420676,24.482909],[54.420986,24.482944],[54.421003,24.482823],[54.420888,24.482769],[54.420808,24.48276],[54.42101,24.482782],[54.421031,24.482636],[54.420916,24.482582],[54.420606,24.482548],[54.420604,24.482573],[54.42058,24.482562],[54.420585,24.482522],[54.420676,24.482533],[54.420678,24.482516],[54.420731,24.482541],[54.421041,24.48258],[54.42106,24.482458],[54.420941,24.482403],[54.421069,24.482415],[54.421082,24.482295],[54.420967,24.48224],[54.420657,24.482212],[54.420648,24.48229],[54.420588,24.482262],[54.420326,24.482226],[54.420343,24.482119],[54.420253,24.482076],[54.42027,24.482078],[54.420286,24.481943],[54.420171,24.481889],[54.419851,24.481856],[54.419834,24.481991],[54.419906,24.482025],[54.419902,24.482051],[54.419835,24.482019],[54.419695,24.482022],[54.419618,24.481986]],[[54.419648,24.482182],[54.419594,24.482156],[54.419651,24.482163],[54.419648,24.482182]],[[54.419887,24.482171],[54.419922,24.48217],[54.419983,24.482199],[54.419887,24.482171]],[[54.420048,24.483067],[54.420086,24.483071],[54.420084,24.483084],[54.420048,24.483067]],[[54.419828,24.482557],[54.419725,24.482502],[54.419833,24.482515],[54.419828,24.482557]],[[54.419954,24.482441],[54.42005,24.482486],[54.419949,24.482476],[54.419954,24.482441]],[[54.420266,24.482246],[54.420255,24.48224],[54.420266,24.482242],[54.420266,24.482246]],[[54.420633,24.482372],[54.420628,24.482369],[54.420634,24.48237],[54.420633,24.482372]],[[54.42074,24.482378],[54.420693,24.482372],[54.420696,24.482357],[54.42074,24.482378]],[[54.419873,24.482233],[54.419873,24.482237],[54.419865,24.482233],[54.419873,24.482233]],[[54.419195,24.482552],[54.419193,24.482564],[54.419158,24.482548],[54.419195,24.482552]],[[54.418801,24.482499],[54.418813,24.482501],[54.418812,24.482505],[54.418801,24.482499]],[[54.418882,24.482493],[54.418916,24.482509],[54.418881,24.482505],[54.418882,24.482493]],[[54.419929,24.482714],[54.419917,24.482712],[54.419917,24.482708],[54.419929,24.482714]],[[54.4207,24.482747],[54.420563,24.482722],[54.420646,24.48273],[54.4207,24.482747]],[[54.419246,24.482625],[54.419249,24.482606],[54.419307,24.482633],[54.419246,24.482625]],[[54.418738,24.482895],[54.418758,24.482897],[54.418758,24.482905],[54.418738,24.482895]]]}},{"type":"Feature","properties":{},"geometry":{"type":"Polygon","coordinates":[[[54.420353,24.482089],[54.420468,24.482143],[54.420559,24.482164],[54.420583,24.482074],[54.420468,24.48202],[54.420378,24.481999],[54.420353,24.482089]]]}},{"type":"Feature","properties":{},"geometry":{"type":"Polygon","coordinates":[[[54.418494,24.482084],[54.418475,24.482211],[54.41859,24.482265],[54.418912,24.482306],[54.418932,24.482179],[54.418817,24.482124],[54.418494,24.482084]]]}},{"type":"Feature","properties":{},"geometry":{"type":"Polygon","coordinates":[[[54.418957,24.482661],[54.418929,24.482747],[54.419044,24.482801],[54.419141,24.482828],[54.419169,24.482741],[54.419055,24.482687],[54.418957,24.482661]]]}},{"type":"Feature","properties":{},"geometry":{"type":"Polygon","coordinates":[[[54.417439,24.487823],[54.417439,24.487777],[54.417324,24.487723],[54.417238,24.487724],[54.417239,24.487769],[54.417354,24.487824],[54.417439,24.487823]]]}},{"type":"Feature","properties":{},"geometry":{"type":"Polygon","coordinates":[[[54.419656,24.48935],[54.419707,24.489374],[54.41981,24.489373],[54.419809,24.489319],[54.419694,24.489265],[54.419591,24.489266],[54.419591,24.489283],[54.41954,24.489259],[54.419482,24.489262],[54.419484,24.489289],[54.419432,24.489265],[54.41933,24.489268],[54.419331,24.489307],[54.419446,24.489361],[54.419548,24.489358],[54.419547,24.489333],[54.419599,24.489357],[54.419656,24.48935]]]}},{"type":"Feature","properties":{},"geometry":{"type":"Polygon","coordinates":[[[54.418987,24.489305],[54.418994,24.489429],[54.419109,24.489483],[54.419198,24.48948],[54.419192,24.489355],[54.419077,24.489301],[54.418987,24.489305]]]}},{"type":"Feature","properties":{},"geometry":{"type":"Polygon","coordinates":[[[54.419557,24.489378],[54.419554,24.489481],[54.419669,24.489535],[54.419773,24.489538],[54.419776,24.489435],[54.419661,24.489381],[54.419557,24.489378]]]}},{"type":"Feature","properties":{},"geometry":{"type":"Polygon","coordinates":[[[54.419157,24.48954],[54.419166,24.489612],[54.419281,24.489666],[54.419307,24.489663],[54.419298,24.489591],[54.419183,24.489537],[54.419157,24.48954]]]}},{"type":"Feature","properties":{},"geometry":{"type":"Polygon","coordinates":[[[54.4198,24.489873],[54.419798,24.489828],[54.419684,24.489774],[54.419563,24.489776],[54.419564,24.489821],[54.419679,24.489876],[54.4198,24.489873]]]}},{"type":"Feature","properties":{},"geometry":{"type":"Polygon","coordinates":[[[54.419777,24.490347],[54.419774,24.490226],[54.419659,24.490172],[54.419611,24.490173],[54.419613,24.490256],[54.419571,24.490258],[54.419579,24.490298],[54.419693,24.490352],[54.419777,24.490347]]]}},{"type":"Feature","properties":{},"geometry":{"type":"Polygon","coordinates":[[[54.419387,24.490305],[54.419502,24.490359],[54.419553,24.490357],[54.419547,24.490236],[54.419432,24.490181],[54.419381,24.490183],[54.419387,24.490305]]]}},{"type":"Feature","properties":{},"geometry":{"type":"Polygon","coordinates":[[[54.41943,24.490363],[54.419429,24.490329],[54.419314,24.490275],[54.419239,24.490277],[54.41924,24.490311],[54.419355,24.490365],[54.41943,24.490363]]]}},{"type":"Feature","properties":{},"geometry":{"type":"Polygon","coordinates":[[[54.41698,24.501977],[54.416965,24.50193],[54.41685,24.501875],[54.416805,24.501887],[54.41682,24.501934],[54.416935,24.501989],[54.41698,24.501977]]]}},{"type":"Feature","properties":{},"geometry":{"type":"Polygon","coordinates":[[[54.417163,24.501757],[54.41722,24.501818],[54.417181,24.501902],[54.417059,24.501949],[54.417254,24.502089],[54.417637,24.50227],[54.417854,24.502066],[54.417623,24.501866],[54.41724,24.501685],[54.417163,24.501757]]]}},{"type":"Feature","properties":{},"geometry":{"type":"Polygon","coordinates":[[[54.416873,24.502019],[54.416872,24.50197],[54.416757,24.501916],[54.416682,24.501917],[54.416682,24.501932],[54.416572,24.501928],[54.416574,24.501975],[54.416688,24.502029],[54.416873,24.502019]]]}},{"type":"Feature","properties":{},"geometry":{"type":"Polygon","coordinates":[[[54.417734,24.502414],[54.417705,24.502377],[54.41759,24.502323],[54.417548,24.502351],[54.417577,24.502387],[54.417692,24.502442],[54.417734,24.502414]]]}},{"type":"Feature","properties":{},"geometry":{"type":"Polygon","coordinates":[[[54.418218,24.502471],[54.418333,24.502526],[54.418535,24.502447],[54.418491,24.502354],[54.418376,24.5023],[54.418174,24.502378],[54.418218,24.502471]]]}},{"type":"Feature","properties":{},"geometry":{"type":"Polygon","coordinates":[[[54.418023,24.502569],[54.418047,24.502543],[54.417885,24.502453],[54.417861,24.502478],[54.418023,24.502569]]]}},{"type":"Feature","properties":{},"geometry":{"type":"Polygon","coordinates":[[[54.417421,24.502442],[54.417421,24.502556],[54.417536,24.502611],[54.417615,24.502616],[54.417619,24.502496],[54.417504,24.502442],[54.417421,24.502442]]]}},{"type":"Feature","properties":{},"geometry":{"type":"Polygon","coordinates":[[[54.417416,24.502807],[54.417464,24.50283],[54.417523,24.502825],[54.417517,24.502765],[54.417402,24.50271],[54.417344,24.502715],[54.417345,24.502734],[54.417299,24.502712],[54.417082,24.50272],[54.417055,24.502707],[54.417111,24.502706],[54.41711,24.502682],[54.416995,24.502628],[54.416892,24.50263],[54.416893,24.502654],[54.417,24.502705],[54.416945,24.502702],[54.416942,24.502762],[54.417057,24.502817],[54.417113,24.502819],[54.417175,24.502848],[54.417417,24.502839],[54.417416,24.502807]]]}},{"type":"Feature","properties":{},"geometry":{"type":"Polygon","coordinates":[[[54.417638,24.503268],[54.417672,24.503284],[54.41772,24.503283],[54.417719,24.503222],[54.417526,24.503139],[54.417488,24.503137],[54.417489,24.503114],[54.417374,24.50306],[54.417267,24.503056],[54.417265,24.503098],[54.41738,24.503153],[54.417464,24.503156],[54.417461,24.503227],[54.417576,24.503281],[54.417638,24.503283],[54.417638,24.503268]]]}},{"type":"Feature","properties":{},"geometry":{"type":"Polygon","coordinates":[[[54.417657,24.503786],[54.417772,24.50384],[54.417805,24.503841],[54.417813,24.503624],[54.417698,24.50357],[54.417664,24.503569],[54.417657,24.503786]]]}}]}