{"type":"FeatureCollection","features":[{"type":"Feature","properties":{},"geometry":{"type":"Polygon","coordinates":[[[54.377897,24.48052],[54.377932,24.480551],[54.37789,24.48056],[54.377721,24.480713],[54.377841,24.480823],[54.378387,24.480702],[54.378556,24.480549],[54.378538,24.480533],[54.378583,24.480523],[54.378766,24.480353],[54.378642,24.480243],[54.378996,24.480165],[54.379181,24.479997],[54.37916,24.479978],[54.379207,24.479968],[54.379377,24.479813],[54.379239,24.479687],[54.378693,24.479808],[54.378523,24.479963],[54.37854,24.479979],[54.378493,24.479989],[54.378309,24.480157],[54.378435,24.480271],[54.37808,24.48035],[54.377897,24.48052]]]}},{"type":"Feature","properties":{},"geometry":{"type":"Polygon","coordinates":[[[54.378456,24.481831],[54.37834,24.481973],[54.378401,24.482014],[54.37834,24.482028],[54.378235,24.482156],[54.378386,24.482258],[54.37798,24.482348],[54.377608,24.482798],[54.377879,24.482984],[54.379341,24.482661],[54.379714,24.48221],[54.379443,24.482024],[54.378899,24.482144],[54.378832,24.482099],[54.379576,24.481935],[54.379701,24.481782],[54.379762,24.481825],[54.380054,24.48176],[54.38012,24.481682],[54.380017,24.48161],[54.379725,24.481675],[54.379662,24.481749],[54.379441,24.481601],[54.379558,24.481458],[54.379475,24.481402],[54.379381,24.481423],[54.379182,24.481277],[54.379118,24.481291],[54.379132,24.481275],[54.379344,24.481228],[54.379436,24.481118],[54.379246,24.480988],[54.378954,24.481053],[54.378863,24.481163],[54.378899,24.481188],[54.378821,24.481205],[54.378597,24.481479],[54.378622,24.481496],[54.378567,24.481508],[54.378342,24.481782],[54.378425,24.481838],[54.378456,24.481831]],[[54.378991,24.481701],[54.37873,24.481758],[54.378886,24.481568],[54.378968,24.481627],[54.37907,24.481605],[54.378991,24.481701]]]}},{"type":"Feature","properties":{},"geometry":{"type":"Polygon","coordinates":[[[54.378609,24.484072],[54.378635,24.484162],[54.37867,24.4842],[54.378722,24.484225],[54.37882,24.484214],[54.378862,24.484247],[54.379181,24.484176],[54.379162,24.484199],[54.379247,24.484257],[54.379539,24.484192],[54.37961,24.484106],[54.379583,24.484087],[54.379864,24.484025],[54.379704,24.484211],[54.380175,24.484545],[54.380433,24.484488],[54.38046,24.484713],[54.380544,24.484707],[54.380272,24.484767],[54.380226,24.484818],[54.380265,24.484847],[54.380209,24.48486],[54.380016,24.485069],[54.380027,24.485116],[54.380107,24.485117],[54.380098,24.485131],[54.380173,24.485206],[54.380295,24.485295],[54.380201,24.485229],[54.380001,24.485273],[54.380053,24.485212],[54.379878,24.485089],[54.37966,24.485138],[54.3797,24.485092],[54.379512,24.484956],[54.37947,24.484965],[54.379498,24.484934],[54.379307,24.484796],[54.379247,24.484809],[54.379269,24.484782],[54.379082,24.484655],[54.379026,24.484668],[54.379054,24.484635],[54.378875,24.484507],[54.37882,24.48452],[54.37885,24.484485],[54.378666,24.484353],[54.378623,24.484362],[54.378645,24.484336],[54.378462,24.484206],[54.378405,24.484219],[54.37843,24.484188],[54.378239,24.484055],[54.377927,24.484123],[54.377814,24.484257],[54.378006,24.484391],[54.378061,24.484378],[54.378034,24.48441],[54.378218,24.48454],[54.378259,24.484531],[54.378239,24.484554],[54.378423,24.484686],[54.37848,24.484674],[54.378453,24.484705],[54.378631,24.484833],[54.378693,24.484819],[54.378662,24.484857],[54.378849,24.484984],[54.378901,24.484972],[54.378877,24.485],[54.379068,24.485138],[54.37911,24.485128],[54.37909,24.485151],[54.379279,24.485286],[54.379343,24.485272],[54.379308,24.485314],[54.379483,24.485436],[54.379604,24.48541],[54.37955,24.485474],[54.37973,24.485601],[54.379783,24.485589],[54.379747,24.485631],[54.379799,24.485668],[54.378537,24.485947],[54.377906,24.486755],[54.378022,24.48683],[54.377627,24.486917],[54.377437,24.487134],[54.377523,24.487197],[54.377659,24.487167],[54.377747,24.487231],[54.377662,24.487329],[54.377718,24.487369],[54.37767,24.487423],[54.377858,24.487559],[54.377946,24.487543],[54.377857,24.487645],[54.378003,24.487751],[54.377689,24.488109],[54.377301,24.488195],[54.377244,24.488263],[54.378043,24.488819],[54.379019,24.488604],[54.379076,24.488536],[54.378665,24.48825],[54.379101,24.487753],[54.379207,24.48783],[54.379831,24.487692],[54.379954,24.487551],[54.379924,24.487529],[54.380097,24.487332],[54.37983,24.487139],[54.379841,24.487124],[54.379885,24.487152],[54.380178,24.487088],[54.380209,24.487046],[54.380199,24.48704],[54.380247,24.486999],[54.380214,24.486974],[54.380278,24.48696],[54.380309,24.486925],[54.380347,24.486916],[54.380375,24.486872],[54.38024,24.486802],[54.380034,24.486847],[54.379898,24.486739],[54.379606,24.486803],[54.37959,24.48682],[54.379415,24.486693],[54.378791,24.486831],[54.378685,24.486953],[54.378568,24.486976],[54.378509,24.486933],[54.378313,24.486977],[54.378254,24.486934],[54.378273,24.486912],[54.37835,24.486895],[54.378328,24.486925],[54.378361,24.486946],[54.378653,24.486881],[54.378701,24.486818],[54.379551,24.48663],[54.379534,24.486657],[54.379577,24.486679],[54.379869,24.486615],[54.379906,24.486554],[54.379864,24.486533],[54.37967,24.486575],[54.379947,24.486221],[54.380062,24.486196],[54.380245,24.485963],[54.380358,24.486046],[54.380412,24.486034],[54.380384,24.486066],[54.380761,24.486336],[54.381073,24.486267],[54.381147,24.486184],[54.381268,24.486273],[54.38158,24.486204],[54.381737,24.486026],[54.381718,24.486013],[54.381747,24.486006],[54.381899,24.485832],[54.381887,24.485823],[54.381915,24.485817],[54.382063,24.485646],[54.382037,24.485626],[54.382074,24.485618],[54.382222,24.485452],[54.382196,24.485433],[54.382238,24.485424],[54.382393,24.485248],[54.382249,24.485143],[54.381937,24.485212],[54.381783,24.485388],[54.381817,24.485413],[54.381776,24.485422],[54.381627,24.485588],[54.381652,24.485606],[54.381613,24.485615],[54.381464,24.485787],[54.381474,24.485793],[54.381446,24.4858],[54.381295,24.485975],[54.381312,24.485987],[54.381285,24.485993],[54.381171,24.486123],[54.380891,24.485928],[54.381,24.485817],[54.380854,24.48571],[54.380945,24.485723],[54.381237,24.485659],[54.381265,24.485499],[54.381083,24.485473],[54.38079,24.485537],[54.38077,24.485698],[54.380534,24.48575],[54.380567,24.485714],[54.380477,24.485648],[54.380599,24.485513],[54.38041,24.485376],[54.380354,24.485388],[54.380381,24.485356],[54.38032,24.485313],[54.380891,24.485186],[54.380884,24.485195],[54.380969,24.485254],[54.381093,24.485226],[54.381053,24.485252],[54.381125,24.485345],[54.381417,24.48528],[54.381487,24.485236],[54.381424,24.485153],[54.381944,24.485038],[54.382206,24.484724],[54.382257,24.484713],[54.382308,24.484657],[54.382228,24.484597],[54.382209,24.484597],[54.382529,24.484526],[54.382473,24.484591],[54.382486,24.484601],[54.382461,24.484607],[54.382315,24.48478],[54.382338,24.484797],[54.382298,24.484805],[54.382146,24.48498],[54.382286,24.485081],[54.382598,24.485012],[54.38275,24.484837],[54.382727,24.484821],[54.38277,24.484811],[54.382916,24.484637],[54.382904,24.484629],[54.382928,24.484624],[54.383074,24.484454],[54.383056,24.484441],[54.383084,24.484435],[54.383224,24.484254],[54.383366,24.484109],[54.383399,24.484102],[54.383836,24.483532],[54.383812,24.483515],[54.384096,24.483453],[54.384244,24.483281],[54.384128,24.483198],[54.384179,24.483139],[54.384155,24.483122],[54.384198,24.483112],[54.384346,24.482941],[54.384327,24.482928],[54.384598,24.482868],[54.384746,24.482697],[54.384628,24.482612],[54.384675,24.482558],[54.384654,24.482543],[54.38469,24.482535],[54.384838,24.482364],[54.384821,24.482352],[54.384862,24.482343],[54.38501,24.482171],[54.38499,24.482157],[54.385027,24.482148],[54.385175,24.481977],[54.385145,24.481956],[54.385188,24.481947],[54.385336,24.481775],[54.385293,24.481745],[54.385348,24.48168],[54.385403,24.481668],[54.385551,24.481497],[54.385535,24.481485],[54.385791,24.481429],[54.38594,24.481257],[54.385803,24.48116],[54.385826,24.481131],[54.385581,24.480961],[54.385522,24.480975],[54.385583,24.480904],[54.385346,24.480735],[54.385279,24.48075],[54.385299,24.480728],[54.385265,24.480704],[54.385303,24.480659],[54.385162,24.48056],[54.385592,24.480465],[54.385711,24.480329],[54.385466,24.48015],[54.384725,24.480314],[54.384459,24.480119],[54.384431,24.480125],[54.384445,24.480109],[54.384299,24.480002],[54.384802,24.479891],[54.384921,24.479756],[54.384676,24.479577],[54.383936,24.47974],[54.383826,24.479658],[54.383788,24.479666],[54.383802,24.479651],[54.383566,24.479475],[54.382704,24.479666],[54.382671,24.479641],[54.382634,24.479649],[54.382652,24.479629],[54.382472,24.479494],[54.381497,24.47971],[54.381366,24.479854],[54.381224,24.479756],[54.380823,24.479845],[54.380686,24.479744],[54.380394,24.479808],[54.380299,24.479913],[54.380348,24.47995],[54.380249,24.479972],[54.380213,24.480016],[54.380026,24.480057],[54.379795,24.480325],[54.379812,24.480337],[54.379726,24.480356],[54.379668,24.480419],[54.379733,24.480468],[54.37945,24.480531],[54.379208,24.480817],[54.379335,24.480907],[54.379474,24.480876],[54.379567,24.480941],[54.379694,24.480913],[54.379553,24.481068],[54.379787,24.481244],[54.380346,24.481121],[54.380281,24.481198],[54.380312,24.481219],[54.380256,24.481232],[54.38009,24.481428],[54.380251,24.48154],[54.380286,24.481532],[54.380269,24.481553],[54.380429,24.481665],[54.380488,24.481652],[54.380454,24.481692],[54.380696,24.481867],[54.380719,24.481862],[54.380707,24.481875],[54.38095,24.48205],[54.380982,24.482043],[54.380966,24.482061],[54.381208,24.482235],[54.381231,24.48223],[54.381219,24.482244],[54.381462,24.482418],[54.381917,24.482318],[54.381902,24.482335],[54.38192,24.482348],[54.38103,24.482545],[54.381076,24.48249],[54.380886,24.48236],[54.380659,24.48241],[54.380579,24.48235],[54.380286,24.482414],[54.380198,24.482512],[54.379911,24.482575],[54.379693,24.482837],[54.380021,24.483063],[54.38016,24.483032],[54.380054,24.483157],[54.38042,24.483413],[54.38036,24.48342],[54.380334,24.483402],[54.379805,24.483519],[54.379747,24.483478],[54.380006,24.483421],[54.380092,24.483327],[54.379803,24.483126],[54.379212,24.483252],[54.379223,24.48324],[54.378946,24.483045],[54.378654,24.483109],[54.378562,24.483217],[54.378755,24.483353],[54.378225,24.48347],[54.378086,24.483642],[54.378109,24.483859],[54.378423,24.48407],[54.378601,24.484031],[54.378585,24.484049],[54.378609,24.484072]],[[54.380834,24.484722],[54.380645,24.484763],[54.380568,24.484705],[54.380781,24.484691],[54.381757,24.484475],[54.381772,24.484444],[54.381648,24.48436],[54.381669,24.48433],[54.381552,24.484253],[54.381508,24.484263],[54.381426,24.484209],[54.381213,24.484257],[54.381346,24.484101],[54.380562,24.483561],[54.380562,24.483512],[54.38083,24.483699],[54.381387,24.483578],[54.381346,24.483621],[54.381569,24.4838],[54.381591,24.483795],[54.381432,24.484044],[54.381535,24.48411],[54.381468,24.484125],[54.381426,24.484184],[54.381529,24.48425],[54.381629,24.484228],[54.381936,24.484425],[54.381964,24.484419],[54.381952,24.484434],[54.382018,24.484478],[54.381958,24.484553],[54.381992,24.484576],[54.381158,24.48476],[54.381054,24.484885],[54.380834,24.484722]],[[54.381913,24.483557],[54.381889,24.483562],[54.381845,24.483517],[54.381913,24.483557]],[[54.382507,24.483121],[54.382531,24.483116],[54.382514,24.483137],[54.38275,24.483303],[54.382777,24.483297],[54.382754,24.483324],[54.382805,24.483359],[54.38233,24.483465],[54.382209,24.483394],[54.382293,24.483375],[54.382507,24.483121]],[[54.380432,24.483865],[54.380361,24.483881],[54.380396,24.48384],[54.380432,24.483865]],[[54.379512,24.486955],[54.379544,24.486918],[54.37968,24.487027],[54.379843,24.486991],[54.379814,24.487023],[54.379826,24.487032],[54.3798,24.487038],[54.379768,24.487079],[54.379807,24.487103],[54.379787,24.487108],[54.37971,24.487052],[54.37966,24.487063],[54.379512,24.486955]],[[54.383044,24.481503],[54.383073,24.481496],[54.383067,24.481519],[54.382798,24.481579],[54.382758,24.481549],[54.383026,24.48149],[54.383044,24.481503]],[[54.383122,24.480972],[54.383275,24.481078],[54.383042,24.481129],[54.383002,24.481101],[54.38297,24.481108],[54.382987,24.481089],[54.382893,24.481022],[54.383122,24.480972]],[[54.382349,24.48062],[54.38239,24.480651],[54.38237,24.480656],[54.382327,24.480625],[54.382349,24.48062]],[[54.381089,24.48117],[54.381149,24.481157],[54.381207,24.481088],[54.381315,24.481162],[54.381357,24.481153],[54.381341,24.481172],[54.381384,24.481202],[54.381127,24.481259],[54.381091,24.481329],[54.38118,24.481367],[54.380859,24.481439],[54.380888,24.481404],[54.380856,24.481382],[54.380924,24.481367],[54.381089,24.48117]],[[54.380702,24.480668],[54.380569,24.480694],[54.380807,24.480414],[54.380668,24.480316],[54.380785,24.48018],[54.381161,24.480097],[54.381113,24.48015],[54.381292,24.480285],[54.381322,24.480278],[54.381498,24.48041],[54.381566,24.480395],[54.381517,24.480452],[54.381823,24.480655],[54.381488,24.480729],[54.381516,24.480696],[54.381356,24.480584],[54.381245,24.480608],[54.381296,24.480548],[54.381135,24.480436],[54.380843,24.4805],[54.380702,24.480668]],[[54.381347,24.479915],[54.381379,24.47994],[54.381314,24.479954],[54.381347,24.479915]],[[54.381475,24.481302],[54.381489,24.481275],[54.381516,24.481293],[54.381475,24.481302]],[[54.383378,24.483404],[54.383492,24.483379],[54.383437,24.483442],[54.383378,24.483404]],[[54.384509,24.482153],[54.384476,24.48213],[54.384585,24.482106],[54.384575,24.482117],[54.384596,24.482132],[54.384558,24.48214],[54.38441,24.482311],[54.384427,24.482323],[54.384386,24.482333],[54.384303,24.482428],[54.384273,24.482435],[54.384312,24.482388],[54.384296,24.482377],[54.384322,24.482371],[54.384509,24.482153]]]}},{"type":"Feature","properties":{},"geometry":{"type":"Polygon","coordinates":[[[54.379393,24.48475],[54.379685,24.484686],[54.379762,24.484593],[54.379715,24.484561],[54.379779,24.484547],[54.379859,24.48445],[54.379747,24.484374],[54.379517,24.484425],[54.379481,24.4844],[54.379188,24.484464],[54.379112,24.484557],[54.379393,24.48475]]]}},{"type":"Feature","properties":{},"geometry":{"type":"Polygon","coordinates":[[[54.379446,24.48778],[54.379153,24.487845],[54.379119,24.487882],[54.378962,24.487917],[54.378836,24.488075],[54.379057,24.488221],[54.380032,24.488006],[54.380158,24.487847],[54.379937,24.487701],[54.379476,24.487803],[54.379446,24.48778]]]}},{"type":"Feature","properties":{},"geometry":{"type":"Polygon","coordinates":[[[54.378611,24.488942],[54.378659,24.488886],[54.378457,24.488744],[54.378164,24.488808],[54.378117,24.488864],[54.378318,24.489006],[54.378611,24.488942]]]}},{"type":"Feature","properties":{},"geometry":{"type":"Polygon","coordinates":[[[54.379348,24.489703],[54.379398,24.489647],[54.379368,24.489625],[54.379075,24.48969],[54.379025,24.489745],[54.379055,24.489768],[54.379348,24.489703]]]}},{"type":"Feature","properties":{},"geometry":{"type":"Polygon","coordinates":[[[54.379222,24.489817],[54.379262,24.48977],[54.379232,24.489748],[54.378939,24.489813],[54.378899,24.489859],[54.37893,24.489881],[54.379222,24.489817]]]}},{"type":"Feature","properties":{},"geometry":{"type":"Polygon","coordinates":[[[54.37819,24.491305],[54.378903,24.491147],[54.377954,24.49136],[54.37777,24.491574],[54.378008,24.491743],[54.378469,24.491641],[54.37842,24.491702],[54.378678,24.491875],[54.378766,24.491855],[54.378729,24.491899],[54.378914,24.492028],[54.379538,24.491891],[54.379625,24.491788],[54.379527,24.491719],[54.379728,24.491674],[54.379788,24.491717],[54.379883,24.491696],[54.379833,24.491753],[54.379901,24.491802],[54.380056,24.491768],[54.380039,24.491844],[54.380373,24.4919],[54.380158,24.491963],[54.380136,24.491988],[54.380304,24.492112],[54.380426,24.492085],[54.380332,24.492196],[54.379927,24.491901],[54.379615,24.49197],[54.37952,24.492079],[54.379612,24.492146],[54.379385,24.492196],[54.379293,24.492306],[54.379481,24.492435],[54.379539,24.492423],[54.379515,24.492452],[54.379713,24.492589],[54.379762,24.492579],[54.379739,24.492606],[54.378141,24.492959],[54.377956,24.493166],[54.378165,24.493321],[54.378492,24.493248],[54.378466,24.493278],[54.378586,24.493365],[54.378392,24.493408],[54.378285,24.493529],[54.378336,24.493567],[54.378254,24.493585],[54.378204,24.493644],[54.378268,24.493689],[54.378365,24.493667],[54.378359,24.493695],[54.378155,24.49374],[54.378141,24.493775],[54.378202,24.493796],[54.378345,24.493769],[54.378006,24.493843],[54.377803,24.494084],[54.378016,24.494232],[54.378207,24.49419],[54.378383,24.494318],[54.378036,24.494394],[54.377925,24.494521],[54.378118,24.49466],[54.378221,24.494637],[54.37817,24.494696],[54.378362,24.494835],[54.378744,24.494751],[54.37885,24.494826],[54.378708,24.494858],[54.378657,24.494916],[54.377838,24.495097],[54.377732,24.495222],[54.377923,24.495357],[54.37837,24.495258],[54.378338,24.495295],[54.378399,24.495338],[54.378302,24.495359],[54.378231,24.495448],[54.377965,24.495507],[54.377707,24.495812],[54.377926,24.495965],[54.378362,24.495868],[54.37819,24.49608],[54.378405,24.496226],[54.379038,24.496086],[54.378986,24.496149],[54.37907,24.496206],[54.378744,24.496279],[54.378627,24.496421],[54.378895,24.496603],[54.379129,24.496551],[54.379114,24.496569],[54.379325,24.496717],[54.379539,24.496669],[54.379632,24.496736],[54.380443,24.496557],[54.380178,24.496874],[54.378023,24.497334],[54.377916,24.497454],[54.378168,24.497639],[54.378398,24.497588],[54.378469,24.49764],[54.378271,24.497684],[54.378077,24.497902],[54.378194,24.497989],[54.379755,24.497644],[54.379949,24.497426],[54.379886,24.497379],[54.380162,24.497318],[54.380302,24.497161],[54.380528,24.497317],[54.380762,24.497265],[54.381166,24.496782],[54.381113,24.496745],[54.381984,24.496553],[54.381935,24.496612],[54.382977,24.497328],[54.383977,24.4971],[54.38403,24.497036],[54.383966,24.496993],[54.383706,24.49705],[54.38381,24.496927],[54.383828,24.496962],[54.385291,24.496639],[54.385435,24.496553],[54.38542,24.496534],[54.385566,24.496444],[54.385521,24.496344],[54.385499,24.496234],[54.385531,24.496145],[54.385703,24.495947],[54.385597,24.495878],[54.384487,24.496124],[54.384803,24.495749],[54.384832,24.495742],[54.384893,24.495673],[54.384875,24.49566],[54.385219,24.495271],[54.385198,24.495257],[54.385183,24.495086],[54.38506,24.495001],[54.385035,24.495007],[54.384984,24.494973],[54.384775,24.494894],[54.385237,24.494792],[54.385134,24.494926],[54.385224,24.494996],[54.385311,24.49504],[54.385604,24.494975],[54.385736,24.494804],[54.385665,24.494759],[54.385696,24.494719],[54.385663,24.494698],[54.3859,24.494646],[54.385951,24.494586],[54.385571,24.494128],[54.387865,24.493621],[54.387987,24.493667],[54.38945,24.493344],[54.389871,24.492634],[54.389806,24.492521],[54.389753,24.492514],[54.38829,24.492837],[54.388249,24.492879],[54.388222,24.492885],[54.388188,24.492942],[54.387897,24.492742],[54.387558,24.492816],[54.387776,24.492251],[54.387016,24.491714],[54.386732,24.491777],[54.386732,24.491675],[54.386887,24.491641],[54.386957,24.491557],[54.386847,24.491481],[54.387066,24.491363],[54.387233,24.491166],[54.386135,24.490353],[54.385563,24.490479],[54.3857,24.490318],[54.385732,24.490311],[54.385888,24.490132],[54.385858,24.490111],[54.385957,24.490089],[54.386122,24.489904],[54.38599,24.489807],[54.385399,24.489938],[54.385355,24.489905],[54.385642,24.489841],[54.385754,24.48971],[54.385581,24.489588],[54.385557,24.489593],[54.385568,24.489579],[54.385354,24.489436],[54.38532,24.489444],[54.385338,24.489422],[54.385104,24.489263],[54.384855,24.489318],[54.384974,24.489174],[54.384831,24.489076],[54.38406,24.489246],[54.384077,24.489226],[54.384058,24.489212],[54.384091,24.489205],[54.384249,24.489019],[54.384129,24.488935],[54.383583,24.489056],[54.383569,24.489073],[54.38355,24.48906],[54.383518,24.489067],[54.383533,24.489049],[54.383336,24.48891],[54.383036,24.488976],[54.383063,24.488945],[54.383025,24.488919],[54.383072,24.488908],[54.383119,24.488851],[54.383196,24.488905],[54.384132,24.488698],[54.384225,24.488588],[54.384028,24.488449],[54.384007,24.488454],[54.383814,24.488311],[54.38357,24.488364],[54.383634,24.488294],[54.383522,24.488211],[54.382664,24.488401],[54.382543,24.488536],[54.382389,24.488569],[54.38246,24.488486],[54.382424,24.48846],[54.382516,24.48844],[54.382674,24.48826],[54.382663,24.488252],[54.38278,24.488226],[54.382939,24.488041],[54.382822,24.487957],[54.382349,24.488061],[54.382385,24.488018],[54.382372,24.48801],[54.382504,24.487981],[54.382601,24.487872],[54.38238,24.487709],[54.381912,24.487812],[54.381901,24.487825],[54.381816,24.487767],[54.380677,24.488008],[54.380347,24.488413],[54.380321,24.488419],[54.380166,24.488606],[54.380328,24.488718],[54.380502,24.488679],[54.38067,24.488806],[54.380518,24.48884],[54.380469,24.488806],[54.380176,24.48887],[54.380131,24.488925],[54.37985,24.488987],[54.379687,24.489167],[54.379837,24.489279],[54.38035,24.489166],[54.38037,24.48918],[54.380559,24.489138],[54.380538,24.489163],[54.380008,24.48928],[54.379907,24.489399],[54.380109,24.489542],[54.379385,24.489702],[54.37918,24.489944],[54.37926,24.49],[54.379065,24.490043],[54.378904,24.490239],[54.379014,24.490314],[54.378811,24.490359],[54.378656,24.490542],[54.37867,24.490552],[54.378627,24.490562],[54.378467,24.490759],[54.378498,24.49078],[54.378416,24.490798],[54.378267,24.490974],[54.378321,24.491012],[54.378201,24.491039],[54.378055,24.49121],[54.37819,24.491305]],[[54.383299,24.494995],[54.382273,24.495222],[54.382252,24.495207],[54.382827,24.49508],[54.382964,24.494918],[54.383184,24.49487],[54.383353,24.494669],[54.383786,24.494573],[54.383871,24.494476],[54.383846,24.494506],[54.383873,24.494523],[54.383803,24.494609],[54.383981,24.494671],[54.383484,24.494781],[54.383299,24.494995]],[[54.383897,24.494332],[54.384014,24.494306],[54.384034,24.494283],[54.384056,24.494298],[54.38394,24.49444],[54.383892,24.494451],[54.383957,24.494375],[54.383897,24.494332]],[[54.384141,24.494078],[54.384227,24.494059],[54.384337,24.493931],[54.384548,24.494076],[54.385061,24.49397],[54.384161,24.494168],[54.384126,24.494212],[54.384089,24.49422],[54.384185,24.494109],[54.384141,24.494078]],[[54.384413,24.493821],[54.384386,24.493853],[54.384358,24.493833],[54.384413,24.493821]],[[54.384238,24.493501],[54.384309,24.493419],[54.384962,24.493275],[54.385241,24.49293],[54.385083,24.492815],[54.385153,24.492799],[54.3852,24.492734],[54.38509,24.492669],[54.384797,24.492733],[54.384767,24.492775],[54.384263,24.492887],[54.38421,24.492878],[54.383918,24.492943],[54.383913,24.492964],[54.383505,24.493054],[54.383214,24.493412],[54.38325,24.493435],[54.383021,24.493486],[54.38285,24.493683],[54.383061,24.493835],[54.383233,24.493797],[54.383141,24.493903],[54.383181,24.493932],[54.38309,24.493952],[54.383036,24.494014],[54.382877,24.493899],[54.382383,24.494009],[54.382438,24.493946],[54.382346,24.49388],[54.382471,24.49373],[54.38235,24.493647],[54.382382,24.49364],[54.382415,24.4936],[54.382844,24.493506],[54.382935,24.49339],[54.382716,24.493247],[54.382329,24.493332],[54.38247,24.493173],[54.382454,24.493161],[54.382565,24.493137],[54.382668,24.493021],[54.383392,24.492861],[54.3835,24.492727],[54.383284,24.492583],[54.383001,24.492645],[54.383595,24.492508],[54.383755,24.492324],[54.38373,24.492306],[54.383861,24.492277],[54.384016,24.492098],[54.383881,24.492001],[54.383127,24.492167],[54.383041,24.492109],[54.382987,24.492121],[54.383013,24.492089],[54.382857,24.491983],[54.382952,24.491866],[54.38278,24.491751],[54.382932,24.491718],[54.383108,24.491511],[54.383027,24.491453],[54.3834,24.491371],[54.383329,24.491453],[54.383376,24.491487],[54.383183,24.491529],[54.383061,24.49167],[54.383254,24.491808],[54.383534,24.491746],[54.383411,24.491891],[54.383563,24.491998],[54.384422,24.491808],[54.384583,24.49161],[54.384607,24.491605],[54.38463,24.491577],[54.384681,24.49162],[54.384574,24.491644],[54.384507,24.491724],[54.384541,24.491748],[54.384513,24.491754],[54.384485,24.491787],[54.384767,24.491986],[54.38499,24.491936],[54.384938,24.491981],[54.384983,24.492025],[54.384958,24.492031],[54.384907,24.492091],[54.384835,24.492107],[54.384774,24.492154],[54.384704,24.492257],[54.384922,24.492379],[54.385437,24.492265],[54.385448,24.492273],[54.385342,24.492296],[54.385167,24.492504],[54.386057,24.493148],[54.384727,24.493442],[54.384598,24.493598],[54.384409,24.493463],[54.384238,24.493501]],[[54.385007,24.491536],[54.385363,24.491779],[54.385133,24.491839],[54.385174,24.491791],[54.384875,24.491585],[54.384981,24.491562],[54.385007,24.491536]],[[54.384644,24.49156],[54.384727,24.491461],[54.38472,24.491473],[54.384771,24.491494],[54.384902,24.491465],[54.384927,24.491482],[54.384666,24.491539],[54.384644,24.49156]],[[54.384793,24.49139],[54.384821,24.491409],[54.384758,24.491423],[54.384793,24.49139]],[[54.385176,24.490903],[54.385081,24.491016],[54.384983,24.490946],[54.385176,24.490903]],[[54.385348,24.490699],[54.385346,24.490702],[54.385343,24.4907],[54.385348,24.490699]],[[54.380891,24.496591],[54.380822,24.496543],[54.380954,24.496514],[54.380891,24.496591]],[[54.381387,24.49585],[54.38136,24.495831],[54.38155,24.495789],[54.381522,24.495825],[54.381569,24.495856],[54.3814,24.495894],[54.381369,24.495871],[54.381387,24.49585]],[[54.381183,24.493665],[54.381446,24.493847],[54.381608,24.493811],[54.381525,24.49391],[54.381193,24.493984],[54.381315,24.493822],[54.381096,24.493684],[54.381183,24.493665]],[[54.380915,24.492651],[54.380931,24.492632],[54.38091,24.492617],[54.381328,24.492525],[54.381286,24.492573],[54.3813,24.492584],[54.381272,24.49259],[54.381131,24.49275],[54.381175,24.492782],[54.381146,24.492789],[54.380953,24.492656],[54.380915,24.492651]],[[54.382479,24.491253],[54.382348,24.491164],[54.382157,24.491207],[54.381714,24.490892],[54.381309,24.490981],[54.381352,24.490931],[54.381202,24.490825],[54.381388,24.490784],[54.381569,24.490571],[54.381435,24.490476],[54.381171,24.490534],[54.381198,24.490502],[54.380967,24.490343],[54.381068,24.490224],[54.380952,24.490143],[54.380437,24.490257],[54.380399,24.49023],[54.380456,24.490164],[54.380578,24.490137],[54.380743,24.489942],[54.380726,24.489929],[54.380811,24.489827],[54.380848,24.489819],[54.380906,24.48975],[54.381397,24.489642],[54.381518,24.489507],[54.381371,24.489398],[54.381887,24.48928],[54.381466,24.489776],[54.381441,24.489781],[54.381269,24.489973],[54.381292,24.48999],[54.381254,24.489999],[54.381114,24.490162],[54.381226,24.490241],[54.381519,24.490177],[54.381653,24.49001],[54.381688,24.490002],[54.38186,24.48981],[54.381846,24.4898],[54.382089,24.489747],[54.382131,24.489776],[54.382176,24.489766],[54.382152,24.489795],[54.382349,24.489934],[54.382378,24.489927],[54.382361,24.489948],[54.382396,24.489972],[54.381899,24.490082],[54.381851,24.490139],[54.381365,24.490246],[54.381272,24.490356],[54.381469,24.490495],[54.381526,24.490482],[54.3815,24.490513],[54.381697,24.490652],[54.381768,24.490636],[54.381718,24.490694],[54.381916,24.490833],[54.382106,24.490791],[54.382055,24.490852],[54.382184,24.490943],[54.382635,24.490843],[54.382553,24.490957],[54.382531,24.490962],[54.382362,24.491154],[54.382506,24.491259],[54.382964,24.491158],[54.382978,24.491168],[54.382759,24.491217],[54.382641,24.491351],[54.382784,24.491451],[54.38252,24.491509],[54.382544,24.491481],[54.382376,24.491362],[54.382479,24.491253]],[[54.379979,24.490798],[54.380062,24.490855],[54.379899,24.490891],[54.379979,24.490798]],[[54.379592,24.490538],[54.379609,24.490518],[54.379627,24.490531],[54.379592,24.490538]],[[54.378559,24.493529],[54.378641,24.493511],[54.378699,24.493445],[54.378974,24.49363],[54.37877,24.493675],[54.378785,24.493592],[54.378601,24.493558],[54.378559,24.493529]],[[54.381395,24.489123],[54.381371,24.489128],[54.381334,24.489169],[54.381296,24.489142],[54.381251,24.489152],[54.381273,24.489126],[54.381246,24.489106],[54.381423,24.489067],[54.381382,24.489114],[54.381395,24.489123]],[[54.3819,24.488417],[54.381888,24.488408],[54.381911,24.488403],[54.3819,24.488417]],[[54.380551,24.490844],[54.380637,24.490905],[54.380478,24.49094],[54.38055,24.490858],[54.380441,24.49078],[54.380644,24.490735],[54.380551,24.490844]],[[54.380375,24.491035],[54.38035,24.491064],[54.380404,24.491101],[54.380248,24.491136],[54.380309,24.491066],[54.380291,24.491053],[54.380375,24.491035]],[[54.381413,24.491829],[54.381182,24.49188],[54.381044,24.491784],[54.381277,24.491732],[54.381413,24.491829]],[[54.382419,24.490439],[54.382407,24.490453],[54.382287,24.49048],[54.382299,24.490465],[54.382419,24.490439]],[[54.382734,24.490048],[54.382746,24.490056],[54.382713,24.490063],[54.38267,24.490111],[54.382625,24.490122],[54.382643,24.4901],[54.382608,24.490076],[54.382734,24.490048]],[[54.384267,24.490149],[54.383958,24.490219],[54.383934,24.490202],[54.384157,24.490152],[54.384201,24.490103],[54.384267,24.490149]],[[54.383164,24.489483],[54.383262,24.489462],[54.383282,24.489476],[54.383226,24.489488],[54.383176,24.489547],[54.383135,24.489518],[54.383164,24.489483]],[[54.383294,24.489388],[54.383297,24.489388],[54.383293,24.489391],[54.383294,24.489388]],[[54.382273,24.494361],[54.382205,24.494439],[54.382136,24.494391],[54.382273,24.494361]],[[54.382761,24.492443],[54.382746,24.492433],[54.382775,24.492427],[54.382761,24.492443]],[[54.3855,24.491872],[54.385543,24.491902],[54.385444,24.491923],[54.3855,24.491872]]]}},{"type":"Feature","properties":{},"geometry":{"type":"Polygon","coordinates":[[[54.378943,24.492622],[54.379058,24.492494],[54.378807,24.492309],[54.377871,24.492515],[54.377756,24.492644],[54.378007,24.492829],[54.378943,24.492622]]]}},{"type":"Feature","properties":{},"geometry":{"type":"Polygon","coordinates":[[[54.379248,24.496704],[54.378156,24.496946],[54.378049,24.497065],[54.378313,24.49726],[54.379405,24.497019],[54.379512,24.496899],[54.379248,24.496704]]]}},{"type":"Feature","properties":{},"geometry":{"type":"Polygon","coordinates":[[[54.378171,24.498025],[54.377977,24.498244],[54.378005,24.498263],[54.377939,24.498278],[54.377764,24.498474],[54.377898,24.498573],[54.379284,24.498266],[54.379253,24.498302],[54.379489,24.498472],[54.380464,24.498257],[54.380626,24.498072],[54.38039,24.497902],[54.379571,24.498083],[54.379618,24.498023],[54.379499,24.497933],[54.379183,24.498003],[54.379277,24.497876],[54.379186,24.497801],[54.378171,24.498025]]]}},{"type":"Feature","properties":{},"geometry":{"type":"Polygon","coordinates":[[[54.379155,24.498636],[54.379084,24.498725],[54.379034,24.498686],[54.378741,24.498751],[54.378627,24.498872],[54.378699,24.498927],[54.378544,24.498962],[54.378463,24.499043],[54.378526,24.499094],[54.378888,24.499012],[54.378928,24.498972],[54.378864,24.498919],[54.379021,24.498885],[54.379132,24.498764],[54.379296,24.498873],[54.379588,24.498808],[54.379698,24.498672],[54.379482,24.498529],[54.379382,24.498551],[54.379423,24.498498],[54.37924,24.498381],[54.378948,24.498445],[54.378874,24.498541],[54.378949,24.498589],[54.378678,24.498656],[54.378697,24.498702],[54.379013,24.49863],[54.379057,24.498658],[54.379155,24.498636]]]}},{"type":"Feature","properties":{},"geometry":{"type":"Polygon","coordinates":[[[54.380144,24.501065],[54.380344,24.500853],[54.380131,24.500687],[54.377961,24.501167],[54.377761,24.501379],[54.377974,24.501545],[54.380144,24.501065]]]}},{"type":"Feature","properties":{},"geometry":{"type":"Polygon","coordinates":[[[54.379299,24.50175],[54.379499,24.501547],[54.379353,24.501428],[54.37789,24.501751],[54.377689,24.501955],[54.377836,24.502074],[54.379299,24.50175]]]}},{"type":"Feature","properties":{},"geometry":{"type":"Polygon","coordinates":[[[54.379849,24.502039],[54.38004,24.501842],[54.379871,24.501707],[54.378018,24.502117],[54.377828,24.502314],[54.377955,24.502416],[54.377856,24.502438],[54.377752,24.502561],[54.377954,24.502704],[54.379808,24.502294],[54.379912,24.502171],[54.379754,24.50206],[54.379849,24.502039]]]}},{"type":"Feature","properties":{},"geometry":{"type":"Polygon","coordinates":[[[54.379157,24.508353],[54.379048,24.508355],[54.378755,24.50842],[54.378758,24.508519],[54.378529,24.50857],[54.37853,24.508679],[54.378603,24.508678],[54.378895,24.508614],[54.378894,24.508515],[54.379159,24.508456],[54.379157,24.508353]]]}},{"type":"Feature","properties":{},"geometry":{"type":"Polygon","coordinates":[[[54.379343,24.510273],[54.379586,24.510146],[54.379781,24.510103],[54.38001,24.509977],[54.37999,24.509946],[54.38012,24.509917],[54.380768,24.509572],[54.380732,24.509516],[54.380918,24.509475],[54.381153,24.509348],[54.381082,24.509237],[54.381104,24.509225],[54.380998,24.50906],[54.380973,24.509065],[54.380893,24.508941],[54.378591,24.509439],[54.377802,24.509708],[54.378003,24.51002],[54.378628,24.509882],[54.378546,24.509927],[54.378567,24.509959],[54.378275,24.510024],[54.378115,24.510113],[54.378367,24.510488],[54.379343,24.510273]]]}},{"type":"Feature","properties":{},"geometry":{"type":"Polygon","coordinates":[[[54.380165,24.482194],[54.380016,24.482363],[54.380066,24.4824],[54.380358,24.482335],[54.380507,24.482165],[54.380457,24.482129],[54.380165,24.482194]]]}},{"type":"Feature","properties":{},"geometry":{"type":"Polygon","coordinates":[[[54.380013,24.49916],[54.379954,24.499237],[54.379974,24.49925],[54.380013,24.499241],[54.379985,24.499278],[54.380323,24.499493],[54.380506,24.499452],[54.380487,24.499527],[54.380699,24.499574],[54.380818,24.499548],[54.380845,24.499603],[54.381059,24.499614],[54.381848,24.499448],[54.38188,24.49939],[54.381828,24.499366],[54.381767,24.499264],[54.381708,24.499277],[54.381647,24.49916],[54.382056,24.498913],[54.382408,24.498835],[54.382537,24.498782],[54.382505,24.498503],[54.382424,24.498391],[54.381895,24.498246],[54.381286,24.498381],[54.381162,24.498452],[54.381068,24.498473],[54.380628,24.498745],[54.380733,24.498898],[54.38019,24.499018],[54.380095,24.499142],[54.380013,24.49916]]]}},{"type":"Feature","properties":{},"geometry":{"type":"Polygon","coordinates":[[[54.379298,24.507332],[54.379299,24.507452],[54.37934,24.507452],[54.37934,24.507547],[54.37952,24.507521],[54.379521,24.507576],[54.379762,24.507573],[54.380737,24.507358],[54.380733,24.507066],[54.380511,24.507069],[54.379298,24.507332]]]}},{"type":"Feature","properties":{},"geometry":{"type":"Polygon","coordinates":[[[54.380184,24.511843],[54.380028,24.511878],[54.379543,24.512354],[54.379653,24.512439],[54.379809,24.512405],[54.380297,24.511934],[54.380184,24.511843]]]}},{"type":"Feature","properties":{},"geometry":{"type":"Polygon","coordinates":[[[54.381339,24.485825],[54.381389,24.48577],[54.381333,24.485728],[54.38104,24.485793],[54.38099,24.485848],[54.381046,24.48589],[54.381339,24.485825]]]}},{"type":"Feature","properties":{},"geometry":{"type":"Polygon","coordinates":[[[54.381022,24.487894],[54.38188,24.487704],[54.3819,24.487681],[54.382105,24.487635],[54.382202,24.487519],[54.382015,24.487389],[54.381901,24.487415],[54.381874,24.487396],[54.381016,24.487586],[54.380855,24.487778],[54.381022,24.487894]]]}},{"type":"Feature","properties":{},"geometry":{"type":"Polygon","coordinates":[[[54.381902,24.50916],[54.38161,24.509225],[54.381563,24.509278],[54.381611,24.509312],[54.381903,24.509248],[54.38195,24.509195],[54.381902,24.50916]]]}},{"type":"Feature","properties":{},"geometry":{"type":"Polygon","coordinates":[[[54.381795,24.510119],[54.381896,24.510079],[54.381862,24.510007],[54.381569,24.510072],[54.381468,24.510112],[54.381503,24.510184],[54.381795,24.510119]]]}},{"type":"Feature","properties":{},"geometry":{"type":"Polygon","coordinates":[[[54.381113,24.511405],[54.38107,24.511391],[54.381026,24.511401],[54.381035,24.511358],[54.380915,24.511338],[54.380622,24.511403],[54.380589,24.511568],[54.380709,24.511588],[54.381001,24.511524],[54.381008,24.511488],[54.381086,24.511471],[54.381113,24.511405]]]}},{"type":"Feature","properties":{},"geometry":{"type":"Polygon","coordinates":[[[54.381394,24.512476],[54.381474,24.512392],[54.380469,24.511553],[54.380313,24.511587],[54.380238,24.511685],[54.381238,24.51251],[54.381394,24.512476]]]}},{"type":"Feature","properties":{},"geometry":{"type":"Polygon","coordinates":[[[54.383117,24.486348],[54.383209,24.486405],[54.383253,24.486401],[54.383545,24.486336],[54.383593,24.486273],[54.383395,24.48615],[54.383102,24.486215],[54.383028,24.486314],[54.383092,24.486354],[54.383117,24.486348]]]}},{"type":"Feature","properties":{},"geometry":{"type":"Polygon","coordinates":[[[54.38245,24.48702],[54.382804,24.487315],[54.383059,24.487258],[54.382919,24.487403],[54.383275,24.487695],[54.383339,24.487681],[54.38323,24.487791],[54.383403,24.487933],[54.383526,24.487906],[54.383624,24.487991],[54.383703,24.487973],[54.383777,24.488035],[54.383733,24.488044],[54.38369,24.488085],[54.383731,24.488117],[54.383845,24.488092],[54.383867,24.48811],[54.384417,24.487988],[54.384479,24.488032],[54.385454,24.487816],[54.385756,24.487463],[54.385665,24.487397],[54.385682,24.487376],[54.385573,24.487303],[54.385234,24.487378],[54.385356,24.487239],[54.385115,24.487072],[54.384819,24.487137],[54.384809,24.487131],[54.384843,24.487124],[54.384914,24.487045],[54.384725,24.486907],[54.384625,24.48693],[54.384674,24.486873],[54.384483,24.486741],[54.384191,24.486806],[54.384124,24.486882],[54.384148,24.4869],[54.384102,24.48691],[54.384081,24.486934],[54.383904,24.486973],[54.384049,24.486827],[54.38396,24.486757],[54.383659,24.486824],[54.38361,24.486783],[54.38379,24.486608],[54.383695,24.486531],[54.38272,24.486746],[54.38245,24.48702]]]}},{"type":"Feature","properties":{},"geometry":{"type":"Polygon","coordinates":[[[54.382469,24.499168],[54.382499,24.499126],[54.382504,24.499053],[54.382469,24.498998],[54.382432,24.498974],[54.382376,24.498962],[54.382033,24.499036],[54.38199,24.499062],[54.381953,24.499125],[54.381961,24.499193],[54.38199,24.499233],[54.382054,24.499265],[54.382426,24.499194],[54.382469,24.499168]]]}},{"type":"Feature","properties":{},"geometry":{"type":"Polygon","coordinates":[[[54.382818,24.504775],[54.383111,24.504711],[54.383101,24.504588],[54.383025,24.504593],[54.382733,24.504657],[54.382743,24.50478],[54.382818,24.504775]]]}},{"type":"Feature","properties":{},"geometry":{"type":"Polygon","coordinates":[[[54.383192,24.508155],[54.3829,24.508219],[54.382846,24.508246],[54.382867,24.50828],[54.38316,24.508215],[54.383213,24.508188],[54.383192,24.508155]]]}},{"type":"Feature","properties":{},"geometry":{"type":"Polygon","coordinates":[[[54.38383,24.511445],[54.384214,24.51102],[54.384013,24.510865],[54.384447,24.510769],[54.384838,24.510356],[54.384144,24.509817],[54.382681,24.51014],[54.3823,24.510555],[54.382334,24.510582],[54.381894,24.510679],[54.381509,24.511102],[54.382367,24.511768],[54.38383,24.511445]]]}},{"type":"Feature","properties":{},"geometry":{"type":"Polygon","coordinates":[[[54.384763,24.484038],[54.384471,24.484102],[54.384385,24.484192],[54.384434,24.484231],[54.384726,24.484166],[54.384787,24.484103],[54.384771,24.484089],[54.384796,24.484064],[54.384763,24.484038]]]}},{"type":"Feature","properties":{},"geometry":{"type":"Polygon","coordinates":[[[54.385233,24.486309],[54.38552,24.486556],[54.385113,24.486646],[54.385057,24.486927],[54.385453,24.486989],[54.386428,24.486773],[54.386491,24.48649],[54.386153,24.48644],[54.386518,24.48636],[54.386697,24.486188],[54.386514,24.48603],[54.38643,24.486048],[54.386477,24.486002],[54.386426,24.485962],[54.386329,24.485983],[54.386349,24.485964],[54.386307,24.485923],[54.385965,24.485986],[54.386114,24.485835],[54.385758,24.485545],[54.385581,24.485584],[54.385681,24.48548],[54.385333,24.485188],[54.38516,24.485226],[54.385191,24.485196],[54.385135,24.485151],[54.385164,24.485124],[54.38521,24.485114],[54.385328,24.484981],[54.385419,24.484961],[54.385524,24.484857],[54.385385,24.484742],[54.38441,24.484958],[54.384305,24.485063],[54.384321,24.485075],[54.384283,24.485113],[54.384254,24.485119],[54.38413,24.485244],[54.384142,24.485253],[54.384109,24.485289],[54.38408,24.485295],[54.383967,24.485404],[54.384075,24.485494],[54.383833,24.485548],[54.38357,24.48582],[54.383925,24.486112],[54.384175,24.486057],[54.384032,24.486202],[54.384391,24.486495],[54.385233,24.486309]]]}},{"type":"Feature","properties":{},"geometry":{"type":"Polygon","coordinates":[[[54.384458,24.48859],[54.384531,24.488641],[54.384488,24.488651],[54.38444,24.48871],[54.384539,24.488779],[54.384596,24.488766],[54.384934,24.489008],[54.385222,24.488945],[54.385233,24.488953],[54.385147,24.488972],[54.385098,24.489058],[54.385145,24.489076],[54.38513,24.489092],[54.385192,24.489138],[54.385453,24.489081],[54.385267,24.48929],[54.385379,24.489367],[54.38583,24.489277],[54.385754,24.489381],[54.385802,24.48941],[54.385634,24.489447],[54.385595,24.48949],[54.386065,24.48982],[54.386358,24.489756],[54.386394,24.489712],[54.38629,24.489639],[54.387166,24.489445],[54.387295,24.489269],[54.387016,24.489093],[54.386176,24.489279],[54.386209,24.489234],[54.38616,24.489205],[54.386641,24.489098],[54.386741,24.488985],[54.386508,24.488808],[54.387091,24.488679],[54.387181,24.488456],[54.38722,24.488414],[54.387437,24.488286],[54.387361,24.488172],[54.387221,24.488203],[54.387309,24.488112],[54.387057,24.487929],[54.386871,24.48797],[54.386853,24.487957],[54.386911,24.487891],[54.386974,24.487877],[54.38707,24.487776],[54.387027,24.487744],[54.387038,24.487731],[54.388433,24.487423],[54.38841,24.487268],[54.388536,24.48713],[54.388727,24.487088],[54.388716,24.486958],[54.388532,24.486974],[54.388366,24.486842],[54.388406,24.486803],[54.388317,24.486732],[54.387807,24.486844],[54.387831,24.486818],[54.387742,24.486752],[54.387615,24.48678],[54.387703,24.48668],[54.387657,24.486645],[54.387364,24.48671],[54.387265,24.486819],[54.387313,24.486855],[54.387439,24.486827],[54.38738,24.486892],[54.387429,24.486928],[54.386854,24.487055],[54.386515,24.487435],[54.386613,24.487512],[54.386682,24.487497],[54.386772,24.487562],[54.385317,24.487884],[54.385015,24.488232],[54.385171,24.488347],[54.385131,24.488392],[54.385056,24.488408],[54.385027,24.488464],[54.385082,24.488488],[54.385222,24.488457],[54.38538,24.48857],[54.385864,24.488463],[54.386034,24.48859],[54.386084,24.488579],[54.386044,24.488683],[54.386012,24.48866],[54.38572,24.488724],[54.385635,24.48882],[54.385593,24.488829],[54.385559,24.488804],[54.385641,24.488713],[54.385568,24.488664],[54.385427,24.488696],[54.385196,24.488529],[54.384904,24.488593],[54.384863,24.488643],[54.384789,24.488592],[54.384832,24.488582],[54.384981,24.488408],[54.384899,24.48835],[54.384696,24.488395],[54.384667,24.488374],[54.384494,24.488412],[54.384533,24.488367],[54.384522,24.488358],[54.384682,24.488172],[54.38459,24.488101],[54.384476,24.488126],[54.384526,24.488069],[54.384448,24.488015],[54.384155,24.488079],[54.384011,24.488245],[54.384088,24.4883],[54.384202,24.488275],[54.384131,24.488356],[54.384147,24.488367],[54.384074,24.488454],[54.384166,24.488518],[54.384339,24.48848],[54.384385,24.488514],[54.384554,24.488477],[54.384458,24.48859]],[[54.38598,24.48939],[54.385965,24.489409],[54.385947,24.489397],[54.38598,24.48939]]]}},{"type":"Feature","properties":{},"geometry":{"type":"Polygon","coordinates":[[[54.384899,24.492575],[54.384848,24.492533],[54.384824,24.492538],[54.384845,24.492509],[54.384751,24.492452],[54.384458,24.492517],[54.384427,24.49256],[54.384521,24.492617],[54.38454,24.492612],[54.384528,24.492625],[54.384675,24.492747],[54.384968,24.492682],[54.385023,24.492626],[54.384948,24.492564],[54.384899,24.492575]]]}},{"type":"Feature","properties":{},"geometry":{"type":"Polygon","coordinates":[[[54.384074,24.492845],[54.38411,24.49281],[54.384037,24.492748],[54.383745,24.492813],[54.383709,24.492848],[54.383781,24.49291],[54.384074,24.492845]]]}},{"type":"Feature","properties":{},"geometry":{"type":"Polygon","coordinates":[[[54.38533,24.497081],[54.385059,24.496902],[54.383596,24.497226],[54.383377,24.497502],[54.383929,24.497866],[54.385392,24.497542],[54.385478,24.497434],[54.385346,24.49733],[54.385374,24.497295],[54.385233,24.497203],[54.38533,24.497081]]]}},{"type":"Feature","properties":{},"geometry":{"type":"Polygon","coordinates":[[[54.385076,24.503676],[54.385073,24.503429],[54.384933,24.50343],[54.38347,24.503754],[54.383477,24.504307],[54.383302,24.504345],[54.383303,24.504399],[54.383478,24.504391],[54.383478,24.504436],[54.383437,24.504445],[54.383437,24.50447],[54.383408,24.504487],[54.383317,24.504507],[54.383321,24.50491],[54.383623,24.504907],[54.385086,24.504583],[54.385085,24.504547],[54.385168,24.504529],[54.385159,24.503675],[54.385076,24.503676]]]}},{"type":"Feature","properties":{},"geometry":{"type":"Polygon","coordinates":[[[54.386983,24.481987],[54.38669,24.482051],[54.386699,24.482115],[54.386898,24.482089],[54.387191,24.482025],[54.387186,24.481963],[54.386983,24.481987]]]}},{"type":"Feature","properties":{},"geometry":{"type":"Polygon","coordinates":[[[54.390195,24.48245],[54.390232,24.482384],[54.390101,24.482324],[54.389809,24.482389],[54.389772,24.482455],[54.389903,24.482514],[54.390195,24.48245]]]}},{"type":"Feature","properties":{},"geometry":{"type":"Polygon","coordinates":[[[54.388666,24.482004],[54.387203,24.482327],[54.386697,24.482936],[54.387087,24.483209],[54.38855,24.482886],[54.389062,24.482286],[54.388666,24.482004]]]}},{"type":"Feature","properties":{},"geometry":{"type":"Polygon","coordinates":[[[54.390265,24.482829],[54.390355,24.482759],[54.39029,24.48269],[54.389997,24.482755],[54.389907,24.482825],[54.389972,24.482894],[54.390265,24.482829]]]}},{"type":"Feature","properties":{},"geometry":{"type":"Polygon","coordinates":[[[54.388263,24.485095],[54.388212,24.485048],[54.387919,24.485113],[54.387843,24.485182],[54.387894,24.485229],[54.388186,24.485164],[54.388263,24.485095]]]}},{"type":"Feature","properties":{},"geometry":{"type":"Polygon","coordinates":[[[54.389584,24.485525],[54.389443,24.485639],[54.389596,24.485795],[54.389888,24.485731],[54.389951,24.48568],[54.389907,24.485635],[54.389985,24.485572],[54.389877,24.485461],[54.389584,24.485525]]]}},{"type":"Feature","properties":{},"geometry":{"type":"Polygon","coordinates":[[[54.386746,24.486919],[54.386453,24.486984],[54.386339,24.48711],[54.386425,24.487174],[54.386718,24.487109],[54.386836,24.48699],[54.386746,24.486919]]]}},{"type":"Feature","properties":{},"geometry":{"type":"Polygon","coordinates":[[[54.386525,24.489807],[54.386435,24.489743],[54.386143,24.489808],[54.386108,24.489847],[54.386196,24.489911],[54.386488,24.489846],[54.386525,24.489807]]]}},{"type":"Feature","properties":{},"geometry":{"type":"Polygon","coordinates":[[[54.387255,24.490017],[54.387257,24.489974],[54.387192,24.489971],[54.3869,24.490036],[54.386897,24.490079],[54.386962,24.490082],[54.387255,24.490017]]]}},{"type":"Feature","properties":{},"geometry":{"type":"Polygon","coordinates":[[[54.38735,24.490351],[54.38747,24.490212],[54.387248,24.490052],[54.386955,24.490116],[54.386835,24.490257],[54.387058,24.490415],[54.38735,24.490351]]]}},{"type":"Feature","properties":{},"geometry":{"type":"Polygon","coordinates":[[[54.390646,24.493556],[54.390698,24.493502],[54.390694,24.493417],[54.390647,24.49338],[54.390679,24.493373],[54.390677,24.493324],[54.390575,24.493328],[54.390571,24.493234],[54.390494,24.493237],[54.389031,24.493561],[54.389033,24.493671],[54.387649,24.493977],[54.387358,24.494681],[54.387698,24.49491],[54.389125,24.494595],[54.389134,24.494774],[54.389223,24.494771],[54.389231,24.494932],[54.389342,24.494927],[54.390805,24.494604],[54.390775,24.493981],[54.391633,24.493791],[54.391584,24.493437],[54.390646,24.493556]]]}},{"type":"Feature","properties":{},"geometry":{"type":"Polygon","coordinates":[[[54.388146,24.495705],[54.388159,24.495814],[54.388232,24.495806],[54.388239,24.495869],[54.388496,24.495844],[54.388789,24.495779],[54.388777,24.495682],[54.388696,24.49569],[54.388691,24.495645],[54.388592,24.495655],[54.388588,24.495626],[54.388438,24.495641],[54.388146,24.495705]]]}},{"type":"Feature","properties":{},"geometry":{"type":"Polygon","coordinates":[[[54.390262,24.496007],[54.390147,24.496033],[54.390156,24.496107],[54.390173,24.496106],[54.390205,24.496364],[54.390643,24.496328],[54.390935,24.496264],[54.390933,24.496225],[54.391852,24.496021],[54.39184,24.495924],[54.391911,24.495908],[54.391899,24.495815],[54.39209,24.495773],[54.392038,24.495353],[54.391689,24.495389],[54.390109,24.495729],[54.39011,24.495762],[54.389841,24.495821],[54.389862,24.495928],[54.390243,24.49585],[54.390262,24.496007]]]}},{"type":"Feature","properties":{},"geometry":{"type":"Polygon","coordinates":[[[54.388417,24.496678],[54.38988,24.496354],[54.389787,24.495662],[54.389037,24.495744],[54.387574,24.496068],[54.387666,24.49676],[54.388417,24.496678]]]}},{"type":"Feature","properties":{},"geometry":{"type":"Polygon","coordinates":[[[54.390598,24.4965],[54.390341,24.496538],[54.39034,24.496529],[54.390205,24.496543],[54.388326,24.496958],[54.388213,24.49697],[54.387684,24.497087],[54.387549,24.496052],[54.387318,24.496077],[54.386709,24.496212],[54.386847,24.497252],[54.38657,24.497309],[54.386579,24.497384],[54.38654,24.497392],[54.386584,24.497755],[54.386624,24.49775],[54.386643,24.497909],[54.386615,24.497915],[54.386626,24.498009],[54.386667,24.498005],[54.386709,24.498355],[54.386674,24.498363],[54.386683,24.498432],[54.386731,24.498427],[54.386772,24.498766],[54.387145,24.498729],[54.387388,24.498675],[54.387369,24.49852],[54.387856,24.498412],[54.387838,24.498263],[54.388171,24.49819],[54.388313,24.498178],[54.390741,24.497641],[54.390598,24.4965]]]}},{"type":"Feature","properties":{},"geometry":{"type":"Polygon","coordinates":[[[54.386653,24.498939],[54.386821,24.498921],[54.387114,24.498857],[54.387109,24.498801],[54.386939,24.49882],[54.386647,24.498885],[54.386653,24.498939]]]}},{"type":"Feature","properties":{},"geometry":{"type":"Polygon","coordinates":[[[54.388238,24.499052],[54.386775,24.499375],[54.386768,24.499506],[54.386877,24.499783],[54.386944,24.499887],[54.387235,24.500209],[54.387459,24.500387],[54.387532,24.500461],[54.388096,24.500864],[54.387919,24.500905],[54.388012,24.50105],[54.388047,24.501141],[54.388228,24.501101],[54.388272,24.501456],[54.388112,24.501492],[54.38812,24.501571],[54.388053,24.501752],[54.388156,24.501762],[54.388134,24.501871],[54.387969,24.502046],[54.387908,24.50206],[54.387837,24.502137],[54.387876,24.502157],[54.387597,24.502492],[54.387623,24.502519],[54.387477,24.502822],[54.387584,24.502858],[54.387661,24.503027],[54.387577,24.503046],[54.387577,24.503078],[54.387363,24.503126],[54.387339,24.50325],[54.38767,24.503205],[54.387675,24.503391],[54.388732,24.503157],[54.388742,24.503235],[54.389955,24.503108],[54.390321,24.503027],[54.390294,24.502812],[54.390366,24.502796],[54.390406,24.5031],[54.391157,24.503036],[54.391693,24.502917],[54.391642,24.502453],[54.391743,24.502418],[54.391734,24.50241],[54.391955,24.502361],[54.39187,24.501659],[54.392259,24.501573],[54.392247,24.501464],[54.392282,24.501457],[54.39228,24.501439],[54.39344,24.501182],[54.393438,24.501161],[54.393562,24.501133],[54.393516,24.500635],[54.393376,24.500646],[54.393373,24.500616],[54.393243,24.500626],[54.392889,24.500704],[54.392864,24.500511],[54.392598,24.500535],[54.391757,24.500721],[54.391708,24.500311],[54.39328,24.499964],[54.393278,24.499946],[54.393407,24.499917],[54.393346,24.499414],[54.393205,24.499428],[54.393201,24.499392],[54.393061,24.499406],[54.391983,24.499644],[54.391972,24.499524],[54.391934,24.499527],[54.391922,24.499403],[54.391602,24.499429],[54.391517,24.498725],[54.390413,24.498849],[54.389877,24.498968],[54.389885,24.499032],[54.389774,24.499057],[54.389768,24.499004],[54.389203,24.499051],[54.38919,24.498952],[54.388238,24.499052]],[[54.389837,24.499647],[54.389804,24.499345],[54.389922,24.499319],[54.389961,24.499626],[54.389837,24.499647]],[[54.388687,24.502801],[54.388479,24.502847],[54.3884,24.502662],[54.388459,24.502649],[54.388505,24.502595],[54.38865,24.502344],[54.38938,24.502276],[54.389746,24.502195],[54.38974,24.50213],[54.390266,24.502014],[54.390305,24.50232],[54.390234,24.502336],[54.390216,24.502196],[54.389003,24.502322],[54.388637,24.502403],[54.388687,24.502801]],[[54.38988,24.501363],[54.390173,24.501298],[54.390174,24.501304],[54.38988,24.501363]],[[54.389814,24.500825],[54.390104,24.500761],[54.390151,24.501122],[54.390041,24.501132],[54.390013,24.500852],[54.389822,24.500894],[54.389814,24.500825]]]}},{"type":"Feature","properties":{},"geometry":{"type":"Polygon","coordinates":[[[54.388959,24.503353],[54.389133,24.503315],[54.38924,24.503322],[54.389533,24.503257],[54.389534,24.503204],[54.389427,24.503202],[54.389245,24.503242],[54.389029,24.503263],[54.388737,24.503327],[54.388744,24.503378],[54.388959,24.503353]]]}},{"type":"Feature","properties":{},"geometry":{"type":"Polygon","coordinates":[[[54.388352,24.503567],[54.388341,24.503526],[54.387984,24.503605],[54.387995,24.503646],[54.388352,24.503567]]]}},{"type":"Feature","properties":{},"geometry":{"type":"Polygon","coordinates":[[[54.387491,24.504063],[54.387493,24.504101],[54.387557,24.504098],[54.38785,24.504033],[54.387846,24.503953],[54.3877,24.503974],[54.387818,24.503947],[54.387812,24.503905],[54.3874,24.503984],[54.387407,24.504026],[54.387448,24.504021],[54.387362,24.50404],[54.38737,24.504086],[54.387491,24.504063]]]}},{"type":"Feature","properties":{},"geometry":{"type":"Polygon","coordinates":[[[54.389825,24.505597],[54.389842,24.505811],[54.390056,24.505797],[54.391031,24.505581],[54.390969,24.504989],[54.39077,24.505002],[54.389795,24.505218],[54.389803,24.505318],[54.389699,24.505341],[54.389701,24.50537],[54.38964,24.505384],[54.389658,24.505614],[54.389825,24.505597]]]}},{"type":"Feature","properties":{},"geometry":{"type":"Polygon","coordinates":[[[54.389445,24.506963],[54.389152,24.507028],[54.389156,24.507062],[54.389251,24.507055],[54.389544,24.50699],[54.389541,24.506956],[54.389445,24.506963]]]}},{"type":"Feature","properties":{},"geometry":{"type":"Polygon","coordinates":[[[54.390873,24.482394],[54.39058,24.482459],[54.390563,24.482582],[54.390697,24.482594],[54.39099,24.48253],[54.39101,24.482407],[54.390873,24.482394]]]}},{"type":"Feature","properties":{},"geometry":{"type":"Polygon","coordinates":[[[54.390947,24.482828],[54.391028,24.482867],[54.391261,24.482823],[54.391191,24.482839],[54.39115,24.482902],[54.391177,24.482916],[54.391056,24.482942],[54.390997,24.483025],[54.391238,24.483168],[54.391282,24.483158],[54.391275,24.48317],[54.391503,24.483283],[54.392237,24.48312],[54.39226,24.483125],[54.392235,24.48317],[54.392199,24.483143],[54.391224,24.483358],[54.391015,24.483564],[54.39122,24.483711],[54.391252,24.483704],[54.391186,24.48376],[54.391324,24.483896],[54.391617,24.483831],[54.391704,24.483756],[54.391578,24.483632],[54.392195,24.483495],[54.392275,24.483403],[54.392256,24.483388],[54.392299,24.483378],[54.392336,24.483336],[54.392375,24.483354],[54.392668,24.48329],[54.392768,24.483115],[54.392672,24.48307],[54.392607,24.483084],[54.392612,24.483076],[54.39255,24.483052],[54.392573,24.483012],[54.392526,24.48299],[54.392555,24.482944],[54.392465,24.48288],[54.392503,24.482818],[54.392642,24.482787],[54.392717,24.482667],[54.392485,24.482554],[54.391723,24.482722],[54.391487,24.482616],[54.391421,24.48263],[54.391441,24.482596],[54.391355,24.482556],[54.391315,24.482565],[54.391328,24.482542],[54.391234,24.4825],[54.390942,24.482565],[54.3909,24.482639],[54.390811,24.482589],[54.390518,24.482654],[54.390461,24.482735],[54.39071,24.482873],[54.390951,24.482819],[54.390947,24.482828]],[[54.392323,24.483237],[54.392315,24.483231],[54.392328,24.483228],[54.392323,24.483237]]]}},{"type":"Feature","properties":{},"geometry":{"type":"Polygon","coordinates":[[[54.391091,24.484498],[54.391183,24.48442],[54.391064,24.484304],[54.390771,24.484369],[54.39068,24.484447],[54.390799,24.484563],[54.391091,24.484498]]]}},{"type":"Feature","properties":{},"geometry":{"type":"Polygon","coordinates":[[[54.394793,24.488419],[54.394956,24.488383],[54.394968,24.488395],[54.397812,24.487766],[54.397734,24.487851],[54.398874,24.488706],[54.400196,24.489399],[54.400966,24.489714],[54.401757,24.489883],[54.4026,24.489943],[54.404063,24.48962],[54.404343,24.489272],[54.404088,24.487813],[54.403751,24.487763],[54.403236,24.487658],[54.402607,24.487441],[54.40157,24.486978],[54.402217,24.486835],[54.402329,24.486793],[54.40267,24.486039],[54.402206,24.4858],[54.400743,24.486123],[54.400615,24.486317],[54.40043,24.486179],[54.398968,24.486502],[54.398375,24.48715],[54.396499,24.487565],[54.396312,24.487297],[54.39857,24.486798],[54.398954,24.486456],[54.398922,24.486426],[54.39884,24.486394],[54.398728,24.486382],[54.398603,24.486399],[54.395019,24.487192],[54.39497,24.487235],[54.394996,24.48726],[54.394555,24.487364],[54.394369,24.487515],[54.394421,24.487568],[54.394275,24.4876],[54.394095,24.487756],[54.394113,24.487773],[54.394066,24.487813],[54.394198,24.487939],[54.394521,24.488303],[54.394652,24.488274],[54.394793,24.488419]]]}},{"type":"Feature","properties":{},"geometry":{"type":"Polygon","coordinates":[[[54.392714,24.489126],[54.392886,24.489319],[54.393265,24.489232],[54.393272,24.489275],[54.393803,24.489206],[54.394169,24.489125],[54.394116,24.488788],[54.393538,24.488864],[54.393464,24.488825],[54.393409,24.488765],[54.393383,24.488705],[54.393376,24.488641],[54.39339,24.488577],[54.39345,24.488494],[54.393708,24.488472],[54.394073,24.488391],[54.394015,24.487836],[54.393238,24.487904],[54.392872,24.487985],[54.392909,24.488341],[54.392798,24.488479],[54.39268,24.488453],[54.392314,24.488534],[54.392303,24.488586],[54.392215,24.488605],[54.392125,24.48894],[54.392304,24.488949],[54.392538,24.489018],[54.392714,24.489126]]]}},{"type":"Feature","properties":{},"geometry":{"type":"Polygon","coordinates":[[[54.39786,24.488115],[54.397848,24.488016],[54.397667,24.488034],[54.394327,24.488773],[54.394337,24.488855],[54.39419,24.488888],[54.394231,24.489235],[54.394384,24.48922],[54.394398,24.489338],[54.394585,24.489319],[54.397925,24.488581],[54.397913,24.488478],[54.398004,24.488458],[54.397962,24.488105],[54.39786,24.488115]]]}},{"type":"Feature","properties":{},"geometry":{"type":"Polygon","coordinates":[[[54.397943,24.488844],[54.397932,24.488745],[54.39775,24.488762],[54.39441,24.489501],[54.394419,24.489583],[54.394271,24.489615],[54.394312,24.489967],[54.394465,24.489952],[54.394481,24.490096],[54.394669,24.490078],[54.398009,24.48934],[54.397994,24.489206],[54.398085,24.489186],[54.398044,24.488834],[54.397943,24.488844]]]}},{"type":"Feature","properties":{},"geometry":{"type":"Polygon","coordinates":[[[54.39257,24.490997],[54.392984,24.490943],[54.393034,24.490972],[54.392169,24.491164],[54.39221,24.49149],[54.392502,24.49146],[54.393757,24.491191],[54.393641,24.491332],[54.39246,24.491593],[54.392547,24.492146],[54.392963,24.492093],[54.393774,24.491913],[54.39383,24.491951],[54.394025,24.491908],[54.394077,24.491846],[54.394772,24.491693],[54.394898,24.491783],[54.394529,24.491865],[54.394475,24.491932],[54.393984,24.49204],[54.39393,24.492102],[54.392226,24.492479],[54.392288,24.492864],[54.39287,24.492786],[54.397039,24.491865],[54.397033,24.491824],[54.397939,24.491624],[54.39804,24.491507],[54.398006,24.491483],[54.398336,24.49141],[54.398411,24.491316],[54.398336,24.491266],[54.398399,24.491186],[54.398377,24.491171],[54.398716,24.491096],[54.398818,24.490979],[54.398723,24.490911],[54.398766,24.490861],[54.398599,24.490742],[54.39897,24.49066],[54.399071,24.490543],[54.398976,24.490474],[54.399019,24.490425],[54.398839,24.490295],[54.399691,24.490107],[54.399892,24.489875],[54.399654,24.489703],[54.395387,24.490647],[54.395185,24.490879],[54.395304,24.490964],[54.3947,24.491098],[54.395248,24.49044],[54.395077,24.490327],[54.394692,24.490366],[54.394497,24.490409],[54.394352,24.490468],[54.394227,24.49062],[54.394182,24.490573],[54.394086,24.49052],[54.393978,24.490497],[54.3941,24.49047],[54.394206,24.490413],[54.394344,24.490237],[54.394257,24.489733],[54.393879,24.489766],[54.393603,24.489609],[54.393361,24.489617],[54.392995,24.489698],[54.392899,24.490086],[54.392856,24.490178],[54.392778,24.49027],[54.392729,24.490281],[54.392445,24.49043],[54.392301,24.49043],[54.392101,24.490384],[54.391736,24.490465],[54.391721,24.490502],[54.391735,24.490577],[54.3917,24.4906],[54.391651,24.49071],[54.391724,24.490779],[54.391942,24.490822],[54.392303,24.490933],[54.392512,24.490887],[54.39257,24.490997]]]}},{"type":"Feature","properties":{},"geometry":{"type":"Polygon","coordinates":[[[54.390587,24.492771],[54.390399,24.492942],[54.390505,24.493039],[54.390798,24.492974],[54.390985,24.492803],[54.390879,24.492707],[54.390587,24.492771]]]}},{"type":"Feature","properties":{},"geometry":{"type":"Polygon","coordinates":[[[54.394497,24.494274],[54.39449,24.494226],[54.394342,24.494244],[54.393367,24.494459],[54.39337,24.494477],[54.39331,24.49449],[54.393345,24.49473],[54.393613,24.494698],[54.394589,24.494483],[54.394557,24.494267],[54.394497,24.494274]]]}},{"type":"Feature","properties":{},"geometry":{"type":"Polygon","coordinates":[[[54.393739,24.496008],[54.393864,24.495994],[54.395327,24.495671],[54.395498,24.495518],[54.395748,24.495463],[54.395663,24.494853],[54.395095,24.494919],[54.392676,24.495443],[54.392741,24.49608],[54.393043,24.496014],[54.393729,24.495937],[54.393739,24.496008]]]}},{"type":"Feature","properties":{},"geometry":{"type":"Polygon","coordinates":[[[54.394542,24.496821],[54.39431,24.497106],[54.394334,24.49719],[54.391505,24.497815],[54.391369,24.497889],[54.389896,24.498215],[54.389941,24.498568],[54.390974,24.498461],[54.393899,24.497814],[54.393888,24.497723],[54.395941,24.497269],[54.395934,24.497222],[54.396104,24.497185],[54.396232,24.497119],[54.396348,24.497025],[54.396337,24.49695],[54.39638,24.496887],[54.39646,24.496849],[54.396493,24.49679],[54.396005,24.496498],[54.394542,24.496821]]]}},{"type":"Feature","properties":{},"geometry":{"type":"Polygon","coordinates":[[[54.391186,24.49705],[54.391184,24.497144],[54.391304,24.497146],[54.391596,24.497082],[54.391601,24.497015],[54.391956,24.496948],[54.391954,24.496909],[54.391714,24.49692],[54.391422,24.496985],[54.391421,24.496998],[54.391186,24.49705]]]}},{"type":"Feature","properties":{},"geometry":{"type":"Polygon","coordinates":[[[54.391343,24.497244],[54.391635,24.497179],[54.391637,24.497124],[54.391962,24.497053],[54.391954,24.497016],[54.391607,24.49709],[54.391613,24.497115],[54.391525,24.497113],[54.391232,24.497178],[54.39123,24.497241],[54.391343,24.497244]]]}},{"type":"Feature","properties":{},"geometry":{"type":"Polygon","coordinates":[[[54.393313,24.498116],[54.39331,24.498197],[54.393645,24.498133],[54.393647,24.498053],[54.393313,24.498116]]]}},{"type":"Feature","properties":{},"geometry":{"type":"Polygon","coordinates":[[[54.393466,24.49866],[54.393621,24.499665],[54.39537,24.499471],[54.396833,24.499148],[54.396723,24.49834],[54.396599,24.498219],[54.394929,24.498336],[54.393466,24.49866]]]}},{"type":"Feature","properties":{},"geometry":{"type":"Polygon","coordinates":[[[54.395827,24.499762],[54.395419,24.499844],[54.395441,24.499964],[54.395241,24.500009],[54.395264,24.500113],[54.395589,24.500042],[54.395574,24.499978],[54.395855,24.499916],[54.395827,24.499762]]]}},{"type":"Feature","properties":{},"geometry":{"type":"Polygon","coordinates":[[[54.395229,24.500379],[54.395208,24.500265],[54.394869,24.500337],[54.39489,24.500451],[54.395229,24.500379]]]}},{"type":"Feature","properties":{},"geometry":{"type":"Polygon","coordinates":[[[54.39563,24.50132],[54.397093,24.500997],[54.396951,24.500149],[54.396385,24.500227],[54.394922,24.50055],[54.395064,24.501399],[54.39563,24.50132]]]}},{"type":"Feature","properties":{},"geometry":{"type":"Polygon","coordinates":[[[54.395954,24.50183],[54.395661,24.501895],[54.395658,24.501997],[54.395744,24.502],[54.396036,24.501935],[54.396039,24.501833],[54.395954,24.50183]]]}},{"type":"Feature","properties":{},"geometry":{"type":"Polygon","coordinates":[[[54.392091,24.503633],[54.392099,24.503682],[54.392484,24.503605],[54.392476,24.503556],[54.392091,24.503633]]]}},{"type":"Feature","properties":{},"geometry":{"type":"Polygon","coordinates":[[[54.392274,24.503831],[54.392463,24.503789],[54.392463,24.503812],[54.392554,24.503811],[54.392847,24.503746],[54.392846,24.503697],[54.392755,24.503698],[54.392565,24.50374],[54.39256,24.503664],[54.392397,24.503672],[54.392105,24.503737],[54.392111,24.503839],[54.392274,24.503831]]]}},{"type":"Feature","properties":{},"geometry":{"type":"Polygon","coordinates":[[[54.392098,24.504395],[54.392216,24.504378],[54.392222,24.504432],[54.392504,24.504401],[54.392797,24.504336],[54.392795,24.504318],[54.393305,24.504206],[54.393247,24.503701],[54.39314,24.503711],[54.392054,24.50394],[54.392065,24.504132],[54.392186,24.504114],[54.392196,24.504204],[54.39209,24.504227],[54.392098,24.504395]]]}},{"type":"Feature","properties":{},"geometry":{"type":"Polygon","coordinates":[[[54.392653,24.504727],[54.393628,24.504512],[54.393595,24.504237],[54.393153,24.50428],[54.392177,24.504496],[54.39221,24.504771],[54.392653,24.504727]]]}},{"type":"Feature","properties":{},"geometry":{"type":"Polygon","coordinates":[[[54.392524,24.505171],[54.392558,24.505648],[54.392773,24.505636],[54.393748,24.50542],[54.393712,24.50492],[54.393497,24.504933],[54.392726,24.505103],[54.392724,24.505034],[54.392885,24.504998],[54.392855,24.50475],[54.392522,24.50481],[54.39252,24.504794],[54.392466,24.504798],[54.392173,24.504863],[54.392181,24.504943],[54.39246,24.504889],[54.392478,24.505045],[54.392208,24.505104],[54.392211,24.505213],[54.392524,24.505171]]]}},{"type":"Feature","properties":{},"geometry":{"type":"Polygon","coordinates":[[[54.39177,24.50681],[54.391776,24.506856],[54.392158,24.506782],[54.392152,24.506736],[54.39177,24.50681]]]}},{"type":"Feature","properties":{},"geometry":{"type":"Polygon","coordinates":[[[54.391531,24.507352],[54.391541,24.50749],[54.391944,24.507466],[54.39292,24.50725],[54.392917,24.507214],[54.393285,24.507141],[54.393278,24.507087],[54.392913,24.507158],[54.392909,24.507112],[54.392762,24.507121],[54.393717,24.506909],[54.39369,24.506567],[54.393505,24.506579],[54.39253,24.506794],[54.392556,24.507133],[54.391531,24.507352]]]}},{"type":"Feature","properties":{},"geometry":{"type":"Polygon","coordinates":[[[54.39236,24.506881],[54.392348,24.506832],[54.392391,24.506823],[54.39238,24.506781],[54.39188,24.506896],[54.391888,24.506957],[54.391995,24.506938],[54.392001,24.506959],[54.39236,24.506881]]]}},{"type":"Feature","properties":{},"geometry":{"type":"Polygon","coordinates":[[[54.392234,24.507077],[54.392233,24.506988],[54.392107,24.50699],[54.391814,24.507055],[54.391816,24.507144],[54.391942,24.507142],[54.392234,24.507077]]]}},{"type":"Feature","properties":{},"geometry":{"type":"Polygon","coordinates":[[[54.391179,24.507511],[54.391472,24.507447],[54.391473,24.507366],[54.39134,24.507365],[54.391047,24.507429],[54.391046,24.50751],[54.391179,24.507511]]]}},{"type":"Feature","properties":{},"geometry":{"type":"Polygon","coordinates":[[[54.393216,24.508734],[54.393508,24.508669],[54.39351,24.508635],[54.393262,24.508644],[54.39297,24.508709],[54.39297,24.508739],[54.393216,24.508734]]]}},{"type":"Feature","properties":{},"geometry":{"type":"Polygon","coordinates":[[[54.393096,24.509587],[54.393144,24.509669],[54.393021,24.509696],[54.392992,24.509738],[54.393063,24.509778],[54.393255,24.509735],[54.393287,24.509787],[54.393981,24.509634],[54.394012,24.509678],[54.394038,24.509672],[54.394017,24.509683],[54.394078,24.509774],[54.394371,24.509709],[54.394412,24.509687],[54.394351,24.509596],[54.394324,24.509602],[54.394345,24.50959],[54.394323,24.509558],[54.39475,24.509464],[54.395088,24.509293],[54.395076,24.509273],[54.395258,24.50918],[54.395026,24.508802],[54.393948,24.50904],[54.393948,24.509029],[54.393897,24.509031],[54.393604,24.509096],[54.393605,24.509116],[54.393369,24.509224],[54.39338,24.509242],[54.393317,24.509272],[54.393399,24.509391],[54.393334,24.509406],[54.393287,24.509433],[54.393321,24.50948],[54.393096,24.509587]]]}},{"type":"Feature","properties":{},"geometry":{"type":"Polygon","coordinates":[[[54.394369,24.509829],[54.394466,24.509788],[54.39442,24.509701],[54.394128,24.509765],[54.394031,24.509807],[54.394077,24.509894],[54.394369,24.509829]]]}},{"type":"Feature","properties":{},"geometry":{"type":"Polygon","coordinates":[[[54.393869,24.509955],[54.393874,24.509991],[54.394209,24.509921],[54.394203,24.509885],[54.393869,24.509955]]]}},{"type":"Feature","properties":{},"geometry":{"type":"Polygon","coordinates":[[[54.394517,24.510029],[54.394384,24.510058],[54.39436,24.510014],[54.394237,24.510041],[54.394487,24.509933],[54.394456,24.509874],[54.394163,24.509938],[54.393848,24.510074],[54.393862,24.5101],[54.393764,24.510129],[54.393786,24.510183],[54.394004,24.510134],[54.394036,24.510193],[54.394162,24.510165],[54.394253,24.510242],[54.394545,24.510177],[54.394643,24.510081],[54.394583,24.51003],[54.394532,24.510041],[54.394517,24.510029]]]}},{"type":"Feature","properties":{},"geometry":{"type":"Polygon","coordinates":[[[54.407718,24.479664],[54.407893,24.479571],[54.407836,24.479482],[54.407713,24.479509],[54.407743,24.479489],[54.407639,24.479324],[54.406176,24.479648],[54.405927,24.479779],[54.405983,24.479867],[54.405776,24.479976],[54.405813,24.480035],[54.405737,24.480075],[54.4058,24.480173],[54.405818,24.480169],[54.405905,24.480306],[54.407368,24.479982],[54.407786,24.479771],[54.407718,24.479664]]]}},{"type":"Feature","properties":{},"geometry":{"type":"Polygon","coordinates":[[[54.404896,24.4809],[54.404282,24.481036],[54.403673,24.48131],[54.403917,24.481584],[54.405379,24.48126],[54.405908,24.48099],[54.405781,24.480774],[54.406343,24.480649],[54.406437,24.480741],[54.407412,24.480526],[54.407558,24.480403],[54.407373,24.48022],[54.407328,24.48023],[54.407266,24.480169],[54.406868,24.480257],[54.406829,24.480213],[54.40679,24.480222],[54.406696,24.480184],[54.406644,24.480196],[54.406636,24.480187],[54.405173,24.48051],[54.405145,24.480531],[54.404982,24.480566],[54.404751,24.480736],[54.404896,24.4809]]]}},{"type":"Feature","properties":{},"geometry":{"type":"Polygon","coordinates":[[[54.405336,24.482344],[54.405366,24.482337],[54.405417,24.48244],[54.407199,24.482045],[54.407183,24.482071],[54.407041,24.482137],[54.407211,24.482352],[54.406807,24.482442],[54.406818,24.482435],[54.406778,24.482381],[54.406485,24.482446],[54.40631,24.482553],[54.406317,24.482563],[54.406107,24.48267],[54.406143,24.482727],[54.406421,24.482666],[54.406566,24.482887],[54.405455,24.483133],[54.405126,24.483265],[54.405318,24.483913],[54.404939,24.484017],[54.404965,24.484183],[54.403751,24.484451],[54.40362,24.484898],[54.403526,24.485074],[54.40334,24.485265],[54.403951,24.4858],[54.405414,24.485477],[54.40561,24.485286],[54.405708,24.48515],[54.40583,24.48495],[54.405887,24.484813],[54.408032,24.484339],[54.408156,24.483946],[54.407431,24.483859],[54.407165,24.483917],[54.407166,24.483528],[54.406997,24.483039],[54.407683,24.482888],[54.407859,24.482792],[54.407699,24.482547],[54.409854,24.482071],[54.410043,24.481999],[54.410085,24.481868],[54.409687,24.481423],[54.407843,24.481831],[54.407824,24.481766],[54.408074,24.481711],[54.408314,24.481561],[54.40826,24.481502],[54.408422,24.481466],[54.40865,24.481319],[54.408438,24.481032],[54.408372,24.48092],[54.406178,24.481406],[54.406001,24.481509],[54.405923,24.481577],[54.405955,24.481615],[54.405846,24.481639],[54.405621,24.481752],[54.40558,24.481799],[54.405599,24.481848],[54.405398,24.481892],[54.40529,24.481997],[54.405261,24.482119],[54.405287,24.48226],[54.405336,24.482344]]]}},{"type":"Feature","properties":{},"geometry":{"type":"Polygon","coordinates":[[[54.403508,24.483071],[54.403742,24.482938],[54.403566,24.482599],[54.403242,24.482162],[54.402852,24.482248],[54.402864,24.482134],[54.402778,24.48213],[54.402291,24.482238],[54.401421,24.483154],[54.401422,24.483271],[54.401463,24.483334],[54.401638,24.483375],[54.402125,24.483267],[54.402263,24.483208],[54.40257,24.483215],[54.403095,24.483396],[54.403583,24.483288],[54.403508,24.483071]]]}},{"type":"Feature","properties":{},"geometry":{"type":"Polygon","coordinates":[[[54.407334,24.485549],[54.407629,24.485262],[54.407554,24.485199],[54.407262,24.485263],[54.407028,24.485491],[54.406754,24.485552],[54.406713,24.485613],[54.406818,24.485672],[54.407334,24.485549]]]}},{"type":"Feature","properties":{},"geometry":{"type":"Polygon","coordinates":[[[54.405139,24.486488],[54.404791,24.486123],[54.404754,24.486098],[54.404702,24.486092],[54.403971,24.486254],[54.403234,24.486607],[54.403444,24.48716],[54.403478,24.487193],[54.40353,24.487207],[54.404261,24.487046],[54.404498,24.486962],[54.404853,24.486771],[54.405121,24.486575],[54.405149,24.486535],[54.405139,24.486488]]]}},{"type":"Feature","properties":{},"geometry":{"type":"Polygon","coordinates":[[[54.407543,24.487477],[54.407687,24.487297],[54.407392,24.487084],[54.405832,24.487429],[54.405686,24.487602],[54.405983,24.487822],[54.407543,24.487477]]]}},{"type":"Feature","properties":{},"geometry":{"type":"Polygon","coordinates":[[[54.407347,24.490287],[54.407313,24.490206],[54.406961,24.490292],[54.406989,24.490373],[54.407347,24.490287]]]}},{"type":"Feature","properties":{},"geometry":{"type":"Polygon","coordinates":[[[54.400098,24.490732],[54.400402,24.490694],[54.401377,24.490478],[54.401337,24.490213],[54.401033,24.490251],[54.400058,24.490467],[54.400098,24.490732]]]}},{"type":"Feature","properties":{},"geometry":{"type":"Polygon","coordinates":[[[54.398959,24.492093],[54.398917,24.491776],[54.398791,24.49179],[54.398498,24.491854],[54.398541,24.492176],[54.398959,24.492093]]]}},{"type":"Feature","properties":{},"geometry":{"type":"Polygon","coordinates":[[[54.398899,24.492193],[54.398894,24.49216],[54.398818,24.492168],[54.398525,24.492233],[54.39857,24.492562],[54.398939,24.492489],[54.398932,24.49244],[54.399095,24.49242],[54.399388,24.492356],[54.399374,24.492255],[54.399141,24.492285],[54.399118,24.492151],[54.398899,24.492193]]]}},{"type":"Feature","properties":{},"geometry":{"type":"Polygon","coordinates":[[[54.396629,24.492042],[54.395653,24.492258],[54.395588,24.492557],[54.395997,24.492631],[54.396972,24.492415],[54.397038,24.492117],[54.396629,24.492042]]]}},{"type":"Feature","properties":{},"geometry":{"type":"Polygon","coordinates":[[[54.405341,24.492999],[54.405502,24.493136],[54.405169,24.49321],[54.405166,24.493186],[54.404822,24.493221],[54.403359,24.493544],[54.403367,24.493606],[54.403273,24.493627],[54.403325,24.494054],[54.403286,24.494063],[54.403322,24.494353],[54.403622,24.494322],[54.403653,24.494365],[54.403701,24.49439],[54.40382,24.494379],[54.404045,24.494498],[54.405508,24.494174],[54.405644,24.493953],[54.408539,24.493313],[54.407982,24.493622],[54.407631,24.493885],[54.407294,24.494291],[54.407536,24.494453],[54.408571,24.495082],[54.408378,24.495367],[54.408113,24.495425],[54.40726,24.49495],[54.406894,24.495031],[54.406822,24.495229],[54.406683,24.495251],[54.406709,24.495212],[54.406642,24.495175],[54.40635,24.49524],[54.406305,24.495308],[54.406371,24.495344],[54.406487,24.495319],[54.4066,24.495316],[54.406807,24.49527],[54.4068,24.495288],[54.406562,24.495341],[54.406486,24.495406],[54.406551,24.495469],[54.406395,24.495503],[54.406312,24.495545],[54.406365,24.495633],[54.406414,24.495622],[54.406365,24.495717],[54.40627,24.495738],[54.406224,24.495803],[54.406251,24.495819],[54.406469,24.49577],[54.406498,24.495783],[54.405393,24.496027],[54.405094,24.495915],[54.404485,24.49605],[54.404158,24.496949],[54.403928,24.497053],[54.404358,24.49798],[54.404967,24.497845],[54.405208,24.497649],[54.405261,24.497586],[54.405756,24.497477],[54.40574,24.497548],[54.405946,24.497585],[54.405643,24.497652],[54.4058,24.49787],[54.405129,24.498028],[54.405089,24.49808],[54.405099,24.498141],[54.405047,24.498153],[54.404875,24.498333],[54.404851,24.498402],[54.404854,24.49846],[54.403975,24.498654],[54.403987,24.498617],[54.40397,24.498582],[54.404019,24.498549],[54.403996,24.498498],[54.404292,24.498382],[54.404433,24.498298],[54.404515,24.49821],[54.404538,24.498158],[54.404519,24.498126],[54.404533,24.498111],[54.404447,24.498049],[54.404415,24.498056],[54.404396,24.498045],[54.404415,24.498041],[54.404428,24.498013],[54.404375,24.497992],[54.404083,24.498057],[54.404074,24.498074],[54.403978,24.498096],[54.403208,24.498413],[54.403016,24.498458],[54.402864,24.498563],[54.402757,24.498744],[54.40274,24.498873],[54.402759,24.498984],[54.402809,24.499041],[54.40277,24.499106],[54.402825,24.499141],[54.40285,24.499176],[54.402864,24.49922],[54.402856,24.499279],[54.403021,24.499304],[54.403167,24.499287],[54.403968,24.49911],[54.403992,24.499162],[54.404129,24.499222],[54.403464,24.499375],[54.403448,24.499406],[54.403168,24.499584],[54.403093,24.499605],[54.40308,24.499633],[54.403087,24.499668],[54.403154,24.499754],[54.403248,24.499802],[54.403331,24.499785],[54.403476,24.499943],[54.403581,24.500013],[54.403698,24.500065],[54.403823,24.500099],[54.403952,24.500113],[54.404111,24.500109],[54.404135,24.500134],[54.404109,24.500161],[54.404113,24.500183],[54.404184,24.500229],[54.4043,24.50023],[54.404484,24.500189],[54.404483,24.500286],[54.404761,24.500267],[54.405578,24.500085],[54.405834,24.499965],[54.407266,24.499649],[54.407455,24.499553],[54.408085,24.499413],[54.40812,24.499395],[54.40815,24.499344],[54.408147,24.499308],[54.408089,24.499234],[54.408385,24.499168],[54.408417,24.49915],[54.408461,24.499073],[54.408479,24.498993],[54.408509,24.498986],[54.408517,24.498871],[54.408469,24.498876],[54.408429,24.498777],[54.408399,24.49874],[54.408335,24.498715],[54.406757,24.499062],[54.406865,24.498797],[54.408992,24.498326],[54.408992,24.498391],[54.409383,24.498324],[54.41062,24.49805],[54.41061,24.498871],[54.410748,24.499018],[54.410993,24.499029],[54.411813,24.498847],[54.411825,24.498912],[54.411943,24.498902],[54.413406,24.498578],[54.413588,24.498349],[54.413482,24.49773],[54.413504,24.497721],[54.413273,24.497177],[54.412959,24.497062],[54.411496,24.497386],[54.411403,24.497423],[54.41079,24.497567],[54.410677,24.497529],[54.40927,24.49784],[54.409222,24.497818],[54.409266,24.497751],[54.409215,24.49771],[54.409186,24.497658],[54.409181,24.497582],[54.409061,24.497555],[54.40895,24.497554],[54.407982,24.497768],[54.407916,24.497495],[54.407867,24.497447],[54.407793,24.497429],[54.406664,24.497679],[54.406084,24.497576],[54.406975,24.497379],[54.406986,24.497333],[54.407029,24.497323],[54.407061,24.497188],[54.407342,24.497126],[54.407468,24.497073],[54.407468,24.497083],[54.408106,24.497162],[54.408348,24.497108],[54.408709,24.497309],[54.411122,24.496775],[54.411943,24.496384],[54.411798,24.496155],[54.410862,24.496362],[54.410816,24.496343],[54.412129,24.496052],[54.412293,24.495949],[54.412266,24.495913],[54.412502,24.495861],[54.412726,24.495756],[54.41259,24.495596],[54.414584,24.495154],[54.414651,24.495127],[54.414683,24.495075],[54.414673,24.495012],[54.414607,24.494922],[54.414509,24.494841],[54.414379,24.494768],[54.414232,24.494711],[54.414056,24.494686],[54.408909,24.49582],[54.412488,24.495019],[54.412595,24.494986],[54.412689,24.494935],[54.412801,24.494842],[54.412859,24.494758],[54.412869,24.494656],[54.41281,24.494607],[54.412715,24.494606],[54.411176,24.494947],[54.411086,24.494779],[54.410694,24.494866],[54.410496,24.494872],[54.410217,24.494847],[54.410164,24.494813],[54.410019,24.494484],[54.409973,24.494262],[54.41011,24.494081],[54.410282,24.493968],[54.410759,24.49374],[54.413287,24.49318],[54.41363,24.49279],[54.41391,24.492545],[54.414406,24.492234],[54.414867,24.492085],[54.415312,24.491967],[54.415283,24.491757],[54.412397,24.492395],[54.412265,24.492394],[54.411973,24.492459],[54.411972,24.492489],[54.409136,24.493119],[54.409373,24.492747],[54.409289,24.492703],[54.409224,24.492717],[54.409198,24.492703],[54.409231,24.492652],[54.409126,24.492596],[54.407283,24.493004],[54.407266,24.492866],[54.407165,24.492876],[54.40668,24.492983],[54.406768,24.492896],[54.406671,24.492814],[54.406379,24.492879],[54.406309,24.492948],[54.406263,24.492909],[54.406627,24.492573],[54.406454,24.492452],[54.406667,24.492352],[54.406559,24.492185],[54.406247,24.492254],[54.405376,24.492715],[54.405341,24.492999]],[[54.406657,24.495568],[54.406712,24.495541],[54.406709,24.495558],[54.406414,24.495622],[54.406657,24.495568]],[[54.406724,24.495499],[54.406716,24.495486],[54.40673,24.495483],[54.406724,24.495499]],[[54.408176,24.49637],[54.408207,24.49638],[54.408417,24.496333],[54.408609,24.49641],[54.408742,24.496429],[54.408833,24.496427],[54.410064,24.496154],[54.410046,24.496169],[54.41015,24.496288],[54.410069,24.496343],[54.410169,24.496472],[54.409068,24.496716],[54.409098,24.496646],[54.408888,24.496575],[54.408577,24.496497],[54.408344,24.496469],[54.407645,24.496618],[54.407637,24.49658],[54.408134,24.49647],[54.408176,24.49637]],[[54.408961,24.495292],[54.409261,24.495341],[54.409436,24.495332],[54.409069,24.495413],[54.408791,24.495322],[54.408851,24.495234],[54.408961,24.495292]],[[54.405398,24.499413],[54.404527,24.499606],[54.404448,24.499538],[54.405542,24.499296],[54.405398,24.499413]]]}},{"type":"Feature","properties":{},"geometry":{"type":"Polygon","coordinates":[[[54.400704,24.493321],[54.402166,24.492997],[54.402112,24.492612],[54.401381,24.492697],[54.399918,24.49302],[54.399973,24.493406],[54.400704,24.493321]]]}},{"type":"Feature","properties":{},"geometry":{"type":"Polygon","coordinates":[[[54.396904,24.501888],[54.395441,24.502211],[54.395492,24.502519],[54.395924,24.502461],[54.397387,24.502137],[54.397336,24.501829],[54.396904,24.501888]]]}},{"type":"Feature","properties":{},"geometry":{"type":"Polygon","coordinates":[[[54.407289,24.503403],[54.407236,24.50328],[54.40688,24.503364],[54.406917,24.503485],[54.407289,24.503403]]]}},{"type":"Feature","properties":{},"geometry":{"type":"Polygon","coordinates":[[[54.406816,24.504616],[54.406818,24.504474],[54.406724,24.504472],[54.406482,24.504526],[54.406477,24.504506],[54.406088,24.504593],[54.406141,24.504759],[54.406816,24.504616]]]}},{"type":"Feature","properties":{},"geometry":{"type":"Polygon","coordinates":[[[54.397479,24.504785],[54.397772,24.50472],[54.397766,24.504619],[54.397694,24.504622],[54.397401,24.504687],[54.397407,24.504788],[54.397479,24.504785]]]}},{"type":"Feature","properties":{},"geometry":{"type":"Polygon","coordinates":[[[54.405062,24.507112],[54.405502,24.507014],[54.404898,24.508066],[54.404993,24.508131],[54.405356,24.508068],[54.408282,24.507421],[54.408788,24.506511],[54.408781,24.506431],[54.408706,24.506396],[54.410628,24.505971],[54.410689,24.505906],[54.410935,24.505852],[54.41105,24.50579],[54.411135,24.505697],[54.41118,24.505584],[54.411182,24.505463],[54.411143,24.505357],[54.411069,24.505267],[54.410969,24.505202],[54.410851,24.505169],[54.410728,24.505171],[54.409265,24.505495],[54.409148,24.505532],[54.40905,24.505601],[54.408981,24.505693],[54.408947,24.505801],[54.408951,24.505862],[54.407244,24.506239],[54.407028,24.506464],[54.407202,24.506596],[54.406058,24.506849],[54.406212,24.5065],[54.406034,24.506441],[54.406227,24.506398],[54.40632,24.50615],[54.406054,24.506067],[54.406334,24.506005],[54.406446,24.505717],[54.406702,24.505922],[54.409384,24.505328],[54.409475,24.505223],[54.40951,24.505101],[54.409469,24.50496],[54.409356,24.504859],[54.408074,24.505143],[54.407807,24.504916],[54.40642,24.505223],[54.40636,24.505208],[54.405385,24.505424],[54.405291,24.505739],[54.405429,24.505773],[54.405179,24.505828],[54.405064,24.506126],[54.405347,24.506217],[54.405066,24.506279],[54.404973,24.506527],[54.405137,24.506578],[54.404948,24.50662],[54.404806,24.507019],[54.405062,24.507112]],[[54.406261,24.505647],[54.406209,24.50563],[54.406235,24.505624],[54.406261,24.505647]]]}},{"type":"Feature","properties":{},"geometry":{"type":"Polygon","coordinates":[[[54.40479,24.507289],[54.404823,24.507261],[54.404729,24.50717],[54.404437,24.507235],[54.404404,24.507263],[54.404497,24.507354],[54.40479,24.507289]]]}},{"type":"Feature","properties":{},"geometry":{"type":"Polygon","coordinates":[[[54.40706,24.509435],[54.407133,24.509502],[54.406811,24.509574],[54.406652,24.509706],[54.407014,24.510038],[54.409355,24.50952],[54.40952,24.509404],[54.409461,24.509348],[54.409787,24.509276],[54.409921,24.509139],[54.409826,24.50905],[54.410124,24.508984],[54.41024,24.508865],[54.409879,24.508532],[54.408037,24.50894],[54.408001,24.508904],[54.407912,24.508924],[54.407793,24.508855],[54.407604,24.508897],[54.407583,24.508883],[54.407842,24.508826],[54.407907,24.508776],[54.40788,24.508747],[54.407587,24.508811],[54.407525,24.508864],[54.40666,24.509055],[54.406677,24.509036],[54.406631,24.509001],[54.408461,24.508596],[54.408573,24.508481],[54.408423,24.508334],[54.408718,24.508269],[54.408829,24.508154],[54.408621,24.507948],[54.408879,24.507891],[54.40888,24.507914],[54.408846,24.507921],[54.408851,24.508027],[54.409183,24.507961],[54.409182,24.507936],[54.409211,24.507929],[54.409218,24.507791],[54.409028,24.507824],[54.409098,24.507753],[54.408707,24.507368],[54.406367,24.507886],[54.406249,24.507993],[54.406464,24.508206],[54.406098,24.508287],[54.40598,24.508394],[54.406137,24.508549],[54.405842,24.508615],[54.405724,24.508722],[54.406121,24.509114],[54.40626,24.509083],[54.406322,24.50913],[54.405231,24.509371],[54.405105,24.509539],[54.405253,24.509684],[54.405364,24.509659],[54.405418,24.509695],[54.407199,24.509301],[54.40706,24.509435]]]}},{"type":"Feature","properties":{},"geometry":{"type":"Polygon","coordinates":[[[54.406578,24.51073],[54.406859,24.510566],[54.406799,24.510481],[54.406836,24.510455],[54.406878,24.510193],[54.406741,24.51007],[54.406429,24.510139],[54.406188,24.51034],[54.406084,24.510413],[54.405968,24.510469],[54.405877,24.510476],[54.405565,24.510545],[54.405328,24.510706],[54.405146,24.510891],[54.405193,24.51093],[54.405285,24.510962],[54.40559,24.51097],[54.405902,24.510901],[54.406257,24.510785],[54.406266,24.510799],[54.406578,24.51073]]]}},{"type":"Feature","properties":{},"geometry":{"type":"Polygon","coordinates":[[[54.396883,24.510805],[54.397858,24.51059],[54.398114,24.510302],[54.39791,24.510151],[54.396934,24.510367],[54.396681,24.510653],[54.396883,24.510805]]]}},{"type":"Feature","properties":{},"geometry":{"type":"Polygon","coordinates":[[[54.408087,24.511596],[54.408086,24.511526],[54.408201,24.511463],[54.40857,24.511381],[54.408768,24.511282],[54.409017,24.511113],[54.409438,24.51102],[54.408975,24.511277],[54.408999,24.511313],[54.408731,24.511373],[54.408237,24.51165],[54.408457,24.511973],[54.40992,24.511649],[54.410413,24.511372],[54.410389,24.511337],[54.410655,24.511278],[54.411135,24.511012],[54.410957,24.510746],[54.411208,24.510611],[54.411163,24.510544],[54.411724,24.510245],[54.411635,24.510112],[54.410616,24.510337],[54.410537,24.510241],[54.410396,24.510272],[54.410376,24.510248],[54.408634,24.510633],[54.408623,24.51062],[54.406651,24.511065],[54.406208,24.511313],[54.406171,24.511417],[54.406253,24.511654],[54.405455,24.511831],[54.405478,24.512082],[54.405488,24.512108],[54.405539,24.512127],[54.40577,24.512077],[54.405807,24.512122],[54.405859,24.512123],[54.408053,24.511637],[54.408087,24.511596]]]}},{"type":"Feature","properties":{},"geometry":{"type":"Polygon","coordinates":[[[54.410816,24.480016],[54.410885,24.479949],[54.410735,24.47982],[54.410443,24.479885],[54.410374,24.479952],[54.410524,24.48008],[54.410816,24.480016]]]}},{"type":"Feature","properties":{},"geometry":{"type":"Polygon","coordinates":[[[54.411258,24.481786],[54.411321,24.481841],[54.411222,24.481936],[54.411307,24.482009],[54.412282,24.481793],[54.412459,24.481623],[54.412091,24.481304],[54.411116,24.48152],[54.410943,24.481686],[54.41101,24.481744],[54.410906,24.481767],[54.410876,24.481795],[54.410916,24.481829],[54.411183,24.48177],[54.411214,24.481796],[54.411258,24.481786]]]}},{"type":"Feature","properties":{},"geometry":{"type":"Polygon","coordinates":[[[54.411691,24.481987],[54.411398,24.482052],[54.41132,24.482132],[54.411351,24.482158],[54.411644,24.482093],[54.411722,24.482013],[54.411691,24.481987]]]}},{"type":"Feature","properties":{},"geometry":{"type":"Polygon","coordinates":[[[54.409408,24.482998],[54.4097,24.482933],[54.409696,24.482818],[54.409599,24.482822],[54.409307,24.482887],[54.409312,24.483001],[54.409408,24.482998]]]}},{"type":"Feature","properties":{},"geometry":{"type":"Polygon","coordinates":[[[54.408489,24.48516],[54.410049,24.484814],[54.410162,24.484731],[54.410055,24.484612],[54.410389,24.484538],[54.410599,24.484397],[54.410354,24.484095],[54.408793,24.48444],[54.408584,24.484581],[54.408681,24.484701],[54.408334,24.484777],[54.408129,24.484931],[54.408142,24.484996],[54.408361,24.485107],[54.408436,24.48509],[54.408489,24.48516]]]}},{"type":"Feature","properties":{},"geometry":{"type":"Polygon","coordinates":[[[54.410025,24.485166],[54.409673,24.485244],[54.409599,24.48533],[54.409423,24.4854],[54.409337,24.485483],[54.409317,24.485534],[54.409294,24.485509],[54.409279,24.485512],[54.40945,24.485335],[54.409388,24.485286],[54.409358,24.485293],[54.409125,24.4851],[54.407564,24.485445],[54.407378,24.485639],[54.407438,24.485686],[54.40746,24.485681],[54.407698,24.485879],[54.408971,24.485597],[54.408922,24.485635],[54.408963,24.485678],[54.409098,24.485648],[54.409022,24.485692],[54.409129,24.485845],[54.409307,24.485806],[54.409317,24.485856],[54.409397,24.485985],[54.409484,24.48606],[54.409624,24.486071],[54.410095,24.485966],[54.410504,24.486668],[54.411138,24.486528],[54.411497,24.48636],[54.410997,24.485479],[54.411036,24.485453],[54.411047,24.48538],[54.411038,24.485327],[54.411022,24.485306],[54.410955,24.485314],[54.411066,24.485289],[54.411175,24.485231],[54.411128,24.485158],[54.411611,24.484964],[54.411438,24.484645],[54.410804,24.484786],[54.410025,24.485166]],[[54.4093,24.485578],[54.4093,24.48559],[54.40928,24.485594],[54.4093,24.485578]]]}},{"type":"Feature","properties":{},"geometry":{"type":"Polygon","coordinates":[[[54.407944,24.48583],[54.407651,24.485895],[54.407557,24.485997],[54.407605,24.486034],[54.407898,24.485969],[54.407992,24.485867],[54.407944,24.48583]]]}},{"type":"Feature","properties":{},"geometry":{"type":"Polygon","coordinates":[[[54.407127,24.488668],[54.406903,24.488795],[54.407183,24.489203],[54.408646,24.488879],[54.409051,24.488649],[54.409044,24.488639],[54.409107,24.488625],[54.409483,24.488395],[54.409431,24.488318],[54.4101,24.48817],[54.410973,24.487734],[54.410822,24.487461],[54.410549,24.487521],[54.410826,24.487366],[54.41071,24.487041],[54.409247,24.487364],[54.40886,24.487664],[54.408781,24.487549],[54.407318,24.487873],[54.406497,24.488337],[54.406776,24.488745],[54.407127,24.488668]]]}},{"type":"Feature","properties":{},"geometry":{"type":"Polygon","coordinates":[[[54.410138,24.488492],[54.410183,24.488928],[54.41065,24.488887],[54.411342,24.488734],[54.411322,24.488837],[54.410204,24.489076],[54.410216,24.489184],[54.410622,24.489146],[54.410652,24.489417],[54.410256,24.489504],[54.410326,24.49009],[54.410885,24.490035],[54.412767,24.489612],[54.412803,24.48968],[54.414265,24.489356],[54.414418,24.489277],[54.414386,24.489226],[54.414599,24.489131],[54.414638,24.489043],[54.414724,24.489024],[54.414767,24.488849],[54.414255,24.488678],[54.414951,24.488524],[54.414944,24.488476],[54.415272,24.48841],[54.415268,24.488291],[54.415145,24.488294],[54.414924,24.488342],[54.414922,24.488329],[54.414968,24.48833],[54.415261,24.488265],[54.415263,24.488213],[54.41537,24.488213],[54.416538,24.487946],[54.416536,24.48789],[54.416436,24.487892],[54.416555,24.487866],[54.416548,24.487756],[54.416594,24.487746],[54.416594,24.487555],[54.416098,24.487556],[54.415123,24.487771],[54.415123,24.487815],[54.415187,24.487815],[54.415187,24.488168],[54.415132,24.488166],[54.414839,24.48824],[54.414324,24.488302],[54.41428,24.488264],[54.414107,24.488303],[54.414058,24.488261],[54.414135,24.488221],[54.414021,24.488074],[54.414092,24.487852],[54.414432,24.487777],[54.414566,24.48763],[54.414361,24.487515],[54.414499,24.487484],[54.414496,24.487406],[54.414464,24.487407],[54.41446,24.487319],[54.414492,24.487312],[54.414488,24.487239],[54.414288,24.487246],[54.414375,24.487227],[54.414364,24.486979],[54.414258,24.486983],[54.413107,24.487233],[54.413184,24.487452],[54.41333,24.487446],[54.411868,24.487782],[54.411582,24.487957],[54.411414,24.48813],[54.411452,24.488157],[54.410551,24.488356],[54.410554,24.488387],[54.410138,24.488492]]]}},{"type":"Feature","properties":{},"geometry":{"type":"Polygon","coordinates":[[[54.411148,24.490951],[54.411223,24.490949],[54.411515,24.490885],[54.411514,24.490853],[54.411674,24.490817],[54.411681,24.49055],[54.411575,24.49055],[54.411344,24.490596],[54.410416,24.490817],[54.410413,24.49103],[54.410699,24.491033],[54.411147,24.490934],[54.411148,24.490951]]]}},{"type":"Feature","properties":{},"geometry":{"type":"Polygon","coordinates":[[[54.409564,24.491091],[54.40933,24.491085],[54.409037,24.491149],[54.409037,24.491163],[54.408959,24.49118],[54.408947,24.491294],[54.409008,24.491296],[54.409007,24.491323],[54.409219,24.491329],[54.409512,24.491264],[54.409513,24.491209],[54.409561,24.491198],[54.409564,24.491091]]]}},{"type":"Feature","properties":{},"geometry":{"type":"Polygon","coordinates":[[[54.41186,24.492132],[54.413322,24.491808],[54.413375,24.491138],[54.414858,24.490815],[54.41486,24.490651],[54.414576,24.490648],[54.414577,24.490556],[54.414873,24.49049],[54.414876,24.490322],[54.414387,24.490316],[54.412924,24.490639],[54.41292,24.490868],[54.411804,24.491109],[54.411805,24.491095],[54.411433,24.491082],[54.410457,24.491298],[54.410444,24.491622],[54.410816,24.491635],[54.41141,24.491504],[54.411364,24.492099],[54.41186,24.492132]]]}},{"type":"Feature","properties":{},"geometry":{"type":"Polygon","coordinates":[[[54.408294,24.497171],[54.408002,24.497236],[54.407959,24.497276],[54.408051,24.497341],[54.408096,24.497352],[54.408388,24.497287],[54.408443,24.497255],[54.408398,24.497201],[54.408294,24.497171]]]}},{"type":"Feature","properties":{},"geometry":{"type":"Polygon","coordinates":[[[54.409349,24.50004],[54.4093,24.500253],[54.409341,24.500381],[54.409433,24.500448],[54.409613,24.500479],[54.409746,24.500476],[54.411209,24.500153],[54.411334,24.500089],[54.411389,24.499972],[54.411438,24.499417],[54.411475,24.499187],[54.411441,24.499115],[54.411363,24.499056],[54.41125,24.499039],[54.411078,24.499049],[54.410164,24.499251],[54.41024,24.498976],[54.410293,24.498579],[54.409851,24.498548],[54.409209,24.49869],[54.409217,24.498546],[54.409145,24.498535],[54.408852,24.4986],[54.408836,24.49866],[54.408874,24.498774],[54.408994,24.49876],[54.409005,24.499092],[54.408919,24.499457],[54.409276,24.499552],[54.409519,24.499498],[54.409349,24.50004]]]}},{"type":"Feature","properties":{},"geometry":{"type":"Polygon","coordinates":[[[54.408025,24.501013],[54.408063,24.501044],[54.408356,24.50098],[54.408407,24.500906],[54.408439,24.500822],[54.408377,24.500811],[54.408085,24.500876],[54.408054,24.500908],[54.408053,24.500954],[54.408025,24.501013]]]}},{"type":"Feature","properties":{},"geometry":{"type":"Polygon","coordinates":[[[54.408723,24.501471],[54.408701,24.501591],[54.408025,24.50174],[54.407759,24.502272],[54.407586,24.50231],[54.407515,24.502391],[54.407507,24.502438],[54.407551,24.502448],[54.407717,24.502411],[54.408114,24.502577],[54.409577,24.502253],[54.409725,24.501868],[54.410334,24.501733],[54.410333,24.501852],[54.410433,24.501853],[54.411988,24.501509],[54.412018,24.501673],[54.412134,24.501982],[54.410947,24.502245],[54.410913,24.502838],[54.411356,24.502864],[54.411582,24.502814],[54.411649,24.502947],[54.411941,24.502882],[54.412026,24.502847],[54.41199,24.502775],[54.412147,24.50274],[54.41225,24.502683],[54.41224,24.502669],[54.412577,24.502594],[54.412629,24.502656],[54.412874,24.50282],[54.413013,24.502973],[54.413098,24.503119],[54.413901,24.502937],[54.414022,24.502647],[54.41411,24.502166],[54.41363,24.501871],[54.413472,24.501719],[54.413386,24.501607],[54.413306,24.501463],[54.413257,24.501324],[54.412737,24.501311],[54.412762,24.501306],[54.412768,24.501081],[54.412736,24.501079],[54.412738,24.501037],[54.412632,24.501035],[54.411054,24.501384],[54.411073,24.501276],[54.411068,24.501107],[54.410186,24.501147],[54.408723,24.501471]]]}},{"type":"Feature","properties":{},"geometry":{"type":"Polygon","coordinates":[[[54.407312,24.50291],[54.40724,24.502926],[54.407116,24.503077],[54.407179,24.503113],[54.407471,24.503048],[54.407597,24.502936],[54.407628,24.502929],[54.407696,24.502821],[54.407637,24.502806],[54.407345,24.502871],[54.407312,24.50291]]]}},{"type":"Feature","properties":{},"geometry":{"type":"Polygon","coordinates":[[[54.412762,24.503937],[54.412989,24.503692],[54.413024,24.503638],[54.413004,24.503621],[54.413021,24.503534],[54.412873,24.503509],[54.412673,24.503338],[54.412266,24.503428],[54.412369,24.503351],[54.412037,24.502985],[54.40972,24.503497],[54.409576,24.503605],[54.409892,24.503953],[54.409259,24.504094],[54.409054,24.504354],[54.409349,24.504692],[54.412762,24.503937]]]}},{"type":"Feature","properties":{},"geometry":{"type":"Polygon","coordinates":[[[54.407329,24.503583],[54.407036,24.503648],[54.406985,24.503805],[54.407074,24.503829],[54.407366,24.503764],[54.407427,24.503615],[54.407329,24.503583]]]}},{"type":"Feature","properties":{},"geometry":{"type":"Polygon","coordinates":[[[54.408159,24.50566],[54.407866,24.505725],[54.407868,24.505818],[54.408033,24.505842],[54.408325,24.505778],[54.408321,24.505677],[54.408159,24.50566]]]}},{"type":"Feature","properties":{},"geometry":{"type":"Polygon","coordinates":[[[54.410012,24.508],[54.41011,24.507998],[54.411085,24.507782],[54.411307,24.507639],[54.411288,24.507574],[54.411222,24.507588],[54.411179,24.507503],[54.411097,24.507505],[54.410684,24.507596],[54.410668,24.50734],[54.410457,24.507129],[54.409481,24.507344],[54.409287,24.507513],[54.409648,24.507874],[54.409912,24.507816],[54.409856,24.507859],[54.409825,24.507938],[54.409854,24.50798],[54.409927,24.508019],[54.410012,24.508]]]}},{"type":"Feature","properties":{},"geometry":{"type":"Polygon","coordinates":[[[54.40957,24.508051],[54.409278,24.508116],[54.409189,24.50819],[54.409231,24.508233],[54.409524,24.508168],[54.409613,24.508094],[54.40957,24.508051]]]}},{"type":"Feature","properties":{},"geometry":{"type":"Polygon","coordinates":[[[54.410134,24.50843],[54.410309,24.508326],[54.410248,24.508241],[54.410183,24.508255],[54.410133,24.508184],[54.409158,24.5084],[54.409014,24.508484],[54.409061,24.50855],[54.408987,24.508608],[54.409005,24.508634],[54.408969,24.508655],[54.409,24.508698],[54.409041,24.508689],[54.409057,24.508711],[54.410032,24.508495],[54.410093,24.508459],[54.41008,24.508442],[54.410134,24.50843]]]}},{"type":"Feature","properties":{},"geometry":{"type":"Polygon","coordinates":[[[54.410762,24.50916],[54.411055,24.509095],[54.411053,24.508999],[54.410991,24.509],[54.410698,24.509064],[54.4107,24.509161],[54.410762,24.50916]]]}},{"type":"Feature","properties":{},"geometry":{"type":"Polygon","coordinates":[[[54.41098,24.50961],[54.410005,24.509826],[54.409662,24.510138],[54.409847,24.510306],[54.410822,24.510091],[54.411166,24.509778],[54.41098,24.50961]]]}},{"type":"Feature","properties":{},"geometry":{"type":"Polygon","coordinates":[[[54.40791,24.511924],[54.407922,24.511973],[54.408267,24.511897],[54.408256,24.511849],[54.40791,24.511924]]]}},{"type":"Feature","properties":{},"geometry":{"type":"Polygon","coordinates":[[[54.413714,24.481717],[54.413353,24.481525],[54.412378,24.481741],[54.412202,24.482016],[54.412563,24.482207],[54.413538,24.481992],[54.413714,24.481717]]]}},{"type":"Feature","properties":{},"geometry":{"type":"Polygon","coordinates":[[[54.411657,24.485596],[54.411761,24.485555],[54.411746,24.485524],[54.411454,24.485589],[54.41135,24.48563],[54.411365,24.485661],[54.411657,24.485596]]]}},{"type":"Feature","properties":{},"geometry":{"type":"Polygon","coordinates":[[[54.411763,24.485692],[54.411725,24.485595],[54.411375,24.485678],[54.411414,24.485776],[54.411763,24.485692]]]}},{"type":"Feature","properties":{},"geometry":{"type":"Polygon","coordinates":[[[54.416235,24.488333],[54.416146,24.488352],[54.41615,24.488389],[54.416234,24.488376],[54.416232,24.488489],[54.416527,24.488493],[54.41665,24.488466],[54.416649,24.488477],[54.416694,24.488479],[54.416986,24.488415],[54.416989,24.488371],[54.41682,24.488396],[54.41682,24.488386],[54.417016,24.488343],[54.417017,24.488304],[54.416756,24.488354],[54.416641,24.488353],[54.416641,24.488337],[54.417041,24.48824],[54.417041,24.488184],[54.417007,24.488184],[54.417043,24.488176],[54.417039,24.488083],[54.416896,24.488083],[54.416961,24.488068],[54.416958,24.487977],[54.416887,24.487983],[54.416887,24.487971],[54.416959,24.487955],[54.416958,24.487906],[54.416735,24.48791],[54.416443,24.487975],[54.416442,24.488],[54.416335,24.488024],[54.416348,24.488252],[54.416236,24.488277],[54.416235,24.488333]]]}},{"type":"Feature","properties":{},"geometry":{"type":"Polygon","coordinates":[[[54.415646,24.488386],[54.415412,24.488438],[54.415411,24.488484],[54.415724,24.48842],[54.415725,24.488379],[54.415989,24.48832],[54.415988,24.488271],[54.415894,24.488273],[54.415728,24.488308],[54.416007,24.488247],[54.416003,24.488135],[54.41594,24.488137],[54.415648,24.488202],[54.415649,24.488249],[54.415318,24.488314],[54.415319,24.488397],[54.415436,24.488396],[54.415602,24.488359],[54.415602,24.488387],[54.415646,24.488386]]]}},{"type":"Feature","properties":{},"geometry":{"type":"Polygon","coordinates":[[[54.415463,24.488644],[54.415465,24.488693],[54.415545,24.48869],[54.415838,24.488626],[54.415836,24.488577],[54.415755,24.488579],[54.415463,24.488644]]]}},{"type":"Feature","properties":{},"geometry":{"type":"Polygon","coordinates":[[[54.415999,24.488841],[54.416008,24.489041],[54.415719,24.489105],[54.415722,24.489146],[54.415876,24.489139],[54.416169,24.489074],[54.416166,24.48903],[54.416087,24.489035],[54.416549,24.488923],[54.416545,24.488816],[54.416353,24.488853],[54.416351,24.488775],[54.416292,24.488777],[54.415999,24.488841]]]}},{"type":"Feature","properties":{},"geometry":{"type":"Polygon","coordinates":[[[54.415683,24.489051],[54.415975,24.488986],[54.415971,24.488786],[54.415912,24.488787],[54.41562,24.488852],[54.415624,24.489052],[54.415683,24.489051]]]}},{"type":"Feature","properties":{},"geometry":{"type":"Polygon","coordinates":[[[54.416077,24.489104],[54.415784,24.489169],[54.415782,24.48925],[54.415833,24.489251],[54.416125,24.489186],[54.416127,24.489106],[54.416077,24.489104]]]}},{"type":"Feature","properties":{},"geometry":{"type":"Polygon","coordinates":[[[54.415416,24.489523],[54.415421,24.489677],[54.416292,24.489655],[54.417267,24.489439],[54.417265,24.48937],[54.417245,24.489371],[54.417242,24.489286],[54.416391,24.489307],[54.415416,24.489523]]]}},{"type":"Feature","properties":{},"geometry":{"type":"Polygon","coordinates":[[[54.412428,24.489949],[54.412432,24.490011],[54.412795,24.489943],[54.41279,24.48988],[54.412428,24.489949]]]}},{"type":"Feature","properties":{},"geometry":{"type":"Polygon","coordinates":[[[54.411874,24.492227],[54.411581,24.492292],[54.411578,24.49238],[54.411706,24.492383],[54.411998,24.492319],[54.412001,24.492231],[54.411874,24.492227]]]}},{"type":"Feature","properties":{},"geometry":{"type":"Polygon","coordinates":[[[54.415303,24.496795],[54.41501,24.49686],[54.4149,24.497017],[54.414992,24.497071],[54.415284,24.497006],[54.415395,24.496849],[54.415303,24.496795]]]}},{"type":"Feature","properties":{},"geometry":{"type":"Polygon","coordinates":[[[54.415814,24.502413],[54.415819,24.502354],[54.415501,24.502417],[54.415496,24.502476],[54.415814,24.502413]]]}},{"type":"Feature","properties":{},"geometry":{"type":"Polygon","coordinates":[[[54.415683,24.502542],[54.41539,24.502607],[54.415392,24.50264],[54.415413,24.502639],[54.415395,24.502643],[54.415395,24.502682],[54.415466,24.502682],[54.415758,24.502617],[54.415758,24.502579],[54.41573,24.502579],[54.415762,24.502572],[54.41576,24.502539],[54.415683,24.502542]]]}},{"type":"Feature","properties":{},"geometry":{"type":"Polygon","coordinates":[[[54.415447,24.502901],[54.415685,24.502853],[54.415811,24.502861],[54.416104,24.502797],[54.416107,24.502719],[54.415982,24.502714],[54.415909,24.50273],[54.41591,24.50272],[54.415857,24.502715],[54.415754,24.502738],[54.415751,24.502713],[54.415689,24.50272],[54.415396,24.502784],[54.415403,24.502838],[54.415612,24.502812],[54.415439,24.50285],[54.415447,24.502901]]]}},{"type":"Feature","properties":{},"geometry":{"type":"Polygon","coordinates":[[[54.415927,24.503353],[54.415635,24.503418],[54.415632,24.503473],[54.415726,24.503477],[54.416019,24.503412],[54.416021,24.503357],[54.415927,24.503353]]]}},{"type":"Feature","properties":{},"geometry":{"type":"Polygon","coordinates":[[[54.416148,24.503576],[54.416145,24.503493],[54.415809,24.503559],[54.415813,24.503642],[54.416148,24.503576]]]}},{"type":"Feature","properties":{},"geometry":{"type":"Polygon","coordinates":[[[54.416872,24.503686],[54.416684,24.503727],[54.416557,24.503623],[54.414826,24.504005],[54.414702,24.504127],[54.414312,24.504214],[54.414153,24.504371],[54.414331,24.504524],[54.415294,24.504311],[54.41533,24.504341],[54.415722,24.504254],[54.415811,24.504331],[54.416811,24.504109],[54.416988,24.503961],[54.41696,24.503938],[54.417068,24.503847],[54.416872,24.503686]]]}},{"type":"Feature","properties":{},"geometry":{"type":"Polygon","coordinates":[[[54.415606,24.50509],[54.415668,24.505043],[54.416087,24.504962],[54.416107,24.504946],[54.416616,24.504834],[54.416793,24.504685],[54.416665,24.504579],[54.416823,24.504544],[54.417001,24.504396],[54.416805,24.504234],[54.416268,24.504353],[54.416232,24.504323],[54.415757,24.504428],[54.415783,24.504407],[54.415733,24.504357],[54.415441,24.504421],[54.415396,24.504457],[54.415437,24.504499],[54.414671,24.504668],[54.414513,24.504826],[54.41469,24.504979],[54.415189,24.504868],[54.415073,24.504983],[54.415251,24.505136],[54.415289,24.505127],[54.415313,24.505155],[54.415606,24.50509]]]}},{"type":"Feature","properties":{},"geometry":{"type":"Polygon","coordinates":[[[54.411708,24.506492],[54.411722,24.506399],[54.411653,24.50636],[54.411521,24.506324],[54.411346,24.506345],[54.410371,24.50656],[54.410298,24.506611],[54.410298,24.506661],[54.410335,24.50673],[54.410383,24.506739],[54.410502,24.506803],[54.410773,24.506792],[54.411749,24.506576],[54.411772,24.506512],[54.411708,24.506492]]]}},{"type":"Feature","properties":{},"geometry":{"type":"Polygon","coordinates":[[[54.412019,24.506728],[54.411953,24.506696],[54.410847,24.506938],[54.410793,24.506994],[54.410732,24.507106],[54.410726,24.507266],[54.410769,24.50734],[54.410823,24.507348],[54.411798,24.507133],[54.411879,24.507111],[54.411898,24.507069],[54.411985,24.506973],[54.412019,24.506728]]]}},{"type":"Feature","properties":{},"geometry":{"type":"Polygon","coordinates":[[[54.411105,24.508532],[54.410813,24.508596],[54.410809,24.508696],[54.411097,24.508706],[54.41139,24.508641],[54.411393,24.508543],[54.411105,24.508532]]]}},{"type":"Feature","properties":{},"geometry":{"type":"Polygon","coordinates":[[[54.411122,24.509219],[54.411238,24.509205],[54.411234,24.509309],[54.411307,24.509307],[54.411307,24.509336],[54.411477,24.50934],[54.411558,24.509322],[54.411557,24.509372],[54.411016,24.509385],[54.410723,24.509449],[54.410727,24.509544],[54.411448,24.509523],[54.411966,24.509417],[54.411969,24.509231],[54.412452,24.509124],[54.412462,24.508768],[54.412293,24.508764],[54.411248,24.508984],[54.411242,24.509121],[54.411123,24.509147],[54.411122,24.509219]]]}},{"type":"Feature","properties":{},"geometry":{"type":"Polygon","coordinates":[[[54.411626,24.509773],[54.411724,24.509733],[54.411647,24.509576],[54.411355,24.509641],[54.411256,24.509681],[54.411333,24.509838],[54.411626,24.509773]]]}},{"type":"Feature","properties":{},"geometry":{"type":"Polygon","coordinates":[[[54.419231,24.479987],[54.419166,24.479978],[54.418873,24.480042],[54.418867,24.480078],[54.418943,24.480085],[54.418942,24.480131],[54.41898,24.480132],[54.419272,24.480067],[54.419274,24.480006],[54.419236,24.480005],[54.419231,24.479987]]]}},{"type":"Feature","properties":{},"geometry":{"type":"Polygon","coordinates":[[[54.420953,24.480172],[54.420862,24.480168],[54.420569,24.480232],[54.420562,24.480364],[54.420901,24.480388],[54.421194,24.480323],[54.421196,24.480277],[54.420987,24.480269],[54.420989,24.480237],[54.420949,24.480237],[54.420953,24.480172]]]}},{"type":"Feature","properties":{},"geometry":{"type":"Polygon","coordinates":[[[54.420279,24.480818],[54.420286,24.480764],[54.420222,24.480758],[54.419929,24.480822],[54.419923,24.480877],[54.419987,24.480883],[54.420279,24.480818]]]}},{"type":"Feature","properties":{},"geometry":{"type":"Polygon","coordinates":[[[54.419615,24.481565],[54.419275,24.481524],[54.419184,24.481544],[54.419191,24.481496],[54.418871,24.481459],[54.418579,24.481524],[54.41856,24.481659],[54.418644,24.481668],[54.418544,24.481691],[54.41855,24.481831],[54.418733,24.481824],[54.41882,24.481805],[54.418815,24.481838],[54.418529,24.481901],[54.41853,24.481923],[54.419147,24.481791],[54.419152,24.481765],[54.4193,24.481784],[54.419402,24.481761],[54.419728,24.481807],[54.420021,24.481742],[54.42004,24.481605],[54.419713,24.481566],[54.419611,24.481589],[54.419615,24.481565]],[[54.41897,24.481675],[54.418969,24.48168],[54.418967,24.48168],[54.41897,24.481675]]]}},{"type":"Feature","properties":{},"geometry":{"type":"Polygon","coordinates":[[[54.419844,24.481913],[54.419586,24.481883],[54.419294,24.481947],[54.41929,24.481976],[54.419177,24.481964],[54.419118,24.481977],[54.419129,24.481926],[54.419093,24.48192],[54.418801,24.481985],[54.418793,24.48202],[54.418494,24.482084],[54.418475,24.482211],[54.418679,24.482237],[54.41846,24.482285],[54.418442,24.482417],[54.418525,24.482427],[54.418434,24.482447],[54.418417,24.482581],[54.418743,24.482614],[54.418934,24.482571],[54.419127,24.482596],[54.4192,24.48258],[54.419319,24.48259],[54.419014,24.482648],[54.418688,24.48262],[54.418396,24.482685],[54.418382,24.482821],[54.418502,24.482831],[54.418366,24.482861],[54.418361,24.482982],[54.418686,24.482995],[54.418861,24.482956],[54.418857,24.482995],[54.419189,24.483025],[54.419482,24.482954],[54.419551,24.482961],[54.419689,24.482931],[54.419682,24.482985],[54.419765,24.482994],[54.419673,24.483014],[54.41966,24.483134],[54.419984,24.483163],[54.420078,24.483142],[54.420075,24.483162],[54.420414,24.483194],[54.420515,24.483171],[54.420507,24.483251],[54.420826,24.483278],[54.421119,24.483213],[54.421131,24.483085],[54.421054,24.483078],[54.421128,24.483062],[54.421131,24.483035],[54.421389,24.482978],[54.421407,24.482816],[54.421168,24.482794],[54.421181,24.482704],[54.421062,24.48269],[54.421187,24.482663],[54.421209,24.482517],[54.421046,24.4825],[54.421219,24.482461],[54.421238,24.482339],[54.421146,24.482328],[54.421147,24.482318],[54.421246,24.482296],[54.42126,24.482176],[54.421172,24.482167],[54.42118,24.482092],[54.421279,24.48207],[54.421299,24.481947],[54.421175,24.481931],[54.421325,24.481898],[54.421331,24.481788],[54.421572,24.481735],[54.421596,24.481572],[54.421258,24.481532],[54.420493,24.481701],[54.420495,24.481656],[54.420362,24.481641],[54.42007,24.481706],[54.420064,24.481769],[54.4202,24.481772],[54.420282,24.481753],[54.420275,24.481805],[54.420143,24.481791],[54.419851,24.481856],[54.419844,24.481913]],[[54.420558,24.481959],[54.42056,24.481947],[54.420596,24.481951],[54.420558,24.481959]],[[54.420707,24.481943],[54.420671,24.481935],[54.420708,24.481926],[54.420707,24.481943]],[[54.420789,24.48195],[54.420761,24.481956],[54.420723,24.481946],[54.420789,24.48195]],[[54.420295,24.482956],[54.420299,24.482931],[54.420343,24.482945],[54.420295,24.482956]],[[54.420649,24.482877],[54.420653,24.482865],[54.420687,24.482869],[54.420649,24.482877]],[[54.419786,24.482726],[54.419806,24.482594],[54.419668,24.482577],[54.41983,24.482541],[54.419816,24.482661],[54.419923,24.482671],[54.419802,24.482698],[54.419793,24.482757],[54.419693,24.482747],[54.419786,24.482726]],[[54.419076,24.482257],[54.418875,24.482234],[54.41909,24.482187],[54.419098,24.482133],[54.419196,24.482143],[54.419253,24.482131],[54.419232,24.482278],[54.419135,24.482266],[54.419073,24.48228],[54.419076,24.482257]],[[54.420514,24.482771],[54.420575,24.482758],[54.420573,24.48277],[54.420312,24.482827],[54.420396,24.482805],[54.420403,24.48276],[54.420514,24.482771]],[[54.419124,24.482752],[54.419173,24.482741],[54.419171,24.48275],[54.419347,24.482772],[54.419246,24.482795],[54.419142,24.482793],[54.419144,24.482753],[54.419124,24.482752]]]}},{"type":"Feature","properties":{},"geometry":{"type":"Polygon","coordinates":[[[54.417531,24.487659],[54.417238,24.487724],[54.417239,24.487769],[54.417325,24.487769],[54.417617,24.487704],[54.417617,24.487658],[54.417531,24.487659]]]}},{"type":"Feature","properties":{},"geometry":{"type":"Polygon","coordinates":[[[54.419724,24.489208],[54.419622,24.489203],[54.41937,24.489259],[54.419369,24.489236],[54.41928,24.48924],[54.418987,24.489305],[54.418994,24.489429],[54.419083,24.489425],[54.419376,24.489361],[54.419373,24.489305],[54.419591,24.48929],[54.419592,24.48932],[54.419695,24.489319],[54.419988,24.489254],[54.419987,24.4892],[54.419833,24.489213],[54.419832,24.489194],[54.419724,24.489208]]]}},{"type":"Feature","properties":{},"geometry":{"type":"Polygon","coordinates":[[[54.419849,24.489314],[54.419557,24.489378],[54.419554,24.489481],[54.419658,24.489483],[54.419951,24.489419],[54.419954,24.489316],[54.419849,24.489314]]]}},{"type":"Feature","properties":{},"geometry":{"type":"Polygon","coordinates":[[[54.419485,24.489544],[54.419475,24.489472],[54.419157,24.48954],[54.419166,24.489612],[54.419485,24.489544]]]}},{"type":"Feature","properties":{},"geometry":{"type":"Polygon","coordinates":[[[54.419855,24.489711],[54.419563,24.489776],[54.419564,24.489821],[54.419685,24.489819],[54.419977,24.489754],[54.419976,24.489709],[54.419855,24.489711]]]}},{"type":"Feature","properties":{},"geometry":{"type":"Polygon","coordinates":[[[54.419387,24.490305],[54.419438,24.490303],[54.419574,24.490273],[54.419579,24.490298],[54.419662,24.490293],[54.419955,24.490228],[54.419952,24.490107],[54.419726,24.490148],[54.419725,24.490117],[54.419674,24.490118],[54.419381,24.490183],[54.419384,24.490245],[54.419239,24.490277],[54.41924,24.490311],[54.419386,24.490293],[54.419387,24.490305]]]}},{"type":"Feature","properties":{},"geometry":{"type":"Polygon","coordinates":[[[54.417059,24.501949],[54.417254,24.502089],[54.418229,24.501874],[54.418446,24.501669],[54.418215,24.501469],[54.41724,24.501685],[54.417163,24.501757],[54.41722,24.501818],[54.417181,24.501902],[54.417059,24.501949]]]}},{"type":"Feature","properties":{},"geometry":{"type":"Polygon","coordinates":[[[54.416758,24.501965],[54.417051,24.5019],[54.41705,24.501883],[54.417157,24.501858],[54.417142,24.501811],[54.416572,24.501928],[54.416574,24.501975],[54.416758,24.501965]]]}},{"type":"Feature","properties":{},"geometry":{"type":"Polygon","coordinates":[[[54.41787,24.502323],[54.417912,24.502295],[54.417882,24.502258],[54.41759,24.502323],[54.417548,24.502351],[54.417577,24.502387],[54.41787,24.502323]]]}},{"type":"Feature","properties":{},"geometry":{"type":"Polygon","coordinates":[[[54.41851,24.502407],[54.418712,24.502328],[54.418669,24.502235],[54.418376,24.5023],[54.418174,24.502378],[54.418179,24.502389],[54.417885,24.502453],[54.417861,24.502478],[54.417908,24.502514],[54.418205,24.502445],[54.418218,24.502471],[54.41851,24.502407]]]}},{"type":"Feature","properties":{},"geometry":{"type":"Polygon","coordinates":[[[54.417713,24.502377],[54.417421,24.502442],[54.417421,24.502556],[54.4175,24.502562],[54.417793,24.502497],[54.417797,24.502377],[54.417713,24.502377]]]}},{"type":"Feature","properties":{},"geometry":{"type":"Polygon","coordinates":[[[54.417185,24.502565],[54.416892,24.50263],[54.416893,24.502654],[54.416996,24.502652],[54.417288,24.502587],[54.417288,24.502563],[54.417185,24.502565]]]}},{"type":"Feature","properties":{},"geometry":{"type":"Polygon","coordinates":[[[54.417592,24.50266],[54.417592,24.502647],[54.417346,24.502657],[54.417347,24.502642],[54.417237,24.502638],[54.416945,24.502702],[54.416942,24.502762],[54.417059,24.502765],[54.41706,24.502794],[54.417408,24.502771],[54.4177,24.502706],[54.417695,24.502646],[54.417592,24.50266]]]}},{"type":"Feature","properties":{},"geometry":{"type":"Polygon","coordinates":[[[54.417665,24.503037],[54.417666,24.502995],[54.417559,24.502991],[54.417267,24.503056],[54.417265,24.503098],[54.417372,24.503102],[54.417665,24.503037]]]}},{"type":"Feature","properties":{},"geometry":{"type":"Polygon","coordinates":[[[54.417757,24.503072],[54.417465,24.503137],[54.417461,24.503227],[54.417605,24.503229],[54.417897,24.503164],[54.417896,24.503103],[54.417817,24.503111],[54.417819,24.503074],[54.417757,24.503072]]]}},{"type":"Feature","properties":{},"geometry":{"type":"Polygon","coordinates":[[[54.417664,24.503569],[54.417657,24.503786],[54.417983,24.503722],[54.41799,24.503505],[54.417664,24.503569]]]}}]}