{"type":"FeatureCollection","features":[{"type":"Feature","properties":{},"geometry":{"type":"Polygon","coordinates":[[[55.13066,25.067836],[55.130849,25.067917],[55.131038,25.067962],[55.130921,25.068063],[55.130793,25.068013],[55.130144,25.067857],[55.129746,25.067808],[55.129721,25.067936],[55.129667,25.067923],[55.12931,25.06793],[55.127831,25.067574],[55.127635,25.067628],[55.127684,25.067776],[55.126906,25.067589],[55.126709,25.067643],[55.126787,25.067873],[55.126529,25.067811],[55.126325,25.067868],[55.126423,25.068158],[55.125374,25.067906],[55.125109,25.067966],[55.125239,25.068431],[55.126638,25.068768],[55.126537,25.068793],[55.126557,25.068859],[55.12648,25.068878],[55.126581,25.069212],[55.127573,25.069451],[55.127618,25.06959],[55.127674,25.069603],[55.127582,25.069628],[55.127627,25.069768],[55.127202,25.069666],[55.126945,25.069729],[55.127047,25.069992],[55.127132,25.07005],[55.127874,25.070228],[55.127986,25.070189],[55.128008,25.070092],[55.127984,25.07],[55.128418,25.070104],[55.128727,25.070023],[55.128674,25.069856],[55.129059,25.069949],[55.129297,25.069885],[55.129203,25.069597],[55.129674,25.06971],[55.129756,25.069688],[55.129899,25.0696],[55.129859,25.069476],[55.132397,25.070086],[55.132414,25.070072],[55.13288,25.070184],[55.132851,25.070207],[55.132886,25.070243],[55.132103,25.070055],[55.132009,25.070102],[55.131826,25.070111],[55.130408,25.06977],[55.130333,25.069779],[55.130113,25.069968],[55.130113,25.070012],[55.130177,25.070097],[55.130226,25.070123],[55.131031,25.070317],[55.130581,25.07068],[55.130617,25.070715],[55.130571,25.070704],[55.130388,25.070826],[55.130517,25.070965],[55.12974,25.070778],[55.129741,25.070753],[55.129469,25.070688],[55.129191,25.07068],[55.129187,25.070802],[55.129219,25.070809],[55.129146,25.070864],[55.128413,25.070692],[55.128401,25.070737],[55.128017,25.070644],[55.12781,25.07063],[55.127798,25.070767],[55.127154,25.070612],[55.126967,25.070658],[55.126909,25.070644],[55.126821,25.070662],[55.126827,25.070693],[55.126452,25.070716],[55.126448,25.070752],[55.126303,25.070745],[55.126092,25.070917],[55.126311,25.071161],[55.126371,25.071205],[55.126507,25.071264],[55.12717,25.071426],[55.127141,25.071607],[55.127552,25.071705],[55.127365,25.071697],[55.127357,25.071756],[55.127426,25.071773],[55.127398,25.071997],[55.12662,25.07181],[55.126395,25.071971],[55.126548,25.072146],[55.126461,25.072217],[55.12664,25.072399],[55.127321,25.072563],[55.127267,25.072605],[55.12737,25.07271],[55.127605,25.072825],[55.127615,25.072863],[55.127311,25.073105],[55.127449,25.073246],[55.127991,25.073377],[55.128224,25.073592],[55.128496,25.073657],[55.128806,25.073414],[55.128856,25.073426],[55.128843,25.073619],[55.128771,25.073615],[55.128766,25.073699],[55.129598,25.073899],[55.129591,25.074009],[55.129636,25.07402],[55.129604,25.074046],[55.129638,25.074081],[55.12952,25.074177],[55.129613,25.074271],[55.129456,25.074266],[55.129452,25.074349],[55.129412,25.074341],[55.129296,25.074223],[55.129094,25.074174],[55.129126,25.073964],[55.128855,25.073899],[55.128759,25.0739],[55.128834,25.073925],[55.128827,25.07394],[55.12868,25.073905],[55.128603,25.073905],[55.128603,25.073988],[55.128705,25.074022],[55.128705,25.074115],[55.128985,25.07419],[55.128527,25.074561],[55.128303,25.074507],[55.128235,25.074557],[55.128313,25.074645],[55.128398,25.074666],[55.128371,25.074687],[55.128783,25.075108],[55.129054,25.075173],[55.129143,25.075105],[55.129132,25.075241],[55.129065,25.075238],[55.129065,25.075272],[55.128998,25.075273],[55.129001,25.07546],[55.129218,25.075512],[55.129177,25.075552],[55.129295,25.075649],[55.129566,25.075714],[55.129617,25.075663],[55.1295,25.075567],[55.129326,25.075525],[55.129393,25.075524],[55.129392,25.075451],[55.129661,25.075516],[55.129714,25.075451],[55.129659,25.075415],[55.130066,25.075512],[55.130063,25.075577],[55.129794,25.075513],[55.129785,25.075523],[55.129754,25.075515],[55.129678,25.075556],[55.129708,25.075581],[55.129695,25.0756],[55.129893,25.075648],[55.129877,25.075671],[55.129886,25.075694],[55.129857,25.075705],[55.12983,25.075787],[55.129867,25.075796],[55.12987,25.075816],[55.130255,25.075913],[55.130252,25.075958],[55.130157,25.075953],[55.130152,25.076031],[55.130035,25.076015],[55.130024,25.076101],[55.130377,25.076174],[55.130387,25.076097],[55.13067,25.076165],[55.130759,25.076258],[55.130891,25.07629],[55.130878,25.076318],[55.130762,25.07629],[55.13054,25.07628],[55.130525,25.076573],[55.130642,25.076601],[55.130438,25.076752],[55.130589,25.076902],[55.13086,25.076967],[55.130943,25.076899],[55.130933,25.076889],[55.130948,25.076893],[55.130987,25.076861],[55.131114,25.076892],[55.131098,25.076914],[55.131108,25.076938],[55.131078,25.076948],[55.131052,25.077031],[55.131088,25.07704],[55.131091,25.077059],[55.131381,25.07712],[55.131398,25.077483],[55.132191,25.077673],[55.132284,25.07777],[55.13242,25.077802],[55.132422,25.077846],[55.131608,25.07765],[55.131317,25.077654],[55.13132,25.077853],[55.132659,25.078175],[55.132517,25.078287],[55.132649,25.078423],[55.132392,25.078361],[55.132134,25.078405],[55.131881,25.078347],[55.13183,25.078359],[55.131781,25.078435],[55.131229,25.078305],[55.131182,25.07834],[55.131196,25.078386],[55.132085,25.078621],[55.132094,25.078668],[55.132366,25.078733],[55.132495,25.078711],[55.132491,25.07869],[55.132632,25.078666],[55.132604,25.078532],[55.132682,25.078519],[55.132666,25.07844],[55.132865,25.078643],[55.13279,25.078702],[55.132933,25.078851],[55.1338,25.079059],[55.133908,25.078975],[55.134285,25.079065],[55.134496,25.0789],[55.134368,25.078765],[55.134515,25.078801],[55.134651,25.078694],[55.134601,25.078642],[55.134935,25.078723],[55.135366,25.079182],[55.135432,25.079237],[55.135511,25.079256],[55.135446,25.079405],[55.135772,25.079521],[55.136272,25.079641],[55.136284,25.0797],[55.136375,25.079745],[55.136369,25.079765],[55.134612,25.079342],[55.134504,25.079334],[55.134149,25.079365],[55.134157,25.079446],[55.131151,25.078723],[55.130973,25.078864],[55.131343,25.079247],[55.131741,25.079343],[55.131642,25.079425],[55.131728,25.07955],[55.13258,25.079755],[55.132413,25.080023],[55.132529,25.080126],[55.134265,25.080544],[55.134216,25.080583],[55.134289,25.080663],[55.134125,25.080623],[55.133996,25.080734],[55.13406,25.080795],[55.134331,25.08086],[55.134408,25.080795],[55.134744,25.081164],[55.134581,25.081298],[55.134721,25.081441],[55.135292,25.081579],[55.135078,25.081742],[55.135207,25.081874],[55.135186,25.081869],[55.135051,25.08197],[55.134914,25.081937],[55.134854,25.081879],[55.134664,25.08183],[55.134838,25.081856],[55.134951,25.081677],[55.134839,25.081619],[55.134568,25.081554],[55.134538,25.081601],[55.134438,25.081577],[55.134318,25.081768],[55.134525,25.081863],[55.134496,25.081888],[55.134631,25.082018],[55.134708,25.082037],[55.134645,25.082087],[55.134815,25.082262],[55.135022,25.082311],[55.135072,25.082363],[55.135343,25.082428],[55.135372,25.082405],[55.135526,25.082442],[55.135632,25.082362],[55.135579,25.082304],[55.135708,25.082207],[55.135471,25.081949],[55.135801,25.082028],[55.136042,25.081826],[55.136069,25.081855],[55.135846,25.082029],[55.1358,25.082093],[55.135785,25.082155],[55.135791,25.082231],[55.136512,25.082973],[55.137214,25.083142],[55.137235,25.083172],[55.137698,25.083283],[55.137728,25.083265],[55.137932,25.083314],[55.13795,25.083334],[55.137949,25.083391],[55.137858,25.083505],[55.137799,25.083491],[55.137685,25.083632],[55.137901,25.083712],[55.138228,25.08379],[55.138192,25.083817],[55.137516,25.083655],[55.137425,25.083702],[55.137305,25.083793],[55.137268,25.083844],[55.137255,25.083907],[55.137356,25.084005],[55.137553,25.084053],[55.137575,25.084107],[55.137847,25.084172],[55.137913,25.08415],[55.137908,25.084138],[55.138317,25.084236],[55.138289,25.084261],[55.138393,25.08436],[55.139116,25.084534],[55.139217,25.084449],[55.13918,25.084517],[55.139183,25.08458],[55.139203,25.084604],[55.139257,25.084637],[55.139591,25.084717],[55.139901,25.085017],[55.139842,25.08506],[55.139406,25.084955],[55.139315,25.084967],[55.139244,25.085016],[55.139222,25.085051],[55.139209,25.08513],[55.139249,25.085214],[55.139287,25.085245],[55.139366,25.085272],[55.139237,25.085368],[55.139064,25.085326],[55.138982,25.08533],[55.138919,25.085379],[55.138902,25.085416],[55.138914,25.085495],[55.138979,25.08555],[55.139294,25.085624],[55.139325,25.085621],[55.139404,25.085708],[55.139792,25.085801],[55.13971,25.085882],[55.138859,25.085677],[55.138564,25.08596],[55.138544,25.086076],[55.13879,25.086142],[55.138792,25.086384],[55.139063,25.08645],[55.139326,25.086448],[55.139325,25.086283],[55.140071,25.086462],[55.13997,25.086557],[55.140184,25.086743],[55.140207,25.086828],[55.140288,25.086891],[55.140552,25.086954],[55.140725,25.087133],[55.140852,25.087164],[55.140748,25.087259],[55.141032,25.087511],[55.142548,25.087875],[55.142463,25.087941],[55.142169,25.08787],[55.14185,25.088124],[55.142123,25.088404],[55.142492,25.088493],[55.142386,25.088579],[55.142476,25.088669],[55.142569,25.088691],[55.142534,25.088719],[55.142674,25.088864],[55.141255,25.088523],[55.141174,25.088449],[55.140903,25.088384],[55.140409,25.088829],[55.140517,25.088927],[55.140789,25.088992],[55.140855,25.088933],[55.140794,25.088878],[55.140817,25.088857],[55.140918,25.088882],[55.141085,25.088731],[55.141207,25.088809],[55.142805,25.089193],[55.142817,25.089206],[55.142782,25.089233],[55.141539,25.088934],[55.141454,25.089041],[55.141798,25.089321],[55.141997,25.089373],[55.141919,25.089433],[55.142186,25.089792],[55.143768,25.090172],[55.143992,25.090403],[55.144534,25.090534],[55.144869,25.090263],[55.144747,25.090138],[55.149049,25.09117],[55.149116,25.091163],[55.149184,25.091129],[55.149226,25.091079],[55.149246,25.091011],[55.149229,25.090932],[55.149179,25.090873],[55.149091,25.090837],[55.148919,25.090795],[55.149049,25.090697],[55.148803,25.090429],[55.14979,25.090666],[55.14989,25.090673],[55.150302,25.090355],[55.150288,25.09034],[55.150328,25.090349],[55.150666,25.090087],[55.150629,25.090048],[55.15069,25.090062],[55.151039,25.089804],[55.151046,25.089646],[55.150759,25.089352],[55.150414,25.089269],[55.150312,25.089085],[55.150041,25.08902],[55.149854,25.089104],[55.149874,25.089139],[55.148908,25.088907],[55.148386,25.088396],[55.149386,25.088637],[55.149718,25.088374],[55.149455,25.0881],[55.149354,25.088075],[55.150225,25.088284],[55.150478,25.088535],[55.150749,25.0886],[55.150927,25.088453],[55.151288,25.08854],[55.151278,25.088545],[55.151305,25.088587],[55.151576,25.088652],[55.151633,25.088622],[55.152075,25.088729],[55.152218,25.088608],[55.152261,25.088552],[55.152292,25.088357],[55.152269,25.088279],[55.151742,25.087751],[55.151509,25.087695],[55.151657,25.087576],[55.151034,25.086939],[55.150456,25.0868],[55.150095,25.08709],[55.150433,25.087436],[55.148485,25.086968],[55.148371,25.086857],[55.1481,25.086792],[55.147983,25.086874],[55.147849,25.086842],[55.148168,25.086607],[55.147918,25.08634],[55.144905,25.085616],[55.145103,25.085455],[55.144944,25.084918],[55.144559,25.084817],[55.144132,25.085163],[55.144478,25.085513],[55.144265,25.085462],[55.143932,25.085129],[55.143715,25.085077],[55.14369,25.085096],[55.143586,25.085071],[55.143364,25.085246],[55.14262,25.085067],[55.142659,25.084988],[55.141766,25.084796],[55.141585,25.084935],[55.141617,25.084971],[55.141395,25.085073],[55.141269,25.085098],[55.141242,25.085091],[55.141215,25.085109],[55.14116,25.085106],[55.141646,25.084723],[55.141361,25.084425],[55.14109,25.08436],[55.140836,25.08456],[55.140869,25.084594],[55.140845,25.084613],[55.140968,25.084742],[55.140819,25.08486],[55.140854,25.084897],[55.140697,25.084868],[55.140531,25.084697],[55.140487,25.084686],[55.140483,25.084602],[55.140638,25.084568],[55.140598,25.084454],[55.140512,25.084319],[55.140606,25.084244],[55.140507,25.084144],[55.139973,25.084016],[55.140176,25.083854],[55.141267,25.084116],[55.141255,25.084126],[55.141688,25.084573],[55.141905,25.084625],[55.142212,25.084381],[55.142097,25.084262],[55.142344,25.084321],[55.142731,25.084331],[55.14272,25.084249],[55.144625,25.084707],[55.14469,25.084721],[55.144757,25.084717],[55.144819,25.084693],[55.144869,25.084653],[55.144903,25.0846],[55.144916,25.084541],[55.144909,25.084481],[55.14488,25.084426],[55.144834,25.084382],[55.144772,25.084352],[55.143444,25.084033],[55.143433,25.084028],[55.143474,25.083957],[55.143368,25.083906],[55.143097,25.083841],[55.143042,25.083936],[55.142592,25.083828],[55.142509,25.083682],[55.142276,25.083626],[55.142386,25.083534],[55.142349,25.083498],[55.144798,25.084086],[55.145146,25.083992],[55.145079,25.08379],[55.144271,25.083595],[55.144351,25.08352],[55.144273,25.083452],[55.14481,25.083581],[55.144866,25.083534],[55.144955,25.083662],[55.147871,25.084362],[55.14793,25.08444],[55.147975,25.08445],[55.14799,25.084493],[55.14801,25.084498],[55.148026,25.084525],[55.148297,25.084591],[55.148398,25.084542],[55.148362,25.08448],[55.149136,25.084667],[55.149429,25.084497],[55.149472,25.084571],[55.149444,25.084584],[55.149487,25.084659],[55.149758,25.084724],[55.149883,25.084665],[55.149855,25.084618],[55.149824,25.084597],[55.149848,25.084586],[55.149829,25.084553],[55.149853,25.084541],[55.149811,25.08447],[55.149828,25.084462],[55.149805,25.084424],[55.149846,25.084404],[55.149791,25.084338],[55.149777,25.084307],[55.149787,25.084302],[55.149742,25.084232],[55.149759,25.084224],[55.149716,25.084152],[55.149732,25.084145],[55.149676,25.084079],[55.149698,25.084068],[55.149648,25.083982],[55.149619,25.083959],[55.149603,25.083929],[55.149619,25.083921],[55.149593,25.083877],[55.149558,25.083858],[55.149572,25.083851],[55.149544,25.083806],[55.148938,25.083671],[55.148912,25.083757],[55.149165,25.083818],[55.149355,25.084165],[55.149343,25.084171],[55.149388,25.084248],[55.149371,25.084257],[55.149413,25.084323],[55.149387,25.084336],[55.149414,25.084383],[55.149369,25.084373],[55.149242,25.084192],[55.148674,25.084055],[55.148606,25.083943],[55.148087,25.083818],[55.148088,25.083746],[55.148062,25.083739],[55.148056,25.083712],[55.148056,25.083693],[55.148078,25.083693],[55.148078,25.083663],[55.148054,25.083658],[55.148054,25.083633],[55.147694,25.083541],[55.147622,25.083541],[55.147622,25.083577],[55.147655,25.083585],[55.147638,25.083593],[55.147637,25.083649],[55.14766,25.083655],[55.14766,25.083676],[55.14764,25.083676],[55.147639,25.083711],[55.146906,25.083534],[55.147164,25.083555],[55.147254,25.083546],[55.147347,25.083529],[55.14746,25.083455],[55.147581,25.083485],[55.147588,25.083469],[55.148528,25.083695],[55.148857,25.083526],[55.148692,25.083263],[55.147455,25.082966],[55.147334,25.082866],[55.147063,25.082801],[55.147002,25.082857],[55.146605,25.082761],[55.146603,25.082681],[55.146706,25.082628],[55.146769,25.082576],[55.146883,25.082437],[55.146774,25.082391],[55.14675,25.082286],[55.145869,25.082074],[55.146106,25.081882],[55.14597,25.081742],[55.145699,25.081677],[55.145684,25.081689],[55.145641,25.081646],[55.14537,25.08158],[55.145338,25.081605],[55.144978,25.081519],[55.145102,25.081422],[55.145186,25.081297],[55.145082,25.081197],[55.143899,25.080912],[55.144152,25.080791],[55.144455,25.080571],[55.144835,25.080663],[55.144577,25.080875],[55.144751,25.081048],[55.145507,25.08123],[55.145321,25.081367],[55.14547,25.081532],[55.146848,25.081863],[55.147125,25.081658],[55.146977,25.081493],[55.146641,25.081413],[55.14669,25.081374],[55.146572,25.081251],[55.146423,25.081215],[55.146468,25.081173],[55.146294,25.081],[55.145574,25.080827],[55.145712,25.080749],[55.145782,25.080685],[55.145835,25.080606],[55.145701,25.080472],[55.145393,25.080399],[55.145498,25.080304],[55.14541,25.080178],[55.145249,25.080056],[55.145096,25.080009],[55.144751,25.079684],[55.144307,25.079577],[55.144532,25.079403],[55.144361,25.079222],[55.144314,25.07921],[55.144328,25.079199],[55.14425,25.079117],[55.144105,25.079082],[55.143978,25.079181],[55.143944,25.079173],[55.144106,25.07903],[55.143682,25.078638],[55.143501,25.078594],[55.14356,25.078544],[55.143267,25.078256],[55.142675,25.078114],[55.142844,25.077983],[55.14284,25.077826],[55.142791,25.077774],[55.14252,25.077709],[55.142459,25.07771],[55.142317,25.077808],[55.142318,25.077853],[55.142139,25.077985],[55.141325,25.077789],[55.141287,25.077767],[55.141522,25.077823],[55.141562,25.077821],[55.141561,25.077796],[55.141289,25.077731],[55.141249,25.077733],[55.14125,25.077747],[55.141076,25.077706],[55.14104,25.07766],[55.140769,25.077595],[55.140669,25.07766],[55.140802,25.077827],[55.140613,25.077944],[55.140497,25.078124],[55.139557,25.077898],[55.139322,25.078092],[55.138548,25.077911],[55.138484,25.07792],[55.138427,25.077947],[55.138382,25.07799],[55.138355,25.078044],[55.138359,25.07814],[55.138287,25.078082],[55.137943,25.077999],[55.137868,25.078015],[55.137883,25.078076],[55.138062,25.078218],[55.138158,25.078241],[55.138184,25.078347],[55.136228,25.077877],[55.13614,25.077545],[55.136036,25.077351],[55.136698,25.07751],[55.137349,25.077465],[55.137333,25.077275],[55.136646,25.07711],[55.136573,25.076965],[55.139837,25.077749],[55.140307,25.077411],[55.140413,25.077436],[55.140514,25.077408],[55.140639,25.077398],[55.140842,25.077446],[55.140937,25.07738],[55.141193,25.077441],[55.141398,25.077296],[55.141499,25.0774],[55.141744,25.077459],[55.141485,25.077656],[55.141525,25.077698],[55.141565,25.077708],[55.14164,25.07779],[55.141912,25.077855],[55.142268,25.077584],[55.142303,25.077593],[55.142469,25.077466],[55.142314,25.077298],[55.142107,25.077248],[55.142163,25.077196],[55.142177,25.077142],[55.141948,25.076925],[55.141674,25.076863],[55.141591,25.076774],[55.141493,25.076722],[55.141222,25.076657],[55.14113,25.076706],[55.141122,25.076236],[55.140941,25.07588],[55.140676,25.075556],[55.1403,25.075466],[55.140443,25.075373],[55.140066,25.074895],[55.139795,25.07483],[55.139515,25.075011],[55.137593,25.074549],[55.137223,25.074783],[55.137166,25.074769],[55.137465,25.074519],[55.137339,25.074396],[55.13675,25.074254],[55.136759,25.074247],[55.13783,25.074504],[55.137919,25.074435],[55.138798,25.074646],[55.139333,25.074167],[55.139107,25.073918],[55.138836,25.073853],[55.138488,25.074128],[55.13765,25.073927],[55.137734,25.073858],[55.137431,25.073553],[55.137326,25.073528],[55.137359,25.073499],[55.137247,25.073395],[55.137087,25.073356],[55.137138,25.073314],[55.137036,25.073207],[55.137071,25.073176],[55.136963,25.073066],[55.136694,25.073001],[55.136733,25.072969],[55.136996,25.073032],[55.137097,25.073135],[55.137625,25.073262],[55.137441,25.073412],[55.137825,25.073812],[55.138021,25.073859],[55.138064,25.073903],[55.138426,25.07399],[55.138884,25.073615],[55.138901,25.073457],[55.138785,25.073326],[55.138496,25.073257],[55.138566,25.073203],[55.138613,25.073211],[55.138614,25.073107],[55.138575,25.073084],[55.138466,25.072974],[55.138235,25.072918],[55.138355,25.072821],[55.138107,25.072523],[55.137949,25.072485],[55.13778,25.072314],[55.136901,25.072103],[55.137081,25.072035],[55.137062,25.071985],[55.137171,25.071958],[55.137234,25.071877],[55.137326,25.072002],[55.137481,25.072039],[55.137472,25.072046],[55.137581,25.072161],[55.137852,25.072227],[55.137889,25.072198],[55.13778,25.072082],[55.137636,25.072048],[55.137627,25.071954],[55.137572,25.071854],[55.137497,25.071762],[55.137226,25.071697],[55.137171,25.071713],[55.137104,25.071684],[55.137115,25.071523],[55.137064,25.071469],[55.13694,25.071439],[55.137048,25.071354],[55.136928,25.07123],[55.136265,25.071071],[55.136562,25.070837],[55.136442,25.070713],[55.136019,25.070611],[55.13625,25.07043],[55.1359,25.070062],[55.135629,25.069997],[55.135551,25.070058],[55.135399,25.070022],[55.13565,25.06982],[55.135529,25.069697],[55.134921,25.069551],[55.135128,25.069387],[55.134973,25.069227],[55.133605,25.068898],[55.133542,25.068844],[55.133907,25.068931],[55.134176,25.068699],[55.134022,25.068553],[55.13371,25.068478],[55.133766,25.068417],[55.133709,25.068335],[55.133624,25.068284],[55.133301,25.068206],[55.133349,25.068113],[55.13316,25.068032],[55.129223,25.067087],[55.12913,25.067458],[55.130665,25.067827],[55.13066,25.067836]],[[55.14083,25.085555],[55.140605,25.085501],[55.140657,25.085439],[55.140668,25.085402],[55.14066,25.085328],[55.140828,25.085369],[55.140948,25.085273],[55.140987,25.085512],[55.14091,25.085494],[55.14083,25.085555]],[[55.14473,25.083166],[55.144484,25.083107],[55.144674,25.082969],[55.144643,25.082934],[55.14627,25.083325],[55.14648,25.083436],[55.146679,25.083484],[55.146555,25.083546],[55.145061,25.083187],[55.144862,25.083302],[55.14473,25.083166]],[[55.14358,25.082893],[55.144456,25.083103],[55.144379,25.08317],[55.143555,25.082972],[55.14358,25.082893]],[[55.144011,25.082383],[55.14388,25.082259],[55.141536,25.081693],[55.141978,25.081796],[55.14205,25.081741],[55.142101,25.081598],[55.14208,25.081464],[55.140933,25.081188],[55.140918,25.081104],[55.140931,25.080886],[55.140996,25.080691],[55.140967,25.080592],[55.140734,25.080536],[55.140811,25.080475],[55.140662,25.080321],[55.13755,25.079573],[55.137478,25.079517],[55.139169,25.079924],[55.139446,25.079658],[55.139243,25.079515],[55.138066,25.079232],[55.138279,25.079068],[55.138139,25.078919],[55.137509,25.078767],[55.137481,25.07874],[55.137209,25.078675],[55.13719,25.078691],[55.13652,25.07853],[55.136428,25.078366],[55.137324,25.078582],[55.13735,25.078564],[55.137504,25.078601],[55.137534,25.078579],[55.138041,25.078701],[55.138318,25.078491],[55.138217,25.078383],[55.138462,25.078442],[55.138514,25.078431],[55.138469,25.078252],[55.139036,25.078392],[55.138995,25.078424],[55.139088,25.078493],[55.139125,25.078502],[55.13932,25.078702],[55.139296,25.078724],[55.139324,25.07874],[55.139303,25.078769],[55.139383,25.078788],[55.139398,25.078821],[55.139789,25.078922],[55.1399,25.079019],[55.140754,25.079224],[55.140481,25.079425],[55.140591,25.079527],[55.140567,25.079548],[55.140609,25.079587],[55.140506,25.079668],[55.140693,25.079863],[55.142997,25.080417],[55.143183,25.080647],[55.143394,25.080791],[55.14237,25.080545],[55.142178,25.080651],[55.142037,25.080814],[55.142024,25.080894],[55.142092,25.08096],[55.144041,25.081428],[55.14387,25.081573],[55.143898,25.081601],[55.143767,25.081569],[55.143622,25.081623],[55.143563,25.081676],[55.143489,25.081785],[55.14346,25.081855],[55.143555,25.081877],[55.143571,25.081956],[55.146055,25.082553],[55.14601,25.082619],[55.14589,25.08259],[55.145754,25.082659],[55.144551,25.08237],[55.144495,25.082492],[55.144429,25.082476],[55.144321,25.082548],[55.144259,25.082618],[55.144194,25.082736],[55.14373,25.082625],[55.144011,25.082383]],[[55.14314,25.079941],[55.142009,25.079669],[55.142161,25.079562],[55.142951,25.079752],[55.143066,25.079644],[55.143167,25.07974],[55.143185,25.079776],[55.143142,25.079805],[55.143193,25.079868],[55.14345,25.07993],[55.143508,25.079983],[55.143805,25.080054],[55.143663,25.080155],[55.143269,25.08006],[55.14314,25.079941]],[[55.136621,25.081826],[55.136536,25.081893],[55.13657,25.081928],[55.136485,25.081907],[55.136656,25.081774],[55.136725,25.081846],[55.136621,25.081826]],[[55.138286,25.082103],[55.137133,25.081826],[55.13708,25.08177],[55.138245,25.08205],[55.138286,25.082103]],[[55.136197,25.075959],[55.1361,25.076039],[55.136172,25.076109],[55.135763,25.076011],[55.135939,25.075885],[55.135774,25.075695],[55.136085,25.07577],[55.136143,25.075689],[55.13574,25.075449],[55.135306,25.075345],[55.135301,25.075362],[55.134888,25.075261],[55.134831,25.075454],[55.134534,25.075386],[55.134611,25.075212],[55.134313,25.075104],[55.134133,25.075061],[55.134177,25.074995],[55.133846,25.074814],[55.133774,25.074797],[55.133791,25.074779],[55.133689,25.074698],[55.133165,25.074572],[55.133084,25.074464],[55.133203,25.074492],[55.133397,25.07438],[55.133262,25.074205],[55.13319,25.074188],[55.133236,25.074173],[55.133116,25.07386],[55.132929,25.073815],[55.133047,25.073799],[55.133004,25.073538],[55.131857,25.073262],[55.131843,25.073192],[55.131809,25.073134],[55.13279,25.07337],[55.133109,25.073216],[55.132997,25.073025],[55.132659,25.072944],[55.133168,25.072614],[55.133131,25.072481],[55.133098,25.072419],[55.132992,25.072307],[55.134502,25.07267],[55.134422,25.072787],[55.134585,25.072957],[55.136624,25.073447],[55.136539,25.073517],[55.136725,25.073704],[55.135795,25.073481],[55.135569,25.073659],[55.135625,25.073716],[55.135572,25.073757],[55.135713,25.073901],[55.135669,25.073932],[55.135733,25.074],[55.136226,25.074119],[55.136229,25.074145],[55.136601,25.074235],[55.136265,25.074515],[55.136356,25.074605],[55.134438,25.074143],[55.134145,25.074352],[55.134284,25.074511],[55.135575,25.074822],[55.135563,25.074875],[55.139245,25.075751],[55.138898,25.07595],[55.138858,25.076063],[55.13821,25.075915],[55.138109,25.075949],[55.138046,25.076032],[55.138048,25.076133],[55.138116,25.076213],[55.138728,25.076371],[55.138754,25.07657],[55.138807,25.076743],[55.136676,25.076231],[55.136468,25.076024],[55.136197,25.075959]],[[55.138189,25.073345],[55.138237,25.073391],[55.138153,25.07346],[55.138087,25.073393],[55.138108,25.073398],[55.138164,25.07336],[55.138123,25.07331],[55.137852,25.073244],[55.137809,25.073273],[55.137685,25.073243],[55.137729,25.073208],[55.138214,25.073325],[55.138189,25.073345]],[[55.131618,25.076495],[55.131601,25.076461],[55.13184,25.076518],[55.131877,25.076558],[55.131618,25.076495]],[[55.132117,25.074576],[55.132115,25.074573],[55.132456,25.074654],[55.132117,25.074576]],[[55.132966,25.074777],[55.133209,25.074836],[55.133207,25.074839],[55.132966,25.074777]],[[55.133507,25.074907],[55.133541,25.074919],[55.133513,25.074912],[55.133507,25.074907]],[[55.136387,25.072408],[55.136452,25.072475],[55.136437,25.072486],[55.136288,25.07245],[55.136076,25.072254],[55.13643,25.072343],[55.136387,25.072408]],[[55.134583,25.070745],[55.13555,25.070979],[55.135427,25.071076],[55.134863,25.07094],[55.134814,25.07089],[55.134517,25.070819],[55.134583,25.070745]],[[55.130511,25.068996],[55.130637,25.069026],[55.130762,25.06895],[55.130619,25.068758],[55.13104,25.068856],[55.131177,25.068818],[55.13135,25.068849],[55.131591,25.068907],[55.131582,25.068947],[55.131628,25.068958],[55.131618,25.069003],[55.132097,25.069107],[55.132105,25.069065],[55.132171,25.069077],[55.132182,25.069029],[55.13223,25.069038],[55.132256,25.068924],[55.132204,25.068912],[55.132213,25.068874],[55.132262,25.068883],[55.132265,25.068871],[55.13255,25.068926],[55.132567,25.068832],[55.132468,25.068808],[55.132469,25.068798],[55.132557,25.068819],[55.132593,25.068753],[55.132356,25.068661],[55.132084,25.068596],[55.132041,25.068729],[55.131888,25.0687],[55.131885,25.068711],[55.131823,25.068699],[55.131818,25.068718],[55.131713,25.068698],[55.131719,25.068423],[55.130863,25.068211],[55.130902,25.068203],[55.130938,25.068147],[55.131037,25.068241],[55.132564,25.068608],[55.133043,25.069025],[55.133331,25.069094],[55.13322,25.069182],[55.132596,25.069032],[55.132429,25.069167],[55.132474,25.069211],[55.132441,25.069238],[55.132369,25.06922],[55.132155,25.069393],[55.132315,25.069555],[55.132728,25.069654],[55.132627,25.069735],[55.132565,25.06972],[55.132487,25.069627],[55.129833,25.068989],[55.1299,25.068921],[55.130426,25.069047],[55.130511,25.068996]],[[55.128249,25.06956],[55.128275,25.069639],[55.128105,25.069598],[55.128249,25.06956]],[[55.12889,25.069398],[55.128916,25.06948],[55.128445,25.069366],[55.128289,25.069408],[55.128203,25.069144],[55.128388,25.069189],[55.128529,25.069156],[55.128615,25.069177],[55.12858,25.069184],[55.128618,25.069333],[55.12889,25.069398]],[[55.129116,25.068577],[55.129196,25.068836],[55.128868,25.068757],[55.128965,25.06873],[55.128896,25.068524],[55.129116,25.068577]],[[55.129635,25.068576],[55.129616,25.068509],[55.129679,25.068491],[55.129655,25.068506],[55.129682,25.068541],[55.129635,25.068576]],[[55.130619,25.07442],[55.130697,25.074448],[55.130727,25.074481],[55.130546,25.074437],[55.130394,25.074276],[55.130442,25.074287],[55.130501,25.074236],[55.130636,25.074382],[55.130619,25.07442]],[[55.132624,25.074442],[55.132014,25.074296],[55.131993,25.074238],[55.132617,25.074388],[55.132684,25.074368],[55.132727,25.074378],[55.132624,25.074442]],[[55.132147,25.073853],[55.132418,25.073918],[55.132518,25.073879],[55.132509,25.073847],[55.132571,25.073862],[55.132603,25.073845],[55.132589,25.073815],[55.132636,25.073826],[55.13267,25.073801],[55.132765,25.073824],[55.132676,25.073858],[55.132763,25.074085],[55.131935,25.073886],[55.131911,25.073619],[55.132231,25.073696],[55.132136,25.073744],[55.132147,25.073853]],[[55.131689,25.07251],[55.131683,25.072553],[55.131853,25.072742],[55.13193,25.07276],[55.131921,25.072766],[55.131312,25.07262],[55.131298,25.072491],[55.130967,25.072258],[55.131756,25.072448],[55.131689,25.07251]],[[55.129613,25.071514],[55.129594,25.071419],[55.129607,25.071417],[55.129834,25.071468],[55.129567,25.07168],[55.129701,25.071818],[55.12998,25.071885],[55.129968,25.071893],[55.130008,25.071945],[55.129858,25.07192],[55.129636,25.071943],[55.128802,25.071743],[55.12921,25.071627],[55.129202,25.0716],[55.129396,25.071646],[55.129509,25.071622],[55.129523,25.071517],[55.129613,25.071514]],[[55.128455,25.072909],[55.128439,25.072905],[55.128443,25.072901],[55.12848,25.07291],[55.128455,25.072909]],[[55.133144,25.069472],[55.133231,25.069493],[55.133363,25.069386],[55.133579,25.069609],[55.133122,25.069491],[55.133144,25.069472]],[[55.131445,25.076942],[55.131307,25.076907],[55.13135,25.076879],[55.131336,25.076868],[55.131348,25.076851],[55.131292,25.076823],[55.131021,25.076758],[55.130986,25.076723],[55.131014,25.0767],[55.131002,25.076688],[55.131477,25.076802],[55.131444,25.076824],[55.131484,25.076908],[55.13145,25.076938],[55.131529,25.07704],[55.131761,25.077096],[55.131745,25.077104],[55.131638,25.077079],[55.131444,25.077079],[55.131463,25.077038],[55.131445,25.076942]],[[55.135867,25.077062],[55.135723,25.076841],[55.135609,25.076796],[55.135338,25.076731],[55.135211,25.076715],[55.13528,25.076654],[55.136381,25.076918],[55.136455,25.077064],[55.136314,25.07703],[55.135867,25.077062]],[[55.135522,25.075589],[55.135621,25.075648],[55.13551,25.075621],[55.135522,25.075589]],[[55.135276,25.075442],[55.13542,25.075528],[55.135151,25.075463],[55.135127,25.075529],[55.134983,25.075494],[55.135022,25.075365],[55.13528,25.075428],[55.135276,25.075442]],[[55.13213,25.077026],[55.132176,25.077037],[55.132359,25.077232],[55.13263,25.077297],[55.132784,25.077183],[55.132827,25.077194],[55.132681,25.077312],[55.132703,25.077335],[55.132315,25.077241],[55.132264,25.077194],[55.132101,25.077125],[55.131911,25.07708],[55.132053,25.076974],[55.132126,25.076992],[55.13213,25.077026]],[[55.133485,25.077352],[55.133612,25.077478],[55.133755,25.077513],[55.133682,25.07757],[55.133513,25.077529],[55.13341,25.077425],[55.133265,25.077391],[55.133229,25.077419],[55.133191,25.077381],[55.133285,25.077304],[55.133485,25.077352]],[[55.134144,25.076127],[55.133914,25.076088],[55.13374,25.076038],[55.13359,25.075975],[55.134164,25.076113],[55.134144,25.076127]],[[55.136688,25.079743],[55.136747,25.079805],[55.136698,25.079844],[55.136571,25.079813],[55.136688,25.079743]],[[55.137163,25.07948],[55.137105,25.079466],[55.13715,25.079439],[55.1372,25.079451],[55.137163,25.07948]],[[55.136903,25.079472],[55.136868,25.079436],[55.136929,25.079451],[55.136903,25.079472]],[[55.135766,25.079249],[55.135875,25.079158],[55.13591,25.079195],[55.135825,25.079264],[55.135766,25.079249]],[[55.135583,25.081349],[55.135587,25.081353],[55.135436,25.081469],[55.135583,25.081349]],[[55.141381,25.083197],[55.141412,25.083171],[55.141456,25.083215],[55.141381,25.083197]],[[55.140899,25.082444],[55.140906,25.0824],[55.142106,25.082688],[55.141984,25.08279],[55.142072,25.082877],[55.141989,25.082857],[55.14187,25.082969],[55.141833,25.082933],[55.141562,25.082868],[55.141472,25.082943],[55.141432,25.082902],[55.141335,25.082879],[55.141432,25.0828],[55.141247,25.082608],[55.140976,25.082543],[55.140715,25.082769],[55.140898,25.082949],[55.141011,25.082976],[55.141053,25.083014],[55.14101,25.083058],[55.141077,25.083123],[55.141048,25.083117],[55.140906,25.08297],[55.140401,25.082849],[55.140899,25.082444]],[[55.143069,25.082855],[55.142216,25.08265],[55.142284,25.082581],[55.143114,25.082781],[55.143069,25.082855]],[[55.141104,25.081927],[55.141083,25.081945],[55.141145,25.082004],[55.140754,25.08191],[55.140661,25.081768],[55.141085,25.08187],[55.141067,25.081886],[55.141104,25.081927]],[[55.138593,25.083518],[55.138591,25.083519],[55.138591,25.083518],[55.138593,25.083518]],[[55.139775,25.083977],[55.139765,25.083985],[55.139433,25.083898],[55.139446,25.083888],[55.139374,25.083813],[55.139422,25.083776],[55.139372,25.083724],[55.139422,25.083672],[55.139487,25.083688],[55.139455,25.083713],[55.139693,25.083957],[55.139775,25.083977]],[[55.143051,25.078892],[55.143178,25.07901],[55.143449,25.079075],[55.143506,25.079024],[55.14357,25.079083],[55.143483,25.079062],[55.143122,25.079342],[55.143227,25.079454],[55.14322,25.07946],[55.143086,25.079344],[55.142628,25.079234],[55.142819,25.0791],[55.142541,25.078858],[55.142237,25.078783],[55.142206,25.078782],[55.142182,25.078801],[55.141693,25.078683],[55.141846,25.078555],[55.143093,25.078855],[55.143051,25.078892]],[[55.141113,25.078133],[55.141134,25.0781],[55.141577,25.078207],[55.141443,25.078326],[55.141481,25.07836],[55.140986,25.078242],[55.141044,25.078179],[55.141113,25.078133]],[[55.144419,25.089267],[55.144317,25.089343],[55.143862,25.089234],[55.143721,25.0891],[55.144419,25.089267]],[[55.143381,25.088842],[55.143457,25.088926],[55.143317,25.088892],[55.143381,25.088842]],[[55.143211,25.088665],[55.143442,25.088721],[55.14334,25.088796],[55.143381,25.088842],[55.143211,25.088665]],[[55.149451,25.084483],[55.149448,25.084485],[55.149429,25.084458],[55.149451,25.084483]],[[55.149793,25.089847],[55.149707,25.089912],[55.149728,25.089934],[55.148961,25.089749],[55.149059,25.089671],[55.149793,25.089847]],[[55.148103,25.089441],[55.148551,25.089548],[55.148681,25.089682],[55.14816,25.089557],[55.148192,25.089532],[55.148103,25.089441]],[[55.146978,25.087484],[55.147378,25.087189],[55.148006,25.08734],[55.14819,25.087537],[55.148236,25.087548],[55.148493,25.087819],[55.148445,25.087858],[55.147443,25.087617],[55.147418,25.087589],[55.146978,25.087484]]]}},{"type":"Feature","properties":{},"geometry":{"type":"Polygon","coordinates":[[[55.127949,25.073988],[55.127876,25.073989],[55.127879,25.074111],[55.12815,25.074176],[55.128223,25.074175],[55.12822,25.074053],[55.127949,25.073988]]]}},{"type":"Feature","properties":{},"geometry":{"type":"Polygon","coordinates":[[[55.127831,25.07428],[55.127885,25.074337],[55.128156,25.074402],[55.12822,25.074351],[55.128166,25.074295],[55.127895,25.07423],[55.127831,25.07428]]]}},{"type":"Feature","properties":{},"geometry":{"type":"Polygon","coordinates":[[[55.12917,25.075725],[55.129058,25.075653],[55.128787,25.075588],[55.128746,25.075639],[55.128858,25.075712],[55.12913,25.075777],[55.12917,25.075725]]]}},{"type":"Feature","properties":{},"geometry":{"type":"Polygon","coordinates":[[[55.130479,25.077136],[55.130618,25.077298],[55.130597,25.077314],[55.130635,25.077359],[55.13071,25.077377],[55.130791,25.077471],[55.131062,25.077536],[55.131224,25.077422],[55.130928,25.077077],[55.130657,25.077011],[55.130479,25.077136]]]}},{"type":"Feature","properties":{},"geometry":{"type":"Polygon","coordinates":[[[55.12984,25.092706],[55.128847,25.092288],[55.128576,25.092223],[55.128266,25.092827],[55.12926,25.093244],[55.129531,25.093309],[55.12984,25.092706]]]}},{"type":"Feature","properties":{},"geometry":{"type":"Polygon","coordinates":[[[55.130993,25.093188],[55.130805,25.093108],[55.130534,25.093043],[55.130347,25.093402],[55.130535,25.093482],[55.130806,25.093547],[55.130993,25.093188]]]}},{"type":"Feature","properties":{},"geometry":{"type":"Polygon","coordinates":[[[55.134998,25.069108],[55.134956,25.069073],[55.134685,25.069008],[55.134654,25.069039],[55.134697,25.069074],[55.134968,25.069139],[55.134998,25.069108]]]}},{"type":"Feature","properties":{},"geometry":{"type":"Polygon","coordinates":[[[55.134898,25.075162],[55.134798,25.075137],[55.134792,25.075156],[55.134892,25.075181],[55.134898,25.075162]]]}},{"type":"Feature","properties":{},"geometry":{"type":"Polygon","coordinates":[[[55.13287,25.093982],[55.131877,25.093564],[55.131606,25.093499],[55.131296,25.094102],[55.13229,25.09452],[55.132561,25.094585],[55.13287,25.093982]]]}},{"type":"Feature","properties":{},"geometry":{"type":"Polygon","coordinates":[[[55.132894,25.094191],[55.133231,25.094272],[55.133245,25.094228],[55.132907,25.094147],[55.132894,25.094191]]]}},{"type":"Feature","properties":{},"geometry":{"type":"Polygon","coordinates":[[[55.133948,25.095002],[55.13379,25.094936],[55.133519,25.094871],[55.133459,25.094989],[55.133617,25.095055],[55.133888,25.09512],[55.133948,25.095002]]]}},{"type":"Feature","properties":{},"geometry":{"type":"Polygon","coordinates":[[[55.134041,25.095227],[55.134215,25.095302],[55.134486,25.095367],[55.134642,25.09507],[55.134468,25.094995],[55.134197,25.09493],[55.134041,25.095227]]]}},{"type":"Feature","properties":{},"geometry":{"type":"Polygon","coordinates":[[[55.139011,25.06884],[55.139519,25.068962],[55.139771,25.06879],[55.139888,25.068818],[55.139645,25.068998],[55.139838,25.069213],[55.140082,25.069272],[55.140027,25.069341],[55.140461,25.06945],[55.140526,25.069615],[55.140978,25.069723],[55.141035,25.069566],[55.141225,25.069664],[55.141677,25.069773],[55.141636,25.069645],[55.144007,25.070215],[55.144388,25.069935],[55.144195,25.069719],[55.143314,25.069507],[55.143404,25.069466],[55.14345,25.069404],[55.143436,25.069354],[55.143366,25.069257],[55.143202,25.069128],[55.141785,25.068787],[55.141759,25.06871],[55.141601,25.068672],[55.141637,25.068622],[55.141168,25.068519],[55.141152,25.068432],[55.142706,25.068803],[55.142753,25.068772],[55.142781,25.068779],[55.142834,25.068744],[55.142816,25.068717],[55.143083,25.068781],[55.143162,25.068724],[55.143055,25.068604],[55.145852,25.069276],[55.145926,25.069244],[55.145973,25.069255],[55.146059,25.069213],[55.14605,25.069194],[55.146095,25.069172],[55.145992,25.069024],[55.14578,25.068844],[55.141713,25.067867],[55.141688,25.067904],[55.141661,25.067898],[55.141605,25.067965],[55.141625,25.067983],[55.141564,25.068067],[55.141595,25.068084],[55.141583,25.068104],[55.141747,25.068279],[55.141785,25.068298],[55.14262,25.068499],[55.142635,25.068516],[55.139063,25.067656],[55.138982,25.067649],[55.138887,25.06772],[55.138934,25.06785],[55.138985,25.067895],[55.139125,25.067945],[55.140656,25.068313],[55.140571,25.068495],[55.139643,25.068272],[55.139615,25.068287],[55.138248,25.067959],[55.138101,25.068033],[55.135154,25.067325],[55.134829,25.067544],[55.135079,25.067849],[55.135557,25.067963],[55.135601,25.068055],[55.135653,25.068095],[55.135717,25.068116],[55.138858,25.068871],[55.138927,25.068873],[55.139011,25.06884]]]}},{"type":"Feature","properties":{},"geometry":{"type":"Polygon","coordinates":[[[55.136639,25.069042],[55.136678,25.069083],[55.13666,25.069098],[55.136715,25.069153],[55.136757,25.069163],[55.136777,25.069186],[55.136756,25.0692],[55.136818,25.069271],[55.137181,25.06936],[55.1372,25.069382],[55.138646,25.069729],[55.138697,25.069805],[55.138968,25.06987],[55.139025,25.069839],[55.13901,25.069817],[55.139687,25.06998],[55.139945,25.070269],[55.143714,25.071174],[55.143985,25.070967],[55.143719,25.070683],[55.141287,25.070099],[55.141313,25.070059],[55.141313,25.070009],[55.141272,25.069936],[55.140389,25.069722],[55.140353,25.069679],[55.139649,25.069509],[55.139742,25.069441],[55.139472,25.06914],[55.136308,25.06838],[55.136035,25.068581],[55.136304,25.068882],[55.136738,25.068986],[55.136639,25.069042]]]}},{"type":"Feature","properties":{},"geometry":{"type":"Polygon","coordinates":[[[55.137764,25.075605],[55.138079,25.075681],[55.138085,25.07566],[55.13777,25.075585],[55.137764,25.075605]]]}},{"type":"Feature","properties":{},"geometry":{"type":"Polygon","coordinates":[[[55.136748,25.077996],[55.136804,25.077979],[55.13676,25.077861],[55.136489,25.077796],[55.136427,25.077815],[55.136477,25.077931],[55.136748,25.077996]]]}},{"type":"Feature","properties":{},"geometry":{"type":"Polygon","coordinates":[[[55.137692,25.078751],[55.137711,25.078747],[55.137686,25.078664],[55.137415,25.078599],[55.13735,25.078615],[55.137365,25.078667],[55.137692,25.078751]]]}},{"type":"Feature","properties":{},"geometry":{"type":"Polygon","coordinates":[[[55.135309,25.082633],[55.135388,25.082593],[55.135334,25.082505],[55.135062,25.082439],[55.135014,25.082464],[55.135039,25.082504],[55.135008,25.082519],[55.135037,25.082567],[55.135309,25.082633]]]}},{"type":"Feature","properties":{},"geometry":{"type":"Polygon","coordinates":[[[55.134905,25.082701],[55.134942,25.082738],[55.135213,25.082803],[55.135279,25.082749],[55.135241,25.082712],[55.13497,25.082647],[55.134905,25.082701]]]}},{"type":"Feature","properties":{},"geometry":{"type":"Polygon","coordinates":[[[55.137514,25.083594],[55.137509,25.083522],[55.137557,25.083519],[55.137548,25.083465],[55.137503,25.083447],[55.137654,25.083483],[55.137775,25.08342],[55.137738,25.083349],[55.137467,25.083284],[55.137385,25.083319],[55.137117,25.083259],[55.137089,25.083232],[55.136817,25.083166],[55.136749,25.083225],[55.136839,25.083312],[55.136989,25.083348],[55.137014,25.083417],[55.137012,25.083582],[55.137365,25.083659],[55.137377,25.083588],[55.137514,25.083594]]]}},{"type":"Feature","properties":{},"geometry":{"type":"Polygon","coordinates":[[[55.13629,25.083245],[55.136223,25.083265],[55.136255,25.083354],[55.136526,25.083419],[55.136593,25.083399],[55.136561,25.08331],[55.13629,25.083245]]]}},{"type":"Feature","properties":{},"geometry":{"type":"Polygon","coordinates":[[[55.136297,25.083501],[55.136208,25.08357],[55.136228,25.08359],[55.136127,25.083668],[55.136263,25.083811],[55.136534,25.083877],[55.136786,25.08368],[55.136654,25.08354],[55.136383,25.083475],[55.136337,25.083511],[55.136297,25.083501]]]}},{"type":"Feature","properties":{},"geometry":{"type":"Polygon","coordinates":[[[55.137718,25.084288],[55.137657,25.08424],[55.137386,25.084175],[55.137357,25.084204],[55.137418,25.084252],[55.137689,25.084318],[55.137718,25.084288]]]}},{"type":"Feature","properties":{},"geometry":{"type":"Polygon","coordinates":[[[55.137587,25.084668],[55.137537,25.0847],[55.137594,25.084776],[55.137866,25.084841],[55.137916,25.084809],[55.137859,25.084734],[55.137587,25.084668]]]}},{"type":"Feature","properties":{},"geometry":{"type":"Polygon","coordinates":[[[55.137964,25.086336],[55.137853,25.086285],[55.137582,25.08622],[55.137524,25.086324],[55.137634,25.086375],[55.137905,25.08644],[55.137964,25.086336]]]}},{"type":"Feature","properties":{},"geometry":{"type":"Polygon","coordinates":[[[55.137074,25.088461],[55.137063,25.088557],[55.137294,25.088612],[55.137335,25.088656],[55.137606,25.088721],[55.137662,25.088679],[55.137572,25.088582],[55.137074,25.088461]]]}},{"type":"Feature","properties":{},"geometry":{"type":"Polygon","coordinates":[[[55.138588,25.089163],[55.138526,25.089084],[55.138255,25.089019],[55.137974,25.0892],[55.137758,25.088942],[55.137487,25.088877],[55.137449,25.088903],[55.137426,25.088875],[55.137155,25.088809],[55.137088,25.088855],[55.13714,25.088918],[55.137352,25.088969],[55.137045,25.089179],[55.137376,25.089576],[55.137647,25.089641],[55.138089,25.089339],[55.138047,25.089288],[55.1383,25.089349],[55.138588,25.089163]]]}},{"type":"Feature","properties":{},"geometry":{"type":"Polygon","coordinates":[[[55.136347,25.089511],[55.136439,25.089549],[55.136383,25.089535],[55.136367,25.089571],[55.136471,25.089609],[55.136742,25.089674],[55.13675,25.089655],[55.136892,25.089689],[55.136934,25.089606],[55.136661,25.089493],[55.136389,25.089427],[55.136347,25.089511]]]}},{"type":"Feature","properties":{},"geometry":{"type":"Polygon","coordinates":[[[55.137264,25.090991],[55.137242,25.09101],[55.13731,25.091074],[55.137637,25.091144],[55.137823,25.09097],[55.137788,25.090893],[55.137918,25.090829],[55.137968,25.090841],[55.138083,25.090782],[55.138071,25.090747],[55.138191,25.090639],[55.138053,25.090508],[55.137782,25.090443],[55.137668,25.090543],[55.137649,25.090539],[55.137575,25.090577],[55.137587,25.090595],[55.137397,25.09068],[55.137356,25.09067],[55.137267,25.090728],[55.137292,25.090779],[55.137216,25.090819],[55.137272,25.090914],[55.137227,25.090957],[55.137264,25.090991]]]}},{"type":"Feature","properties":{},"geometry":{"type":"Polygon","coordinates":[[[55.13714,25.091085],[55.137074,25.091069],[55.13717,25.091017],[55.137104,25.090917],[55.136832,25.090852],[55.136651,25.09095],[55.136659,25.090962],[55.136637,25.090957],[55.1366,25.090975],[55.136656,25.091069],[55.136927,25.091134],[55.136954,25.091121],[55.137108,25.091158],[55.137166,25.091131],[55.13714,25.091085]]]}},{"type":"Feature","properties":{},"geometry":{"type":"Polygon","coordinates":[[[55.137243,25.094357],[55.137143,25.094211],[55.137001,25.09412],[55.136817,25.094043],[55.136546,25.093978],[55.136332,25.093971],[55.136153,25.094016],[55.136002,25.094094],[55.135853,25.094303],[55.135859,25.094334],[55.135895,25.09435],[55.136166,25.094415],[55.136517,25.094409],[55.136572,25.094358],[55.13681,25.09441],[55.137189,25.094405],[55.137229,25.094389],[55.137243,25.094357]]]}},{"type":"Feature","properties":{},"geometry":{"type":"Polygon","coordinates":[[[55.136726,25.094485],[55.136677,25.09459],[55.137118,25.094757],[55.137304,25.094801],[55.137263,25.094842],[55.137417,25.094971],[55.137468,25.094984],[55.137602,25.095123],[55.137874,25.095188],[55.137918,25.095151],[55.13786,25.095093],[55.137903,25.095056],[55.137825,25.094978],[55.137763,25.094963],[55.137792,25.094935],[55.137638,25.094805],[55.137421,25.094753],[55.137438,25.094717],[55.136997,25.09455],[55.136726,25.094485]]]}},{"type":"Feature","properties":{},"geometry":{"type":"Polygon","coordinates":[[[55.14003,25.070807],[55.138456,25.070429],[55.13843,25.070448],[55.138312,25.070381],[55.138041,25.070316],[55.138001,25.070314],[55.13799,25.070389],[55.138027,25.070469],[55.137775,25.070408],[55.137574,25.07055],[55.13783,25.070847],[55.138399,25.070984],[55.138532,25.071084],[55.138714,25.071176],[55.138986,25.071241],[55.139004,25.071164],[55.138992,25.071127],[55.140327,25.071447],[55.140309,25.071461],[55.139381,25.071238],[55.139193,25.071291],[55.139201,25.071342],[55.138116,25.071081],[55.137918,25.071217],[55.13813,25.071468],[55.140661,25.072077],[55.140679,25.072094],[55.14095,25.072159],[55.140962,25.072149],[55.141519,25.072283],[55.141678,25.072173],[55.143096,25.072514],[55.143369,25.072309],[55.143151,25.07207],[55.140961,25.071544],[55.141014,25.071507],[55.141649,25.07166],[55.141874,25.071494],[55.143412,25.071864],[55.143331,25.071932],[55.143671,25.072265],[55.145061,25.072599],[55.145214,25.072476],[55.145564,25.072552],[55.145614,25.07251],[55.145652,25.072546],[55.145621,25.072538],[55.145357,25.072749],[55.145819,25.073225],[55.146091,25.07329],[55.146209,25.073196],[55.14632,25.073222],[55.146365,25.073203],[55.146346,25.073168],[55.146376,25.073175],[55.146464,25.073127],[55.146435,25.073085],[55.146368,25.073069],[55.146398,25.073045],[55.146311,25.072955],[55.146538,25.07301],[55.146718,25.072861],[55.146674,25.072818],[55.14678,25.072843],[55.146916,25.072736],[55.146661,25.07247],[55.146613,25.072458],[55.146645,25.072433],[55.146636,25.072425],[55.146756,25.072453],[55.14671,25.072495],[55.146761,25.07255],[55.147033,25.072615],[55.147439,25.072291],[55.147252,25.072094],[55.147107,25.072059],[55.147103,25.07201],[55.147009,25.071875],[55.146838,25.071833],[55.146773,25.071804],[55.14688,25.071721],[55.146761,25.071594],[55.146652,25.071568],[55.146677,25.071548],[55.146645,25.071514],[55.146666,25.071519],[55.146689,25.071499],[55.146456,25.07127],[55.146184,25.071205],[55.146161,25.071224],[55.14619,25.071252],[55.145943,25.071441],[55.145969,25.071468],[55.145947,25.071486],[55.14611,25.071659],[55.14632,25.07171],[55.146412,25.071808],[55.146458,25.071819],[55.14638,25.071879],[55.146386,25.071933],[55.146591,25.071982],[55.146601,25.072022],[55.146541,25.072019],[55.146541,25.072068],[55.146573,25.072076],[55.146555,25.072116],[55.146496,25.072172],[55.146516,25.072189],[55.146476,25.072204],[55.146513,25.072279],[55.146553,25.072288],[55.146509,25.072303],[55.146251,25.072241],[55.146138,25.072325],[55.146085,25.07233],[55.146102,25.072347],[55.145874,25.072292],[55.145965,25.072216],[55.145814,25.072061],[55.145871,25.072074],[55.145973,25.071995],[55.145941,25.071961],[55.146008,25.071909],[55.146022,25.071859],[55.146143,25.071765],[55.145899,25.071507],[55.145848,25.071495],[55.145871,25.071477],[55.145765,25.071362],[55.145494,25.071297],[55.145447,25.071338],[55.145421,25.071332],[55.145368,25.071378],[55.145422,25.071429],[55.145451,25.071436],[55.145312,25.07154],[55.145223,25.071518],[55.14517,25.071558],[55.145182,25.07157],[55.143999,25.071286],[55.14374,25.071503],[55.143706,25.071465],[55.1411,25.070839],[55.141171,25.070795],[55.140963,25.070521],[55.137642,25.069723],[55.137433,25.069852],[55.137641,25.070126],[55.140139,25.070727],[55.14003,25.070807]],[[55.146055,25.072771],[55.145938,25.07265],[55.146023,25.072671],[55.146005,25.072685],[55.146104,25.072783],[55.146055,25.072771]]]}},{"type":"Feature","properties":{},"geometry":{"type":"Polygon","coordinates":[[[55.142638,25.072851],[55.142419,25.072612],[55.139084,25.07181],[55.138811,25.072016],[55.139029,25.072254],[55.142365,25.073056],[55.142638,25.072851]]]}},{"type":"Feature","properties":{},"geometry":{"type":"Polygon","coordinates":[[[55.138738,25.084643],[55.138688,25.084593],[55.138621,25.084576],[55.138505,25.084671],[55.138554,25.084721],[55.138622,25.084737],[55.138738,25.084643]]]}},{"type":"Feature","properties":{},"geometry":{"type":"Polygon","coordinates":[[[55.138551,25.085016],[55.138515,25.084957],[55.138418,25.084931],[55.138346,25.084957],[55.138332,25.085002],[55.138366,25.085054],[55.138462,25.08508],[55.138512,25.085073],[55.138551,25.085016]]]}},{"type":"Feature","properties":{},"geometry":{"type":"Polygon","coordinates":[[[55.138841,25.086676],[55.13794,25.086469],[55.13748,25.086818],[55.137481,25.086873],[55.137525,25.086883],[55.137529,25.086952],[55.137586,25.086975],[55.138318,25.087151],[55.13836,25.087226],[55.138308,25.087214],[55.138059,25.087353],[55.138071,25.08737],[55.138052,25.087365],[55.137928,25.087434],[55.137981,25.087512],[55.138253,25.087577],[55.138314,25.087542],[55.138435,25.087572],[55.138527,25.08752],[55.138795,25.087585],[55.13912,25.087436],[55.13906,25.08733],[55.139293,25.087385],[55.139366,25.087468],[55.139908,25.087599],[55.140573,25.08712],[55.140307,25.086989],[55.139993,25.086914],[55.1399,25.08683],[55.139629,25.086765],[55.139529,25.086822],[55.139529,25.086841],[55.139405,25.086812],[55.139742,25.086582],[55.13973,25.086568],[55.139834,25.086496],[55.139775,25.086425],[55.139503,25.08636],[55.139271,25.086518],[55.139199,25.086501],[55.138835,25.086512],[55.138841,25.086676]]]}},{"type":"Feature","properties":{},"geometry":{"type":"Polygon","coordinates":[[[55.138398,25.087893],[55.138367,25.087843],[55.138095,25.087778],[55.138051,25.087801],[55.138083,25.087851],[55.138354,25.087916],[55.138398,25.087893]]]}},{"type":"Feature","properties":{},"geometry":{"type":"Polygon","coordinates":[[[55.13874,25.088086],[55.138722,25.088041],[55.138451,25.087976],[55.138339,25.088012],[55.138357,25.088057],[55.138629,25.088122],[55.13874,25.088086]]]}},{"type":"Feature","properties":{},"geometry":{"type":"Polygon","coordinates":[[[55.138651,25.088451],[55.138563,25.08843],[55.138424,25.088531],[55.138467,25.088566],[55.138537,25.08866],[55.138808,25.088725],[55.139011,25.088599],[55.138941,25.088505],[55.138669,25.08844],[55.138651,25.088451]]]}},{"type":"Feature","properties":{},"geometry":{"type":"Polygon","coordinates":[[[55.138173,25.089054],[55.138257,25.088995],[55.13824,25.088975],[55.138282,25.088946],[55.138253,25.088912],[55.137982,25.088847],[55.137856,25.088934],[55.137902,25.088988],[55.138173,25.089054]]]}},{"type":"Feature","properties":{},"geometry":{"type":"Polygon","coordinates":[[[55.139105,25.089805],[55.138957,25.089626],[55.138685,25.08956],[55.138629,25.089594],[55.138777,25.089776],[55.139048,25.089842],[55.139105,25.089805]]]}},{"type":"Feature","properties":{},"geometry":{"type":"Polygon","coordinates":[[[55.139369,25.090028],[55.139348,25.09001],[55.139077,25.089945],[55.139063,25.089958],[55.138797,25.089867],[55.13881,25.089837],[55.138206,25.089619],[55.137935,25.089554],[55.137822,25.089811],[55.138501,25.090048],[55.138488,25.090077],[55.138673,25.090148],[55.138944,25.090213],[55.139062,25.089962],[55.13908,25.089978],[55.139351,25.090043],[55.139369,25.090028]]]}},{"type":"Feature","properties":{},"geometry":{"type":"Polygon","coordinates":[[[55.138209,25.090085],[55.138172,25.090165],[55.138233,25.090188],[55.138209,25.090247],[55.138572,25.090366],[55.138843,25.090431],[55.138895,25.090301],[55.138535,25.090183],[55.138539,25.090173],[55.138209,25.090085]]]}},{"type":"Feature","properties":{},"geometry":{"type":"Polygon","coordinates":[[[55.138697,25.090487],[55.138478,25.090401],[55.138207,25.090336],[55.13815,25.090454],[55.138369,25.09054],[55.13864,25.090605],[55.138697,25.090487]]]}},{"type":"Feature","properties":{},"geometry":{"type":"Polygon","coordinates":[[[55.145315,25.068385],[55.14527,25.068309],[55.145146,25.068172],[55.145,25.068057],[55.140933,25.067079],[55.140908,25.067117],[55.140881,25.06711],[55.140824,25.067177],[55.140845,25.067196],[55.140783,25.067279],[55.140815,25.067297],[55.140802,25.067316],[55.140967,25.067492],[55.141005,25.067511],[55.145072,25.068488],[55.145146,25.068457],[55.145193,25.068468],[55.145279,25.068426],[55.145269,25.068407],[55.145315,25.068385]]]}},{"type":"Feature","properties":{},"geometry":{"type":"Polygon","coordinates":[[[55.144444,25.069006],[55.1444,25.068969],[55.144129,25.068904],[55.144003,25.069028],[55.144047,25.069065],[55.144319,25.06913],[55.144444,25.069006]]]}},{"type":"Feature","properties":{},"geometry":{"type":"Polygon","coordinates":[[[55.143709,25.072534],[55.143676,25.072516],[55.143405,25.072451],[55.143342,25.072541],[55.143374,25.07256],[55.143646,25.072625],[55.143709,25.072534]]]}},{"type":"Feature","properties":{},"geometry":{"type":"Polygon","coordinates":[[[55.141665,25.073816],[55.141637,25.073837],[55.141331,25.073764],[55.141291,25.073795],[55.140716,25.073657],[55.140488,25.073845],[55.140757,25.074112],[55.143907,25.074869],[55.143963,25.074823],[55.14471,25.075003],[55.144802,25.074932],[55.145497,25.075099],[55.145759,25.074904],[55.145531,25.074654],[55.143394,25.07414],[55.143451,25.074095],[55.143993,25.074226],[55.144299,25.073969],[55.144099,25.073774],[55.140805,25.072982],[55.140614,25.073143],[55.1401,25.07302],[55.139895,25.073182],[55.140156,25.073453],[55.141665,25.073816]]]}},{"type":"Feature","properties":{},"geometry":{"type":"Polygon","coordinates":[[[55.145544,25.075483],[55.145352,25.07526],[55.141963,25.074445],[55.141705,25.074619],[55.141891,25.074846],[55.145281,25.075661],[55.145544,25.075483]]]}},{"type":"Feature","properties":{},"geometry":{"type":"Polygon","coordinates":[[[55.143951,25.076149],[55.143824,25.07622],[55.142578,25.075921],[55.142464,25.076036],[55.142435,25.076106],[55.142464,25.076225],[55.142589,25.076368],[55.145978,25.077182],[55.146005,25.077165],[55.146846,25.077367],[55.146985,25.077275],[55.147033,25.077217],[55.147278,25.077276],[55.147234,25.07731],[55.147434,25.077527],[55.151027,25.07839],[55.151172,25.07828],[55.151916,25.078459],[55.152152,25.078276],[55.151907,25.078017],[55.149604,25.077464],[55.149691,25.077398],[55.151221,25.077765],[55.151489,25.077551],[55.151404,25.077464],[55.151312,25.077442],[55.151203,25.07733],[55.150576,25.07718],[55.150465,25.077069],[55.147116,25.076264],[55.146952,25.076399],[55.14632,25.076247],[55.146212,25.076125],[55.146252,25.0761],[55.146256,25.076038],[55.146212,25.075992],[55.14607,25.075969],[55.145942,25.076071],[55.142816,25.07532],[55.142634,25.075453],[55.14192,25.075281],[55.141702,25.075452],[55.141877,25.075642],[55.143951,25.076149]],[[55.147768,25.077034],[55.148282,25.077158],[55.148184,25.077234],[55.14775,25.07713],[55.14778,25.077096],[55.147768,25.077034]]]}},{"type":"Feature","properties":{},"geometry":{"type":"Polygon","coordinates":[[[55.141764,25.087887],[55.141718,25.087829],[55.141447,25.087764],[55.141401,25.087794],[55.141446,25.087851],[55.141718,25.087917],[55.141764,25.087887]]]}},{"type":"Feature","properties":{},"geometry":{"type":"Polygon","coordinates":[[[55.144697,25.091706],[55.14507,25.091796],[55.144966,25.091866],[55.145027,25.09194],[55.145298,25.092005],[55.145355,25.091966],[55.145588,25.092022],[55.145395,25.09198],[55.145357,25.092006],[55.145414,25.092069],[55.145686,25.092135],[55.145721,25.092108],[55.145863,25.092142],[55.146052,25.092005],[55.146026,25.091974],[55.146066,25.091983],[55.146134,25.091936],[55.146077,25.09187],[55.146191,25.091897],[55.146263,25.091842],[55.146464,25.092048],[55.146555,25.09207],[55.146707,25.092225],[55.147225,25.09235],[55.14714,25.092424],[55.147147,25.092431],[55.146943,25.092642],[55.147095,25.09278],[55.147293,25.092827],[55.147285,25.092834],[55.147415,25.092967],[55.147543,25.092998],[55.147578,25.093041],[55.147429,25.093198],[55.147481,25.093245],[55.147359,25.09323],[55.147358,25.093257],[55.147546,25.093302],[55.147708,25.093444],[55.147935,25.093499],[55.148044,25.093622],[55.148142,25.093645],[55.148195,25.093707],[55.148147,25.093751],[55.148013,25.093719],[55.14795,25.093626],[55.147679,25.09356],[55.147578,25.093616],[55.147704,25.093802],[55.147982,25.093863],[55.14802,25.093905],[55.147848,25.093863],[55.147821,25.093885],[55.147855,25.093919],[55.148082,25.093974],[55.148053,25.093971],[55.148014,25.094004],[55.148047,25.094036],[55.147999,25.094025],[55.147973,25.094045],[55.148036,25.094112],[55.148308,25.094177],[55.148334,25.094156],[55.148301,25.094122],[55.148481,25.094165],[55.148361,25.094213],[55.148474,25.094405],[55.148527,25.094418],[55.148541,25.094447],[55.149106,25.094582],[55.149177,25.094554],[55.14923,25.094567],[55.149259,25.094556],[55.14935,25.094566],[55.149379,25.094554],[55.149425,25.094565],[55.149443,25.094603],[55.149349,25.09464],[55.149443,25.094833],[55.149377,25.094859],[55.149392,25.094892],[55.149295,25.09493],[55.149332,25.095008],[55.149289,25.095025],[55.149387,25.095228],[55.14943,25.095238],[55.149442,25.095264],[55.149646,25.095313],[55.149702,25.095428],[55.149738,25.095437],[55.149861,25.095691],[55.149762,25.09573],[55.149836,25.095885],[55.14988,25.095895],[55.149903,25.095943],[55.149972,25.09596],[55.149985,25.095987],[55.15055,25.096122],[55.150629,25.096091],[55.150504,25.095832],[55.150629,25.095783],[55.150675,25.095794],[55.150844,25.095727],[55.15074,25.09551],[55.150835,25.095472],[55.150808,25.095415],[55.150936,25.095364],[55.150833,25.095151],[55.150862,25.095139],[55.15079,25.09499],[55.150391,25.094894],[55.150479,25.094859],[55.150697,25.094911],[55.150754,25.094889],[55.15068,25.094733],[55.150647,25.094725],[55.150605,25.094639],[55.150575,25.094632],[55.150545,25.09457],[55.15057,25.09456],[55.150432,25.094274],[55.149867,25.094138],[55.149606,25.094241],[55.149619,25.094268],[55.149421,25.094221],[55.149383,25.094235],[55.149129,25.094174],[55.148919,25.094258],[55.148556,25.094176],[55.14865,25.094111],[55.148624,25.09408],[55.148809,25.094125],[55.149721,25.093369],[55.149271,25.092957],[55.14862,25.092801],[55.148565,25.092847],[55.14847,25.092824],[55.148921,25.092506],[55.148509,25.09209],[55.147859,25.091933],[55.147582,25.092146],[55.14744,25.091988],[55.147412,25.09192],[55.147198,25.091869],[55.147164,25.091837],[55.147262,25.091727],[55.147198,25.091672],[55.147028,25.091631],[55.147017,25.091569],[55.146973,25.09155],[55.146938,25.091508],[55.14689,25.091497],[55.146947,25.091373],[55.146858,25.091281],[55.146125,25.091105],[55.14619,25.091051],[55.145882,25.090747],[55.14534,25.090616],[55.145207,25.090726],[55.143522,25.090321],[55.143204,25.090587],[55.143374,25.090753],[55.143863,25.090871],[55.143846,25.090909],[55.143046,25.090716],[55.142728,25.090982],[55.142898,25.091149],[55.144531,25.091541],[55.144697,25.091706]],[[55.145679,25.091819],[55.145556,25.09191],[55.145607,25.091972],[55.14541,25.091925],[55.145351,25.091854],[55.145249,25.091829],[55.145573,25.091561],[55.145774,25.091766],[55.145706,25.091814],[55.145717,25.091828],[55.145679,25.091819]],[[55.145608,25.092022],[55.145592,25.092022],[55.145607,25.09201],[55.145618,25.092002],[55.145608,25.092022]]]}},{"type":"Feature","properties":{},"geometry":{"type":"Polygon","coordinates":[[[55.141594,25.091971],[55.141473,25.091996],[55.141393,25.092071],[55.141396,25.092115],[55.141479,25.092178],[55.142859,25.09251],[55.142598,25.092727],[55.141216,25.092395],[55.141088,25.092382],[55.140967,25.092408],[55.140887,25.092482],[55.14089,25.092526],[55.140973,25.092589],[55.142362,25.092923],[55.142263,25.093005],[55.142543,25.093281],[55.140719,25.094752],[55.140948,25.094984],[55.141219,25.09505],[55.143046,25.093577],[55.142829,25.093356],[55.143274,25.093463],[55.144921,25.092094],[55.144633,25.09181],[55.14391,25.091636],[55.143609,25.091886],[55.142245,25.091558],[55.142117,25.091545],[55.141996,25.091571],[55.141916,25.091646],[55.141919,25.091689],[55.142002,25.091753],[55.143373,25.092082],[55.143095,25.092313],[55.141722,25.091984],[55.141594,25.091971]]]}},{"type":"Feature","properties":{},"geometry":{"type":"Polygon","coordinates":[[[55.146097,25.068086],[55.146198,25.068013],[55.146207,25.068041],[55.14665,25.068234],[55.146766,25.068637],[55.146877,25.068685],[55.147148,25.06875],[55.147251,25.068724],[55.147262,25.068549],[55.147133,25.068141],[55.146815,25.068003],[55.146818,25.067953],[55.146765,25.06793],[55.146837,25.067911],[55.14671,25.06751],[55.146439,25.067445],[55.146367,25.067463],[55.146405,25.067412],[55.146481,25.067423],[55.146508,25.067269],[55.146405,25.067244],[55.146466,25.066898],[55.1464,25.066588],[55.146208,25.06647],[55.145811,25.066387],[55.145643,25.066612],[55.145655,25.066668],[55.145565,25.066733],[55.145375,25.066706],[55.145317,25.067032],[55.145513,25.067958],[55.146125,25.068651],[55.146413,25.068828],[55.146685,25.068893],[55.146788,25.068819],[55.146768,25.068726],[55.146537,25.068584],[55.146097,25.068086]],[[55.146323,25.067516],[55.146408,25.067801],[55.146396,25.067824],[55.146273,25.067856],[55.146049,25.067601],[55.145958,25.067579],[55.146323,25.067516]]]}},{"type":"Feature","properties":{},"geometry":{"type":"Polygon","coordinates":[[[55.145744,25.070628],[55.145363,25.070216],[55.145092,25.070151],[55.144727,25.070451],[55.14496,25.070687],[55.14479,25.070646],[55.144443,25.070922],[55.144809,25.0713],[55.14508,25.071365],[55.145427,25.071089],[55.145211,25.070867],[55.145384,25.070908],[55.145744,25.070628]]]}},{"type":"Feature","properties":{},"geometry":{"type":"Polygon","coordinates":[[[55.145098,25.073311],[55.145041,25.073283],[55.14477,25.073218],[55.14475,25.073251],[55.144807,25.073279],[55.145078,25.073344],[55.145098,25.073311]]]}},{"type":"Feature","properties":{},"geometry":{"type":"Polygon","coordinates":[[[55.145551,25.073836],[55.145549,25.07382],[55.145278,25.073755],[55.1452,25.073766],[55.145202,25.073799],[55.145075,25.073814],[55.145085,25.073897],[55.145475,25.073984],[55.145608,25.073965],[55.145603,25.073939],[55.145588,25.073935],[55.145631,25.07393],[55.145622,25.073854],[55.145551,25.073836]]]}},{"type":"Feature","properties":{},"geometry":{"type":"Polygon","coordinates":[[[55.146363,25.07409],[55.146402,25.074127],[55.146673,25.074192],[55.146713,25.074157],[55.146674,25.074121],[55.146403,25.074056],[55.146363,25.07409]]]}},{"type":"Feature","properties":{},"geometry":{"type":"Polygon","coordinates":[[[55.145539,25.074155],[55.145858,25.074222],[55.145859,25.074177],[55.145541,25.07411],[55.145539,25.074155]]]}},{"type":"Feature","properties":{},"geometry":{"type":"Polygon","coordinates":[[[55.146286,25.074925],[55.146504,25.075175],[55.146721,25.075227],[55.14679,25.075177],[55.146718,25.075094],[55.146773,25.075054],[55.146697,25.074967],[55.146644,25.074955],[55.146602,25.074906],[55.146385,25.074854],[55.146286,25.074925]]]}},{"type":"Feature","properties":{},"geometry":{"type":"Polygon","coordinates":[[[55.145952,25.077446],[55.145939,25.077456],[55.144957,25.077221],[55.144827,25.077325],[55.144872,25.077372],[55.144779,25.077467],[55.144825,25.077514],[55.144773,25.077555],[55.144932,25.077719],[55.146339,25.078058],[55.146558,25.078282],[55.14609,25.07817],[55.146022,25.078174],[55.145545,25.07806],[55.145415,25.078164],[55.14546,25.078211],[55.145409,25.078252],[55.145568,25.078416],[55.146924,25.078742],[55.146885,25.078789],[55.146987,25.078896],[55.146714,25.07883],[55.146445,25.079014],[55.146675,25.079282],[55.148794,25.079791],[55.149064,25.080065],[55.149639,25.080203],[55.149628,25.080213],[55.149875,25.080462],[55.150146,25.080528],[55.150339,25.080371],[55.15146,25.080641],[55.151714,25.080435],[55.151673,25.080394],[55.151705,25.080402],[55.151778,25.080345],[55.151652,25.080211],[55.150165,25.079845],[55.150124,25.079799],[55.150786,25.079958],[55.150933,25.079809],[55.15153,25.079952],[55.151843,25.079707],[55.151659,25.079508],[55.150119,25.079138],[55.150146,25.079116],[55.150174,25.079122],[55.150266,25.079033],[55.150175,25.078814],[55.148696,25.078459],[55.148722,25.078439],[55.148787,25.078454],[55.148893,25.07837],[55.148856,25.078332],[55.148929,25.078274],[55.148805,25.078145],[55.147479,25.077815],[55.147465,25.077823],[55.146239,25.077528],[55.146223,25.077511],[55.145952,25.077446]],[[55.146908,25.078234],[55.146856,25.078182],[55.146953,25.078205],[55.146908,25.078234]],[[55.14691,25.078367],[55.146933,25.078348],[55.146967,25.078381],[55.14691,25.078367]]]}},{"type":"Feature","properties":{},"geometry":{"type":"Polygon","coordinates":[[[55.14635,25.090858],[55.146295,25.090801],[55.146024,25.090736],[55.145999,25.090755],[55.146054,25.090813],[55.146325,25.090878],[55.14635,25.090858]]]}},{"type":"Feature","properties":{},"geometry":{"type":"Polygon","coordinates":[[[55.145797,25.092506],[55.145757,25.092483],[55.145486,25.092418],[55.145443,25.092481],[55.145573,25.092525],[55.145445,25.092648],[55.145508,25.092701],[55.145779,25.092766],[55.145913,25.092638],[55.14585,25.092584],[55.145758,25.092562],[55.145797,25.092506]]]}},{"type":"Feature","properties":{},"geometry":{"type":"Polygon","coordinates":[[[55.146402,25.092979],[55.146375,25.092954],[55.146103,25.092889],[55.146076,25.092914],[55.146104,25.092939],[55.146375,25.093004],[55.146402,25.092979]]]}},{"type":"Feature","properties":{},"geometry":{"type":"Polygon","coordinates":[[[55.14842,25.068262],[55.148439,25.068207],[55.148179,25.068142],[55.148051,25.067686],[55.147779,25.067621],[55.147635,25.067656],[55.147767,25.06811],[55.148039,25.068175],[55.1481,25.068161],[55.148093,25.068181],[55.14842,25.068262]]]}},{"type":"Feature","properties":{},"geometry":{"type":"Polygon","coordinates":[[[55.148198,25.068249],[55.147926,25.068184],[55.14775,25.068179],[55.147741,25.068497],[55.148012,25.068562],[55.148188,25.068566],[55.148198,25.068249]]]}},{"type":"Feature","properties":{},"geometry":{"type":"Polygon","coordinates":[[[55.147782,25.069029],[55.147853,25.069098],[55.14776,25.069076],[55.147703,25.069108],[55.147737,25.069156],[55.148008,25.069221],[55.148062,25.069186],[55.148174,25.069213],[55.148612,25.06885],[55.148558,25.068798],[55.148639,25.068817],[55.149156,25.068409],[55.149187,25.068513],[55.149458,25.068578],[55.149581,25.068548],[55.149563,25.068487],[55.149617,25.0685],[55.149693,25.06858],[55.149743,25.068592],[55.149732,25.068601],[55.149819,25.068692],[55.149869,25.068704],[55.149832,25.068733],[55.149919,25.068825],[55.150003,25.068845],[55.149984,25.06886],[55.150072,25.068951],[55.150112,25.068961],[55.150092,25.068976],[55.150191,25.06907],[55.150176,25.069082],[55.150263,25.069173],[55.150327,25.069188],[55.150296,25.069213],[55.150383,25.069304],[55.15043,25.069315],[55.150412,25.069328],[55.150506,25.069434],[55.150777,25.069499],[55.150865,25.069435],[55.150771,25.069329],[55.15072,25.069317],[55.150752,25.069292],[55.150665,25.069201],[55.150601,25.069186],[55.150632,25.069161],[55.150533,25.069067],[55.150548,25.069056],[55.150461,25.068965],[55.15042,25.068955],[55.15044,25.068939],[55.150353,25.068848],[55.150269,25.068828],[55.150288,25.068813],[55.1502,25.068722],[55.150151,25.06871],[55.150188,25.068681],[55.150101,25.068589],[55.150051,25.068578],[55.150062,25.068569],[55.149975,25.068478],[55.149818,25.06844],[55.149801,25.068382],[55.149529,25.068317],[55.149406,25.068347],[55.149424,25.068408],[55.149277,25.068373],[55.149169,25.068399],[55.149312,25.068286],[55.149199,25.068168],[55.148927,25.068103],[55.148254,25.068634],[55.148304,25.068686],[55.148219,25.068665],[55.148171,25.068705],[55.148193,25.068654],[55.148017,25.068593],[55.147746,25.068528],[55.147616,25.068838],[55.147906,25.068926],[55.147782,25.069029]]]}},{"type":"Feature","properties":{},"geometry":{"type":"Polygon","coordinates":[[[55.147958,25.069244],[55.147929,25.069214],[55.147658,25.069149],[55.147611,25.069186],[55.147627,25.069203],[55.147565,25.069188],[55.146976,25.069644],[55.147083,25.069758],[55.147355,25.069823],[55.147943,25.069366],[55.147848,25.069266],[55.147911,25.069281],[55.147958,25.069244]]]}},{"type":"Feature","properties":{},"geometry":{"type":"Polygon","coordinates":[[[55.147767,25.069939],[55.147733,25.069903],[55.147462,25.069837],[55.147265,25.069991],[55.147321,25.07005],[55.147201,25.070021],[55.147104,25.070098],[55.147158,25.070154],[55.147065,25.070132],[55.146967,25.070208],[55.147006,25.070249],[55.146796,25.070198],[55.146761,25.070253],[55.14689,25.070292],[55.146827,25.070341],[55.146866,25.070381],[55.146768,25.070358],[55.146668,25.070445],[55.146776,25.070547],[55.147047,25.070613],[55.147148,25.070525],[55.147097,25.070477],[55.147187,25.070498],[55.147285,25.070422],[55.147202,25.070335],[55.147325,25.070364],[55.147423,25.070288],[55.147369,25.070232],[55.147433,25.070247],[55.147461,25.070291],[55.147511,25.070303],[55.147562,25.07036],[55.147833,25.070425],[55.147888,25.070384],[55.148407,25.070519],[55.148427,25.070501],[55.148502,25.070572],[55.148408,25.07055],[55.148391,25.070561],[55.148245,25.070502],[55.147974,25.070436],[55.147923,25.070539],[55.148107,25.070613],[55.148378,25.070679],[55.148398,25.070639],[55.148409,25.070653],[55.148635,25.070707],[55.148437,25.070668],[55.148382,25.070681],[55.148396,25.070732],[55.148558,25.070771],[55.148544,25.070783],[55.148627,25.070865],[55.148775,25.0709],[55.148787,25.07093],[55.149058,25.070995],[55.149196,25.070952],[55.149153,25.070839],[55.149028,25.070809],[55.148952,25.070734],[55.148731,25.070678],[55.148843,25.070705],[55.148963,25.070604],[55.148794,25.070441],[55.148567,25.070386],[55.148633,25.070322],[55.148605,25.070298],[55.148677,25.070316],[55.148767,25.070238],[55.148708,25.070182],[55.148773,25.070198],[55.148875,25.070117],[55.148757,25.069995],[55.148631,25.069965],[55.148784,25.069846],[55.148654,25.069709],[55.14888,25.069763],[55.148932,25.069751],[55.14921,25.069824],[55.149257,25.069793],[55.149221,25.069749],[55.149034,25.069704],[55.149022,25.06966],[55.149247,25.069714],[55.149338,25.069633],[55.14928,25.06958],[55.149416,25.069613],[55.149507,25.069531],[55.149462,25.069489],[55.14954,25.069508],[55.149631,25.069427],[55.149596,25.069395],[55.149671,25.069413],[55.149762,25.069332],[55.14971,25.069285],[55.149821,25.069311],[55.149912,25.06923],[55.149858,25.06918],[55.149939,25.069199],[55.15003,25.069118],[55.149941,25.069037],[55.149791,25.069001],[55.149741,25.068969],[55.14981,25.068912],[55.149737,25.068839],[55.149466,25.068774],[55.149436,25.068798],[55.14937,25.068783],[55.149316,25.068827],[55.149323,25.068834],[55.149265,25.06882],[55.149299,25.068794],[55.149242,25.068734],[55.14933,25.068755],[55.149428,25.068678],[55.149341,25.068587],[55.149069,25.068522],[55.148972,25.068599],[55.149029,25.068659],[55.148941,25.068637],[55.148843,25.068714],[55.148874,25.068746],[55.1488,25.068728],[55.148702,25.068805],[55.148758,25.068863],[55.148668,25.068841],[55.148571,25.068918],[55.148615,25.068964],[55.148549,25.068948],[55.148452,25.069025],[55.148514,25.06909],[55.148408,25.069065],[55.148311,25.069142],[55.148351,25.069183],[55.148253,25.06916],[55.148155,25.069236],[55.148225,25.069309],[55.148124,25.069285],[55.148026,25.069361],[55.148073,25.06941],[55.148011,25.069395],[55.147914,25.069472],[55.147934,25.069493],[55.147865,25.069477],[55.147768,25.069553],[55.147849,25.069639],[55.14772,25.069608],[55.147623,25.069685],[55.147642,25.069704],[55.147609,25.069697],[55.147511,25.069773],[55.147599,25.069864],[55.1478,25.069913],[55.147767,25.069939]],[[55.148226,25.070286],[55.148227,25.070287],[55.148225,25.070287],[55.148226,25.070286]],[[55.147997,25.069679],[55.148077,25.069698],[55.148041,25.069725],[55.147997,25.069679]],[[55.147497,25.070226],[55.14756,25.070177],[55.147503,25.070118],[55.147579,25.070136],[55.147661,25.070217],[55.147569,25.070195],[55.14752,25.070232],[55.147497,25.070226]],[[55.149114,25.069519],[55.149014,25.069495],[55.149117,25.069412],[55.149056,25.069466],[55.149114,25.069519]],[[55.149225,25.069403],[55.149179,25.069392],[55.149197,25.069377],[55.149225,25.069403]],[[55.14924,25.069307],[55.149239,25.069308],[55.149236,25.069306],[55.14924,25.069307]],[[55.148791,25.06927],[55.148749,25.069292],[55.148694,25.069278],[55.148767,25.069221],[55.148704,25.069156],[55.14881,25.069181],[55.148908,25.069105],[55.148863,25.069058],[55.148929,25.069074],[55.149027,25.068998],[55.148972,25.06894],[55.149061,25.068961],[55.149157,25.068886],[55.14928,25.069005],[55.149219,25.06899],[55.149189,25.069015],[55.149124,25.068999],[55.14907,25.069043],[55.149134,25.069108],[55.149058,25.06909],[55.149028,25.069114],[55.148963,25.069098],[55.148909,25.069143],[55.148968,25.069202],[55.148914,25.069189],[55.148884,25.069214],[55.148818,25.069198],[55.148764,25.069242],[55.148791,25.06927]],[[55.149175,25.068864],[55.149156,25.068882],[55.149127,25.068853],[55.149175,25.068864]],[[55.148514,25.069393],[55.148556,25.069359],[55.148589,25.069394],[55.148976,25.069488],[55.148893,25.069573],[55.148471,25.069486],[55.148457,25.069515],[55.14862,25.069562],[55.148573,25.069573],[55.148593,25.069645],[55.148334,25.06958],[55.14837,25.069552],[55.148323,25.069503],[55.148385,25.069518],[55.148482,25.069441],[55.148413,25.069368],[55.148514,25.069393]],[[55.148659,25.069296],[55.148636,25.069327],[55.148607,25.06932],[55.148571,25.069274],[55.148659,25.069296]],[[55.148473,25.070418],[55.148416,25.070366],[55.148508,25.070388],[55.148473,25.070418]],[[55.149534,25.069099],[55.149511,25.069076],[55.14955,25.069085],[55.149534,25.069099]],[[55.149634,25.069103],[55.149575,25.069089],[55.149598,25.06907],[55.149634,25.069103]],[[55.149323,25.069293],[55.149332,25.069286],[55.149345,25.069298],[55.149323,25.069293]],[[55.149382,25.069203],[55.14938,25.069205],[55.149376,25.069202],[55.149382,25.069203]],[[55.149489,25.06919],[55.149513,25.069212],[55.149473,25.069202],[55.149489,25.06919]]]}},{"type":"Feature","properties":{},"geometry":{"type":"Polygon","coordinates":[[[55.147407,25.070532],[55.147678,25.070597],[55.147792,25.070508],[55.14772,25.070434],[55.147449,25.070368],[55.14742,25.070392],[55.147353,25.070376],[55.147298,25.070419],[55.147407,25.070532]]]}},{"type":"Feature","properties":{},"geometry":{"type":"Polygon","coordinates":[[[55.147714,25.070669],[55.14758,25.070606],[55.147309,25.070541],[55.147251,25.070641],[55.147385,25.070704],[55.147656,25.07077],[55.147714,25.070669]]]}},{"type":"Feature","properties":{},"geometry":{"type":"Polygon","coordinates":[[[55.147883,25.071041],[55.147934,25.071053],[55.147849,25.071118],[55.147925,25.0712],[55.148197,25.071265],[55.148235,25.071236],[55.148364,25.071277],[55.148355,25.071288],[55.148482,25.071371],[55.148753,25.071436],[55.148811,25.071363],[55.148891,25.071382],[55.149018,25.071367],[55.149004,25.071266],[55.148733,25.071201],[55.148606,25.071215],[55.148576,25.071155],[55.148502,25.071137],[55.148578,25.071108],[55.148521,25.07099],[55.148466,25.070977],[55.148508,25.070962],[55.148452,25.070832],[55.14836,25.07081],[55.148361,25.070691],[55.14809,25.070626],[55.147959,25.070625],[55.147958,25.070766],[55.148093,25.070798],[55.148069,25.070807],[55.148125,25.070937],[55.148184,25.070951],[55.148134,25.07097],[55.148179,25.071064],[55.148113,25.071049],[55.148124,25.07095],[55.147853,25.070885],[55.147719,25.070873],[55.147718,25.070886],[55.147539,25.070843],[55.147516,25.070862],[55.147507,25.070819],[55.147236,25.070754],[55.147095,25.070772],[55.147084,25.070649],[55.146813,25.070583],[55.146652,25.070595],[55.146664,25.070728],[55.146854,25.070773],[55.146817,25.070813],[55.146943,25.070911],[55.147214,25.070976],[55.147267,25.070921],[55.147406,25.070954],[55.147456,25.070945],[55.147539,25.071033],[55.14781,25.071098],[55.147883,25.071041]]]}},{"type":"Feature","properties":{},"geometry":{"type":"Polygon","coordinates":[[[55.147738,25.071107],[55.147467,25.071041],[55.14729,25.071029],[55.147278,25.071169],[55.147549,25.071234],[55.147726,25.071246],[55.147738,25.071107]]]}},{"type":"Feature","properties":{},"geometry":{"type":"Polygon","coordinates":[[[55.147799,25.071397],[55.147691,25.071289],[55.14742,25.071224],[55.147281,25.071338],[55.147388,25.071446],[55.147659,25.071511],[55.147799,25.071397]]]}},{"type":"Feature","properties":{},"geometry":{"type":"Polygon","coordinates":[[[55.147944,25.071459],[55.148023,25.071536],[55.148093,25.071552],[55.148065,25.071575],[55.148153,25.071663],[55.148205,25.071676],[55.148176,25.0717],[55.148266,25.071789],[55.148538,25.071854],[55.14866,25.071754],[55.14857,25.071664],[55.148519,25.071652],[55.148545,25.07163],[55.148457,25.071542],[55.148385,25.071524],[55.148409,25.071503],[55.148331,25.071427],[55.148289,25.071417],[55.148309,25.071403],[55.148228,25.071313],[55.147957,25.071248],[55.147822,25.071348],[55.147904,25.071437],[55.147956,25.07145],[55.147944,25.071459]]]}},{"type":"Feature","properties":{},"geometry":{"type":"Polygon","coordinates":[[[55.147986,25.071677],[55.147891,25.071583],[55.14762,25.071518],[55.147535,25.071588],[55.147631,25.071682],[55.147902,25.071747],[55.147986,25.071677]]]}},{"type":"Feature","properties":{},"geometry":{"type":"Polygon","coordinates":[[[55.147895,25.071961],[55.147976,25.072045],[55.148188,25.072096],[55.148087,25.072172],[55.148184,25.072279],[55.148218,25.072287],[55.148243,25.072319],[55.148195,25.072308],[55.148132,25.07236],[55.148196,25.072424],[55.148376,25.072467],[55.148455,25.072547],[55.148709,25.072608],[55.148607,25.072678],[55.148689,25.072776],[55.148747,25.07279],[55.148722,25.07281],[55.148809,25.072896],[55.148871,25.072911],[55.148829,25.072942],[55.148917,25.073042],[55.149066,25.073078],[55.149132,25.073138],[55.149403,25.073203],[55.149494,25.073122],[55.149405,25.07304],[55.149312,25.073018],[55.149344,25.072995],[55.149255,25.072895],[55.149182,25.072877],[55.149196,25.072866],[55.149109,25.07278],[55.149065,25.072769],[55.149093,25.07275],[55.149011,25.072652],[55.148753,25.07259],[55.148812,25.072542],[55.148711,25.072439],[55.1486,25.072413],[55.14864,25.07238],[55.148676,25.072389],[55.148721,25.072352],[55.148674,25.072305],[55.148561,25.072265],[55.148593,25.072242],[55.148495,25.072135],[55.148281,25.072083],[55.148343,25.072035],[55.148263,25.071951],[55.148194,25.071934],[55.148236,25.071902],[55.148149,25.07181],[55.147877,25.071745],[55.147774,25.071825],[55.147861,25.071917],[55.147931,25.071934],[55.147895,25.071961]]]}},{"type":"Feature","properties":{},"geometry":{"type":"Polygon","coordinates":[[[55.147475,25.074114],[55.147508,25.074122],[55.147593,25.074055],[55.146945,25.07337],[55.146674,25.073305],[55.146315,25.073583],[55.146449,25.073724],[55.146402,25.07376],[55.146514,25.073878],[55.146785,25.073943],[55.146856,25.073888],[55.146884,25.073895],[55.146689,25.074047],[55.146782,25.074145],[55.146923,25.074179],[55.14697,25.074229],[55.147242,25.074294],[55.147475,25.074114]]]}},{"type":"Feature","properties":{},"geometry":{"type":"Polygon","coordinates":[[[55.14774,25.074325],[55.147947,25.074375],[55.147808,25.074485],[55.147865,25.074544],[55.147832,25.07457],[55.147879,25.074617],[55.148099,25.074683],[55.148142,25.074728],[55.14809,25.074769],[55.148104,25.074784],[55.147945,25.074746],[55.1477,25.074942],[55.147757,25.074967],[55.147821,25.075032],[55.147803,25.075046],[55.147912,25.075158],[55.147895,25.075171],[55.14792,25.075197],[55.147894,25.075217],[55.147981,25.075285],[55.147967,25.075296],[55.147997,25.075326],[55.148066,25.075349],[55.148162,25.075446],[55.148202,25.075456],[55.148241,25.075495],[55.148221,25.07551],[55.148269,25.075558],[55.14854,25.075624],[55.148606,25.07557],[55.148596,25.075559],[55.148725,25.075456],[55.148774,25.075485],[55.149045,25.075551],[55.149534,25.075163],[55.149354,25.074977],[55.14918,25.074935],[55.149334,25.074813],[55.149157,25.074631],[55.149062,25.074608],[55.149113,25.074567],[55.148925,25.074373],[55.148718,25.074323],[55.148746,25.0743],[55.148593,25.074142],[55.148322,25.074077],[55.148293,25.0741],[55.148022,25.074035],[55.1477,25.074283],[55.14774,25.074325]]]}},{"type":"Feature","properties":{},"geometry":{"type":"Polygon","coordinates":[[[55.147703,25.074892],[55.147692,25.074879],[55.147754,25.074838],[55.14772,25.074796],[55.147862,25.074702],[55.147806,25.074632],[55.147535,25.074567],[55.147455,25.074619],[55.147409,25.074608],[55.147371,25.074633],[55.147281,25.074611],[55.147181,25.07467],[55.147209,25.074709],[55.147241,25.074716],[55.147188,25.074751],[55.147214,25.074782],[55.147191,25.074797],[55.147289,25.07492],[55.14756,25.074985],[55.147703,25.074892]]]}},{"type":"Feature","properties":{},"geometry":{"type":"Polygon","coordinates":[[[55.147053,25.075409],[55.147026,25.075372],[55.146755,25.075307],[55.146715,25.07533],[55.146742,25.075367],[55.147014,25.075432],[55.147053,25.075409]]]}},{"type":"Feature","properties":{},"geometry":{"type":"Polygon","coordinates":[[[55.147764,25.075361],[55.147707,25.075408],[55.147802,25.075502],[55.148073,25.075567],[55.14813,25.075519],[55.148035,25.075426],[55.147764,25.075361]]]}},{"type":"Feature","properties":{},"geometry":{"type":"Polygon","coordinates":[[[55.147552,25.080182],[55.147909,25.080266],[55.147947,25.080262],[55.147923,25.080162],[55.147778,25.079977],[55.147553,25.079788],[55.147266,25.079623],[55.147164,25.079579],[55.146834,25.079499],[55.146745,25.079511],[55.146756,25.079572],[55.146938,25.079808],[55.147107,25.079951],[55.14733,25.080085],[55.147552,25.080182]]]}},{"type":"Feature","properties":{},"geometry":{"type":"Polygon","coordinates":[[[55.146844,25.081058],[55.147115,25.081124],[55.147224,25.081023],[55.147182,25.080987],[55.147194,25.080974],[55.146793,25.080628],[55.146521,25.080562],[55.146383,25.080572],[55.146387,25.080684],[55.146844,25.081058]]]}},{"type":"Feature","properties":{},"geometry":{"type":"Polygon","coordinates":[[[55.146991,25.081999],[55.147077,25.08208],[55.147214,25.082113],[55.14718,25.082142],[55.147436,25.082384],[55.147581,25.082419],[55.147766,25.082258],[55.14751,25.082016],[55.147431,25.081997],[55.14731,25.081882],[55.147165,25.081848],[55.146991,25.081999]]]}},{"type":"Feature","properties":{},"geometry":{"type":"Polygon","coordinates":[[[55.1478,25.082837],[55.148153,25.082918],[55.148368,25.082743],[55.148284,25.082659],[55.148326,25.082624],[55.148068,25.082365],[55.147851,25.082313],[55.1477,25.082437],[55.147751,25.082488],[55.1476,25.082452],[55.147572,25.082475],[55.147653,25.082554],[55.147868,25.082606],[55.147882,25.08262],[55.147718,25.082754],[55.1478,25.082837]]]}},{"type":"Feature","properties":{},"geometry":{"type":"Polygon","coordinates":[[[55.14781,25.08515],[55.14787,25.085175],[55.147862,25.085191],[55.147804,25.085177],[55.147791,25.085204],[55.146316,25.084849],[55.146185,25.085117],[55.146555,25.085266],[55.147228,25.085428],[55.147203,25.085452],[55.147212,25.085551],[55.147298,25.08561],[55.147301,25.085647],[55.147573,25.085712],[55.147678,25.085705],[55.147675,25.085668],[55.147741,25.085597],[55.147737,25.085559],[55.147777,25.085585],[55.147756,25.085599],[55.147793,25.085644],[55.147824,25.085651],[55.147863,25.0857],[55.147884,25.085705],[55.147931,25.085787],[55.147975,25.085798],[55.14794,25.085821],[55.147976,25.085866],[55.148014,25.085875],[55.147978,25.085899],[55.148033,25.085947],[55.14546,25.085329],[55.14534,25.085601],[55.145735,25.085743],[55.149004,25.086529],[55.148985,25.086571],[55.148963,25.086566],[55.148928,25.08664],[55.148907,25.086635],[55.148875,25.086704],[55.148835,25.086695],[55.148802,25.086766],[55.148775,25.086759],[55.148738,25.086837],[55.148849,25.08688],[55.149121,25.086945],[55.149134,25.086915],[55.149153,25.08692],[55.149172,25.086878],[55.14921,25.086887],[55.149227,25.08681],[55.149255,25.086816],[55.149302,25.086752],[55.149335,25.08676],[55.149357,25.086711],[55.149334,25.086702],[55.149346,25.086677],[55.149371,25.086683],[55.149385,25.086652],[55.149403,25.086656],[55.149436,25.086586],[55.149452,25.08659],[55.149473,25.086545],[55.149348,25.086497],[55.149125,25.086444],[55.149154,25.086379],[55.149276,25.08643],[55.149547,25.086496],[55.149571,25.086449],[55.149539,25.086436],[55.149551,25.086413],[55.149589,25.086422],[55.149612,25.086376],[55.149591,25.086368],[55.14962,25.08631],[55.149642,25.086316],[55.149689,25.086223],[55.149663,25.086212],[55.149678,25.086182],[55.149571,25.086137],[55.1493,25.086072],[55.149198,25.086275],[55.148804,25.086133],[55.148472,25.086053],[55.14841,25.085977],[55.148434,25.085961],[55.14832,25.08582],[55.148278,25.085803],[55.148313,25.085779],[55.148221,25.085667],[55.14877,25.085798],[55.148902,25.085531],[55.148531,25.085381],[55.148196,25.085301],[55.148241,25.085214],[55.149433,25.0855],[55.149514,25.085338],[55.149479,25.085412],[55.149504,25.085422],[55.149467,25.085498],[55.149489,25.085507],[55.149427,25.085656],[55.149451,25.085666],[55.149387,25.085821],[55.149513,25.085872],[55.149784,25.085937],[55.149809,25.085886],[55.149796,25.085881],[55.149809,25.085856],[55.149796,25.085851],[55.149808,25.085827],[55.149829,25.085832],[55.149853,25.085785],[55.149835,25.085777],[55.149856,25.085736],[55.149837,25.085728],[55.149877,25.085645],[55.14986,25.085639],[55.149871,25.085616],[55.14985,25.085608],[55.149865,25.085576],[55.149882,25.08558],[55.149915,25.08549],[55.149889,25.08548],[55.149919,25.085394],[55.1499,25.085387],[55.149934,25.085314],[55.149909,25.085304],[55.149923,25.085274],[55.149891,25.085262],[55.149905,25.085233],[55.149927,25.085238],[55.149948,25.085192],[55.14982,25.085143],[55.149549,25.085078],[55.149513,25.085157],[55.149543,25.085168],[55.149517,25.085223],[55.149205,25.085095],[55.14586,25.084292],[55.145731,25.084551],[55.146089,25.084697],[55.147828,25.085115],[55.14781,25.08515]]]}},{"type":"Feature","properties":{},"geometry":{"type":"Polygon","coordinates":[[[55.147035,25.091342],[55.147144,25.091465],[55.147415,25.09153],[55.147442,25.09151],[55.147496,25.091523],[55.147549,25.091483],[55.147427,25.09143],[55.147462,25.091402],[55.147605,25.091436],[55.147663,25.091395],[55.147627,25.091374],[55.147651,25.091355],[55.147632,25.091335],[55.147652,25.09134],[55.147726,25.091287],[55.147678,25.091231],[55.147697,25.091236],[55.147733,25.091193],[55.14776,25.0912],[55.147808,25.091163],[55.14774,25.091092],[55.147278,25.090992],[55.147254,25.09101],[55.147276,25.091033],[55.147245,25.091057],[55.147362,25.091174],[55.147296,25.091158],[55.14709,25.091323],[55.147068,25.091318],[55.147035,25.091342]]]}},{"type":"Feature","properties":{},"geometry":{"type":"Polygon","coordinates":[[[55.146652,25.092822],[55.146618,25.092781],[55.146347,25.092716],[55.146307,25.092743],[55.146341,25.092784],[55.146612,25.092849],[55.146652,25.092822]]]}},{"type":"Feature","properties":{},"geometry":{"type":"Polygon","coordinates":[[[55.14703,25.09323],[55.147004,25.093127],[55.146936,25.093072],[55.146665,25.093006],[55.146578,25.093022],[55.146405,25.093203],[55.14659,25.093348],[55.146861,25.093413],[55.14703,25.09323]]]}},{"type":"Feature","properties":{},"geometry":{"type":"Polygon","coordinates":[[[55.147528,25.093388],[55.147465,25.093331],[55.147194,25.093266],[55.147126,25.093328],[55.147146,25.093347],[55.147265,25.093375],[55.147235,25.093397],[55.147288,25.093457],[55.147559,25.093522],[55.147642,25.093462],[55.147589,25.093402],[55.147528,25.093388]]]}},{"type":"Feature","properties":{},"geometry":{"type":"Polygon","coordinates":[[[55.14692,25.093874],[55.147217,25.093942],[55.147222,25.093908],[55.146925,25.09384],[55.14692,25.093874]]]}},{"type":"Feature","properties":{},"geometry":{"type":"Polygon","coordinates":[[[55.149156,25.070369],[55.149075,25.070285],[55.148804,25.07022],[55.148655,25.070336],[55.148736,25.070421],[55.148841,25.070446],[55.148827,25.070457],[55.148914,25.070546],[55.148978,25.070561],[55.14904,25.070628],[55.148984,25.070614],[55.148953,25.070631],[55.148976,25.070666],[55.149035,25.07068],[55.149025,25.070688],[55.149125,25.070789],[55.149192,25.070805],[55.149269,25.070884],[55.149541,25.070949],[55.149658,25.070854],[55.149579,25.070773],[55.149514,25.070758],[55.149523,25.070751],[55.149423,25.07065],[55.149396,25.070643],[55.149412,25.070632],[55.149331,25.070545],[55.149282,25.070533],[55.149327,25.070497],[55.14924,25.070408],[55.149138,25.070383],[55.149156,25.070369]]]}},{"type":"Feature","properties":{},"geometry":{"type":"Polygon","coordinates":[[[55.149228,25.071151],[55.149095,25.071073],[55.148824,25.071007],[55.148749,25.071112],[55.148882,25.07119],[55.149153,25.071255],[55.149228,25.071151]]]}},{"type":"Feature","properties":{},"geometry":{"type":"Polygon","coordinates":[[[55.14889,25.071869],[55.148979,25.07195],[55.149046,25.071966],[55.149003,25.072005],[55.149091,25.072086],[55.149137,25.072097],[55.149107,25.072124],[55.149196,25.072205],[55.149246,25.072217],[55.149214,25.072245],[55.149303,25.072327],[55.149421,25.072355],[55.149488,25.072417],[55.149627,25.07245],[55.149609,25.072466],[55.149698,25.072548],[55.150229,25.072676],[55.15032,25.072595],[55.15024,25.072521],[55.150419,25.072564],[55.150504,25.072488],[55.150452,25.072577],[55.150565,25.072632],[55.150836,25.072697],[55.150896,25.072596],[55.150783,25.072541],[55.150509,25.072481],[55.150421,25.072402],[55.15015,25.072336],[55.150059,25.072418],[55.150139,25.072491],[55.149832,25.072417],[55.14985,25.0724],[55.149762,25.072319],[55.149644,25.072291],[55.149577,25.072229],[55.149527,25.072217],[55.149558,25.072189],[55.149469,25.072107],[55.149424,25.072097],[55.149454,25.07207],[55.149365,25.071989],[55.149298,25.071972],[55.149341,25.071934],[55.149252,25.071852],[55.149198,25.071839],[55.149215,25.071825],[55.149126,25.071743],[55.148855,25.071678],[55.148764,25.071759],[55.148853,25.071841],[55.148907,25.071854],[55.14889,25.071869]]]}},{"type":"Feature","properties":{},"geometry":{"type":"Polygon","coordinates":[[[55.148909,25.072426],[55.148984,25.072444],[55.148971,25.072456],[55.148919,25.072443],[55.148877,25.072472],[55.148916,25.072519],[55.149438,25.072645],[55.149405,25.072675],[55.149494,25.072757],[55.149765,25.072822],[55.149856,25.07274],[55.149767,25.072659],[55.149613,25.072622],[55.149647,25.072592],[55.149558,25.072511],[55.149246,25.072432],[55.149271,25.07241],[55.149182,25.072329],[55.149117,25.072313],[55.149177,25.072259],[55.149088,25.072178],[55.149045,25.072168],[55.149065,25.07215],[55.148976,25.072069],[55.148909,25.072053],[55.148844,25.071993],[55.148573,25.071928],[55.148482,25.07201],[55.148571,25.072091],[55.148638,25.072107],[55.148702,25.072166],[55.148746,25.072177],[55.148726,25.072194],[55.148815,25.072276],[55.14888,25.072291],[55.14882,25.072345],[55.148909,25.072426]]]}},{"type":"Feature","properties":{},"geometry":{"type":"Polygon","coordinates":[[[55.149864,25.076865],[55.150113,25.076672],[55.150045,25.0766],[55.149957,25.076579],[55.149832,25.076447],[55.146476,25.075641],[55.146299,25.075778],[55.146473,25.075962],[55.14644,25.075987],[55.146508,25.076058],[55.149864,25.076865]]]}},{"type":"Feature","properties":{},"geometry":{"type":"Polygon","coordinates":[[[55.148873,25.083082],[55.148837,25.083025],[55.148793,25.083014],[55.148752,25.082974],[55.148481,25.082909],[55.148376,25.082964],[55.14842,25.083034],[55.148439,25.083039],[55.148462,25.083075],[55.148525,25.083096],[55.148558,25.08315],[55.148829,25.083216],[55.148955,25.083153],[55.148926,25.083105],[55.148873,25.083082]]]}},{"type":"Feature","properties":{},"geometry":{"type":"Polygon","coordinates":[[[55.148278,25.091916],[55.148305,25.091895],[55.148145,25.091733],[55.148112,25.091725],[55.148084,25.091697],[55.148224,25.091584],[55.148178,25.091538],[55.147907,25.091473],[55.147689,25.091649],[55.147735,25.091695],[55.147816,25.091715],[55.147785,25.091741],[55.147944,25.091902],[55.14804,25.091925],[55.148074,25.091959],[55.148345,25.092024],[55.148381,25.091994],[55.148312,25.091924],[55.148278,25.091916]]]}},{"type":"Feature","properties":{},"geometry":{"type":"Polygon","coordinates":[[[55.1483,25.094484],[55.148265,25.094472],[55.147994,25.094406],[55.147983,25.09443],[55.148289,25.094508],[55.1483,25.094484]]]}},{"type":"Feature","properties":{},"geometry":{"type":"Polygon","coordinates":[[[55.149901,25.069709],[55.149942,25.069748],[55.150014,25.069765],[55.150006,25.069772],[55.15009,25.069853],[55.150361,25.069919],[55.150477,25.069821],[55.150392,25.069739],[55.150284,25.069713],[55.150226,25.069656],[55.150079,25.069621],[55.150047,25.06959],[55.150119,25.069607],[55.150229,25.069514],[55.150216,25.069502],[55.150247,25.069509],[55.150358,25.069417],[55.150245,25.069306],[55.149974,25.069241],[55.14992,25.069286],[55.149959,25.069324],[55.14992,25.069357],[55.149845,25.069339],[55.149792,25.069384],[55.14983,25.069422],[55.149773,25.069469],[55.149782,25.069478],[55.14971,25.06946],[55.149657,25.069505],[55.149696,25.069543],[55.149639,25.069591],[55.149713,25.069663],[55.149901,25.069709]]]}},{"type":"Feature","properties":{},"geometry":{"type":"Polygon","coordinates":[[[55.149695,25.069756],[55.149423,25.069691],[55.149332,25.069772],[55.149385,25.06982],[55.149288,25.069797],[55.149192,25.06988],[55.14928,25.069964],[55.14951,25.070019],[55.149558,25.070064],[55.149621,25.07008],[55.149565,25.070129],[55.149653,25.070213],[55.149751,25.070236],[55.149736,25.070265],[55.14987,25.070322],[55.150141,25.070387],[55.150187,25.070298],[55.150275,25.070319],[55.150393,25.070285],[55.150357,25.070183],[55.150086,25.070118],[55.149974,25.070151],[55.149932,25.070111],[55.149868,25.070096],[55.149925,25.070046],[55.149837,25.069963],[55.149594,25.069895],[55.149692,25.069919],[55.149783,25.069837],[55.149695,25.069756]]]}},{"type":"Feature","properties":{},"geometry":{"type":"Polygon","coordinates":[[[55.149373,25.070436],[55.149461,25.07052],[55.149528,25.070536],[55.149502,25.070559],[55.14959,25.070642],[55.149862,25.070708],[55.149958,25.070624],[55.149869,25.070541],[55.149803,25.070525],[55.149829,25.070502],[55.14974,25.070418],[55.149685,25.070405],[55.149717,25.070377],[55.149629,25.070293],[55.149591,25.070284],[55.14961,25.070268],[55.149522,25.070184],[55.149387,25.070151],[55.149442,25.070104],[55.149354,25.07002],[55.149083,25.069955],[55.148987,25.070038],[55.149075,25.070122],[55.14921,25.070154],[55.149154,25.070202],[55.149243,25.070286],[55.149281,25.070295],[55.149262,25.070311],[55.14935,25.070395],[55.149405,25.070408],[55.149373,25.070436]]]}},{"type":"Feature","properties":{},"geometry":{"type":"Polygon","coordinates":[[[55.149206,25.071319],[55.149246,25.071362],[55.149517,25.071427],[55.149565,25.071392],[55.149526,25.071348],[55.149254,25.071283],[55.149206,25.071319]]]}},{"type":"Feature","properties":{},"geometry":{"type":"Polygon","coordinates":[[[55.149563,25.071953],[55.150022,25.072078],[55.150061,25.072043],[55.150288,25.072098],[55.150379,25.072017],[55.15029,25.071935],[55.150019,25.07187],[55.14998,25.071905],[55.149751,25.071834],[55.149665,25.071755],[55.149611,25.071742],[55.149644,25.071713],[55.149555,25.071631],[55.149486,25.071615],[55.149513,25.071591],[55.149424,25.07151],[55.149153,25.071445],[55.149062,25.071526],[55.14915,25.071608],[55.149219,25.071624],[55.149193,25.071648],[55.149282,25.071729],[55.149336,25.071742],[55.149303,25.071771],[55.149392,25.071853],[55.149477,25.071874],[55.149563,25.071953]]]}},{"type":"Feature","properties":{},"geometry":{"type":"Polygon","coordinates":[[[55.149984,25.073132],[55.149866,25.073104],[55.149814,25.073148],[55.14965,25.073109],[55.149556,25.073185],[55.149653,25.073283],[55.149515,25.07325],[55.149424,25.073331],[55.149512,25.073413],[55.149784,25.073478],[55.149875,25.073396],[55.149805,25.073333],[55.149941,25.073366],[55.150016,25.073305],[55.150132,25.073333],[55.150225,25.073254],[55.150181,25.073212],[55.1503,25.073241],[55.150372,25.07318],[55.150442,25.073204],[55.150376,25.073263],[55.150458,25.073339],[55.150302,25.073301],[55.15021,25.073375],[55.15026,25.073427],[55.15018,25.073408],[55.150089,25.073489],[55.150158,25.073553],[55.15003,25.073522],[55.149939,25.073603],[55.14995,25.073614],[55.149889,25.073599],[55.149802,25.073519],[55.149531,25.073454],[55.14944,25.073535],[55.149529,25.073617],[55.149627,25.07364],[55.149593,25.073671],[55.149681,25.073753],[55.149953,25.073818],[55.149988,25.073786],[55.150151,25.073825],[55.150242,25.073744],[55.150231,25.073734],[55.150299,25.07375],[55.15039,25.073669],[55.15032,25.073605],[55.150449,25.073636],[55.15054,25.073554],[55.15052,25.073536],[55.150591,25.073553],[55.150683,25.073479],[55.150579,25.073372],[55.150736,25.07341],[55.150827,25.073328],[55.150774,25.07328],[55.150838,25.073296],[55.150929,25.073214],[55.150874,25.073164],[55.150948,25.073181],[55.151039,25.0731],[55.15095,25.073019],[55.150679,25.072953],[55.150603,25.073021],[55.150523,25.073002],[55.150504,25.073013],[55.150439,25.072952],[55.150168,25.072887],[55.150064,25.072977],[55.150118,25.073028],[55.150057,25.073013],[55.150036,25.073031],[55.150013,25.073004],[55.149776,25.072947],[55.149735,25.072909],[55.149464,25.072844],[55.149438,25.072867],[55.149305,25.072835],[55.149293,25.072878],[55.149398,25.072903],[55.149373,25.072925],[55.149461,25.073007],[55.149733,25.073072],[55.149779,25.073031],[55.149979,25.073079],[55.149952,25.073101],[55.149984,25.073132]],[[55.150378,25.073127],[55.150373,25.073122],[55.150384,25.073124],[55.150378,25.073127]],[[55.150508,25.073074],[55.15055,25.073085],[55.150493,25.073135],[55.15045,25.073125],[55.150508,25.073074]]]}},{"type":"Feature","properties":{},"geometry":{"type":"Polygon","coordinates":[[[55.149498,25.076208],[55.149468,25.076177],[55.149197,25.076112],[55.149141,25.076156],[55.14917,25.076187],[55.149441,25.076252],[55.149498,25.076208]]]}},{"type":"Feature","properties":{},"geometry":{"type":"Polygon","coordinates":[[[55.150031,25.076286],[55.149989,25.076244],[55.149717,25.076179],[55.149578,25.076296],[55.149621,25.076338],[55.149892,25.076403],[55.150031,25.076286]]]}},{"type":"Feature","properties":{},"geometry":{"type":"Polygon","coordinates":[[[55.148978,25.083512],[55.149022,25.083575],[55.149293,25.08364],[55.149413,25.083571],[55.149302,25.08344],[55.149266,25.083431],[55.149181,25.08331],[55.14891,25.083244],[55.148801,25.083307],[55.148891,25.083455],[55.148978,25.083512]]]}},{"type":"Feature","properties":{},"geometry":{"type":"Polygon","coordinates":[[[55.149218,25.08588],[55.149138,25.085915],[55.149175,25.085986],[55.149447,25.086051],[55.149527,25.086016],[55.149489,25.085945],[55.149218,25.08588]]]}},{"type":"Feature","properties":{},"geometry":{"type":"Polygon","coordinates":[[[55.150464,25.068025],[55.1504,25.06801],[55.150299,25.068082],[55.150391,25.068189],[55.150583,25.068235],[55.150511,25.068286],[55.150603,25.068393],[55.150875,25.068458],[55.150976,25.068386],[55.150946,25.068352],[55.15101,25.068367],[55.151036,25.068349],[55.150989,25.068387],[55.151084,25.068483],[55.151011,25.068465],[55.150981,25.06849],[55.150915,25.068474],[55.150861,25.068518],[55.150907,25.068563],[55.150888,25.068559],[55.150858,25.068583],[55.150792,25.068568],[55.150738,25.068612],[55.150759,25.068633],[55.150652,25.068607],[55.150604,25.068628],[55.150541,25.068562],[55.15046,25.068542],[55.150493,25.068517],[55.150406,25.068426],[55.150361,25.068415],[55.150381,25.068399],[55.150294,25.068308],[55.150118,25.068265],[55.150249,25.068266],[55.15025,25.068124],[55.149979,25.068059],[55.14983,25.068058],[55.149829,25.0682],[55.150019,25.068246],[55.149925,25.068319],[55.150013,25.06841],[55.150057,25.068421],[55.150037,25.068437],[55.150124,25.068528],[55.150205,25.068548],[55.150172,25.068573],[55.150259,25.068664],[55.150308,25.068676],[55.150289,25.068691],[55.150376,25.068782],[55.15088,25.0689],[55.151013,25.068843],[55.150964,25.068751],[55.15112,25.068788],[55.151232,25.068697],[55.151225,25.06869],[55.151244,25.068695],[55.151355,25.068603],[55.151298,25.068546],[55.151371,25.068564],[55.151483,25.068472],[55.151467,25.068457],[55.151519,25.068469],[55.15163,25.068378],[55.151606,25.068354],[55.151646,25.068363],[55.151758,25.068272],[55.15172,25.068234],[55.151788,25.06825],[55.15202,25.068074],[55.151977,25.068031],[55.152036,25.068045],[55.152148,25.067954],[55.152075,25.06788],[55.151804,25.067815],[55.151774,25.06784],[55.151708,25.067824],[55.151654,25.067868],[55.151735,25.06795],[55.151676,25.067936],[55.151646,25.06796],[55.15158,25.067944],[55.151532,25.067984],[55.15144,25.067878],[55.151169,25.067813],[55.151067,25.067885],[55.151107,25.06793],[55.151017,25.067909],[55.150978,25.067937],[55.150896,25.067842],[55.150624,25.067777],[55.150523,25.067849],[55.150548,25.067878],[55.150489,25.067864],[55.150387,25.067936],[55.150464,25.068025]],[[55.151236,25.068201],[55.151223,25.068186],[55.151248,25.068192],[55.15128,25.068173],[55.151264,25.068187],[55.151326,25.068249],[55.151286,25.068239],[55.151256,25.068264],[55.15119,25.068248],[55.151136,25.068292],[55.15119,25.068347],[55.151139,25.068334],[55.151108,25.068359],[55.151043,25.068343],[55.151112,25.068295],[55.151082,25.068261],[55.151135,25.068273],[55.151236,25.068201]],[[55.151342,25.068036],[55.151427,25.068056],[55.151406,25.068074],[55.151482,25.06815],[55.151413,25.068134],[55.151383,25.068158],[55.151318,25.068142],[55.151285,25.068169],[55.151273,25.068151],[55.151381,25.068081],[55.151342,25.068036]],[[55.150726,25.068138],[55.150687,25.068093],[55.150751,25.068108],[55.150853,25.068036],[55.150827,25.068006],[55.150887,25.068021],[55.150926,25.067993],[55.15098,25.068055],[55.150873,25.068029],[55.150771,25.068101],[55.150801,25.068135],[55.150748,25.068123],[55.150726,25.068138]],[[55.150609,25.068668],[55.150613,25.068665],[55.150615,25.068669],[55.150609,25.068668]],[[55.151467,25.068031],[55.151527,25.067989],[55.151559,25.068022],[55.151526,25.068045],[55.151467,25.068031]]]}},{"type":"Feature","properties":{},"geometry":{"type":"Polygon","coordinates":[[[55.15028,25.068036],[55.150328,25.067996],[55.150292,25.067961],[55.150156,25.067928],[55.150139,25.067909],[55.149868,25.067843],[55.149767,25.067915],[55.149859,25.068022],[55.15013,25.068088],[55.150222,25.068022],[55.15028,25.068036]]]}},{"type":"Feature","properties":{},"geometry":{"type":"Polygon","coordinates":[[[55.150809,25.069971],[55.150776,25.06995],[55.150813,25.069959],[55.150848,25.069913],[55.150798,25.069881],[55.150526,25.069816],[55.150491,25.069862],[55.150525,25.069883],[55.150487,25.069874],[55.150452,25.06992],[55.150503,25.069951],[55.150774,25.070017],[55.150809,25.069971]]]}},{"type":"Feature","properties":{},"geometry":{"type":"Polygon","coordinates":[[[55.15058,25.07006],[55.150454,25.070002],[55.150183,25.069937],[55.150112,25.070064],[55.150237,25.070122],[55.150509,25.070187],[55.15058,25.07006]]]}},{"type":"Feature","properties":{},"geometry":{"type":"Polygon","coordinates":[[[55.151295,25.070293],[55.151182,25.070238],[55.150911,25.070173],[55.150852,25.070274],[55.150964,25.070328],[55.151235,25.070394],[55.151295,25.070293]]]}},{"type":"Feature","properties":{},"geometry":{"type":"Polygon","coordinates":[[[55.151215,25.070465],[55.151102,25.070411],[55.150831,25.070345],[55.150771,25.070446],[55.150884,25.070501],[55.151155,25.070566],[55.151215,25.070465]]]}},{"type":"Feature","properties":{},"geometry":{"type":"Polygon","coordinates":[[[55.150964,25.070755],[55.151077,25.070809],[55.151348,25.070875],[55.151408,25.070774],[55.151359,25.07075],[55.151538,25.070793],[55.151482,25.070888],[55.151595,25.070943],[55.151866,25.071008],[55.151925,25.070907],[55.151813,25.070853],[55.151598,25.070801],[55.151623,25.070759],[55.151683,25.070788],[55.151954,25.070853],[55.152014,25.070752],[55.151901,25.070697],[55.15163,25.070632],[55.151602,25.07068],[55.151542,25.070651],[55.151271,25.070586],[55.151211,25.070687],[55.15126,25.070711],[55.151155,25.070685],[55.151188,25.07063],[55.151075,25.070576],[55.150804,25.070511],[55.150744,25.070611],[55.150857,25.070666],[55.150997,25.0707],[55.150964,25.070755]]]}},{"type":"Feature","properties":{},"geometry":{"type":"Polygon","coordinates":[[[55.151429,25.071079],[55.15152,25.071115],[55.151791,25.071181],[55.151829,25.071102],[55.151885,25.071115],[55.15191,25.071064],[55.151581,25.070976],[55.151575,25.070988],[55.151444,25.070957],[55.151425,25.070994],[55.151178,25.070935],[55.151163,25.070973],[55.151099,25.070942],[55.150828,25.070877],[55.150806,25.070915],[55.150589,25.070863],[55.15053,25.070964],[55.150642,25.071018],[55.150914,25.071084],[55.150936,25.071046],[55.151013,25.071065],[55.150972,25.071134],[55.151085,25.071188],[55.151356,25.071254],[55.151386,25.071204],[55.15138,25.071236],[55.15147,25.071272],[55.151741,25.071337],[55.15178,25.071258],[55.151836,25.071272],[55.151861,25.071221],[55.151802,25.071197],[55.151531,25.071132],[55.151525,25.071145],[55.151394,25.071113],[55.151383,25.071137],[55.151303,25.071098],[55.151171,25.071066],[55.151212,25.070997],[55.151195,25.070989],[55.151442,25.071054],[55.151429,25.071079]]]}},{"type":"Feature","properties":{},"geometry":{"type":"Polygon","coordinates":[[[55.150823,25.071138],[55.15071,25.071083],[55.150439,25.071018],[55.15038,25.071119],[55.150492,25.071174],[55.150763,25.071239],[55.150823,25.071138]]]}},{"type":"Feature","properties":{},"geometry":{"type":"Polygon","coordinates":[[[55.150884,25.071159],[55.150882,25.071208],[55.151202,25.071275],[55.151204,25.071226],[55.150884,25.071159]]]}},{"type":"Feature","properties":{},"geometry":{"type":"Polygon","coordinates":[[[55.150839,25.071427],[55.150726,25.071373],[55.150455,25.071307],[55.150396,25.071408],[55.150508,25.071463],[55.15078,25.071528],[55.150839,25.071427]]]}},{"type":"Feature","properties":{},"geometry":{"type":"Polygon","coordinates":[[[55.150974,25.071614],[55.151153,25.071667],[55.151165,25.071682],[55.15115,25.071711],[55.151241,25.071747],[55.151512,25.071812],[55.15155,25.071733],[55.151563,25.071736],[55.151528,25.071797],[55.15164,25.071852],[55.151911,25.071917],[55.151971,25.071816],[55.151858,25.071761],[55.151627,25.071706],[55.151631,25.071696],[55.151573,25.071673],[55.151302,25.071607],[55.151296,25.07162],[55.151251,25.071609],[55.151294,25.071535],[55.151599,25.071615],[55.151707,25.071667],[55.151978,25.071732],[55.152038,25.071631],[55.151974,25.0716],[55.152048,25.071618],[55.152108,25.071517],[55.151995,25.071462],[55.151742,25.071401],[55.151763,25.07135],[55.151703,25.07133],[55.151432,25.071264],[55.151422,25.071287],[55.151304,25.071259],[55.151287,25.071301],[55.15133,25.071315],[55.151323,25.071333],[55.150976,25.071244],[55.150916,25.071345],[55.151029,25.0714],[55.151245,25.071452],[55.151235,25.071473],[55.151266,25.071484],[55.151255,25.071509],[55.151185,25.071475],[55.150914,25.071409],[55.150854,25.07151],[55.150995,25.071572],[55.150974,25.071614]],[[55.151699,25.071522],[55.151702,25.071517],[55.151728,25.071529],[55.151699,25.071522]],[[55.151338,25.0714],[55.151343,25.071393],[55.151394,25.071414],[55.151338,25.0714]],[[55.151665,25.071435],[55.151637,25.071425],[55.151643,25.071409],[55.151669,25.071415],[55.15168,25.071388],[55.151723,25.071398],[55.151678,25.071476],[55.151651,25.071468],[55.151665,25.071435]]]}},{"type":"Feature","properties":{},"geometry":{"type":"Polygon","coordinates":[[[55.150713,25.07158],[55.1506,25.071526],[55.150329,25.07146],[55.15027,25.071561],[55.150382,25.071616],[55.150653,25.071681],[55.150713,25.07158]]]}},{"type":"Feature","properties":{},"geometry":{"type":"Polygon","coordinates":[[[55.150638,25.071731],[55.150525,25.071676],[55.150254,25.071611],[55.150194,25.071712],[55.150307,25.071767],[55.150578,25.071832],[55.150638,25.071731]]]}},{"type":"Feature","properties":{},"geometry":{"type":"Polygon","coordinates":[[[55.150563,25.071877],[55.15045,25.071822],[55.150179,25.071757],[55.150119,25.071858],[55.150232,25.071912],[55.150503,25.071978],[55.150563,25.071877]]]}},{"type":"Feature","properties":{},"geometry":{"type":"Polygon","coordinates":[[[55.150506,25.072023],[55.150618,25.072078],[55.150815,25.072125],[55.150781,25.072181],[55.150721,25.072152],[55.15045,25.072087],[55.15039,25.072188],[55.150503,25.072243],[55.150699,25.07229],[55.150675,25.072332],[55.150787,25.072386],[55.151058,25.072451],[55.151118,25.07235],[55.151005,25.072296],[55.150809,25.072249],[55.150821,25.072228],[55.150881,25.072257],[55.151152,25.072323],[55.151212,25.072222],[55.151099,25.072167],[55.150903,25.07212],[55.150946,25.072047],[55.151053,25.072089],[55.151324,25.072154],[55.151357,25.072109],[55.151308,25.07208],[55.151235,25.072062],[55.151246,25.072009],[55.150975,25.071944],[55.150861,25.071925],[55.150847,25.071992],[55.150565,25.071922],[55.150506,25.072023]]]}},{"type":"Feature","properties":{},"geometry":{"type":"Polygon","coordinates":[[[55.150545,25.072265],[55.150274,25.0722],[55.150183,25.072282],[55.150272,25.072363],[55.150543,25.072428],[55.150634,25.072347],[55.150545,25.072265]]]}},{"type":"Feature","properties":{},"geometry":{"type":"Polygon","coordinates":[[[55.150966,25.072559],[55.151,25.072571],[55.150964,25.07263],[55.151077,25.072685],[55.151348,25.07275],[55.151406,25.072652],[55.151431,25.072658],[55.151491,25.072557],[55.151378,25.072502],[55.151107,25.072437],[55.151057,25.072522],[55.150997,25.072508],[55.151014,25.072479],[55.150901,25.072425],[55.15063,25.072359],[55.15057,25.07246],[55.150683,25.072515],[55.150954,25.07258],[55.150966,25.072559]]]}},{"type":"Feature","properties":{},"geometry":{"type":"Polygon","coordinates":[[[55.150745,25.072722],[55.150633,25.072668],[55.150361,25.072602],[55.150302,25.072703],[55.150414,25.072758],[55.150686,25.072823],[55.150745,25.072722]]]}},{"type":"Feature","properties":{},"geometry":{"type":"Polygon","coordinates":[[[55.151271,25.072766],[55.151158,25.072711],[55.150887,25.072646],[55.150827,25.072747],[55.15094,25.072802],[55.151211,25.072867],[55.151271,25.072766]]]}},{"type":"Feature","properties":{},"geometry":{"type":"Polygon","coordinates":[[[55.150739,25.072857],[55.150703,25.072828],[55.150432,25.072763],[55.150395,25.072801],[55.150431,25.07283],[55.150702,25.072895],[55.150739,25.072857]]]}},{"type":"Feature","properties":{},"geometry":{"type":"Polygon","coordinates":[[[55.151165,25.072959],[55.151076,25.072878],[55.150805,25.072812],[55.150714,25.072894],[55.150803,25.072975],[55.151074,25.07304],[55.151165,25.072959]]]}},{"type":"Feature","properties":{},"geometry":{"type":"Polygon","coordinates":[[[55.151208,25.073903],[55.151156,25.073857],[55.151221,25.073873],[55.151312,25.073792],[55.151227,25.073712],[55.151333,25.073738],[55.151425,25.073657],[55.151384,25.073619],[55.151479,25.073642],[55.151571,25.073561],[55.151489,25.073484],[55.151614,25.073514],[55.151705,25.073433],[55.151649,25.073381],[55.151722,25.073398],[55.151814,25.073318],[55.15176,25.073268],[55.151809,25.07328],[55.151901,25.073199],[55.151833,25.073136],[55.151914,25.073155],[55.152006,25.073074],[55.151919,25.072994],[55.15203,25.073021],[55.152101,25.072925],[55.151997,25.072861],[55.151725,25.072795],[55.151654,25.072891],[55.151755,25.072953],[55.151646,25.072927],[55.151555,25.073008],[55.151623,25.073071],[55.151541,25.073052],[55.15145,25.073132],[55.151504,25.073182],[55.151454,25.073171],[55.151363,25.073251],[55.151419,25.073304],[55.151346,25.073286],[55.151329,25.073301],[55.151222,25.073276],[55.151175,25.073322],[55.151219,25.073358],[55.151254,25.073367],[55.151337,25.073444],[55.151212,25.073414],[55.15112,25.073495],[55.151161,25.073533],[55.151066,25.07351],[55.150974,25.07359],[55.151059,25.07367],[55.150953,25.073645],[55.150861,25.073725],[55.150913,25.073774],[55.150847,25.073758],[55.150757,25.07384],[55.150796,25.073875],[55.150718,25.073856],[55.150625,25.073936],[55.150713,25.074019],[55.150984,25.074084],[55.151076,25.074004],[55.151036,25.073966],[55.151118,25.073985],[55.151208,25.073903]]]}},{"type":"Feature","properties":{},"geometry":{"type":"Polygon","coordinates":[[[55.150933,25.074115],[55.15054,25.074019],[55.150506,25.074131],[55.150899,25.074227],[55.150933,25.074115]]]}},{"type":"Feature","properties":{},"geometry":{"type":"Polygon","coordinates":[[[55.151098,25.074576],[55.151132,25.074604],[55.15131,25.074647],[55.151318,25.074696],[55.151526,25.074746],[55.151491,25.074801],[55.151586,25.07485],[55.151672,25.074871],[55.151665,25.074887],[55.152038,25.074985],[55.152077,25.074885],[55.151906,25.074836],[55.151927,25.074804],[55.151881,25.07478],[55.151728,25.074743],[55.151782,25.074736],[55.151766,25.074631],[55.151494,25.074566],[55.15136,25.074583],[55.151272,25.074562],[55.151294,25.074555],[55.151251,25.074447],[55.150979,25.074382],[55.150896,25.07441],[55.150856,25.074311],[55.150744,25.074284],[55.150744,25.074267],[55.150472,25.074202],[55.150238,25.074203],[55.150239,25.074356],[55.15051,25.074422],[55.150635,25.074424],[55.150599,25.074498],[55.1507,25.074539],[55.150971,25.074604],[55.150997,25.074552],[55.151098,25.074576]]]}},{"type":"Feature","properties":{},"geometry":{"type":"Polygon","coordinates":[[[55.150023,25.0937],[55.150059,25.093737],[55.15033,25.093802],[55.15037,25.09377],[55.150335,25.093733],[55.150063,25.093668],[55.150023,25.0937]]]}},{"type":"Feature","properties":{},"geometry":{"type":"Polygon","coordinates":[[[55.151907,25.069627],[55.151763,25.069565],[55.151799,25.069503],[55.151687,25.069448],[55.151618,25.069432],[55.151644,25.069389],[55.151531,25.069334],[55.15126,25.069269],[55.1512,25.06937],[55.151313,25.069425],[55.151381,25.069441],[55.151356,25.069484],[55.1515,25.069546],[55.151463,25.069608],[55.151576,25.069663],[55.151847,25.069728],[55.151907,25.069627]]]}},{"type":"Feature","properties":{},"geometry":{"type":"Polygon","coordinates":[[[55.151539,25.069855],[55.151427,25.069801],[55.151155,25.069736],[55.151096,25.069836],[55.151208,25.069891],[55.15148,25.069956],[55.151539,25.069855]]]}},{"type":"Feature","properties":{},"geometry":{"type":"Polygon","coordinates":[[[55.151982,25.069872],[55.151869,25.069818],[55.151598,25.069753],[55.151538,25.069853],[55.151651,25.069908],[55.151922,25.069973],[55.151982,25.069872]]]}},{"type":"Feature","properties":{},"geometry":{"type":"Polygon","coordinates":[[[55.151088,25.069896],[55.151029,25.069997],[55.151141,25.070051],[55.151413,25.070117],[55.151457,25.070041],[55.151847,25.070122],[55.151907,25.070021],[55.151794,25.069966],[55.151523,25.069901],[55.151479,25.069975],[55.151413,25.06996],[55.151402,25.069982],[55.151088,25.069896]]]}},{"type":"Feature","properties":{},"geometry":{"type":"Polygon","coordinates":[[[55.152097,25.070421],[55.151984,25.070367],[55.151713,25.070302],[55.151698,25.070327],[55.151399,25.070246],[55.151442,25.070174],[55.151514,25.070209],[55.151785,25.070275],[55.151801,25.070248],[55.152107,25.07033],[55.152167,25.07023],[55.152054,25.070175],[55.151783,25.07011],[55.151767,25.070136],[55.151461,25.070054],[55.15141,25.07014],[55.151338,25.070104],[55.151067,25.070039],[55.151007,25.07014],[55.15112,25.070195],[55.15138,25.070257],[55.151329,25.070344],[55.151442,25.070399],[55.151713,25.070464],[55.151728,25.070439],[55.152037,25.070522],[55.152097,25.070421]]]}},{"type":"Feature","properties":{},"geometry":{"type":"Polygon","coordinates":[[[55.151668,25.070479],[55.151397,25.070413],[55.151337,25.070514],[55.15145,25.070569],[55.151721,25.070634],[55.151729,25.07062],[55.15182,25.070664],[55.152091,25.070729],[55.152151,25.070628],[55.152038,25.070573],[55.151767,25.070508],[55.151758,25.070522],[55.151668,25.070479]]]}},{"type":"Feature","properties":{},"geometry":{"type":"Polygon","coordinates":[[[55.151872,25.071981],[55.151759,25.071926],[55.151488,25.071861],[55.151428,25.071962],[55.151541,25.072017],[55.151812,25.072082],[55.151872,25.071981]]]}},{"type":"Feature","properties":{},"geometry":{"type":"Polygon","coordinates":[[[55.151813,25.072141],[55.1517,25.072087],[55.151429,25.072022],[55.151369,25.072123],[55.151454,25.072164],[55.151338,25.072136],[55.151278,25.072237],[55.151391,25.072291],[55.151662,25.072357],[55.151722,25.072256],[55.151636,25.072214],[55.151753,25.072242],[55.151813,25.072141]]]}},{"type":"Feature","properties":{},"geometry":{"type":"Polygon","coordinates":[[[55.15162,25.072411],[55.151507,25.072357],[55.151236,25.072291],[55.151176,25.072392],[55.151289,25.072447],[55.15156,25.072512],[55.15162,25.072411]]]}},{"type":"Feature","properties":{},"geometry":{"type":"Polygon","coordinates":[[[55.152179,25.073532],[55.152081,25.07346],[55.151809,25.073394],[55.151729,25.073484],[55.151826,25.073557],[55.152098,25.073622],[55.152179,25.073532]]]}},{"type":"Feature","properties":{},"geometry":{"type":"Polygon","coordinates":[[[55.151214,25.073972],[55.151285,25.074036],[55.151174,25.074009],[55.151084,25.074091],[55.151174,25.074172],[55.151445,25.074237],[55.151535,25.074155],[55.151464,25.074091],[55.151575,25.074118],[55.151665,25.074036],[55.151605,25.073981],[55.151694,25.074003],[55.151784,25.073921],[55.151713,25.073856],[55.151837,25.073886],[55.151927,25.073804],[55.151847,25.073732],[55.151956,25.073758],[55.152046,25.073676],[55.151956,25.073595],[55.151685,25.07353],[55.151595,25.073612],[55.151675,25.073684],[55.151566,25.073658],[55.151476,25.07374],[55.151548,25.073805],[55.151423,25.073775],[55.151333,25.073857],[55.151394,25.073912],[55.151305,25.07389],[55.151214,25.073972]]]}},{"type":"Feature","properties":{},"geometry":{"type":"Polygon","coordinates":[[[55.15201,25.074381],[55.152022,25.074333],[55.152069,25.074342],[55.152095,25.074233],[55.151716,25.074147],[55.151695,25.074235],[55.151557,25.074202],[55.151471,25.074239],[55.151532,25.074356],[55.151864,25.074435],[55.151906,25.074416],[55.151872,25.074351],[55.15201,25.074381]]]}},{"type":"Feature","properties":{},"geometry":{"type":"Polygon","coordinates":[[[55.151489,25.074399],[55.151433,25.074398],[55.151454,25.074331],[55.151061,25.074235],[55.151027,25.074346],[55.151366,25.074429],[55.151365,25.074495],[55.151636,25.07456],[55.151819,25.074563],[55.15182,25.074509],[55.15176,25.074494],[55.151761,25.074464],[55.151489,25.074399]]]}},{"type":"Feature","properties":{},"geometry":{"type":"Polygon","coordinates":[[[55.151221,25.074851],[55.15155,25.074935],[55.15157,25.074885],[55.151241,25.074801],[55.151221,25.074851]]]}},{"type":"Feature","properties":{},"geometry":{"type":"Polygon","coordinates":[[[55.15192,25.076462],[55.152191,25.076527],[55.152249,25.076382],[55.152626,25.076506],[55.152834,25.076556],[55.152759,25.076742],[55.153219,25.076893],[55.15349,25.076958],[55.153549,25.076811],[55.153494,25.076793],[55.153557,25.076634],[55.153141,25.076498],[55.153197,25.07636],[55.152356,25.076084],[55.151687,25.075902],[55.151644,25.076009],[55.152039,25.076132],[55.152034,25.076145],[55.151634,25.076038],[55.151571,25.076194],[55.151519,25.076182],[55.151466,25.076313],[55.15192,25.076462]]]}},{"type":"Feature","properties":{},"geometry":{"type":"Polygon","coordinates":[[[55.151921,25.078699],[55.151909,25.078643],[55.151638,25.078578],[55.151571,25.078589],[55.151582,25.078645],[55.151853,25.078711],[55.151921,25.078699]]]}},{"type":"Feature","properties":{},"geometry":{"type":"Polygon","coordinates":[[[55.151238,25.088965],[55.151239,25.089026],[55.151068,25.088985],[55.151015,25.089026],[55.151124,25.08914],[55.151395,25.089205],[55.151448,25.089163],[55.151436,25.08915],[55.151563,25.089166],[55.151648,25.089152],[55.151741,25.089111],[55.151724,25.089073],[55.151782,25.089059],[55.151771,25.089009],[55.151908,25.089037],[55.15203,25.088929],[55.152067,25.088877],[55.151833,25.088757],[55.151561,25.088692],[55.151497,25.088753],[55.151484,25.08875],[55.151533,25.088711],[55.151498,25.088676],[55.151227,25.08861],[55.150928,25.088853],[55.150963,25.088888],[55.151238,25.088965]]]}},{"type":"Feature","properties":{},"geometry":{"type":"Polygon","coordinates":[[[55.152079,25.09228],[55.152014,25.09224],[55.151924,25.092218],[55.151886,25.092268],[55.151952,25.092308],[55.152042,25.09233],[55.152079,25.09228]]]}},{"type":"Feature","properties":{},"geometry":{"type":"Polygon","coordinates":[[[55.150709,25.091848],[55.150351,25.091969],[55.150593,25.092554],[55.151044,25.092662],[55.150822,25.092834],[55.151251,25.093316],[55.151884,25.093468],[55.152124,25.093266],[55.151695,25.0928],[55.151258,25.092695],[55.151583,25.092585],[55.151342,25.092],[55.150709,25.091848]]]}},{"type":"Feature","properties":{},"geometry":{"type":"Polygon","coordinates":[[[55.151382,25.093358],[55.151352,25.093381],[55.151455,25.093417],[55.151485,25.093393],[55.151382,25.093358]]]}}]}