{"type":"FeatureCollection","features":[{"type":"Feature","properties":{},"geometry":{"type":"Polygon","coordinates":[[[54.378831,24.479933],[54.378693,24.479808],[54.378309,24.480157],[54.378225,24.480251],[54.378366,24.48038],[54.378831,24.479933]]]}},{"type":"Feature","properties":{},"geometry":{"type":"Polygon","coordinates":[[[54.37808,24.48035],[54.377897,24.48052],[54.377813,24.480614],[54.377822,24.480622],[54.377637,24.480808],[54.377757,24.480918],[54.378136,24.480568],[54.37822,24.480473],[54.37808,24.48035]]]}},{"type":"Feature","properties":{},"geometry":{"type":"Polygon","coordinates":[[[54.378297,24.481833],[54.37838,24.481889],[54.378898,24.481269],[54.379007,24.481343],[54.379143,24.481182],[54.378954,24.481053],[54.378297,24.481833]]]}},{"type":"Feature","properties":{},"geometry":{"type":"Polygon","coordinates":[[[54.37889,24.481342],[54.378722,24.481535],[54.378923,24.481678],[54.379091,24.481485],[54.37889,24.481342]]]}},{"type":"Feature","properties":{},"geometry":{"type":"Polygon","coordinates":[[[54.378743,24.482146],[54.379266,24.481523],[54.379183,24.481467],[54.378661,24.48209],[54.378743,24.482146]]]}},{"type":"Feature","properties":{},"geometry":{"type":"Polygon","coordinates":[[[54.378729,24.481993],[54.378469,24.481816],[54.37819,24.482142],[54.378224,24.482165],[54.37819,24.482206],[54.378412,24.482357],[54.378487,24.482278],[54.378603,24.482357],[54.378685,24.482262],[54.37857,24.482184],[54.378729,24.481993]]]}},{"type":"Feature","properties":{},"geometry":{"type":"Polygon","coordinates":[[[54.37798,24.482348],[54.377383,24.483052],[54.377654,24.483237],[54.378251,24.482533],[54.37798,24.482348]]]}},{"type":"Feature","properties":{},"geometry":{"type":"Polygon","coordinates":[[[54.37893,24.483304],[54.378654,24.483109],[54.378517,24.483268],[54.378793,24.483463],[54.37893,24.483304]]]}},{"type":"Feature","properties":{},"geometry":{"type":"Polygon","coordinates":[[[54.379067,24.483488],[54.379022,24.483539],[54.378993,24.483654],[54.379106,24.483678],[54.379151,24.483627],[54.37918,24.483511],[54.379067,24.483488]]]}},{"type":"Feature","properties":{},"geometry":{"type":"Polygon","coordinates":[[[54.379273,24.483777],[54.379304,24.483804],[54.379436,24.48367],[54.379371,24.483614],[54.379207,24.483775],[54.379147,24.483884],[54.379186,24.483903],[54.379273,24.483777]]]}},{"type":"Feature","properties":{},"geometry":{"type":"Polygon","coordinates":[[[54.378576,24.483894],[54.378621,24.483926],[54.37881,24.483709],[54.378765,24.483677],[54.378576,24.483894]]]}},{"type":"Feature","properties":{},"geometry":{"type":"Polygon","coordinates":[[[54.377986,24.484464],[54.37817,24.484594],[54.378333,24.484405],[54.378206,24.484315],[54.378507,24.483958],[54.378414,24.483893],[54.378629,24.48365],[54.37834,24.48345],[54.37829,24.483507],[54.378225,24.48347],[54.377861,24.483895],[54.377884,24.484113],[54.377917,24.484135],[54.377766,24.484311],[54.377958,24.484445],[54.378111,24.484266],[54.37814,24.484285],[54.377986,24.484464]]]}},{"type":"Feature","properties":{},"geometry":{"type":"Polygon","coordinates":[[[54.379465,24.483997],[54.379377,24.483937],[54.379117,24.48425],[54.379202,24.484307],[54.379465,24.483997]]]}},{"type":"Feature","properties":{},"geometry":{"type":"Polygon","coordinates":[[[54.379146,24.483911],[54.3791,24.483886],[54.379088,24.483792],[54.379023,24.48375],[54.378936,24.483735],[54.378904,24.483748],[54.378871,24.483726],[54.37836,24.484303],[54.378384,24.484326],[54.37841,24.484416],[54.378445,24.484454],[54.378498,24.484478],[54.378541,24.48448],[54.378574,24.484452],[54.378637,24.4845],[54.379146,24.483911]]]}},{"type":"Feature","properties":{},"geometry":{"type":"Polygon","coordinates":[[[54.378354,24.484422],[54.378191,24.484608],[54.378375,24.48474],[54.378538,24.484554],[54.378354,24.484422]]]}},{"type":"Feature","properties":{},"geometry":{"type":"Polygon","coordinates":[[[54.379343,24.484571],[54.379188,24.484464],[54.379067,24.484608],[54.379348,24.484801],[54.379469,24.484658],[54.379454,24.484647],[54.379566,24.484514],[54.379455,24.484439],[54.379343,24.484571]]]}},{"type":"Feature","properties":{},"geometry":{"type":"Polygon","coordinates":[[[54.378563,24.484576],[54.378405,24.484759],[54.378583,24.484887],[54.378742,24.484704],[54.378563,24.484576]]]}},{"type":"Feature","properties":{},"geometry":{"type":"Polygon","coordinates":[[[54.37877,24.484724],[54.378614,24.484911],[54.378801,24.485038],[54.378957,24.484851],[54.37877,24.484724]]]}},{"type":"Feature","properties":{},"geometry":{"type":"Polygon","coordinates":[[[54.378995,24.484865],[54.378829,24.485054],[54.37902,24.485192],[54.379186,24.485003],[54.378995,24.484865]]]}},{"type":"Feature","properties":{},"geometry":{"type":"Polygon","coordinates":[[[54.379042,24.485205],[54.379231,24.48534],[54.379388,24.485161],[54.3792,24.485025],[54.379042,24.485205]]]}},{"type":"Feature","properties":{},"geometry":{"type":"Polygon","coordinates":[[[54.37927,24.486243],[54.379211,24.486209],[54.379139,24.486299],[54.379199,24.486333],[54.37927,24.486243]]]}},{"type":"Feature","properties":{},"geometry":{"type":"Polygon","coordinates":[[[54.378817,24.486542],[54.378744,24.486504],[54.378677,24.48659],[54.37875,24.486627],[54.378817,24.486542]]]}},{"type":"Feature","properties":{},"geometry":{"type":"Polygon","coordinates":[[[54.377627,24.486917],[54.377341,24.487243],[54.377427,24.487305],[54.377496,24.487227],[54.377651,24.487339],[54.377566,24.487437],[54.377622,24.487477],[54.377574,24.487531],[54.377762,24.487667],[54.377805,24.487618],[54.37785,24.487651],[54.377761,24.487754],[54.377907,24.487859],[54.377494,24.48833],[54.377301,24.488195],[54.377094,24.488432],[54.377894,24.488988],[54.3781,24.488752],[54.377865,24.488588],[54.378698,24.487638],[54.379086,24.48792],[54.379071,24.487936],[54.379172,24.488013],[54.379254,24.487922],[54.379177,24.487863],[54.37933,24.487689],[54.3793,24.487667],[54.379473,24.48747],[54.379086,24.48719],[54.379061,24.487219],[54.378887,24.487093],[54.37899,24.486976],[54.378791,24.486831],[54.378405,24.487271],[54.378264,24.487168],[54.378167,24.487278],[54.378119,24.487243],[54.378178,24.487176],[54.378058,24.487089],[54.378,24.487154],[54.37799,24.487147],[54.378329,24.486743],[54.378375,24.486773],[54.3786,24.486519],[54.37882,24.486237],[54.37878,24.486211],[54.378835,24.48614],[54.378537,24.485947],[54.378313,24.4862],[54.377707,24.486975],[54.377627,24.486917]],[[54.378068,24.488046],[54.378125,24.488087],[54.377754,24.488511],[54.377696,24.48847],[54.378068,24.488046]],[[54.377846,24.487115],[54.377785,24.487184],[54.37763,24.487072],[54.377684,24.48701],[54.377846,24.487115]]]}},{"type":"Feature","properties":{},"geometry":{"type":"Polygon","coordinates":[[[54.378283,24.486976],[54.378316,24.486997],[54.378587,24.486668],[54.378541,24.48664],[54.378283,24.486976]]]}},{"type":"Feature","properties":{},"geometry":{"type":"Polygon","coordinates":[[[54.379183,24.488063],[54.378962,24.487917],[54.378686,24.488244],[54.378907,24.48839],[54.379183,24.488063]]]}},{"type":"Feature","properties":{},"geometry":{"type":"Polygon","coordinates":[[[54.378072,24.488915],[54.378273,24.489057],[54.378366,24.48895],[54.378164,24.488808],[54.378072,24.488915]]]}},{"type":"Feature","properties":{},"geometry":{"type":"Polygon","coordinates":[[[54.379075,24.48969],[54.37898,24.489796],[54.37901,24.489819],[54.379105,24.489712],[54.379075,24.48969]]]}},{"type":"Feature","properties":{},"geometry":{"type":"Polygon","coordinates":[[[54.378939,24.489813],[54.378854,24.48991],[54.378885,24.489932],[54.37897,24.489835],[54.378939,24.489813]]]}},{"type":"Feature","properties":{},"geometry":{"type":"Polygon","coordinates":[[[54.377803,24.491494],[54.377823,24.491508],[54.377518,24.491858],[54.377756,24.492027],[54.378192,24.491529],[54.378069,24.491442],[54.37847,24.490998],[54.378492,24.491013],[54.378624,24.490864],[54.378784,24.490666],[54.378769,24.490657],[54.379097,24.490281],[54.379228,24.490373],[54.379649,24.489887],[54.379385,24.489702],[54.379079,24.490052],[54.379065,24.490043],[54.378813,24.490327],[54.378652,24.490522],[54.378661,24.490529],[54.377803,24.491494]]]}},{"type":"Feature","properties":{},"geometry":{"type":"Polygon","coordinates":[[[54.378546,24.492023],[54.378792,24.491733],[54.378664,24.491647],[54.379194,24.491049],[54.379213,24.491063],[54.379517,24.490718],[54.379368,24.490611],[54.378288,24.491851],[54.378546,24.492023]]]}},{"type":"Feature","properties":{},"geometry":{"type":"Polygon","coordinates":[[[54.37909,24.491245],[54.378992,24.49136],[54.379049,24.491399],[54.379147,24.491285],[54.37909,24.491245]]]}},{"type":"Feature","properties":{},"geometry":{"type":"Polygon","coordinates":[[[54.379847,24.491013],[54.37973,24.490928],[54.378927,24.491846],[54.379071,24.49195],[54.379373,24.491607],[54.379355,24.491594],[54.379847,24.491013]]]}},{"type":"Feature","properties":{},"geometry":{"type":"Polygon","coordinates":[[[54.378633,24.492007],[54.378818,24.492137],[54.379001,24.491926],[54.378816,24.491796],[54.378633,24.492007]]]}},{"type":"Feature","properties":{},"geometry":{"type":"Polygon","coordinates":[[[54.377612,24.492806],[54.377863,24.492992],[54.378121,24.492701],[54.377871,24.492515],[54.377612,24.492806]]]}},{"type":"Feature","properties":{},"geometry":{"type":"Polygon","coordinates":[[[54.377581,24.493588],[54.37779,24.493743],[54.37835,24.493114],[54.378141,24.492959],[54.377581,24.493588]]]}},{"type":"Feature","properties":{},"geometry":{"type":"Polygon","coordinates":[[[54.378639,24.494012],[54.378751,24.493885],[54.378816,24.493926],[54.378707,24.494056],[54.378736,24.494076],[54.37793,24.494967],[54.378122,24.495106],[54.378579,24.494612],[54.37861,24.494633],[54.379072,24.494106],[54.379101,24.494127],[54.378752,24.494555],[54.378327,24.49504],[54.378461,24.495136],[54.378098,24.495565],[54.378111,24.495575],[54.378094,24.495597],[54.377965,24.495507],[54.377314,24.496256],[54.377533,24.496409],[54.378055,24.495812],[54.378095,24.495839],[54.378851,24.49496],[54.378785,24.494913],[54.378903,24.494778],[54.378916,24.494787],[54.379216,24.494449],[54.379365,24.494253],[54.37935,24.494244],[54.379712,24.493834],[54.378641,24.493079],[54.378129,24.493659],[54.378167,24.493686],[54.378159,24.493695],[54.378321,24.493797],[54.378309,24.493856],[54.378436,24.493874],[54.378639,24.494012]]]}},{"type":"Feature","properties":{},"geometry":{"type":"Polygon","coordinates":[[[54.378216,24.493761],[54.378155,24.49374],[54.378096,24.493826],[54.378157,24.493847],[54.378216,24.493761]]]}},{"type":"Feature","properties":{},"geometry":{"type":"Polygon","coordinates":[[[54.378219,24.493992],[54.378006,24.493843],[54.377503,24.494422],[54.377716,24.49457],[54.378219,24.493992]]]}},{"type":"Feature","properties":{},"geometry":{"type":"Polygon","coordinates":[[[54.377685,24.494791],[54.377878,24.494931],[54.378521,24.494211],[54.378311,24.49406],[54.377939,24.494482],[54.37795,24.49449],[54.377685,24.494791]]]}},{"type":"Feature","properties":{},"geometry":{"type":"Polygon","coordinates":[[[54.379527,24.495284],[54.379972,24.494779],[54.37998,24.494784],[54.37992,24.494858],[54.379972,24.494895],[54.380034,24.494823],[54.380071,24.49485],[54.380487,24.494377],[54.380234,24.494196],[54.379867,24.494611],[54.37981,24.49457],[54.379324,24.495121],[54.37951,24.494903],[54.379368,24.494802],[54.378893,24.495364],[54.379039,24.495464],[54.37932,24.495135],[54.379527,24.495284]]]}},{"type":"Feature","properties":{},"geometry":{"type":"Polygon","coordinates":[[[54.377838,24.495097],[54.3776,24.49537],[54.377791,24.495505],[54.378029,24.495232],[54.377838,24.495097]]]}},{"type":"Feature","properties":{},"geometry":{"type":"Polygon","coordinates":[[[54.379047,24.495915],[54.378842,24.495769],[54.378313,24.49637],[54.378519,24.496516],[54.379047,24.495915]]]}},{"type":"Feature","properties":{},"geometry":{"type":"Polygon","coordinates":[[[54.378617,24.495967],[54.378401,24.495821],[54.377815,24.496503],[54.378031,24.496649],[54.378617,24.495967]]]}},{"type":"Feature","properties":{},"geometry":{"type":"Polygon","coordinates":[[[54.379007,24.496464],[54.378744,24.496279],[54.378253,24.496843],[54.37852,24.497025],[54.379007,24.496464]]]}},{"type":"Feature","properties":{},"geometry":{"type":"Polygon","coordinates":[[[54.378156,24.496946],[54.377881,24.497255],[54.378009,24.497349],[54.377772,24.497616],[54.378024,24.497801],[54.378274,24.49752],[54.378159,24.497435],[54.37842,24.497141],[54.378156,24.496946]]]}},{"type":"Feature","properties":{},"geometry":{"type":"Polygon","coordinates":[[[54.3786,24.497223],[54.378072,24.497817],[54.378121,24.497853],[54.377837,24.498172],[54.377954,24.498259],[54.378238,24.49794],[54.378271,24.497964],[54.3788,24.49737],[54.3786,24.497223]]]}},{"type":"Feature","properties":{},"geometry":{"type":"Polygon","coordinates":[[[54.377898,24.498573],[54.378263,24.4981],[54.378171,24.498025],[54.377524,24.498745],[54.377659,24.498843],[54.377898,24.498573]]]}},{"type":"Feature","properties":{},"geometry":{"type":"Polygon","coordinates":[[[54.379131,24.498562],[54.378948,24.498445],[54.378829,24.498592],[54.379012,24.498709],[54.379131,24.498562]]]}},{"type":"Feature","properties":{},"geometry":{"type":"Polygon","coordinates":[[[54.378722,24.49873],[54.378767,24.498679],[54.378748,24.498633],[54.378678,24.498656],[54.378633,24.498707],[54.378652,24.498753],[54.378722,24.49873]]]}},{"type":"Feature","properties":{},"geometry":{"type":"Polygon","coordinates":[[[54.378741,24.498751],[54.378582,24.498923],[54.378683,24.499],[54.378841,24.498827],[54.378741,24.498751]]]}},{"type":"Feature","properties":{},"geometry":{"type":"Polygon","coordinates":[[[54.37855,24.499128],[54.378635,24.499036],[54.378544,24.498962],[54.378418,24.499094],[54.378481,24.499145],[54.378521,24.499104],[54.37855,24.499128]]]}},{"type":"Feature","properties":{},"geometry":{"type":"Polygon","coordinates":[[[54.377428,24.501755],[54.377641,24.501921],[54.378174,24.501332],[54.377961,24.501167],[54.377428,24.501755]]]}},{"type":"Feature","properties":{},"geometry":{"type":"Polygon","coordinates":[[[54.377464,24.502208],[54.377611,24.502327],[54.378036,24.50187],[54.37789,24.501751],[54.377464,24.502208]]]}},{"type":"Feature","properties":{},"geometry":{"type":"Polygon","coordinates":[[[54.378059,24.502581],[54.377957,24.502509],[54.378186,24.502251],[54.378018,24.502117],[54.377543,24.502635],[54.377624,24.5027],[54.377467,24.502882],[54.37767,24.503025],[54.378059,24.502581]]]}},{"type":"Feature","properties":{},"geometry":{"type":"Polygon","coordinates":[[[54.378755,24.50842],[54.37871,24.508471],[54.378713,24.508574],[54.378822,24.508572],[54.378867,24.508521],[54.378864,24.508417],[54.378755,24.50842]]]}},{"type":"Feature","properties":{},"geometry":{"type":"Polygon","coordinates":[[[54.378529,24.50857],[54.378484,24.50862],[54.378485,24.50873],[54.378558,24.508729],[54.378603,24.508678],[54.378601,24.508569],[54.378529,24.50857]]]}},{"type":"Feature","properties":{},"geometry":{"type":"Polygon","coordinates":[[[54.378591,24.509439],[54.377802,24.509708],[54.377577,24.509962],[54.377778,24.510274],[54.378493,24.509881],[54.378717,24.509628],[54.378591,24.509439]]]}},{"type":"Feature","properties":{},"geometry":{"type":"Polygon","coordinates":[[[54.378621,24.510434],[54.378656,24.510487],[54.378885,24.510361],[54.378971,24.510264],[54.378995,24.510301],[54.379642,24.509957],[54.379765,24.509819],[54.379792,24.50986],[54.380028,24.509733],[54.380178,24.509563],[54.379918,24.509156],[54.379666,24.509281],[54.379552,24.509409],[54.379535,24.509383],[54.378895,24.509724],[54.378797,24.509834],[54.378775,24.509801],[54.378546,24.509927],[54.378396,24.510096],[54.378442,24.510166],[54.378391,24.510197],[54.378275,24.510024],[54.378115,24.510113],[54.377965,24.510282],[54.378217,24.510657],[54.378621,24.510434]],[[54.379687,24.509703],[54.379077,24.510028],[54.37899,24.510126],[54.378943,24.510054],[54.379416,24.509802],[54.379608,24.509586],[54.379687,24.509703]]]}},{"type":"Feature","properties":{},"geometry":{"type":"Polygon","coordinates":[[[54.380254,24.479964],[54.380439,24.480102],[54.380579,24.479946],[54.380394,24.479808],[54.380254,24.479964]]]}},{"type":"Feature","properties":{},"geometry":{"type":"Polygon","coordinates":[[[54.380411,24.480083],[54.380249,24.479972],[54.379916,24.480361],[54.379929,24.480369],[54.379866,24.480444],[54.380024,24.480553],[54.380411,24.480083]]]}},{"type":"Feature","properties":{},"geometry":{"type":"Polygon","coordinates":[[[54.379896,24.480676],[54.379999,24.480561],[54.379789,24.480403],[54.379829,24.480431],[54.380104,24.480113],[54.380026,24.480057],[54.379751,24.480374],[54.379726,24.480356],[54.379623,24.48047],[54.379896,24.480676]]]}},{"type":"Feature","properties":{},"geometry":{"type":"Polygon","coordinates":[[[54.380029,24.480777],[54.38059,24.480132],[54.380512,24.480076],[54.379957,24.480725],[54.380029,24.480777]]]}},{"type":"Feature","properties":{},"geometry":{"type":"Polygon","coordinates":[[[54.379563,24.480668],[54.379524,24.48064],[54.379555,24.480604],[54.37945,24.480531],[54.379058,24.480986],[54.379185,24.481076],[54.379291,24.480956],[54.37933,24.480984],[54.379296,24.481025],[54.379417,24.48111],[54.379832,24.480629],[54.379687,24.480528],[54.379563,24.480668]]]}},{"type":"Feature","properties":{},"geometry":{"type":"Polygon","coordinates":[[[54.380045,24.481479],[54.380206,24.481591],[54.380823,24.480878],[54.380794,24.480858],[54.381003,24.480613],[54.380843,24.4805],[54.380632,24.480748],[54.380661,24.480768],[54.380045,24.481479]]]}},{"type":"Feature","properties":{},"geometry":{"type":"Polygon","coordinates":[[[54.379724,24.480881],[54.379404,24.481237],[54.379638,24.481413],[54.379958,24.481057],[54.379724,24.480881]]]}},{"type":"Feature","properties":{},"geometry":{"type":"Polygon","coordinates":[[[54.380384,24.481716],[54.380783,24.481252],[54.380811,24.481272],[54.381022,24.481025],[54.380862,24.480913],[54.380665,24.481143],[54.380637,24.481123],[54.380224,24.481604],[54.380384,24.481716]]]}},{"type":"Feature","properties":{},"geometry":{"type":"Polygon","coordinates":[[[54.38063,24.481489],[54.380304,24.481861],[54.380547,24.482036],[54.380873,24.481663],[54.38063,24.481489]]]}},{"type":"Feature","properties":{},"geometry":{"type":"Polygon","coordinates":[[[54.379725,24.481675],[54.379614,24.481804],[54.379717,24.481876],[54.379828,24.481747],[54.379725,24.481675]]]}},{"type":"Feature","properties":{},"geometry":{"type":"Polygon","coordinates":[[[54.380165,24.482194],[54.379971,24.482414],[54.380021,24.48245],[54.380215,24.48223],[54.380165,24.482194]]]}},{"type":"Feature","properties":{},"geometry":{"type":"Polygon","coordinates":[[[54.38025,24.482623],[54.380336,24.482689],[54.380463,24.482548],[54.380286,24.482414],[54.380061,24.482664],[54.380151,24.482732],[54.38025,24.482623]]]}},{"type":"Feature","properties":{},"geometry":{"type":"Polygon","coordinates":[[[54.380149,24.482909],[54.380056,24.482845],[54.380146,24.482737],[54.379911,24.482575],[54.379543,24.483006],[54.379733,24.483137],[54.379838,24.483019],[54.379976,24.483114],[54.380149,24.482909]]]}},{"type":"Feature","properties":{},"geometry":{"type":"Polygon","coordinates":[[[54.381095,24.483384],[54.380961,24.483291],[54.381221,24.482991],[54.381104,24.482909],[54.381086,24.482929],[54.380654,24.482628],[54.380386,24.482933],[54.380359,24.482914],[54.380394,24.482872],[54.380332,24.482828],[54.379829,24.483411],[54.380221,24.483684],[54.380158,24.483759],[54.380543,24.484022],[54.381095,24.483384]],[[54.380475,24.48312],[54.38075,24.483311],[54.380665,24.483413],[54.38039,24.483222],[54.380475,24.48312]]]}},{"type":"Feature","properties":{},"geometry":{"type":"Polygon","coordinates":[[[54.379555,24.48438],[54.380025,24.484714],[54.380371,24.484317],[54.3799,24.483983],[54.379555,24.48438]]]}},{"type":"Feature","properties":{},"geometry":{"type":"Polygon","coordinates":[[[54.380299,24.484788],[54.380272,24.484767],[54.380181,24.484869],[54.380193,24.484878],[54.37992,24.485178],[54.379931,24.485224],[54.379974,24.485233],[54.38,24.485214],[54.380014,24.485221],[54.380002,24.485239],[54.380077,24.485314],[54.380223,24.485421],[54.380618,24.484966],[54.380486,24.48487],[54.380631,24.48486],[54.380797,24.48466],[54.380673,24.484575],[54.380693,24.484546],[54.380577,24.484469],[54.380553,24.484492],[54.380451,24.484425],[54.380279,24.484626],[54.380299,24.484788]],[[54.380361,24.484879],[54.380482,24.48487],[54.38038,24.484986],[54.380311,24.484935],[54.380361,24.484879]]]}},{"type":"Feature","properties":{},"geometry":{"type":"Polygon","coordinates":[[[54.37941,24.485193],[54.379236,24.485395],[54.379411,24.485518],[54.379585,24.485315],[54.37941,24.485193]]]}},{"type":"Feature","properties":{},"geometry":{"type":"Polygon","coordinates":[[[54.379655,24.48535],[54.379466,24.485569],[54.379646,24.485695],[54.379835,24.485477],[54.379655,24.48535]]]}},{"type":"Feature","properties":{},"geometry":{"type":"Polygon","coordinates":[[[54.379864,24.485497],[54.379663,24.485725],[54.379852,24.485862],[54.380053,24.485633],[54.379864,24.485497]]]}},{"type":"Feature","properties":{},"geometry":{"type":"Polygon","coordinates":[[[54.380077,24.485651],[54.379912,24.485835],[54.380089,24.485968],[54.380255,24.485783],[54.380077,24.485651]]]}},{"type":"Feature","properties":{},"geometry":{"type":"Polygon","coordinates":[[[54.380096,24.48601],[54.380274,24.48614],[54.380454,24.485938],[54.380275,24.485807],[54.380096,24.48601]]]}},{"type":"Feature","properties":{},"geometry":{"type":"Polygon","coordinates":[[[54.380496,24.485937],[54.380336,24.48612],[54.380518,24.48625],[54.380677,24.486066],[54.380496,24.485937]]]}},{"type":"Feature","properties":{},"geometry":{"type":"Polygon","coordinates":[[[54.379489,24.486708],[54.379532,24.48673],[54.379614,24.486619],[54.379571,24.486597],[54.379489,24.486708]]]}},{"type":"Feature","properties":{},"geometry":{"type":"Polygon","coordinates":[[[54.379471,24.486947],[54.379635,24.487078],[54.37977,24.486934],[54.379606,24.486803],[54.379471,24.486947]]]}},{"type":"Feature","properties":{},"geometry":{"type":"Polygon","coordinates":[[[54.379723,24.48713],[54.37984,24.487203],[54.379989,24.487021],[54.380009,24.487032],[54.380082,24.486937],[54.379948,24.486866],[54.379723,24.48713]]]}},{"type":"Feature","properties":{},"geometry":{"type":"Polygon","coordinates":[[[54.37955,24.487187],[54.379516,24.487168],[54.379444,24.487256],[54.379478,24.487276],[54.37955,24.487187]]]}},{"type":"Feature","properties":{},"geometry":{"type":"Polygon","coordinates":[[[54.380081,24.488982],[54.380145,24.489026],[54.380241,24.488914],[54.380186,24.488877],[54.380484,24.488531],[54.38082,24.488104],[54.380677,24.488008],[54.380022,24.488768],[54.380174,24.488873],[54.380081,24.488982]]]}},{"type":"Feature","properties":{},"geometry":{"type":"Polygon","coordinates":[[[54.380481,24.489049],[54.380273,24.488905],[54.380031,24.489185],[54.380238,24.489329],[54.380481,24.489049]]]}},{"type":"Feature","properties":{},"geometry":{"type":"Polygon","coordinates":[[[54.37985,24.488987],[54.379543,24.489329],[54.379693,24.489442],[54.38,24.489099],[54.37985,24.488987]]]}},{"type":"Feature","properties":{},"geometry":{"type":"Polygon","coordinates":[[[54.380216,24.489427],[54.380008,24.48928],[54.379823,24.489494],[54.380031,24.489641],[54.380216,24.489427]]]}},{"type":"Feature","properties":{},"geometry":{"type":"Polygon","coordinates":[[[54.380059,24.489639],[54.380238,24.48977],[54.380416,24.489568],[54.380237,24.489437],[54.380059,24.489639]]]}},{"type":"Feature","properties":{},"geometry":{"type":"Polygon","coordinates":[[[54.380205,24.489831],[54.380407,24.48998],[54.380659,24.489696],[54.380458,24.489547],[54.380205,24.489831]]]}},{"type":"Feature","properties":{},"geometry":{"type":"Polygon","coordinates":[[[54.379847,24.490032],[54.379561,24.490363],[54.379613,24.4904],[54.379442,24.490598],[54.379639,24.490736],[54.37985,24.490493],[54.379718,24.4904],[54.379963,24.490114],[54.379847,24.490032]]]}},{"type":"Feature","properties":{},"geometry":{"type":"Polygon","coordinates":[[[54.380184,24.490727],[54.38011,24.490676],[54.380366,24.490379],[54.38025,24.490298],[54.379993,24.490595],[54.3799,24.49053],[54.379631,24.490841],[54.379915,24.491037],[54.380184,24.490727]]]}},{"type":"Feature","properties":{},"geometry":{"type":"Polygon","coordinates":[[[54.379529,24.490948],[54.37943,24.491063],[54.379485,24.491102],[54.379584,24.490987],[54.379529,24.490948]]]}},{"type":"Feature","properties":{},"geometry":{"type":"Polygon","coordinates":[[[54.379656,24.491866],[54.380179,24.491281],[54.380041,24.491181],[54.379519,24.491767],[54.379656,24.491866]]]}},{"type":"Feature","properties":{},"geometry":{"type":"Polygon","coordinates":[[[54.380515,24.491835],[54.380551,24.491633],[54.380515,24.491631],[54.380532,24.491557],[54.380396,24.491446],[54.380135,24.49142],[54.379788,24.491804],[54.379856,24.491853],[54.379874,24.491832],[54.379814,24.492098],[54.380259,24.492162],[54.3804,24.492003],[54.380386,24.491992],[54.380515,24.491835]]]}},{"type":"Feature","properties":{},"geometry":{"type":"Polygon","coordinates":[[[54.380124,24.49234],[54.379615,24.49197],[54.379472,24.492133],[54.379981,24.492503],[54.380124,24.49234]]]}},{"type":"Feature","properties":{},"geometry":{"type":"Polygon","coordinates":[[[54.379846,24.49288],[54.380035,24.493011],[54.380218,24.4928],[54.380245,24.492818],[54.380053,24.493041],[54.380253,24.493179],[54.380451,24.492949],[54.380416,24.492924],[54.381183,24.492023],[54.380737,24.491713],[54.380038,24.492538],[54.38018,24.492637],[54.380118,24.49271],[54.380039,24.492656],[54.379846,24.49288]]]}},{"type":"Feature","properties":{},"geometry":{"type":"Polygon","coordinates":[[[54.379197,24.492414],[54.379385,24.492544],[54.379573,24.492326],[54.379385,24.492196],[54.379197,24.492414]]]}},{"type":"Feature","properties":{},"geometry":{"type":"Polygon","coordinates":[[[54.379419,24.492561],[54.379617,24.492698],[54.3798,24.492485],[54.379602,24.492348],[54.379419,24.492561]]]}},{"type":"Feature","properties":{},"geometry":{"type":"Polygon","coordinates":[[[54.380019,24.492639],[54.379824,24.492505],[54.379619,24.492741],[54.379814,24.492876],[54.380019,24.492639]]]}},{"type":"Feature","properties":{},"geometry":{"type":"Polygon","coordinates":[[[54.3798,24.494163],[54.379482,24.494525],[54.379689,24.494674],[54.380006,24.494312],[54.3798,24.494163]]]}},{"type":"Feature","properties":{},"geometry":{"type":"Polygon","coordinates":[[[54.3792,24.495747],[54.378897,24.496124],[54.37896,24.496168],[54.378836,24.496318],[54.379102,24.496499],[54.379416,24.496131],[54.37923,24.496005],[54.379616,24.495552],[54.379723,24.495432],[54.379851,24.495521],[54.380253,24.495064],[54.380322,24.495114],[54.380794,24.49458],[54.380561,24.494411],[54.380132,24.494897],[54.380043,24.494834],[54.379795,24.495102],[54.379785,24.495095],[54.3792,24.495747]]]}},{"type":"Feature","properties":{},"geometry":{"type":"Polygon","coordinates":[[[54.37929,24.49636],[54.378739,24.496992],[54.37895,24.497139],[54.37943,24.496592],[54.379485,24.496629],[54.379149,24.497012],[54.379295,24.497117],[54.379827,24.496513],[54.379711,24.496429],[54.380272,24.495763],[54.380371,24.495831],[54.380931,24.495189],[54.3808,24.495098],[54.38056,24.495369],[54.380503,24.495329],[54.380798,24.494986],[54.380594,24.494844],[54.380018,24.495505],[54.380157,24.495602],[54.379868,24.495938],[54.379884,24.49595],[54.379534,24.496354],[54.379501,24.496321],[54.379394,24.496424],[54.379425,24.496454],[54.37929,24.49636]],[[54.379443,24.496467],[54.379435,24.496461],[54.37947,24.496431],[54.379443,24.496467]]]}},{"type":"Feature","properties":{},"geometry":{"type":"Polygon","coordinates":[[[54.380067,24.496332],[54.379971,24.496445],[54.379984,24.496454],[54.38008,24.496342],[54.380067,24.496332]]]}},{"type":"Feature","properties":{},"geometry":{"type":"Polygon","coordinates":[[[54.379415,24.498117],[54.379103,24.498471],[54.379339,24.498641],[54.37965,24.498288],[54.379415,24.498117]]]}},{"type":"Feature","properties":{},"geometry":{"type":"Polygon","coordinates":[[[54.379035,24.498781],[54.379251,24.498924],[54.379405,24.498736],[54.37919,24.498593],[54.379035,24.498781]]]}},{"type":"Feature","properties":{},"geometry":{"type":"Polygon","coordinates":[[[54.380491,24.499248],[54.380394,24.499632],[54.380605,24.49968],[54.380681,24.499595],[54.380696,24.499599],[54.380752,24.499709],[54.380966,24.49972],[54.381126,24.499606],[54.38122,24.4995],[54.381157,24.499399],[54.3811,24.499414],[54.381057,24.499332],[54.381365,24.499146],[54.381459,24.49904],[54.381181,24.498637],[54.381228,24.498609],[54.381611,24.498761],[54.3816,24.498912],[54.381705,24.499076],[54.381834,24.499022],[54.381927,24.498916],[54.381895,24.498638],[54.381815,24.498526],[54.381286,24.498381],[54.381084,24.498496],[54.381068,24.498473],[54.380628,24.498745],[54.380534,24.498851],[54.380633,24.498994],[54.380526,24.499108],[54.380492,24.499241],[54.380252,24.499089],[54.380269,24.499068],[54.38019,24.499018],[54.380045,24.499181],[54.380013,24.49916],[54.379804,24.499406],[54.379824,24.499419],[54.379853,24.499387],[54.379872,24.499399],[54.379835,24.499447],[54.380173,24.499662],[54.380323,24.499493],[54.380365,24.499437],[54.380348,24.499426],[54.380491,24.499248]]]}},{"type":"Feature","properties":{},"geometry":{"type":"Polygon","coordinates":[[[54.379401,24.507435],[54.379401,24.507332],[54.379298,24.507332],[54.379253,24.507383],[54.379254,24.507503],[54.379295,24.507503],[54.379295,24.507598],[54.379357,24.507598],[54.379369,24.507584],[54.379371,24.507745],[54.379612,24.507742],[54.379762,24.507573],[54.379757,24.507281],[54.379536,24.507284],[54.379401,24.507435]]]}},{"type":"Feature","properties":{},"geometry":{"type":"Polygon","coordinates":[[[54.380028,24.511878],[54.379519,24.512381],[54.379629,24.512466],[54.380141,24.511968],[54.380028,24.511878]]]}},{"type":"Feature","properties":{},"geometry":{"type":"Polygon","coordinates":[[[54.381497,24.47971],[54.380963,24.480319],[54.381143,24.480454],[54.381677,24.479845],[54.381497,24.47971]]]}},{"type":"Feature","properties":{},"geometry":{"type":"Polygon","coordinates":[[[54.381169,24.480444],[54.381348,24.480579],[54.381875,24.479991],[54.381696,24.479856],[54.381169,24.480444]]]}},{"type":"Feature","properties":{},"geometry":{"type":"Polygon","coordinates":[[[54.381367,24.480621],[54.381764,24.480885],[54.382069,24.480516],[54.3817,24.480241],[54.381367,24.480621]]]}},{"type":"Feature","properties":{},"geometry":{"type":"Polygon","coordinates":[[[54.381063,24.480649],[54.380852,24.480896],[54.381012,24.481008],[54.381223,24.480761],[54.381063,24.480649]]]}},{"type":"Feature","properties":{},"geometry":{"type":"Polygon","coordinates":[[[54.381527,24.480951],[54.381204,24.481325],[54.381218,24.481298],[54.381201,24.481291],[54.381503,24.480947],[54.381265,24.480779],[54.380929,24.481169],[54.381101,24.481288],[54.381046,24.48138],[54.381137,24.481419],[54.381195,24.481344],[54.381426,24.481504],[54.381764,24.48112],[54.381527,24.480951]]]}},{"type":"Feature","properties":{},"geometry":{"type":"Polygon","coordinates":[[[54.381774,24.481136],[54.381438,24.481526],[54.381674,24.481688],[54.382012,24.481305],[54.381774,24.481136]]]}},{"type":"Feature","properties":{},"geometry":{"type":"Polygon","coordinates":[[[54.381297,24.481697],[54.380816,24.48223],[54.381058,24.482404],[54.38142,24.482007],[54.381433,24.482017],[54.381406,24.482048],[54.381395,24.482041],[54.381069,24.482413],[54.381312,24.482587],[54.381797,24.482058],[54.381782,24.482046],[54.381933,24.481876],[54.381878,24.481835],[54.381927,24.481869],[54.382265,24.481485],[54.382027,24.481316],[54.381536,24.481873],[54.381297,24.481697]]]}},{"type":"Feature","properties":{},"geometry":{"type":"Polygon","coordinates":[[[54.380883,24.481672],[54.380557,24.482044],[54.3808,24.482219],[54.381126,24.481847],[54.380883,24.481672]]]}},{"type":"Feature","properties":{},"geometry":{"type":"Polygon","coordinates":[[[54.382733,24.481811],[54.382497,24.481645],[54.382132,24.482054],[54.381551,24.482753],[54.381787,24.48292],[54.382733,24.481811]]]}},{"type":"Feature","properties":{},"geometry":{"type":"Polygon","coordinates":[[[54.381745,24.483323],[54.381694,24.483288],[54.381725,24.48325],[54.381363,24.483006],[54.381269,24.483117],[54.381368,24.483183],[54.381346,24.48321],[54.381529,24.483333],[54.381579,24.483287],[54.381497,24.483385],[54.38162,24.48347],[54.381745,24.483323]]]}},{"type":"Feature","properties":{},"geometry":{"type":"Polygon","coordinates":[[[54.381653,24.483452],[54.381566,24.483557],[54.381636,24.483604],[54.381711,24.483515],[54.381984,24.483675],[54.382079,24.483554],[54.3818,24.483391],[54.381717,24.483494],[54.381653,24.483452]]]}},{"type":"Feature","properties":{},"geometry":{"type":"Polygon","coordinates":[[[54.381381,24.483434],[54.381252,24.48357],[54.381329,24.483632],[54.381457,24.483497],[54.381381,24.483434]]]}},{"type":"Feature","properties":{},"geometry":{"type":"Polygon","coordinates":[[[54.381251,24.484211],[54.381207,24.484297],[54.381276,24.484341],[54.381202,24.484438],[54.381304,24.484504],[54.381353,24.484448],[54.381711,24.484679],[54.381936,24.484425],[54.382281,24.48398],[54.382157,24.483901],[54.381868,24.484237],[54.381874,24.484218],[54.381794,24.484198],[54.382024,24.483901],[54.38205,24.483814],[54.381717,24.4836],[54.381653,24.483672],[54.381453,24.483511],[54.381301,24.483671],[54.381507,24.483837],[54.381472,24.483921],[54.381251,24.484211]]]}},{"type":"Feature","properties":{},"geometry":{"type":"Polygon","coordinates":[[[54.380738,24.483973],[54.380638,24.484094],[54.380684,24.484127],[54.380788,24.484007],[54.380738,24.483973]]]}},{"type":"Feature","properties":{},"geometry":{"type":"Polygon","coordinates":[[[54.382291,24.484353],[54.382169,24.484271],[54.382133,24.484311],[54.382109,24.484295],[54.382022,24.484393],[54.381998,24.484377],[54.381802,24.484603],[54.381868,24.484647],[54.381808,24.484722],[54.381853,24.484752],[54.38184,24.484768],[54.381919,24.484828],[54.382015,24.484722],[54.381998,24.484709],[54.382291,24.484353]]]}},{"type":"Feature","properties":{},"geometry":{"type":"Polygon","coordinates":[[[54.380819,24.485423],[54.381299,24.484858],[54.381158,24.48476],[54.380694,24.485305],[54.380751,24.485344],[54.380734,24.485364],[54.380819,24.485423]]]}},{"type":"Feature","properties":{},"geometry":{"type":"Polygon","coordinates":[[[54.381053,24.485252],[54.381008,24.485302],[54.38108,24.485395],[54.381149,24.485351],[54.381194,24.4853],[54.381123,24.485207],[54.381053,24.485252]]]}},{"type":"Feature","properties":{},"geometry":{"type":"Polygon","coordinates":[[[54.38108,24.486225],[54.38122,24.486327],[54.382081,24.485317],[54.381937,24.485212],[54.38108,24.486225]]]}},{"type":"Feature","properties":{},"geometry":{"type":"Polygon","coordinates":[[[54.38079,24.485537],[54.380745,24.485588],[54.380717,24.485748],[54.3809,24.485774],[54.380945,24.485723],[54.380973,24.485564],[54.38079,24.485537]]]}},{"type":"Feature","properties":{},"geometry":{"type":"Polygon","coordinates":[[[54.380945,24.485899],[54.381001,24.485941],[54.381096,24.485835],[54.38104,24.485793],[54.380945,24.485899]]]}},{"type":"Feature","properties":{},"geometry":{"type":"Polygon","coordinates":[[[54.380525,24.486251],[54.380713,24.48639],[54.380877,24.486206],[54.380689,24.486067],[54.380525,24.486251]]]}},{"type":"Feature","properties":{},"geometry":{"type":"Polygon","coordinates":[[[54.381656,24.48764],[54.381469,24.48751],[54.381287,24.487721],[54.381474,24.487851],[54.381656,24.48764]]]}},{"type":"Feature","properties":{},"geometry":{"type":"Polygon","coordinates":[[[54.381016,24.487586],[54.380723,24.487927],[54.38089,24.488043],[54.381183,24.487701],[54.381016,24.487586]]]}},{"type":"Feature","properties":{},"geometry":{"type":"Polygon","coordinates":[[[54.381006,24.488121],[54.381203,24.488256],[54.381389,24.48804],[54.381192,24.487905],[54.381006,24.488121]]]}},{"type":"Feature","properties":{},"geometry":{"type":"Polygon","coordinates":[[[54.381605,24.488191],[54.38141,24.488056],[54.381199,24.488299],[54.381394,24.488434],[54.381605,24.488191]]]}},{"type":"Feature","properties":{},"geometry":{"type":"Polygon","coordinates":[[[54.381423,24.488435],[54.381605,24.488569],[54.381804,24.488345],[54.381622,24.48821],[54.381423,24.488435]]]}},{"type":"Feature","properties":{},"geometry":{"type":"Polygon","coordinates":[[[54.380657,24.488529],[54.380872,24.488685],[54.381113,24.488411],[54.380898,24.488256],[54.380657,24.488529]]]}},{"type":"Feature","properties":{},"geometry":{"type":"Polygon","coordinates":[[[54.381292,24.488567],[54.381106,24.488431],[54.380913,24.48865],[54.381099,24.488785],[54.381292,24.488567]]]}},{"type":"Feature","properties":{},"geometry":{"type":"Polygon","coordinates":[[[54.381524,24.488693],[54.381317,24.488546],[54.381055,24.488846],[54.381262,24.488993],[54.381524,24.488693]]]}},{"type":"Feature","properties":{},"geometry":{"type":"Polygon","coordinates":[[[54.380831,24.488701],[54.380619,24.488546],[54.380356,24.488844],[54.380568,24.488999],[54.380831,24.488701]]]}},{"type":"Feature","properties":{},"geometry":{"type":"Polygon","coordinates":[[[54.380625,24.488964],[54.380817,24.489098],[54.381024,24.488858],[54.380832,24.488724],[54.380625,24.488964]]]}},{"type":"Feature","properties":{},"geometry":{"type":"Polygon","coordinates":[[[54.381391,24.489054],[54.381416,24.489073],[54.381096,24.489438],[54.381216,24.489526],[54.381821,24.488827],[54.381684,24.488725],[54.381391,24.489054]]]}},{"type":"Feature","properties":{},"geometry":{"type":"Polygon","coordinates":[[[54.380856,24.489091],[54.381048,24.489237],[54.381248,24.489016],[54.381055,24.48887],[54.380856,24.489091]]]}},{"type":"Feature","properties":{},"geometry":{"type":"Polygon","coordinates":[[[54.380385,24.489338],[54.380546,24.489454],[54.380727,24.489247],[54.380566,24.489131],[54.380385,24.489338]]]}},{"type":"Feature","properties":{},"geometry":{"type":"Polygon","coordinates":[[[54.381069,24.490213],[54.381181,24.490292],[54.381339,24.490109],[54.38135,24.490117],[54.381476,24.48998],[54.381972,24.489408],[54.381986,24.489419],[54.382292,24.489081],[54.382606,24.488699],[54.382593,24.488689],[54.382775,24.488484],[54.382664,24.488401],[54.382235,24.488891],[54.382255,24.488905],[54.381954,24.489231],[54.381938,24.48922],[54.381069,24.490213]]]}},{"type":"Feature","properties":{},"geometry":{"type":"Polygon","coordinates":[[[54.380944,24.489402],[54.38075,24.489262],[54.380568,24.48947],[54.380762,24.489609],[54.380944,24.489402]]]}},{"type":"Feature","properties":{},"geometry":{"type":"Polygon","coordinates":[[[54.381562,24.490385],[54.381365,24.490246],[54.381188,24.490451],[54.381385,24.490589],[54.381562,24.490385]]]}},{"type":"Feature","properties":{},"geometry":{"type":"Polygon","coordinates":[[[54.38179,24.490542],[54.381593,24.490403],[54.381416,24.490608],[54.381613,24.490746],[54.38179,24.490542]]]}},{"type":"Feature","properties":{},"geometry":{"type":"Polygon","coordinates":[[[54.38161,24.490816],[54.381808,24.490955],[54.382009,24.490723],[54.381812,24.490585],[54.38161,24.490816]]]}},{"type":"Feature","properties":{},"geometry":{"type":"Polygon","coordinates":[[[54.380733,24.490631],[54.380242,24.491186],[54.380442,24.491326],[54.38065,24.491086],[54.380592,24.491045],[54.380867,24.490726],[54.380733,24.490631]]]}},{"type":"Feature","properties":{},"geometry":{"type":"Polygon","coordinates":[[[54.381646,24.49132],[54.381387,24.491603],[54.3807,24.491116],[54.380434,24.491421],[54.381264,24.492009],[54.38153,24.491705],[54.381514,24.491694],[54.381777,24.491408],[54.381646,24.49132]]]}},{"type":"Feature","properties":{},"geometry":{"type":"Polygon","coordinates":[[[54.381023,24.492872],[54.381035,24.492881],[54.380847,24.493093],[54.38095,24.493168],[54.381716,24.4923],[54.381594,24.492217],[54.381023,24.492872]]]}},{"type":"Feature","properties":{},"geometry":{"type":"Polygon","coordinates":[[[54.381718,24.492385],[54.381469,24.492677],[54.381666,24.49281],[54.381915,24.492518],[54.381718,24.492385]]]}},{"type":"Feature","properties":{},"geometry":{"type":"Polygon","coordinates":[[[54.38111,24.493072],[54.381302,24.493213],[54.381502,24.492988],[54.38131,24.492847],[54.38111,24.493072]]]}},{"type":"Feature","properties":{},"geometry":{"type":"Polygon","coordinates":[[[54.38132,24.493224],[54.381512,24.493365],[54.381712,24.493139],[54.38152,24.492998],[54.38132,24.493224]]]}},{"type":"Feature","properties":{},"geometry":{"type":"Polygon","coordinates":[[[54.380506,24.492976],[54.380263,24.493258],[54.380475,24.493405],[54.380719,24.493122],[54.380506,24.492976]]]}},{"type":"Feature","properties":{},"geometry":{"type":"Polygon","coordinates":[[[54.380607,24.493379],[54.380841,24.493541],[54.381019,24.493335],[54.380784,24.493173],[54.380607,24.493379]]]}},{"type":"Feature","properties":{},"geometry":{"type":"Polygon","coordinates":[[[54.382065,24.493081],[54.382359,24.492732],[54.382245,24.492648],[54.382075,24.49284],[54.382059,24.492828],[54.381905,24.492997],[54.381773,24.493146],[54.381795,24.493163],[54.381468,24.493516],[54.381587,24.493603],[54.382065,24.493081]]]}},{"type":"Feature","properties":{},"geometry":{"type":"Polygon","coordinates":[[[54.381037,24.493356],[54.380826,24.4936],[54.381018,24.493732],[54.381228,24.493488],[54.381037,24.493356]]]}},{"type":"Feature","properties":{},"geometry":{"type":"Polygon","coordinates":[[[54.380994,24.493797],[54.381302,24.494009],[54.381563,24.493706],[54.381256,24.493494],[54.380994,24.493797]]]}},{"type":"Feature","properties":{},"geometry":{"type":"Polygon","coordinates":[[[54.380663,24.49385],[54.380595,24.493803],[54.380534,24.493875],[54.380601,24.493922],[54.380663,24.49385]]]}},{"type":"Feature","properties":{},"geometry":{"type":"Polygon","coordinates":[[[54.381627,24.493788],[54.381356,24.494105],[54.381497,24.494203],[54.381769,24.493886],[54.381627,24.493788]]]}},{"type":"Feature","properties":{},"geometry":{"type":"Polygon","coordinates":[[[54.381615,24.495559],[54.3814,24.495415],[54.38094,24.495951],[54.381155,24.496095],[54.381615,24.495559]]]}},{"type":"Feature","properties":{},"geometry":{"type":"Polygon","coordinates":[[[54.380679,24.496658],[54.380931,24.496357],[54.380716,24.496213],[54.380416,24.496551],[54.380256,24.496749],[54.380271,24.49676],[54.380036,24.497042],[54.380492,24.497358],[54.380737,24.497067],[54.380774,24.497092],[54.381073,24.496754],[54.381897,24.49577],[54.381682,24.495626],[54.38116,24.496226],[54.380766,24.496719],[54.380679,24.496658]]]}},{"type":"Feature","properties":{},"geometry":{"type":"Polygon","coordinates":[[[54.381525,24.499426],[54.381448,24.499534],[54.381511,24.499563],[54.381588,24.499455],[54.381525,24.499426]]]}},{"type":"Feature","properties":{},"geometry":{"type":"Polygon","coordinates":[[[54.380712,24.511574],[54.380749,24.511586],[54.380794,24.511535],[54.38082,24.51147],[54.380777,24.511456],[54.380717,24.511544],[54.38068,24.511537],[54.380733,24.511466],[54.380742,24.511423],[54.380622,24.511403],[54.380577,24.511453],[54.380544,24.511619],[54.380664,24.511639],[54.380712,24.511574]]]}},{"type":"Feature","properties":{},"geometry":{"type":"Polygon","coordinates":[[[54.381318,24.512427],[54.380313,24.511587],[54.380214,24.511712],[54.381214,24.512537],[54.381318,24.512427]]]}},{"type":"Feature","properties":{},"geometry":{"type":"Polygon","coordinates":[[[54.382161,24.480194],[54.382267,24.48007],[54.382493,24.480239],[54.382827,24.479867],[54.382591,24.479691],[54.382274,24.480044],[54.3822,24.479994],[54.382078,24.480138],[54.382161,24.480194]]]}},{"type":"Feature","properties":{},"geometry":{"type":"Polygon","coordinates":[[[54.382851,24.479873],[54.382667,24.480077],[54.382106,24.48072],[54.382141,24.480746],[54.382138,24.480813],[54.382103,24.480787],[54.381985,24.48092],[54.382073,24.480985],[54.382181,24.480863],[54.382216,24.480864],[54.382107,24.480986],[54.382081,24.481172],[54.382283,24.481196],[54.382278,24.48123],[54.382468,24.481252],[54.3826,24.481103],[54.382619,24.481117],[54.382803,24.480913],[54.382953,24.480744],[54.38294,24.480735],[54.383151,24.480498],[54.383142,24.480491],[54.38335,24.480257],[54.383114,24.480081],[54.382781,24.480453],[54.382791,24.480461],[54.382582,24.480694],[54.382595,24.480704],[54.382514,24.480794],[54.382514,24.480772],[54.382473,24.480773],[54.382429,24.480838],[54.382397,24.480834],[54.383086,24.480049],[54.382851,24.479873]]]}},{"type":"Feature","properties":{},"geometry":{"type":"Polygon","coordinates":[[[54.38406,24.480767],[54.383822,24.480598],[54.38361,24.48084],[54.383585,24.480815],[54.383803,24.480567],[54.383565,24.480398],[54.383229,24.480789],[54.383373,24.480888],[54.383364,24.480898],[54.383244,24.480815],[54.382966,24.481137],[54.383222,24.481314],[54.383497,24.480996],[54.383722,24.481151],[54.38406,24.480767]],[[54.383525,24.480942],[54.383489,24.480985],[54.383481,24.480979],[54.383525,24.480942]]]}},{"type":"Feature","properties":{},"geometry":{"type":"Polygon","coordinates":[[[54.382952,24.481149],[54.382649,24.481502],[54.382894,24.481672],[54.383198,24.481319],[54.382952,24.481149]]]}},{"type":"Feature","properties":{},"geometry":{"type":"Polygon","coordinates":[[[54.383212,24.48133],[54.382909,24.481682],[54.383154,24.481852],[54.383458,24.481499],[54.383212,24.48133]]]}},{"type":"Feature","properties":{},"geometry":{"type":"Polygon","coordinates":[[[54.382901,24.481932],[54.382565,24.48232],[54.382721,24.482433],[54.383069,24.482052],[54.382901,24.481932]]]}},{"type":"Feature","properties":{},"geometry":{"type":"Polygon","coordinates":[[[54.383087,24.482066],[54.382742,24.482439],[54.382915,24.482558],[54.38326,24.482179],[54.383087,24.482066]]]}},{"type":"Feature","properties":{},"geometry":{"type":"Polygon","coordinates":[[[54.382364,24.483306],[54.3826,24.483472],[54.383533,24.482368],[54.383298,24.482202],[54.382364,24.483306]]]}},{"type":"Feature","properties":{},"geometry":{"type":"Polygon","coordinates":[[[54.382402,24.482546],[54.382472,24.482589],[54.382579,24.482454],[54.382509,24.482411],[54.382402,24.482546]]]}},{"type":"Feature","properties":{},"geometry":{"type":"Polygon","coordinates":[[[54.382181,24.482555],[54.381845,24.482942],[54.382081,24.483109],[54.382417,24.482721],[54.382181,24.482555]]]}},{"type":"Feature","properties":{},"geometry":{"type":"Polygon","coordinates":[[[54.382604,24.483493],[54.38284,24.483659],[54.383804,24.482554],[54.383568,24.482388],[54.382604,24.483493]]]}},{"type":"Feature","properties":{},"geometry":{"type":"Polygon","coordinates":[[[54.382443,24.48274],[54.382107,24.483127],[54.382343,24.483294],[54.382679,24.482906],[54.382443,24.48274]]]}},{"type":"Feature","properties":{},"geometry":{"type":"Polygon","coordinates":[[[54.382007,24.4837],[54.382293,24.483918],[54.382391,24.483809],[54.382105,24.483592],[54.382007,24.4837]]]}},{"type":"Feature","properties":{},"geometry":{"type":"Polygon","coordinates":[[[54.38235,24.483936],[54.382516,24.484072],[54.382617,24.483965],[54.382451,24.483829],[54.38235,24.483936]]]}},{"type":"Feature","properties":{},"geometry":{"type":"Polygon","coordinates":[[[54.38236,24.48406],[54.382315,24.484111],[54.38229,24.484174],[54.382411,24.484214],[54.382456,24.484163],[54.382481,24.4841],[54.38236,24.48406]]]}},{"type":"Feature","properties":{},"geometry":{"type":"Polygon","coordinates":[[[54.382098,24.485034],[54.382238,24.485135],[54.383081,24.484148],[54.382936,24.484042],[54.382098,24.485034]]]}},{"type":"Feature","properties":{},"geometry":{"type":"Polygon","coordinates":[[[54.382983,24.486365],[54.383047,24.486405],[54.383059,24.486391],[54.383164,24.486456],[54.383182,24.486435],[54.383208,24.486451],[54.3833,24.486337],[54.383102,24.486215],[54.382983,24.486365]]]}},{"type":"Feature","properties":{},"geometry":{"type":"Polygon","coordinates":[[[54.383157,24.486794],[54.38306,24.486907],[54.383105,24.486938],[54.383201,24.486825],[54.383157,24.486794]]]}},{"type":"Feature","properties":{},"geometry":{"type":"Polygon","coordinates":[[[54.38272,24.486746],[54.3823,24.487189],[54.382654,24.487484],[54.383074,24.487043],[54.382985,24.486973],[54.382813,24.487146],[54.382648,24.487009],[54.382814,24.486824],[54.38272,24.486746]]]}},{"type":"Feature","properties":{},"geometry":{"type":"Polygon","coordinates":[[[54.38318,24.487133],[54.382769,24.487572],[54.383125,24.487864],[54.383537,24.487425],[54.383447,24.487349],[54.383276,24.487525],[54.383112,24.487394],[54.383279,24.487209],[54.38318,24.487133]]]}},{"type":"Feature","properties":{},"geometry":{"type":"Polygon","coordinates":[[[54.381743,24.488002],[54.381964,24.488165],[54.382133,24.487976],[54.381912,24.487812],[54.381743,24.488002]]]}},{"type":"Feature","properties":{},"geometry":{"type":"Polygon","coordinates":[[[54.381886,24.488655],[54.382315,24.488179],[54.382197,24.488095],[54.381766,24.488568],[54.381886,24.488655]]]}},{"type":"Feature","properties":{},"geometry":{"type":"Polygon","coordinates":[[[54.383075,24.488656],[54.382878,24.488517],[54.382641,24.48879],[54.382838,24.488928],[54.383075,24.488656]]]}},{"type":"Feature","properties":{},"geometry":{"type":"Polygon","coordinates":[[[54.383289,24.488795],[54.383092,24.488656],[54.382855,24.488928],[54.383052,24.489067],[54.383289,24.488795]]]}},{"type":"Feature","properties":{},"geometry":{"type":"Polygon","coordinates":[[[54.382434,24.489031],[54.382632,24.48917],[54.38277,24.48901],[54.382573,24.488871],[54.382434,24.489031]]]}},{"type":"Feature","properties":{},"geometry":{"type":"Polygon","coordinates":[[[54.382988,24.489498],[54.383024,24.489524],[54.383201,24.489319],[54.383004,24.489181],[54.382869,24.489336],[54.382849,24.48933],[54.382987,24.489169],[54.38279,24.489031],[54.382613,24.489235],[54.382791,24.489361],[54.382736,24.489521],[54.382935,24.489575],[54.382988,24.489498]]]}},{"type":"Feature","properties":{},"geometry":{"type":"Polygon","coordinates":[[[54.382424,24.489184],[54.382339,24.489124],[54.382248,24.48923],[54.382333,24.48929],[54.382424,24.489184]]]}},{"type":"Feature","properties":{},"geometry":{"type":"Polygon","coordinates":[[[54.382056,24.489481],[54.382253,24.48962],[54.382454,24.489388],[54.382257,24.489249],[54.382056,24.489481]]]}},{"type":"Feature","properties":{},"geometry":{"type":"Polygon","coordinates":[[[54.382298,24.489605],[54.382496,24.489744],[54.382673,24.48954],[54.382476,24.489401],[54.382298,24.489605]]]}},{"type":"Feature","properties":{},"geometry":{"type":"Polygon","coordinates":[[[54.382224,24.489667],[54.382026,24.489528],[54.381801,24.489786],[54.381999,24.489925],[54.382224,24.489667]]]}},{"type":"Feature","properties":{},"geometry":{"type":"Polygon","coordinates":[[[54.382468,24.490341],[54.382487,24.490355],[54.381947,24.490974],[54.382076,24.491065],[54.38266,24.490361],[54.383349,24.489574],[54.383703,24.48914],[54.383583,24.489056],[54.382468,24.490341]]]}},{"type":"Feature","properties":{},"geometry":{"type":"Polygon","coordinates":[[[54.382443,24.489824],[54.382245,24.489685],[54.38202,24.489944],[54.382217,24.490082],[54.382443,24.489824]]]}},{"type":"Feature","properties":{},"geometry":{"type":"Polygon","coordinates":[[[54.382651,24.489977],[54.382454,24.489838],[54.382241,24.490083],[54.382438,24.490222],[54.382651,24.489977]]]}},{"type":"Feature","properties":{},"geometry":{"type":"Polygon","coordinates":[[[54.381722,24.490287],[54.38192,24.490425],[54.382097,24.490221],[54.381899,24.490082],[54.381722,24.490287]]]}},{"type":"Feature","properties":{},"geometry":{"type":"Polygon","coordinates":[[[54.382316,24.490372],[54.382118,24.490234],[54.381905,24.490479],[54.382102,24.490617],[54.382316,24.490372]]]}},{"type":"Feature","properties":{},"geometry":{"type":"Polygon","coordinates":[[[54.382218,24.491316],[54.382362,24.491421],[54.383037,24.49067],[54.383199,24.490477],[54.383187,24.490469],[54.383485,24.490151],[54.384116,24.489364],[54.383973,24.489266],[54.383357,24.489999],[54.383012,24.490378],[54.383031,24.490392],[54.382218,24.491316]]]}},{"type":"Feature","properties":{},"geometry":{"type":"Polygon","coordinates":[[[54.382961,24.491361],[54.382902,24.491318],[54.383132,24.491062],[54.383174,24.491092],[54.383419,24.49081],[54.383207,24.490662],[54.382962,24.490944],[54.382983,24.490958],[54.382509,24.4915],[54.382712,24.491642],[54.382961,24.491361]]]}},{"type":"Feature","properties":{},"geometry":{"type":"Polygon","coordinates":[[[54.38185,24.492342],[54.382094,24.492056],[54.381999,24.491992],[54.38225,24.4917],[54.382108,24.4916],[54.381853,24.491894],[54.381834,24.491882],[54.381591,24.492168],[54.38185,24.492342]]]}},{"type":"Feature","properties":{},"geometry":{"type":"Polygon","coordinates":[[[54.381925,24.492346],[54.382115,24.492474],[54.382311,24.492244],[54.382121,24.492116],[54.381925,24.492346]]]}},{"type":"Feature","properties":{},"geometry":{"type":"Polygon","coordinates":[[[54.382605,24.492846],[54.38308,24.492305],[54.382945,24.492208],[54.382646,24.492549],[54.382659,24.492558],[54.382484,24.49276],[54.382605,24.492846]]]}},{"type":"Feature","properties":{},"geometry":{"type":"Polygon","coordinates":[[[54.382143,24.492495],[54.382333,24.492622],[54.382529,24.492392],[54.382339,24.492265],[54.382143,24.492495]]]}},{"type":"Feature","properties":{},"geometry":{"type":"Polygon","coordinates":[[[54.381908,24.492567],[54.3817,24.49281],[54.381893,24.49294],[54.382101,24.492696],[54.381908,24.492567]]]}},{"type":"Feature","properties":{},"geometry":{"type":"Polygon","coordinates":[[[54.382641,24.492917],[54.382425,24.492772],[54.382185,24.493055],[54.382401,24.493199],[54.382641,24.492917]]]}},{"type":"Feature","properties":{},"geometry":{"type":"Polygon","coordinates":[[[54.381858,24.493436],[54.381634,24.493701],[54.381854,24.493844],[54.382077,24.493579],[54.381858,24.493436]]]}},{"type":"Feature","properties":{},"geometry":{"type":"Polygon","coordinates":[[[54.382309,24.494854],[54.38252,24.495006],[54.383524,24.493858],[54.383368,24.493746],[54.383778,24.493254],[54.383505,24.493054],[54.383093,24.493538],[54.383021,24.493486],[54.382681,24.493873],[54.382893,24.494025],[54.383129,24.493757],[54.383216,24.493814],[54.382309,24.494854]]]}},{"type":"Feature","properties":{},"geometry":{"type":"Polygon","coordinates":[[[54.382359,24.494262],[54.382018,24.49465],[54.38223,24.494802],[54.38257,24.494414],[54.382359,24.494262]]]}},{"type":"Feature","properties":{},"geometry":{"type":"Polygon","coordinates":[[[54.382177,24.499232],[54.382207,24.49919],[54.382215,24.499147],[54.382177,24.499062],[54.382139,24.499038],[54.382084,24.499027],[54.382033,24.499036],[54.38199,24.499062],[54.381918,24.499147],[54.381906,24.499198],[54.381916,24.499244],[54.381979,24.499306],[54.382039,24.499318],[54.382089,24.499309],[54.382177,24.499232]]]}},{"type":"Feature","properties":{},"geometry":{"type":"Polygon","coordinates":[[[54.382733,24.504657],[54.382688,24.504708],[54.382698,24.504831],[54.382773,24.504826],[54.382818,24.504775],[54.382809,24.504652],[54.382733,24.504657]]]}},{"type":"Feature","properties":{},"geometry":{"type":"Polygon","coordinates":[[[54.38161,24.509225],[54.381518,24.509328],[54.381566,24.509363],[54.381657,24.509259],[54.38161,24.509225]]]}},{"type":"Feature","properties":{},"geometry":{"type":"Polygon","coordinates":[[[54.381468,24.510112],[54.381423,24.510163],[54.381458,24.510234],[54.381559,24.510194],[54.381604,24.510143],[54.381569,24.510072],[54.381468,24.510112]]]}},{"type":"Feature","properties":{},"geometry":{"type":"Polygon","coordinates":[[[54.382075,24.510809],[54.382759,24.511346],[54.383375,24.510679],[54.382681,24.51014],[54.382075,24.510809]]]}},{"type":"Feature","properties":{},"geometry":{"type":"Polygon","coordinates":[[[54.381284,24.511355],[54.382142,24.512022],[54.382751,24.511343],[54.381894,24.510679],[54.381284,24.511355]]]}},{"type":"Feature","properties":{},"geometry":{"type":"Polygon","coordinates":[[[54.383432,24.480097],[54.383677,24.480276],[54.383946,24.479972],[54.383701,24.479792],[54.383432,24.480097]]]}},{"type":"Feature","properties":{},"geometry":{"type":"Polygon","coordinates":[[[54.383811,24.480157],[54.384055,24.480337],[54.384211,24.480161],[54.383966,24.479982],[54.383811,24.480157]]]}},{"type":"Feature","properties":{},"geometry":{"type":"Polygon","coordinates":[[[54.38447,24.48035],[54.384225,24.480171],[54.384069,24.480347],[54.384314,24.480526],[54.38447,24.48035]]]}},{"type":"Feature","properties":{},"geometry":{"type":"Polygon","coordinates":[[[54.384222,24.48067],[54.384467,24.480849],[54.384736,24.480545],[54.384491,24.480366],[54.384222,24.48067]]]}},{"type":"Feature","properties":{},"geometry":{"type":"Polygon","coordinates":[[[54.38375,24.481165],[54.383985,24.481327],[54.384323,24.480943],[54.384086,24.480774],[54.38375,24.481165]]]}},{"type":"Feature","properties":{},"geometry":{"type":"Polygon","coordinates":[[[54.383989,24.481863],[54.383975,24.481854],[54.384608,24.48112],[54.384371,24.480951],[54.38344,24.482046],[54.383685,24.482216],[54.383989,24.481863]]]}},{"type":"Feature","properties":{},"geometry":{"type":"Polygon","coordinates":[[[54.383706,24.482212],[54.383773,24.482259],[54.383753,24.482285],[54.383821,24.482329],[54.383841,24.482306],[54.383951,24.482382],[54.384851,24.481347],[54.384606,24.481177],[54.383706,24.482212]]]}},{"type":"Feature","properties":{},"geometry":{"type":"Polygon","coordinates":[[[54.383174,24.481861],[54.38342,24.48203],[54.383562,24.481881],[54.383723,24.481678],[54.383478,24.481508],[54.383174,24.481861]]]}},{"type":"Feature","properties":{},"geometry":{"type":"Polygon","coordinates":[[[54.383188,24.483726],[54.383328,24.483826],[54.384698,24.48224],[54.385024,24.481844],[54.384884,24.481744],[54.383188,24.483726]]]}},{"type":"Feature","properties":{},"geometry":{"type":"Polygon","coordinates":[[[54.384389,24.484282],[54.384495,24.484167],[54.384479,24.484155],[54.384503,24.484128],[54.384471,24.484102],[54.38434,24.484243],[54.384389,24.484282]]]}},{"type":"Feature","properties":{},"geometry":{"type":"Polygon","coordinates":[[[54.38441,24.484958],[54.383967,24.485404],[54.383421,24.485989],[54.383776,24.486281],[54.384186,24.485842],[54.384137,24.485804],[54.384201,24.485734],[54.384365,24.485877],[54.384032,24.486202],[54.383882,24.486371],[54.384241,24.486664],[54.384655,24.486223],[54.384565,24.486152],[54.384625,24.486087],[54.384797,24.48623],[54.384633,24.486413],[54.384724,24.486489],[54.385139,24.486051],[54.384782,24.485761],[54.384368,24.486196],[54.384453,24.486268],[54.384398,24.486329],[54.384226,24.486188],[54.384281,24.486128],[54.384293,24.486138],[54.384706,24.485695],[54.384357,24.485404],[54.383938,24.485845],[54.383988,24.485885],[54.383929,24.485946],[54.383762,24.485809],[54.383907,24.485648],[54.383958,24.48569],[54.384215,24.485411],[54.38419,24.485391],[54.384258,24.485316],[54.384294,24.485346],[54.384549,24.485072],[54.38441,24.484958]]]}},{"type":"Feature","properties":{},"geometry":{"type":"Polygon","coordinates":[[[54.383721,24.487355],[54.383907,24.487489],[54.384381,24.486938],[54.384191,24.486806],[54.383721,24.487355]]]}},{"type":"Feature","properties":{},"geometry":{"type":"Polygon","coordinates":[[[54.384154,24.487297],[54.38414,24.487287],[54.383827,24.487645],[54.383768,24.487597],[54.383517,24.487868],[54.383542,24.48789],[54.383373,24.488078],[54.383474,24.48816],[54.38389,24.48773],[54.38398,24.487796],[54.384026,24.487744],[54.384061,24.487741],[54.384092,24.487782],[54.384381,24.487454],[54.384346,24.48743],[54.384621,24.487109],[54.384433,24.486972],[54.384154,24.487297]]]}},{"type":"Feature","properties":{},"geometry":{"type":"Polygon","coordinates":[[[54.383552,24.487465],[54.383185,24.487842],[54.383358,24.487984],[54.383724,24.487605],[54.383552,24.487465]]]}},{"type":"Feature","properties":{},"geometry":{"type":"Polygon","coordinates":[[[54.384121,24.488569],[54.38439,24.488237],[54.384334,24.488194],[54.38478,24.487679],[54.38469,24.487613],[54.384706,24.487592],[54.384597,24.487519],[54.384148,24.488036],[54.384239,24.488105],[54.384223,24.488125],[54.38429,24.488173],[54.384086,24.488407],[54.384102,24.488418],[54.384029,24.488505],[54.384121,24.488569]]]}},{"type":"Feature","properties":{},"geometry":{"type":"Polygon","coordinates":[[[54.383861,24.487795],[54.383541,24.488132],[54.383717,24.488279],[54.384038,24.487939],[54.383861,24.487795]]]}},{"type":"Feature","properties":{},"geometry":{"type":"Polygon","coordinates":[[[54.384155,24.488079],[54.383966,24.488296],[54.384043,24.488351],[54.384233,24.488134],[54.384155,24.488079]]]}},{"type":"Feature","properties":{},"geometry":{"type":"Polygon","coordinates":[[[54.384374,24.488438],[54.384293,24.488531],[54.38434,24.488565],[54.384422,24.488473],[54.384374,24.488438]]]}},{"type":"Feature","properties":{},"geometry":{"type":"Polygon","coordinates":[[[54.384606,24.488415],[54.384413,24.488641],[54.384465,24.488677],[54.384395,24.488761],[54.384494,24.48883],[54.384589,24.48872],[54.384518,24.488671],[54.384689,24.488473],[54.384606,24.488415]]]}},{"type":"Feature","properties":{},"geometry":{"type":"Polygon","coordinates":[[[54.384008,24.489742],[54.38423,24.489898],[54.38448,24.489612],[54.384246,24.489453],[54.384008,24.489742]]]}},{"type":"Feature","properties":{},"geometry":{"type":"Polygon","coordinates":[[[54.38471,24.489769],[54.384496,24.489626],[54.384252,24.489912],[54.384466,24.490056],[54.38471,24.489769]]]}},{"type":"Feature","properties":{},"geometry":{"type":"Polygon","coordinates":[[[54.384186,24.48988],[54.383974,24.489732],[54.38373,24.490014],[54.383941,24.490163],[54.384186,24.48988]]]}},{"type":"Feature","properties":{},"geometry":{"type":"Polygon","coordinates":[[[54.384432,24.490053],[54.38422,24.489904],[54.383976,24.490186],[54.384187,24.490335],[54.384432,24.490053]]]}},{"type":"Feature","properties":{},"geometry":{"type":"Polygon","coordinates":[[[54.384201,24.490352],[54.384407,24.490506],[54.384664,24.490219],[54.384457,24.490065],[54.384201,24.490352]]]}},{"type":"Feature","properties":{},"geometry":{"type":"Polygon","coordinates":[[[54.384172,24.490365],[54.38396,24.490217],[54.383715,24.490499],[54.383927,24.490647],[54.384172,24.490365]]]}},{"type":"Feature","properties":{},"geometry":{"type":"Polygon","coordinates":[[[54.384408,24.490528],[54.384196,24.49038],[54.383951,24.490662],[54.384163,24.49081],[54.384408,24.490528]]]}},{"type":"Feature","properties":{},"geometry":{"type":"Polygon","coordinates":[[[54.383867,24.49063],[54.383655,24.490481],[54.383411,24.490764],[54.383622,24.490912],[54.383867,24.49063]]]}},{"type":"Feature","properties":{},"geometry":{"type":"Polygon","coordinates":[[[54.384874,24.490501],[54.385029,24.490322],[54.38501,24.490308],[54.385186,24.490111],[54.385054,24.490014],[54.384952,24.490128],[54.384934,24.490115],[54.384727,24.490349],[54.384753,24.490367],[54.384714,24.490412],[54.384697,24.490399],[54.384565,24.490548],[54.384239,24.490931],[54.384257,24.490944],[54.384105,24.491121],[54.383279,24.492039],[54.383431,24.492146],[54.384251,24.491226],[54.384233,24.491213],[54.384554,24.490837],[54.384874,24.490501]]]}},{"type":"Feature","properties":{},"geometry":{"type":"Polygon","coordinates":[[[54.384113,24.490802],[54.383901,24.490653],[54.383656,24.490936],[54.383868,24.491084],[54.384113,24.490802]]]}},{"type":"Feature","properties":{},"geometry":{"type":"Polygon","coordinates":[[[54.38323,24.491563],[54.383183,24.491529],[54.382929,24.491819],[54.383122,24.491957],[54.383611,24.491395],[54.383636,24.491412],[54.383881,24.49113],[54.383669,24.490982],[54.38358,24.491083],[54.383665,24.490982],[54.383453,24.490834],[54.383208,24.491116],[54.383242,24.491139],[54.383041,24.491372],[54.383252,24.49152],[54.383456,24.491286],[54.383466,24.491293],[54.38323,24.491563]],[[54.383509,24.491164],[54.383465,24.491216],[54.383464,24.491215],[54.383509,24.491164]]]}},{"type":"Feature","properties":{},"geometry":{"type":"Polygon","coordinates":[[[54.383664,24.492898],[54.383736,24.492961],[54.383817,24.492875],[54.383745,24.492813],[54.383664,24.492898]]]}},{"type":"Feature","properties":{},"geometry":{"type":"Polygon","coordinates":[[[54.383918,24.492943],[54.383873,24.492994],[54.38384,24.493163],[54.384073,24.493201],[54.384118,24.49315],[54.384151,24.49298],[54.383918,24.492943]]]}},{"type":"Feature","properties":{},"geometry":{"type":"Polygon","coordinates":[[[54.382576,24.495833],[54.381841,24.496717],[54.382884,24.497434],[54.382941,24.497369],[54.382985,24.4974],[54.383079,24.497294],[54.383123,24.497241],[54.383076,24.497209],[54.384117,24.495974],[54.384129,24.495982],[54.384283,24.495807],[54.384266,24.495795],[54.38461,24.495405],[54.384588,24.495391],[54.384573,24.495221],[54.384451,24.495136],[54.384438,24.49515],[54.384375,24.495108],[54.383828,24.494894],[54.384493,24.495126],[54.384731,24.494856],[54.384314,24.49434],[54.384873,24.494724],[54.385517,24.493985],[54.384727,24.493442],[54.38424,24.493992],[54.38384,24.494474],[54.383851,24.494496],[54.383659,24.494717],[54.383686,24.494735],[54.383616,24.49482],[54.383744,24.494865],[54.383726,24.494872],[54.383484,24.494781],[54.382576,24.495833]]]}},{"type":"Feature","properties":{},"geometry":{"type":"Polygon","coordinates":[[[54.384305,24.49631],[54.384317,24.496362],[54.384389,24.496348],[54.384434,24.496298],[54.384421,24.496245],[54.38435,24.496259],[54.384305,24.49631]]]}},{"type":"Feature","properties":{},"geometry":{"type":"Polygon","coordinates":[[[54.384103,24.496767],[54.384058,24.496667],[54.384036,24.496558],[54.384069,24.496469],[54.38424,24.49627],[54.384134,24.496202],[54.383863,24.496509],[54.383794,24.496555],[54.383569,24.496808],[54.38354,24.496905],[54.383589,24.497052],[54.383545,24.497102],[54.383603,24.497216],[54.383623,24.497204],[54.38364,24.497216],[54.383804,24.497067],[54.383878,24.497021],[54.384103,24.496767]]]}},{"type":"Feature","properties":{},"geometry":{"type":"Polygon","coordinates":[[[54.383152,24.497755],[54.383704,24.498119],[54.384015,24.497758],[54.383883,24.497654],[54.383911,24.497619],[54.383771,24.497526],[54.383867,24.497404],[54.383596,24.497226],[54.383152,24.497755]]]}},{"type":"Feature","properties":{},"geometry":{"type":"Polygon","coordinates":[[[54.38361,24.503752],[54.38347,24.503754],[54.383245,24.504007],[54.383252,24.50458],[54.383092,24.50476],[54.383096,24.505163],[54.383398,24.50516],[54.383446,24.505106],[54.38348,24.505106],[54.383705,24.504852],[54.383697,24.504084],[54.383819,24.504081],[54.383864,24.504031],[54.383861,24.503897],[54.383712,24.503899],[54.383686,24.503929],[54.383686,24.503916],[54.383612,24.503922],[54.38361,24.503752]]]}},{"type":"Feature","properties":{},"geometry":{"type":"Polygon","coordinates":[[[54.382846,24.508246],[54.382801,24.508297],[54.382822,24.508331],[54.382875,24.508304],[54.38292,24.508253],[54.3829,24.508219],[54.382846,24.508246]]]}},{"type":"Feature","properties":{},"geometry":{"type":"Polygon","coordinates":[[[54.384593,24.480744],[54.384831,24.480913],[54.384991,24.480728],[54.384753,24.48056],[54.384593,24.480744]]]}},{"type":"Feature","properties":{},"geometry":{"type":"Polygon","coordinates":[[[54.384903,24.481691],[54.385043,24.481791],[54.385394,24.481378],[54.385254,24.481278],[54.384903,24.481691]]]}},{"type":"Feature","properties":{},"geometry":{"type":"Polygon","coordinates":[[[54.38669,24.482051],[54.386645,24.482102],[54.386654,24.482166],[54.386853,24.48214],[54.386898,24.482089],[54.386893,24.482028],[54.38669,24.482051]]]}},{"type":"Feature","properties":{},"geometry":{"type":"Polygon","coordinates":[[[54.389809,24.482389],[54.389727,24.482506],[54.389858,24.482565],[54.389939,24.482448],[54.389809,24.482389]]]}},{"type":"Feature","properties":{},"geometry":{"type":"Polygon","coordinates":[[[54.387203,24.482327],[54.386472,24.483189],[54.386862,24.483463],[54.387599,24.482609],[54.387203,24.482327]]]}},{"type":"Feature","properties":{},"geometry":{"type":"Polygon","coordinates":[[[54.387798,24.485233],[54.387849,24.485279],[54.38797,24.485159],[54.387919,24.485113],[54.387798,24.485233]]]}},{"type":"Feature","properties":{},"geometry":{"type":"Polygon","coordinates":[[[54.389551,24.485846],[54.389659,24.485745],[54.389622,24.485708],[54.389693,24.485636],[54.389584,24.485525],[54.389398,24.48569],[54.389551,24.485846]]]}},{"type":"Feature","properties":{},"geometry":{"type":"Polygon","coordinates":[[[54.385444,24.486695],[54.385722,24.486403],[54.385539,24.486245],[54.385449,24.486329],[54.385423,24.486306],[54.385502,24.486217],[54.385451,24.486177],[54.385372,24.486252],[54.385337,24.486221],[54.385373,24.48618],[54.385332,24.486138],[54.385282,24.486184],[54.38524,24.486147],[54.384998,24.486405],[54.385313,24.486676],[54.385113,24.486646],[54.384963,24.486815],[54.384908,24.487096],[54.385303,24.487158],[54.385453,24.486989],[54.385516,24.486706],[54.385444,24.486695]]]}},{"type":"Feature","properties":{},"geometry":{"type":"Polygon","coordinates":[[[54.387364,24.48671],[54.38722,24.48687],[54.387268,24.486906],[54.38741,24.486744],[54.387364,24.48671]]]}},{"type":"Feature","properties":{},"geometry":{"type":"Polygon","coordinates":[[[54.387449,24.486816],[54.387335,24.486943],[54.387424,24.487009],[54.387539,24.486882],[54.387449,24.486816]]]}},{"type":"Feature","properties":{},"geometry":{"type":"Polygon","coordinates":[[[54.386453,24.486984],[54.386294,24.487161],[54.38638,24.487225],[54.386544,24.487055],[54.386453,24.486984]]]}},{"type":"Feature","properties":{},"geometry":{"type":"Polygon","coordinates":[[[54.384808,24.487298],[54.384686,24.487437],[54.38475,24.487481],[54.384873,24.487343],[54.384808,24.487298]]]}},{"type":"Feature","properties":{},"geometry":{"type":"Polygon","coordinates":[[[54.387039,24.487665],[54.387264,24.487411],[54.387253,24.487282],[54.387069,24.487297],[54.386906,24.487167],[54.386943,24.487126],[54.386854,24.487055],[54.38629,24.487689],[54.386388,24.487765],[54.386426,24.487727],[54.386585,24.487844],[54.386602,24.488014],[54.386745,24.488],[54.38697,24.487746],[54.386959,24.487674],[54.387039,24.487665]]]}},{"type":"Feature","properties":{},"geometry":{"type":"Polygon","coordinates":[[[54.385542,24.488391],[54.385424,24.488305],[54.385607,24.488099],[54.385565,24.488068],[54.385602,24.488027],[54.385504,24.487955],[54.385521,24.487933],[54.38542,24.487862],[54.385368,24.487918],[54.385317,24.487884],[54.38479,24.488485],[54.384946,24.4886],[54.384933,24.488615],[54.384904,24.488593],[54.38478,24.488739],[54.385019,24.488909],[54.385116,24.488795],[54.385155,24.488823],[54.385542,24.488391]]]}},{"type":"Feature","properties":{},"geometry":{"type":"Polygon","coordinates":[[[54.385921,24.488718],[54.38594,24.488733],[54.385889,24.488867],[54.385813,24.488948],[54.385711,24.488867],[54.385791,24.488776],[54.38572,24.488724],[54.385535,24.488934],[54.385782,24.489117],[54.385859,24.489029],[54.3859,24.489042],[54.38582,24.48913],[54.385863,24.489164],[54.385949,24.489071],[54.385922,24.489049],[54.385966,24.489064],[54.386116,24.488895],[54.386174,24.488752],[54.386312,24.48867],[54.386462,24.488501],[54.386385,24.488388],[54.38618,24.488501],[54.386334,24.488328],[54.386082,24.488145],[54.385917,24.488331],[54.385883,24.488306],[54.38564,24.488577],[54.385884,24.488759],[54.385921,24.488718]]]}},{"type":"Feature","properties":{},"geometry":{"type":"Polygon","coordinates":[[[54.384976,24.488959],[54.384623,24.488707],[54.384537,24.488807],[54.384889,24.489059],[54.384976,24.488959]]]}},{"type":"Feature","properties":{},"geometry":{"type":"Polygon","coordinates":[[[54.385147,24.489189],[54.385262,24.489059],[54.385339,24.489115],[54.385524,24.48891],[54.385455,24.48886],[54.385374,24.48895],[54.385267,24.488869],[54.385348,24.488778],[54.385276,24.488729],[54.385092,24.488933],[54.385146,24.488973],[54.385053,24.489109],[54.385093,24.489128],[54.385182,24.489],[54.385201,24.489013],[54.385085,24.489143],[54.385147,24.489189]]]}},{"type":"Feature","properties":{},"geometry":{"type":"Polygon","coordinates":[[[54.385117,24.489459],[54.385229,24.489537],[54.385416,24.489324],[54.385498,24.489385],[54.385452,24.489437],[54.385516,24.489483],[54.385766,24.489201],[54.385515,24.48901],[54.385117,24.489459]]]}},{"type":"Feature","properties":{},"geometry":{"type":"Polygon","coordinates":[[[54.385846,24.489256],[54.385709,24.489432],[54.38578,24.489475],[54.385917,24.489299],[54.385846,24.489256]]]}},{"type":"Feature","properties":{},"geometry":{"type":"Polygon","coordinates":[[[54.38632,24.489485],[54.386041,24.489309],[54.385817,24.489576],[54.385634,24.489447],[54.38555,24.489541],[54.38602,24.489871],[54.38632,24.489485]]]}},{"type":"Feature","properties":{},"geometry":{"type":"Polygon","coordinates":[[[54.386063,24.489898],[54.386151,24.489962],[54.386232,24.489871],[54.386143,24.489808],[54.386063,24.489898]]]}},{"type":"Feature","properties":{},"geometry":{"type":"Polygon","coordinates":[[[54.384896,24.4899],[54.384723,24.489777],[54.384479,24.490058],[54.384652,24.49018],[54.384896,24.4899]]]}},{"type":"Feature","properties":{},"geometry":{"type":"Polygon","coordinates":[[[54.386964,24.490038],[54.3869,24.490036],[54.386855,24.490087],[54.386852,24.49013],[54.386917,24.490132],[54.386962,24.490082],[54.386964,24.490038]]]}},{"type":"Feature","properties":{},"geometry":{"type":"Polygon","coordinates":[[[54.387178,24.490277],[54.386955,24.490116],[54.38679,24.490307],[54.387013,24.490466],[54.387178,24.490277]]]}},{"type":"Feature","properties":{},"geometry":{"type":"Polygon","coordinates":[[[54.386342,24.490856],[54.386304,24.490835],[54.386313,24.490821],[54.386213,24.490767],[54.386113,24.490902],[54.386252,24.490977],[54.386342,24.490856]]]}},{"type":"Feature","properties":{},"geometry":{"type":"Polygon","coordinates":[[[54.386123,24.491835],[54.386183,24.491881],[54.386347,24.491691],[54.386286,24.491649],[54.386363,24.491604],[54.386623,24.4913],[54.385526,24.490487],[54.384682,24.491484],[54.384692,24.491491],[54.384675,24.491524],[54.384726,24.491545],[54.384743,24.491525],[54.385434,24.491997],[54.385358,24.492109],[54.385401,24.492132],[54.385481,24.492029],[54.385531,24.492063],[54.384943,24.492757],[54.38586,24.493421],[54.386085,24.493168],[54.386313,24.492575],[54.386129,24.492445],[54.386208,24.492355],[54.386267,24.492254],[54.386236,24.492187],[54.386149,24.492098],[54.386123,24.491835]]]}},{"type":"Feature","properties":{},"geometry":{"type":"Polygon","coordinates":[[[54.384583,24.491626],[54.384643,24.491677],[54.384726,24.491591],[54.384666,24.491539],[54.384583,24.491626]]]}},{"type":"Feature","properties":{},"geometry":{"type":"Polygon","coordinates":[[[54.384462,24.491775],[54.384482,24.491789],[54.38444,24.491838],[54.384722,24.492036],[54.384881,24.491855],[54.384574,24.491644],[54.384462,24.491775]]]}},{"type":"Feature","properties":{},"geometry":{"type":"Polygon","coordinates":[[[54.384893,24.492032],[54.384926,24.492065],[54.38487,24.492127],[54.384835,24.492107],[54.384774,24.492154],[54.384624,24.492323],[54.384554,24.492426],[54.384772,24.492548],[54.384922,24.492379],[54.384996,24.492254],[54.385086,24.492143],[54.385199,24.492035],[54.385156,24.491993],[54.385251,24.4919],[54.385171,24.491822],[54.385115,24.491869],[54.385094,24.491848],[54.384893,24.492032]]]}},{"type":"Feature","properties":{},"geometry":{"type":"Polygon","coordinates":[[[54.385246,24.492015],[54.385055,24.49224],[54.385088,24.492262],[54.385279,24.492037],[54.385246,24.492015]]]}},{"type":"Feature","properties":{},"geometry":{"type":"Polygon","coordinates":[[[54.384382,24.492611],[54.384476,24.492667],[54.384553,24.492574],[54.384458,24.492517],[54.384382,24.492611]]]}},{"type":"Feature","properties":{},"geometry":{"type":"Polygon","coordinates":[[[54.384483,24.492676],[54.38463,24.492797],[54.384731,24.492691],[54.384655,24.492629],[54.384627,24.492657],[54.384555,24.492598],[54.384483,24.492676]]]}},{"type":"Feature","properties":{},"geometry":{"type":"Polygon","coordinates":[[[54.384797,24.492733],[54.384706,24.492849],[54.384815,24.492915],[54.384907,24.492799],[54.384797,24.492733]]]}},{"type":"Feature","properties":{},"geometry":{"type":"Polygon","coordinates":[[[54.38758,24.493851],[54.387763,24.493921],[54.387987,24.493667],[54.388409,24.492957],[54.388344,24.492845],[54.38829,24.492837],[54.388222,24.492885],[54.387997,24.493138],[54.38758,24.493851]]]}},{"type":"Feature","properties":{},"geometry":{"type":"Polygon","coordinates":[[[54.38838,24.493917],[54.388335,24.493969],[54.388313,24.493964],[54.388268,24.494015],[54.388235,24.494135],[54.388293,24.494148],[54.388338,24.494097],[54.388364,24.494002],[54.388453,24.493992],[54.388498,24.493941],[54.388493,24.493904],[54.38838,24.493917]]]}},{"type":"Feature","properties":{},"geometry":{"type":"Polygon","coordinates":[[[54.389235,24.493825],[54.389231,24.49374],[54.389199,24.493715],[54.389216,24.493696],[54.389214,24.493647],[54.389112,24.493651],[54.389108,24.493557],[54.389031,24.493561],[54.388803,24.493818],[54.388824,24.494256],[54.388912,24.494326],[54.388877,24.494366],[54.388909,24.495028],[54.388998,24.495024],[54.389006,24.495185],[54.389117,24.495181],[54.389342,24.494927],[54.389319,24.494441],[54.389946,24.494368],[54.39017,24.494115],[54.390121,24.493761],[54.389311,24.493854],[54.389224,24.493953],[54.389208,24.493931],[54.389225,24.493913],[54.389185,24.493881],[54.389235,24.493825]]]}},{"type":"Feature","properties":{},"geometry":{"type":"Polygon","coordinates":[[[54.38701,24.495074],[54.38735,24.495303],[54.387698,24.49491],[54.387827,24.494738],[54.387672,24.494643],[54.387981,24.494294],[54.388056,24.494112],[54.387649,24.493977],[54.3873,24.49437],[54.38701,24.495074]]]}},{"type":"Feature","properties":{},"geometry":{"type":"Polygon","coordinates":[[[54.385403,24.494783],[54.385326,24.494734],[54.385296,24.494768],[54.385269,24.494751],[54.385089,24.494977],[54.385179,24.495047],[54.385266,24.495091],[54.385443,24.494869],[54.385372,24.494824],[54.385403,24.494783]]]}},{"type":"Feature","properties":{},"geometry":{"type":"Polygon","coordinates":[[[54.388101,24.495756],[54.388114,24.495864],[54.388187,24.495857],[54.388194,24.49592],[54.388451,24.495894],[54.388496,24.495844],[54.388485,24.495747],[54.388404,24.495755],[54.388398,24.495709],[54.388299,24.495719],[54.388296,24.49569],[54.388146,24.495705],[54.388101,24.495756]]]}},{"type":"Feature","properties":{},"geometry":{"type":"Polygon","coordinates":[[[54.387574,24.496068],[54.387349,24.496321],[54.387441,24.497014],[54.388192,24.496931],[54.388417,24.496678],[54.388325,24.495985],[54.387574,24.496068]]]}},{"type":"Feature","properties":{},"geometry":{"type":"Polygon","coordinates":[[[54.386532,24.497351],[54.386537,24.497396],[54.386503,24.497435],[54.386547,24.497797],[54.386586,24.497793],[54.386603,24.497929],[54.386577,24.497957],[54.386589,24.498051],[54.386629,24.498047],[54.386668,24.49837],[54.386637,24.498405],[54.386645,24.498474],[54.386695,24.49848],[54.386735,24.498808],[54.387107,24.498771],[54.387145,24.498729],[54.387136,24.498654],[54.387153,24.498652],[54.387246,24.498547],[54.387238,24.498474],[54.387521,24.498451],[54.387544,24.498644],[54.387694,24.498629],[54.387733,24.498585],[54.387769,24.498582],[54.387791,24.498556],[54.387798,24.498614],[54.38794,24.498599],[54.388313,24.498178],[54.388309,24.49815],[54.388688,24.498112],[54.388782,24.498006],[54.388734,24.497643],[54.388971,24.497388],[54.388964,24.497327],[54.388982,24.497306],[54.38896,24.497113],[54.388935,24.497116],[54.388926,24.497036],[54.388658,24.497062],[54.388649,24.496995],[54.387604,24.497104],[54.387521,24.497197],[54.38752,24.497188],[54.387077,24.497236],[54.387056,24.497078],[54.387313,24.497049],[54.387325,24.497035],[54.387311,24.496928],[54.38704,24.496954],[54.38694,24.496187],[54.386709,24.496212],[54.386615,24.496318],[54.386744,24.497292],[54.38657,24.497309],[54.386532,24.497351]]]}},{"type":"Feature","properties":{},"geometry":{"type":"Polygon","coordinates":[[[54.384421,24.497102],[54.384302,24.497247],[54.384371,24.497292],[54.384491,24.497147],[54.384421,24.497102]]]}},{"type":"Feature","properties":{},"geometry":{"type":"Polygon","coordinates":[[[54.389683,24.497601],[54.389601,24.497604],[54.389497,24.49771],[54.389504,24.497856],[54.389705,24.497844],[54.38975,24.497793],[54.389743,24.497623],[54.389684,24.497625],[54.389683,24.497601]]]}},{"type":"Feature","properties":{},"geometry":{"type":"Polygon","coordinates":[[[54.386821,24.498921],[54.386817,24.498866],[54.386647,24.498885],[54.386602,24.498936],[54.386608,24.49899],[54.386776,24.498972],[54.386821,24.498921]]]}},{"type":"Feature","properties":{},"geometry":{"type":"Polygon","coordinates":[[[54.388045,24.500163],[54.387841,24.500174],[54.387727,24.499275],[54.386775,24.499375],[54.386551,24.499629],[54.386543,24.499759],[54.386659,24.500047],[54.386396,24.500343],[54.386384,24.500378],[54.386396,24.500421],[54.386467,24.500464],[54.386604,24.500476],[54.38675,24.500476],[54.386783,24.500439],[54.386973,24.500421],[54.387234,24.500641],[54.387593,24.500604],[54.387666,24.500653],[54.387613,24.500714],[54.387622,24.500809],[54.387594,24.500841],[54.387606,24.500964],[54.387632,24.500962],[54.387643,24.501073],[54.387917,24.501051],[54.387991,24.501204],[54.388054,24.501142],[54.38806,24.50119],[54.387985,24.501275],[54.387999,24.501403],[54.388085,24.501396],[54.388099,24.501507],[54.388056,24.501555],[54.388063,24.501634],[54.387997,24.501815],[54.388043,24.50182],[54.388061,24.501943],[54.387935,24.502081],[54.387908,24.50206],[54.387792,24.502188],[54.387822,24.50221],[54.387873,24.502155],[54.387503,24.502598],[54.387529,24.502624],[54.387402,24.502907],[54.387509,24.502942],[54.387563,24.503062],[54.38752,24.50311],[54.387363,24.503126],[54.386823,24.503734],[54.386799,24.503859],[54.387131,24.503814],[54.387136,24.503999],[54.387692,24.503802],[54.388232,24.503194],[54.388072,24.503066],[54.388044,24.503077],[54.387963,24.502889],[54.388574,24.502833],[54.388621,24.50278],[54.388686,24.503298],[54.389899,24.503171],[54.389955,24.503108],[54.389896,24.502634],[54.390246,24.502594],[54.390323,24.503192],[54.391074,24.503129],[54.391157,24.503036],[54.391109,24.502603],[54.391336,24.502573],[54.391418,24.50248],[54.390984,24.498872],[54.391294,24.498858],[54.391913,24.49816],[54.391881,24.497941],[54.391505,24.497815],[54.391368,24.497883],[54.390959,24.498344],[54.390929,24.498107],[54.389896,24.498215],[54.389447,24.498722],[54.389491,24.499076],[54.38981,24.499042],[54.389794,24.49906],[54.389875,24.499691],[54.389471,24.499728],[54.389403,24.499085],[54.388005,24.4992],[54.387949,24.499264],[54.388045,24.500163]],[[54.389902,24.499923],[54.390219,24.502382],[54.389868,24.502417],[54.389851,24.502276],[54.389475,24.502316],[54.389783,24.501969],[54.389737,24.501471],[54.389597,24.501482],[54.389594,24.501451],[54.389464,24.501461],[54.389429,24.5015],[54.389347,24.501506],[54.389309,24.50155],[54.389295,24.501406],[54.38933,24.501337],[54.389388,24.501313],[54.389523,24.501329],[54.389629,24.501376],[54.389685,24.501313],[54.389647,24.500933],[54.389449,24.50104],[54.389368,24.501046],[54.389628,24.500753],[54.389567,24.500249],[54.389426,24.500263],[54.389421,24.500227],[54.389282,24.500242],[54.389242,24.500286],[54.389168,24.500294],[54.389134,24.500331],[54.389113,24.500147],[54.389034,24.500154],[54.389065,24.500119],[54.389059,24.50007],[54.389441,24.500035],[54.389496,24.499964],[54.389902,24.499923]],[[54.387915,24.502774],[54.387928,24.502773],[54.387933,24.502817],[54.387915,24.502774]],[[54.390597,24.498886],[54.390766,24.498695],[54.390785,24.498821],[54.390847,24.498858],[54.390597,24.498886]]]}},{"type":"Feature","properties":{},"geometry":{"type":"Polygon","coordinates":[[[54.389134,24.503267],[54.389089,24.503317],[54.389088,24.503371],[54.389195,24.503373],[54.38924,24.503322],[54.389242,24.503268],[54.389134,24.503267]]]}},{"type":"Feature","properties":{},"geometry":{"type":"Polygon","coordinates":[[[54.388914,24.503404],[54.388959,24.503353],[54.388952,24.503303],[54.388737,24.503327],[54.388692,24.503378],[54.388699,24.503429],[54.388914,24.503404]]]}},{"type":"Feature","properties":{},"geometry":{"type":"Polygon","coordinates":[[[54.38806,24.503632],[54.388048,24.50359],[54.387984,24.503605],[54.387939,24.503655],[54.38795,24.503697],[54.388015,24.503682],[54.38806,24.503632]]]}},{"type":"Feature","properties":{},"geometry":{"type":"Polygon","coordinates":[[[54.3874,24.503984],[54.387317,24.504091],[54.387325,24.504137],[54.387369,24.504131],[54.387413,24.50407],[54.387449,24.504066],[54.387448,24.504151],[54.387512,24.504149],[54.387557,24.504098],[54.387554,24.504018],[54.387518,24.504019],[54.387519,24.503969],[54.3874,24.503984]]]}},{"type":"Feature","properties":{},"geometry":{"type":"Polygon","coordinates":[[[54.389152,24.507028],[54.389107,24.507079],[54.389111,24.507113],[54.389206,24.507105],[54.389251,24.507055],[54.389248,24.507021],[54.389152,24.507028]]]}},{"type":"Feature","properties":{},"geometry":{"type":"Polygon","coordinates":[[[54.39058,24.482459],[54.390535,24.482509],[54.390518,24.482633],[54.390652,24.482645],[54.390697,24.482594],[54.390718,24.482472],[54.39058,24.482459]]]}},{"type":"Feature","properties":{},"geometry":{"type":"Polygon","coordinates":[[[54.390942,24.482565],[54.390897,24.482616],[54.39078,24.482823],[54.390867,24.482867],[54.390912,24.482816],[54.391035,24.482607],[54.390942,24.482565]]]}},{"type":"Feature","properties":{},"geometry":{"type":"Polygon","coordinates":[[[54.391062,24.48262],[54.391017,24.482671],[54.390902,24.482879],[54.390983,24.482917],[54.391028,24.482867],[54.391149,24.48266],[54.391062,24.48262]]]}},{"type":"Feature","properties":{},"geometry":{"type":"Polygon","coordinates":[[[54.390765,24.482792],[54.390518,24.482654],[54.390416,24.482786],[54.390665,24.482924],[54.390765,24.482792]]]}},{"type":"Feature","properties":{},"geometry":{"type":"Polygon","coordinates":[[[54.391056,24.482942],[54.390952,24.483075],[54.391193,24.483218],[54.391201,24.48321],[54.391125,24.483339],[54.391204,24.483378],[54.390865,24.483733],[54.39107,24.48388],[54.391408,24.483498],[54.391335,24.483443],[54.391353,24.483452],[54.391503,24.483283],[54.39158,24.48316],[54.391544,24.483142],[54.391667,24.483003],[54.391742,24.482883],[54.391509,24.482769],[54.391431,24.482858],[54.391462,24.482801],[54.391195,24.48268],[54.39111,24.482801],[54.391191,24.482839],[54.391105,24.482953],[54.39115,24.482976],[54.391191,24.48293],[54.391328,24.482992],[54.391281,24.483073],[54.391056,24.482942]]]}},{"type":"Feature","properties":{},"geometry":{"type":"Polygon","coordinates":[[[54.389997,24.482755],[54.389862,24.482875],[54.389927,24.482945],[54.390062,24.482824],[54.389997,24.482755]]]}},{"type":"Feature","properties":{},"geometry":{"type":"Polygon","coordinates":[[[54.392141,24.483051],[54.392042,24.483006],[54.391977,24.483094],[54.392073,24.48314],[54.392141,24.483051]]]}},{"type":"Feature","properties":{},"geometry":{"type":"Polygon","coordinates":[[[54.392281,24.483077],[54.392174,24.483027],[54.392101,24.483129],[54.392207,24.483178],[54.392281,24.483077]]]}},{"type":"Feature","properties":{},"geometry":{"type":"Polygon","coordinates":[[[54.392162,24.483269],[54.392216,24.483293],[54.392319,24.48314],[54.392267,24.483114],[54.392162,24.483269]]]}},{"type":"Feature","properties":{},"geometry":{"type":"Polygon","coordinates":[[[54.392334,24.483185],[54.392237,24.483362],[54.39233,24.483405],[54.392375,24.483354],[54.392476,24.48318],[54.392379,24.483134],[54.392334,24.483185]]]}},{"type":"Feature","properties":{},"geometry":{"type":"Polygon","coordinates":[[[54.391627,24.483427],[54.391532,24.483387],[54.391471,24.483468],[54.391567,24.483508],[54.391627,24.483427]]]}},{"type":"Feature","properties":{},"geometry":{"type":"Polygon","coordinates":[[[54.391141,24.483811],[54.391279,24.483947],[54.391411,24.48382],[54.391274,24.483685],[54.391141,24.483811]]]}},{"type":"Feature","properties":{},"geometry":{"type":"Polygon","coordinates":[[[54.390635,24.484498],[54.390754,24.484614],[54.39089,24.484485],[54.390771,24.484369],[54.390635,24.484498]]]}},{"type":"Feature","properties":{},"geometry":{"type":"Polygon","coordinates":[[[54.394386,24.488486],[54.394083,24.488828],[54.394166,24.488914],[54.393676,24.489467],[54.393718,24.489814],[54.393871,24.489799],[54.393873,24.489815],[54.393513,24.489847],[54.393237,24.48969],[54.392995,24.489698],[54.392939,24.489761],[54.392843,24.490149],[54.392802,24.490236],[54.392756,24.490287],[54.392729,24.490281],[54.392598,24.490361],[54.392349,24.490475],[54.392143,24.490511],[54.391935,24.490511],[54.391736,24.490465],[54.391679,24.490528],[54.391664,24.490565],[54.391676,24.490626],[54.391643,24.490663],[54.391595,24.490773],[54.391667,24.490842],[54.391886,24.490885],[54.392246,24.490997],[54.392319,24.490933],[54.392447,24.490933],[54.392513,24.49106],[54.392928,24.491006],[54.393244,24.491193],[54.393355,24.491058],[54.393436,24.491158],[54.393529,24.491212],[54.393635,24.491237],[54.39372,24.491233],[54.393411,24.491609],[54.393464,24.491753],[54.3938,24.491985],[54.395053,24.490483],[54.394882,24.49037],[54.394497,24.490409],[54.394352,24.490468],[54.394056,24.490825],[54.394011,24.490704],[54.393982,24.490674],[54.394156,24.490657],[54.394669,24.490078],[54.394662,24.490018],[54.394745,24.489924],[54.394704,24.489573],[54.394603,24.489582],[54.394592,24.489484],[54.394425,24.4895],[54.394585,24.489319],[54.394582,24.489289],[54.394664,24.489197],[54.394622,24.488843],[54.395185,24.488219],[54.395126,24.488159],[54.395209,24.488065],[54.395036,24.487889],[54.394934,24.487741],[54.39537,24.487249],[54.395338,24.487219],[54.395256,24.487186],[54.395144,24.487174],[54.395019,24.487192],[54.394752,24.487481],[54.39462,24.487343],[54.394572,24.487382],[54.394555,24.487364],[54.394369,24.487515],[54.394285,24.487609],[54.394275,24.4876],[54.394095,24.487756],[54.393945,24.487925],[54.393957,24.487936],[54.393917,24.487982],[54.394048,24.488108],[54.393973,24.488193],[54.394296,24.488557],[54.394386,24.488486]],[[54.393908,24.489914],[54.394015,24.489904],[54.393924,24.490006],[54.393908,24.489914]],[[54.393951,24.490531],[54.393966,24.490656],[54.393842,24.490574],[54.393779,24.49056],[54.393798,24.490541],[54.393951,24.490531]]]}},{"type":"Feature","properties":{},"geometry":{"type":"Polygon","coordinates":[[[54.392407,24.489052],[54.3926,24.489147],[54.392783,24.489315],[54.39283,24.489382],[54.393199,24.489234],[54.393216,24.489339],[54.393747,24.489269],[54.393803,24.489206],[54.39375,24.488869],[54.393172,24.488945],[54.393098,24.488906],[54.393043,24.488846],[54.393017,24.488786],[54.39301,24.488722],[54.393044,24.488623],[54.393125,24.488581],[54.393651,24.488535],[54.393708,24.488472],[54.393649,24.487917],[54.392872,24.487985],[54.392816,24.488048],[54.392853,24.488404],[54.392651,24.488654],[54.392483,24.488575],[54.392314,24.488534],[54.392254,24.488616],[54.392215,24.488605],[54.392159,24.488668],[54.392068,24.489003],[54.392247,24.489012],[54.392407,24.489052]]]}},{"type":"Feature","properties":{},"geometry":{"type":"Polygon","coordinates":[[[54.392278,24.491713],[54.392394,24.491582],[54.392671,24.491553],[54.392896,24.4913],[54.392869,24.491091],[54.392169,24.491164],[54.391944,24.491417],[54.391985,24.491744],[54.392278,24.491713]]]}},{"type":"Feature","properties":{},"geometry":{"type":"Polygon","coordinates":[[[54.393984,24.49204],[54.393228,24.492896],[54.39347,24.49307],[54.393504,24.493031],[54.393607,24.493105],[54.393905,24.492768],[54.394032,24.492852],[54.394111,24.492764],[54.394201,24.492823],[54.394519,24.492465],[54.394582,24.49251],[54.395234,24.491772],[54.395154,24.491714],[54.395487,24.491335],[54.395392,24.491267],[54.395435,24.491218],[54.395338,24.491148],[54.395626,24.490818],[54.395387,24.490647],[54.39453,24.491618],[54.394616,24.491681],[54.394456,24.491865],[54.394501,24.491896],[54.394221,24.492211],[54.393984,24.49204]]]}},{"type":"Feature","properties":{},"geometry":{"type":"Polygon","coordinates":[[[54.392229,24.493509],[54.39287,24.492786],[54.392808,24.492401],[54.392674,24.492419],[54.392963,24.492093],[54.39299,24.491892],[54.392934,24.491532],[54.39246,24.491593],[54.391831,24.492303],[54.391913,24.492832],[54.391585,24.493201],[54.391648,24.493587],[54.392229,24.493509]]]}},{"type":"Feature","properties":{},"geometry":{"type":"Polygon","coordinates":[[[54.390587,24.492771],[54.390354,24.492993],[54.39046,24.493089],[54.390693,24.492868],[54.390587,24.492771]]]}},{"type":"Feature","properties":{},"geometry":{"type":"Polygon","coordinates":[[[54.393515,24.494441],[54.393367,24.494459],[54.393343,24.494486],[54.39331,24.49449],[54.39316,24.494659],[54.393195,24.494899],[54.393464,24.494867],[54.393613,24.494698],[54.393582,24.494482],[54.393522,24.49449],[54.393515,24.494441]]]}},{"type":"Feature","properties":{},"geometry":{"type":"Polygon","coordinates":[[[54.392516,24.496334],[54.392572,24.496291],[54.393431,24.496206],[54.393497,24.496133],[54.393515,24.496262],[54.393639,24.496248],[54.393844,24.496065],[54.39406,24.49604],[54.394285,24.495786],[54.3942,24.495176],[54.393632,24.495242],[54.393567,24.495316],[54.392676,24.495443],[54.392451,24.495697],[54.392516,24.496334]]]}},{"type":"Feature","properties":{},"geometry":{"type":"Polygon","coordinates":[[[54.390464,24.496395],[54.390509,24.496344],[54.390506,24.49627],[54.390472,24.496271],[54.390514,24.496224],[54.390523,24.496383],[54.390598,24.496379],[54.390643,24.496328],[54.39063,24.496099],[54.390576,24.495677],[54.390109,24.495729],[54.390064,24.49578],[54.39007,24.495887],[54.390001,24.495966],[54.390026,24.496169],[54.389922,24.496286],[54.389931,24.496361],[54.389948,24.496359],[54.38998,24.496617],[54.390164,24.496598],[54.390347,24.496393],[54.390464,24.496395]]]}},{"type":"Feature","properties":{},"geometry":{"type":"Polygon","coordinates":[[[54.389841,24.495821],[54.389796,24.495872],[54.389817,24.495979],[54.38991,24.495964],[54.389955,24.495913],[54.389935,24.495807],[54.389841,24.495821]]]}},{"type":"Feature","properties":{},"geometry":{"type":"Polygon","coordinates":[[[54.391541,24.496979],[54.391496,24.497029],[54.391498,24.497068],[54.391618,24.497063],[54.391663,24.497013],[54.391661,24.496974],[54.391541,24.496979]]]}},{"type":"Feature","properties":{},"geometry":{"type":"Polygon","coordinates":[[[54.391377,24.497036],[54.391376,24.49707],[54.391451,24.497072],[54.391496,24.497021],[54.391497,24.496987],[54.391422,24.496985],[54.391377,24.497036]]]}},{"type":"Feature","properties":{},"geometry":{"type":"Polygon","coordinates":[[[54.391562,24.497141],[54.39157,24.497178],[54.391625,24.497169],[54.39167,24.497118],[54.391662,24.49708],[54.391607,24.49709],[54.391562,24.497141]]]}},{"type":"Feature","properties":{},"geometry":{"type":"Polygon","coordinates":[[[54.391185,24.497292],[54.391298,24.497295],[54.391343,24.497244],[54.391345,24.497181],[54.391275,24.497179],[54.391304,24.497146],[54.391309,24.497052],[54.391186,24.49705],[54.391141,24.497101],[54.391139,24.497195],[54.391216,24.497196],[54.391187,24.497228],[54.391185,24.497292]]]}},{"type":"Feature","properties":{},"geometry":{"type":"Polygon","coordinates":[[[54.394165,24.497644],[54.394416,24.497762],[54.394544,24.497696],[54.39466,24.497602],[54.394885,24.497348],[54.394879,24.497305],[54.394997,24.497172],[54.39503,24.497114],[54.394542,24.496821],[54.394085,24.497359],[54.394165,24.497644]]]}},{"type":"Feature","properties":{},"geometry":{"type":"Polygon","coordinates":[[[54.393313,24.498116],[54.393268,24.498167],[54.393265,24.498247],[54.393307,24.498248],[54.393352,24.498198],[54.393355,24.498117],[54.393313,24.498116]]]}},{"type":"Feature","properties":{},"geometry":{"type":"Polygon","coordinates":[[[54.393241,24.498913],[54.393397,24.499919],[54.395145,24.499725],[54.39537,24.499471],[54.39526,24.498664],[54.395136,24.498542],[54.393466,24.49866],[54.393241,24.498913]]]}},{"type":"Feature","properties":{},"geometry":{"type":"Polygon","coordinates":[[[54.391889,24.500727],[54.391623,24.500751],[54.391473,24.50092],[54.39151,24.501168],[54.391771,24.501138],[54.391921,24.500969],[54.391889,24.500727]]]}},{"type":"Feature","properties":{},"geometry":{"type":"Polygon","coordinates":[[[54.392146,24.503721],[54.392191,24.50367],[54.392183,24.503621],[54.392091,24.503633],[54.392046,24.503684],[54.392054,24.503733],[54.392146,24.503721]]]}},{"type":"Feature","properties":{},"geometry":{"type":"Polygon","coordinates":[[[54.392463,24.503763],[54.392418,24.503814],[54.392418,24.503863],[54.392509,24.503861],[54.392554,24.503811],[54.392554,24.503762],[54.392463,24.503763]]]}},{"type":"Feature","properties":{},"geometry":{"type":"Polygon","coordinates":[[[54.392105,24.503737],[54.39206,24.503788],[54.392066,24.50389],[54.392229,24.503882],[54.392274,24.503831],[54.392268,24.503729],[54.392105,24.503737]]]}},{"type":"Feature","properties":{},"geometry":{"type":"Polygon","coordinates":[[[54.392459,24.504452],[54.392504,24.504401],[54.3925,24.504348],[54.392547,24.504336],[54.392592,24.504285],[54.39258,24.504249],[54.392511,24.504268],[54.392496,24.504285],[54.392488,24.504165],[54.392396,24.50417],[54.392545,24.504152],[54.39259,24.504102],[54.392558,24.503881],[54.392347,24.503906],[54.392302,24.503957],[54.392334,24.504178],[54.39238,24.504172],[54.392336,24.504222],[54.392352,24.504458],[54.392459,24.504452]]]}},{"type":"Feature","properties":{},"geometry":{"type":"Polygon","coordinates":[[[54.39206,24.50494],[54.39213,24.504933],[54.392136,24.504994],[54.392191,24.504989],[54.392236,24.504938],[54.392234,24.504923],[54.392411,24.504905],[54.392437,24.505125],[54.392547,24.505114],[54.392592,24.505063],[54.392564,24.504827],[54.392653,24.504727],[54.39262,24.504452],[54.392271,24.504487],[54.392329,24.504421],[54.392272,24.503917],[54.392164,24.503927],[54.392107,24.503991],[54.392104,24.503938],[54.392054,24.50394],[54.392009,24.503991],[54.392072,24.504601],[54.392086,24.504599],[54.392027,24.504665],[54.39206,24.50494]]]}},{"type":"Feature","properties":{},"geometry":{"type":"Polygon","coordinates":[[[54.392319,24.505083],[54.392274,24.505134],[54.392277,24.505244],[54.392389,24.505241],[54.392434,24.505191],[54.392431,24.505081],[54.392319,24.505083]]]}},{"type":"Feature","properties":{},"geometry":{"type":"Polygon","coordinates":[[[54.392208,24.505104],[54.392163,24.505155],[54.392166,24.505264],[54.392224,24.505263],[54.392269,24.505212],[54.392266,24.505103],[54.392208,24.505104]]]}},{"type":"Feature","properties":{},"geometry":{"type":"Polygon","coordinates":[[[54.392522,24.505149],[54.392372,24.505318],[54.392408,24.505817],[54.392623,24.505805],[54.392773,24.505636],[54.392737,24.505136],[54.392522,24.505149]]]}},{"type":"Feature","properties":{},"geometry":{"type":"Polygon","coordinates":[[[54.389795,24.505218],[54.389595,24.505435],[54.389613,24.505665],[54.389666,24.505662],[54.389692,24.50598],[54.389906,24.505966],[54.390056,24.505797],[54.389993,24.505205],[54.389795,24.505218]]]}},{"type":"Feature","properties":{},"geometry":{"type":"Polygon","coordinates":[[[54.39182,24.506897],[54.391865,24.506847],[54.391859,24.506801],[54.39177,24.50681],[54.391725,24.506861],[54.391731,24.506907],[54.39182,24.506897]]]}},{"type":"Feature","properties":{},"geometry":{"type":"Polygon","coordinates":[[[54.391933,24.506919],[54.391956,24.50701],[54.392022,24.506996],[54.392098,24.506888],[54.392088,24.506846],[54.391978,24.506869],[54.391933,24.506919]]]}},{"type":"Feature","properties":{},"geometry":{"type":"Polygon","coordinates":[[[54.39188,24.506896],[54.391835,24.506947],[54.391843,24.507008],[54.391879,24.507004],[54.391924,24.506953],[54.391916,24.506892],[54.39188,24.506896]]]}},{"type":"Feature","properties":{},"geometry":{"type":"Polygon","coordinates":[[[54.39253,24.506794],[54.39238,24.506963],[54.392406,24.507306],[54.392591,24.507294],[54.392741,24.507125],[54.392715,24.506783],[54.39253,24.506794]]]}},{"type":"Feature","properties":{},"geometry":{"type":"Polygon","coordinates":[[[54.391769,24.507106],[54.391771,24.507195],[54.391897,24.507192],[54.391942,24.507142],[54.39194,24.507053],[54.391814,24.507055],[54.391769,24.507106]]]}},{"type":"Feature","properties":{},"geometry":{"type":"Polygon","coordinates":[[[54.392859,24.507211],[54.392866,24.507265],[54.392947,24.507256],[54.392992,24.507205],[54.392985,24.507152],[54.392904,24.50716],[54.392859,24.507211]]]}},{"type":"Feature","properties":{},"geometry":{"type":"Polygon","coordinates":[[[54.391531,24.507352],[54.391381,24.507521],[54.391391,24.507659],[54.391794,24.507635],[54.391944,24.507466],[54.391934,24.507327],[54.391531,24.507352]]]}},{"type":"Feature","properties":{},"geometry":{"type":"Polygon","coordinates":[[[54.391047,24.507429],[54.391002,24.50748],[54.391001,24.50756],[54.391134,24.507562],[54.391179,24.507511],[54.39118,24.507431],[54.391047,24.507429]]]}},{"type":"Feature","properties":{},"geometry":{"type":"Polygon","coordinates":[[[54.393043,24.508787],[54.393058,24.508771],[54.393057,24.508781],[54.393171,24.508785],[54.393216,24.508734],[54.393217,24.5087],[54.393104,24.508696],[54.393088,24.508714],[54.39297,24.508709],[54.392925,24.50876],[54.392925,24.50879],[54.393043,24.508787]]]}},{"type":"Feature","properties":{},"geometry":{"type":"Polygon","coordinates":[[[54.393144,24.509477],[54.393184,24.509544],[54.393096,24.509587],[54.393051,24.509637],[54.393093,24.50971],[54.393077,24.509729],[54.393021,24.509696],[54.392947,24.509788],[54.392998,24.509817],[54.392955,24.509866],[54.393062,24.510041],[54.3934,24.50987],[54.393442,24.509822],[54.39357,24.509757],[54.393795,24.509504],[54.393609,24.5092],[54.393658,24.509149],[54.393655,24.509094],[54.393604,24.509096],[54.393569,24.509135],[54.393563,24.509125],[54.393369,24.509224],[54.393144,24.509477]]]}},{"type":"Feature","properties":{},"geometry":{"type":"Polygon","coordinates":[[[54.393773,24.509439],[54.39381,24.509499],[54.393889,24.50943],[54.393853,24.509371],[54.393773,24.509439]]]}},{"type":"Feature","properties":{},"geometry":{"type":"Polygon","coordinates":[[[54.394119,24.509751],[54.394058,24.50966],[54.394035,24.509673],[54.394052,24.509655],[54.394018,24.509606],[54.393933,24.509679],[54.393967,24.509728],[54.393988,24.509716],[54.393972,24.509734],[54.394025,24.509813],[54.393986,24.509858],[54.394032,24.509945],[54.394128,24.509903],[54.394173,24.509852],[54.394128,24.509765],[54.394094,24.50978],[54.394119,24.509751]]]}},{"type":"Feature","properties":{},"geometry":{"type":"Polygon","coordinates":[[[54.393869,24.509955],[54.393824,24.510006],[54.393829,24.510042],[54.393871,24.510036],[54.393916,24.509985],[54.393911,24.50995],[54.393869,24.509955]]]}},{"type":"Feature","properties":{},"geometry":{"type":"Polygon","coordinates":[[[54.393848,24.510074],[54.393815,24.510112],[54.393764,24.510129],[54.393719,24.51018],[54.393741,24.510233],[54.3938,24.510213],[54.393831,24.510179],[54.393986,24.510119],[54.393947,24.510163],[54.393991,24.510244],[54.394066,24.51021],[54.394111,24.510159],[54.39407,24.510083],[54.39415,24.510049],[54.394195,24.509998],[54.394163,24.509938],[54.393848,24.510074]]]}},{"type":"Feature","properties":{},"geometry":{"type":"Polygon","coordinates":[[[54.394225,24.510094],[54.394111,24.510211],[54.394208,24.510293],[54.394351,24.510146],[54.39429,24.510095],[54.39426,24.510124],[54.394225,24.510094]]]}},{"type":"Feature","properties":{},"geometry":{"type":"Polygon","coordinates":[[[54.406771,24.479935],[54.406634,24.480063],[54.406698,24.480127],[54.406836,24.48],[54.406771,24.479935]]]}},{"type":"Feature","properties":{},"geometry":{"type":"Polygon","coordinates":[[[54.406099,24.480349],[54.406324,24.480095],[54.406294,24.480048],[54.40643,24.479895],[54.406373,24.479805],[54.406268,24.479861],[54.406256,24.479841],[54.406281,24.479812],[54.406176,24.479648],[54.405927,24.479779],[54.405702,24.480033],[54.405712,24.480048],[54.405551,24.48023],[54.405571,24.480261],[54.405512,24.480328],[54.405575,24.480427],[54.405591,24.480419],[54.405654,24.480548],[54.405669,24.480541],[54.40568,24.480559],[54.406099,24.480349]]]}},{"type":"Feature","properties":{},"geometry":{"type":"Polygon","coordinates":[[[54.406294,24.480388],[54.406104,24.480529],[54.406059,24.480579],[54.406107,24.480625],[54.406021,24.480723],[54.406064,24.480765],[54.406105,24.480731],[54.406287,24.48091],[54.406433,24.480787],[54.406583,24.480618],[54.406429,24.480467],[54.406479,24.480403],[54.406467,24.480396],[54.406523,24.480297],[54.406404,24.480249],[54.406294,24.480388]]]}},{"type":"Feature","properties":{},"geometry":{"type":"Polygon","coordinates":[[[54.404778,24.481186],[54.404895,24.4811],[54.404904,24.481111],[54.405014,24.48103],[54.405067,24.48097],[54.405121,24.481031],[54.405143,24.481014],[54.405164,24.481038],[54.405283,24.480951],[54.405508,24.480697],[54.405367,24.480537],[54.405263,24.480613],[54.405173,24.48051],[54.405027,24.480617],[54.404982,24.480566],[54.404751,24.480736],[54.404526,24.480989],[54.404645,24.481124],[54.404595,24.481176],[54.404613,24.48121],[54.404685,24.481169],[54.404723,24.481212],[54.40477,24.481177],[54.404778,24.481186]]]}},{"type":"Feature","properties":{},"geometry":{"type":"Polygon","coordinates":[[[54.40422,24.481567],[54.404445,24.481313],[54.404282,24.481036],[54.403673,24.48131],[54.403448,24.481563],[54.403692,24.481837],[54.40422,24.481567]]]}},{"type":"Feature","properties":{},"geometry":{"type":"Polygon","coordinates":[[[54.405853,24.481655],[54.405846,24.481639],[54.405621,24.481752],[54.405456,24.481938],[54.405398,24.481892],[54.404953,24.482378],[54.404924,24.4825],[54.40495,24.48264],[54.404999,24.482724],[54.405027,24.482714],[54.40508,24.48282],[54.405314,24.482705],[54.405479,24.482519],[54.405543,24.482577],[54.405783,24.482427],[54.405877,24.482321],[54.405891,24.482332],[54.406119,24.482185],[54.406456,24.481804],[54.406244,24.481517],[54.406178,24.481406],[54.406001,24.481509],[54.405853,24.481655]]]}},{"type":"Feature","properties":{},"geometry":{"type":"Polygon","coordinates":[[[54.406224,24.482763],[54.406558,24.483272],[54.406734,24.483177],[54.406884,24.483008],[54.40655,24.482498],[54.406504,24.482523],[54.406525,24.4825],[54.406485,24.482446],[54.406291,24.482575],[54.406107,24.48267],[54.406062,24.48272],[54.406098,24.482778],[54.406304,24.482672],[54.406224,24.482763]]]}},{"type":"Feature","properties":{},"geometry":{"type":"Polygon","coordinates":[[[54.403033,24.483214],[54.40318,24.483131],[54.403255,24.483046],[54.403079,24.482706],[54.402754,24.48227],[54.402445,24.482395],[54.402362,24.482355],[54.402377,24.482242],[54.402291,24.482238],[54.401346,24.483238],[54.401347,24.483355],[54.401388,24.483419],[54.401563,24.483459],[54.401761,24.483374],[54.402076,24.483289],[54.402495,24.4833],[54.40302,24.48348],[54.403095,24.483396],[54.403033,24.483214]]]}},{"type":"Feature","properties":{},"geometry":{"type":"Polygon","coordinates":[[[54.405619,24.484873],[54.405743,24.48448],[54.405619,24.484465],[54.405703,24.48437],[54.405703,24.483852],[54.405455,24.483133],[54.405126,24.483265],[54.404901,24.483518],[54.40504,24.483989],[54.404939,24.484017],[54.404714,24.48427],[54.404769,24.484612],[54.404822,24.484613],[54.404646,24.484811],[54.404568,24.485153],[54.405248,24.485291],[54.405619,24.484873]]]}},{"type":"Feature","properties":{},"geometry":{"type":"Polygon","coordinates":[[[54.403923,24.485863],[54.404147,24.485609],[54.404367,24.485274],[54.404472,24.48503],[54.404542,24.48481],[54.40454,24.484515],[54.403751,24.484451],[54.403526,24.484705],[54.403395,24.485152],[54.403327,24.485279],[54.403115,24.485519],[54.403727,24.486054],[54.403923,24.485863]]]}},{"type":"Feature","properties":{},"geometry":{"type":"Polygon","coordinates":[[[54.406754,24.485552],[54.406668,24.485663],[54.406773,24.485722],[54.406859,24.48561],[54.406754,24.485552]]]}},{"type":"Feature","properties":{},"geometry":{"type":"Polygon","coordinates":[[[54.40406,24.486285],[54.404023,24.48626],[54.403971,24.486254],[54.403234,24.486607],[54.403122,24.486734],[54.403331,24.487286],[54.403365,24.48732],[54.403418,24.487334],[54.403655,24.48725],[54.404009,24.487059],[54.404277,24.486863],[54.40439,24.486736],[54.404417,24.486697],[54.404408,24.486649],[54.40406,24.486285]],[[54.403623,24.486912],[54.403577,24.486785],[54.403834,24.486647],[54.403925,24.486759],[54.403623,24.486912]]]}},{"type":"Feature","properties":{},"geometry":{"type":"Polygon","coordinates":[[[54.400518,24.486377],[54.400453,24.486481],[54.399944,24.487046],[54.400411,24.487375],[54.400529,24.487412],[54.400641,24.48737],[54.400866,24.487117],[54.401207,24.486363],[54.400743,24.486123],[54.400518,24.486377]]]}},{"type":"Feature","properties":{},"geometry":{"type":"Polygon","coordinates":[[[54.406127,24.487642],[54.405832,24.487429],[54.405446,24.487873],[54.405743,24.488092],[54.406127,24.487642]]]}},{"type":"Feature","properties":{},"geometry":{"type":"Polygon","coordinates":[[[54.402625,24.488136],[54.402288,24.488086],[54.401773,24.487981],[54.401144,24.487765],[54.400111,24.487303],[54.399543,24.486934],[54.398968,24.486502],[54.397509,24.488105],[54.398649,24.488959],[54.399971,24.489653],[54.400741,24.489967],[54.401532,24.490137],[54.402375,24.490197],[54.40288,24.489596],[54.402625,24.488136]]]}},{"type":"Feature","properties":{},"geometry":{"type":"Polygon","coordinates":[[[54.407318,24.487873],[54.406497,24.488337],[54.406272,24.488591],[54.406552,24.488999],[54.406895,24.488804],[54.406679,24.489048],[54.406958,24.489456],[54.407364,24.489226],[54.407404,24.489181],[54.40742,24.489202],[54.407796,24.488972],[54.40802,24.488719],[54.407768,24.488343],[54.407361,24.488562],[54.407331,24.488596],[54.407312,24.488569],[54.407373,24.488535],[54.407598,24.488281],[54.407318,24.487873]]]}},{"type":"Feature","properties":{},"geometry":{"type":"Polygon","coordinates":[[[54.400402,24.490694],[54.400362,24.490428],[54.400058,24.490467],[54.399908,24.490636],[54.399948,24.490901],[54.400252,24.490863],[54.400402,24.490694]]]}},{"type":"Feature","properties":{},"geometry":{"type":"Polygon","coordinates":[[[54.398453,24.491905],[54.398496,24.492227],[54.398622,24.492209],[54.398667,24.492158],[54.398624,24.49184],[54.398498,24.491854],[54.398453,24.491905]]]}},{"type":"Feature","properties":{},"geometry":{"type":"Polygon","coordinates":[[[54.399095,24.49242],[54.399082,24.49232],[54.398848,24.492349],[54.398825,24.492216],[54.398753,24.492225],[54.398708,24.492276],[54.398736,24.492511],[54.39905,24.492471],[54.399095,24.49242]]]}},{"type":"Feature","properties":{},"geometry":{"type":"Polygon","coordinates":[[[54.398525,24.492233],[54.39848,24.492284],[54.398525,24.492613],[54.398602,24.492604],[54.398647,24.492553],[54.398602,24.492224],[54.398525,24.492233]]]}},{"type":"Feature","properties":{},"geometry":{"type":"Polygon","coordinates":[[[54.395653,24.492258],[54.395504,24.492427],[54.395438,24.492726],[54.395847,24.4928],[54.395997,24.492631],[54.396062,24.492332],[54.395653,24.492258]]]}},{"type":"Feature","properties":{},"geometry":{"type":"Polygon","coordinates":[[[54.406379,24.492879],[54.406204,24.493057],[54.406301,24.493139],[54.406476,24.49296],[54.406379,24.492879]]]}},{"type":"Feature","properties":{},"geometry":{"type":"Polygon","coordinates":[[[54.406247,24.492254],[54.405376,24.492715],[54.405328,24.492769],[54.405293,24.493054],[54.406152,24.493782],[54.406527,24.493456],[54.405956,24.492983],[54.406315,24.492642],[54.406169,24.49254],[54.406307,24.492476],[54.406355,24.492421],[54.406247,24.492254]]]}},{"type":"Feature","properties":{},"geometry":{"type":"Polygon","coordinates":[[[54.399918,24.49302],[54.399694,24.493274],[54.399748,24.493659],[54.400479,24.493574],[54.400704,24.493321],[54.400649,24.492935],[54.399918,24.49302]]]}},{"type":"Feature","properties":{},"geometry":{"type":"Polygon","coordinates":[[[54.403241,24.495119],[54.403323,24.495163],[54.40373,24.494704],[54.40382,24.494751],[54.404045,24.494498],[54.404185,24.494278],[54.404124,24.494246],[54.404554,24.493571],[54.404527,24.493557],[54.404581,24.493471],[54.404418,24.493385],[54.404349,24.493462],[54.404296,24.493434],[54.404047,24.493458],[54.403952,24.493565],[54.403873,24.493527],[54.403708,24.493544],[54.403703,24.493509],[54.403359,24.493544],[54.403048,24.49388],[54.403062,24.493994],[54.402721,24.494379],[54.402772,24.494798],[54.402891,24.494786],[54.402951,24.494719],[54.402967,24.494717],[54.40297,24.494747],[54.403069,24.494737],[54.403194,24.494597],[54.403351,24.494581],[54.403091,24.494989],[54.403198,24.495045],[54.403216,24.495024],[54.40328,24.495058],[54.403241,24.495119]]]}},{"type":"Feature","properties":{},"geometry":{"type":"Polygon","coordinates":[[[54.406429,24.495362],[54.406415,24.495381],[54.406475,24.495419],[54.406441,24.495457],[54.406551,24.495563],[54.406627,24.495498],[54.406748,24.495341],[54.406659,24.495587],[54.406557,24.496151],[54.405723,24.497091],[54.405669,24.497196],[54.405694,24.497277],[54.40574,24.497299],[54.405788,24.497301],[54.40565,24.497457],[54.405583,24.497719],[54.405731,24.497919],[54.405811,24.498088],[54.405862,24.498359],[54.40587,24.498576],[54.40586,24.498781],[54.405822,24.498935],[54.405731,24.499102],[54.405674,24.499177],[54.405367,24.499437],[54.405053,24.499607],[54.404746,24.499696],[54.404585,24.499714],[54.404949,24.499303],[54.405003,24.499285],[54.405168,24.499152],[54.405252,24.499057],[54.405358,24.498901],[54.40544,24.498736],[54.405445,24.498549],[54.405429,24.498461],[54.405388,24.498458],[54.405412,24.498398],[54.405332,24.498066],[54.405283,24.498019],[54.405209,24.498001],[54.405129,24.498028],[54.404692,24.498528],[54.404741,24.49868],[54.404717,24.498719],[54.404569,24.498791],[54.404451,24.498802],[54.404327,24.498776],[54.404234,24.498809],[54.404127,24.498878],[54.40407,24.498943],[54.404006,24.498969],[54.403604,24.499422],[54.403558,24.499379],[54.403484,24.499365],[54.403422,24.499423],[54.403154,24.499593],[54.403093,24.499605],[54.402681,24.50007],[54.402667,24.500097],[54.402675,24.500133],[54.402742,24.500219],[54.402836,24.500267],[54.402857,24.500263],[54.402897,24.500223],[54.403198,24.500044],[54.403222,24.500043],[54.403307,24.499957],[54.403392,24.500037],[54.403497,24.500107],[54.403667,24.500174],[54.403664,24.500209],[54.40368,24.500222],[54.403657,24.500248],[54.40367,24.500572],[54.403698,24.500574],[54.403719,24.500596],[54.403697,24.500626],[54.403701,24.500648],[54.403771,24.500694],[54.403887,24.500695],[54.403924,24.500679],[54.404353,24.500188],[54.404328,24.500137],[54.404329,24.499924],[54.404356,24.499916],[54.404429,24.499843],[54.404425,24.500161],[54.404222,24.50041],[54.404265,24.500435],[54.404229,24.500508],[54.404234,24.500611],[54.404274,24.500656],[54.404312,24.500659],[54.404399,24.500622],[54.404469,24.500562],[54.404493,24.500576],[54.404713,24.500332],[54.404769,24.500319],[54.404853,24.500376],[54.404842,24.500421],[54.404962,24.500443],[54.404982,24.500421],[54.405082,24.500431],[54.405167,24.500405],[54.405378,24.500168],[54.405431,24.500178],[54.405464,24.50016],[54.405583,24.500026],[54.405868,24.499807],[54.406255,24.499347],[54.406373,24.499138],[54.406474,24.49889],[54.406529,24.498602],[54.406545,24.49833],[54.406522,24.498107],[54.406444,24.497802],[54.405907,24.497705],[54.406053,24.497539],[54.406089,24.497391],[54.405991,24.497375],[54.406007,24.497326],[54.405845,24.497296],[54.405954,24.497262],[54.406047,24.497211],[54.406195,24.497078],[54.406282,24.497392],[54.40659,24.497311],[54.406682,24.497209],[54.406693,24.497248],[54.406955,24.497179],[54.407,24.497129],[54.406997,24.497208],[54.407094,24.497217],[54.407062,24.497259],[54.407066,24.497336],[54.407134,24.497435],[54.407237,24.497521],[54.407431,24.497619],[54.407577,24.497656],[54.407738,24.497662],[54.407805,24.497634],[54.407928,24.497499],[54.408338,24.497727],[54.409159,24.497337],[54.40953,24.496918],[54.409385,24.496689],[54.408698,24.496996],[54.408459,24.4969],[54.408918,24.496381],[54.408932,24.49632],[54.408891,24.496233],[54.408809,24.496152],[54.408693,24.496072],[54.408481,24.495984],[54.408504,24.495925],[54.408263,24.495794],[54.408543,24.495382],[54.408773,24.495504],[54.409074,24.495553],[54.409433,24.495533],[54.409777,24.49544],[54.409964,24.495229],[54.409867,24.495048],[54.409653,24.494565],[54.40954,24.494014],[54.409518,24.493451],[54.409564,24.493205],[54.409532,24.493029],[54.409064,24.493135],[54.408549,24.493307],[54.407982,24.493622],[54.407631,24.493885],[54.406411,24.495273],[54.40635,24.49524],[54.40626,24.495358],[54.406326,24.495395],[54.40638,24.495331],[54.406429,24.495362]],[[54.406993,24.496178],[54.407118,24.49627],[54.407768,24.496326],[54.407859,24.496354],[54.407581,24.496668],[54.407491,24.496658],[54.407374,24.496789],[54.407376,24.496766],[54.407136,24.496768],[54.407036,24.496881],[54.407014,24.496758],[54.406722,24.496827],[54.406679,24.496875],[54.406656,24.496773],[54.406412,24.496833],[54.406993,24.496178]],[[54.403978,24.499724],[54.404027,24.499706],[54.404322,24.499376],[54.404323,24.499386],[54.404352,24.499387],[54.40401,24.499787],[54.403978,24.499724]],[[54.403667,24.499643],[54.403606,24.499672],[54.403579,24.49965],[54.403608,24.499616],[54.403667,24.499643]],[[54.406994,24.495087],[54.40717,24.494933],[54.40766,24.494626],[54.408289,24.495008],[54.408345,24.495169],[54.408431,24.495276],[54.40813,24.495719],[54.406994,24.495087]]]}},{"type":"Feature","properties":{},"geometry":{"type":"Polygon","coordinates":[[[54.406448,24.495591],[54.406395,24.495503],[54.406312,24.495545],[54.406267,24.495596],[54.40632,24.495684],[54.406391,24.495648],[54.406316,24.495775],[54.406501,24.495854],[54.406546,24.495803],[54.406617,24.495665],[54.406485,24.495609],[54.406457,24.495641],[54.406419,24.495624],[54.406448,24.495591]]]}},{"type":"Feature","properties":{},"geometry":{"type":"Polygon","coordinates":[[[54.406179,24.495854],[54.406206,24.495869],[54.406297,24.495754],[54.40627,24.495738],[54.406179,24.495854]]]}},{"type":"Feature","properties":{},"geometry":{"type":"Polygon","coordinates":[[[54.406241,24.496042],[54.406239,24.496021],[54.406202,24.496007],[54.40619,24.495968],[54.406167,24.495971],[54.406122,24.496022],[54.406128,24.496061],[54.406157,24.496086],[54.406196,24.496093],[54.406241,24.496042]]]}},{"type":"Feature","properties":{},"geometry":{"type":"Polygon","coordinates":[[[54.4064,24.496166],[54.406327,24.496131],[54.406267,24.496209],[54.40634,24.496243],[54.4064,24.496166]]]}},{"type":"Feature","properties":{},"geometry":{"type":"Polygon","coordinates":[[[54.403016,24.498458],[54.402864,24.498563],[54.40278,24.498657],[54.402673,24.498838],[54.402656,24.498968],[54.402675,24.499079],[54.402725,24.499135],[54.401752,24.500233],[54.401713,24.500298],[54.401768,24.500333],[54.401793,24.500368],[54.401806,24.500413],[54.401799,24.500471],[54.401964,24.500496],[54.40211,24.500479],[54.402226,24.500437],[54.402354,24.500349],[54.403468,24.499094],[54.403515,24.499023],[54.403464,24.498982],[54.403434,24.49893],[54.403429,24.498854],[54.403492,24.498764],[54.403597,24.498694],[54.403653,24.49863],[54.403647,24.498617],[54.40387,24.498526],[54.404011,24.498442],[54.404149,24.498291],[54.404172,24.498239],[54.404156,24.498184],[54.404257,24.49807],[54.404264,24.498085],[54.404505,24.497889],[54.405002,24.4973],[54.405251,24.496952],[54.405413,24.496686],[54.405411,24.496392],[54.404485,24.49605],[54.404391,24.496155],[54.404251,24.49654],[54.403897,24.496939],[54.4037,24.497435],[54.403822,24.497475],[54.40376,24.497627],[54.403898,24.497675],[54.403683,24.497917],[54.403809,24.498165],[54.403208,24.498413],[54.403016,24.498458]]]}},{"type":"Feature","properties":{},"geometry":{"type":"Polygon","coordinates":[[[54.396073,24.498517],[54.396028,24.498568],[54.396025,24.498634],[54.396082,24.498635],[54.396127,24.498585],[54.396129,24.498519],[54.396073,24.498517]]]}},{"type":"Feature","properties":{},"geometry":{"type":"Polygon","coordinates":[[[54.395419,24.499844],[54.395374,24.499895],[54.395402,24.500048],[54.395517,24.500031],[54.395562,24.49998],[54.395534,24.499827],[54.395419,24.499844]]]}},{"type":"Feature","properties":{},"geometry":{"type":"Polygon","coordinates":[[[54.395241,24.500009],[54.395196,24.500059],[54.395219,24.500164],[54.395251,24.500158],[54.395296,24.500107],[54.395273,24.500002],[54.395241,24.500009]]]}},{"type":"Feature","properties":{},"geometry":{"type":"Polygon","coordinates":[[[54.394869,24.500337],[54.394824,24.500387],[54.394845,24.500501],[54.394892,24.500494],[54.394937,24.500444],[54.394916,24.50033],[54.394869,24.500337]]]}},{"type":"Feature","properties":{},"geometry":{"type":"Polygon","coordinates":[[[54.394922,24.50055],[54.394697,24.500804],[54.394839,24.501652],[54.395405,24.501574],[54.39563,24.50132],[54.395488,24.500472],[54.394922,24.50055]]]}},{"type":"Feature","properties":{},"geometry":{"type":"Polygon","coordinates":[[[54.395616,24.501946],[54.395613,24.502048],[54.395699,24.50205],[54.395744,24.502],[54.395747,24.501897],[54.395661,24.501895],[54.395616,24.501946]]]}},{"type":"Feature","properties":{},"geometry":{"type":"Polygon","coordinates":[[[54.395217,24.502465],[54.395267,24.502773],[54.395699,24.502714],[54.395924,24.502461],[54.395873,24.502153],[54.395441,24.502211],[54.395217,24.502465]]]}},{"type":"Feature","properties":{},"geometry":{"type":"Polygon","coordinates":[[[54.406088,24.504593],[54.406043,24.504643],[54.406096,24.50481],[54.406188,24.504789],[54.406233,24.504739],[54.406184,24.50457],[54.406088,24.504593]]]}},{"type":"Feature","properties":{},"geometry":{"type":"Polygon","coordinates":[[[54.397401,24.504687],[54.397356,24.504738],[54.397362,24.504839],[54.397434,24.504836],[54.397479,24.504785],[54.397473,24.504684],[54.397401,24.504687]]]}},{"type":"Feature","properties":{},"geometry":{"type":"Polygon","coordinates":[[[54.406289,24.506387],[54.406793,24.505817],[54.406828,24.505695],[54.406787,24.505553],[54.406674,24.505453],[54.406462,24.505665],[54.406626,24.50548],[54.406344,24.50524],[54.406082,24.505495],[54.405857,24.505748],[54.406139,24.505988],[54.406375,24.50576],[54.406016,24.506165],[54.406289,24.506387]]]}},{"type":"Feature","properties":{},"geometry":{"type":"Polygon","coordinates":[[[54.404916,24.506448],[54.404823,24.506696],[54.404868,24.50671],[54.404798,24.506789],[54.404656,24.507188],[54.404912,24.507281],[54.405062,24.507112],[54.405237,24.506716],[54.405178,24.506696],[54.405252,24.506613],[54.405345,24.506365],[54.405256,24.506338],[54.405359,24.506221],[54.405475,24.505923],[54.405395,24.505898],[54.405492,24.505789],[54.405586,24.505474],[54.405385,24.505424],[54.405235,24.505593],[54.405158,24.505852],[54.405029,24.505997],[54.404914,24.506295],[54.405021,24.50633],[54.404916,24.506448]]]}},{"type":"Feature","properties":{},"geometry":{"type":"Polygon","coordinates":[[[54.404359,24.507314],[54.404452,24.507405],[54.40453,24.507326],[54.404437,24.507235],[54.404359,24.507314]]]}},{"type":"Feature","properties":{},"geometry":{"type":"Polygon","coordinates":[[[54.405593,24.506955],[54.405529,24.506966],[54.40508,24.507473],[54.404448,24.508573],[54.404543,24.508638],[54.404906,24.508575],[54.405356,24.508068],[54.405862,24.507159],[54.405855,24.507079],[54.405593,24.506955]]]}},{"type":"Feature","properties":{},"geometry":{"type":"Polygon","coordinates":[[[54.406232,24.508999],[54.406214,24.508981],[54.406489,24.508672],[54.406442,24.508626],[54.406757,24.508271],[54.406367,24.507886],[54.406249,24.507993],[54.405889,24.508399],[54.405936,24.508445],[54.405621,24.5088],[54.405639,24.508818],[54.405364,24.509128],[54.405761,24.50952],[54.406232,24.508999]]]}},{"type":"Feature","properties":{},"geometry":{"type":"Polygon","coordinates":[[[54.406213,24.509132],[54.406299,24.509196],[54.406384,24.509101],[54.406299,24.509036],[54.406213,24.509132]]]}},{"type":"Feature","properties":{},"geometry":{"type":"Polygon","coordinates":[[[54.404749,24.509941],[54.404897,24.510085],[54.40496,24.510028],[54.405062,24.510096],[54.405418,24.509695],[54.405598,24.509432],[54.405477,24.509367],[54.405383,24.509473],[54.405231,24.509371],[54.404875,24.509773],[54.404749,24.509941]]]}},{"type":"Feature","properties":{},"geometry":{"type":"Polygon","coordinates":[[[54.406171,24.510785],[54.406218,24.510853],[54.406499,24.510689],[54.406547,24.510635],[54.406493,24.510559],[54.406524,24.510524],[54.406552,24.51035],[54.406654,24.510444],[54.406819,24.510327],[54.407002,24.510121],[54.407086,24.510199],[54.407388,24.509874],[54.407424,24.509907],[54.4079,24.509383],[54.407538,24.50905],[54.407416,24.509159],[54.40725,24.509346],[54.407233,24.509331],[54.407274,24.509285],[54.40717,24.509197],[54.407084,24.509289],[54.407152,24.509346],[54.406879,24.509638],[54.406811,24.509574],[54.406652,24.509706],[54.406292,24.510112],[54.406373,24.510186],[54.406188,24.51034],[54.406084,24.510413],[54.405947,24.51048],[54.405819,24.510521],[54.405565,24.510545],[54.405328,24.510706],[54.405098,24.510946],[54.405145,24.510984],[54.405237,24.511016],[54.405542,24.511024],[54.405743,24.510966],[54.406023,24.510862],[54.406171,24.510785]]]}},{"type":"Feature","properties":{},"geometry":{"type":"Polygon","coordinates":[[[54.397139,24.510517],[54.396934,24.510367],[54.396531,24.510822],[54.396733,24.510974],[54.397139,24.510517]]]}},{"type":"Feature","properties":{},"geometry":{"type":"Polygon","coordinates":[[[54.405453,24.512489],[54.405469,24.512503],[54.405522,24.512503],[54.405882,24.512107],[54.405894,24.512054],[54.405881,24.511799],[54.405455,24.511831],[54.405118,24.512211],[54.405141,24.512462],[54.405174,24.512504],[54.405226,24.512503],[54.405242,24.51249],[54.405385,24.512329],[54.405397,24.512327],[54.405409,24.512402],[54.405453,24.512489]]]}},{"type":"Feature","properties":{},"geometry":{"type":"Polygon","coordinates":[[[54.410329,24.480002],[54.410479,24.480131],[54.410593,24.480014],[54.410443,24.479885],[54.410329,24.480002]]]}},{"type":"Feature","properties":{},"geometry":{"type":"Polygon","coordinates":[[[54.407249,24.481963],[54.407131,24.482096],[54.407041,24.482137],[54.406667,24.48256],[54.406807,24.48275],[54.406927,24.482852],[54.407041,24.483033],[54.407231,24.482961],[54.407605,24.482539],[54.407647,24.482408],[54.407249,24.481963]]]}},{"type":"Feature","properties":{},"geometry":{"type":"Polygon","coordinates":[[[54.409307,24.482887],[54.409262,24.482937],[54.409267,24.483052],[54.409363,24.483049],[54.409408,24.482998],[54.409403,24.482883],[54.409307,24.482887]]]}},{"type":"Feature","properties":{},"geometry":{"type":"Polygon","coordinates":[[[54.407902,24.485266],[54.408121,24.485377],[54.408183,24.485343],[54.408249,24.48543],[54.408362,24.485347],[54.408563,24.485121],[54.408589,24.485153],[54.408799,24.485013],[54.409038,24.484742],[54.408793,24.48444],[54.408584,24.484581],[54.408372,24.48482],[54.408334,24.484777],[54.408129,24.484931],[54.407889,24.485202],[54.407902,24.485266]]]}},{"type":"Feature","properties":{},"geometry":{"type":"Polygon","coordinates":[[[54.409673,24.485244],[54.409597,24.48533],[54.409423,24.4854],[54.409239,24.485593],[54.409203,24.485687],[54.409201,24.485873],[54.40922,24.485966],[54.409299,24.486095],[54.409387,24.48617],[54.409527,24.48618],[54.409609,24.486157],[54.40979,24.485963],[54.409837,24.485885],[54.409852,24.485827],[54.410407,24.486778],[54.410766,24.48661],[54.410863,24.4865],[54.410369,24.48563],[54.410402,24.485593],[54.410413,24.48552],[54.410388,24.485446],[54.410355,24.48545],[54.410389,24.485411],[54.410721,24.485278],[54.410678,24.485327],[54.410729,24.485405],[54.410837,24.485347],[54.410882,24.485296],[54.41084,24.48523],[54.41088,24.485214],[54.410978,24.485104],[54.410804,24.484786],[54.409836,24.485253],[54.409786,24.485309],[54.409673,24.485244]]]}},{"type":"Feature","properties":{},"geometry":{"type":"Polygon","coordinates":[[[54.407262,24.485263],[54.406922,24.485601],[54.406997,24.485664],[54.407336,24.485327],[54.407262,24.485263]]]}},{"type":"Feature","properties":{},"geometry":{"type":"Polygon","coordinates":[[[54.409001,24.485574],[54.408877,24.485686],[54.408918,24.485729],[54.409042,24.485617],[54.409001,24.485574]]]}},{"type":"Feature","properties":{},"geometry":{"type":"Polygon","coordinates":[[[54.409084,24.485896],[54.409143,24.485862],[54.409188,24.485811],[54.409118,24.485711],[54.409162,24.485662],[54.409136,24.485626],[54.409022,24.485692],[54.408977,24.485743],[54.409084,24.485896]]]}},{"type":"Feature","properties":{},"geometry":{"type":"Polygon","coordinates":[[[54.407889,24.48568],[54.407828,24.485631],[54.407809,24.485647],[54.407564,24.485445],[54.407138,24.485909],[54.407198,24.485956],[54.407214,24.48594],[54.407216,24.485956],[54.407458,24.486149],[54.407537,24.486067],[54.40756,24.486085],[54.4077,24.485931],[54.40768,24.485917],[54.407889,24.48568]]]}},{"type":"Feature","properties":{},"geometry":{"type":"Polygon","coordinates":[[[54.408884,24.487647],[54.408334,24.48801],[54.408109,24.488264],[54.408412,24.488747],[54.409286,24.488311],[54.409511,24.488057],[54.40936,24.487784],[54.409201,24.487873],[54.409363,24.48769],[54.409247,24.487364],[54.408884,24.487647]]]}},{"type":"Feature","properties":{},"geometry":{"type":"Polygon","coordinates":[[[54.410375,24.488469],[54.410138,24.488492],[54.409913,24.488746],[54.409958,24.489181],[54.410123,24.489167],[54.410054,24.489245],[54.410066,24.489353],[54.410472,24.489315],[54.410524,24.489784],[54.410676,24.48977],[54.410826,24.489601],[54.410762,24.489025],[54.410508,24.489048],[54.410541,24.48901],[54.41068,24.488999],[54.410905,24.488745],[54.410862,24.48833],[54.410551,24.488356],[54.410504,24.488409],[54.410422,24.488416],[54.410375,24.488469]]]}},{"type":"Feature","properties":{},"geometry":{"type":"Polygon","coordinates":[[[54.41066,24.490288],[54.410885,24.490035],[54.41087,24.489907],[54.41051,24.489942],[54.410508,24.489927],[54.410457,24.489932],[54.410405,24.48949],[54.410256,24.489504],[54.410032,24.489758],[54.410101,24.490343],[54.41066,24.490288]]]}},{"type":"Feature","properties":{},"geometry":{"type":"Polygon","coordinates":[[[54.406961,24.490292],[54.406916,24.490343],[54.406944,24.490424],[54.407009,24.490402],[54.407054,24.490352],[54.407021,24.490271],[54.406961,24.490292]]]}},{"type":"Feature","properties":{},"geometry":{"type":"Polygon","coordinates":[[[54.410263,24.491199],[54.410549,24.491202],[54.410699,24.491033],[54.410706,24.490766],[54.4106,24.490766],[54.410558,24.490813],[54.410416,24.490817],[54.410266,24.490986],[54.410263,24.491199]]]}},{"type":"Feature","properties":{},"geometry":{"type":"Polygon","coordinates":[[[54.409268,24.491263],[54.409272,24.491156],[54.409037,24.491149],[54.409009,24.491181],[54.408959,24.49118],[54.408914,24.491231],[54.408902,24.491345],[54.408963,24.491347],[54.408962,24.491374],[54.409174,24.49138],[54.409268,24.491263]]]}},{"type":"Feature","properties":{},"geometry":{"type":"Polygon","coordinates":[[[54.410457,24.491298],[54.410307,24.491467],[54.410294,24.491791],[54.410666,24.491804],[54.410816,24.491635],[54.41083,24.491311],[54.410457,24.491298]]]}},{"type":"Feature","properties":{},"geometry":{"type":"Polygon","coordinates":[[[54.410337,24.495938],[54.410046,24.496169],[54.409746,24.496507],[54.409834,24.496608],[54.409769,24.496681],[54.409879,24.496822],[54.410043,24.496718],[54.410192,24.496551],[54.410252,24.49663],[54.410475,24.496526],[54.410775,24.496187],[54.410614,24.495998],[54.410488,24.496072],[54.410337,24.495938]]]}},{"type":"Feature","properties":{},"geometry":{"type":"Polygon","coordinates":[[[54.409383,24.498324],[54.409415,24.497947],[54.409165,24.497863],[54.40899,24.49793],[54.408758,24.498192],[54.40876,24.498653],[54.408813,24.498644],[54.408791,24.49871],[54.408829,24.498825],[54.408869,24.498829],[54.408914,24.498778],[54.408924,24.498625],[54.40915,24.498586],[54.409383,24.498324]]]}},{"type":"Feature","properties":{},"geometry":{"type":"Polygon","coordinates":[[[54.409382,24.499166],[54.409435,24.498769],[54.408993,24.498738],[54.408861,24.498887],[54.408873,24.499241],[54.408787,24.499606],[54.409144,24.4997],[54.409276,24.499552],[54.409382,24.499166]]]}},{"type":"Feature","properties":{},"geometry":{"type":"Polygon","coordinates":[[[54.409926,24.500296],[54.409975,24.49974],[54.410012,24.49951],[54.409978,24.499439],[54.4099,24.49938],[54.409787,24.499363],[54.409615,24.499373],[54.409548,24.499419],[54.409323,24.499673],[54.409124,24.500293],[54.409075,24.500507],[54.409117,24.500635],[54.409208,24.500702],[54.409388,24.500732],[54.409521,24.50073],[54.409646,24.500666],[54.409871,24.500412],[54.409926,24.500296]]]}},{"type":"Feature","properties":{},"geometry":{"type":"Polygon","coordinates":[[[54.40798,24.501063],[54.408018,24.501095],[54.408114,24.500971],[54.408147,24.500887],[54.408085,24.500876],[54.408009,24.500958],[54.408008,24.501005],[54.40798,24.501063]]]}},{"type":"Feature","properties":{},"geometry":{"type":"Polygon","coordinates":[[[54.40961,24.501599],[54.409605,24.501431],[54.408723,24.501471],[54.408498,24.501725],[54.408454,24.502052],[54.408527,24.502204],[54.408796,24.502216],[54.409114,24.502206],[54.409205,24.502176],[54.40932,24.502104],[54.409545,24.501851],[54.409584,24.501746],[54.40961,24.501599]]]}},{"type":"Feature","properties":{},"geometry":{"type":"Polygon","coordinates":[[[54.410363,24.501604],[54.410335,24.501603],[54.409998,24.501983],[54.409996,24.502232],[54.410096,24.502234],[54.410152,24.502171],[54.410231,24.502171],[54.410568,24.501791],[54.410573,24.501566],[54.410542,24.501564],[54.410544,24.501523],[54.410437,24.50152],[54.410363,24.501604]]]}},{"type":"Feature","properties":{},"geometry":{"type":"Polygon","coordinates":[[[54.407586,24.50231],[54.40747,24.502442],[54.407462,24.502489],[54.407506,24.502498],[54.407594,24.502404],[54.407471,24.502656],[54.407889,24.50283],[54.408114,24.502577],[54.408295,24.5021],[54.408422,24.501858],[54.408025,24.50174],[54.4078,24.501994],[54.40764,24.502313],[54.407586,24.50231]]]}},{"type":"Feature","properties":{},"geometry":{"type":"Polygon","coordinates":[[[54.40724,24.502926],[54.407071,24.503127],[54.407134,24.503164],[54.407265,24.503047],[54.40729,24.503045],[54.407403,24.502885],[54.407345,24.502871],[54.407273,24.502954],[54.40724,24.502926]]]}},{"type":"Feature","properties":{},"geometry":{"type":"Polygon","coordinates":[[[54.40688,24.503364],[54.406835,24.503414],[54.406872,24.503535],[54.406952,24.503518],[54.406997,24.503468],[54.406943,24.503344],[54.40688,24.503364]]]}},{"type":"Feature","properties":{},"geometry":{"type":"Polygon","coordinates":[[[54.407036,24.503648],[54.406991,24.503699],[54.40694,24.503856],[54.407029,24.50388],[54.407074,24.503829],[54.407134,24.50368],[54.407036,24.503648]]]}},{"type":"Feature","properties":{},"geometry":{"type":"Polygon","coordinates":[[[54.408529,24.504946],[54.408824,24.505283],[54.40961,24.504393],[54.409571,24.504359],[54.409697,24.504265],[54.410053,24.503863],[54.40972,24.503497],[54.409576,24.503605],[54.40922,24.504007],[54.409436,24.504244],[54.409259,24.504094],[54.408735,24.504685],[54.408529,24.504946]]]}},{"type":"Feature","properties":{},"geometry":{"type":"Polygon","coordinates":[[[54.410233,24.503968],[54.409877,24.50437],[54.409845,24.504528],[54.410317,24.504606],[54.410673,24.504204],[54.410705,24.504046],[54.410233,24.503968]]]}},{"type":"Feature","properties":{},"geometry":{"type":"Polygon","coordinates":[[[54.406432,24.504537],[54.406387,24.504588],[54.406383,24.50473],[54.406478,24.504732],[54.406523,24.504681],[54.406525,24.504539],[54.406432,24.504537]]]}},{"type":"Feature","properties":{},"geometry":{"type":"Polygon","coordinates":[[[54.407866,24.505725],[54.407821,24.505775],[54.407823,24.505869],[54.407988,24.505893],[54.408033,24.505842],[54.408028,24.505741],[54.407866,24.505725]]]}},{"type":"Feature","properties":{},"geometry":{"type":"Polygon","coordinates":[[[54.409362,24.506367],[54.409447,24.506275],[54.409672,24.506021],[54.409717,24.505908],[54.409719,24.505787],[54.40968,24.50568],[54.409606,24.50559],[54.409506,24.505526],[54.409388,24.505493],[54.409265,24.505495],[54.409148,24.505532],[54.40905,24.505601],[54.408756,24.505947],[54.408722,24.506055],[54.408729,24.506175],[54.40878,24.506287],[54.408869,24.506377],[54.408986,24.506434],[54.409117,24.506452],[54.409247,24.506429],[54.409362,24.506367]]]}},{"type":"Feature","properties":{},"geometry":{"type":"Polygon","coordinates":[[[54.410797,24.506728],[54.410732,24.506708],[54.410747,24.506615],[54.410678,24.506576],[54.410546,24.50654],[54.410371,24.50656],[54.410298,24.506611],[54.410149,24.50678],[54.410148,24.50683],[54.410185,24.506899],[54.410233,24.506908],[54.410352,24.506972],[54.410438,24.506977],[54.410623,24.506961],[54.410773,24.506792],[54.410797,24.506728]]]}},{"type":"Feature","properties":{},"geometry":{"type":"Polygon","coordinates":[[[54.407107,24.507416],[54.407172,24.507361],[54.407195,24.50738],[54.407333,24.507251],[54.407077,24.50701],[54.407629,24.506391],[54.407472,24.506231],[54.407244,24.506239],[54.406522,24.507034],[54.406705,24.507174],[54.406641,24.507237],[54.406983,24.507555],[54.40712,24.507428],[54.407107,24.507416]]]}},{"type":"Feature","properties":{},"geometry":{"type":"Polygon","coordinates":[[[54.406556,24.507421],[54.406676,24.507572],[54.406764,24.507492],[54.406644,24.507341],[54.406556,24.507421]]]}},{"type":"Feature","properties":{},"geometry":{"type":"Polygon","coordinates":[[[54.409692,24.507556],[54.409481,24.507344],[54.409287,24.507513],[54.409137,24.507682],[54.409498,24.508043],[54.40956,24.508001],[54.409709,24.507832],[54.409692,24.507556]]]}},{"type":"Feature","properties":{},"geometry":{"type":"Polygon","coordinates":[[[54.407092,24.507832],[54.407126,24.507858],[54.407201,24.507774],[54.407167,24.507749],[54.407092,24.507832]]]}},{"type":"Feature","properties":{},"geometry":{"type":"Polygon","coordinates":[[[54.410332,24.507855],[54.410313,24.507789],[54.410247,24.507805],[54.410204,24.507719],[54.410122,24.507721],[54.40999,24.507756],[54.409856,24.507859],[54.409706,24.508028],[54.409675,24.508107],[54.409704,24.508149],[54.409777,24.508188],[54.409823,24.508173],[54.40996,24.508167],[54.410182,24.508024],[54.410332,24.507855]]]}},{"type":"Feature","properties":{},"geometry":{"type":"Polygon","coordinates":[[[54.408877,24.507857],[54.408832,24.507908],[54.408833,24.507935],[54.408801,24.507972],[54.408806,24.508078],[54.408845,24.508076],[54.408918,24.507994],[54.408925,24.507856],[54.408877,24.507857]]]}},{"type":"Feature","properties":{},"geometry":{"type":"Polygon","coordinates":[[[54.409278,24.508116],[54.409144,24.508241],[54.409186,24.508283],[54.40932,24.508159],[54.409278,24.508116]]]}},{"type":"Feature","properties":{},"geometry":{"type":"Polygon","coordinates":[[[54.40922,24.508487],[54.409158,24.5084],[54.409014,24.508484],[54.408864,24.508654],[54.408901,24.508705],[54.408837,24.508777],[54.408847,24.508792],[54.408819,24.508824],[54.40885,24.508867],[54.408884,24.508847],[54.408907,24.50888],[54.409002,24.508805],[54.409009,24.508815],[54.409184,24.508711],[54.409334,24.508542],[54.409273,24.508456],[54.40922,24.508487]]]}},{"type":"Feature","properties":{},"geometry":{"type":"Polygon","coordinates":[[[54.407615,24.508841],[54.407587,24.508811],[54.407478,24.508912],[54.407505,24.508941],[54.407615,24.508841]]]}},{"type":"Feature","properties":{},"geometry":{"type":"Polygon","coordinates":[[[54.407611,24.509064],[54.407767,24.509216],[54.407864,24.509122],[54.407708,24.508969],[54.407611,24.509064]]]}},{"type":"Feature","properties":{},"geometry":{"type":"Polygon","coordinates":[[[54.410005,24.509826],[54.409662,24.510138],[54.409512,24.510307],[54.409697,24.510475],[54.41004,24.510163],[54.41019,24.509994],[54.410005,24.509826]]]}},{"type":"Feature","properties":{},"geometry":{"type":"Polygon","coordinates":[[[54.409809,24.510992],[54.409781,24.511025],[54.40985,24.511127],[54.410083,24.510996],[54.410233,24.510827],[54.41027,24.510774],[54.41026,24.510759],[54.410303,24.51071],[54.410208,24.510574],[54.410107,24.510641],[54.410096,24.510626],[54.4099,24.510736],[54.40975,24.510905],[54.409809,24.510992]]]}},{"type":"Feature","properties":{},"geometry":{"type":"Polygon","coordinates":[[[54.409228,24.51076],[54.409247,24.51071],[54.409212,24.510639],[54.409155,24.510618],[54.409095,24.510631],[54.409026,24.510701],[54.409003,24.510755],[54.409014,24.510797],[54.408953,24.510705],[54.408422,24.510998],[54.408197,24.511251],[54.40808,24.511109],[54.408114,24.511071],[54.408122,24.511024],[54.408124,24.511061],[54.408145,24.51106],[54.408149,24.511146],[54.408227,24.511143],[54.408272,24.511092],[54.408261,24.510837],[54.408205,24.510839],[54.408175,24.510872],[54.408175,24.51086],[54.408097,24.510862],[54.408017,24.510866],[54.408005,24.51088],[54.408006,24.510869],[54.407933,24.510865],[54.407905,24.510896],[54.407855,24.510834],[54.407748,24.510907],[54.407694,24.510841],[54.407603,24.510903],[54.407353,24.511185],[54.40716,24.510943],[54.406729,24.511179],[54.406651,24.511065],[54.406208,24.511313],[54.405983,24.511567],[54.405946,24.51167],[54.40608,24.512059],[54.406157,24.512125],[54.406418,24.512099],[54.406809,24.511852],[54.406882,24.511958],[54.40708,24.511859],[54.40733,24.511691],[54.407395,24.511617],[54.407549,24.511804],[54.407673,24.51172],[54.407717,24.511774],[54.407791,24.511724],[54.408015,24.511471],[54.408098,24.511596],[54.40863,24.511303],[54.409042,24.510838],[54.409026,24.510815],[54.409075,24.510845],[54.409137,24.510843],[54.409228,24.51076]],[[54.408074,24.511007],[54.408034,24.511052],[54.407964,24.510967],[54.407973,24.510957],[54.407974,24.510973],[54.408128,24.510962],[54.408121,24.511014],[54.408074,24.511007]]]}},{"type":"Feature","properties":{},"geometry":{"type":"Polygon","coordinates":[[[54.410094,24.511064],[54.410049,24.511115],[54.410091,24.511188],[54.41016,24.511155],[54.410199,24.511112],[54.41021,24.511129],[54.410256,24.511099],[54.410263,24.511108],[54.410461,24.510986],[54.410506,24.510935],[54.41043,24.510834],[54.410233,24.510956],[54.410188,24.511007],[54.410211,24.511038],[54.410185,24.511068],[54.410164,24.511031],[54.410094,24.511064]]]}},{"type":"Feature","properties":{},"geometry":{"type":"Polygon","coordinates":[[[54.408232,24.512226],[54.408725,24.511949],[54.408899,24.511753],[54.408967,24.511855],[54.409447,24.511589],[54.409672,24.511336],[54.409455,24.511011],[54.408975,24.511277],[54.4088,24.511474],[54.408731,24.511373],[54.408237,24.51165],[54.408013,24.511903],[54.408232,24.512226]]]}},{"type":"Feature","properties":{},"geometry":{"type":"Polygon","coordinates":[[[54.40791,24.511924],[54.407865,24.511975],[54.407877,24.512023],[54.40793,24.512013],[54.407975,24.511962],[54.407963,24.511913],[54.40791,24.511924]]]}},{"type":"Feature","properties":{},"geometry":{"type":"Polygon","coordinates":[[[54.411484,24.481839],[54.411116,24.48152],[54.410943,24.481686],[54.410793,24.481855],[54.410874,24.481925],[54.410971,24.481832],[54.411046,24.481897],[54.411019,24.481927],[54.411064,24.481965],[54.411091,24.48194],[54.411163,24.482002],[54.411072,24.482105],[54.411157,24.482178],[54.411334,24.482008],[54.411484,24.481839]]]}},{"type":"Feature","properties":{},"geometry":{"type":"Polygon","coordinates":[[[54.412228,24.48191],[54.412052,24.482185],[54.412413,24.482376],[54.412563,24.482207],[54.412739,24.481932],[54.412378,24.481741],[54.412228,24.48191]]]}},{"type":"Feature","properties":{},"geometry":{"type":"Polygon","coordinates":[[[54.411398,24.482052],[54.411275,24.482183],[54.411306,24.482208],[54.41143,24.482077],[54.411398,24.482052]]]}},{"type":"Feature","properties":{},"geometry":{"type":"Polygon","coordinates":[[[54.411468,24.48562],[54.411454,24.485589],[54.41135,24.48563],[54.411305,24.485681],[54.41132,24.485712],[54.41136,24.485696],[54.41133,24.485729],[54.411369,24.485826],[54.411426,24.485808],[54.411471,24.485757],[54.411433,24.48566],[54.411468,24.48562]]]}},{"type":"Feature","properties":{},"geometry":{"type":"Polygon","coordinates":[[[54.413524,24.4877],[54.413521,24.487621],[54.413488,24.487622],[54.413486,24.487563],[54.413516,24.487528],[54.413513,24.487454],[54.413385,24.487459],[54.4134,24.487443],[54.413388,24.487195],[54.413283,24.487199],[54.413258,24.487228],[54.413107,24.487233],[54.412957,24.487402],[54.413009,24.48755],[54.412959,24.487562],[54.412914,24.487612],[54.412969,24.487802],[54.413055,24.487781],[54.413099,24.487732],[54.413106,24.487879],[54.413374,24.487869],[54.413524,24.4877]],[[54.413109,24.487618],[54.413095,24.487633],[54.413099,24.487726],[54.413068,24.487619],[54.413109,24.487618]]]}},{"type":"Feature","properties":{},"geometry":{"type":"Polygon","coordinates":[[[54.415037,24.487984],[54.415037,24.488382],[54.41522,24.488382],[54.41537,24.488213],[54.41537,24.488131],[54.415469,24.48813],[54.415591,24.487993],[54.415657,24.487991],[54.415658,24.488021],[54.415706,24.488019],[54.415751,24.487968],[54.415745,24.487766],[54.415636,24.487769],[54.415674,24.487726],[54.415671,24.487682],[54.415613,24.487685],[54.415568,24.487736],[54.41557,24.487771],[54.415123,24.487771],[54.414973,24.48794],[54.414973,24.487984],[54.415037,24.487984]],[[54.415619,24.487782],[54.415619,24.487777],[54.415623,24.487777],[54.415619,24.487782]]]}},{"type":"Feature","properties":{},"geometry":{"type":"Polygon","coordinates":[[[54.415855,24.487746],[54.41581,24.487797],[54.415808,24.487841],[54.41584,24.487842],[54.415885,24.487791],[54.415887,24.487747],[54.415855,24.487746]]]}},{"type":"Feature","properties":{},"geometry":{"type":"Polygon","coordinates":[[[54.416262,24.487931],[54.416254,24.487801],[54.416092,24.487809],[54.416103,24.487769],[54.415997,24.487765],[54.415952,24.487816],[54.415951,24.487845],[54.415969,24.487846],[54.415952,24.487865],[54.415961,24.487995],[54.415978,24.487994],[54.415963,24.488011],[54.415965,24.488067],[54.4162,24.488061],[54.416245,24.48801],[54.416244,24.487954],[54.416262,24.487931]]]}},{"type":"Feature","properties":{},"geometry":{"type":"Polygon","coordinates":[[[54.413519,24.487893],[54.413474,24.487944],[54.413477,24.488005],[54.413545,24.488002],[54.41359,24.487952],[54.413587,24.48789],[54.413519,24.487893]]]}},{"type":"Feature","properties":{},"geometry":{"type":"Polygon","coordinates":[[[54.416306,24.488357],[54.41643,24.488351],[54.416434,24.488416],[54.416481,24.488413],[54.416526,24.488363],[54.416522,24.488295],[54.416505,24.488295],[54.416504,24.488281],[54.416547,24.488264],[54.416546,24.488294],[54.416572,24.488294],[54.416555,24.488314],[54.416551,24.488378],[54.416605,24.488381],[54.41665,24.48833],[54.416659,24.488271],[54.416661,24.488355],[54.416704,24.488355],[54.416749,24.488305],[54.416746,24.488148],[54.416701,24.488149],[54.416684,24.488169],[54.416684,24.488149],[54.416655,24.488149],[54.416669,24.488133],[54.416665,24.488042],[54.416646,24.488043],[54.416666,24.48802],[54.416665,24.487971],[54.416611,24.487972],[54.416595,24.487991],[54.416595,24.487977],[54.416443,24.487975],[54.416402,24.488021],[54.416335,24.488024],[54.41629,24.488075],[54.416306,24.488357]]]}},{"type":"Feature","properties":{},"geometry":{"type":"Polygon","coordinates":[[[54.415651,24.488436],[54.415696,24.488385],[54.415692,24.488336],[54.415714,24.488311],[54.41571,24.4882],[54.415648,24.488202],[54.415603,24.488253],[54.415606,24.488338],[54.415556,24.488389],[54.415557,24.488437],[54.415651,24.488436]]]}},{"type":"Feature","properties":{},"geometry":{"type":"Polygon","coordinates":[[[54.414934,24.488526],[54.414979,24.488475],[54.414976,24.488355],[54.414945,24.488356],[54.414968,24.48833],[54.414972,24.488235],[54.414839,24.488231],[54.414794,24.488282],[54.414791,24.488377],[54.414835,24.488378],[54.414807,24.488409],[54.414811,24.488529],[54.414934,24.488526]]]}},{"type":"Feature","properties":{},"geometry":{"type":"Polygon","coordinates":[[[54.415391,24.488447],[54.415436,24.488384],[54.415523,24.488381],[54.415568,24.48833],[54.415566,24.488292],[54.415472,24.488296],[54.415435,24.488338],[54.415435,24.488313],[54.415318,24.488314],[54.415273,24.488365],[54.415274,24.488448],[54.415391,24.488447]]]}},{"type":"Feature","properties":{},"geometry":{"type":"Polygon","coordinates":[[[54.416276,24.488277],[54.416236,24.488277],[54.416191,24.488327],[54.41619,24.488378],[54.416187,24.488349],[54.416146,24.488352],[54.416101,24.488403],[54.416105,24.488439],[54.416145,24.488436],[54.41619,24.488386],[54.416187,24.48854],[54.416482,24.488544],[54.416527,24.488493],[54.416528,24.48842],[54.416348,24.488417],[54.416349,24.488388],[54.416274,24.488387],[54.416276,24.488277]]]}},{"type":"Feature","properties":{},"geometry":{"type":"Polygon","coordinates":[[[54.416723,24.488408],[54.416725,24.488369],[54.416695,24.488368],[54.41665,24.488419],[54.416607,24.488484],[54.416604,24.488528],[54.416649,24.48853],[54.416694,24.488479],[54.416696,24.488439],[54.416723,24.488408]]]}},{"type":"Feature","properties":{},"geometry":{"type":"Polygon","coordinates":[[[54.415431,24.488484],[54.415432,24.488438],[54.415412,24.488438],[54.415367,24.488488],[54.415366,24.488535],[54.415386,24.488535],[54.415431,24.488484]]]}},{"type":"Feature","properties":{},"geometry":{"type":"Polygon","coordinates":[[[54.415418,24.488695],[54.41542,24.488744],[54.4155,24.488741],[54.415545,24.48869],[54.415543,24.488642],[54.415463,24.488644],[54.415418,24.488695]]]}},{"type":"Feature","properties":{},"geometry":{"type":"Polygon","coordinates":[[[54.411167,24.489359],[54.411037,24.489507],[54.411089,24.489589],[54.411468,24.489379],[54.411266,24.489608],[54.41136,24.489761],[54.411424,24.489736],[54.411488,24.489847],[54.411747,24.489896],[54.41173,24.489972],[54.411896,24.490009],[54.41212,24.489755],[54.412223,24.489366],[54.412268,24.489344],[54.412578,24.489934],[54.412731,24.489854],[54.412826,24.489746],[54.412911,24.489708],[54.413015,24.489591],[54.413036,24.489601],[54.413261,24.489348],[54.413305,24.489173],[54.413144,24.489119],[54.413264,24.489102],[54.413489,24.488848],[54.413445,24.488556],[54.412861,24.488626],[54.412817,24.488588],[54.412683,24.488658],[54.412619,24.488605],[54.412673,24.488545],[54.412558,24.488398],[54.412599,24.488272],[54.412744,24.488354],[54.413104,24.487954],[54.412745,24.487759],[54.412516,24.487718],[54.412242,24.487705],[54.412168,24.487789],[54.412157,24.487708],[54.411868,24.487782],[54.411582,24.487957],[54.411189,24.488384],[54.411346,24.488495],[54.411563,24.488317],[54.411774,24.488678],[54.411214,24.488505],[54.41099,24.488759],[54.410946,24.488854],[54.411129,24.488921],[54.410949,24.489124],[54.410922,24.489185],[54.410973,24.489252],[54.411084,24.489249],[54.411167,24.489359]],[[54.412169,24.488159],[54.412252,24.488167],[54.412201,24.488377],[54.412093,24.488183],[54.412144,24.488187],[54.412169,24.488159]]]}},{"type":"Feature","properties":{},"geometry":{"type":"Polygon","coordinates":[[[54.416223,24.488882],[54.416178,24.488933],[54.416182,24.48904],[54.416212,24.489039],[54.416257,24.488988],[54.416252,24.488881],[54.416223,24.488882]]]}},{"type":"Feature","properties":{},"geometry":{"type":"Polygon","coordinates":[[[54.415999,24.488841],[54.415954,24.488892],[54.415961,24.489092],[54.41602,24.48909],[54.416065,24.48904],[54.416058,24.48884],[54.415999,24.488841]]]}},{"type":"Feature","properties":{},"geometry":{"type":"Polygon","coordinates":[[[54.41562,24.488852],[54.415575,24.488903],[54.415579,24.489103],[54.415638,24.489102],[54.415683,24.489051],[54.415679,24.488851],[54.41562,24.488852]]]}},{"type":"Feature","properties":{},"geometry":{"type":"Polygon","coordinates":[[[54.415763,24.489193],[54.415739,24.48922],[54.415737,24.4893],[54.415788,24.489302],[54.415833,24.489251],[54.415834,24.489186],[54.415876,24.489139],[54.415873,24.489095],[54.415719,24.489105],[54.415674,24.489156],[54.415677,24.489197],[54.415763,24.489193]]]}},{"type":"Feature","properties":{},"geometry":{"type":"Polygon","coordinates":[[[54.415266,24.489692],[54.415271,24.489846],[54.416142,24.489824],[54.416292,24.489655],[54.41629,24.489586],[54.416269,24.489586],[54.416267,24.489502],[54.415416,24.489523],[54.415266,24.489692]]]}},{"type":"Feature","properties":{},"geometry":{"type":"Polygon","coordinates":[[[54.410835,24.489739],[54.41079,24.48979],[54.410794,24.489832],[54.410843,24.489829],[54.410888,24.489778],[54.410884,24.489736],[54.410835,24.489739]]]}},{"type":"Feature","properties":{},"geometry":{"type":"Polygon","coordinates":[[[54.412428,24.489949],[54.412383,24.489999],[54.412387,24.490062],[54.412457,24.490058],[54.412502,24.490007],[54.412498,24.489945],[54.412428,24.489949]]]}},{"type":"Feature","properties":{},"geometry":{"type":"Polygon","coordinates":[[[54.411052,24.490661],[54.411007,24.490711],[54.411006,24.490764],[54.411102,24.490765],[54.411147,24.490714],[54.411148,24.490662],[54.411052,24.490661]]]}},{"type":"Feature","properties":{},"geometry":{"type":"Polygon","coordinates":[[[54.41111,24.490846],[54.411103,24.491002],[54.411178,24.491],[54.411223,24.490949],[54.411224,24.490795],[54.411155,24.490795],[54.41111,24.490846]]]}},{"type":"Feature","properties":{},"geometry":{"type":"Polygon","coordinates":[[[54.413395,24.491138],[54.413397,24.490975],[54.413269,24.490973],[54.413411,24.490814],[54.413413,24.490645],[54.412924,24.490639],[54.412699,24.490893],[54.412692,24.491386],[54.41317,24.491392],[54.413395,24.491138]]]}},{"type":"Feature","properties":{},"geometry":{"type":"Polygon","coordinates":[[[54.411185,24.491424],[54.41114,24.491475],[54.411136,24.491552],[54.411174,24.491554],[54.411204,24.491519],[54.411139,24.492353],[54.411535,24.492379],[54.411533,24.492431],[54.411661,24.492434],[54.411706,24.492383],[54.411708,24.492302],[54.41186,24.492132],[54.411931,24.491223],[54.411435,24.491191],[54.411222,24.491426],[54.411185,24.491424]]]}},{"type":"Feature","properties":{},"geometry":{"type":"Polygon","coordinates":[[[54.412186,24.491699],[54.412108,24.491697],[54.412063,24.491748],[54.412062,24.491777],[54.41214,24.491779],[54.412185,24.491729],[54.412186,24.491699]]]}},{"type":"Feature","properties":{},"geometry":{"type":"Polygon","coordinates":[[[54.411973,24.492459],[54.411928,24.49251],[54.411927,24.492607],[54.412109,24.492609],[54.412154,24.492558],[54.412155,24.492461],[54.411973,24.492459]]]}},{"type":"Feature","properties":{},"geometry":{"type":"Polygon","coordinates":[[[54.41501,24.49686],[54.414855,24.497068],[54.414947,24.497122],[54.415103,24.496914],[54.41501,24.49686]]]}},{"type":"Feature","properties":{},"geometry":{"type":"Polygon","coordinates":[[[54.412041,24.498045],[54.41181,24.4975],[54.411496,24.497386],[54.411403,24.497422],[54.411178,24.497676],[54.411474,24.498436],[54.4116,24.499166],[54.411718,24.499156],[54.412125,24.498673],[54.412021,24.498067],[54.412041,24.498045]]]}},{"type":"Feature","properties":{},"geometry":{"type":"Polygon","coordinates":[[[54.410385,24.499125],[54.410523,24.499271],[54.410768,24.499282],[54.410993,24.499029],[54.410985,24.497515],[54.410798,24.49756],[54.410624,24.497708],[54.4104,24.497962],[54.410385,24.499125]]]}},{"type":"Feature","properties":{},"geometry":{"type":"Polygon","coordinates":[[[54.41329,24.502809],[54.413379,24.502328],[54.412899,24.502033],[54.412741,24.501881],[54.412655,24.501769],[54.412574,24.501625],[54.412526,24.501486],[54.411982,24.501472],[54.411869,24.501599],[54.411905,24.501799],[54.411952,24.501934],[54.412025,24.502117],[54.412109,24.502274],[54.412261,24.502481],[54.412517,24.502782],[54.412762,24.502947],[54.4129,24.5031],[54.412985,24.503245],[54.413057,24.503226],[54.41317,24.503099],[54.41329,24.502809]]]}},{"type":"Feature","properties":{},"geometry":{"type":"Polygon","coordinates":[[[54.415501,24.502417],[54.415456,24.502468],[54.415451,24.502527],[54.415477,24.502529],[54.415522,24.502478],[54.415526,24.502419],[54.415501,24.502417]]]}},{"type":"Feature","properties":{},"geometry":{"type":"Polygon","coordinates":[[[54.411412,24.502399],[54.411625,24.502573],[54.411742,24.502449],[54.411529,24.502276],[54.411412,24.502399]]]}},{"type":"Feature","properties":{},"geometry":{"type":"Polygon","coordinates":[[[54.41539,24.502607],[54.415345,24.502658],[54.41535,24.502732],[54.415421,24.502733],[54.415466,24.502682],[54.415468,24.502603],[54.41539,24.502607]]]}},{"type":"Feature","properties":{},"geometry":{"type":"Polygon","coordinates":[[[54.411463,24.502535],[54.411418,24.502585],[54.411415,24.502709],[54.411464,24.502709],[54.411509,24.502659],[54.411512,24.502535],[54.411463,24.502535]]]}},{"type":"Feature","properties":{},"geometry":{"type":"Polygon","coordinates":[[[54.411694,24.502566],[54.411649,24.502616],[54.41181,24.502856],[54.411912,24.502798],[54.411957,24.502748],[54.411796,24.502509],[54.411694,24.502566]]]}},{"type":"Feature","properties":{},"geometry":{"type":"Polygon","coordinates":[[[54.411356,24.502864],[54.411354,24.502702],[54.411224,24.502679],[54.411155,24.502628],[54.411149,24.502248],[54.410947,24.502245],[54.410723,24.502498],[54.410688,24.503092],[54.411131,24.503118],[54.411356,24.502864]]]}},{"type":"Feature","properties":{},"geometry":{"type":"Polygon","coordinates":[[[54.415614,24.502812],[54.415618,24.502785],[54.415565,24.502779],[54.41552,24.50283],[54.415516,24.502858],[54.415569,24.502863],[54.415614,24.502812]]]}},{"type":"Feature","properties":{},"geometry":{"type":"Polygon","coordinates":[[[54.415505,24.502893],[54.415497,24.502843],[54.41545,24.502849],[54.415465,24.502832],[54.415458,24.502778],[54.415396,24.502784],[54.415351,24.502835],[54.415358,24.502889],[54.415409,24.502884],[54.415394,24.502901],[54.415402,24.502951],[54.41546,24.502944],[54.415505,24.502893]]]}},{"type":"Feature","properties":{},"geometry":{"type":"Polygon","coordinates":[[[54.415644,24.502829],[54.41564,24.502907],[54.415766,24.502912],[54.415811,24.502861],[54.415815,24.502783],[54.415689,24.502779],[54.415644,24.502829]]]}},{"type":"Feature","properties":{},"geometry":{"type":"Polygon","coordinates":[[[54.411573,24.502795],[54.411528,24.502846],[54.411604,24.502997],[54.411688,24.502962],[54.411733,24.502911],[54.411657,24.50276],[54.411573,24.502795]]]}},{"type":"Feature","properties":{},"geometry":{"type":"Polygon","coordinates":[[[54.415635,24.503418],[54.41559,24.503469],[54.415587,24.503524],[54.415681,24.503527],[54.415726,24.503477],[54.415728,24.503421],[54.415635,24.503418]]]}},{"type":"Feature","properties":{},"geometry":{"type":"Polygon","coordinates":[[[54.415809,24.503559],[54.415764,24.50361],[54.415768,24.503693],[54.41581,24.503691],[54.415855,24.50364],[54.415852,24.503558],[54.415809,24.503559]]]}},{"type":"Feature","properties":{},"geometry":{"type":"Polygon","coordinates":[[[54.415152,24.504188],[54.414913,24.504459],[54.41509,24.504612],[54.415268,24.504463],[54.415507,24.504192],[54.415415,24.504117],[54.415448,24.50408],[54.415408,24.504032],[54.415397,24.504039],[54.415424,24.504009],[54.415415,24.503972],[54.415356,24.503984],[54.415152,24.504188]],[[54.415362,24.504073],[54.415353,24.504065],[54.415372,24.504062],[54.415362,24.504073]]]}},{"type":"Feature","properties":{},"geometry":{"type":"Polygon","coordinates":[[[54.41564,24.504033],[54.415523,24.504134],[54.415567,24.504185],[54.415683,24.504083],[54.41564,24.504033]]]}},{"type":"Feature","properties":{},"geometry":{"type":"Polygon","coordinates":[[[54.41548,24.504351],[54.415657,24.504504],[54.415835,24.504355],[54.415988,24.504182],[54.415792,24.50402],[54.41548,24.504351]]]}},{"type":"Feature","properties":{},"geometry":{"type":"Polygon","coordinates":[[[54.414171,24.504756],[54.414417,24.504477],[54.414578,24.504616],[54.414756,24.504467],[54.415022,24.504167],[54.414826,24.504005],[54.414491,24.504361],[54.414312,24.504214],[54.414153,24.504371],[54.413816,24.504751],[54.413993,24.504904],[54.414171,24.504756]]]}},{"type":"Feature","properties":{},"geometry":{"type":"Polygon","coordinates":[[[54.415351,24.504508],[54.4154,24.504559],[54.41549,24.504472],[54.415441,24.504421],[54.415351,24.504508]]]}},{"type":"Feature","properties":{},"geometry":{"type":"Polygon","coordinates":[[[54.415251,24.505186],[54.415268,24.505206],[54.415332,24.505161],[54.415377,24.50511],[54.415348,24.505077],[54.415421,24.504995],[54.415445,24.505016],[54.415623,24.504867],[54.415806,24.50466],[54.41561,24.504498],[54.415272,24.504858],[54.415232,24.504826],[54.414863,24.50522],[54.415041,24.505372],[54.415251,24.505186]]]}},{"type":"Feature","properties":{},"geometry":{"type":"Polygon","coordinates":[[[54.414273,24.505096],[54.41445,24.505249],[54.414628,24.5051],[54.414868,24.50483],[54.414671,24.504668],[54.414273,24.505096]]]}},{"type":"Feature","properties":{},"geometry":{"type":"Polygon","coordinates":[[[54.415692,24.505017],[54.415749,24.505077],[54.415841,24.50499],[54.415784,24.50493],[54.415692,24.505017]]]}},{"type":"Feature","properties":{},"geometry":{"type":"Polygon","coordinates":[[[54.411043,24.506943],[54.410977,24.506911],[54.410932,24.506962],[54.410847,24.506938],[54.410643,24.507163],[54.410582,24.507275],[54.410576,24.507435],[54.410619,24.507509],[54.410673,24.507518],[54.410754,24.507495],[54.41101,24.507189],[54.411043,24.506943]]]}},{"type":"Feature","properties":{},"geometry":{"type":"Polygon","coordinates":[[[54.410813,24.508596],[54.410768,24.508647],[54.410764,24.508747],[54.410915,24.508752],[54.410926,24.50874],[54.410925,24.508753],[54.411052,24.508756],[54.411097,24.508706],[54.4111,24.508608],[54.410973,24.508605],[54.410964,24.508616],[54.410964,24.508601],[54.410813,24.508596]]]}},{"type":"Feature","properties":{},"geometry":{"type":"Polygon","coordinates":[[[54.41158,24.508954],[54.411535,24.509005],[54.411526,24.509213],[54.411649,24.509217],[54.411694,24.509167],[54.411703,24.508958],[54.41158,24.508954]]]}},{"type":"Feature","properties":{},"geometry":{"type":"Polygon","coordinates":[[[54.410698,24.509064],[54.410653,24.509115],[54.410655,24.509212],[54.410717,24.50921],[54.410762,24.50916],[54.41076,24.509063],[54.410698,24.509064]]]}},{"type":"Feature","properties":{},"geometry":{"type":"Polygon","coordinates":[[[54.411165,24.509226],[54.411159,24.50944],[54.411062,24.509442],[54.41105,24.509456],[54.411049,24.50944],[54.410723,24.509449],[54.410678,24.5095],[54.410682,24.509594],[54.411008,24.509584],[54.411019,24.509571],[54.41102,24.509583],[54.411403,24.509574],[54.411448,24.509523],[54.411445,24.509433],[54.411393,24.509434],[54.411477,24.50934],[54.411487,24.508984],[54.411317,24.50898],[54.411301,24.508998],[54.411302,24.508986],[54.411248,24.508984],[54.411203,24.509035],[54.4112,24.509113],[54.411168,24.509148],[54.411123,24.509147],[54.411078,24.509198],[54.411077,24.50927],[54.411125,24.509271],[54.411165,24.509226]]]}},{"type":"Feature","properties":{},"geometry":{"type":"Polygon","coordinates":[[[54.41156,24.509263],[54.411515,24.509313],[54.41151,24.50953],[54.411628,24.509532],[54.411673,24.509482],[54.411678,24.509265],[54.41156,24.509263]]]}},{"type":"Feature","properties":{},"geometry":{"type":"Polygon","coordinates":[[[54.411256,24.509681],[54.411211,24.509732],[54.411288,24.509888],[54.411387,24.509848],[54.411432,24.509798],[54.411355,24.509641],[54.411256,24.509681]]]}},{"type":"Feature","properties":{},"geometry":{"type":"Polygon","coordinates":[[[54.410637,24.510739],[54.410584,24.510715],[54.410513,24.510814],[54.410566,24.510838],[54.410637,24.510739]]]}},{"type":"Feature","properties":{},"geometry":{"type":"Polygon","coordinates":[[[54.418933,24.480082],[54.418939,24.480052],[54.418873,24.480042],[54.418828,24.480093],[54.418822,24.480129],[54.418887,24.480138],[54.418898,24.480126],[54.418897,24.480182],[54.418935,24.480183],[54.41898,24.480132],[54.418981,24.480071],[54.418933,24.480082]]]}},{"type":"Feature","properties":{},"geometry":{"type":"Polygon","coordinates":[[[54.42066,24.480236],[54.420569,24.480232],[54.420524,24.480283],[54.420517,24.480415],[54.420856,24.480439],[54.420901,24.480388],[54.420903,24.480342],[54.420695,24.480334],[54.420696,24.480302],[54.420656,24.480306],[54.42066,24.480236]]]}},{"type":"Feature","properties":{},"geometry":{"type":"Polygon","coordinates":[[[54.419929,24.480822],[54.419884,24.480873],[54.419878,24.480927],[54.419942,24.480933],[54.419987,24.480883],[54.419993,24.480828],[54.419929,24.480822]]]}},{"type":"Feature","properties":{},"geometry":{"type":"Polygon","coordinates":[[[54.418688,24.481875],[54.418733,24.481824],[54.41873,24.481743],[54.418675,24.481744],[54.418674,24.481728],[54.418835,24.481746],[54.41888,24.481695],[54.418898,24.481561],[54.418579,24.481524],[54.418534,24.481575],[54.418515,24.48171],[54.418526,24.481711],[54.418499,24.481741],[54.418505,24.481882],[54.418688,24.481875]]]}},{"type":"Feature","properties":{},"geometry":{"type":"Polygon","coordinates":[[[54.418982,24.481589],[54.418937,24.481639],[54.418915,24.481793],[54.419255,24.481834],[54.4193,24.481784],[54.419322,24.48163],[54.418982,24.481589]]]}},{"type":"Feature","properties":{},"geometry":{"type":"Polygon","coordinates":[[[54.419421,24.481631],[54.419376,24.481682],[54.419356,24.481819],[54.419683,24.481857],[54.419728,24.481807],[54.419748,24.48167],[54.419421,24.481631]]]}},{"type":"Feature","properties":{},"geometry":{"type":"Polygon","coordinates":[[[54.42007,24.481706],[54.420025,24.481757],[54.420019,24.48182],[54.420155,24.481822],[54.4202,24.481772],[54.420202,24.48172],[54.42013,24.481723],[54.420131,24.481711],[54.42007,24.481706]]]}},{"type":"Feature","properties":{},"geometry":{"type":"Polygon","coordinates":[[[54.418826,24.48177],[54.418781,24.481821],[54.418768,24.481901],[54.41881,24.481906],[54.418855,24.481855],[54.418868,24.481775],[54.418826,24.48177]]]}},{"type":"Feature","properties":{},"geometry":{"type":"Polygon","coordinates":[[[54.420942,24.482186],[54.420987,24.482135],[54.421007,24.482012],[54.42099,24.48201],[54.421032,24.481962],[54.42104,24.48183],[54.420715,24.481813],[54.42067,24.481864],[54.420662,24.481996],[54.420673,24.481997],[54.420652,24.482021],[54.420632,24.482144],[54.420942,24.482186]]]}},{"type":"Feature","properties":{},"geometry":{"type":"Polygon","coordinates":[[[54.419583,24.482177],[54.419586,24.482153],[54.419569,24.482151],[54.4196,24.482116],[54.419618,24.481986],[54.419294,24.481947],[54.419249,24.481998],[54.41923,24.482129],[54.419241,24.48213],[54.419105,24.482283],[54.419094,24.482363],[54.418842,24.482331],[54.418797,24.482381],[54.418776,24.482515],[54.418795,24.482518],[54.418769,24.482547],[54.41876,24.482606],[54.419053,24.482643],[54.419049,24.482686],[54.418957,24.482661],[54.418912,24.482711],[54.418884,24.482798],[54.418981,24.482824],[54.419026,24.482773],[54.419046,24.482714],[54.419042,24.482748],[54.419133,24.482756],[54.419126,24.482801],[54.419228,24.482814],[54.4192,24.482846],[54.419195,24.482881],[54.418873,24.482852],[54.418848,24.482881],[54.418851,24.482817],[54.418763,24.482813],[54.418718,24.482864],[54.418712,24.482973],[54.4188,24.482978],[54.418822,24.482952],[54.418812,24.483045],[54.419144,24.483075],[54.419189,24.483025],[54.419194,24.482979],[54.419506,24.483012],[54.419551,24.482961],[54.419568,24.482829],[54.419469,24.482819],[54.419494,24.482791],[54.419514,24.482659],[54.419484,24.482655],[54.419516,24.482619],[54.419553,24.482622],[54.419598,24.482572],[54.419626,24.48229],[54.419669,24.482288],[54.419682,24.482274],[54.419678,24.482291],[54.419773,24.482308],[54.419729,24.482358],[54.419705,24.482563],[54.419749,24.482568],[54.41969,24.482634],[54.419666,24.48283],[54.419743,24.482837],[54.419741,24.482855],[54.4197,24.48285],[54.419655,24.482901],[54.419637,24.483036],[54.419652,24.483037],[54.419628,24.483065],[54.419615,24.483185],[54.419939,24.483213],[54.419926,24.483331],[54.420264,24.483363],[54.420414,24.483194],[54.420432,24.483032],[54.420094,24.483],[54.419989,24.483119],[54.419997,24.483043],[54.419984,24.483042],[54.420003,24.48302],[54.420017,24.482915],[54.420058,24.48292],[54.420103,24.48287],[54.420115,24.482737],[54.420152,24.482694],[54.420176,24.482499],[54.420131,24.482495],[54.420191,24.482427],[54.420215,24.482222],[54.420186,24.482219],[54.420207,24.482195],[54.420223,24.482093],[54.420318,24.482105],[54.420308,24.48214],[54.420399,24.48216],[54.420597,24.481951],[54.420621,24.481788],[54.420283,24.481748],[54.420159,24.481888],[54.419851,24.481856],[54.419806,24.481907],[54.419792,24.48202],[54.419674,24.482022],[54.419629,24.482073],[54.419631,24.482146],[54.419613,24.48218],[54.419583,24.482177]],[[54.419842,24.482204],[54.419863,24.482207],[54.419844,24.482228],[54.419772,24.48221],[54.419837,24.482116],[54.419835,24.482047],[54.419882,24.482051],[54.419862,24.482074],[54.419842,24.482204]]]}},{"type":"Feature","properties":{},"geometry":{"type":"Polygon","coordinates":[[[54.418529,24.481901],[54.418484,24.481952],[54.418485,24.481974],[54.41853,24.481971],[54.418575,24.48192],[54.418573,24.481898],[54.418529,24.481901]]]}},{"type":"Feature","properties":{},"geometry":{"type":"Polygon","coordinates":[[[54.418801,24.481985],[54.418756,24.482035],[54.41874,24.482106],[54.418776,24.482112],[54.418821,24.482062],[54.418837,24.481991],[54.418801,24.481985]]]}},{"type":"Feature","properties":{},"geometry":{"type":"Polygon","coordinates":[[[54.418884,24.482029],[54.418839,24.482079],[54.418829,24.482159],[54.419151,24.482194],[54.419196,24.482143],[54.419207,24.482064],[54.418884,24.482029]]]}},{"type":"Feature","properties":{},"geometry":{"type":"Polygon","coordinates":[[[54.418494,24.482084],[54.418449,24.482135],[54.41843,24.482262],[54.418753,24.482302],[54.418798,24.482252],[54.418817,24.482124],[54.418494,24.482084]]]}},{"type":"Feature","properties":{},"geometry":{"type":"Polygon","coordinates":[[[54.420516,24.482529],[54.420561,24.482479],[54.42058,24.482347],[54.420559,24.482344],[54.420578,24.482324],[54.420588,24.482262],[54.42027,24.482219],[54.420225,24.482269],[54.420215,24.482331],[54.420235,24.482334],[54.420213,24.482359],[54.420194,24.482491],[54.420516,24.482529]]]}},{"type":"Feature","properties":{},"geometry":{"type":"Polygon","coordinates":[[[54.420881,24.482577],[54.420926,24.482526],[54.420945,24.482404],[54.420919,24.482401],[54.420954,24.482361],[54.420967,24.48224],[54.420657,24.482212],[54.420612,24.482262],[54.420598,24.482383],[54.420617,24.482385],[54.42059,24.482415],[54.420571,24.482537],[54.420881,24.482577]]]}},{"type":"Feature","properties":{},"geometry":{"type":"Polygon","coordinates":[[[54.41846,24.482285],[54.418415,24.482336],[54.418397,24.482468],[54.418413,24.48247],[54.418389,24.482498],[54.418372,24.482632],[54.418698,24.482664],[54.418743,24.482614],[54.41876,24.48248],[54.418744,24.482478],[54.418765,24.482454],[54.418784,24.482322],[54.41846,24.482285]]]}},{"type":"Feature","properties":{},"geometry":{"type":"Polygon","coordinates":[[[54.420469,24.482822],[54.420514,24.482771],[54.420522,24.482703],[54.420508,24.482702],[54.420531,24.482676],[54.420545,24.482545],[54.420223,24.482516],[54.420178,24.482567],[54.420169,24.482698],[54.420149,24.482721],[54.420141,24.482789],[54.420469,24.482822]]]}},{"type":"Feature","properties":{},"geometry":{"type":"Polygon","coordinates":[[[54.420861,24.482766],[54.420895,24.482727],[54.420916,24.482582],[54.420606,24.482548],[54.420561,24.482599],[54.420542,24.482745],[54.420565,24.482747],[54.420533,24.482784],[54.420516,24.482905],[54.420826,24.482941],[54.420871,24.48289],[54.420888,24.482769],[54.420861,24.482766]]]}},{"type":"Feature","properties":{},"geometry":{"type":"Polygon","coordinates":[[[54.418641,24.483046],[54.418686,24.482995],[54.418686,24.482873],[54.418708,24.482848],[54.418722,24.482713],[54.418396,24.482685],[54.418351,24.482736],[54.418337,24.482871],[54.418355,24.482873],[54.418321,24.482911],[54.418316,24.483033],[54.418641,24.483046]]]}},{"type":"Feature","properties":{},"geometry":{"type":"Polygon","coordinates":[[[54.4203,24.48283],[54.420255,24.482881],[54.42022,24.482971],[54.420309,24.482999],[54.420354,24.482948],[54.420388,24.482858],[54.4203,24.48283]]]}},{"type":"Feature","properties":{},"geometry":{"type":"Polygon","coordinates":[[[54.420544,24.48297],[54.420499,24.483021],[54.420482,24.483141],[54.420502,24.483143],[54.420475,24.483174],[54.420462,24.483302],[54.420781,24.483328],[54.420826,24.483278],[54.420839,24.483149],[54.420817,24.483147],[54.420835,24.483127],[54.420852,24.483007],[54.420544,24.48297]]]}},{"type":"Feature","properties":{},"geometry":{"type":"Polygon","coordinates":[[[54.417238,24.487724],[54.417193,24.487775],[54.417194,24.48782],[54.41728,24.487819],[54.417325,24.487769],[54.417324,24.487723],[54.417238,24.487724]]]}},{"type":"Feature","properties":{},"geometry":{"type":"Polygon","coordinates":[[[54.419482,24.489262],[54.419437,24.489312],[54.419439,24.489354],[54.419497,24.489351],[54.419542,24.4893],[54.41954,24.489259],[54.419482,24.489262]]]}},{"type":"Feature","properties":{},"geometry":{"type":"Polygon","coordinates":[[[54.41933,24.489268],[54.419285,24.489318],[54.419286,24.489358],[54.419388,24.489354],[54.419433,24.489303],[54.419432,24.489265],[54.41933,24.489268]]]}},{"type":"Feature","properties":{},"geometry":{"type":"Polygon","coordinates":[[[54.419591,24.489266],[54.419546,24.489317],[54.419547,24.489371],[54.41965,24.48937],[54.419695,24.489319],[54.419694,24.489265],[54.419591,24.489266]]]}},{"type":"Feature","properties":{},"geometry":{"type":"Polygon","coordinates":[[[54.418987,24.489305],[54.418942,24.489355],[54.418949,24.48948],[54.419038,24.489476],[54.419083,24.489425],[54.419077,24.489301],[54.418987,24.489305]]]}},{"type":"Feature","properties":{},"geometry":{"type":"Polygon","coordinates":[[[54.419557,24.489378],[54.419512,24.489429],[54.419509,24.489531],[54.419613,24.489534],[54.419658,24.489483],[54.419661,24.489381],[54.419557,24.489378]]]}},{"type":"Feature","properties":{},"geometry":{"type":"Polygon","coordinates":[[[54.419157,24.48954],[54.419112,24.489591],[54.419121,24.489663],[54.419148,24.48966],[54.419193,24.489609],[54.419183,24.489537],[54.419157,24.48954]]]}},{"type":"Feature","properties":{},"geometry":{"type":"Polygon","coordinates":[[[54.419563,24.489776],[54.419518,24.489827],[54.419519,24.489872],[54.41964,24.48987],[54.419685,24.489819],[54.419684,24.489774],[54.419563,24.489776]]]}},{"type":"Feature","properties":{},"geometry":{"type":"Polygon","coordinates":[[[54.419617,24.490344],[54.419662,24.490293],[54.419659,24.490172],[54.419611,24.490173],[54.419566,24.490224],[54.419567,24.490262],[54.419526,24.490308],[54.419534,24.490349],[54.419617,24.490344]]]}},{"type":"Feature","properties":{},"geometry":{"type":"Polygon","coordinates":[[[54.419336,24.490234],[54.419342,24.490356],[54.419393,24.490354],[54.419438,24.490303],[54.419432,24.490181],[54.419381,24.490183],[54.419336,24.490234]]]}},{"type":"Feature","properties":{},"geometry":{"type":"Polygon","coordinates":[[[54.419239,24.490277],[54.419194,24.490327],[54.419195,24.490362],[54.41927,24.490359],[54.419315,24.490309],[54.419314,24.490275],[54.419239,24.490277]]]}},{"type":"Feature","properties":{},"geometry":{"type":"Polygon","coordinates":[[[54.416805,24.501887],[54.41676,24.501938],[54.416775,24.501985],[54.41682,24.501973],[54.416865,24.501923],[54.41685,24.501875],[54.416805,24.501887]]]}},{"type":"Feature","properties":{},"geometry":{"type":"Polygon","coordinates":[[[54.41732,24.502054],[54.41747,24.501885],[54.41724,24.501685],[54.417013,24.501926],[54.417047,24.501963],[54.416909,24.502118],[54.417104,24.502258],[54.41732,24.502054]]]}},{"type":"Feature","properties":{},"geometry":{"type":"Polygon","coordinates":[[[54.416625,24.502022],[54.416638,24.502008],[54.416713,24.502015],[54.416758,24.501965],[54.416757,24.501916],[54.416682,24.501917],[54.416668,24.501932],[54.416572,24.501928],[54.416527,24.501979],[54.416529,24.502025],[54.416625,24.502022]]]}},{"type":"Feature","properties":{},"geometry":{"type":"Polygon","coordinates":[[[54.417503,24.502401],[54.417532,24.502438],[54.417619,24.50236],[54.41759,24.502323],[54.417503,24.502401]]]}},{"type":"Feature","properties":{},"geometry":{"type":"Polygon","coordinates":[[[54.418129,24.502429],[54.418173,24.502522],[54.418375,24.502444],[54.41842,24.502393],[54.418376,24.5023],[54.418174,24.502378],[54.418129,24.502429]]]}},{"type":"Feature","properties":{},"geometry":{"type":"Polygon","coordinates":[[[54.417816,24.502529],[54.417863,24.502565],[54.417932,24.502489],[54.417885,24.502453],[54.417816,24.502529]]]}},{"type":"Feature","properties":{},"geometry":{"type":"Polygon","coordinates":[[[54.417421,24.502442],[54.417376,24.502492],[54.417376,24.502607],[54.417455,24.502613],[54.4175,24.502562],[54.417504,24.502442],[54.417421,24.502442]]]}},{"type":"Feature","properties":{},"geometry":{"type":"Polygon","coordinates":[[[54.417363,24.502822],[54.417408,24.502771],[54.417402,24.50271],[54.417344,24.502715],[54.417301,24.502763],[54.417299,24.502712],[54.417054,24.502725],[54.417054,24.502707],[54.416951,24.502703],[54.416996,24.502652],[54.416995,24.502628],[54.416892,24.50263],[54.416847,24.50268],[54.416848,24.502705],[54.416944,24.502703],[54.4169,24.502753],[54.416897,24.502813],[54.417014,24.50281],[54.417015,24.502845],[54.417257,24.502836],[54.417301,24.502787],[54.417304,24.502826],[54.417363,24.502822]]]}},{"type":"Feature","properties":{},"geometry":{"type":"Polygon","coordinates":[[[54.417372,24.503102],[54.417374,24.50306],[54.417267,24.503056],[54.417222,24.503107],[54.41722,24.503149],[54.417327,24.503153],[54.417372,24.503102]]]}},{"type":"Feature","properties":{},"geometry":{"type":"Polygon","coordinates":[[[54.417465,24.503137],[54.41742,24.503187],[54.417416,24.503278],[54.417478,24.50328],[54.417511,24.503242],[54.417512,24.503281],[54.41756,24.50328],[54.417605,24.503229],[54.417604,24.503168],[54.417556,24.503169],[54.417524,24.503205],[54.417526,24.503139],[54.417465,24.503137]]]}},{"type":"Feature","properties":{},"geometry":{"type":"Polygon","coordinates":[[[54.417619,24.50362],[54.417612,24.503837],[54.417645,24.503838],[54.41769,24.503787],[54.417698,24.50357],[54.417664,24.503569],[54.417619,24.50362]]]}}]}