{"type":"FeatureCollection","features":[{"type":"Feature","properties":{},"geometry":{"type":"Polygon","coordinates":[[[54.378843,24.480155],[54.378941,24.480192],[54.379111,24.480037],[54.378973,24.479911],[54.378693,24.479808],[54.378523,24.479963],[54.378591,24.480025],[54.378493,24.479989],[54.378309,24.480157],[54.37845,24.480285],[54.37873,24.480389],[54.378915,24.480221],[54.378843,24.480155]]]}},{"type":"Feature","properties":{},"geometry":{"type":"Polygon","coordinates":[[[54.37808,24.48035],[54.377897,24.48052],[54.37798,24.480594],[54.37789,24.48056],[54.377721,24.480713],[54.377841,24.480823],[54.378121,24.480926],[54.37829,24.480773],[54.378224,24.480713],[54.378317,24.480747],[54.3785,24.480577],[54.37836,24.480453],[54.37808,24.48035]]]}},{"type":"Feature","properties":{},"geometry":{"type":"Polygon","coordinates":[[[54.378863,24.481163],[54.379052,24.481293],[54.379202,24.481348],[54.379293,24.481238],[54.379104,24.481108],[54.378954,24.481053],[54.378863,24.481163]]]}},{"type":"Feature","properties":{},"geometry":{"type":"Polygon","coordinates":[[[54.379416,24.481578],[54.379333,24.481522],[54.379183,24.481467],[54.379166,24.481487],[54.379,24.481382],[54.379054,24.481316],[54.378971,24.48126],[54.378821,24.481205],[54.378597,24.481479],[54.378679,24.481535],[54.378829,24.48159],[54.378861,24.481551],[54.378968,24.481627],[54.379032,24.481651],[54.378958,24.481741],[54.379041,24.481797],[54.379191,24.481852],[54.379416,24.481578]]]}},{"type":"Feature","properties":{},"geometry":{"type":"Polygon","coordinates":[[[54.37908,24.481821],[54.37893,24.481766],[54.378791,24.481935],[54.378599,24.481864],[54.378799,24.48162],[54.378717,24.481564],[54.378567,24.481508],[54.378342,24.481782],[54.378445,24.481846],[54.37834,24.481973],[54.378601,24.48215],[54.379101,24.482335],[54.379229,24.482177],[54.379029,24.482041],[54.379163,24.481877],[54.37908,24.481821]]]}},{"type":"Feature","properties":{},"geometry":{"type":"Polygon","coordinates":[[[54.37849,24.482083],[54.37834,24.482028],[54.378235,24.482156],[54.378457,24.482306],[54.378607,24.482362],[54.378651,24.482307],[54.378798,24.482362],[54.378835,24.482317],[54.37849,24.482083]]]}},{"type":"Feature","properties":{},"geometry":{"type":"Polygon","coordinates":[[[54.37873,24.482624],[54.37798,24.482348],[54.377608,24.482798],[54.377879,24.482984],[54.378617,24.483256],[54.378838,24.483412],[54.378988,24.483468],[54.37908,24.48336],[54.378804,24.483165],[54.37873,24.483138],[54.379001,24.48281],[54.37873,24.482624]]]}},{"type":"Feature","properties":{},"geometry":{"type":"Polygon","coordinates":[[[54.37918,24.483511],[54.379067,24.483488],[54.379038,24.483604],[54.379188,24.483659],[54.3793,24.483682],[54.379284,24.483697],[54.379349,24.483753],[54.379499,24.483808],[54.379586,24.483725],[54.379521,24.483669],[54.379371,24.483614],[54.379301,24.48368],[54.37933,24.483566],[54.37918,24.483511]]]}},{"type":"Feature","properties":{},"geometry":{"type":"Polygon","coordinates":[[[54.37867,24.4842],[54.378722,24.484225],[54.379419,24.484482],[54.379375,24.484536],[54.379486,24.484611],[54.379636,24.484667],[54.379716,24.48457],[54.379625,24.484508],[54.379812,24.484288],[54.380175,24.484545],[54.380452,24.484648],[54.38046,24.484713],[54.38096,24.484897],[54.381048,24.484891],[54.380844,24.485136],[54.380901,24.485175],[54.380884,24.485195],[54.380969,24.485254],[54.381089,24.485298],[54.381125,24.485345],[54.381275,24.4854],[54.381308,24.485379],[54.381469,24.485438],[54.381799,24.485042],[54.381658,24.484944],[54.381192,24.484773],[54.381173,24.48476],[54.381193,24.48473],[54.381077,24.484653],[54.380821,24.484559],[54.380871,24.484501],[54.3804,24.484167],[54.3799,24.483983],[54.379831,24.484064],[54.379773,24.484026],[54.379393,24.483886],[54.379442,24.483798],[54.379402,24.48378],[54.379252,24.483725],[54.379207,24.483807],[54.37909,24.483726],[54.37834,24.48345],[54.378303,24.483499],[54.378225,24.48347],[54.378086,24.483642],[54.378109,24.483859],[54.378423,24.48407],[54.378627,24.484146],[54.37867,24.4842]]]}},{"type":"Feature","properties":{},"geometry":{"type":"Polygon","coordinates":[[[54.378631,24.484833],[54.37867,24.484847],[54.378662,24.484857],[54.378881,24.484995],[54.379279,24.485286],[54.379319,24.485301],[54.379308,24.485314],[54.379483,24.485436],[54.379558,24.485464],[54.37955,24.485474],[54.379762,24.485613],[54.379747,24.485631],[54.380137,24.485913],[54.380218,24.485943],[54.380391,24.486058],[54.380384,24.486066],[54.380761,24.486336],[54.380921,24.486395],[54.381037,24.486265],[54.380555,24.48591],[54.380404,24.485854],[54.380415,24.485842],[54.380309,24.485764],[54.380333,24.485737],[54.379935,24.485453],[54.379819,24.485411],[54.37965,24.485281],[54.379532,24.485238],[54.379548,24.48522],[54.379334,24.485075],[54.379346,24.485062],[54.379155,24.484924],[54.378896,24.48477],[54.378902,24.484763],[54.378689,24.484623],[54.378698,24.484613],[54.37831,24.484334],[54.378087,24.484182],[54.377927,24.484123],[54.377814,24.484257],[54.378458,24.484699],[54.378631,24.484833]]]}},{"type":"Feature","properties":{},"geometry":{"type":"Polygon","coordinates":[[[54.379112,24.484557],[54.379393,24.48475],[54.379543,24.484806],[54.379619,24.484713],[54.379338,24.48452],[54.379188,24.484464],[54.379112,24.484557]]]}},{"type":"Feature","properties":{},"geometry":{"type":"Polygon","coordinates":[[[54.378028,24.487123],[54.378013,24.487118],[54.378032,24.487097],[54.377947,24.487035],[54.377627,24.486917],[54.377437,24.487134],[54.377523,24.487197],[54.377715,24.487268],[54.377662,24.487329],[54.377718,24.487369],[54.37767,24.487423],[54.377858,24.487559],[54.377914,24.487579],[54.377857,24.487645],[54.378003,24.487751],[54.377537,24.488282],[54.377301,24.488195],[54.377244,24.488263],[54.378043,24.488819],[54.378128,24.488851],[54.378117,24.488864],[54.378318,24.489006],[54.378468,24.489062],[54.378516,24.489006],[54.37848,24.488981],[54.378543,24.489004],[54.3786,24.488936],[54.378218,24.48867],[54.379052,24.487717],[54.379207,24.48783],[54.379527,24.487948],[54.37965,24.487807],[54.37962,24.487785],[54.379793,24.487588],[54.379406,24.487308],[54.379273,24.487259],[54.379207,24.487211],[54.37931,24.487094],[54.379126,24.48696],[54.379275,24.486768],[54.37935,24.486796],[54.37957,24.486514],[54.37953,24.486488],[54.379585,24.486416],[54.379287,24.486223],[54.378537,24.485947],[54.377906,24.486755],[54.378181,24.486933],[54.378575,24.487078],[54.378439,24.487233],[54.378058,24.487089],[54.378028,24.487123]]]}},{"type":"Feature","properties":{},"geometry":{"type":"Polygon","coordinates":[[[54.3797,24.487242],[54.379666,24.487223],[54.379516,24.487168],[54.379489,24.487206],[54.379673,24.48728],[54.3797,24.487242]]]}},{"type":"Feature","properties":{},"geometry":{"type":"Polygon","coordinates":[[[54.379116,24.487885],[54.379217,24.487962],[54.379367,24.488018],[54.379404,24.487977],[54.379303,24.4879],[54.379153,24.487845],[54.379116,24.487885]]]}},{"type":"Feature","properties":{},"geometry":{"type":"Polygon","coordinates":[[[54.379683,24.488247],[54.379462,24.488101],[54.378962,24.487917],[54.378836,24.488075],[54.379057,24.488221],[54.379557,24.488405],[54.379683,24.488247]]]}},{"type":"Feature","properties":{},"geometry":{"type":"Polygon","coordinates":[[[54.379255,24.489767],[54.379225,24.489745],[54.379075,24.48969],[54.379025,24.489745],[54.379205,24.489823],[54.379255,24.489767]]]}},{"type":"Feature","properties":{},"geometry":{"type":"Polygon","coordinates":[[[54.378899,24.489859],[54.37893,24.489881],[54.37908,24.489937],[54.37912,24.48989],[54.378939,24.489813],[54.378899,24.489859]]]}},{"type":"Feature","properties":{},"geometry":{"type":"Polygon","coordinates":[[[54.37981,24.490638],[54.379787,24.490665],[54.380071,24.490861],[54.380415,24.490988],[54.38035,24.491064],[54.38055,24.491204],[54.380607,24.491225],[54.380589,24.491245],[54.38142,24.491834],[54.381769,24.491962],[54.381723,24.492019],[54.381982,24.492193],[54.382041,24.492215],[54.382033,24.492224],[54.382257,24.492365],[54.382251,24.492373],[54.382441,24.492501],[54.382646,24.492576],[54.382616,24.492611],[54.382737,24.492698],[54.383177,24.49286],[54.383336,24.492676],[54.383221,24.492593],[54.383405,24.492661],[54.38356,24.492482],[54.383425,24.492385],[54.382945,24.492208],[54.38279,24.492387],[54.38292,24.49248],[54.382775,24.492427],[54.382763,24.492441],[54.382499,24.492261],[54.382534,24.492218],[54.382274,24.492044],[54.382008,24.491946],[54.38205,24.491897],[54.381709,24.491655],[54.381947,24.491742],[54.382137,24.491541],[54.382006,24.491452],[54.381646,24.49132],[54.381483,24.491495],[54.38122,24.491308],[54.381002,24.491228],[54.38101,24.491218],[54.38081,24.491078],[54.380627,24.491011],[54.380686,24.490939],[54.381045,24.491072],[54.381227,24.490859],[54.381093,24.490764],[54.380733,24.490631],[54.380567,24.490824],[54.38042,24.490722],[54.380198,24.49064],[54.38021,24.490626],[54.380019,24.490491],[54.380051,24.490453],[54.379905,24.490353],[54.379065,24.490043],[54.378904,24.490239],[54.379049,24.490338],[54.379689,24.490574],[54.37981,24.490638]]]}},{"type":"Feature","properties":{},"geometry":{"type":"Polygon","coordinates":[[[54.378407,24.491073],[54.378833,24.49123],[54.378806,24.491262],[54.378201,24.491039],[54.378055,24.49121],[54.37819,24.491305],[54.37903,24.491615],[54.37905,24.491592],[54.379127,24.49162],[54.379071,24.491684],[54.379215,24.491788],[54.379695,24.491965],[54.379853,24.491784],[54.379704,24.491678],[54.379715,24.491665],[54.379788,24.491717],[54.379846,24.491739],[54.379833,24.491753],[54.379901,24.491802],[54.380276,24.491931],[54.380225,24.491988],[54.380158,24.491963],[54.380136,24.491988],[54.380304,24.492112],[54.38038,24.49214],[54.380208,24.492344],[54.379775,24.492029],[54.379615,24.49197],[54.37952,24.492079],[54.380029,24.492449],[54.380189,24.492508],[54.380264,24.492422],[54.380634,24.492679],[54.381071,24.49284],[54.380955,24.492971],[54.381058,24.493046],[54.381418,24.493179],[54.381463,24.493128],[54.38162,24.493243],[54.381688,24.493268],[54.381564,24.493408],[54.381683,24.493495],[54.381782,24.493532],[54.381766,24.493552],[54.381986,24.493695],[54.382426,24.493858],[54.382517,24.493742],[54.382298,24.493599],[54.382085,24.49352],[54.382165,24.493429],[54.382096,24.493378],[54.382223,24.493425],[54.382368,24.493261],[54.382258,24.49318],[54.382483,24.493263],[54.382637,24.493094],[54.382623,24.493084],[54.382973,24.493213],[54.383081,24.493079],[54.382865,24.492935],[54.382709,24.492877],[54.382719,24.492865],[54.382605,24.492781],[54.38235,24.492687],[54.382158,24.492548],[54.382062,24.492512],[54.382116,24.492448],[54.381994,24.492365],[54.381594,24.492217],[54.38154,24.492283],[54.381496,24.492253],[54.381213,24.492148],[54.381222,24.492101],[54.381265,24.492112],[54.381301,24.49191],[54.381267,24.491897],[54.381282,24.491833],[54.381146,24.491722],[54.380563,24.491508],[54.380619,24.491444],[54.380481,24.491344],[54.380143,24.491219],[54.380207,24.491146],[54.38009,24.491061],[54.37987,24.49098],[54.379957,24.49088],[54.379611,24.490654],[54.378811,24.490359],[54.378656,24.490542],[54.378747,24.490606],[54.378627,24.490562],[54.378467,24.490759],[54.378624,24.490864],[54.379044,24.491019],[54.379076,24.491042],[54.378416,24.490798],[54.378267,24.490974],[54.378407,24.491073]],[[54.381898,24.493048],[54.381844,24.493108],[54.38167,24.49298],[54.38162,24.492961],[54.381752,24.492811],[54.381632,24.492723],[54.381591,24.492708],[54.38169,24.492589],[54.382013,24.492804],[54.382142,24.492859],[54.382059,24.492828],[54.381905,24.492997],[54.382043,24.493101],[54.381898,24.493048]],[[54.379739,24.491451],[54.379784,24.491467],[54.379775,24.491477],[54.379739,24.491451]],[[54.379425,24.491328],[54.379442,24.491309],[54.379514,24.491361],[54.379425,24.491328]],[[54.37941,24.491191],[54.379481,24.491217],[54.379467,24.491233],[54.37941,24.491191]],[[54.379607,24.49112],[54.379647,24.491149],[54.379598,24.49113],[54.379607,24.49112]],[[54.379211,24.49079],[54.379197,24.490806],[54.379258,24.490851],[54.379218,24.490836],[54.379224,24.490829],[54.379113,24.490754],[54.379211,24.49079]],[[54.380489,24.49201],[54.380487,24.492012],[54.38048,24.492006],[54.380489,24.49201]],[[54.380008,24.491476],[54.380114,24.491515],[54.380109,24.491536],[54.379888,24.491455],[54.379924,24.491414],[54.380008,24.491476]],[[54.379937,24.491273],[54.379955,24.49128],[54.379951,24.491284],[54.379937,24.491273]]]}},{"type":"Feature","properties":{},"geometry":{"type":"Polygon","coordinates":[[[54.378974,24.491722],[54.377954,24.49136],[54.37777,24.491574],[54.378008,24.491743],[54.378848,24.492053],[54.378886,24.492009],[54.379234,24.492146],[54.379321,24.492044],[54.379188,24.49195],[54.379232,24.491895],[54.378974,24.491722]]]}},{"type":"Feature","properties":{},"geometry":{"type":"Polygon","coordinates":[[[54.377756,24.492644],[54.378007,24.492829],[54.378487,24.493006],[54.378601,24.492878],[54.378351,24.492692],[54.377871,24.492515],[54.377756,24.492644]]]}},{"type":"Feature","properties":{},"geometry":{"type":"Polygon","coordinates":[[[54.38015,24.494293],[54.3798,24.494163],[54.379724,24.49425],[54.378863,24.493933],[54.378715,24.494105],[54.378006,24.493843],[54.377803,24.494084],[54.378016,24.494232],[54.378787,24.494516],[54.378686,24.494634],[54.378036,24.494394],[54.377925,24.494521],[54.378118,24.49466],[54.37818,24.494684],[54.37817,24.494696],[54.378362,24.494835],[54.378639,24.494938],[54.378544,24.495048],[54.378687,24.49515],[54.379479,24.495442],[54.379435,24.495497],[54.379301,24.495401],[54.378501,24.495106],[54.378338,24.495295],[54.378475,24.495393],[54.379276,24.495688],[54.379396,24.495549],[54.379542,24.495645],[54.380032,24.495828],[54.379369,24.495584],[54.379234,24.495743],[54.379374,24.495842],[54.37984,24.496014],[54.379814,24.496045],[54.379954,24.49614],[54.379782,24.496076],[54.379756,24.496107],[54.378963,24.495814],[54.379071,24.495681],[54.378943,24.495595],[54.378452,24.495415],[54.378469,24.495394],[54.378278,24.495259],[54.377838,24.495097],[54.377732,24.495222],[54.377923,24.495357],[54.378217,24.495465],[54.378159,24.495537],[54.378287,24.495623],[54.378804,24.495813],[54.377965,24.495507],[54.377707,24.495812],[54.377926,24.495965],[54.378201,24.496066],[54.37819,24.49608],[54.378405,24.496226],[54.378698,24.496334],[54.378627,24.496421],[54.378895,24.496603],[54.380151,24.497056],[54.380528,24.497317],[54.380648,24.497361],[54.381052,24.496878],[54.380585,24.496558],[54.380652,24.496476],[54.380771,24.496555],[54.380886,24.496597],[54.380871,24.496616],[54.381073,24.496754],[54.382074,24.497123],[54.382238,24.496923],[54.382035,24.496785],[54.381918,24.496742],[54.381928,24.496729],[54.382301,24.496864],[54.382977,24.497328],[54.38329,24.497444],[54.383335,24.497389],[54.383391,24.497409],[54.383435,24.497356],[54.383389,24.497325],[54.383777,24.496863],[54.383828,24.496962],[54.384372,24.497163],[54.384347,24.497196],[54.384416,24.497242],[54.384566,24.497297],[54.38464,24.497202],[54.384723,24.497153],[54.384707,24.497134],[54.384853,24.497044],[54.384808,24.496944],[54.384786,24.496834],[54.384819,24.496745],[54.38499,24.496547],[54.384884,24.496478],[54.384558,24.496358],[54.384584,24.496353],[54.384571,24.496301],[54.384421,24.496245],[54.38435,24.496259],[54.384355,24.496283],[54.384287,24.496258],[54.384517,24.495985],[54.384535,24.495992],[54.384596,24.495923],[54.384578,24.49591],[54.384922,24.495521],[54.384901,24.495507],[54.384886,24.495336],[54.384763,24.495251],[54.384146,24.495018],[54.384108,24.494984],[54.383796,24.494869],[54.383728,24.494871],[54.383484,24.494781],[54.382853,24.495513],[54.382873,24.495526],[54.382851,24.495551],[54.382867,24.495577],[54.382842,24.49561],[54.382787,24.4956],[54.382731,24.495662],[54.382762,24.495696],[54.382735,24.495725],[54.382707,24.495718],[54.382692,24.495736],[54.382669,24.495728],[54.382543,24.49588],[54.3824,24.495784],[54.382147,24.49569],[54.382181,24.49565],[54.382051,24.495559],[54.381976,24.495531],[54.382048,24.495447],[54.381844,24.495305],[54.380594,24.494844],[54.380584,24.494855],[54.380275,24.494741],[54.380444,24.494538],[54.380678,24.494713],[54.381866,24.495151],[54.381982,24.495018],[54.381749,24.494849],[54.381483,24.494751],[54.381234,24.494564],[54.380725,24.494376],[54.380837,24.494248],[54.380616,24.494097],[54.380538,24.494069],[54.380553,24.494051],[54.380331,24.493897],[54.380253,24.493869],[54.380267,24.493852],[54.380048,24.493697],[54.379957,24.493664],[54.379974,24.493644],[54.379766,24.493493],[54.378641,24.493079],[54.378598,24.493127],[54.378141,24.492959],[54.377956,24.493166],[54.378165,24.493321],[54.37894,24.493607],[54.379541,24.494028],[54.380176,24.494262],[54.38015,24.494293]],[[54.379765,24.495384],[54.381382,24.495985],[54.381342,24.496034],[54.381222,24.495953],[54.379682,24.495392],[54.379717,24.49535],[54.379765,24.495384]],[[54.380046,24.495076],[54.38017,24.495162],[54.380641,24.495336],[54.380709,24.495384],[54.380439,24.495284],[54.380405,24.495324],[54.380051,24.495193],[54.38011,24.495124],[54.380046,24.495076]],[[54.379641,24.495199],[54.379682,24.495215],[54.379675,24.495223],[54.379641,24.495199]],[[54.379237,24.495045],[54.379254,24.495025],[54.37933,24.495079],[54.379237,24.495045]],[[54.379219,24.494965],[54.379226,24.494968],[54.379225,24.494969],[54.379219,24.494965]],[[54.379723,24.494635],[54.379746,24.494644],[54.379742,24.494649],[54.379723,24.494635]],[[54.380578,24.496384],[54.380534,24.496354],[54.380586,24.496373],[54.380578,24.496384]],[[54.379837,24.496465],[54.379858,24.49644],[54.38038,24.496632],[54.380359,24.496658],[54.379837,24.496465]],[[54.382079,24.496438],[54.382064,24.496457],[54.381251,24.496157],[54.381306,24.496091],[54.381515,24.49623],[54.382079,24.496438]],[[54.382297,24.496175],[54.382283,24.496192],[54.38172,24.495984],[54.381737,24.495968],[54.382297,24.496175]],[[54.383819,24.496813],[54.383826,24.496834],[54.383795,24.496842],[54.383819,24.496813]]]}},{"type":"Feature","properties":{},"geometry":{"type":"Polygon","coordinates":[[[54.378155,24.49374],[54.378141,24.493775],[54.378352,24.493851],[54.378357,24.493838],[54.378413,24.493858],[54.378666,24.493895],[54.378709,24.493655],[54.37852,24.493606],[54.378605,24.49351],[54.378542,24.493463],[54.378392,24.493408],[54.378285,24.493529],[54.378381,24.493587],[54.378372,24.493629],[54.378254,24.493585],[54.378204,24.493644],[54.378268,24.493689],[54.378354,24.49372],[54.378338,24.493805],[54.378155,24.49374]]]}},{"type":"Feature","properties":{},"geometry":{"type":"Polygon","coordinates":[[[54.379363,24.49799],[54.37964,24.497679],[54.37944,24.497532],[54.37897,24.497359],[54.37898,24.497347],[54.378716,24.497152],[54.378156,24.496946],[54.378049,24.497065],[54.378313,24.49726],[54.378504,24.497331],[54.378383,24.497467],[54.378023,24.497334],[54.377916,24.497454],[54.378168,24.497639],[54.378648,24.497816],[54.378708,24.497748],[54.379363,24.49799]]]}},{"type":"Feature","properties":{},"geometry":{"type":"Polygon","coordinates":[[[54.379189,24.498065],[54.379071,24.497979],[54.378271,24.497684],[54.378077,24.497902],[54.378194,24.497989],[54.378994,24.498284],[54.379189,24.498065]]]}},{"type":"Feature","properties":{},"geometry":{"type":"Polygon","coordinates":[[[54.378692,24.498217],[54.378171,24.498025],[54.377977,24.498244],[54.378096,24.498326],[54.378616,24.498517],[54.378783,24.498292],[54.378692,24.498217]]]}},{"type":"Feature","properties":{},"geometry":{"type":"Polygon","coordinates":[[[54.37934,24.498649],[54.379275,24.498625],[54.379098,24.498501],[54.378948,24.498445],[54.378874,24.498541],[54.379057,24.498658],[54.379119,24.498681],[54.37908,24.49873],[54.379296,24.498873],[54.379446,24.498928],[54.379555,24.498792],[54.37934,24.498649]]]}},{"type":"Feature","properties":{},"geometry":{"type":"Polygon","coordinates":[[[54.378798,24.498739],[54.378847,24.498758],[54.378917,24.498735],[54.378898,24.498688],[54.378851,24.498671],[54.378857,24.498663],[54.378739,24.498573],[54.377939,24.498278],[54.377764,24.498474],[54.377898,24.498573],[54.378649,24.498849],[54.378627,24.498872],[54.378728,24.498949],[54.378878,24.499005],[54.378991,24.498883],[54.378891,24.498806],[54.378779,24.498764],[54.378798,24.498739]]]}},{"type":"Feature","properties":{},"geometry":{"type":"Polygon","coordinates":[[[54.378676,24.499149],[54.378707,24.499118],[54.378745,24.499132],[54.378785,24.499092],[54.378694,24.499017],[54.378544,24.498962],[54.378463,24.499043],[54.378526,24.499094],[54.378676,24.499149]]]}},{"type":"Feature","properties":{},"geometry":{"type":"Polygon","coordinates":[[[54.379286,24.501743],[54.379073,24.501577],[54.377961,24.501167],[54.377761,24.501379],[54.377974,24.501545],[54.379087,24.501955],[54.379286,24.501743]]]}},{"type":"Feature","properties":{},"geometry":{"type":"Polygon","coordinates":[[[54.378786,24.502147],[54.37864,24.502027],[54.37789,24.501751],[54.377689,24.501955],[54.377836,24.502074],[54.378001,24.502135],[54.377828,24.502314],[54.377996,24.502449],[54.378946,24.502799],[54.379137,24.502602],[54.378968,24.502467],[54.378603,24.502332],[54.378786,24.502147]]]}},{"type":"Feature","properties":{},"geometry":{"type":"Polygon","coordinates":[[[54.379009,24.502931],[54.378806,24.502788],[54.377856,24.502438],[54.377752,24.502561],[54.377954,24.502704],[54.378905,24.503054],[54.379009,24.502931]]]}},{"type":"Feature","properties":{},"geometry":{"type":"Polygon","coordinates":[[[54.378755,24.50842],[54.378758,24.508523],[54.378908,24.508579],[54.379017,24.508576],[54.379014,24.508473],[54.378864,24.508417],[54.378755,24.50842]]]}},{"type":"Feature","properties":{},"geometry":{"type":"Polygon","coordinates":[[[54.378529,24.50857],[54.37853,24.508679],[54.37868,24.508735],[54.378753,24.508734],[54.378751,24.508624],[54.378601,24.508569],[54.378529,24.50857]]]}},{"type":"Feature","properties":{},"geometry":{"type":"Polygon","coordinates":[[[54.379238,24.510477],[54.379306,24.510503],[54.379535,24.510377],[54.379446,24.510244],[54.379645,24.510317],[54.380292,24.509972],[54.380247,24.509902],[54.380357,24.509844],[54.380442,24.509875],[54.380678,24.509748],[54.380418,24.509341],[54.379918,24.509156],[54.379666,24.509281],[54.379801,24.509481],[54.379535,24.509383],[54.379086,24.509622],[54.378591,24.509439],[54.377802,24.509708],[54.378003,24.51002],[54.37817,24.510082],[54.378115,24.510113],[54.378367,24.510488],[54.378867,24.510672],[54.379238,24.510477]]]}},{"type":"Feature","properties":{},"geometry":{"type":"Polygon","coordinates":[[[54.380484,24.480051],[54.380634,24.480107],[54.380729,24.480002],[54.380544,24.479864],[54.380394,24.479808],[54.380299,24.479913],[54.380484,24.480051]]]}},{"type":"Feature","properties":{},"geometry":{"type":"Polygon","coordinates":[[[54.380069,24.480502],[54.380131,24.480525],[54.38009,24.480572],[54.379876,24.480411],[54.379726,24.480356],[54.379668,24.480419],[54.379932,24.480618],[54.379687,24.480528],[54.379629,24.480596],[54.37945,24.480531],[54.379208,24.480817],[54.379335,24.480907],[54.379609,24.481008],[54.379553,24.481068],[54.379787,24.481244],[54.380137,24.481373],[54.38009,24.481428],[54.380465,24.481679],[54.380454,24.481692],[54.381462,24.482418],[54.381751,24.482525],[54.381701,24.482584],[54.381937,24.482751],[54.381996,24.482772],[54.382263,24.482951],[54.382766,24.483309],[54.382754,24.483324],[54.38299,24.48349],[54.383296,24.483603],[54.383236,24.483672],[54.383376,24.483772],[54.383536,24.483831],[54.383684,24.48366],[54.383576,24.483583],[54.38383,24.483677],[54.383978,24.483505],[54.383881,24.483436],[54.384027,24.483267],[54.38393,24.483198],[54.384046,24.48324],[54.384194,24.483069],[54.384113,24.483011],[54.384332,24.483092],[54.38448,24.482921],[54.384381,24.48285],[54.384523,24.482686],[54.384441,24.482627],[54.384538,24.482663],[54.384686,24.482492],[54.384598,24.482429],[54.38471,24.48247],[54.384858,24.482299],[54.384774,24.482239],[54.384875,24.482276],[54.385023,24.482105],[54.384922,24.482033],[54.385036,24.482075],[54.385184,24.481903],[54.38509,24.481836],[54.385153,24.48176],[54.385251,24.481796],[54.385399,24.481625],[54.385344,24.481586],[54.385525,24.481653],[54.385674,24.481481],[54.385534,24.481381],[54.385254,24.481278],[54.385153,24.481394],[54.38507,24.481348],[54.385108,24.481304],[54.384871,24.481135],[54.384795,24.481107],[54.384287,24.48077],[54.384303,24.480751],[54.384065,24.480583],[54.383808,24.480488],[54.38385,24.480441],[54.383614,24.480265],[54.383572,24.48025],[54.383586,24.480234],[54.383091,24.479875],[54.382591,24.479691],[54.382408,24.479894],[54.38282,24.480191],[54.382638,24.480124],[54.382454,24.480328],[54.382521,24.480377],[54.38244,24.480347],[54.382301,24.480501],[54.382164,24.480412],[54.382033,24.480302],[54.382203,24.480365],[54.382433,24.480105],[54.38235,24.480049],[54.3822,24.479994],[54.382173,24.480026],[54.381997,24.479894],[54.381497,24.47971],[54.381326,24.479899],[54.381531,24.480051],[54.381285,24.479961],[54.381113,24.48015],[54.381292,24.480285],[54.381368,24.480313],[54.381498,24.48041],[54.38154,24.480426],[54.381517,24.480452],[54.381914,24.480716],[54.382253,24.480841],[54.382103,24.480787],[54.38203,24.480869],[54.382118,24.480934],[54.382234,24.480977],[54.382231,24.481003],[54.382731,24.481188],[54.382885,24.48123],[54.382799,24.481333],[54.383434,24.481768],[54.383414,24.48176],[54.383377,24.481798],[54.383524,24.481919],[54.383674,24.481974],[54.383697,24.481951],[54.38393,24.482095],[54.383768,24.482032],[54.383703,24.482123],[54.383898,24.482204],[54.383961,24.482116],[54.384101,24.482213],[54.384456,24.482344],[54.384498,24.482374],[54.384386,24.482333],[54.384238,24.482504],[54.38432,24.482562],[54.384223,24.482527],[54.384075,24.482698],[54.384147,24.482749],[54.38406,24.482717],[54.383927,24.482872],[54.38382,24.482809],[54.383837,24.482788],[54.38379,24.482755],[54.383847,24.482771],[54.384033,24.482552],[54.383563,24.482242],[54.383401,24.482116],[54.383195,24.48204],[54.383233,24.481996],[54.382997,24.481829],[54.382716,24.481726],[54.382765,24.481669],[54.382256,24.481313],[54.382264,24.481304],[54.382027,24.481135],[54.381987,24.481121],[54.381765,24.480963],[54.381372,24.480818],[54.381213,24.480704],[54.381144,24.480678],[54.381153,24.480668],[54.380993,24.480556],[54.380843,24.4805],[54.380677,24.480697],[54.380837,24.480809],[54.380906,24.480834],[54.380897,24.480845],[54.381057,24.480957],[54.381101,24.480973],[54.381079,24.481],[54.3816,24.481343],[54.381588,24.481357],[54.382077,24.4817],[54.382361,24.481805],[54.38231,24.481864],[54.382406,24.481931],[54.382282,24.481885],[54.382249,24.481924],[54.382193,24.481882],[54.381693,24.481698],[54.381596,24.481807],[54.381297,24.481697],[54.381244,24.481756],[54.38113,24.481673],[54.38074,24.48153],[54.380412,24.481291],[54.380632,24.481432],[54.380782,24.481487],[54.380948,24.481291],[54.380635,24.481083],[54.380656,24.481091],[54.380666,24.481078],[54.380709,24.481094],[54.380696,24.481109],[54.380856,24.481221],[54.381006,24.481277],[54.381172,24.48108],[54.381012,24.480968],[54.38096,24.480949],[54.380973,24.480934],[54.380813,24.480821],[54.380663,24.480766],[54.380497,24.480962],[54.380526,24.480983],[54.380486,24.480968],[54.380466,24.481008],[54.380447,24.481001],[54.380327,24.481143],[54.380224,24.481065],[54.380143,24.481036],[54.380332,24.480814],[54.380247,24.480754],[54.380465,24.480502],[54.380392,24.480451],[54.380328,24.480427],[54.380346,24.480405],[54.380501,24.480464],[54.38054,24.480419],[54.380728,24.480488],[54.380911,24.480268],[54.380749,24.480156],[54.380249,24.479972],[54.380143,24.4801],[54.380026,24.480057],[54.379795,24.480325],[54.380069,24.480502]],[[54.382638,24.482686],[54.382824,24.482467],[54.382777,24.482435],[54.382832,24.482455],[54.382953,24.482312],[54.383065,24.482389],[54.383121,24.48241],[54.383111,24.482421],[54.383173,24.482464],[54.383101,24.482438],[54.382915,24.482656],[54.383033,24.482739],[54.382889,24.482686],[54.382783,24.482811],[54.382518,24.482642],[54.382638,24.482686]],[[54.38246,24.480841],[54.382463,24.480836],[54.382485,24.480844],[54.38246,24.480841]],[[54.382534,24.480772],[54.382518,24.480766],[54.382536,24.480743],[54.382554,24.48075],[54.382534,24.480772]],[[54.383452,24.481333],[54.383125,24.481213],[54.383143,24.481086],[54.383269,24.481132],[54.383301,24.481096],[54.383372,24.481145],[54.383872,24.48133],[54.384,24.481177],[54.383744,24.480999],[54.383684,24.480977],[54.383765,24.480909],[54.384135,24.481158],[54.384198,24.481181],[54.38427,24.481231],[54.384167,24.481193],[54.383982,24.481414],[54.384093,24.481492],[54.383953,24.48144],[54.383825,24.481592],[54.383452,24.481333]],[[54.383651,24.480801],[54.383571,24.480772],[54.383582,24.480759],[54.383651,24.480801]],[[54.383419,24.480879],[54.383325,24.480833],[54.383401,24.480861],[54.383419,24.480879]],[[54.382561,24.480846],[54.382589,24.480856],[54.382536,24.48085],[54.382561,24.480846]],[[54.384781,24.481863],[54.38478,24.481864],[54.384773,24.481859],[54.384781,24.481863]],[[54.38459,24.4821],[54.384562,24.48208],[54.384596,24.482093],[54.38459,24.4821]]]}},{"type":"Feature","properties":{},"geometry":{"type":"Polygon","coordinates":[[[54.379978,24.481802],[54.379875,24.48173],[54.379725,24.481675],[54.379659,24.481753],[54.379762,24.481825],[54.379912,24.48188],[54.379978,24.481802]]]}},{"type":"Feature","properties":{},"geometry":{"type":"Polygon","coordinates":[[[54.380315,24.482249],[54.380165,24.482194],[54.380016,24.482363],[54.380066,24.4824],[54.380216,24.482455],[54.380365,24.482285],[54.380315,24.482249]]]}},{"type":"Feature","properties":{},"geometry":{"type":"Polygon","coordinates":[[[54.379693,24.482837],[54.380021,24.483063],[54.380107,24.483095],[54.380054,24.483157],[54.38083,24.483699],[54.381488,24.483941],[54.381432,24.484044],[54.381569,24.484132],[54.381552,24.484155],[54.381468,24.484125],[54.381426,24.484184],[54.381529,24.48425],[54.381846,24.484367],[54.382018,24.484478],[54.381958,24.484553],[54.38207,24.484628],[54.382355,24.484733],[54.382315,24.48478],[54.38241,24.484847],[54.382298,24.484805],[54.382146,24.48498],[54.382286,24.485081],[54.382446,24.48514],[54.382598,24.484965],[54.382503,24.484897],[54.382618,24.484939],[54.382764,24.484765],[54.38271,24.484728],[54.382776,24.484752],[54.382922,24.484582],[54.382855,24.484535],[54.382932,24.484563],[54.383078,24.484387],[54.383043,24.484362],[54.383088,24.484379],[54.383241,24.484207],[54.383096,24.4841],[54.382936,24.484042],[54.382838,24.484152],[54.382787,24.484133],[54.3828,24.484091],[54.382737,24.48405],[54.382767,24.48402],[54.382601,24.483884],[54.382534,24.483859],[54.382255,24.483647],[54.382213,24.483632],[54.382229,24.483609],[54.38195,24.483446],[54.381865,24.483414],[54.381971,24.483268],[54.381854,24.483186],[54.381756,24.48315],[54.381404,24.482905],[54.380654,24.482628],[54.380568,24.482731],[54.380612,24.482761],[54.38056,24.482824],[54.380602,24.482853],[54.380582,24.482877],[54.380411,24.48276],[54.380347,24.482736],[54.380422,24.482653],[54.380531,24.482693],[54.380613,24.482603],[54.380436,24.48247],[54.380286,24.482414],[54.380106,24.482613],[54.380194,24.48268],[54.379911,24.482575],[54.379693,24.482837]],[[54.381874,24.483554],[54.381803,24.483508],[54.381653,24.483452],[54.381611,24.483498],[54.381665,24.483434],[54.381756,24.483453],[54.38175,24.483461],[54.382063,24.483637],[54.382052,24.483649],[54.382241,24.483793],[54.381802,24.483631],[54.3817,24.48356],[54.381831,24.483608],[54.381874,24.483554]]]}},{"type":"Feature","properties":{},"geometry":{"type":"Polygon","coordinates":[[[54.380203,24.483708],[54.380588,24.483971],[54.380706,24.484015],[54.380683,24.484044],[54.380729,24.484076],[54.380879,24.484131],[54.380938,24.484062],[54.380888,24.484029],[54.380772,24.483986],[54.380803,24.483948],[54.380423,24.48368],[54.380273,24.483625],[54.380203,24.483708]]]}},{"type":"Feature","properties":{},"geometry":{"type":"Polygon","coordinates":[[[54.380027,24.485116],[54.380115,24.485149],[54.380319,24.485313],[54.380639,24.485431],[54.380836,24.485205],[54.380681,24.48509],[54.380702,24.485098],[54.380768,24.485021],[54.380634,24.484924],[54.380483,24.484869],[54.380422,24.484823],[54.380272,24.484767],[54.380226,24.484818],[54.380338,24.484903],[54.380425,24.484935],[54.380209,24.48486],[54.380016,24.485069],[54.380027,24.485116]]]}},{"type":"Feature","properties":{},"geometry":{"type":"Polygon","coordinates":[[[54.379764,24.486674],[54.379571,24.486597],[54.379534,24.486657],[54.379727,24.486735],[54.379764,24.486674]]]}},{"type":"Feature","properties":{},"geometry":{"type":"Polygon","coordinates":[[[54.37968,24.487027],[54.37978,24.487064],[54.379768,24.487079],[54.379885,24.487152],[54.380035,24.487208],[54.380067,24.487166],[54.380031,24.487144],[54.380068,24.487158],[54.380104,24.487119],[54.38,24.487039],[54.379905,24.487005],[54.37992,24.486989],[54.379756,24.486859],[54.379606,24.486803],[54.379516,24.486896],[54.37968,24.487027]],[[54.379856,24.487055],[54.379865,24.487062],[54.379854,24.487058],[54.379856,24.487055]]]}},{"type":"Feature","properties":{},"geometry":{"type":"Polygon","coordinates":[[[54.379879,24.486946],[54.379985,24.487024],[54.380135,24.48708],[54.380169,24.487041],[54.38012,24.487005],[54.380204,24.487036],[54.380232,24.486992],[54.380098,24.486922],[54.379948,24.486866],[54.379927,24.486899],[54.380005,24.486942],[54.379913,24.486908],[54.379879,24.486946]]]}},{"type":"Feature","properties":{},"geometry":{"type":"Polygon","coordinates":[[[54.381144,24.489129],[54.381314,24.489191],[54.381204,24.489316],[54.381324,24.489404],[54.381666,24.48953],[54.381608,24.489598],[54.38164,24.489621],[54.381604,24.489607],[54.381463,24.489774],[54.38151,24.489807],[54.381441,24.489781],[54.381269,24.489973],[54.381354,24.490036],[54.381254,24.489999],[54.381114,24.490162],[54.381226,24.490241],[54.381335,24.490281],[54.381272,24.490356],[54.381697,24.490652],[54.381741,24.490668],[54.381718,24.490694],[54.381916,24.490833],[54.382458,24.491044],[54.382362,24.491154],[54.382506,24.491259],[54.382669,24.491319],[54.382641,24.491351],[54.382844,24.491494],[54.383124,24.491597],[54.383061,24.49167],[54.383254,24.491808],[54.383427,24.491872],[54.383411,24.491891],[54.383563,24.491998],[54.384003,24.49216],[54.384169,24.491965],[54.384122,24.491932],[54.384189,24.491957],[54.384342,24.491772],[54.384309,24.491749],[54.384354,24.491766],[54.384517,24.491583],[54.38449,24.491563],[54.384527,24.491577],[54.384691,24.491388],[54.384544,24.491283],[54.384104,24.491121],[54.384092,24.491135],[54.383893,24.490996],[54.383852,24.490981],[54.383859,24.490972],[54.383647,24.490824],[54.383522,24.490778],[54.383616,24.490666],[54.383796,24.490778],[54.383788,24.490787],[54.384,24.490935],[54.38427,24.491034],[54.384345,24.491087],[54.384785,24.491249],[54.384942,24.491064],[54.384875,24.491016],[54.384954,24.491045],[54.385114,24.490865],[54.385057,24.490826],[54.385127,24.490852],[54.385285,24.490666],[54.385244,24.490637],[54.385314,24.490663],[54.385469,24.490484],[54.385405,24.490438],[54.385501,24.490473],[54.385666,24.490288],[54.385534,24.490191],[54.3853,24.490105],[54.385336,24.490062],[54.384686,24.489615],[54.38453,24.489558],[54.384556,24.489526],[54.384413,24.489428],[54.383973,24.489266],[54.383821,24.489448],[54.383904,24.489504],[54.383805,24.489468],[54.383658,24.489651],[54.383731,24.4897],[54.383662,24.489674],[54.383586,24.489621],[54.383226,24.489488],[54.383096,24.489642],[54.383187,24.489706],[54.383072,24.489663],[54.382916,24.489845],[54.383017,24.489917],[54.382889,24.489869],[54.382824,24.489945],[54.382466,24.48969],[54.382225,24.489601],[54.382334,24.489479],[54.38258,24.489649],[54.38286,24.489753],[54.382953,24.489643],[54.382801,24.489536],[54.382814,24.489521],[54.382617,24.489382],[54.382524,24.489348],[54.382616,24.489239],[54.382499,24.489157],[54.382692,24.489228],[54.382739,24.489171],[54.383044,24.489384],[54.382824,24.489324],[54.382781,24.48947],[54.38313,24.489579],[54.383169,24.489452],[54.38365,24.489641],[54.383811,24.48945],[54.383733,24.489395],[54.383825,24.489429],[54.383983,24.489243],[54.383863,24.489159],[54.383583,24.489056],[54.383425,24.489242],[54.383498,24.489293],[54.383405,24.489259],[54.383347,24.489328],[54.38307,24.489134],[54.382911,24.489075],[54.38292,24.489065],[54.38276,24.488952],[54.382886,24.488802],[54.382809,24.488745],[54.383047,24.488833],[54.383065,24.488813],[54.383196,24.488905],[54.383676,24.489082],[54.383769,24.488972],[54.383358,24.488694],[54.383205,24.488638],[54.383104,24.488563],[54.382664,24.488401],[54.382496,24.488588],[54.382558,24.488634],[54.382479,24.488605],[54.382319,24.488797],[54.382448,24.488887],[54.382532,24.488918],[54.382313,24.48884],[54.382213,24.488954],[54.382124,24.488888],[54.381926,24.488815],[54.381797,24.488723],[54.381528,24.488623],[54.381516,24.488615],[54.381553,24.488573],[54.381338,24.488418],[54.381023,24.488302],[54.3811,24.488208],[54.380957,24.488112],[54.380677,24.488008],[54.380515,24.488208],[54.380548,24.488231],[54.380501,24.488213],[54.380344,24.488411],[54.380399,24.488448],[54.380321,24.488419],[54.380166,24.488606],[54.380328,24.488718],[54.380808,24.488895],[54.38096,24.488989],[54.381144,24.489129]],[[54.381645,24.490349],[54.381406,24.490261],[54.381516,24.490134],[54.381449,24.490087],[54.381545,24.490122],[54.381717,24.48993],[54.381656,24.489885],[54.381944,24.489991],[54.382084,24.489824],[54.382056,24.489805],[54.3821,24.489754],[54.382558,24.490087],[54.382659,24.490124],[54.382552,24.490246],[54.382658,24.490324],[54.38255,24.490284],[54.38248,24.490367],[54.382374,24.490328],[54.382179,24.490185],[54.381899,24.490082],[54.381806,24.490192],[54.382222,24.490482],[54.382332,24.490523],[54.382225,24.490651],[54.382266,24.490679],[54.382217,24.490661],[54.38217,24.490717],[54.382048,24.490672],[54.38207,24.490645],[54.381645,24.490349]],[[54.381919,24.489102],[54.382032,24.489144],[54.381974,24.489212],[54.382037,24.489256],[54.381953,24.489226],[54.382006,24.489165],[54.381919,24.489102]],[[54.382207,24.489049],[54.382223,24.489031],[54.382289,24.489078],[54.382207,24.489049]],[[54.381406,24.488831],[54.381544,24.488882],[54.381523,24.488905],[54.38163,24.488985],[54.381528,24.488947],[54.381445,24.489041],[54.381278,24.488917],[54.381311,24.488878],[54.381099,24.488723],[54.380984,24.488681],[54.381063,24.488581],[54.381406,24.488831]],[[54.381794,24.489307],[54.381846,24.489327],[54.381836,24.489338],[54.381794,24.489307]],[[54.383154,24.491245],[54.383258,24.491283],[54.383396,24.491376],[54.383329,24.491453],[54.383472,24.491556],[54.383658,24.491624],[54.383607,24.491686],[54.383343,24.491588],[54.383401,24.491523],[54.383199,24.491379],[54.383077,24.491333],[54.383154,24.491245]],[[54.383349,24.490973],[54.383768,24.491263],[54.383919,24.491319],[54.383881,24.491362],[54.383725,24.491252],[54.383591,24.491203],[54.383624,24.491166],[54.383475,24.491062],[54.383322,24.491006],[54.383349,24.490973]],[[54.382964,24.490437],[54.38312,24.49026],[54.383044,24.490204],[54.383177,24.490253],[54.383299,24.490342],[54.383739,24.490504],[54.383865,24.490362],[54.384295,24.490661],[54.384431,24.490712],[54.384371,24.490782],[54.384454,24.490841],[54.384374,24.490812],[54.38436,24.490829],[54.3843,24.4908],[54.384307,24.490792],[54.384095,24.490644],[54.383655,24.490481],[54.383565,24.490588],[54.383488,24.490535],[54.383048,24.490373],[54.382987,24.490445],[54.382964,24.490437]],[[54.383352,24.490059],[54.383267,24.490015],[54.383328,24.490038],[54.383352,24.490059]],[[54.383489,24.489849],[54.383549,24.489891],[54.383504,24.489875],[54.383511,24.489866],[54.383423,24.489804],[54.383503,24.489833],[54.383489,24.489849]],[[54.38408,24.490116],[54.384131,24.490054],[54.384341,24.490194],[54.384333,24.490204],[54.384539,24.490358],[54.384686,24.490412],[54.384597,24.490517],[54.3844,24.490379],[54.383996,24.49023],[54.384073,24.490139],[54.384001,24.490087],[54.38408,24.490116]],[[54.384626,24.490043],[54.384414,24.489895],[54.384294,24.48985],[54.384372,24.489752],[54.384784,24.490031],[54.384976,24.490102],[54.384957,24.490123],[54.384934,24.490115],[54.384871,24.490186],[54.384944,24.49024],[54.38487,24.490217],[54.38466,24.490067],[54.384619,24.490051],[54.384626,24.490043]],[[54.38389,24.4903],[54.383885,24.490306],[54.383866,24.490292],[54.38389,24.4903]]]}},{"type":"Feature","properties":{},"geometry":{"type":"Polygon","coordinates":[[[54.380846,24.489514],[54.381126,24.489618],[54.381224,24.489505],[54.38088,24.489259],[54.380921,24.489211],[54.380713,24.489067],[54.380176,24.48887],[54.380126,24.488931],[54.380209,24.488982],[54.380163,24.489036],[54.38037,24.48918],[54.380486,24.489223],[54.380469,24.489243],[54.380846,24.489514]]]}},{"type":"Feature","properties":{},"geometry":{"type":"Polygon","coordinates":[[[54.380539,24.489831],[54.380979,24.489994],[54.381099,24.489858],[54.380898,24.489709],[54.380595,24.489598],[54.380346,24.489424],[54.38048,24.489276],[54.38033,24.489164],[54.37985,24.488987],[54.379687,24.489167],[54.379837,24.489279],[54.379968,24.489328],[54.379907,24.489399],[54.380539,24.489831]]]}},{"type":"Feature","properties":{},"geometry":{"type":"Polygon","coordinates":[[[54.380726,24.490512],[54.38061,24.490431],[54.380313,24.490321],[54.380363,24.490262],[54.380309,24.490224],[54.380369,24.490153],[54.380105,24.489967],[54.379385,24.489702],[54.37918,24.489944],[54.379444,24.490129],[54.379688,24.490219],[54.379681,24.490228],[54.379798,24.49031],[54.380134,24.490434],[54.380084,24.490494],[54.3802,24.490575],[54.38056,24.490708],[54.380726,24.490512]]]}},{"type":"Feature","properties":{},"geometry":{"type":"Polygon","coordinates":[[[54.380161,24.492919],[54.380361,24.493057],[54.38042,24.493079],[54.380395,24.493109],[54.380607,24.493256],[54.380765,24.493314],[54.380964,24.493443],[54.380946,24.493465],[54.381162,24.493606],[54.381138,24.493634],[54.381446,24.493847],[54.381547,24.493884],[54.381464,24.493984],[54.381605,24.494081],[54.381965,24.494214],[54.382129,24.494018],[54.382003,24.493932],[54.382043,24.493883],[54.381736,24.493671],[54.381613,24.493625],[54.381437,24.493504],[54.38133,24.493464],[54.381339,24.493453],[54.381135,24.493313],[54.381159,24.493285],[54.380946,24.493138],[54.380807,24.493086],[54.380579,24.492932],[54.380589,24.49292],[54.380224,24.492652],[54.380113,24.492611],[54.38012,24.492603],[54.379886,24.492452],[54.379893,24.492444],[54.379705,24.492314],[54.379385,24.492196],[54.379293,24.492306],[54.380176,24.492901],[54.380161,24.492919]]]}},{"type":"Feature","properties":{},"geometry":{"type":"Polygon","coordinates":[[[54.38015,24.498472],[54.379915,24.498302],[54.379415,24.498117],[54.379253,24.498302],[54.379489,24.498472],[54.379989,24.498657],[54.38015,24.498472]]]}},{"type":"Feature","properties":{},"geometry":{"type":"Polygon","coordinates":[[[54.380013,24.49916],[54.379954,24.499237],[54.379999,24.499259],[54.379985,24.499278],[54.380323,24.499493],[54.380823,24.499677],[54.380843,24.499652],[54.381012,24.499689],[54.381019,24.499667],[54.381158,24.499719],[54.381372,24.49973],[54.381532,24.499616],[54.38147,24.499514],[54.381389,24.499485],[54.38135,24.49941],[54.381772,24.499156],[54.381469,24.498716],[54.381626,24.498624],[54.381705,24.498655],[54.381694,24.498807],[54.381799,24.49897],[54.382012,24.499049],[54.381953,24.499125],[54.381961,24.499193],[54.38199,24.499233],[54.382234,24.499323],[54.382284,24.499314],[54.382327,24.499288],[54.382357,24.499246],[54.382365,24.499203],[54.382327,24.499118],[54.382184,24.499055],[54.38224,24.499032],[54.382208,24.498753],[54.382127,24.498641],[54.381815,24.498526],[54.381286,24.498381],[54.381103,24.498485],[54.381068,24.498473],[54.380628,24.498745],[54.380749,24.49892],[54.38062,24.499002],[54.380579,24.499161],[54.38019,24.499018],[54.380066,24.49918],[54.380013,24.49916]]]}},{"type":"Feature","properties":{},"geometry":{"type":"Polygon","coordinates":[[[54.379536,24.507284],[54.379537,24.507382],[54.379401,24.507332],[54.379298,24.507332],[54.379299,24.507452],[54.37934,24.507467],[54.37934,24.507547],[54.37949,24.507602],[54.379552,24.507602],[54.379552,24.507587],[54.380021,24.507761],[54.380262,24.507758],[54.380257,24.507466],[54.379757,24.507281],[54.379536,24.507284]]]}},{"type":"Feature","properties":{},"geometry":{"type":"Polygon","coordinates":[[[54.380221,24.511998],[54.380108,24.511907],[54.380028,24.511878],[54.379543,24.512354],[54.379653,24.512439],[54.379733,24.512469],[54.380221,24.511998]]]}},{"type":"Feature","properties":{},"geometry":{"type":"Polygon","coordinates":[[[54.381368,24.481353],[54.381127,24.481259],[54.381091,24.481329],[54.381332,24.481424],[54.381368,24.481353]]]}},{"type":"Feature","properties":{},"geometry":{"type":"Polygon","coordinates":[[[54.381885,24.484717],[54.381964,24.484778],[54.382114,24.484833],[54.382165,24.484777],[54.382086,24.484717],[54.381936,24.484661],[54.381885,24.484717]]]}},{"type":"Feature","properties":{},"geometry":{"type":"Polygon","coordinates":[[[54.381295,24.485975],[54.381359,24.486021],[54.381285,24.485993],[54.381128,24.486171],[54.381268,24.486273],[54.381428,24.486332],[54.381585,24.486154],[54.381519,24.486106],[54.381595,24.486134],[54.381747,24.485959],[54.381688,24.485917],[54.381763,24.485945],[54.381911,24.485773],[54.381822,24.48571],[54.381922,24.485746],[54.38207,24.48558],[54.381976,24.485511],[54.382086,24.485551],[54.382241,24.485376],[54.382097,24.485271],[54.381937,24.485212],[54.381783,24.485388],[54.381885,24.485462],[54.381776,24.485422],[54.381627,24.485588],[54.381715,24.485653],[54.381613,24.485615],[54.381464,24.485787],[54.381521,24.485827],[54.381446,24.4858],[54.381295,24.485975]]]}},{"type":"Feature","properties":{},"geometry":{"type":"Polygon","coordinates":[[[54.38079,24.485537],[54.380762,24.485697],[54.380912,24.485752],[54.381095,24.485779],[54.381123,24.485619],[54.380973,24.485564],[54.38079,24.485537]]]}},{"type":"Feature","properties":{},"geometry":{"type":"Polygon","coordinates":[[[54.38119,24.485848],[54.38104,24.485793],[54.38099,24.485848],[54.381046,24.48589],[54.381196,24.485945],[54.381246,24.48589],[54.38119,24.485848]]]}},{"type":"Feature","properties":{},"geometry":{"type":"Polygon","coordinates":[[[54.381371,24.487626],[54.381558,24.487756],[54.381838,24.487859],[54.381936,24.487743],[54.381749,24.487613],[54.381469,24.48751],[54.381371,24.487626]]]}},{"type":"Feature","properties":{},"geometry":{"type":"Polygon","coordinates":[[[54.381713,24.488447],[54.38225,24.488664],[54.382407,24.488484],[54.382332,24.488429],[54.382476,24.488482],[54.382635,24.488297],[54.382517,24.488213],[54.382309,24.488136],[54.382373,24.488064],[54.382152,24.487901],[54.381912,24.487812],[54.381815,24.487921],[54.382036,24.488084],[54.382165,24.488132],[54.382038,24.48828],[54.38211,24.488331],[54.382008,24.488293],[54.381982,24.488323],[54.38181,24.488203],[54.381704,24.488164],[54.381495,24.488017],[54.381623,24.487864],[54.381456,24.487748],[54.381016,24.487586],[54.380855,24.487778],[54.381022,24.487894],[54.381159,24.487945],[54.381102,24.488013],[54.381536,24.488307],[54.381713,24.488447]]]}},{"type":"Feature","properties":{},"geometry":{"type":"Polygon","coordinates":[[[54.380813,24.493905],[54.380745,24.493858],[54.380595,24.493803],[54.380579,24.493825],[54.380646,24.493871],[54.380796,24.493927],[54.380813,24.493905]]]}},{"type":"Feature","properties":{},"geometry":{"type":"Polygon","coordinates":[[[54.381738,24.49951],[54.381525,24.499426],[54.381493,24.499483],[54.381706,24.499568],[54.381738,24.49951]]]}},{"type":"Feature","properties":{},"geometry":{"type":"Polygon","coordinates":[[[54.381468,24.510112],[54.381503,24.510184],[54.381653,24.510239],[54.381754,24.510199],[54.381719,24.510127],[54.381569,24.510072],[54.381468,24.510112]]]}},{"type":"Feature","properties":{},"geometry":{"type":"Polygon","coordinates":[[[54.380868,24.511599],[54.380832,24.511586],[54.380838,24.511553],[54.380944,24.511591],[54.38097,24.511525],[54.380888,24.511495],[54.380892,24.511478],[54.380742,24.511423],[54.380622,24.511403],[54.380589,24.511568],[54.380739,24.511624],[54.380859,24.511644],[54.380868,24.511599]]]}},{"type":"Feature","properties":{},"geometry":{"type":"Polygon","coordinates":[[[54.380238,24.511685],[54.381238,24.51251],[54.381318,24.512539],[54.381398,24.512456],[54.380393,24.511617],[54.380313,24.511587],[54.380238,24.511685]]]}},{"type":"Feature","properties":{},"geometry":{"type":"Polygon","coordinates":[[[54.383028,24.486314],[54.383209,24.486405],[54.383359,24.486461],[54.383371,24.486444],[54.383403,24.486456],[54.38345,24.486393],[54.383252,24.48627],[54.383102,24.486215],[54.383028,24.486314]]]}},{"type":"Feature","properties":{},"geometry":{"type":"Polygon","coordinates":[[[54.383351,24.48688],[54.383307,24.486849],[54.383157,24.486794],[54.383105,24.486857],[54.38315,24.486887],[54.3833,24.486942],[54.383351,24.48688]]]}},{"type":"Feature","properties":{},"geometry":{"type":"Polygon","coordinates":[[[54.382804,24.487315],[54.382952,24.487369],[54.382919,24.487403],[54.383275,24.487695],[54.383311,24.487708],[54.38323,24.487791],[54.383403,24.487933],[54.383553,24.487988],[54.383583,24.487958],[54.383624,24.487991],[54.383804,24.488057],[54.383833,24.488081],[54.383733,24.488044],[54.38369,24.488085],[54.383731,24.488117],[54.383881,24.488172],[54.383918,24.488128],[54.384065,24.488183],[54.384011,24.488245],[54.384088,24.4883],[54.384158,24.488326],[54.384131,24.488356],[54.384147,24.488367],[54.384074,24.488454],[54.384166,24.488518],[54.384316,24.488574],[54.384374,24.488506],[54.384489,24.488553],[54.384458,24.48859],[54.38454,24.488647],[54.38469,24.488702],[54.384839,24.488528],[54.384756,24.48847],[54.384606,24.488415],[54.384534,24.4885],[54.384404,24.488449],[54.38454,24.488292],[54.384442,24.488219],[54.384538,24.488123],[54.384335,24.487969],[54.384376,24.487926],[54.384389,24.487936],[54.384373,24.487956],[54.384479,24.488032],[54.384979,24.488216],[54.38528,24.487863],[54.38519,24.487797],[54.385206,24.487776],[54.385097,24.487703],[54.384833,24.487606],[54.38464,24.487472],[54.38454,24.487435],[54.384596,24.487371],[54.384519,24.487316],[54.38461,24.48735],[54.384686,24.487264],[54.384607,24.487209],[54.3847,24.487244],[54.384771,24.487165],[54.384583,24.487027],[54.384521,24.487005],[54.384531,24.486993],[54.384341,24.486861],[54.384191,24.486806],[54.384124,24.486882],[54.384227,24.486956],[54.384102,24.48691],[54.384035,24.486988],[54.384135,24.487059],[54.384013,24.487014],[54.383944,24.487093],[54.384039,24.487161],[54.383924,24.487119],[54.383855,24.487199],[54.383955,24.487271],[54.383834,24.487226],[54.383766,24.487304],[54.383952,24.487438],[54.383996,24.487454],[54.383956,24.4875],[54.38413,24.487627],[54.384414,24.487732],[54.384372,24.487783],[54.384458,24.487844],[54.384447,24.487858],[54.384339,24.487818],[54.384328,24.48783],[54.384268,24.487782],[54.383975,24.487673],[54.384037,24.48761],[54.383947,24.487534],[54.383721,24.48745],[54.383779,24.487393],[54.38368,24.487318],[54.383537,24.487265],[54.383574,24.487227],[54.383485,24.487157],[54.38325,24.48707],[54.383314,24.487008],[54.38322,24.486931],[54.38272,24.486746],[54.38245,24.48702],[54.382804,24.487315]],[[54.384074,24.487345],[54.384086,24.48735],[54.384084,24.487352],[54.384074,24.487345]],[[54.384249,24.487328],[54.384259,24.487317],[54.384302,24.487347],[54.384249,24.487328]],[[54.384254,24.487133],[54.384287,24.487145],[54.384281,24.487152],[54.384254,24.487133]],[[54.384434,24.487109],[54.384437,24.487106],[54.384448,24.487114],[54.384434,24.487109]],[[54.384369,24.487047],[54.384342,24.487028],[54.384374,24.48704],[54.384369,24.487047]],[[54.384347,24.487211],[54.384356,24.487218],[54.384345,24.487214],[54.384347,24.487211]],[[54.384196,24.487251],[54.38419,24.487258],[54.384165,24.487239],[54.384196,24.487251]]]}},{"type":"Feature","properties":{},"geometry":{"type":"Polygon","coordinates":[[[54.38269,24.491862],[54.382548,24.491763],[54.382108,24.4916],[54.381932,24.491807],[54.382074,24.491907],[54.382514,24.492069],[54.38269,24.491862]]]}},{"type":"Feature","properties":{},"geometry":{"type":"Polygon","coordinates":[[[54.383334,24.494042],[54.38309,24.493952],[54.382918,24.494149],[54.383106,24.494284],[54.382876,24.4942],[54.38271,24.494391],[54.382359,24.494262],[54.382187,24.49446],[54.382399,24.494611],[54.382493,24.494646],[54.382478,24.494664],[54.382689,24.494816],[54.383252,24.495023],[54.383423,24.494825],[54.383212,24.494673],[54.383117,24.494639],[54.383128,24.494627],[54.383479,24.494756],[54.38365,24.494559],[54.383463,24.494424],[54.383692,24.494509],[54.383864,24.494311],[54.38367,24.494172],[54.383915,24.494262],[54.384086,24.494065],[54.383875,24.493913],[54.38377,24.493874],[54.383795,24.493845],[54.383584,24.493693],[54.383021,24.493486],[54.38285,24.493683],[54.383061,24.493835],[54.383166,24.493874],[54.383141,24.493903],[54.383334,24.494042]]]}},{"type":"Feature","properties":{},"geometry":{"type":"Polygon","coordinates":[[[54.382733,24.504657],[54.382743,24.50478],[54.382893,24.504836],[54.382968,24.504831],[54.382959,24.504708],[54.382809,24.504652],[54.382733,24.504657]]]}},{"type":"Feature","properties":{},"geometry":{"type":"Polygon","coordinates":[[[54.382846,24.508246],[54.382867,24.50828],[54.383017,24.508335],[54.38307,24.508308],[54.38305,24.508275],[54.3829,24.508219],[54.382846,24.508246]]]}},{"type":"Feature","properties":{},"geometry":{"type":"Polygon","coordinates":[[[54.381807,24.509315],[54.38176,24.50928],[54.38161,24.509225],[54.381563,24.509278],[54.381611,24.509312],[54.381761,24.509368],[54.381807,24.509315]]]}},{"type":"Feature","properties":{},"geometry":{"type":"Polygon","coordinates":[[[54.381509,24.511102],[54.382367,24.511768],[54.383117,24.512045],[54.383501,24.51162],[54.382645,24.510956],[54.381894,24.510679],[54.381509,24.511102]]]}},{"type":"Feature","properties":{},"geometry":{"type":"Polygon","coordinates":[[[54.384879,24.480859],[54.385039,24.480918],[54.385092,24.480855],[54.385117,24.480865],[54.385236,24.480729],[54.384991,24.48055],[54.384584,24.4804],[54.384374,24.480237],[54.384446,24.480156],[54.384201,24.479977],[54.383701,24.479792],[54.383582,24.479927],[54.384879,24.480859]]]}},{"type":"Feature","properties":{},"geometry":{"type":"Polygon","coordinates":[[[54.383512,24.481991],[54.383553,24.482018],[54.383703,24.482073],[54.38374,24.482026],[54.383549,24.481944],[54.383512,24.481991]]]}},{"type":"Feature","properties":{},"geometry":{"type":"Polygon","coordinates":[[[54.384045,24.482295],[54.383976,24.482252],[54.383826,24.482197],[54.383798,24.482235],[54.383866,24.482278],[54.384016,24.482333],[54.384045,24.482295]]]}},{"type":"Feature","properties":{},"geometry":{"type":"Polygon","coordinates":[[[54.384584,24.484286],[54.384645,24.484223],[54.384628,24.484209],[54.384653,24.484184],[54.384621,24.484158],[54.384471,24.484102],[54.384385,24.484192],[54.384434,24.484231],[54.384584,24.484286]]]}},{"type":"Feature","properties":{},"geometry":{"type":"Polygon","coordinates":[[[54.384841,24.485371],[54.384874,24.485335],[54.384943,24.485361],[54.385049,24.485257],[54.38491,24.485142],[54.38441,24.484958],[54.384305,24.485063],[54.384321,24.485075],[54.384271,24.485126],[54.384254,24.485119],[54.38413,24.485244],[54.384142,24.485253],[54.384098,24.485301],[54.38408,24.485295],[54.383967,24.485404],[54.384108,24.485521],[54.384205,24.485557],[54.384112,24.485651],[54.383833,24.485548],[54.38357,24.48582],[54.383925,24.486112],[54.384069,24.486165],[54.384032,24.486202],[54.384391,24.486495],[54.384891,24.48668],[54.385144,24.48642],[54.385374,24.486504],[54.385413,24.486464],[54.385543,24.486575],[54.386043,24.486759],[54.386222,24.486588],[54.386039,24.48643],[54.385991,24.486412],[54.386002,24.486402],[54.385951,24.486362],[54.385631,24.486244],[54.385639,24.486235],[54.385282,24.485945],[54.385179,24.485907],[54.385206,24.48588],[54.384857,24.485588],[54.384687,24.485526],[54.384709,24.485505],[54.384735,24.485514],[54.38486,24.485386],[54.384841,24.485371]],[[54.384404,24.485833],[54.38441,24.485835],[54.384369,24.485873],[54.384404,24.485833]]]}},{"type":"Feature","properties":{},"geometry":{"type":"Polygon","coordinates":[[[54.385116,24.489026],[54.385098,24.489058],[54.385142,24.489079],[54.38513,24.489092],[54.385192,24.489138],[54.385342,24.489193],[54.385415,24.489111],[54.385331,24.489057],[54.385337,24.489046],[54.385147,24.488972],[54.385124,24.489012],[54.384773,24.488762],[54.384638,24.488706],[54.384488,24.488651],[54.38444,24.48871],[54.384539,24.488779],[54.38469,24.488833],[54.384934,24.489008],[54.385084,24.489063],[54.385116,24.489026]]]}},{"type":"Feature","properties":{},"geometry":{"type":"Polygon","coordinates":[[[54.384427,24.49256],[54.384532,24.492621],[54.384675,24.492747],[54.384764,24.49278],[54.384751,24.492798],[54.38486,24.492864],[54.38501,24.492919],[54.385057,24.492854],[54.384947,24.492789],[54.384868,24.492759],[54.384881,24.492746],[54.384805,24.492684],[54.384693,24.492643],[54.384703,24.492629],[54.384608,24.492572],[54.384458,24.492517],[54.384427,24.49256]]]}},{"type":"Feature","properties":{},"geometry":{"type":"Polygon","coordinates":[[[54.384301,24.493036],[54.384151,24.49298],[54.383949,24.492948],[54.383967,24.49293],[54.383895,24.492868],[54.383745,24.492813],[54.383709,24.492848],[54.383781,24.49291],[54.383914,24.492959],[54.383885,24.493112],[54.384035,24.493168],[54.384268,24.493205],[54.384301,24.493036]]]}},{"type":"Feature","properties":{},"geometry":{"type":"Polygon","coordinates":[[[54.384529,24.49353],[54.384255,24.493331],[54.383505,24.493054],[54.383214,24.493412],[54.383499,24.493598],[54.384249,24.493874],[54.384529,24.49353]]]}},{"type":"Feature","properties":{},"geometry":{"type":"Polygon","coordinates":[[[54.384029,24.494279],[54.384056,24.494298],[54.383922,24.494463],[54.38389,24.494451],[54.383846,24.494506],[54.383873,24.494523],[54.383803,24.494609],[54.385306,24.495145],[54.385357,24.495086],[54.385321,24.495044],[54.385461,24.495095],[54.385593,24.494924],[54.385522,24.494879],[54.385553,24.494839],[54.385476,24.494789],[54.385326,24.494734],[54.385303,24.494763],[54.385269,24.494751],[54.385177,24.49487],[54.384787,24.494399],[54.384161,24.494168],[54.384107,24.494235],[54.384075,24.494223],[54.384029,24.494279]]]}},{"type":"Feature","properties":{},"geometry":{"type":"Polygon","coordinates":[[[54.383824,24.497113],[54.383674,24.497057],[54.383621,24.497122],[54.383685,24.497165],[54.383835,24.49722],[54.383887,24.497156],[54.383824,24.497113]]]}},{"type":"Feature","properties":{},"geometry":{"type":"Polygon","coordinates":[[[54.384346,24.497502],[54.383596,24.497226],[54.383377,24.497502],[54.383929,24.497866],[54.384679,24.498142],[54.384765,24.498034],[54.384633,24.49793],[54.384661,24.497895],[54.384521,24.497802],[54.384617,24.497681],[54.384346,24.497502]]]}},{"type":"Feature","properties":{},"geometry":{"type":"Polygon","coordinates":[[[54.384373,24.505183],[54.384372,24.50513],[54.384456,24.505129],[54.384446,24.504275],[54.384362,24.504244],[54.38436,24.504029],[54.38361,24.503752],[54.38347,24.503754],[54.383477,24.50436],[54.383429,24.504342],[54.383302,24.504345],[54.383303,24.504399],[54.383437,24.504448],[54.383437,24.504477],[54.383408,24.504477],[54.383408,24.504506],[54.383317,24.504507],[54.383321,24.50491],[54.384072,24.505186],[54.384373,24.505183]]]}},{"type":"Feature","properties":{},"geometry":{"type":"Polygon","coordinates":[[[54.3823,24.510555],[54.382984,24.511092],[54.383734,24.511369],[54.384125,24.510956],[54.383431,24.510417],[54.382681,24.51014],[54.3823,24.510555]]]}},{"type":"Feature","properties":{},"geometry":{"type":"Polygon","coordinates":[[[54.38669,24.482051],[54.386699,24.482115],[54.386849,24.48217],[54.387048,24.482145],[54.387043,24.482083],[54.386893,24.482028],[54.38669,24.482051]]]}},{"type":"Feature","properties":{},"geometry":{"type":"Polygon","coordinates":[[[54.390089,24.482503],[54.389809,24.482389],[54.389772,24.482455],[54.390053,24.48257],[54.390089,24.482503]]]}},{"type":"Feature","properties":{},"geometry":{"type":"Polygon","coordinates":[[[54.390212,24.482879],[54.390147,24.48281],[54.389997,24.482755],[54.389907,24.482825],[54.389972,24.482894],[54.390122,24.482949],[54.390212,24.482879]]]}},{"type":"Feature","properties":{},"geometry":{"type":"Polygon","coordinates":[[[54.388349,24.482886],[54.387953,24.482603],[54.387203,24.482327],[54.386697,24.482936],[54.387087,24.483209],[54.387837,24.483486],[54.388349,24.482886]]]}},{"type":"Feature","properties":{},"geometry":{"type":"Polygon","coordinates":[[[54.388069,24.485168],[54.387919,24.485113],[54.387843,24.485182],[54.387894,24.485229],[54.388044,24.485284],[54.38812,24.485214],[54.388069,24.485168]]]}},{"type":"Feature","properties":{},"geometry":{"type":"Polygon","coordinates":[[[54.389809,24.4858],[54.389765,24.485755],[54.389843,24.485692],[54.389734,24.48558],[54.389584,24.485525],[54.389443,24.485639],[54.389596,24.485795],[54.389746,24.485851],[54.389809,24.4858]]]}},{"type":"Feature","properties":{},"geometry":{"type":"Polygon","coordinates":[[[54.38756,24.486799],[54.387514,24.486765],[54.387364,24.48671],[54.387265,24.486819],[54.387313,24.486855],[54.387388,24.486883],[54.38738,24.486892],[54.387469,24.486958],[54.387619,24.487013],[54.387689,24.486937],[54.387599,24.486872],[54.387522,24.486843],[54.38756,24.486799]]]}},{"type":"Feature","properties":{},"geometry":{"type":"Polygon","coordinates":[[[54.385113,24.486646],[54.385057,24.486927],[54.385557,24.487111],[54.385953,24.487173],[54.386016,24.48689],[54.385516,24.486706],[54.385113,24.486646]]]}},{"type":"Feature","properties":{},"geometry":{"type":"Polygon","coordinates":[[[54.386694,24.48711],[54.386603,24.487039],[54.386453,24.486984],[54.386339,24.48711],[54.386425,24.487174],[54.386575,24.487229],[54.386694,24.48711]]]}},{"type":"Feature","properties":{},"geometry":{"type":"Polygon","coordinates":[[[54.385023,24.487399],[54.384958,24.487353],[54.384808,24.487298],[54.384731,24.487386],[54.384795,24.48743],[54.384945,24.487486],[54.385023,24.487399]]]}},{"type":"Feature","properties":{},"geometry":{"type":"Polygon","coordinates":[[[54.387856,24.487691],[54.387887,24.487702],[54.388014,24.487688],[54.388003,24.487558],[54.387662,24.487433],[54.387693,24.487403],[54.387604,24.487331],[54.386854,24.487055],[54.386515,24.487435],[54.386613,24.487512],[54.386809,24.48759],[54.386827,24.48776],[54.387577,24.488037],[54.38772,24.488023],[54.387698,24.487868],[54.387856,24.487691]]]}},{"type":"Feature","properties":{},"geometry":{"type":"Polygon","coordinates":[[[54.386616,24.489079],[54.386706,24.488856],[54.386744,24.488814],[54.386962,24.488686],[54.386885,24.488572],[54.386805,24.488542],[54.386834,24.488512],[54.386582,24.488329],[54.386268,24.488213],[54.38617,24.488139],[54.38542,24.487862],[54.385378,24.487906],[54.385317,24.487884],[54.385015,24.488232],[54.385171,24.488347],[54.385131,24.488391],[54.38538,24.48857],[54.386,24.488798],[54.38598,24.488851],[54.386616,24.489079]]]}},{"type":"Feature","properties":{},"geometry":{"type":"Polygon","coordinates":[[[54.385261,24.488487],[54.385056,24.488408],[54.385027,24.488464],[54.385232,24.488543],[54.385261,24.488487]]]}},{"type":"Feature","properties":{},"geometry":{"type":"Polygon","coordinates":[[[54.385624,24.489458],[54.385595,24.48949],[54.386065,24.48982],[54.386115,24.489839],[54.386108,24.489847],[54.386196,24.489911],[54.386346,24.489966],[54.386382,24.489927],[54.386293,24.489863],[54.386241,24.489844],[54.386251,24.489832],[54.385827,24.489533],[54.385879,24.489552],[54.385942,24.489479],[54.386191,24.48966],[54.386691,24.489845],[54.38682,24.489669],[54.386541,24.489493],[54.386261,24.48939],[54.386015,24.489194],[54.385604,24.489042],[54.385674,24.488965],[54.385605,24.488915],[54.385469,24.488865],[54.385498,24.488833],[54.385426,24.488784],[54.385276,24.488729],[54.385232,24.488778],[54.385054,24.488648],[54.384904,24.488593],[54.384825,24.488689],[54.385064,24.488858],[54.385145,24.488888],[54.385384,24.489065],[54.385446,24.489088],[54.385267,24.48929],[54.385379,24.489367],[54.385624,24.489458]]]}},{"type":"Feature","properties":{},"geometry":{"type":"Polygon","coordinates":[[[54.385908,24.489113],[54.386058,24.489169],[54.386099,24.489126],[54.386016,24.489077],[54.386115,24.488965],[54.386047,24.488913],[54.385913,24.488864],[54.385941,24.488831],[54.38587,24.48878],[54.38572,24.488724],[54.38558,24.488884],[54.385908,24.489113]]]}},{"type":"Feature","properties":{},"geometry":{"type":"Polygon","coordinates":[[[54.386897,24.490079],[54.387047,24.490134],[54.387112,24.490137],[54.387114,24.490094],[54.386964,24.490038],[54.3869,24.490036],[54.386897,24.490079]]]}},{"type":"Feature","properties":{},"geometry":{"type":"Polygon","coordinates":[[[54.386835,24.490257],[54.387058,24.490415],[54.387208,24.49047],[54.387328,24.490332],[54.387105,24.490172],[54.386955,24.490116],[54.386835,24.490257]]]}},{"type":"Feature","properties":{},"geometry":{"type":"Polygon","coordinates":[[[54.386462,24.492213],[54.386435,24.492047],[54.386435,24.49191],[54.386464,24.491844],[54.38659,24.491891],[54.38666,24.491807],[54.38655,24.491731],[54.386769,24.491613],[54.386936,24.491416],[54.386215,24.490881],[54.386447,24.490981],[54.386492,24.490912],[54.386454,24.490891],[54.386463,24.490876],[54.386363,24.490822],[54.386213,24.490767],[54.386163,24.490843],[54.385838,24.490603],[54.385526,24.490487],[54.384776,24.491378],[54.385964,24.492189],[54.38564,24.49207],[54.385659,24.49204],[54.385466,24.491961],[54.385403,24.492058],[54.385502,24.492102],[54.385424,24.492202],[54.385357,24.492178],[54.385429,24.492092],[54.385306,24.492036],[54.385401,24.491955],[54.385321,24.491877],[54.385171,24.491822],[54.385126,24.49186],[54.385094,24.491848],[54.385025,24.491906],[54.384724,24.491699],[54.384574,24.491644],[54.384507,24.491724],[54.384593,24.491783],[54.384513,24.491754],[54.384485,24.491787],[54.384767,24.491986],[54.384917,24.492041],[54.384946,24.492007],[54.384875,24.491958],[54.384938,24.491981],[54.385007,24.492049],[54.384958,24.492031],[54.384884,24.492125],[54.384835,24.492107],[54.384774,24.492154],[54.384704,24.492257],[54.384922,24.492379],[54.385189,24.492478],[54.385167,24.492504],[54.386085,24.493168],[54.386835,24.493444],[54.387063,24.492851],[54.386522,24.492469],[54.386579,24.492369],[54.386549,24.492303],[54.386462,24.492213]]]}},{"type":"Feature","properties":{},"geometry":{"type":"Polygon","coordinates":[[[54.384944,24.491502],[54.384744,24.491426],[54.38472,24.491473],[54.384921,24.491549],[54.384944,24.491502]]]}},{"type":"Feature","properties":{},"geometry":{"type":"Polygon","coordinates":[[[54.384876,24.491646],[54.384816,24.491595],[54.384666,24.491539],[54.384628,24.491576],[54.384688,24.491627],[54.384838,24.491682],[54.384876,24.491646]]]}},{"type":"Feature","properties":{},"geometry":{"type":"Polygon","coordinates":[[[54.388253,24.492863],[54.388245,24.492893],[54.388222,24.492885],[54.387805,24.493598],[54.388738,24.493944],[54.389159,24.493234],[54.389094,24.493121],[54.388319,24.492834],[54.388253,24.492863]]]}},{"type":"Feature","properties":{},"geometry":{"type":"Polygon","coordinates":[[[54.388648,24.493997],[54.388643,24.493959],[54.388493,24.493904],[54.38838,24.493917],[54.388385,24.493955],[54.388535,24.49401],[54.388648,24.493997]]]}},{"type":"Feature","properties":{},"geometry":{"type":"Polygon","coordinates":[[[54.388313,24.493964],[54.38828,24.494084],[54.388488,24.494152],[54.388521,24.494033],[54.388313,24.493964]]]}},{"type":"Feature","properties":{},"geometry":{"type":"Polygon","coordinates":[[[54.384548,24.494076],[54.386174,24.494675],[54.386301,24.494522],[54.386985,24.494774],[54.387143,24.494584],[54.386352,24.494041],[54.384727,24.493442],[54.384327,24.493925],[54.384548,24.494076]]]}},{"type":"Feature","properties":{},"geometry":{"type":"Polygon","coordinates":[[[54.38879,24.495044],[54.388949,24.494659],[54.389131,24.494719],[54.389134,24.494774],[54.389225,24.494808],[54.389231,24.494932],[54.389981,24.495208],[54.390092,24.495204],[54.390057,24.494467],[54.389976,24.494435],[54.390111,24.494485],[54.390921,24.494391],[54.390871,24.494037],[54.390121,24.493761],[54.389769,24.493801],[54.389108,24.493557],[54.389031,24.493561],[54.389049,24.494002],[54.389139,24.494073],[54.389101,24.494112],[54.389121,24.494505],[54.388056,24.494112],[54.387649,24.493977],[54.387358,24.494681],[54.387698,24.49491],[54.388861,24.495338],[54.388989,24.495166],[54.38879,24.495044]]]}},{"type":"Feature","properties":{},"geometry":{"type":"Polygon","coordinates":[[[54.388159,24.495814],[54.388236,24.495842],[54.388239,24.495869],[54.388389,24.495924],[54.388646,24.495899],[54.388635,24.495802],[54.388548,24.495765],[54.388398,24.495709],[54.388358,24.495713],[54.388296,24.49569],[54.388146,24.495705],[54.388159,24.495814]]]}},{"type":"Feature","properties":{},"geometry":{"type":"Polygon","coordinates":[[[54.389841,24.495821],[54.389862,24.495928],[54.390012,24.495983],[54.390105,24.495968],[54.390085,24.495862],[54.389935,24.495807],[54.389841,24.495821]]]}},{"type":"Feature","properties":{},"geometry":{"type":"Polygon","coordinates":[[[54.387604,24.497104],[54.387617,24.497215],[54.38752,24.497188],[54.38737,24.497205],[54.38735,24.497052],[54.387365,24.49705],[54.387351,24.496943],[54.387335,24.496937],[54.387252,24.496302],[54.38694,24.496187],[54.386709,24.496212],[54.386851,24.497281],[54.38657,24.497309],[54.386579,24.497389],[54.38654,24.497392],[54.386584,24.497755],[54.386626,24.49777],[54.386643,24.497912],[54.386615,24.497915],[54.386626,24.498009],[54.386669,24.498025],[54.38671,24.49836],[54.386674,24.498363],[54.386683,24.498432],[54.386734,24.498451],[54.386772,24.498766],[54.386897,24.498812],[54.38727,24.498775],[54.387256,24.498662],[54.38732,24.498686],[54.387559,24.498662],[54.387537,24.498472],[54.387662,24.498504],[54.388463,24.498424],[54.389163,24.498682],[54.389313,24.498667],[54.389306,24.498617],[54.389417,24.498652],[54.389558,24.498637],[54.389439,24.497691],[54.389543,24.497682],[54.389549,24.497806],[54.389699,24.497861],[54.3899,24.497849],[54.389893,24.497678],[54.389715,24.497613],[54.389712,24.497585],[54.389733,24.497583],[54.389711,24.49739],[54.389684,24.49738],[54.389676,24.497313],[54.388926,24.497036],[54.388795,24.497049],[54.388683,24.497008],[54.389167,24.496954],[54.389075,24.496261],[54.388325,24.495985],[54.387574,24.496068],[54.387666,24.49676],[54.388379,24.497023],[54.387604,24.497104]]]}},{"type":"Feature","properties":{},"geometry":{"type":"Polygon","coordinates":[[[54.386967,24.498921],[54.386817,24.498866],[54.386647,24.498885],[54.386653,24.498939],[54.386803,24.498994],[54.386971,24.498976],[54.386967,24.498921]]]}},{"type":"Feature","properties":{},"geometry":{"type":"Polygon","coordinates":[[[54.389403,24.499085],[54.388005,24.4992],[54.388025,24.499385],[54.387727,24.499275],[54.386775,24.499375],[54.386768,24.499506],[54.386877,24.499783],[54.386944,24.499887],[54.387235,24.500209],[54.387459,24.500387],[54.387532,24.500461],[54.388096,24.500864],[54.387919,24.500905],[54.388012,24.50105],[54.388047,24.501141],[54.388241,24.501204],[54.388284,24.501555],[54.388112,24.501492],[54.38812,24.501571],[54.388053,24.501752],[54.388151,24.501788],[54.388134,24.501871],[54.387946,24.502074],[54.387908,24.50206],[54.387837,24.502137],[54.387873,24.502162],[54.387597,24.502492],[54.387633,24.502529],[54.387613,24.502521],[54.387477,24.502822],[54.387586,24.502862],[54.387665,24.503036],[54.387577,24.503046],[54.387576,24.503105],[54.387363,24.503126],[54.387339,24.50325],[54.387675,24.503374],[54.387675,24.503391],[54.389476,24.504054],[54.390032,24.503857],[54.389872,24.50373],[54.389027,24.503418],[54.389109,24.503409],[54.389102,24.503358],[54.388952,24.503303],[54.38877,24.503324],[54.388283,24.503144],[54.388173,24.502886],[54.388401,24.502512],[54.388391,24.502455],[54.388641,24.502432],[54.388742,24.503235],[54.38893,24.503304],[54.389134,24.503282],[54.389133,24.50332],[54.389283,24.503376],[54.38939,24.503377],[54.389392,24.503324],[54.389247,24.503271],[54.390143,24.503177],[54.390113,24.502937],[54.390381,24.502912],[54.390406,24.5031],[54.390681,24.503201],[54.391432,24.503137],[54.391385,24.502715],[54.39146,24.502743],[54.391599,24.502732],[54.391595,24.502693],[54.391721,24.502683],[54.391675,24.502185],[54.391644,24.502174],[54.391269,24.499058],[54.391441,24.499121],[54.392474,24.499014],[54.39243,24.49866],[54.390929,24.498107],[54.389896,24.498215],[54.389941,24.498568],[54.390755,24.498869],[54.389877,24.498968],[54.389968,24.499683],[54.389649,24.499712],[54.38959,24.499154],[54.389403,24.499085]],[[54.39,24.49995],[54.390062,24.500432],[54.389567,24.500249],[54.389499,24.500256],[54.389421,24.500227],[54.389303,24.500239],[54.389301,24.500216],[54.389232,24.50019],[54.389253,24.500188],[54.38924,24.500081],[54.389684,24.500041],[54.389676,24.499965],[54.389714,24.499979],[54.39,24.49995]],[[54.390269,24.502377],[54.389545,24.50211],[54.38954,24.502057],[54.390308,24.50234],[54.390312,24.502373],[54.390269,24.502377]],[[54.389734,24.50133],[54.389873,24.501382],[54.389846,24.501117],[54.390059,24.5011],[54.390152,24.501134],[54.390219,24.501648],[54.389737,24.501471],[54.389663,24.501477],[54.389594,24.501451],[54.389491,24.501459],[54.389521,24.501398],[54.389631,24.501389],[54.389632,24.501319],[54.389734,24.50133]],[[54.389389,24.500982],[54.38949,24.501019],[54.389449,24.50104],[54.389405,24.501043],[54.389389,24.500982]]]}},{"type":"Feature","properties":{},"geometry":{"type":"Polygon","coordinates":[[[54.388198,24.503645],[54.388048,24.50359],[54.387984,24.503605],[54.387995,24.503646],[54.388145,24.503701],[54.38821,24.503687],[54.388198,24.503645]]]}},{"type":"Feature","properties":{},"geometry":{"type":"Polygon","coordinates":[[[54.387563,24.504126],[54.387643,24.504156],[54.387707,24.504153],[54.387704,24.504073],[54.387675,24.504062],[54.387669,24.504025],[54.387519,24.503969],[54.3874,24.503984],[54.387407,24.504026],[54.387491,24.504065],[54.387406,24.504034],[54.387362,24.50404],[54.38737,24.504086],[54.38752,24.504142],[54.387563,24.504126]]]}},{"type":"Feature","properties":{},"geometry":{"type":"Polygon","coordinates":[[[54.389401,24.50711],[54.389398,24.507076],[54.389248,24.507021],[54.389152,24.507028],[54.389156,24.507062],[54.389306,24.507117],[54.389401,24.50711]]]}},{"type":"Feature","properties":{},"geometry":{"type":"Polygon","coordinates":[[[54.39058,24.482459],[54.390563,24.482582],[54.390713,24.482637],[54.390847,24.48265],[54.390868,24.482527],[54.390718,24.482472],[54.39058,24.482459]]]}},{"type":"Feature","properties":{},"geometry":{"type":"Polygon","coordinates":[[[54.391402,24.482953],[54.391333,24.483071],[54.391206,24.482998],[54.391056,24.482942],[54.390997,24.483025],[54.391238,24.483168],[54.391503,24.483283],[54.392003,24.483467],[54.39208,24.483344],[54.39199,24.48328],[54.392061,24.483163],[54.392167,24.483187],[54.392208,24.483123],[54.392252,24.483139],[54.392207,24.483218],[54.39231,24.483261],[54.392282,24.483312],[54.392525,24.48341],[54.392626,24.483235],[54.392421,24.48315],[54.392431,24.483132],[54.392324,24.483082],[54.392171,24.483033],[54.392009,24.482954],[54.391509,24.482769],[54.391491,24.482802],[54.390942,24.482565],[54.390825,24.482772],[54.391028,24.482867],[54.391345,24.48298],[54.39137,24.48294],[54.391402,24.482953]],[[54.391247,24.482816],[54.391264,24.482825],[54.391245,24.482859],[54.39122,24.48285],[54.391252,24.482796],[54.391247,24.482816]]]}},{"type":"Feature","properties":{},"geometry":{"type":"Polygon","coordinates":[[[54.390461,24.482735],[54.39071,24.482873],[54.39086,24.482928],[54.390915,24.482847],[54.390668,24.482709],[54.390518,24.482654],[54.390461,24.482735]]]}},{"type":"Feature","properties":{},"geometry":{"type":"Polygon","coordinates":[[[54.391532,24.483387],[54.391516,24.483417],[54.391762,24.483512],[54.391777,24.483482],[54.391532,24.483387]]]}},{"type":"Feature","properties":{},"geometry":{"type":"Polygon","coordinates":[[[54.391738,24.483746],[54.391824,24.483778],[54.391908,24.483682],[54.391724,24.483543],[54.391224,24.483358],[54.391015,24.483564],[54.391237,24.483717],[54.391186,24.48376],[54.391324,24.483896],[54.391474,24.483951],[54.391561,24.483875],[54.391498,24.483813],[54.39172,24.483895],[54.3918,24.483803],[54.391738,24.483746]]]}},{"type":"Feature","properties":{},"geometry":{"type":"Polygon","coordinates":[[[54.39068,24.484447],[54.390799,24.484563],[54.390949,24.484618],[54.39104,24.48454],[54.390921,24.484424],[54.390771,24.484369],[54.39068,24.484447]]]}},{"type":"Feature","properties":{},"geometry":{"type":"Polygon","coordinates":[[[54.394521,24.488303],[54.39477,24.488395],[54.394793,24.488419],[54.396556,24.489069],[54.396631,24.489008],[54.396731,24.489045],[54.396948,24.488869],[54.396874,24.488794],[54.396972,24.488715],[54.396799,24.488538],[54.395786,24.488165],[54.395524,24.487789],[54.396824,24.488268],[54.397208,24.487926],[54.397176,24.487896],[54.397094,24.487864],[54.395256,24.487186],[54.395144,24.487174],[54.395019,24.487192],[54.39497,24.487235],[54.395012,24.487275],[54.394866,24.487404],[54.394899,24.487446],[54.39462,24.487343],[54.394582,24.487374],[54.394555,24.487364],[54.394369,24.487515],[54.394521,24.487665],[54.394499,24.487683],[54.394275,24.4876],[54.394095,24.487756],[54.394113,24.487773],[54.394066,24.487813],[54.394198,24.487939],[54.394521,24.488303]]]}},{"type":"Feature","properties":{},"geometry":{"type":"Polygon","coordinates":[[[54.392886,24.489319],[54.393073,24.489388],[54.393315,24.489291],[54.393459,24.489344],[54.393991,24.489275],[54.393937,24.488938],[54.39375,24.488869],[54.393249,24.488935],[54.393204,24.488855],[54.393198,24.488791],[54.393211,24.488727],[54.393244,24.48867],[54.393294,24.488623],[54.393369,24.488587],[54.393895,24.488541],[54.393837,24.487986],[54.393649,24.487917],[54.392872,24.487985],[54.392909,24.488341],[54.392665,24.488642],[54.392389,24.488546],[54.392314,24.488534],[54.392295,24.488626],[54.392215,24.488605],[54.392125,24.48894],[54.392312,24.489009],[54.392568,24.489033],[54.392714,24.489126],[54.392886,24.489319]]]}},{"type":"Feature","properties":{},"geometry":{"type":"Polygon","coordinates":[[[54.394339,24.488873],[54.39419,24.488888],[54.394231,24.489235],[54.394393,24.489295],[54.394398,24.489338],[54.396111,24.489969],[54.396298,24.48995],[54.396285,24.489837],[54.396377,24.489828],[54.396334,24.489474],[54.396227,24.489435],[54.396221,24.489386],[54.394508,24.488755],[54.394327,24.488773],[54.394339,24.488873]]]}},{"type":"Feature","properties":{},"geometry":{"type":"Polygon","coordinates":[[[54.394421,24.489601],[54.394271,24.489615],[54.394312,24.489967],[54.394473,24.490026],[54.394481,24.490096],[54.396194,24.490727],[54.396382,24.490709],[54.396365,24.490564],[54.396458,24.490555],[54.396417,24.490204],[54.39631,24.490165],[54.396304,24.490115],[54.394592,24.489484],[54.39441,24.489501],[54.394421,24.489601]]]}},{"type":"Feature","properties":{},"geometry":{"type":"Polygon","coordinates":[[[54.392547,24.490953],[54.39257,24.490997],[54.392757,24.491066],[54.393114,24.49102],[54.393301,24.49113],[54.393488,24.491199],[54.393527,24.491147],[54.393729,24.491225],[54.393614,24.491365],[54.392869,24.491091],[54.392169,24.491164],[54.39221,24.49149],[54.392481,24.49159],[54.39246,24.491593],[54.392547,24.492146],[54.394647,24.49292],[54.395063,24.492867],[54.395073,24.492797],[54.395972,24.493129],[54.395982,24.493117],[54.396109,24.493164],[54.396211,24.493047],[54.396116,24.492979],[54.396158,24.492929],[54.395909,24.49275],[54.395054,24.492435],[54.395049,24.492403],[54.396421,24.492908],[54.396477,24.492838],[54.39659,24.492879],[54.396665,24.492786],[54.396589,24.492736],[54.396653,24.492656],[54.396547,24.492586],[54.396563,24.492516],[54.396062,24.492332],[54.395735,24.492273],[54.394662,24.491877],[54.394639,24.491905],[54.394529,24.491865],[54.394395,24.492033],[54.394486,24.492093],[54.394479,24.492102],[54.393987,24.49192],[54.395153,24.49052],[54.394982,24.490407],[54.394882,24.49037],[54.394497,24.490409],[54.394352,24.490468],[54.394127,24.490741],[54.394063,24.490673],[54.393942,24.49061],[54.394027,24.490563],[54.394166,24.490387],[54.394079,24.489883],[54.393891,24.489814],[54.393572,24.489841],[54.393424,24.489759],[54.393237,24.48969],[54.392995,24.489698],[54.392899,24.490086],[54.392856,24.490178],[54.392767,24.490289],[54.392729,24.490281],[54.392598,24.490361],[54.392349,24.490475],[54.392143,24.490511],[54.391935,24.490511],[54.391736,24.490465],[54.391721,24.490502],[54.391735,24.490577],[54.3917,24.4906],[54.391651,24.49071],[54.391724,24.490779],[54.391911,24.490848],[54.39213,24.490891],[54.39249,24.491003],[54.392547,24.490953]],[[54.393494,24.491719],[54.393553,24.49176],[54.393241,24.491645],[54.393238,24.491619],[54.393449,24.491597],[54.393494,24.491719]]]}},{"type":"Feature","properties":{},"geometry":{"type":"Polygon","coordinates":[[[54.390843,24.492923],[54.390737,24.492826],[54.390587,24.492771],[54.390399,24.492942],[54.390505,24.493039],[54.390655,24.493094],[54.390843,24.492923]]]}},{"type":"Feature","properties":{},"geometry":{"type":"Polygon","coordinates":[[[54.395008,24.493574],[54.394946,24.493189],[54.392808,24.492401],[54.392226,24.492479],[54.392288,24.492864],[54.394426,24.493652],[54.395008,24.493574]]]}},{"type":"Feature","properties":{},"geometry":{"type":"Polygon","coordinates":[[[54.394015,24.494626],[54.393515,24.494441],[54.393367,24.494459],[54.393371,24.494483],[54.39331,24.49449],[54.393345,24.49473],[54.393845,24.494915],[54.394114,24.494883],[54.394082,24.494667],[54.394017,24.494643],[54.394015,24.494626]]]}},{"type":"Feature","properties":{},"geometry":{"type":"Polygon","coordinates":[[[54.392741,24.49608],[54.393491,24.496357],[54.393547,24.496314],[54.394353,24.496235],[54.39449,24.496285],[54.394614,24.49627],[54.394819,24.496088],[54.395035,24.496063],[54.39495,24.495453],[54.3942,24.495176],[54.393632,24.495242],[54.393646,24.495343],[54.393572,24.495316],[54.392676,24.495443],[54.392741,24.49608]]]}},{"type":"Feature","properties":{},"geometry":{"type":"Polygon","coordinates":[[[54.391198,24.496508],[54.391184,24.496392],[54.391377,24.496373],[54.391326,24.495953],[54.390576,24.495677],[54.390226,24.495712],[54.390227,24.495726],[54.390109,24.495729],[54.390113,24.495837],[54.390247,24.495886],[54.390266,24.49604],[54.390224,24.496025],[54.390147,24.496033],[54.390156,24.496107],[54.390174,24.496114],[54.390205,24.496364],[54.390955,24.49664],[54.391139,24.496621],[54.391126,24.496515],[54.391198,24.496508]]]}},{"type":"Feature","properties":{},"geometry":{"type":"Polygon","coordinates":[[[54.391646,24.497076],[54.391646,24.497056],[54.391693,24.497073],[54.391813,24.497068],[54.391811,24.497029],[54.391661,24.496974],[54.391541,24.496979],[54.391542,24.497004],[54.391497,24.496987],[54.391422,24.496985],[54.391421,24.497019],[54.391571,24.497074],[54.391646,24.497076]]]}},{"type":"Feature","properties":{},"geometry":{"type":"Polygon","coordinates":[[[54.39182,24.497173],[54.391812,24.497136],[54.391662,24.49708],[54.391607,24.49709],[54.391615,24.497128],[54.391765,24.497183],[54.39182,24.497173]]]}},{"type":"Feature","properties":{},"geometry":{"type":"Polygon","coordinates":[[[54.39138,24.497296],[54.391493,24.497299],[54.391495,24.497236],[54.391399,24.497201],[54.391454,24.497201],[54.391459,24.497107],[54.391309,24.497052],[54.391186,24.49705],[54.391184,24.497144],[54.391277,24.497179],[54.391232,24.497178],[54.39123,24.497241],[54.39138,24.497296]]]}},{"type":"Feature","properties":{},"geometry":{"type":"Polygon","coordinates":[[[54.394542,24.496821],[54.39431,24.497106],[54.39439,24.49739],[54.394641,24.497508],[54.395391,24.497784],[54.395519,24.497719],[54.395635,24.497624],[54.395624,24.49755],[54.395668,24.497487],[54.395747,24.497449],[54.39578,24.49739],[54.395293,24.497098],[54.394542,24.496821]]]}},{"type":"Feature","properties":{},"geometry":{"type":"Polygon","coordinates":[[[54.39331,24.498197],[54.39346,24.498252],[54.393502,24.498253],[54.393505,24.498172],[54.393355,24.498117],[54.393313,24.498116],[54.39331,24.498197]]]}},{"type":"Feature","properties":{},"geometry":{"type":"Polygon","coordinates":[[[54.395886,24.498819],[54.395136,24.498542],[54.393773,24.498638],[54.391881,24.497941],[54.391505,24.497815],[54.391368,24.497883],[54.391404,24.498122],[54.391497,24.498179],[54.393506,24.498919],[54.393621,24.499665],[54.394372,24.499941],[54.39612,24.499748],[54.39601,24.49894],[54.395886,24.498819]]]}},{"type":"Feature","properties":{},"geometry":{"type":"Polygon","coordinates":[[[54.395419,24.499844],[54.395447,24.499997],[54.395597,24.500053],[54.395712,24.500036],[54.395684,24.499882],[54.395534,24.499827],[54.395419,24.499844]]]}},{"type":"Feature","properties":{},"geometry":{"type":"Polygon","coordinates":[[[54.395241,24.500009],[54.395264,24.500113],[54.395414,24.500168],[54.395446,24.500162],[54.395423,24.500058],[54.395273,24.500002],[54.395241,24.500009]]]}},{"type":"Feature","properties":{},"geometry":{"type":"Polygon","coordinates":[[[54.394869,24.500337],[54.39489,24.500451],[54.39504,24.500506],[54.395087,24.500499],[54.395066,24.500385],[54.394916,24.50033],[54.394869,24.500337]]]}},{"type":"Feature","properties":{},"geometry":{"type":"Polygon","coordinates":[[[54.391889,24.500727],[54.391623,24.500751],[54.39166,24.500999],[54.39216,24.501183],[54.392421,24.501153],[54.392389,24.500911],[54.391889,24.500727]]]}},{"type":"Feature","properties":{},"geometry":{"type":"Polygon","coordinates":[[[54.392341,24.503725],[54.392333,24.503676],[54.392183,24.503621],[54.392091,24.503633],[54.392099,24.503682],[54.39223,24.503731],[54.392105,24.503737],[54.392111,24.503839],[54.392261,24.503894],[54.392424,24.503886],[54.392418,24.503784],[54.392281,24.503733],[54.392341,24.503725]]]}},{"type":"Feature","properties":{},"geometry":{"type":"Polygon","coordinates":[[[54.392704,24.503866],[54.392704,24.503817],[54.392554,24.503762],[54.392463,24.503763],[54.392463,24.503812],[54.392613,24.503867],[54.392704,24.503866]]]}},{"type":"Feature","properties":{},"geometry":{"type":"Polygon","coordinates":[[[54.392193,24.50418],[54.392201,24.504248],[54.392139,24.504225],[54.39209,24.504227],[54.392098,24.504395],[54.39235,24.504479],[54.392177,24.504496],[54.39221,24.504771],[54.392457,24.504862],[54.392482,24.505074],[54.392632,24.505129],[54.392742,24.505118],[54.392723,24.504954],[54.393153,24.504912],[54.39312,24.504637],[54.39282,24.504526],[54.392772,24.504101],[54.39273,24.504085],[54.392708,24.503936],[54.392558,24.503881],[54.392347,24.503906],[54.392353,24.503947],[54.392272,24.503917],[54.392164,24.503927],[54.392168,24.503961],[54.392104,24.503938],[54.392054,24.50394],[54.392065,24.504132],[54.392193,24.50418]]]}},{"type":"Feature","properties":{},"geometry":{"type":"Polygon","coordinates":[[[54.392173,24.504863],[54.392181,24.504943],[54.392331,24.504998],[54.392386,24.504993],[54.392378,24.504914],[54.392228,24.504858],[54.392173,24.504863]]]}},{"type":"Feature","properties":{},"geometry":{"type":"Polygon","coordinates":[[[54.392419,24.505267],[54.392418,24.505229],[54.392472,24.505249],[54.392529,24.505247],[54.392558,24.505648],[54.393058,24.505833],[54.393273,24.50582],[54.393237,24.50532],[54.392737,24.505136],[54.392582,24.505145],[54.392431,24.505081],[54.392319,24.505083],[54.39232,24.505123],[54.392266,24.505103],[54.392208,24.505104],[54.392211,24.505213],[54.392361,24.505269],[54.392419,24.505267]]]}},{"type":"Feature","properties":{},"geometry":{"type":"Polygon","coordinates":[[[54.390493,24.505389],[54.389993,24.505205],[54.389795,24.505218],[54.389805,24.505353],[54.389761,24.505337],[54.389699,24.505341],[54.389702,24.50538],[54.38964,24.505384],[54.389658,24.505614],[54.38983,24.505668],[54.389842,24.505811],[54.390342,24.505995],[54.390556,24.505981],[54.390529,24.50564],[54.390513,24.505634],[54.390493,24.505389]]]}},{"type":"Feature","properties":{},"geometry":{"type":"Polygon","coordinates":[[[54.392217,24.507001],[54.392205,24.506952],[54.392248,24.506943],[54.392238,24.506901],[54.392088,24.506846],[54.39201,24.506862],[54.391859,24.506801],[54.39177,24.50681],[54.391776,24.506856],[54.391885,24.506896],[54.391888,24.506957],[54.392038,24.507013],[54.392074,24.507009],[54.392071,24.506985],[54.392151,24.507014],[54.392217,24.507001]],[[54.391957,24.506908],[54.391987,24.506905],[54.391991,24.50692],[54.391957,24.506908]]]}},{"type":"Feature","properties":{},"geometry":{"type":"Polygon","coordinates":[[[54.39253,24.506794],[54.392556,24.507137],[54.393056,24.507321],[54.393242,24.507309],[54.393215,24.506967],[54.392715,24.506783],[54.39253,24.506794]]]}},{"type":"Feature","properties":{},"geometry":{"type":"Polygon","coordinates":[[[54.391816,24.507144],[54.391966,24.507199],[54.392092,24.507197],[54.39209,24.507108],[54.39194,24.507053],[54.391814,24.507055],[54.391816,24.507144]]]}},{"type":"Feature","properties":{},"geometry":{"type":"Polygon","coordinates":[[[54.392444,24.50765],[54.392434,24.507512],[54.391934,24.507327],[54.391531,24.507352],[54.391541,24.50749],[54.392041,24.507674],[54.392444,24.50765]]]}},{"type":"Feature","properties":{},"geometry":{"type":"Polygon","coordinates":[[[54.391047,24.507429],[54.391046,24.50751],[54.391196,24.507565],[54.391329,24.507566],[54.39133,24.507486],[54.39118,24.507431],[54.391047,24.507429]]]}},{"type":"Feature","properties":{},"geometry":{"type":"Polygon","coordinates":[[[54.393238,24.508792],[54.393238,24.50878],[54.393366,24.508789],[54.393367,24.508755],[54.393217,24.5087],[54.39297,24.508709],[54.39297,24.508739],[54.39312,24.508794],[54.393238,24.508792]]]}},{"type":"Feature","properties":{},"geometry":{"type":"Polygon","coordinates":[[[54.393317,24.509272],[54.393434,24.509442],[54.393334,24.509406],[54.393287,24.509433],[54.393327,24.509488],[54.393311,24.509483],[54.393096,24.509587],[54.393144,24.509669],[54.393235,24.509702],[54.393287,24.509787],[54.393948,24.510031],[54.393848,24.510074],[54.393876,24.510129],[54.393823,24.510109],[54.393764,24.510129],[54.393786,24.510183],[54.393936,24.510238],[54.393995,24.510218],[54.393975,24.510169],[54.394186,24.510248],[54.394234,24.510227],[54.394403,24.510297],[54.394501,24.510201],[54.39444,24.51015],[54.39429,24.510095],[54.394273,24.510112],[54.394239,24.510099],[54.394345,24.510053],[54.394313,24.509993],[54.394234,24.509964],[54.394375,24.509892],[54.394363,24.509873],[54.394545,24.50978],[54.394313,24.509402],[54.39378,24.509205],[54.393808,24.509204],[54.393805,24.509149],[54.393655,24.509094],[54.393604,24.509096],[54.393606,24.509141],[54.393563,24.509125],[54.393369,24.509224],[54.393386,24.509252],[54.393366,24.509245],[54.393317,24.509272]],[[54.394185,24.510122],[54.394204,24.510114],[54.394193,24.510125],[54.394185,24.510122]]]}},{"type":"Feature","properties":{},"geometry":{"type":"Polygon","coordinates":[[[54.392992,24.509738],[54.393063,24.509778],[54.393213,24.509833],[54.393241,24.509792],[54.393021,24.509696],[54.392992,24.509738]]]}},{"type":"Feature","properties":{},"geometry":{"type":"Polygon","coordinates":[[[54.406187,24.480469],[54.406196,24.480478],[54.406104,24.480529],[54.406136,24.480569],[54.406334,24.480641],[54.406437,24.480741],[54.406937,24.480926],[54.407083,24.480803],[54.406898,24.48062],[54.406726,24.480545],[54.407074,24.480371],[54.407005,24.480263],[54.40718,24.480171],[54.407123,24.480082],[54.406997,24.480035],[54.406926,24.479924],[54.406176,24.479648],[54.405927,24.479779],[54.405983,24.479867],[54.405776,24.479976],[54.405813,24.480035],[54.405737,24.480075],[54.405905,24.480306],[54.406238,24.480428],[54.406245,24.480445],[54.406226,24.480438],[54.406187,24.480469]]]}},{"type":"Feature","properties":{},"geometry":{"type":"Polygon","coordinates":[[[54.405672,24.480452],[54.405699,24.480497],[54.405849,24.480552],[54.405925,24.480515],[54.405898,24.48047],[54.405748,24.480415],[54.405672,24.480452]]]}},{"type":"Feature","properties":{},"geometry":{"type":"Polygon","coordinates":[[[54.405989,24.481053],[54.405971,24.481032],[54.405993,24.481016],[54.406139,24.481061],[54.406258,24.480974],[54.406117,24.480813],[54.405367,24.480537],[54.405326,24.480567],[54.405173,24.48051],[54.405058,24.480594],[54.404982,24.480566],[54.404751,24.480736],[54.404947,24.480958],[54.405697,24.481235],[54.405864,24.481128],[54.405879,24.481134],[54.405989,24.481053]]]}},{"type":"Feature","properties":{},"geometry":{"type":"Polygon","coordinates":[[[54.404864,24.481191],[54.404847,24.481157],[54.404697,24.481102],[54.40464,24.481125],[54.404658,24.48116],[54.404808,24.481215],[54.404864,24.481191]]]}},{"type":"Feature","properties":{},"geometry":{"type":"Polygon","coordinates":[[[54.404667,24.48186],[54.405195,24.48159],[54.405033,24.481312],[54.404282,24.481036],[54.403673,24.48131],[54.403917,24.481584],[54.404667,24.48186]]]}},{"type":"Feature","properties":{},"geometry":{"type":"Polygon","coordinates":[[[54.406021,24.481704],[54.405846,24.481639],[54.405621,24.481752],[54.40558,24.481799],[54.405601,24.481854],[54.405747,24.481985],[54.405766,24.482028],[54.405398,24.481892],[54.40529,24.481997],[54.405261,24.482119],[54.405287,24.48226],[54.405336,24.482344],[54.405376,24.482359],[54.405417,24.48244],[54.406126,24.482701],[54.406143,24.482727],[54.406293,24.482782],[54.406315,24.482771],[54.406544,24.482853],[54.406708,24.483103],[54.407208,24.483288],[54.407384,24.483192],[54.40705,24.482683],[54.406696,24.482552],[54.406682,24.482492],[54.407005,24.482611],[54.407245,24.482461],[54.407069,24.482261],[54.407156,24.482293],[54.407302,24.482429],[54.407416,24.48261],[54.408666,24.483071],[54.408856,24.482999],[54.408897,24.482868],[54.408499,24.482423],[54.407454,24.482038],[54.407303,24.48182],[54.406178,24.481406],[54.406001,24.481509],[54.405923,24.481577],[54.406021,24.481704]]]}},{"type":"Feature","properties":{},"geometry":{"type":"Polygon","coordinates":[[[54.403329,24.482799],[54.403004,24.482362],[54.402754,24.48227],[54.40261,24.482328],[54.402377,24.482242],[54.402291,24.482238],[54.401421,24.483154],[54.401422,24.483271],[54.401463,24.483334],[54.401713,24.483426],[54.401888,24.483467],[54.402086,24.483382],[54.402401,24.483297],[54.40282,24.483308],[54.403345,24.483488],[54.403271,24.483271],[54.403505,24.483138],[54.403329,24.482799]]]}},{"type":"Feature","properties":{},"geometry":{"type":"Polygon","coordinates":[[[54.403526,24.485074],[54.40334,24.485265],[54.403951,24.4858],[54.404701,24.486077],[54.404898,24.485886],[54.405117,24.48555],[54.405223,24.485306],[54.405292,24.485086],[54.40529,24.484863],[54.406177,24.48519],[54.406857,24.485329],[54.40698,24.484936],[54.406184,24.484642],[54.406453,24.484646],[54.406453,24.484128],[54.406205,24.483409],[54.405455,24.483133],[54.405126,24.483265],[54.405318,24.483913],[54.404939,24.484017],[54.404994,24.484359],[54.405119,24.484405],[54.405017,24.484393],[54.404954,24.484668],[54.40454,24.484515],[54.403751,24.484451],[54.40362,24.484898],[54.403526,24.485074]]]}},{"type":"Feature","properties":{},"geometry":{"type":"Polygon","coordinates":[[[54.407009,24.485666],[54.406904,24.485607],[54.406754,24.485552],[54.406713,24.485613],[54.406818,24.485672],[54.406968,24.485727],[54.407009,24.485666]]]}},{"type":"Feature","properties":{},"geometry":{"type":"Polygon","coordinates":[[[54.404398,24.486398],[54.404023,24.48626],[54.403971,24.486254],[54.403234,24.486607],[54.403444,24.48716],[54.403478,24.487193],[54.403905,24.487346],[54.404142,24.487261],[54.404497,24.487071],[54.404765,24.486874],[54.404792,24.486835],[54.404783,24.486788],[54.404398,24.486398]]]}},{"type":"Feature","properties":{},"geometry":{"type":"Polygon","coordinates":[[[54.400169,24.486792],[54.400636,24.487122],[54.401504,24.487435],[54.401616,24.487393],[54.401957,24.486639],[54.401493,24.4864],[54.400743,24.486123],[54.400631,24.486302],[54.400169,24.486792]]]}},{"type":"Feature","properties":{},"geometry":{"type":"Polygon","coordinates":[[[54.406927,24.487937],[54.406632,24.487724],[54.405832,24.487429],[54.405686,24.487602],[54.405983,24.487822],[54.406783,24.488117],[54.406927,24.487937]]]}},{"type":"Feature","properties":{},"geometry":{"type":"Polygon","coordinates":[[[54.402288,24.488086],[54.401773,24.487981],[54.400861,24.48758],[54.400293,24.487211],[54.399718,24.486779],[54.398968,24.486502],[54.397734,24.487851],[54.398874,24.488706],[54.400196,24.489399],[54.400966,24.489714],[54.401716,24.48999],[54.402507,24.49016],[54.40335,24.49022],[54.40363,24.489872],[54.403375,24.488413],[54.402625,24.488136],[54.402288,24.488086]]]}},{"type":"Feature","properties":{},"geometry":{"type":"Polygon","coordinates":[[[54.406961,24.490292],[54.406989,24.490373],[54.407139,24.490428],[54.407204,24.490407],[54.407171,24.490326],[54.407021,24.490271],[54.406961,24.490292]]]}},{"type":"Feature","properties":{},"geometry":{"type":"Polygon","coordinates":[[[54.400862,24.490612],[54.400362,24.490428],[54.400058,24.490467],[54.400098,24.490732],[54.400598,24.490916],[54.400902,24.490878],[54.400862,24.490612]]]}},{"type":"Feature","properties":{},"geometry":{"type":"Polygon","coordinates":[[[54.397575,24.491453],[54.395387,24.490647],[54.395185,24.490879],[54.395424,24.49105],[54.397612,24.491857],[54.397814,24.491625],[54.397575,24.491453]]]}},{"type":"Feature","properties":{},"geometry":{"type":"Polygon","coordinates":[[[54.397023,24.491715],[54.395186,24.491038],[54.395007,24.491243],[54.395249,24.491417],[54.397086,24.492094],[54.397096,24.492083],[54.397224,24.492129],[54.397325,24.492013],[54.39723,24.491944],[54.397273,24.491895],[54.397023,24.491715]]]}},{"type":"Feature","properties":{},"geometry":{"type":"Polygon","coordinates":[[[54.398498,24.491854],[54.398541,24.492176],[54.398691,24.492231],[54.398817,24.492213],[54.398774,24.491895],[54.398624,24.49184],[54.398498,24.491854]]]}},{"type":"Feature","properties":{},"geometry":{"type":"Polygon","coordinates":[[[54.397019,24.492331],[54.39677,24.492152],[54.394932,24.491475],[54.394754,24.49168],[54.394995,24.491853],[54.396833,24.49253],[54.396843,24.492519],[54.39697,24.492566],[54.397072,24.492449],[54.396977,24.492381],[54.397019,24.492331]]]}},{"type":"Feature","properties":{},"geometry":{"type":"Polygon","coordinates":[[[54.398931,24.492516],[54.399245,24.492475],[54.399232,24.492375],[54.399082,24.49232],[54.398986,24.492332],[54.398975,24.492271],[54.398825,24.492216],[54.398753,24.492225],[54.398781,24.49246],[54.398931,24.492516]]]}},{"type":"Feature","properties":{},"geometry":{"type":"Polygon","coordinates":[[[54.398525,24.492233],[54.39857,24.492562],[54.39872,24.492617],[54.398797,24.492609],[54.398752,24.492279],[54.398602,24.492224],[54.398525,24.492233]]]}},{"type":"Feature","properties":{},"geometry":{"type":"Polygon","coordinates":[[[54.406626,24.493016],[54.406529,24.492934],[54.406379,24.492879],[54.406249,24.493007],[54.406346,24.493088],[54.406496,24.493143],[54.406626,24.493016]]]}},{"type":"Feature","properties":{},"geometry":{"type":"Polygon","coordinates":[[[54.405376,24.492715],[54.405341,24.492999],[54.4062,24.493728],[54.40636,24.493787],[54.406687,24.493515],[54.406111,24.493037],[54.406475,24.492701],[54.406302,24.49258],[54.406515,24.49248],[54.406407,24.492313],[54.406247,24.492254],[54.405376,24.492715]]]}},{"type":"Feature","properties":{},"geometry":{"type":"Polygon","coordinates":[[[54.399918,24.49302],[54.399973,24.493406],[54.400723,24.493682],[54.401454,24.493597],[54.401399,24.493212],[54.400649,24.492935],[54.399918,24.49302]]]}},{"type":"Feature","properties":{},"geometry":{"type":"Polygon","coordinates":[[[54.404795,24.494774],[54.404835,24.494711],[54.405226,24.494855],[54.405345,24.494843],[54.405338,24.494783],[54.405461,24.494801],[54.406655,24.495241],[54.406938,24.494797],[54.406781,24.494726],[54.406796,24.494702],[54.406691,24.494646],[54.405155,24.49408],[54.405304,24.493847],[54.405277,24.493833],[54.405331,24.493748],[54.405168,24.493661],[54.404418,24.493385],[54.40437,24.493461],[54.404296,24.493434],[54.404047,24.493458],[54.403983,24.493568],[54.403873,24.493527],[54.403778,24.493537],[54.403703,24.493509],[54.403359,24.493544],[54.403368,24.493617],[54.403273,24.493627],[54.403326,24.494059],[54.403286,24.494063],[54.403322,24.494353],[54.404072,24.494629],[54.404289,24.494607],[54.404451,24.494667],[54.404507,24.49467],[54.404795,24.494774]]]}},{"type":"Feature","properties":{},"geometry":{"type":"Polygon","coordinates":[[[54.40675,24.495372],[54.406748,24.495343],[54.406598,24.495288],[54.406501,24.495296],[54.40635,24.49524],[54.406305,24.495308],[54.406502,24.495392],[54.406486,24.495406],[54.406596,24.495512],[54.406709,24.495554],[54.406686,24.495685],[54.406594,24.495649],[54.406545,24.495559],[54.406395,24.495503],[54.406312,24.495545],[54.406365,24.495633],[54.406401,24.495646],[54.406361,24.495724],[54.406657,24.495844],[54.406613,24.496087],[54.406559,24.496192],[54.406567,24.496251],[54.406604,24.496287],[54.407669,24.496679],[54.407491,24.496658],[54.407483,24.496805],[54.407376,24.496766],[54.407136,24.496768],[54.407135,24.496802],[54.407014,24.496758],[54.406772,24.496815],[54.406656,24.496773],[54.406329,24.496853],[54.406332,24.496863],[54.405725,24.496639],[54.405724,24.496507],[54.404485,24.49605],[54.404158,24.496949],[54.403928,24.497053],[54.404358,24.49798],[54.40467,24.498095],[54.404826,24.497968],[54.405098,24.498068],[54.405089,24.49808],[54.4051,24.498143],[54.405078,24.498165],[54.405047,24.498153],[54.404875,24.498333],[54.404851,24.498402],[54.404855,24.498473],[54.40483,24.498577],[54.404772,24.498671],[54.404698,24.498736],[54.404569,24.498791],[54.404451,24.498802],[54.404327,24.498776],[54.404234,24.498809],[54.404127,24.498878],[54.40417,24.49892],[54.404128,24.498955],[54.404065,24.498942],[54.404006,24.498969],[54.40397,24.499012],[54.403964,24.499051],[54.403686,24.498949],[54.403721,24.498841],[54.403704,24.498805],[54.403841,24.498699],[54.403818,24.498648],[54.404114,24.498532],[54.404255,24.498448],[54.404337,24.49836],[54.40436,24.498308],[54.404341,24.498276],[54.404354,24.498261],[54.404269,24.498199],[54.403978,24.498096],[54.403208,24.498413],[54.403016,24.498458],[54.402864,24.498563],[54.402757,24.498744],[54.40274,24.498873],[54.402759,24.498984],[54.402809,24.499041],[54.40277,24.499106],[54.402825,24.499141],[54.40285,24.499176],[54.402864,24.49922],[54.402856,24.499279],[54.403357,24.499464],[54.403154,24.499593],[54.403093,24.499605],[54.40308,24.499633],[54.403087,24.499668],[54.403154,24.499754],[54.403381,24.499851],[54.403476,24.499943],[54.403581,24.500013],[54.403698,24.500065],[54.403978,24.500169],[54.404141,24.500206],[54.405559,24.500736],[54.405675,24.500736],[54.405711,24.500721],[54.405728,24.500695],[54.405704,24.500643],[54.405704,24.500594],[54.406018,24.500699],[54.406105,24.500662],[54.406171,24.500606],[54.406199,24.500616],[54.406269,24.500537],[54.406383,24.500579],[54.406548,24.500604],[54.406694,24.500587],[54.40681,24.500545],[54.406939,24.500457],[54.407042,24.500322],[54.406991,24.500281],[54.406962,24.50023],[54.406957,24.500162],[54.407109,24.500218],[54.40717,24.5002],[54.407195,24.50017],[54.407233,24.500038],[54.407262,24.500036],[54.40727,24.499921],[54.407214,24.499901],[54.407192,24.499848],[54.407292,24.499784],[54.407337,24.499734],[54.407354,24.499661],[54.407348,24.499584],[54.407303,24.499518],[54.407231,24.499485],[54.406558,24.499237],[54.406671,24.498971],[54.406714,24.498946],[54.406737,24.498886],[54.40671,24.498773],[54.406745,24.498404],[54.406722,24.498181],[54.406644,24.497875],[54.406444,24.497802],[54.405843,24.497692],[54.405881,24.4976],[54.40624,24.497733],[54.4065,24.497779],[54.406515,24.497715],[54.406553,24.497723],[54.406556,24.497714],[54.406626,24.49774],[54.406696,24.497572],[54.406842,24.49762],[54.406927,24.497405],[54.40724,24.497327],[54.407223,24.497249],[54.407442,24.497191],[54.407439,24.497175],[54.407566,24.497221],[54.407781,24.497242],[54.407785,24.4972],[54.407905,24.497245],[54.407984,24.497252],[54.407959,24.497276],[54.408051,24.497341],[54.408246,24.497407],[54.408301,24.497375],[54.408255,24.497321],[54.408096,24.497263],[54.408544,24.497323],[54.40858,24.497237],[54.408709,24.497309],[54.409947,24.497765],[54.410767,24.497374],[54.410632,24.497159],[54.411412,24.497447],[54.411515,24.49771],[54.410985,24.497515],[54.410798,24.49756],[54.410624,24.497708],[54.41061,24.498871],[54.410748,24.499018],[54.411499,24.499294],[54.411743,24.499305],[54.411739,24.498414],[54.411825,24.498912],[54.412575,24.499188],[54.412693,24.499178],[54.412875,24.498949],[54.412769,24.49833],[54.412792,24.498321],[54.41256,24.497777],[54.412518,24.497761],[54.412572,24.497727],[54.412585,24.497693],[54.412576,24.49763],[54.41251,24.49754],[54.412412,24.497459],[54.412197,24.497351],[54.408669,24.496051],[54.408692,24.495994],[54.408395,24.49583],[54.408813,24.495214],[54.408961,24.495292],[54.409586,24.495523],[54.409886,24.495572],[54.410246,24.495552],[54.410404,24.495509],[54.410512,24.495549],[54.410585,24.495465],[54.410911,24.495585],[54.41118,24.495278],[54.41146,24.495033],[54.411956,24.494722],[54.412417,24.494574],[54.412862,24.494455],[54.412833,24.494245],[54.409532,24.493029],[54.409064,24.493135],[54.408549,24.493307],[54.408054,24.493578],[54.407631,24.493885],[54.407294,24.494291],[54.407536,24.494453],[54.408571,24.495082],[54.408154,24.495697],[54.407081,24.4951],[54.406894,24.495031],[54.406749,24.495431],[54.406712,24.495396],[54.406652,24.495374],[54.40675,24.495372]],[[54.405913,24.498741],[54.405882,24.498867],[54.405827,24.498968],[54.405683,24.498915],[54.40572,24.49884],[54.405724,24.498672],[54.405913,24.498741]],[[54.408526,24.496384],[54.409371,24.496695],[54.409327,24.496714],[54.408429,24.496384],[54.408448,24.496348],[54.408526,24.496384]]]}},{"type":"Feature","properties":{},"geometry":{"type":"Polygon","coordinates":[[[54.406447,24.495809],[54.40627,24.495738],[54.406224,24.495803],[54.406401,24.495874],[54.406447,24.495809]]]}},{"type":"Feature","properties":{},"geometry":{"type":"Polygon","coordinates":[[[54.406391,24.496098],[54.406389,24.496077],[54.406352,24.496063],[54.40634,24.496023],[54.40619,24.495968],[54.406167,24.495971],[54.406173,24.49601],[54.406202,24.496035],[54.406391,24.496098]]]}},{"type":"Feature","properties":{},"geometry":{"type":"Polygon","coordinates":[[[54.40655,24.496221],[54.406477,24.496186],[54.406327,24.496131],[54.406312,24.496158],[54.406535,24.496248],[54.40655,24.496221]]]}},{"type":"Feature","properties":{},"geometry":{"type":"Polygon","coordinates":[[[54.404069,24.498085],[54.404272,24.498161],[54.404285,24.498133],[54.404083,24.498057],[54.404069,24.498085]]]}},{"type":"Feature","properties":{},"geometry":{"type":"Polygon","coordinates":[[[54.396073,24.498517],[54.39607,24.498583],[54.39622,24.498638],[54.396277,24.49864],[54.396279,24.498574],[54.396129,24.498519],[54.396073,24.498517]]]}},{"type":"Feature","properties":{},"geometry":{"type":"Polygon","coordinates":[[[54.394922,24.50055],[54.395064,24.501399],[54.395814,24.501675],[54.39638,24.501597],[54.396238,24.500749],[54.395488,24.500472],[54.394922,24.50055]]]}},{"type":"Feature","properties":{},"geometry":{"type":"Polygon","coordinates":[[[54.395658,24.501997],[54.395808,24.502053],[54.395894,24.502055],[54.395897,24.501952],[54.395747,24.501897],[54.395661,24.501895],[54.395658,24.501997]]]}},{"type":"Feature","properties":{},"geometry":{"type":"Polygon","coordinates":[[[54.395492,24.502519],[54.396242,24.502796],[54.396674,24.502737],[54.396623,24.502429],[54.395873,24.502153],[54.395441,24.502211],[54.395492,24.502519]]]}},{"type":"Feature","properties":{},"geometry":{"type":"Polygon","coordinates":[[[54.406432,24.504537],[54.406428,24.504679],[54.406578,24.504735],[54.406673,24.504736],[54.406675,24.504594],[54.406525,24.504539],[54.406432,24.504537]]]}},{"type":"Feature","properties":{},"geometry":{"type":"Polygon","coordinates":[[[54.406088,24.504593],[54.406141,24.504759],[54.406291,24.504814],[54.406383,24.504794],[54.406334,24.504626],[54.406184,24.50457],[54.406088,24.504593]]]}},{"type":"Feature","properties":{},"geometry":{"type":"Polygon","coordinates":[[[54.397401,24.504687],[54.397407,24.504788],[54.397557,24.504843],[54.397629,24.50484],[54.397623,24.504739],[54.397473,24.504684],[54.397401,24.504687]]]}},{"type":"Feature","properties":{},"geometry":{"type":"Polygon","coordinates":[[[54.406702,24.505922],[54.408077,24.506428],[54.408168,24.506323],[54.408203,24.506201],[54.408163,24.50606],[54.408049,24.505959],[54.407284,24.505677],[54.407095,24.505516],[54.406344,24.50524],[54.406082,24.505495],[54.406364,24.505735],[54.40656,24.505807],[54.406702,24.505922]]]}},{"type":"Feature","properties":{},"geometry":{"type":"Polygon","coordinates":[[[54.405385,24.505424],[54.405291,24.505739],[54.405791,24.505923],[54.405992,24.505973],[54.406086,24.505658],[54.405586,24.505474],[54.405385,24.505424]]]}},{"type":"Feature","properties":{},"geometry":{"type":"Polygon","coordinates":[[[54.405179,24.505828],[54.405064,24.506126],[54.405859,24.506405],[54.405975,24.506108],[54.405179,24.505828]]]}},{"type":"Feature","properties":{},"geometry":{"type":"Polygon","coordinates":[[[54.405066,24.506279],[54.404973,24.506527],[54.405473,24.506711],[54.405752,24.506798],[54.405845,24.50655],[54.405345,24.506365],[54.405066,24.506279]]]}},{"type":"Feature","properties":{},"geometry":{"type":"Polygon","coordinates":[[[54.406142,24.508554],[54.406377,24.508786],[54.407434,24.509176],[54.407784,24.509501],[54.408984,24.509944],[54.4091,24.509825],[54.408738,24.509492],[54.407974,24.509211],[54.408014,24.509177],[54.407858,24.509024],[54.407708,24.508969],[54.407656,24.509013],[54.407788,24.509142],[54.407675,24.509101],[54.407299,24.508729],[54.406882,24.508576],[54.406929,24.50849],[54.407845,24.508827],[54.407957,24.508713],[54.407567,24.508328],[54.407112,24.508161],[54.407286,24.507849],[54.407321,24.507862],[54.407351,24.50783],[54.407312,24.507802],[54.407362,24.507711],[54.407355,24.507631],[54.407161,24.50754],[54.40724,24.507472],[54.407222,24.507455],[54.407319,24.507372],[54.407351,24.507384],[54.407453,24.507295],[54.407039,24.506906],[54.406919,24.506861],[54.406822,24.506949],[54.406855,24.506983],[54.406749,24.507074],[54.406783,24.507111],[54.406677,24.507196],[54.406959,24.507459],[54.405696,24.506993],[54.405737,24.5069],[54.404948,24.50662],[54.404806,24.507019],[54.405378,24.507229],[54.404898,24.508066],[54.404993,24.508131],[54.406142,24.508554]]]}},{"type":"Feature","properties":{},"geometry":{"type":"Polygon","coordinates":[[[54.404404,24.507263],[54.404497,24.507354],[54.404647,24.507409],[54.40468,24.507381],[54.404587,24.50729],[54.404437,24.507235],[54.404404,24.507263]]]}},{"type":"Feature","properties":{},"geometry":{"type":"Polygon","coordinates":[[[54.407446,24.509794],[54.408647,24.510236],[54.408781,24.510099],[54.408401,24.509742],[54.407393,24.509371],[54.407424,24.50934],[54.40732,24.509253],[54.407195,24.509207],[54.407043,24.509057],[54.405842,24.508615],[54.405724,24.508722],[54.406121,24.509114],[54.407105,24.509477],[54.407446,24.509794]]]}},{"type":"Feature","properties":{},"geometry":{"type":"Polygon","coordinates":[[[54.406441,24.510121],[54.40648,24.510086],[54.406605,24.510132],[54.406786,24.50987],[54.406664,24.509805],[54.405477,24.509367],[54.405413,24.509438],[54.405231,24.509371],[54.405105,24.509539],[54.405253,24.509684],[54.406441,24.510121]]]}},{"type":"Feature","properties":{},"geometry":{"type":"Polygon","coordinates":[[[54.406322,24.510819],[54.406426,24.510858],[54.406707,24.510694],[54.406647,24.510609],[54.406684,24.510583],[54.406725,24.510321],[54.406589,24.510198],[54.406429,24.510139],[54.406188,24.51034],[54.406084,24.510413],[54.405947,24.51048],[54.405819,24.510521],[54.405565,24.510545],[54.405328,24.510706],[54.405146,24.510891],[54.405193,24.51093],[54.405445,24.511021],[54.40575,24.511029],[54.405951,24.510971],[54.406231,24.510866],[54.406322,24.510819]]]}},{"type":"Feature","properties":{},"geometry":{"type":"Polygon","coordinates":[[[54.396883,24.510805],[54.397383,24.510989],[54.397639,24.510702],[54.397434,24.510551],[54.396934,24.510367],[54.396681,24.510653],[54.396883,24.510805]]]}},{"type":"Feature","properties":{},"geometry":{"type":"Polygon","coordinates":[[[54.407007,24.512214],[54.405881,24.511799],[54.405455,24.511831],[54.405478,24.512082],[54.405511,24.512124],[54.406636,24.512538],[54.406689,24.512538],[54.406738,24.512465],[54.406955,24.512541],[54.407007,24.512521],[54.407018,24.512496],[54.407007,24.512214]]]}},{"type":"Feature","properties":{},"geometry":{"type":"Polygon","coordinates":[[[54.410374,24.479952],[54.410524,24.48008],[54.410674,24.480136],[54.410743,24.480069],[54.410593,24.47994],[54.410443,24.479885],[54.410374,24.479952]]]}},{"type":"Feature","properties":{},"geometry":{"type":"Polygon","coordinates":[[[54.410876,24.481795],[54.410916,24.481829],[54.411066,24.481885],[54.411095,24.481856],[54.411056,24.481822],[54.410906,24.481767],[54.410876,24.481795]]]}},{"type":"Feature","properties":{},"geometry":{"type":"Polygon","coordinates":[[[54.409307,24.482887],[54.409312,24.483001],[54.409462,24.483056],[54.409558,24.483053],[54.409553,24.482938],[54.409403,24.482883],[54.409307,24.482887]]]}},{"type":"Feature","properties":{},"geometry":{"type":"Polygon","coordinates":[[[54.408584,24.484581],[54.408829,24.484883],[54.409629,24.485178],[54.409838,24.485037],[54.409593,24.484735],[54.408793,24.48444],[54.408584,24.484581]]]}},{"type":"Feature","properties":{},"geometry":{"type":"Polygon","coordinates":[[[54.408489,24.48516],[54.409289,24.485454],[54.409402,24.485371],[54.409134,24.485072],[54.408334,24.484777],[54.408129,24.484931],[54.408142,24.484996],[54.408489,24.48516]]]}},{"type":"Feature","properties":{},"geometry":{"type":"Polygon","coordinates":[[[54.409836,24.485253],[54.409813,24.485295],[54.409673,24.485244],[54.409599,24.48533],[54.409423,24.4854],[54.409337,24.485483],[54.4093,24.485577],[54.409299,24.485699],[54.409286,24.485681],[54.409001,24.485574],[54.408922,24.485635],[54.408963,24.485678],[54.409029,24.485703],[54.409129,24.485845],[54.409279,24.4859],[54.409327,24.485873],[54.409397,24.485985],[54.409484,24.48606],[54.409809,24.48618],[54.409949,24.48619],[54.410032,24.486167],[54.410139,24.486042],[54.410504,24.486668],[54.410829,24.486788],[54.411188,24.48662],[54.410688,24.485739],[54.410727,24.485713],[54.410738,24.48564],[54.410729,24.485587],[54.410713,24.485566],[54.410649,24.485542],[54.410687,24.485542],[54.410729,24.485514],[54.410759,24.485442],[54.41088,24.485393],[54.410924,24.485409],[54.411032,24.485351],[54.411023,24.485336],[54.411303,24.485224],[54.411129,24.484905],[54.410804,24.484786],[54.409836,24.485253]],[[54.409311,24.485828],[54.409257,24.48575],[54.409299,24.485725],[54.409311,24.485828]]]}},{"type":"Feature","properties":{},"geometry":{"type":"Polygon","coordinates":[[[54.407486,24.485382],[54.407412,24.485319],[54.407262,24.485263],[54.406967,24.48555],[54.407042,24.485614],[54.407192,24.485669],[54.407486,24.485382]]]}},{"type":"Feature","properties":{},"geometry":{"type":"Polygon","coordinates":[[[54.407378,24.485639],[54.407698,24.485879],[54.408498,24.486174],[54.40869,24.485975],[54.408628,24.485926],[54.408559,24.485901],[54.408365,24.48574],[54.407564,24.485445],[54.407378,24.485639]]]}},{"type":"Feature","properties":{},"geometry":{"type":"Polygon","coordinates":[[[54.40785,24.485987],[54.407801,24.48595],[54.407651,24.485895],[54.407557,24.485997],[54.407605,24.486034],[54.407755,24.486089],[54.40785,24.485987]]]}},{"type":"Feature","properties":{},"geometry":{"type":"Polygon","coordinates":[[[54.410113,24.487966],[54.409997,24.487641],[54.409247,24.487364],[54.408884,24.487647],[54.408334,24.48801],[54.408637,24.488493],[54.409387,24.48877],[54.410261,24.488334],[54.41011,24.488061],[54.41001,24.488024],[54.410113,24.487966]]]}},{"type":"Feature","properties":{},"geometry":{"type":"Polygon","coordinates":[[[54.407183,24.489203],[54.407933,24.489479],[54.408339,24.489249],[54.408298,24.489189],[54.408395,24.489225],[54.40877,24.488995],[54.408518,24.488619],[54.408347,24.488557],[54.408068,24.488149],[54.407318,24.487873],[54.406913,24.488103],[54.40692,24.488114],[54.406903,24.488107],[54.406497,24.488337],[54.406776,24.488745],[54.406906,24.488793],[54.407183,24.489203]]]}},{"type":"Feature","properties":{},"geometry":{"type":"Polygon","coordinates":[[[54.410551,24.488356],[54.410556,24.488405],[54.410422,24.488416],[54.410427,24.488464],[54.410138,24.488492],[54.410183,24.488928],[54.410509,24.489048],[54.410204,24.489076],[54.410216,24.489184],[54.410644,24.489341],[54.410671,24.489588],[54.410405,24.48949],[54.410256,24.489504],[54.410326,24.49009],[54.411076,24.490366],[54.411635,24.490311],[54.41162,24.490183],[54.411186,24.490023],[54.411158,24.489794],[54.411326,24.489785],[54.411268,24.489263],[54.411314,24.489336],[54.411528,24.489414],[54.411585,24.489507],[54.411684,24.489544],[54.411713,24.489593],[54.411963,24.489685],[54.411955,24.489719],[54.412705,24.489995],[54.41287,24.490032],[54.412949,24.489734],[54.413553,24.489956],[54.413706,24.489877],[54.413673,24.489826],[54.413886,24.489731],[54.413945,24.4896],[54.414011,24.489624],[54.414055,24.489449],[54.413407,24.48921],[54.41341,24.489172],[54.41363,24.489214],[54.414239,24.489124],[54.414195,24.488832],[54.413445,24.488556],[54.413342,24.488568],[54.413437,24.488273],[54.413719,24.488377],[54.413854,24.48823],[54.413495,24.488035],[54.412745,24.487759],[54.412516,24.487718],[54.412242,24.487705],[54.412246,24.487741],[54.412157,24.487708],[54.412019,24.48774],[54.411868,24.487782],[54.411582,24.487957],[54.411414,24.48813],[54.411571,24.488241],[54.41198,24.488392],[54.412028,24.488474],[54.411938,24.488729],[54.411615,24.488629],[54.411612,24.488606],[54.410862,24.48833],[54.410551,24.488356]],[[54.411433,24.489161],[54.411266,24.48925],[54.411262,24.489209],[54.411189,24.489182],[54.411401,24.489164],[54.411395,24.48911],[54.411433,24.489161]]]}},{"type":"Feature","properties":{},"geometry":{"type":"Polygon","coordinates":[[[54.410413,24.49103],[54.410913,24.491214],[54.411199,24.491217],[54.411206,24.490972],[54.411298,24.491006],[54.411373,24.491005],[54.411371,24.490947],[54.41136,24.490943],[54.411374,24.490943],[54.411374,24.49085],[54.411224,24.490795],[54.411155,24.490795],[54.411155,24.490888],[54.411168,24.490893],[54.411147,24.490894],[54.411147,24.490928],[54.410706,24.490766],[54.4106,24.490766],[54.410598,24.490812],[54.410416,24.490817],[54.410413,24.49103]]]}},{"type":"Feature","properties":{},"geometry":{"type":"Polygon","coordinates":[[[54.409036,24.491182],[54.408959,24.49118],[54.408949,24.491234],[54.408947,24.491294],[54.409007,24.491323],[54.409157,24.491378],[54.409369,24.491384],[54.409371,24.491317],[54.409418,24.491318],[54.409422,24.491211],[54.409272,24.491156],[54.409037,24.491149],[54.409036,24.491182]]]}},{"type":"Feature","properties":{},"geometry":{"type":"Polygon","coordinates":[[[54.411369,24.491558],[54.411372,24.491481],[54.411222,24.491426],[54.411185,24.491424],[54.411184,24.491442],[54.41083,24.491311],[54.410457,24.491298],[54.410444,24.491622],[54.410944,24.491807],[54.411316,24.491819],[54.411331,24.491557],[54.411369,24.491558]]]}},{"type":"Feature","properties":{},"geometry":{"type":"Polygon","coordinates":[[[54.410046,24.496169],[54.41015,24.496288],[54.410069,24.496343],[54.410179,24.496484],[54.411179,24.496852],[54.411343,24.496749],[54.411247,24.496624],[54.411309,24.496571],[54.411552,24.496661],[54.411776,24.496556],[54.411614,24.496366],[54.410614,24.495998],[54.41057,24.496024],[54.410337,24.495938],[54.410046,24.496169]]]}},{"type":"Feature","properties":{},"geometry":{"type":"Polygon","coordinates":[[[54.409165,24.497863],[54.40899,24.49793],[54.408992,24.498391],[54.409767,24.498676],[54.410158,24.49861],[54.41019,24.498232],[54.409165,24.497863]]]}},{"type":"Feature","properties":{},"geometry":{"type":"Polygon","coordinates":[[[54.409341,24.500381],[54.409433,24.500448],[54.410183,24.500724],[54.410363,24.500755],[54.410496,24.500753],[54.410621,24.500689],[54.410676,24.500572],[54.410726,24.500017],[54.410762,24.499787],[54.410728,24.499715],[54.41065,24.499656],[54.4099,24.49938],[54.409812,24.499367],[54.409875,24.498931],[54.409435,24.498769],[54.409073,24.498744],[54.409074,24.498666],[54.408924,24.498611],[54.408852,24.4986],[54.408836,24.49866],[54.408874,24.498774],[54.408996,24.498819],[54.409005,24.499092],[54.408919,24.499457],[54.409469,24.499648],[54.409349,24.50004],[54.4093,24.500253],[54.409341,24.500381]]]}},{"type":"Feature","properties":{},"geometry":{"type":"Polygon","coordinates":[[[54.408025,24.501013],[54.408063,24.501044],[54.408213,24.5011],[54.408264,24.501026],[54.408297,24.500942],[54.408085,24.500876],[54.408054,24.500908],[54.408053,24.500954],[54.408025,24.501013]]]}},{"type":"Feature","properties":{},"geometry":{"type":"Polygon","coordinates":[[[54.411459,24.502266],[54.411559,24.502268],[54.411557,24.502205],[54.411693,24.502206],[54.411698,24.501981],[54.411667,24.501969],[54.411669,24.501937],[54.410544,24.501523],[54.410437,24.50152],[54.410436,24.501607],[54.410335,24.501603],[54.410334,24.501699],[54.409605,24.501431],[54.408723,24.501471],[54.408679,24.501799],[54.408752,24.50195],[54.409502,24.502227],[54.409771,24.502239],[54.410089,24.502229],[54.41018,24.502198],[54.410295,24.502127],[54.410334,24.502023],[54.41036,24.501861],[54.411459,24.502266]]]}},{"type":"Feature","properties":{},"geometry":{"type":"Polygon","coordinates":[[[54.407765,24.502431],[54.408114,24.502577],[54.408864,24.502853],[54.409045,24.502376],[54.409172,24.502134],[54.408422,24.501858],[54.408025,24.50174],[54.407725,24.502342],[54.407648,24.502313],[54.407586,24.50231],[54.407515,24.502391],[54.407507,24.502438],[54.407701,24.502503],[54.407765,24.502431]]]}},{"type":"Feature","properties":{},"geometry":{"type":"Polygon","coordinates":[[[54.407345,24.502871],[54.407285,24.502943],[54.40724,24.502926],[54.407116,24.503077],[54.407329,24.503168],[54.40746,24.503051],[54.407485,24.503049],[54.407553,24.502941],[54.407345,24.502871]]]}},{"type":"Feature","properties":{},"geometry":{"type":"Polygon","coordinates":[[[54.40688,24.503364],[54.406917,24.503485],[54.407067,24.50354],[54.407147,24.503523],[54.407093,24.5034],[54.406943,24.503344],[54.40688,24.503364]]]}},{"type":"Feature","properties":{},"geometry":{"type":"Polygon","coordinates":[[[54.407036,24.503648],[54.406985,24.503805],[54.407224,24.503884],[54.407284,24.503735],[54.407036,24.503648]]]}},{"type":"Feature","properties":{},"geometry":{"type":"Polygon","coordinates":[[[54.410201,24.504126],[54.411389,24.504564],[54.411861,24.504642],[54.411893,24.504484],[54.411163,24.504215],[54.410908,24.503935],[54.40972,24.503497],[54.409576,24.503605],[54.409909,24.503972],[54.41021,24.504082],[54.410201,24.504126]]]}},{"type":"Feature","properties":{},"geometry":{"type":"Polygon","coordinates":[[[54.411361,24.505038],[54.41101,24.504738],[54.409259,24.504094],[54.409054,24.504354],[54.409349,24.504692],[54.411099,24.505337],[54.411361,24.505038]]]}},{"type":"Feature","properties":{},"geometry":{"type":"Polygon","coordinates":[[[54.407866,24.505725],[54.407868,24.505818],[54.408018,24.505874],[54.408183,24.505898],[54.408178,24.505797],[54.408028,24.505741],[54.407866,24.505725]]]}},{"type":"Feature","properties":{},"geometry":{"type":"Polygon","coordinates":[[[54.410092,24.506475],[54.410223,24.506452],[54.410337,24.50639],[54.410422,24.506297],[54.410468,24.506184],[54.410469,24.506063],[54.41043,24.505957],[54.410357,24.505867],[54.410256,24.505802],[54.409388,24.505493],[54.409265,24.505495],[54.409148,24.505532],[54.40905,24.505601],[54.408981,24.505693],[54.408947,24.505801],[54.408954,24.505922],[54.409005,24.506033],[54.409094,24.506123],[54.409211,24.50618],[54.409961,24.506457],[54.410092,24.506475]]]}},{"type":"Feature","properties":{},"geometry":{"type":"Polygon","coordinates":[[[54.410678,24.506576],[54.410546,24.50654],[54.410371,24.50656],[54.410298,24.506611],[54.410298,24.506661],[54.410335,24.50673],[54.410945,24.506966],[54.410847,24.506938],[54.410793,24.506994],[54.410732,24.507106],[54.410726,24.507266],[54.410769,24.50734],[54.411269,24.507524],[54.411323,24.507533],[54.411404,24.507511],[54.411422,24.507469],[54.41151,24.507373],[54.411544,24.507128],[54.411162,24.50698],[54.411273,24.506976],[54.411297,24.506912],[54.411233,24.506888],[54.411247,24.506799],[54.411178,24.50676],[54.410678,24.506576]]]}},{"type":"Feature","properties":{},"geometry":{"type":"Polygon","coordinates":[[[54.407028,24.506464],[54.407336,24.506699],[54.409024,24.507321],[54.409317,24.507013],[54.40916,24.506853],[54.407472,24.506231],[54.407244,24.506239],[54.407028,24.506464]]]}},{"type":"Feature","properties":{},"geometry":{"type":"Polygon","coordinates":[[[54.410813,24.507974],[54.410722,24.50794],[54.410704,24.507903],[54.410204,24.507719],[54.410172,24.50772],[54.409982,24.507529],[54.409481,24.507344],[54.409287,24.507513],[54.409648,24.507874],[54.409826,24.50794],[54.409854,24.50798],[54.409927,24.508019],[54.410427,24.508203],[54.410473,24.508188],[54.41061,24.508182],[54.410832,24.508039],[54.410813,24.507974]]]}},{"type":"Feature","properties":{},"geometry":{"type":"Polygon","coordinates":[[[54.408846,24.507921],[54.408851,24.508027],[54.409001,24.508082],[54.40904,24.508081],[54.409039,24.50805],[54.409068,24.508049],[54.409075,24.507911],[54.408925,24.507856],[54.408877,24.507857],[54.40888,24.50792],[54.408846,24.507921]]]}},{"type":"Feature","properties":{},"geometry":{"type":"Polygon","coordinates":[[[54.40947,24.508214],[54.409428,24.508171],[54.409278,24.508116],[54.409189,24.50819],[54.409231,24.508233],[54.409381,24.508288],[54.40947,24.508214]]]}},{"type":"Feature","properties":{},"geometry":{"type":"Polygon","coordinates":[[[54.409834,24.508726],[54.409773,24.508641],[54.409671,24.508603],[54.409658,24.508584],[54.409158,24.5084],[54.409014,24.508484],[54.409061,24.50855],[54.408987,24.508608],[54.409005,24.508634],[54.408969,24.508655],[54.409,24.508698],[54.409557,24.508895],[54.409618,24.508859],[54.409597,24.50883],[54.40962,24.508816],[54.409659,24.50883],[54.409834,24.508726]]]}},{"type":"Feature","properties":{},"geometry":{"type":"Polygon","coordinates":[[[54.407765,24.508896],[54.407737,24.508867],[54.407587,24.508811],[54.407523,24.508861],[54.40755,24.50889],[54.4077,24.508946],[54.407765,24.508896]]]}},{"type":"Feature","properties":{},"geometry":{"type":"Polygon","coordinates":[[[54.40838,24.510364],[54.408011,24.510016],[54.406811,24.509574],[54.406652,24.509706],[54.407014,24.510038],[54.408215,24.51048],[54.40838,24.510364]]]}},{"type":"Feature","properties":{},"geometry":{"type":"Polygon","coordinates":[[[54.41069,24.510178],[54.410505,24.51001],[54.410005,24.509826],[54.409662,24.510138],[54.409847,24.510306],[54.410347,24.510491],[54.41069,24.510178]]]}},{"type":"Feature","properties":{},"geometry":{"type":"Polygon","coordinates":[[[54.410164,24.511031],[54.410094,24.511064],[54.410136,24.511137],[54.410286,24.511193],[54.410355,24.51116],[54.410323,24.511103],[54.410405,24.511133],[54.410434,24.511118],[54.4105,24.511142],[54.410733,24.511011],[54.410596,24.51081],[54.410445,24.510754],[54.410358,24.510629],[54.410208,24.510574],[54.410122,24.510624],[54.410132,24.510639],[54.410096,24.510626],[54.4099,24.510736],[54.409967,24.510835],[54.409931,24.510855],[54.41,24.510958],[54.410232,24.511043],[54.410244,24.511061],[54.410164,24.511031]]]}},{"type":"Feature","properties":{},"geometry":{"type":"Polygon","coordinates":[[[54.408417,24.511042],[54.408404,24.510968],[54.408414,24.510968],[54.408411,24.510892],[54.408261,24.510837],[54.408205,24.510839],[54.408206,24.510871],[54.408175,24.51086],[54.408017,24.510873],[54.407937,24.510865],[54.407855,24.510834],[54.407792,24.510877],[54.407694,24.510841],[54.407603,24.510903],[54.407842,24.511195],[54.40716,24.510943],[54.406817,24.511127],[54.406651,24.511065],[54.406208,24.511313],[54.406171,24.511417],[54.406305,24.511805],[54.406382,24.511872],[54.407133,24.512148],[54.407393,24.512122],[54.407709,24.511927],[54.407857,24.511981],[54.407917,24.511951],[54.407922,24.511973],[54.408072,24.512028],[54.408125,24.512017],[54.408113,24.511969],[54.40798,24.51192],[54.408288,24.511725],[54.408457,24.511973],[54.409207,24.512249],[54.4097,24.511972],[54.409566,24.511775],[54.409579,24.511766],[54.409554,24.511735],[54.409942,24.511878],[54.410422,24.511612],[54.41029,24.511415],[54.410417,24.511345],[54.410328,24.511212],[54.409336,24.510846],[54.409391,24.510792],[54.409381,24.510715],[54.409335,24.51068],[54.409185,24.510624],[54.409124,24.51062],[54.409071,24.51065],[54.409048,24.510704],[54.409058,24.510743],[54.408953,24.510705],[54.408422,24.510998],[54.408462,24.511058],[54.408417,24.511042]],[[54.408249,24.511644],[54.408024,24.511363],[54.408462,24.511524],[54.408249,24.511644]]]}},{"type":"Feature","properties":{},"geometry":{"type":"Polygon","coordinates":[[[54.410787,24.510794],[54.410584,24.510715],[54.410558,24.510764],[54.410761,24.510842],[54.410787,24.510794]]]}},{"type":"Feature","properties":{},"geometry":{"type":"Polygon","coordinates":[[[54.411807,24.482193],[54.411984,24.482023],[54.411616,24.481704],[54.411116,24.48152],[54.410943,24.481686],[54.411024,24.481756],[54.411302,24.481859],[54.411222,24.481936],[54.411307,24.482009],[54.411807,24.482193]]]}},{"type":"Feature","properties":{},"geometry":{"type":"Polygon","coordinates":[[[54.412878,24.481925],[54.412378,24.481741],[54.412202,24.482016],[54.412563,24.482207],[54.413063,24.482392],[54.413239,24.482117],[54.412878,24.481925]]]}},{"type":"Feature","properties":{},"geometry":{"type":"Polygon","coordinates":[[[54.41158,24.482133],[54.411548,24.482107],[54.411398,24.482052],[54.41132,24.482132],[54.411351,24.482158],[54.411501,24.482213],[54.41158,24.482133]]]}},{"type":"Feature","properties":{},"geometry":{"type":"Polygon","coordinates":[[[54.411618,24.485675],[54.411604,24.485644],[54.411454,24.485589],[54.41135,24.48563],[54.411365,24.485661],[54.411395,24.485672],[54.411375,24.485678],[54.411414,24.485776],[54.411564,24.485831],[54.411621,24.485812],[54.411582,24.485715],[54.411549,24.485703],[54.411618,24.485675]]]}},{"type":"Feature","properties":{},"geometry":{"type":"Polygon","coordinates":[[[54.414017,24.487712],[54.414013,24.487639],[54.413898,24.487596],[54.413889,24.487379],[54.413388,24.487195],[54.413283,24.487199],[54.413284,24.487227],[54.413107,24.487233],[54.413184,24.487452],[54.413245,24.487474],[54.413256,24.48771],[54.413756,24.487894],[54.414024,24.487884],[54.414021,24.487806],[54.413988,24.487793],[54.413984,24.487714],[54.414017,24.487712]]]}},{"type":"Feature","properties":{},"geometry":{"type":"Polygon","coordinates":[[[54.412959,24.487562],[54.413014,24.487751],[54.413164,24.487807],[54.41325,24.487786],[54.413196,24.487596],[54.413046,24.487541],[54.412959,24.487562]]]}},{"type":"Feature","properties":{},"geometry":{"type":"Polygon","coordinates":[[[54.415187,24.488213],[54.415473,24.488318],[54.415318,24.488314],[54.415319,24.488397],[54.41543,24.488438],[54.415412,24.488438],[54.415411,24.488484],[54.415581,24.48854],[54.415582,24.488493],[54.415471,24.488452],[54.415586,24.488451],[54.415585,24.488375],[54.415752,24.488442],[54.415846,24.48844],[54.415845,24.488397],[54.41587,24.488397],[54.41587,24.488146],[54.416119,24.488146],[54.416119,24.488057],[54.41616,24.488072],[54.416338,24.488067],[54.416351,24.488305],[54.416236,24.488277],[54.416234,24.488366],[54.416187,24.488349],[54.416146,24.488352],[54.41615,24.488389],[54.416233,24.488419],[54.416232,24.488489],[54.416382,24.488544],[54.416677,24.488549],[54.416678,24.488488],[54.416799,24.488533],[54.416844,24.488535],[54.416846,24.488491],[54.416696,24.488436],[54.416652,24.488434],[54.41665,24.488465],[54.416528,24.48842],[54.416424,24.488416],[54.416426,24.488334],[54.416629,24.48842],[54.416676,24.488418],[54.416672,24.488356],[54.416706,24.488368],[54.416695,24.488368],[54.416694,24.488407],[54.416873,24.488463],[54.416875,24.488424],[54.416765,24.488384],[54.4168,24.488385],[54.416803,24.48834],[54.416899,24.48836],[54.416898,24.488304],[54.416879,24.488297],[54.4169,24.488296],[54.416896,24.488203],[54.416818,24.488174],[54.416815,24.488097],[54.416745,24.488071],[54.416816,24.488075],[54.416815,24.488026],[54.416665,24.487971],[54.416611,24.487972],[54.416612,24.487983],[54.416443,24.487975],[54.416442,24.48803],[54.416394,24.488021],[54.416394,24.48801],[54.41634,24.48799],[54.416412,24.487986],[54.416404,24.487856],[54.416254,24.487801],[54.416198,24.487804],[54.416103,24.487769],[54.415997,24.487765],[54.415996,24.487788],[54.415855,24.487746],[54.415853,24.48779],[54.415999,24.487844],[54.416004,24.487913],[54.415897,24.487873],[54.415895,24.487821],[54.41579,24.487783],[54.415824,24.487781],[54.415821,24.487737],[54.415671,24.487682],[54.415613,24.487685],[54.415615,24.487729],[54.415718,24.487767],[54.415123,24.487771],[54.415123,24.487815],[54.415187,24.487839],[54.415187,24.488213]],[[54.416043,24.487812],[54.416036,24.487812],[54.416037,24.487809],[54.416043,24.487812]]]}},{"type":"Feature","properties":{},"geometry":{"type":"Polygon","coordinates":[[[54.413519,24.487893],[54.413522,24.487954],[54.413672,24.48801],[54.41374,24.488007],[54.413737,24.487946],[54.413587,24.48789],[54.413519,24.487893]]]}},{"type":"Feature","properties":{},"geometry":{"type":"Polygon","coordinates":[[[54.415129,24.48853],[54.415126,24.488411],[54.415052,24.488383],[54.415118,24.488385],[54.415122,24.48829],[54.414972,24.488235],[54.414839,24.488231],[54.414836,24.488326],[54.414919,24.488357],[54.414852,24.488358],[54.414856,24.488478],[54.415006,24.488533],[54.415129,24.48853]]]}},{"type":"Feature","properties":{},"geometry":{"type":"Polygon","coordinates":[[[54.415693,24.488697],[54.415543,24.488642],[54.415463,24.488644],[54.415465,24.488693],[54.415615,24.488748],[54.415695,24.488746],[54.415693,24.488697]]]}},{"type":"Feature","properties":{},"geometry":{"type":"Polygon","coordinates":[[[54.416223,24.488882],[54.416227,24.488989],[54.416377,24.489044],[54.416407,24.489043],[54.416402,24.488936],[54.416252,24.488881],[54.416223,24.488882]]]}},{"type":"Feature","properties":{},"geometry":{"type":"Polygon","coordinates":[[[54.415999,24.488841],[54.416006,24.489041],[54.416156,24.489096],[54.416215,24.489095],[54.416208,24.488895],[54.416058,24.48884],[54.415999,24.488841]]]}},{"type":"Feature","properties":{},"geometry":{"type":"Polygon","coordinates":[[[54.415624,24.489052],[54.415762,24.489103],[54.415719,24.489105],[54.415722,24.489146],[54.415784,24.489169],[54.415782,24.48925],[54.415932,24.489305],[54.415983,24.489306],[54.415985,24.489226],[54.415914,24.4892],[54.416026,24.489194],[54.416023,24.48915],[54.415873,24.489095],[54.415832,24.489097],[54.415829,24.488906],[54.415679,24.488851],[54.41562,24.488852],[54.415624,24.489052]]]}},{"type":"Feature","properties":{},"geometry":{"type":"Polygon","coordinates":[[[54.415416,24.489523],[54.415421,24.489677],[54.415921,24.489861],[54.416792,24.489839],[54.41679,24.48977],[54.416769,24.489763],[54.416767,24.489686],[54.416267,24.489502],[54.415416,24.489523]]]}},{"type":"Feature","properties":{},"geometry":{"type":"Polygon","coordinates":[[[54.412428,24.489949],[54.412432,24.490011],[54.412582,24.490067],[54.412652,24.490063],[54.412648,24.49],[54.412498,24.489945],[54.412428,24.489949]]]}},{"type":"Feature","properties":{},"geometry":{"type":"Polygon","coordinates":[[[54.411297,24.490769],[54.411298,24.490717],[54.411148,24.490662],[54.411052,24.490661],[54.411051,24.490713],[54.411201,24.490768],[54.411297,24.490769]]]}},{"type":"Feature","properties":{},"geometry":{"type":"Polygon","coordinates":[[[54.412924,24.490639],[54.412916,24.491132],[54.413667,24.491409],[54.414145,24.491415],[54.414148,24.491251],[54.413865,24.491147],[54.413866,24.491086],[54.414161,24.49109],[54.414163,24.490922],[54.413413,24.490645],[54.412924,24.490639]]]}},{"type":"Feature","properties":{},"geometry":{"type":"Polygon","coordinates":[[[54.412829,24.491185],[54.412828,24.491224],[54.412978,24.49128],[54.413024,24.491281],[54.413025,24.491242],[54.412875,24.491187],[54.412829,24.491185]]]}},{"type":"Feature","properties":{},"geometry":{"type":"Polygon","coordinates":[[[54.411364,24.492099],[54.412114,24.492376],[54.41261,24.492408],[54.412681,24.491499],[54.411931,24.491223],[54.411435,24.491191],[54.411364,24.492099]]]}},{"type":"Feature","properties":{},"geometry":{"type":"Polygon","coordinates":[[[54.411578,24.49238],[54.411728,24.492435],[54.411856,24.492439],[54.411859,24.492351],[54.411709,24.492296],[54.411581,24.492292],[54.411578,24.49238]]]}},{"type":"Feature","properties":{},"geometry":{"type":"Polygon","coordinates":[[[54.411973,24.492459],[54.411972,24.492557],[54.412122,24.492612],[54.412304,24.492614],[54.412305,24.492516],[54.412155,24.492461],[54.411973,24.492459]]]}},{"type":"Feature","properties":{},"geometry":{"type":"Polygon","coordinates":[[[54.415253,24.496969],[54.41516,24.496915],[54.41501,24.49686],[54.4149,24.497017],[54.414992,24.497071],[54.415142,24.497126],[54.415253,24.496969]]]}},{"type":"Feature","properties":{},"geometry":{"type":"Polygon","coordinates":[[[54.413013,24.502973],[54.413098,24.503119],[54.413473,24.503257],[54.413545,24.503237],[54.413665,24.502947],[54.413754,24.502466],[54.413274,24.502171],[54.413116,24.502019],[54.41303,24.501907],[54.412949,24.501763],[54.412901,24.501624],[54.412526,24.501486],[54.411982,24.501472],[54.412018,24.501673],[54.412065,24.501807],[54.412137,24.50199],[54.412222,24.502147],[54.412374,24.502354],[54.412629,24.502656],[54.412874,24.50282],[54.413013,24.502973]]]}},{"type":"Feature","properties":{},"geometry":{"type":"Polygon","coordinates":[[[54.415501,24.502417],[54.415496,24.502476],[54.415672,24.502533],[54.415676,24.502474],[54.415501,24.502417]]]}},{"type":"Feature","properties":{},"geometry":{"type":"Polygon","coordinates":[[[54.412106,24.503141],[54.412104,24.502979],[54.411905,24.502904],[54.411904,24.502823],[54.412005,24.50286],[54.412107,24.502803],[54.411946,24.502564],[54.4119,24.502547],[54.411899,24.502524],[54.411879,24.502517],[54.411892,24.502504],[54.411679,24.502331],[54.411529,24.502276],[54.411457,24.502349],[54.411486,24.502372],[54.411149,24.502248],[54.410947,24.502245],[54.410913,24.502838],[54.411663,24.503115],[54.412106,24.503141]]]}},{"type":"Feature","properties":{},"geometry":{"type":"Polygon","coordinates":[[[54.415619,24.502692],[54.415618,24.502659],[54.415468,24.502603],[54.41539,24.502607],[54.415395,24.502682],[54.415545,24.502737],[54.415616,24.502737],[54.415616,24.502699],[54.415599,24.502693],[54.415619,24.502692]]]}},{"type":"Feature","properties":{},"geometry":{"type":"Polygon","coordinates":[[[54.415687,24.502811],[54.415565,24.502779],[54.415561,24.502807],[54.415835,24.502912],[54.415961,24.502917],[54.415965,24.502839],[54.415815,24.502783],[54.415689,24.502779],[54.415687,24.502811]]]}},{"type":"Feature","properties":{},"geometry":{"type":"Polygon","coordinates":[[[54.415615,24.502886],[54.415608,24.502833],[54.415458,24.502778],[54.415396,24.502784],[54.415403,24.502838],[54.415439,24.502852],[54.415447,24.502901],[54.415597,24.502956],[54.415655,24.502948],[54.415647,24.502898],[54.415615,24.502886]]]}},{"type":"Feature","properties":{},"geometry":{"type":"Polygon","coordinates":[[[54.415635,24.503418],[54.415632,24.503473],[54.415782,24.503529],[54.415876,24.503532],[54.415878,24.503477],[54.415728,24.503421],[54.415635,24.503418]]]}},{"type":"Feature","properties":{},"geometry":{"type":"Polygon","coordinates":[[[54.415809,24.503559],[54.415813,24.503642],[54.415963,24.503697],[54.416005,24.503696],[54.416002,24.503613],[54.415852,24.503558],[54.415809,24.503559]]]}},{"type":"Feature","properties":{},"geometry":{"type":"Polygon","coordinates":[[[54.414844,24.504316],[54.415537,24.504571],[54.41546,24.504647],[54.415437,24.504628],[54.414312,24.504214],[54.414153,24.504371],[54.414331,24.504524],[54.41521,24.504848],[54.415196,24.504861],[54.414671,24.504668],[54.414513,24.504826],[54.41469,24.504979],[54.41549,24.505273],[54.415531,24.505239],[54.415951,24.505394],[54.416128,24.505245],[54.415932,24.505084],[54.415481,24.504917],[54.41562,24.504801],[54.416241,24.505034],[54.416419,24.504886],[54.416223,24.504724],[54.415814,24.504574],[54.415859,24.504536],[54.41613,24.504636],[54.416286,24.504506],[54.416324,24.504519],[54.416501,24.504371],[54.416305,24.504209],[54.415792,24.50402],[54.415742,24.50407],[54.41564,24.504033],[54.415568,24.504083],[54.415612,24.504134],[54.415654,24.504157],[54.415597,24.504136],[54.415558,24.504087],[54.415524,24.504075],[54.415574,24.504065],[54.415565,24.504028],[54.415415,24.503972],[54.415356,24.503984],[54.415365,24.504022],[54.415403,24.504036],[54.415383,24.504049],[54.415393,24.504061],[54.415311,24.504031],[54.415198,24.504143],[54.414826,24.504005],[54.414667,24.504163],[54.414844,24.504316]]]}},{"type":"Feature","properties":{},"geometry":{"type":"Polygon","coordinates":[[[54.415794,24.505027],[54.415944,24.505082],[54.415991,24.505046],[54.415934,24.504985],[54.415784,24.50493],[54.415737,24.504966],[54.415794,24.505027]]]}},{"type":"Feature","properties":{},"geometry":{"type":"Polygon","coordinates":[[[54.410809,24.508696],[54.410959,24.508752],[54.411247,24.508761],[54.41125,24.508663],[54.4111,24.508608],[54.410813,24.508596],[54.410809,24.508696]]]}},{"type":"Feature","properties":{},"geometry":{"type":"Polygon","coordinates":[[[54.411248,24.508984],[54.41124,24.509173],[54.411171,24.509148],[54.411123,24.509147],[54.411122,24.509219],[54.411236,24.509261],[54.411234,24.509309],[54.411556,24.509428],[54.411555,24.509473],[54.411445,24.509433],[54.410723,24.509449],[54.410727,24.509544],[54.410877,24.509599],[54.411598,24.509578],[54.411595,24.509494],[54.411705,24.509535],[54.411823,24.509537],[54.411824,24.509521],[54.411977,24.509524],[54.411987,24.509168],[54.411849,24.509117],[54.411853,24.509013],[54.411703,24.508958],[54.41158,24.508954],[54.411577,24.509017],[54.411487,24.508984],[54.411248,24.508984]]]}},{"type":"Feature","properties":{},"geometry":{"type":"Polygon","coordinates":[[[54.410698,24.509064],[54.4107,24.509161],[54.41085,24.509216],[54.410912,24.509215],[54.41091,24.509119],[54.41076,24.509063],[54.410698,24.509064]]]}},{"type":"Feature","properties":{},"geometry":{"type":"Polygon","coordinates":[[[54.411256,24.509681],[54.411333,24.509838],[54.411483,24.509893],[54.411582,24.509853],[54.411505,24.509696],[54.411355,24.509641],[54.411256,24.509681]]]}},{"type":"Feature","properties":{},"geometry":{"type":"Polygon","coordinates":[[[54.418939,24.480052],[54.418873,24.480042],[54.418867,24.480078],[54.418943,24.480106],[54.418942,24.480131],[54.419092,24.480186],[54.41913,24.480187],[54.419131,24.480126],[54.418939,24.480052]]]}},{"type":"Feature","properties":{},"geometry":{"type":"Polygon","coordinates":[[[54.420712,24.480419],[54.421051,24.480443],[54.421053,24.480397],[54.420903,24.480342],[54.420808,24.480338],[54.42081,24.480292],[54.42066,24.480236],[54.420569,24.480232],[54.420562,24.480364],[54.420712,24.480419]]]}},{"type":"Feature","properties":{},"geometry":{"type":"Polygon","coordinates":[[[54.419929,24.480822],[54.419923,24.480877],[54.420073,24.480932],[54.420137,24.480938],[54.420143,24.480884],[54.419993,24.480828],[54.419929,24.480822]]]}},{"type":"Feature","properties":{},"geometry":{"type":"Polygon","coordinates":[[[54.419903,24.482045],[54.419835,24.482019],[54.419716,24.482021],[54.419618,24.481986],[54.419294,24.481947],[54.419275,24.482078],[54.419425,24.482133],[54.419586,24.482153],[54.419356,24.482126],[54.419207,24.482064],[54.418961,24.482037],[54.418801,24.481985],[54.418785,24.482055],[54.418876,24.482089],[54.418874,24.482108],[54.419024,24.482163],[54.419245,24.482188],[54.419228,24.482308],[54.41937,24.482361],[54.419372,24.482408],[54.41846,24.482285],[54.418442,24.482417],[54.418556,24.482459],[54.418434,24.482447],[54.418417,24.482581],[54.418567,24.482636],[54.418893,24.482669],[54.418903,24.482591],[54.418955,24.48261],[54.419188,24.48264],[54.419174,24.482731],[54.418957,24.482661],[54.418929,24.482747],[54.419176,24.482829],[54.419199,24.48276],[54.419311,24.482802],[54.419245,24.482795],[54.419232,24.482892],[54.418969,24.482861],[54.418866,24.482823],[54.418872,24.482768],[54.418722,24.482713],[54.418396,24.482685],[54.418382,24.482821],[54.418505,24.482866],[54.418366,24.482861],[54.418361,24.482982],[54.418511,24.483038],[54.418836,24.48305],[54.41884,24.482953],[54.418861,24.482961],[54.418857,24.482995],[54.419007,24.48305],[54.419339,24.48308],[54.419351,24.482973],[54.419701,24.483017],[54.419673,24.483014],[54.41966,24.483134],[54.41981,24.48319],[54.420134,24.483218],[54.420138,24.483185],[54.420576,24.483346],[54.420914,24.483378],[54.42092,24.483328],[54.420976,24.483333],[54.420989,24.483205],[54.4209,24.483172],[54.420985,24.483182],[54.421002,24.483062],[54.420852,24.483007],[54.420544,24.48297],[54.42053,24.483068],[54.420432,24.483032],[54.420162,24.483007],[54.420171,24.482941],[54.420063,24.482901],[54.420253,24.482925],[54.420268,24.482827],[54.420297,24.482838],[54.420265,24.48292],[54.420504,24.483004],[54.420538,24.482913],[54.42036,24.482849],[54.420617,24.482875],[54.420711,24.48291],[54.421021,24.482945],[54.421038,24.482824],[54.420888,24.482769],[54.420669,24.482744],[54.42067,24.48273],[54.420737,24.482749],[54.421045,24.482783],[54.421066,24.482637],[54.420916,24.482582],[54.420698,24.482558],[54.420701,24.482533],[54.420713,24.482522],[54.420766,24.482542],[54.421076,24.482581],[54.421095,24.482459],[54.420945,24.482404],[54.420877,24.482395],[54.421104,24.482416],[54.421117,24.482296],[54.420967,24.48224],[54.420657,24.482212],[54.420649,24.482284],[54.420588,24.482262],[54.42036,24.482231],[54.420378,24.48212],[54.420253,24.482074],[54.420305,24.482079],[54.420321,24.481944],[54.420171,24.481889],[54.419879,24.481859],[54.419898,24.481725],[54.419748,24.48167],[54.419421,24.481631],[54.419416,24.481665],[54.419322,24.48163],[54.418982,24.481592],[54.418898,24.481561],[54.418579,24.481524],[54.41856,24.481659],[54.418637,24.481687],[54.418544,24.481691],[54.41855,24.481831],[54.4187,24.481886],[54.418883,24.481876],[54.419005,24.481911],[54.419018,24.481831],[54.418868,24.481775],[54.418824,24.481777],[54.418822,24.481741],[54.418765,24.48172],[54.418961,24.481743],[54.41911,24.481797],[54.41945,24.481839],[54.419457,24.481788],[54.419551,24.481823],[54.419851,24.481859],[54.419834,24.481991],[54.41993,24.482026],[54.419907,24.482023],[54.419903,24.482045]],[[54.419652,24.48216],[54.419649,24.482176],[54.419586,24.482153],[54.419652,24.48216]],[[54.419704,24.482993],[54.41979,24.483025],[54.419701,24.483017],[54.419704,24.482993]],[[54.419914,24.482172],[54.42002,24.482203],[54.41995,24.482196],[54.419914,24.482172]],[[54.420057,24.483065],[54.420086,24.483068],[54.420085,24.483075],[54.420057,24.483065]],[[54.419832,24.482529],[54.41976,24.482503],[54.419761,24.482496],[54.419835,24.482505],[54.419832,24.482529]],[[54.420067,24.482473],[54.420125,24.482494],[54.420065,24.482488],[54.420067,24.482473]],[[54.420267,24.482241],[54.420257,24.482237],[54.420267,24.482238],[54.420267,24.482241]],[[54.420781,24.482383],[54.420728,24.482376],[54.42073,24.482364],[54.420781,24.482383]],[[54.419195,24.482549],[54.419194,24.482558],[54.419153,24.482543],[54.419195,24.482549]],[[54.418807,24.482497],[54.418813,24.482498],[54.418813,24.482499],[54.418807,24.482497]],[[54.418917,24.4825],[54.418956,24.482514],[54.418915,24.482509],[54.418917,24.4825]],[[54.419658,24.482751],[54.419791,24.482772],[54.419782,24.48283],[54.419896,24.482872],[54.4197,24.48285],[54.419696,24.482876],[54.419598,24.48284],[54.419644,24.482846],[54.419658,24.482751]],[[54.41928,24.48263],[54.419283,24.482612],[54.419355,24.482639],[54.41928,24.48263]],[[54.418748,24.482894],[54.418758,24.482895],[54.418758,24.482898],[54.418748,24.482894]]]}},{"type":"Feature","properties":{},"geometry":{"type":"Polygon","coordinates":[[[54.42026,24.481911],[54.420681,24.482066],[54.420677,24.482093],[54.420827,24.482149],[54.421137,24.48219],[54.421157,24.482067],[54.421109,24.48205],[54.421115,24.482014],[54.421182,24.482018],[54.42119,24.481885],[54.42104,24.48183],[54.420715,24.481813],[54.420715,24.481823],[54.420621,24.481788],[54.420283,24.48175],[54.420202,24.48172],[54.42007,24.481706],[54.420064,24.481769],[54.420214,24.481824],[54.420271,24.481829],[54.42026,24.481911]]]}},{"type":"Feature","properties":{},"geometry":{"type":"Polygon","coordinates":[[[54.418725,24.481976],[54.418723,24.481954],[54.418573,24.481898],[54.418529,24.481901],[54.41853,24.481923],[54.41868,24.481978],[54.418725,24.481976]]]}},{"type":"Feature","properties":{},"geometry":{"type":"Polygon","coordinates":[[[54.420353,24.482089],[54.420594,24.482165],[54.420618,24.482075],[54.420378,24.481999],[54.420353,24.482089]]]}},{"type":"Feature","properties":{},"geometry":{"type":"Polygon","coordinates":[[[54.418494,24.482084],[54.418475,24.482211],[54.418625,24.482266],[54.418948,24.482307],[54.418967,24.48218],[54.418817,24.482124],[54.418494,24.482084]]]}},{"type":"Feature","properties":{},"geometry":{"type":"Polygon","coordinates":[[[54.417475,24.487824],[54.417474,24.487778],[54.417324,24.487723],[54.417238,24.487724],[54.417239,24.487769],[54.417389,24.487825],[54.417475,24.487824]]]}},{"type":"Feature","properties":{},"geometry":{"type":"Polygon","coordinates":[[[54.419845,24.489374],[54.419844,24.48932],[54.419694,24.489265],[54.419591,24.489266],[54.419591,24.489278],[54.41954,24.489259],[54.419482,24.489262],[54.419483,24.489284],[54.419432,24.489265],[54.41933,24.489268],[54.419331,24.489307],[54.419481,24.489362],[54.419583,24.489359],[54.419582,24.489339],[54.419634,24.489358],[54.419845,24.489374]]]}},{"type":"Feature","properties":{},"geometry":{"type":"Polygon","coordinates":[[[54.418987,24.489305],[54.418994,24.489429],[54.419144,24.489484],[54.419233,24.489481],[54.419227,24.489356],[54.419077,24.489301],[54.418987,24.489305]]]}},{"type":"Feature","properties":{},"geometry":{"type":"Polygon","coordinates":[[[54.419557,24.489378],[54.419554,24.489481],[54.419704,24.489536],[54.419808,24.489539],[54.419811,24.489436],[54.419661,24.489381],[54.419557,24.489378]]]}},{"type":"Feature","properties":{},"geometry":{"type":"Polygon","coordinates":[[[54.419157,24.48954],[54.419166,24.489612],[54.419316,24.489667],[54.419343,24.489664],[54.419333,24.489592],[54.419183,24.489537],[54.419157,24.48954]]]}},{"type":"Feature","properties":{},"geometry":{"type":"Polygon","coordinates":[[[54.419835,24.489874],[54.419834,24.489829],[54.419684,24.489774],[54.419563,24.489776],[54.419564,24.489821],[54.419714,24.489877],[54.419835,24.489874]]]}},{"type":"Feature","properties":{},"geometry":{"type":"Polygon","coordinates":[[[54.419387,24.490301],[54.419314,24.490275],[54.419239,24.490277],[54.41924,24.490311],[54.41939,24.490366],[54.419465,24.490364],[54.419464,24.490333],[54.419537,24.49036],[54.419588,24.490358],[54.419585,24.4903],[54.419729,24.490353],[54.419812,24.490348],[54.419809,24.490227],[54.419659,24.490172],[54.419611,24.490173],[54.419613,24.490255],[54.419583,24.490256],[54.419582,24.490237],[54.419432,24.490181],[54.419381,24.490183],[54.419387,24.490301]]]}},{"type":"Feature","properties":{},"geometry":{"type":"Polygon","coordinates":[[[54.417015,24.501978],[54.417,24.501931],[54.41685,24.501875],[54.416805,24.501887],[54.41682,24.501934],[54.41697,24.50199],[54.417015,24.501978]]]}},{"type":"Feature","properties":{},"geometry":{"type":"Polygon","coordinates":[[[54.417163,24.501757],[54.41722,24.501818],[54.417181,24.501902],[54.417059,24.501949],[54.417254,24.502089],[54.417754,24.502274],[54.41797,24.502069],[54.41774,24.501869],[54.41724,24.501685],[54.417163,24.501757]]]}},{"type":"Feature","properties":{},"geometry":{"type":"Polygon","coordinates":[[[54.416908,24.50202],[54.416907,24.501971],[54.416757,24.501916],[54.416682,24.501917],[54.416682,24.50193],[54.416572,24.501928],[54.416574,24.501975],[54.416724,24.50203],[54.416908,24.50202]]]}},{"type":"Feature","properties":{},"geometry":{"type":"Polygon","coordinates":[[[54.417769,24.502415],[54.41774,24.502378],[54.41759,24.502323],[54.417548,24.502351],[54.417577,24.502387],[54.417727,24.502443],[54.417769,24.502415]]]}},{"type":"Feature","properties":{},"geometry":{"type":"Polygon","coordinates":[[[54.418218,24.502471],[54.418368,24.502527],[54.41857,24.502448],[54.418526,24.502355],[54.418376,24.5023],[54.418174,24.502378],[54.418218,24.502471]]]}},{"type":"Feature","properties":{},"geometry":{"type":"Polygon","coordinates":[[[54.417908,24.502514],[54.418058,24.50257],[54.418082,24.502544],[54.418035,24.502508],[54.417885,24.502453],[54.417861,24.502478],[54.417908,24.502514]]]}},{"type":"Feature","properties":{},"geometry":{"type":"Polygon","coordinates":[[[54.417421,24.502442],[54.417421,24.502556],[54.417571,24.502612],[54.41765,24.502617],[54.417654,24.502497],[54.417504,24.502442],[54.417421,24.502442]]]}},{"type":"Feature","properties":{},"geometry":{"type":"Polygon","coordinates":[[[54.417451,24.502813],[54.417499,24.502831],[54.417558,24.502826],[54.417552,24.502766],[54.417402,24.50271],[54.417344,24.502715],[54.417345,24.502729],[54.417299,24.502712],[54.417089,24.50272],[54.41706,24.502709],[54.417146,24.502707],[54.417145,24.502683],[54.416995,24.502628],[54.416892,24.50263],[54.416893,24.502654],[54.417034,24.502706],[54.416945,24.502702],[54.416942,24.502762],[54.41721,24.502849],[54.417452,24.50284],[54.417451,24.502813]]]}},{"type":"Feature","properties":{},"geometry":{"type":"Polygon","coordinates":[[[54.417673,24.503273],[54.417755,24.503284],[54.417754,24.503223],[54.417523,24.503139],[54.417524,24.503115],[54.417374,24.50306],[54.417267,24.503056],[54.417265,24.503098],[54.417415,24.503154],[54.417464,24.503155],[54.417461,24.503227],[54.417611,24.503282],[54.417673,24.503284],[54.417673,24.503273]]]}},{"type":"Feature","properties":{},"geometry":{"type":"Polygon","coordinates":[[[54.417657,24.503786],[54.41784,24.503842],[54.417848,24.503625],[54.417664,24.503569],[54.417657,24.503786]]]}}]}