{"type":"FeatureCollection","features":[{"type":"Feature","properties":{},"geometry":{"type":"Polygon","coordinates":[[[54.378846,24.48003],[54.378831,24.479933],[54.378693,24.479808],[54.378523,24.479963],[54.378532,24.480024],[54.378493,24.479989],[54.378309,24.480157],[54.378324,24.480253],[54.378465,24.480382],[54.37865,24.480214],[54.37864,24.480152],[54.378676,24.480185],[54.378846,24.48003]]]}},{"type":"Feature","properties":{},"geometry":{"type":"Polygon","coordinates":[[[54.37808,24.48035],[54.377897,24.48052],[54.377906,24.480575],[54.37789,24.48056],[54.377721,24.480713],[54.377736,24.48081],[54.377856,24.480919],[54.378025,24.480766],[54.378016,24.480708],[54.378052,24.48074],[54.378235,24.48057],[54.37822,24.480473],[54.37808,24.48035]]]}},{"type":"Feature","properties":{},"geometry":{"type":"Polygon","coordinates":[[[54.37945,24.480531],[54.379208,24.480817],[54.379234,24.480989],[54.379362,24.481079],[54.379462,24.480961],[54.379472,24.481028],[54.379556,24.481087],[54.37958,24.48124],[54.379814,24.481416],[54.379984,24.481229],[54.379958,24.481057],[54.379764,24.480912],[54.379858,24.480801],[54.379832,24.480629],[54.379687,24.480528],[54.379566,24.48067],[54.379555,24.480604],[54.37945,24.480531]]]}},{"type":"Feature","properties":{},"geometry":{"type":"Polygon","coordinates":[[[54.378863,24.481163],[54.378871,24.481215],[54.37906,24.481344],[54.379151,24.481234],[54.379143,24.481182],[54.378954,24.481053],[54.378863,24.481163]]]}},{"type":"Feature","properties":{},"geometry":{"type":"Polygon","coordinates":[[[54.378904,24.481261],[54.378821,24.481205],[54.378597,24.481479],[54.378605,24.48153],[54.378687,24.481586],[54.378768,24.481488],[54.378775,24.481535],[54.378976,24.481679],[54.379099,24.481537],[54.379091,24.481485],[54.37889,24.481342],[54.378849,24.481389],[54.378912,24.481312],[54.378904,24.481261]]]}},{"type":"Feature","properties":{},"geometry":{"type":"Polygon","coordinates":[[[54.378484,24.481827],[54.378657,24.481616],[54.378649,24.481564],[54.378567,24.481508],[54.378342,24.481782],[54.37835,24.481834],[54.378417,24.481879],[54.37834,24.481973],[54.378349,24.482034],[54.37834,24.482028],[54.378235,24.482156],[54.378243,24.482207],[54.378465,24.482358],[54.378533,24.482274],[54.378656,24.482358],[54.378693,24.482314],[54.378679,24.482259],[54.378756,24.482165],[54.378748,24.482115],[54.378796,24.482147],[54.379021,24.481873],[54.379013,24.481824],[54.379049,24.481848],[54.379274,24.481574],[54.379266,24.481523],[54.379183,24.481467],[54.378958,24.481741],[54.378966,24.48179],[54.37893,24.481766],[54.378732,24.482008],[54.378729,24.481993],[54.378484,24.481827]]]}},{"type":"Feature","properties":{},"geometry":{"type":"Polygon","coordinates":[[[54.37798,24.482348],[54.377608,24.482798],[54.377648,24.483056],[54.377919,24.483242],[54.378291,24.482791],[54.378251,24.482533],[54.37798,24.482348]]]}},{"type":"Feature","properties":{},"geometry":{"type":"Polygon","coordinates":[[[54.378562,24.483217],[54.37857,24.483269],[54.378846,24.483464],[54.378938,24.483356],[54.37893,24.483304],[54.378654,24.483109],[54.378562,24.483217]]]}},{"type":"Feature","properties":{},"geometry":{"type":"Polygon","coordinates":[[[54.379038,24.483604],[54.379046,24.483655],[54.379159,24.483678],[54.379188,24.483563],[54.37918,24.483511],[54.379067,24.483488],[54.379038,24.483604]]]}},{"type":"Feature","properties":{},"geometry":{"type":"Polygon","coordinates":[[[54.3793,24.483794],[54.379293,24.483749],[54.379357,24.483804],[54.379444,24.483721],[54.379436,24.48367],[54.379371,24.483614],[54.379284,24.483697],[54.379291,24.483743],[54.379252,24.483725],[54.379192,24.483834],[54.3792,24.483885],[54.379239,24.483903],[54.3793,24.483794]]]}},{"type":"Feature","properties":{},"geometry":{"type":"Polygon","coordinates":[[[54.378086,24.483642],[54.378149,24.484117],[54.378463,24.484328],[54.378547,24.484216],[54.378507,24.483958],[54.378376,24.483867],[54.378583,24.484002],[54.378661,24.483917],[54.378674,24.483927],[54.378818,24.483761],[54.37881,24.483709],[54.378765,24.483677],[54.378653,24.483806],[54.378629,24.48365],[54.37834,24.48345],[54.378295,24.483509],[54.378225,24.48347],[54.378086,24.483642]]]}},{"type":"Feature","properties":{},"geometry":{"type":"Polygon","coordinates":[[[54.379088,24.483792],[54.379023,24.48375],[54.378936,24.483735],[54.378904,24.483748],[54.378871,24.483726],[54.378585,24.484049],[54.378625,24.484307],[54.378646,24.484328],[54.378675,24.48442],[54.37871,24.484458],[54.378763,24.484483],[54.378806,24.484484],[54.378839,24.484456],[54.378902,24.484505],[54.379187,24.484169],[54.379146,24.483911],[54.379111,24.483892],[54.379088,24.483792]]]}},{"type":"Feature","properties":{},"geometry":{"type":"Polygon","coordinates":[[[54.379465,24.483997],[54.379377,24.483937],[54.379162,24.484199],[54.37917,24.484251],[54.379255,24.484308],[54.379325,24.484222],[54.379308,24.484164],[54.379317,24.484153],[54.379362,24.484183],[54.379473,24.484048],[54.379465,24.483997]]]}},{"type":"Feature","properties":{},"geometry":{"type":"Polygon","coordinates":[[[54.37864,24.484888],[54.378662,24.484861],[54.37867,24.484912],[54.378857,24.485039],[54.378879,24.485012],[54.378886,24.485055],[54.379077,24.485193],[54.379094,24.485173],[54.379099,24.485206],[54.379288,24.485341],[54.379308,24.485317],[54.379321,24.485396],[54.379496,24.485519],[54.379598,24.485398],[54.379585,24.485315],[54.37941,24.485193],[54.379396,24.48521],[54.379388,24.485161],[54.3792,24.485025],[54.379191,24.485035],[54.379186,24.485003],[54.378995,24.484865],[54.378965,24.484899],[54.378957,24.484851],[54.37877,24.484724],[54.378749,24.48475],[54.378742,24.484704],[54.378563,24.484576],[54.378545,24.484598],[54.378538,24.484554],[54.378354,24.484422],[54.378339,24.484439],[54.378333,24.484405],[54.37815,24.484275],[54.378125,24.484303],[54.378118,24.484257],[54.377927,24.484123],[54.377814,24.484257],[54.377823,24.484312],[54.378014,24.484446],[54.378036,24.484421],[54.378042,24.484465],[54.378226,24.484595],[54.378243,24.484576],[54.378248,24.484609],[54.378432,24.484741],[54.378454,24.484715],[54.378461,24.48476],[54.37864,24.484888]]]}},{"type":"Feature","properties":{},"geometry":{"type":"Polygon","coordinates":[[[54.379112,24.484557],[54.37912,24.484608],[54.379401,24.484802],[54.379477,24.484709],[54.379469,24.484658],[54.379188,24.484464],[54.379112,24.484557]]]}},{"type":"Feature","properties":{},"geometry":{"type":"Polygon","coordinates":[[[54.379278,24.486295],[54.37927,24.486243],[54.379211,24.486209],[54.379184,24.486248],[54.379192,24.486299],[54.379252,24.486334],[54.379278,24.486295]]]}},{"type":"Feature","properties":{},"geometry":{"type":"Polygon","coordinates":[[[54.378221,24.487191],[54.378581,24.486739],[54.37864,24.486777],[54.378769,24.486611],[54.378803,24.486628],[54.378825,24.486593],[54.378818,24.486549],[54.37886,24.486495],[54.37885,24.48643],[54.378876,24.486398],[54.378835,24.48614],[54.378537,24.485947],[54.377906,24.486755],[54.377946,24.487013],[54.378221,24.487191]]]}},{"type":"Feature","properties":{},"geometry":{"type":"Polygon","coordinates":[[[54.377437,24.487134],[54.377454,24.487244],[54.37754,24.487307],[54.377609,24.487228],[54.377695,24.487291],[54.377662,24.487329],[54.377687,24.487533],[54.377858,24.487657],[54.377874,24.487755],[54.37795,24.487811],[54.377511,24.488312],[54.377516,24.488345],[54.377301,24.488195],[54.377244,24.488263],[54.377271,24.488435],[54.37807,24.488991],[54.378126,24.488917],[54.378326,24.489058],[54.378374,24.489002],[54.378366,24.48895],[54.378164,24.488808],[54.378118,24.488863],[54.3781,24.488752],[54.377936,24.488637],[54.37881,24.487639],[54.379129,24.487871],[54.379116,24.487885],[54.379124,24.487937],[54.379225,24.488014],[54.379262,24.487974],[54.379245,24.487915],[54.379347,24.487799],[54.37934,24.487751],[54.37949,24.48758],[54.379473,24.48747],[54.379086,24.48719],[54.379061,24.487219],[54.378957,24.487143],[54.379007,24.487086],[54.37899,24.486976],[54.378791,24.486831],[54.378406,24.487271],[54.378264,24.487168],[54.37819,24.487252],[54.378178,24.487176],[54.378058,24.487089],[54.378,24.487155],[54.377885,24.487071],[54.377786,24.487185],[54.377699,24.487122],[54.377729,24.487089],[54.377712,24.486979],[54.377627,24.486917],[54.377437,24.487134]],[[54.377784,24.4885],[54.377789,24.488535],[54.377767,24.48852],[54.377784,24.4885]]]}},{"type":"Feature","properties":{},"geometry":{"type":"Polygon","coordinates":[[[54.37921,24.488235],[54.379183,24.488063],[54.378962,24.487917],[54.378836,24.488075],[54.378862,24.488247],[54.379083,24.488393],[54.37921,24.488235]]]}},{"type":"Feature","properties":{},"geometry":{"type":"Polygon","coordinates":[[[54.379075,24.48969],[54.379025,24.489745],[54.379033,24.489797],[54.379063,24.489819],[54.379113,24.489764],[54.379105,24.489712],[54.379075,24.48969]]]}},{"type":"Feature","properties":{},"geometry":{"type":"Polygon","coordinates":[[[54.378899,24.489859],[54.378907,24.489911],[54.378938,24.489933],[54.378978,24.489887],[54.37897,24.489835],[54.378939,24.489813],[54.378899,24.489859]]]}},{"type":"Feature","properties":{},"geometry":{"type":"Polygon","coordinates":[[[54.378467,24.490759],[54.37848,24.490843],[54.378416,24.490798],[54.378267,24.490974],[54.378286,24.491099],[54.378201,24.491039],[54.378055,24.49121],[54.378094,24.49146],[54.377954,24.49136],[54.37777,24.491574],[54.377815,24.491862],[54.378053,24.492032],[54.378237,24.491818],[54.378198,24.491567],[54.378235,24.491594],[54.37838,24.491423],[54.378357,24.491271],[54.378448,24.491334],[54.378597,24.491158],[54.378566,24.490961],[54.378647,24.491016],[54.378768,24.490866],[54.378831,24.49091],[54.378986,24.490727],[54.378956,24.490532],[54.379094,24.490627],[54.379255,24.490432],[54.379211,24.490143],[54.379065,24.490043],[54.378904,24.490239],[54.378936,24.490447],[54.378811,24.490359],[54.378656,24.490542],[54.378663,24.490585],[54.378627,24.490562],[54.378467,24.490759]]]}},{"type":"Feature","properties":{},"geometry":{"type":"Polygon","coordinates":[[[54.378833,24.49123],[54.378677,24.491413],[54.378702,24.491578],[54.378822,24.491663],[54.378979,24.49148],[54.378964,24.491385],[54.379003,24.491413],[54.379047,24.491362],[54.379102,24.4914],[54.379155,24.491336],[54.379147,24.491285],[54.379127,24.491271],[54.379152,24.491242],[54.379146,24.491201],[54.379173,24.49122],[54.379329,24.491037],[54.379368,24.491065],[54.37954,24.490869],[54.379517,24.490718],[54.379368,24.490611],[54.379197,24.490806],[54.379201,24.490836],[54.379183,24.490823],[54.379026,24.491007],[54.379032,24.491046],[54.379008,24.491028],[54.378859,24.491198],[54.378867,24.491254],[54.378833,24.49123]]]}},{"type":"Feature","properties":{},"geometry":{"type":"Polygon","coordinates":[[[54.379535,24.491513],[54.379528,24.491469],[54.379551,24.491486],[54.379702,24.491314],[54.379699,24.491296],[54.379716,24.491308],[54.379867,24.491137],[54.379847,24.491013],[54.37973,24.490928],[54.37958,24.491099],[54.379585,24.491132],[54.379567,24.491119],[54.379417,24.49129],[54.379424,24.491337],[54.379397,24.491317],[54.37925,24.49149],[54.379254,24.491521],[54.379229,24.491503],[54.379071,24.491684],[54.379096,24.491849],[54.37924,24.491953],[54.379398,24.491772],[54.379385,24.491684],[54.379535,24.491513]]]}},{"type":"Feature","properties":{},"geometry":{"type":"Polygon","coordinates":[[[54.37842,24.491702],[54.378443,24.491853],[54.378701,24.492026],[54.378741,24.491977],[54.378746,24.492009],[54.378931,24.492139],[54.379018,24.492036],[54.379001,24.491926],[54.378816,24.491796],[54.378804,24.49181],[54.378792,24.491733],[54.378534,24.49156],[54.37842,24.491702]]]}},{"type":"Feature","properties":{},"geometry":{"type":"Polygon","coordinates":[[[54.377756,24.492644],[54.377781,24.492809],[54.378032,24.492994],[54.378147,24.492866],[54.378121,24.492701],[54.377871,24.492515],[54.377756,24.492644]]]}},{"type":"Feature","properties":{},"geometry":{"type":"Polygon","coordinates":[[[54.378818,24.493871],[54.379036,24.494018],[54.379088,24.493957],[54.379105,24.494062],[54.379323,24.494216],[54.379375,24.494156],[54.379391,24.494264],[54.379601,24.494415],[54.379629,24.494383],[54.379651,24.494528],[54.379771,24.494615],[54.379653,24.494751],[54.379713,24.495138],[54.379735,24.495154],[54.379623,24.495283],[54.379642,24.495403],[54.379556,24.495346],[54.379395,24.495548],[54.379404,24.495607],[54.379369,24.495584],[54.379234,24.495743],[54.37928,24.496039],[54.37915,24.49595],[54.379068,24.49605],[54.379047,24.495915],[54.378842,24.495769],[54.378707,24.495926],[54.378764,24.496293],[54.378744,24.496279],[54.378678,24.496359],[54.378617,24.495967],[54.378401,24.495821],[54.37824,24.496019],[54.3782,24.495761],[54.378321,24.495843],[54.378465,24.495665],[54.378459,24.495626],[54.378518,24.495668],[54.378681,24.49548],[54.378666,24.49538],[54.37873,24.495425],[54.378893,24.495235],[54.378884,24.495176],[54.378914,24.495197],[54.379085,24.494998],[54.379029,24.494632],[54.378992,24.494606],[54.379026,24.494566],[54.379039,24.494647],[54.37927,24.494793],[54.379418,24.494597],[54.379365,24.494253],[54.379134,24.494108],[54.379096,24.494158],[54.379085,24.494091],[54.378863,24.493933],[54.378687,24.494138],[54.378709,24.494279],[54.378606,24.494205],[54.378533,24.494291],[54.378521,24.494211],[54.378311,24.49406],[54.378242,24.49414],[54.378219,24.493992],[54.378006,24.493843],[54.377803,24.494084],[54.377857,24.494428],[54.37795,24.494493],[54.377925,24.494521],[54.377968,24.494796],[54.37816,24.494935],[54.3782,24.49489],[54.378212,24.494971],[54.378405,24.495111],[54.378515,24.494984],[54.378473,24.494709],[54.37828,24.49457],[54.378241,24.494615],[54.378228,24.494534],[54.378152,24.494478],[54.378232,24.494383],[54.378248,24.494487],[54.378458,24.494638],[54.37853,24.494555],[54.378552,24.4947],[54.37866,24.494777],[54.378678,24.494892],[54.378544,24.495048],[54.378559,24.495148],[54.378501,24.495106],[54.378338,24.495295],[54.378353,24.495393],[54.378302,24.495359],[54.378159,24.495537],[54.378177,24.495655],[54.377965,24.495507],[54.377707,24.495812],[54.377778,24.496263],[54.377996,24.496416],[54.378204,24.496171],[54.378256,24.49651],[54.378472,24.496656],[54.378633,24.496459],[54.378694,24.496851],[54.378962,24.497033],[54.379074,24.496894],[54.379011,24.496491],[54.379103,24.496383],[54.37921,24.496455],[54.379114,24.496569],[54.379181,24.496999],[54.379392,24.497146],[54.37954,24.496971],[54.379547,24.497018],[54.379692,24.497123],[54.379887,24.4969],[54.379838,24.496584],[54.379921,24.496483],[54.38002,24.49655],[54.380204,24.496327],[54.380191,24.496245],[54.380204,24.496253],[54.380401,24.49601],[54.380456,24.496049],[54.380652,24.495817],[54.380623,24.495626],[54.380667,24.49565],[54.380682,24.495747],[54.380812,24.495839],[54.380998,24.495619],[54.380931,24.495189],[54.380817,24.495109],[54.380807,24.495047],[54.380858,24.494988],[54.380794,24.49458],[54.380561,24.494411],[54.380503,24.494478],[54.380487,24.494377],[54.380234,24.494196],[54.380117,24.49433],[54.380171,24.494674],[54.380424,24.494855],[54.380483,24.494788],[54.380508,24.494946],[54.380393,24.495082],[54.380426,24.495299],[54.380242,24.495516],[54.380257,24.495607],[54.380222,24.495584],[54.380024,24.495823],[54.380027,24.495841],[54.379998,24.495821],[54.379814,24.496045],[54.379824,24.496105],[54.379782,24.496076],[54.379598,24.496299],[54.379625,24.496473],[54.379515,24.496599],[54.379501,24.496507],[54.379357,24.496407],[54.379442,24.496303],[54.37943,24.496226],[54.379568,24.496062],[54.379562,24.496025],[54.379605,24.496053],[54.379766,24.495851],[54.379738,24.495671],[54.379818,24.495728],[54.37998,24.49554],[54.379939,24.495273],[54.379949,24.495261],[54.379962,24.495343],[54.380227,24.495528],[54.380353,24.495378],[54.380335,24.495267],[54.380356,24.495281],[54.380397,24.49523],[54.380389,24.495178],[54.380344,24.495148],[54.380321,24.495176],[54.380296,24.495013],[54.380064,24.494849],[54.380085,24.494824],[54.380077,24.494773],[54.379897,24.494632],[54.380032,24.494478],[54.380006,24.494312],[54.3798,24.494163],[54.379769,24.494199],[54.379712,24.493834],[54.378641,24.493079],[54.378466,24.493278],[54.378517,24.493606],[54.378395,24.493583],[54.378463,24.493506],[54.378455,24.493454],[54.378396,24.493411],[54.37835,24.493114],[54.378141,24.492959],[54.377956,24.493166],[54.378022,24.493596],[54.378231,24.493751],[54.378254,24.493725],[54.378276,24.49374],[54.378326,24.493681],[54.378321,24.493651],[54.378378,24.493603],[54.378337,24.493856],[54.37859,24.493893],[54.378619,24.493732],[54.378734,24.493816],[54.378798,24.493743],[54.378818,24.493871]]]}},{"type":"Feature","properties":{},"geometry":{"type":"Polygon","coordinates":[[[54.378141,24.493775],[54.378149,24.493827],[54.37821,24.493848],[54.378224,24.493812],[54.378216,24.493761],[54.378155,24.49374],[54.378141,24.493775]]]}},{"type":"Feature","properties":{},"geometry":{"type":"Polygon","coordinates":[[[54.379542,24.495109],[54.37951,24.494903],[54.379368,24.494802],[54.379206,24.494991],[54.379215,24.495047],[54.379182,24.495024],[54.379025,24.495215],[54.379048,24.495367],[54.379195,24.495467],[54.379351,24.495277],[54.37938,24.495298],[54.379542,24.495109]]]}},{"type":"Feature","properties":{},"geometry":{"type":"Polygon","coordinates":[[[54.377732,24.495222],[54.377755,24.495373],[54.377947,24.495508],[54.378053,24.495383],[54.378029,24.495232],[54.377838,24.495097],[54.377732,24.495222]]]}},{"type":"Feature","properties":{},"geometry":{"type":"Polygon","coordinates":[[[54.378156,24.496946],[54.378049,24.497065],[54.378079,24.497258],[54.378343,24.497453],[54.37845,24.497333],[54.37842,24.497141],[54.378156,24.496946]]]}},{"type":"Feature","properties":{},"geometry":{"type":"Polygon","coordinates":[[[54.377988,24.498315],[54.377939,24.498278],[54.377764,24.498474],[54.377806,24.498749],[54.377941,24.498848],[54.3781,24.498643],[54.378073,24.498469],[54.378124,24.498505],[54.378291,24.498279],[54.378281,24.498215],[54.378431,24.498046],[54.3784,24.497845],[54.378568,24.497969],[54.378844,24.497658],[54.3788,24.49737],[54.3786,24.497223],[54.378324,24.497533],[54.378357,24.497747],[54.378289,24.497697],[54.3783,24.497685],[54.378274,24.49752],[54.378023,24.497334],[54.377916,24.497454],[54.377942,24.497619],[54.378176,24.497791],[54.378077,24.497902],[54.378107,24.498097],[54.377977,24.498244],[54.377988,24.498315]]]}},{"type":"Feature","properties":{},"geometry":{"type":"Polygon","coordinates":[[[54.378874,24.498541],[54.378882,24.498593],[54.379065,24.49871],[54.379139,24.498614],[54.379131,24.498562],[54.378948,24.498445],[54.378874,24.498541]]]}},{"type":"Feature","properties":{},"geometry":{"type":"Polygon","coordinates":[[[54.378678,24.498656],[54.378705,24.498754],[54.378775,24.498731],[54.378748,24.498633],[54.378678,24.498656]]]}},{"type":"Feature","properties":{},"geometry":{"type":"Polygon","coordinates":[[[54.378741,24.498751],[54.378627,24.498872],[54.378635,24.498924],[54.378736,24.499001],[54.378849,24.498879],[54.378841,24.498827],[54.378741,24.498751]]]}},{"type":"Feature","properties":{},"geometry":{"type":"Polygon","coordinates":[[[54.378603,24.499128],[54.378643,24.499088],[54.378635,24.499036],[54.378544,24.498962],[54.378463,24.499043],[54.378471,24.499095],[54.378534,24.499146],[54.378574,24.499105],[54.378603,24.499128]]]}},{"type":"Feature","properties":{},"geometry":{"type":"Polygon","coordinates":[[[54.377828,24.502314],[54.377848,24.502447],[54.377752,24.502561],[54.377803,24.502888],[54.378005,24.50303],[54.37811,24.502907],[54.378083,24.502738],[54.378237,24.502578],[54.378186,24.502251],[54.378057,24.502148],[54.378076,24.502128],[54.378043,24.501917],[54.378233,24.501715],[54.378174,24.501332],[54.377961,24.501167],[54.377761,24.501379],[54.377821,24.501761],[54.377854,24.501787],[54.377689,24.501955],[54.377729,24.502213],[54.377839,24.502302],[54.377828,24.502314]]]}},{"type":"Feature","properties":{},"geometry":{"type":"Polygon","coordinates":[[[54.378755,24.50842],[54.378766,24.508575],[54.378875,24.508573],[54.378864,24.508417],[54.378755,24.50842]]]}},{"type":"Feature","properties":{},"geometry":{"type":"Polygon","coordinates":[[[54.378529,24.50857],[54.378538,24.508731],[54.378611,24.50873],[54.378601,24.508569],[54.378529,24.50857]]]}},{"type":"Feature","properties":{},"geometry":{"type":"Polygon","coordinates":[[[54.378833,24.51049],[54.379062,24.510364],[54.379035,24.510192],[54.378775,24.509801],[54.378747,24.509817],[54.378717,24.509628],[54.378591,24.509439],[54.377802,24.509708],[54.377842,24.509966],[54.378043,24.510278],[54.378133,24.510229],[54.378142,24.510284],[54.378394,24.51066],[54.378554,24.510571],[54.378551,24.510554],[54.378563,24.510573],[54.378781,24.510456],[54.378771,24.510398],[54.378833,24.51049]],[[54.378403,24.510215],[54.378337,24.510117],[54.378557,24.509996],[54.378572,24.510096],[54.378399,24.510189],[54.378403,24.510215]]]}},{"type":"Feature","properties":{},"geometry":{"type":"Polygon","coordinates":[[[54.380104,24.480113],[54.380026,24.480057],[54.379795,24.480325],[54.379803,24.480376],[54.379882,24.480432],[54.379912,24.480397],[54.379919,24.480445],[54.380077,24.480554],[54.380183,24.480426],[54.380204,24.48044],[54.380002,24.480674],[54.38001,24.480726],[54.380082,24.480778],[54.380323,24.480499],[54.380315,24.480447],[54.380292,24.480431],[54.380302,24.480419],[54.380359,24.48046],[54.380598,24.480184],[54.38059,24.480132],[54.380515,24.480078],[54.380587,24.479998],[54.380579,24.479946],[54.380394,24.479808],[54.380299,24.479913],[54.380307,24.479965],[54.38049,24.480101],[54.380425,24.480176],[54.380411,24.480083],[54.380249,24.479972],[54.380109,24.480141],[54.380104,24.480113]],[[54.38007,24.480214],[54.38007,24.48022],[54.380067,24.480217],[54.38007,24.480214]]]}},{"type":"Feature","properties":{},"geometry":{"type":"Polygon","coordinates":[[[54.379668,24.480419],[54.379676,24.480471],[54.379949,24.480676],[54.380007,24.480613],[54.379999,24.480561],[54.379726,24.480356],[54.379668,24.480419]]]}},{"type":"Feature","properties":{},"geometry":{"type":"Polygon","coordinates":[[[54.380447,24.481001],[54.380281,24.481198],[54.380289,24.481249],[54.38045,24.481361],[54.380473,24.481334],[54.380479,24.481371],[54.38064,24.481483],[54.380806,24.481287],[54.380798,24.481235],[54.380637,24.481123],[54.380614,24.481151],[54.380608,24.481113],[54.380534,24.481062],[54.38054,24.481039],[54.380665,24.481126],[54.380831,24.48093],[54.380823,24.480878],[54.380663,24.480766],[54.380497,24.480962],[54.380499,24.480977],[54.380486,24.480968],[54.380459,24.481009],[54.380447,24.481001]]]}},{"type":"Feature","properties":{},"geometry":{"type":"Polygon","coordinates":[[[54.380977,24.482222],[54.380988,24.482208],[54.380992,24.482233],[54.381235,24.482407],[54.381243,24.482398],[54.381246,24.482416],[54.381489,24.48259],[54.381665,24.482387],[54.381657,24.482337],[54.381699,24.482368],[54.381824,24.482229],[54.381814,24.482171],[54.381836,24.482187],[54.38196,24.482048],[54.381933,24.481876],[54.381693,24.481698],[54.381568,24.481837],[54.381577,24.481895],[54.381556,24.48188],[54.381541,24.481897],[54.381538,24.481875],[54.381297,24.481697],[54.381173,24.481836],[54.381181,24.481886],[54.381142,24.481858],[54.38113,24.481872],[54.381126,24.481847],[54.380883,24.481672],[54.380875,24.481681],[54.380873,24.481663],[54.38063,24.481489],[54.380603,24.48152],[54.380595,24.481469],[54.380435,24.481357],[54.380421,24.481373],[54.380417,24.481344],[54.380256,24.481232],[54.38009,24.481428],[54.380098,24.48148],[54.380259,24.481592],[54.380272,24.481576],[54.380277,24.481605],[54.380437,24.481717],[54.380454,24.481696],[54.380481,24.481864],[54.380723,24.482039],[54.380731,24.482029],[54.380734,24.482047],[54.380977,24.482222]]]}},{"type":"Feature","properties":{},"geometry":{"type":"Polygon","coordinates":[[[54.379725,24.481675],[54.379659,24.481753],[54.379667,24.481805],[54.37977,24.481877],[54.379836,24.481799],[54.379828,24.481747],[54.379725,24.481675]]]}},{"type":"Feature","properties":{},"geometry":{"type":"Polygon","coordinates":[[[54.380165,24.482194],[54.380016,24.482363],[54.380024,24.482415],[54.380074,24.482451],[54.380223,24.482281],[54.380215,24.48223],[54.380165,24.482194]]]}},{"type":"Feature","properties":{},"geometry":{"type":"Polygon","coordinates":[[[54.380303,24.482624],[54.380389,24.482689],[54.380471,24.482599],[54.380463,24.482548],[54.380286,24.482414],[54.380106,24.482613],[54.380114,24.482665],[54.380204,24.482733],[54.380303,24.482624]]]}},{"type":"Feature","properties":{},"geometry":{"type":"Polygon","coordinates":[[[54.380149,24.482909],[54.380119,24.482888],[54.38012,24.482829],[54.380154,24.482788],[54.380146,24.482737],[54.379911,24.482575],[54.379693,24.482837],[54.37972,24.483009],[54.379909,24.48314],[54.379966,24.483071],[54.380029,24.483115],[54.380157,24.482961],[54.380149,24.482909]]]}},{"type":"Feature","properties":{},"geometry":{"type":"Polygon","coordinates":[[[54.38114,24.483342],[54.381167,24.483361],[54.381261,24.483249],[54.381221,24.482991],[54.381104,24.482909],[54.381087,24.48293],[54.380654,24.482628],[54.380568,24.482731],[54.380579,24.482801],[54.38056,24.482824],[54.38057,24.48289],[54.38048,24.482998],[54.380406,24.482946],[54.380394,24.482872],[54.380332,24.482828],[54.380054,24.483157],[54.380094,24.483415],[54.38087,24.483957],[54.381135,24.483642],[54.381096,24.483393],[54.38114,24.483342]],[[54.380552,24.483334],[54.380733,24.483119],[54.380853,24.483202],[54.380672,24.483418],[54.380552,24.483334]]]}},{"type":"Feature","properties":{},"geometry":{"type":"Polygon","coordinates":[[[54.380203,24.483708],[54.380211,24.483759],[54.380596,24.484023],[54.380661,24.483944],[54.380653,24.483893],[54.380273,24.483625],[54.380203,24.483708]]]}},{"type":"Feature","properties":{},"geometry":{"type":"Polygon","coordinates":[[[54.379704,24.484211],[54.379731,24.484383],[54.380202,24.484717],[54.380398,24.484489],[54.380371,24.484317],[54.3799,24.483983],[54.379704,24.484211]],[[54.379943,24.48426],[54.380182,24.484426],[54.380168,24.484443],[54.379929,24.484276],[54.379943,24.48426]]]}},{"type":"Feature","properties":{},"geometry":{"type":"Polygon","coordinates":[[[54.379455,24.484439],[54.379375,24.484536],[54.379383,24.484587],[54.379494,24.484663],[54.379574,24.484566],[54.379566,24.484514],[54.379455,24.484439]]]}},{"type":"Feature","properties":{},"geometry":{"type":"Polygon","coordinates":[[[54.380823,24.484832],[54.380797,24.48466],[54.380701,24.484595],[54.380693,24.484546],[54.380577,24.484469],[54.380553,24.484492],[54.380451,24.484425],[54.380429,24.484457],[54.380484,24.484869],[54.380417,24.484945],[54.380425,24.484996],[54.38056,24.485094],[54.380626,24.485017],[54.380618,24.484966],[54.380505,24.484884],[54.380808,24.484862],[54.380823,24.484832]]]}},{"type":"Feature","properties":{},"geometry":{"type":"Polygon","coordinates":[[[54.380226,24.484818],[54.380234,24.48487],[54.380346,24.484954],[54.380393,24.484904],[54.380385,24.484852],[54.380272,24.484767],[54.380226,24.484818]]]}},{"type":"Feature","properties":{},"geometry":{"type":"Polygon","coordinates":[[[54.380016,24.485069],[54.380034,24.485206],[54.380065,24.485233],[54.380111,24.485217],[54.380115,24.485241],[54.380191,24.485316],[54.380336,24.485423],[54.380533,24.485197],[54.380516,24.485087],[54.380209,24.48486],[54.380016,24.485069]]]}},{"type":"Feature","properties":{},"geometry":{"type":"Polygon","coordinates":[[[54.380393,24.48612],[54.380769,24.486391],[54.380886,24.486261],[54.380877,24.486206],[54.380689,24.486067],[54.380679,24.486079],[54.380496,24.485937],[54.38046,24.485979],[54.380454,24.485938],[54.380275,24.485807],[54.380261,24.485824],[54.380255,24.485783],[54.380077,24.485651],[54.380059,24.485671],[54.380053,24.485633],[54.379864,24.485497],[54.379842,24.485521],[54.379835,24.485477],[54.379655,24.48535],[54.37955,24.485474],[54.379565,24.48557],[54.379745,24.485697],[54.379755,24.485685],[54.379762,24.485727],[54.379951,24.485864],[54.379972,24.485839],[54.380146,24.485969],[54.380182,24.485928],[54.380195,24.486011],[54.380373,24.486142],[54.380393,24.48612]]]}},{"type":"Feature","properties":{},"geometry":{"type":"Polygon","coordinates":[[[54.379534,24.486657],[54.379542,24.486709],[54.379585,24.486731],[54.379622,24.486671],[54.379614,24.486619],[54.379571,24.486597],[54.379534,24.486657]]]}},{"type":"Feature","properties":{},"geometry":{"type":"Polygon","coordinates":[[[54.379524,24.486948],[54.379688,24.487079],[54.379778,24.486985],[54.37977,24.486934],[54.379606,24.486803],[54.379516,24.486896],[54.379524,24.486948]]]}},{"type":"Feature","properties":{},"geometry":{"type":"Polygon","coordinates":[[[54.380027,24.487038],[54.380023,24.487012],[54.380062,24.487032],[54.38009,24.486989],[54.380082,24.486937],[54.379948,24.486866],[54.37993,24.48692],[54.379913,24.486908],[54.379879,24.486946],[54.379887,24.486998],[54.379993,24.487076],[54.380027,24.487038]],[[54.379979,24.486957],[54.379985,24.486948],[54.379999,24.486955],[54.380002,24.486974],[54.379979,24.486957]]]}},{"type":"Feature","properties":{},"geometry":{"type":"Polygon","coordinates":[[[54.379962,24.487115],[54.379954,24.487063],[54.37985,24.486984],[54.379814,24.487023],[54.379818,24.487049],[54.3798,24.487038],[54.379768,24.487079],[54.379776,24.48713],[54.379893,24.487204],[54.379962,24.487115]]]}},{"type":"Feature","properties":{},"geometry":{"type":"Polygon","coordinates":[[[54.379558,24.487239],[54.37955,24.487187],[54.379516,24.487168],[54.379489,24.487206],[54.379497,24.487257],[54.379531,24.487277],[54.379558,24.487239]]]}},{"type":"Feature","properties":{},"geometry":{"type":"Polygon","coordinates":[[[54.380354,24.488883],[54.380503,24.488703],[54.380526,24.488846],[54.380738,24.489001],[54.380763,24.488973],[54.380944,24.4891],[54.380966,24.489073],[54.380969,24.489093],[54.381162,24.489239],[54.381265,24.489126],[54.381248,24.489016],[54.381055,24.48887],[54.38103,24.488898],[54.381024,24.488858],[54.380835,24.488726],[54.380831,24.488701],[54.380624,24.48855],[54.38068,24.488479],[54.380667,24.488397],[54.380835,24.488201],[54.38082,24.488104],[54.380677,24.488008],[54.380515,24.488208],[54.380517,24.488224],[54.380501,24.488213],[54.380344,24.488411],[54.380348,24.488437],[54.380321,24.488419],[54.380166,24.488606],[54.380191,24.488771],[54.380354,24.488883]],[[54.380511,24.488669],[54.380506,24.488674],[54.380505,24.488665],[54.380511,24.488669]]]}},{"type":"Feature","properties":{},"geometry":{"type":"Polygon","coordinates":[[[54.380394,24.489332],[54.380504,24.4892],[54.380481,24.489049],[54.380273,24.488905],[54.380244,24.488939],[54.380241,24.488914],[54.380176,24.48887],[54.380126,24.488931],[54.380134,24.488983],[54.380181,24.489015],[54.380163,24.489036],[54.380187,24.489188],[54.380394,24.489332]]]}},{"type":"Feature","properties":{},"geometry":{"type":"Polygon","coordinates":[[[54.38036,24.489834],[54.380562,24.489983],[54.380683,24.489848],[54.380659,24.489696],[54.380458,24.489547],[54.380419,24.48959],[54.380416,24.489568],[54.380237,24.489437],[54.38022,24.489456],[54.380216,24.489427],[54.38001,24.489282],[54.380025,24.489264],[54.38,24.489099],[54.37985,24.488987],[54.379687,24.489167],[54.379713,24.489332],[54.379863,24.489444],[54.379959,24.489337],[54.379907,24.489399],[54.379922,24.489495],[54.38013,24.489642],[54.380153,24.489614],[54.380157,24.489641],[54.380336,24.489772],[54.380349,24.489758],[54.38036,24.489834]]]}},{"type":"Feature","properties":{},"geometry":{"type":"Polygon","coordinates":[[[54.379688,24.490135],[54.379649,24.489887],[54.379385,24.489702],[54.37918,24.489944],[54.379218,24.490191],[54.379482,24.490377],[54.379688,24.490135]]]}},{"type":"Feature","properties":{},"geometry":{"type":"Polygon","coordinates":[[[54.379847,24.490032],[54.379681,24.490228],[54.379702,24.490365],[54.379819,24.490447],[54.379985,24.490252],[54.379963,24.490114],[54.379847,24.490032]]]}},{"type":"Feature","properties":{},"geometry":{"type":"Polygon","coordinates":[[[54.380084,24.490494],[54.380103,24.490617],[54.380219,24.490699],[54.380385,24.490503],[54.380366,24.490379],[54.38025,24.490298],[54.380084,24.490494]]]}},{"type":"Feature","properties":{},"geometry":{"type":"Polygon","coordinates":[[[54.380184,24.490727],[54.3799,24.49053],[54.379863,24.490575],[54.37985,24.490493],[54.379653,24.490355],[54.37955,24.490476],[54.379569,24.4906],[54.379766,24.490738],[54.379794,24.490706],[54.379815,24.490844],[54.380099,24.49104],[54.380211,24.490905],[54.380184,24.490727]]]}},{"type":"Feature","properties":{},"geometry":{"type":"Polygon","coordinates":[[[54.379529,24.490948],[54.379475,24.491012],[54.379483,24.491064],[54.379538,24.491103],[54.379592,24.491039],[54.379584,24.490987],[54.379529,24.490948]]]}},{"type":"Feature","properties":{},"geometry":{"type":"Polygon","coordinates":[[[54.379811,24.491869],[54.379857,24.491816],[54.379909,24.491854],[54.379985,24.491767],[54.379977,24.491715],[54.379958,24.491701],[54.379978,24.491679],[54.379962,24.491576],[54.380032,24.491627],[54.380108,24.491541],[54.380039,24.491844],[54.380079,24.492102],[54.380272,24.492134],[54.380312,24.492163],[54.380329,24.492144],[54.380371,24.492151],[54.380188,24.492369],[54.380214,24.492541],[54.380359,24.492641],[54.380372,24.492727],[54.380674,24.492936],[54.381087,24.492443],[54.381051,24.492213],[54.381187,24.49205],[54.381183,24.492023],[54.380737,24.491713],[54.380591,24.491888],[54.380532,24.491557],[54.380396,24.491446],[54.380201,24.491426],[54.380179,24.491281],[54.380041,24.491181],[54.379871,24.491376],[54.379886,24.491479],[54.379818,24.491429],[54.379651,24.491618],[54.379675,24.49177],[54.379811,24.491869]]]}},{"type":"Feature","properties":{},"geometry":{"type":"Polygon","coordinates":[[[54.37952,24.492079],[54.379529,24.492134],[54.380037,24.492504],[54.380132,24.492395],[54.380124,24.49234],[54.379615,24.49197],[54.37952,24.492079]]]}},{"type":"Feature","properties":{},"geometry":{"type":"Polygon","coordinates":[[[54.380174,24.493],[54.38018,24.493043],[54.38038,24.493181],[54.380402,24.493154],[54.380418,24.493261],[54.380631,24.493407],[54.380709,24.493313],[54.38072,24.493381],[54.380958,24.493539],[54.380967,24.493602],[54.381153,24.49373],[54.381164,24.493799],[54.381468,24.494009],[54.381483,24.494107],[54.381625,24.494205],[54.381788,24.494009],[54.381769,24.493886],[54.381627,24.493788],[54.381584,24.493839],[54.381563,24.493706],[54.381256,24.493494],[54.381233,24.493521],[54.381228,24.493488],[54.381037,24.493356],[54.381024,24.493371],[54.381019,24.493335],[54.380784,24.493173],[54.380736,24.493231],[54.380719,24.493122],[54.380506,24.492976],[54.380463,24.493027],[54.380451,24.492949],[54.380251,24.492811],[54.380236,24.492829],[54.380229,24.492787],[54.380039,24.492656],[54.380024,24.492674],[54.380019,24.492639],[54.379824,24.492505],[54.379807,24.492525],[54.3798,24.492485],[54.379602,24.492348],[54.37958,24.492374],[54.379573,24.492326],[54.379385,24.492196],[54.379293,24.492306],[54.37931,24.492416],[54.379498,24.492546],[54.379524,24.492515],[54.379532,24.492562],[54.37973,24.492699],[54.37975,24.492675],[54.379761,24.492743],[54.379956,24.492878],[54.37997,24.492861],[54.379973,24.492882],[54.380163,24.493013],[54.380174,24.493]]]}},{"type":"Feature","properties":{},"geometry":{"type":"Polygon","coordinates":[[[54.379501,24.496321],[54.379439,24.496373],[54.379447,24.496425],[54.379486,24.496463],[54.379548,24.496412],[54.37954,24.49636],[54.379501,24.496321]]]}},{"type":"Feature","properties":{},"geometry":{"type":"Polygon","coordinates":[[[54.379415,24.498117],[54.379253,24.498302],[54.37928,24.498474],[54.379515,24.498644],[54.379677,24.49846],[54.37965,24.498288],[54.379415,24.498117]]]}},{"type":"Feature","properties":{},"geometry":{"type":"Polygon","coordinates":[[[54.37908,24.49873],[54.379088,24.498781],[54.379304,24.498924],[54.379413,24.498788],[54.379405,24.498736],[54.37919,24.498593],[54.37908,24.49873]]]}},{"type":"Feature","properties":{},"geometry":{"type":"Polygon","coordinates":[[[54.380269,24.499068],[54.38019,24.499018],[54.380059,24.49919],[54.380013,24.49916],[54.379954,24.499237],[54.379981,24.499409],[54.380006,24.499415],[54.380011,24.49945],[54.38035,24.499665],[54.380392,24.499609],[54.380379,24.499524],[54.380418,24.499549],[54.380513,24.499426],[54.380487,24.499527],[54.380504,24.499634],[54.380716,24.499682],[54.38075,24.499586],[54.380807,24.499601],[54.380862,24.499711],[54.381076,24.499722],[54.381236,24.499608],[54.38122,24.4995],[54.381157,24.499399],[54.3811,24.499414],[54.381084,24.499384],[54.381476,24.499148],[54.381459,24.49904],[54.381214,24.498685],[54.381338,24.498611],[54.381698,24.498753],[54.381711,24.498914],[54.381815,24.499077],[54.381944,24.499024],[54.381895,24.498638],[54.381815,24.498526],[54.381286,24.498381],[54.381084,24.498496],[54.381068,24.498473],[54.380628,24.498745],[54.380645,24.498852],[54.380709,24.498945],[54.38062,24.499002],[54.380519,24.4994],[54.380495,24.499243],[54.380274,24.499103],[54.380269,24.499068]]]}},{"type":"Feature","properties":{},"geometry":{"type":"Polygon","coordinates":[[[54.379307,24.507504],[54.37934,24.507503],[54.379348,24.507599],[54.37941,24.507599],[54.379401,24.507332],[54.379298,24.507332],[54.379307,24.507504]]]}},{"type":"Feature","properties":{},"geometry":{"type":"Polygon","coordinates":[[[54.379521,24.507576],[54.379548,24.507748],[54.379788,24.507745],[54.379784,24.507453],[54.379757,24.507281],[54.379536,24.507284],[54.379537,24.507395],[54.379519,24.507396],[54.379521,24.507576]]]}},{"type":"Feature","properties":{},"geometry":{"type":"Polygon","coordinates":[[[54.379666,24.509281],[54.379693,24.509453],[54.379969,24.509863],[54.380204,24.509735],[54.380178,24.509563],[54.379918,24.509156],[54.379666,24.509281]]]}},{"type":"Feature","properties":{},"geometry":{"type":"Polygon","coordinates":[[[54.379535,24.509383],[54.378895,24.509724],[54.378935,24.509982],[54.379041,24.510148],[54.379092,24.510121],[54.379104,24.5102],[54.379172,24.510304],[54.379819,24.50996],[54.379792,24.509788],[54.379725,24.509683],[54.379667,24.509713],[54.379641,24.509548],[54.379535,24.509383]]]}},{"type":"Feature","properties":{},"geometry":{"type":"Polygon","coordinates":[[[54.380028,24.511878],[54.379543,24.512354],[54.379547,24.512381],[54.379657,24.512467],[54.380145,24.511996],[54.380141,24.511968],[54.380028,24.511878]]]}},{"type":"Feature","properties":{},"geometry":{"type":"Polygon","coordinates":[[[54.381345,24.480447],[54.381525,24.480582],[54.381535,24.48057],[54.381544,24.480624],[54.38194,24.480888],[54.382096,24.480688],[54.382069,24.480516],[54.381778,24.480299],[54.381902,24.480163],[54.381875,24.479991],[54.381696,24.479856],[54.381681,24.479873],[54.381677,24.479845],[54.381497,24.47971],[54.381326,24.479899],[54.381342,24.480003],[54.381285,24.479961],[54.381113,24.48015],[54.38114,24.480322],[54.381319,24.480457],[54.381343,24.480431],[54.381345,24.480447]]]}},{"type":"Feature","properties":{},"geometry":{"type":"Polygon","coordinates":[[[54.380843,24.4805],[54.380677,24.480697],[54.380685,24.480748],[54.380845,24.480861],[54.381011,24.480664],[54.381003,24.480613],[54.380843,24.4805]]]}},{"type":"Feature","properties":{},"geometry":{"type":"Polygon","coordinates":[[[54.381063,24.480649],[54.380897,24.480845],[54.380905,24.480896],[54.381065,24.481009],[54.381231,24.480812],[54.381223,24.480761],[54.381063,24.480649]]]}},{"type":"Feature","properties":{},"geometry":{"type":"Polygon","coordinates":[[[54.382104,24.481872],[54.382292,24.481657],[54.382265,24.481485],[54.382027,24.481316],[54.382016,24.48133],[54.382012,24.481305],[54.381774,24.481136],[54.381768,24.481143],[54.381764,24.48112],[54.381527,24.480951],[54.381507,24.480974],[54.381503,24.480947],[54.381265,24.480779],[54.381079,24.481],[54.381106,24.481172],[54.381341,24.481334],[54.381362,24.481311],[54.381367,24.481344],[54.381603,24.481506],[54.38161,24.481498],[54.381615,24.481529],[54.38185,24.481691],[54.381863,24.481677],[54.381868,24.48171],[54.382104,24.481872]]]}},{"type":"Feature","properties":{},"geometry":{"type":"Polygon","coordinates":[[[54.380862,24.480913],[54.380696,24.481109],[54.380704,24.481161],[54.380864,24.481273],[54.38103,24.481076],[54.381022,24.481025],[54.380862,24.480913]]]}},{"type":"Feature","properties":{},"geometry":{"type":"Polygon","coordinates":[[[54.381127,24.481259],[54.381091,24.481329],[54.381099,24.481381],[54.38119,24.48142],[54.381226,24.48135],[54.381218,24.481298],[54.381127,24.481259]]]}},{"type":"Feature","properties":{},"geometry":{"type":"Polygon","coordinates":[[[54.381728,24.482756],[54.381964,24.482922],[54.38201,24.482868],[54.382022,24.482945],[54.382258,24.483112],[54.382277,24.483089],[54.382283,24.48313],[54.382519,24.483296],[54.382536,24.483278],[54.38254,24.483309],[54.383017,24.483662],[54.383203,24.483443],[54.3832,24.483427],[54.383211,24.483435],[54.383397,24.483216],[54.383389,24.483164],[54.383432,24.483194],[54.383619,24.482976],[54.383592,24.482804],[54.383432,24.482691],[54.383438,24.482683],[54.383624,24.482814],[54.38381,24.482595],[54.383804,24.482554],[54.383568,24.482388],[54.383541,24.482419],[54.383533,24.482368],[54.383298,24.482202],[54.383269,24.482235],[54.38326,24.482179],[54.383087,24.482066],[54.383073,24.48208],[54.383069,24.482052],[54.382901,24.481932],[54.382714,24.482151],[54.382741,24.482323],[54.382898,24.482436],[54.382915,24.482417],[54.382919,24.482442],[54.383032,24.48252],[54.382915,24.482656],[54.382924,24.482711],[54.382889,24.482686],[54.382684,24.482937],[54.382679,24.482906],[54.382443,24.48274],[54.382424,24.482762],[54.382417,24.482721],[54.382234,24.482592],[54.382351,24.482455],[54.382347,24.482435],[54.382358,24.482442],[54.382544,24.482223],[54.382537,24.482177],[54.382573,24.482202],[54.382759,24.481983],[54.382733,24.481811],[54.382497,24.481645],[54.38231,24.481864],[54.382318,24.481911],[54.382282,24.481885],[54.382096,24.482104],[54.382099,24.482124],[54.382088,24.482117],[54.381902,24.482335],[54.381909,24.482381],[54.381887,24.482366],[54.381701,24.482584],[54.381728,24.482756]]]}},{"type":"Feature","properties":{},"geometry":{"type":"Polygon","coordinates":[[[54.381322,24.483118],[54.381391,24.483164],[54.381399,24.483211],[54.381557,24.483317],[54.381542,24.483334],[54.38155,24.483386],[54.381651,24.483455],[54.381611,24.483506],[54.381619,24.483558],[54.381689,24.483604],[54.381732,24.48355],[54.381724,24.483499],[54.381676,24.483467],[54.381753,24.483374],[54.381745,24.483323],[54.381726,24.48331],[54.381725,24.48325],[54.381363,24.483006],[54.381314,24.483066],[54.381322,24.483118]]]}},{"type":"Feature","properties":{},"geometry":{"type":"Polygon","coordinates":[[[54.38175,24.483461],[54.381758,24.483513],[54.382037,24.483676],[54.382052,24.483654],[54.38206,24.483701],[54.382346,24.483918],[54.382399,24.483861],[54.382391,24.483809],[54.382105,24.483592],[54.38207,24.483629],[54.382087,24.483605],[54.382079,24.483554],[54.3818,24.483391],[54.38175,24.483461]]]}},{"type":"Feature","properties":{},"geometry":{"type":"Polygon","coordinates":[[[54.381432,24.484044],[54.381448,24.48415],[54.381426,24.484184],[54.381467,24.484442],[54.381569,24.484508],[54.381591,24.484435],[54.381978,24.484681],[54.38198,24.484695],[54.381936,24.484661],[54.381885,24.484717],[54.381893,24.484768],[54.381972,24.484829],[54.382023,24.484773],[54.382019,24.484748],[54.382096,24.484799],[54.382318,24.484525],[54.382291,24.484353],[54.382252,24.484327],[54.382321,24.484238],[54.382281,24.48398],[54.382157,24.483901],[54.382079,24.484001],[54.38205,24.483814],[54.381717,24.4836],[54.381693,24.48368],[54.381694,24.483761],[54.381676,24.483749],[54.381675,24.48369],[54.381461,24.483517],[54.381457,24.483497],[54.381381,24.483434],[54.381297,24.483519],[54.381305,24.48357],[54.381355,24.483611],[54.381354,24.483672],[54.381562,24.48384],[54.381432,24.484044]]]}},{"type":"Feature","properties":{},"geometry":{"type":"Polygon","coordinates":[[[54.380738,24.483973],[54.380683,24.484044],[54.380691,24.484095],[54.380737,24.484128],[54.380796,24.484058],[54.380788,24.484007],[54.380738,24.483973]]]}},{"type":"Feature","properties":{},"geometry":{"type":"Polygon","coordinates":[[[54.381158,24.48476],[54.380844,24.485136],[54.380871,24.485308],[54.380905,24.485331],[54.38091,24.485367],[54.380996,24.485426],[54.381079,24.485326],[54.381133,24.485396],[54.381202,24.485352],[54.381194,24.4853],[54.381149,24.485242],[54.381326,24.48503],[54.381299,24.484858],[54.381158,24.48476]]]}},{"type":"Feature","properties":{},"geometry":{"type":"Polygon","coordinates":[[[54.381285,24.485993],[54.381128,24.486171],[54.381137,24.486226],[54.381277,24.486328],[54.381433,24.48615],[54.381428,24.48612],[54.381443,24.48613],[54.381595,24.485956],[54.381591,24.485926],[54.381612,24.485941],[54.38176,24.48577],[54.381754,24.48573],[54.38177,24.485742],[54.381918,24.485576],[54.381911,24.48553],[54.381935,24.485548],[54.382089,24.485372],[54.382081,24.485317],[54.381937,24.485212],[54.381783,24.485388],[54.38179,24.485432],[54.381776,24.485422],[54.381627,24.485588],[54.381634,24.485631],[54.381613,24.485615],[54.381464,24.485787],[54.381469,24.485816],[54.381446,24.4858],[54.381295,24.485975],[54.381299,24.486004],[54.381285,24.485993]]]}},{"type":"Feature","properties":{},"geometry":{"type":"Polygon","coordinates":[[[54.38079,24.485537],[54.380762,24.485697],[54.38077,24.485748],[54.380953,24.485775],[54.380981,24.485615],[54.380973,24.485564],[54.38079,24.485537]]]}},{"type":"Feature","properties":{},"geometry":{"type":"Polygon","coordinates":[[[54.38104,24.485793],[54.38099,24.485848],[54.380998,24.4859],[54.381054,24.485941],[54.381104,24.485886],[54.381096,24.485835],[54.38104,24.485793]]]}},{"type":"Feature","properties":{},"geometry":{"type":"Polygon","coordinates":[[[54.381371,24.487626],[54.381386,24.487723],[54.381573,24.487852],[54.381671,24.487736],[54.381656,24.48764],[54.381469,24.48751],[54.381371,24.487626]]]}},{"type":"Feature","properties":{},"geometry":{"type":"Polygon","coordinates":[[[54.381016,24.487586],[54.380855,24.487778],[54.380878,24.48793],[54.381045,24.488045],[54.381206,24.487853],[54.381183,24.487701],[54.381016,24.487586]]]}},{"type":"Feature","properties":{},"geometry":{"type":"Polygon","coordinates":[[[54.381547,24.488422],[54.38155,24.488437],[54.381732,24.488571],[54.381823,24.488468],[54.381804,24.488345],[54.381622,24.48821],[54.38161,24.488224],[54.381605,24.488191],[54.38141,24.488056],[54.381394,24.488074],[54.381389,24.48804],[54.381192,24.487905],[54.381102,24.488013],[54.381119,24.488123],[54.381317,24.488258],[54.381331,24.488241],[54.381341,24.488301],[54.381535,24.488437],[54.381547,24.488422]]]}},{"type":"Feature","properties":{},"geometry":{"type":"Polygon","coordinates":[[[54.381224,24.488848],[54.381431,24.488996],[54.38155,24.488858],[54.381524,24.488693],[54.381317,24.488546],[54.381293,24.488574],[54.381117,24.488439],[54.381113,24.488411],[54.380898,24.488256],[54.380789,24.48838],[54.380812,24.488532],[54.381027,24.488687],[54.381046,24.488666],[54.381214,24.488785],[54.381224,24.488848]]]}},{"type":"Feature","properties":{},"geometry":{"type":"Polygon","coordinates":[[[54.381371,24.489128],[54.381204,24.489316],[54.381223,24.48944],[54.381343,24.489528],[54.38151,24.489339],[54.381505,24.489313],[54.38152,24.489323],[54.381665,24.489156],[54.381663,24.489143],[54.381683,24.489158],[54.381844,24.488978],[54.381821,24.488827],[54.381684,24.488725],[54.381523,24.488905],[54.38153,24.488948],[54.381382,24.489114],[54.381386,24.489139],[54.381371,24.489128]]]}},{"type":"Feature","properties":{},"geometry":{"type":"Polygon","coordinates":[[[54.380959,24.489498],[54.380944,24.489402],[54.38075,24.489262],[54.380733,24.489282],[54.380727,24.489247],[54.380566,24.489131],[54.380469,24.489243],[54.380483,24.48934],[54.380645,24.489455],[54.380661,24.489436],[54.380667,24.489471],[54.380861,24.489611],[54.380959,24.489498]]]}},{"type":"Feature","properties":{},"geometry":{"type":"Polygon","coordinates":[[[54.381463,24.489774],[54.381467,24.489801],[54.381441,24.489781],[54.381269,24.489973],[54.381276,24.490015],[54.381254,24.489999],[54.381114,24.490162],[54.381122,24.490213],[54.381234,24.490293],[54.381374,24.49013],[54.381368,24.490092],[54.381403,24.490118],[54.381555,24.489949],[54.381603,24.489982],[54.381744,24.489815],[54.38174,24.489789],[54.381752,24.489798],[54.382079,24.489417],[54.382075,24.489394],[54.382114,24.489421],[54.382164,24.489361],[54.382183,24.489483],[54.38238,24.489622],[54.382397,24.489602],[54.382595,24.489746],[54.382688,24.489636],[54.382673,24.48954],[54.382476,24.489401],[54.382459,24.48942],[54.382454,24.489388],[54.382258,24.48925],[54.382275,24.48923],[54.382268,24.489186],[54.382297,24.489207],[54.382301,24.489231],[54.382386,24.489291],[54.382432,24.489235],[54.382424,24.489184],[54.382372,24.489147],[54.382447,24.489055],[54.382433,24.488962],[54.382463,24.488983],[54.382611,24.488807],[54.382631,24.488822],[54.382788,24.488648],[54.38281,24.488792],[54.383007,24.488931],[54.383022,24.488915],[54.383024,24.488931],[54.383222,24.48907],[54.383315,24.48896],[54.383289,24.488795],[54.383092,24.488656],[54.383078,24.488673],[54.383075,24.488656],[54.382878,24.488517],[54.382796,24.488614],[54.382775,24.488484],[54.382664,24.488401],[54.382496,24.488588],[54.382501,24.488622],[54.382479,24.488605],[54.382319,24.488797],[54.382327,24.488849],[54.382313,24.48884],[54.382175,24.488997],[54.382184,24.489056],[54.382136,24.489022],[54.381974,24.489212],[54.38198,24.489249],[54.381938,24.48922],[54.381608,24.489598],[54.38161,24.489612],[54.381463,24.489774]]]}},{"type":"Feature","properties":{},"geometry":{"type":"Polygon","coordinates":[[[54.381799,24.490599],[54.38179,24.490542],[54.381593,24.490403],[54.381569,24.490431],[54.381562,24.490385],[54.381365,24.490246],[54.381272,24.490356],[54.381287,24.490452],[54.381484,24.490591],[54.381507,24.490563],[54.381515,24.490609],[54.381712,24.490748],[54.381724,24.490733],[54.381738,24.490818],[54.381935,24.490957],[54.382028,24.490847],[54.382009,24.490723],[54.381812,24.490585],[54.381799,24.490599]]]}},{"type":"Feature","properties":{},"geometry":{"type":"Polygon","coordinates":[[[54.380733,24.490631],[54.380551,24.490844],[54.38057,24.490968],[54.380705,24.491063],[54.380887,24.49085],[54.380867,24.490726],[54.380733,24.490631]]]}},{"type":"Feature","properties":{},"geometry":{"type":"Polygon","coordinates":[[[54.381558,24.491884],[54.38153,24.491705],[54.3807,24.491116],[54.380662,24.49116],[54.38065,24.491086],[54.38045,24.490946],[54.38035,24.491064],[54.38037,24.491188],[54.380569,24.491328],[54.380597,24.491295],[54.380617,24.491424],[54.381448,24.492012],[54.381558,24.491884]]]}},{"type":"Feature","properties":{},"geometry":{"type":"Polygon","coordinates":[[[54.381646,24.49132],[54.381464,24.491516],[54.381483,24.49164],[54.381606,24.491733],[54.381796,24.491532],[54.381777,24.491408],[54.381646,24.49132]]]}},{"type":"Feature","properties":{},"geometry":{"type":"Polygon","coordinates":[[[54.381442,24.492401],[54.381446,24.492427],[54.381427,24.492414],[54.381286,24.492573],[54.38129,24.492604],[54.381272,24.49259],[54.381131,24.49275],[54.381142,24.492821],[54.381109,24.492797],[54.380955,24.492971],[54.380974,24.493095],[54.381077,24.49317],[54.381226,24.493002],[54.381237,24.493074],[54.381429,24.493215],[54.381443,24.493199],[54.381447,24.493226],[54.381616,24.493349],[54.381564,24.493408],[54.381581,24.493518],[54.3817,24.493605],[54.381863,24.493421],[54.381859,24.493399],[54.381882,24.493416],[54.382027,24.493252],[54.382022,24.493219],[54.382066,24.493252],[54.38222,24.493083],[54.38221,24.493018],[54.382225,24.493029],[54.38232,24.492922],[54.382341,24.493057],[54.382557,24.493202],[54.382665,24.493068],[54.382641,24.492917],[54.382425,24.492772],[54.382375,24.492835],[54.382359,24.492732],[54.382245,24.492648],[54.382116,24.492794],[54.382101,24.492696],[54.381924,24.492577],[54.381915,24.492518],[54.38173,24.492394],[54.381716,24.4923],[54.381594,24.492217],[54.381442,24.492401]],[[54.381585,24.492622],[54.381611,24.49259],[54.381625,24.49268],[54.381822,24.492813],[54.381839,24.492792],[54.381842,24.492812],[54.381985,24.492909],[54.381905,24.492997],[54.381915,24.49306],[54.381898,24.493048],[54.381753,24.493211],[54.381758,24.493247],[54.381725,24.493225],[54.381712,24.493139],[54.38152,24.492998],[54.381506,24.493014],[54.381502,24.492988],[54.381347,24.492875],[54.381411,24.492802],[54.381395,24.492699],[54.381414,24.492713],[54.381529,24.492583],[54.381585,24.492622]],[[54.381232,24.492934],[54.381223,24.492944],[54.38122,24.492925],[54.381232,24.492934]]]}},{"type":"Feature","properties":{},"geometry":{"type":"Polygon","coordinates":[[[54.380579,24.493825],[54.380587,24.493876],[54.380654,24.493923],[54.380671,24.493901],[54.380663,24.49385],[54.380595,24.493803],[54.380579,24.493825]]]}},{"type":"Feature","properties":{},"geometry":{"type":"Polygon","coordinates":[[[54.381101,24.496462],[54.381035,24.496416],[54.380955,24.496513],[54.380931,24.496357],[54.380716,24.496213],[54.380556,24.496411],[54.380584,24.496592],[54.380476,24.496518],[54.380072,24.497001],[54.380078,24.497042],[54.380534,24.497358],[54.380915,24.496903],[54.380924,24.49696],[54.381127,24.497098],[54.381291,24.496898],[54.381274,24.496788],[54.381353,24.496841],[54.381513,24.496642],[54.381495,24.496525],[54.381568,24.496574],[54.381728,24.496376],[54.38171,24.496259],[54.38179,24.496312],[54.38195,24.496114],[54.381897,24.49577],[54.381682,24.495626],[54.381634,24.495685],[54.381615,24.495559],[54.3814,24.495415],[54.38124,24.495613],[54.381293,24.495957],[54.381365,24.496005],[54.3813,24.496087],[54.381318,24.496204],[54.381244,24.496155],[54.381084,24.496353],[54.381101,24.496462]],[[54.380897,24.496809],[54.3809,24.496805],[54.380901,24.496812],[54.380897,24.496809]]]}},{"type":"Feature","properties":{},"geometry":{"type":"Polygon","coordinates":[[[54.381525,24.499426],[54.381493,24.499483],[54.381501,24.499535],[54.381564,24.499564],[54.381596,24.499506],[54.381588,24.499455],[54.381525,24.499426]]]}},{"type":"Feature","properties":{},"geometry":{"type":"Polygon","coordinates":[[[54.380777,24.511456],[54.380751,24.511521],[54.380759,24.511573],[54.380802,24.511587],[54.380828,24.511521],[54.38082,24.51147],[54.380777,24.511456]]]}},{"type":"Feature","properties":{},"geometry":{"type":"Polygon","coordinates":[[[54.380741,24.511517],[54.380742,24.511423],[54.380622,24.511403],[54.380589,24.511568],[54.380597,24.51162],[54.380717,24.51164],[54.380726,24.511595],[54.380718,24.511544],[54.380698,24.511541],[54.380704,24.511511],[54.380741,24.511517]]]}},{"type":"Feature","properties":{},"geometry":{"type":"Polygon","coordinates":[[[54.380238,24.511685],[54.380242,24.511713],[54.381242,24.512538],[54.381322,24.512454],[54.381318,24.512427],[54.380313,24.511587],[54.380238,24.511685]]]}},{"type":"Feature","properties":{},"geometry":{"type":"Polygon","coordinates":[[[54.382256,24.480551],[54.382283,24.480723],[54.382353,24.480775],[54.382359,24.480829],[54.382274,24.480819],[54.382268,24.480698],[54.382185,24.480697],[54.382188,24.48085],[54.382103,24.480787],[54.38203,24.480869],[54.382038,24.48092],[54.382126,24.480985],[54.382199,24.480904],[54.382193,24.480863],[54.38225,24.480864],[54.382231,24.481003],[54.382257,24.481175],[54.382449,24.481198],[54.382455,24.481233],[54.382644,24.481255],[54.382674,24.481029],[54.382796,24.48112],[54.38298,24.480916],[54.38297,24.480855],[54.382994,24.480873],[54.383178,24.48067],[54.383169,24.480615],[54.383193,24.480632],[54.383377,24.480429],[54.38335,24.480257],[54.383114,24.480081],[54.383094,24.480103],[54.383086,24.480049],[54.382851,24.479873],[54.382831,24.479895],[54.382827,24.479867],[54.382591,24.479691],[54.382408,24.479894],[54.382434,24.480066],[54.382587,24.48018],[54.382454,24.480328],[54.38246,24.480362],[54.38244,24.480347],[54.382256,24.480551]],[[54.382419,24.480836],[54.382419,24.480824],[54.382438,24.480839],[54.382419,24.480836]]]}},{"type":"Feature","properties":{},"geometry":{"type":"Polygon","coordinates":[[[54.3822,24.479994],[54.382123,24.480087],[54.382131,24.480139],[54.382214,24.480195],[54.382291,24.480101],[54.382283,24.48005],[54.3822,24.479994]]]}},{"type":"Feature","properties":{},"geometry":{"type":"Polygon","coordinates":[[[54.383599,24.480925],[54.383641,24.480954],[54.383654,24.480939],[54.383663,24.480991],[54.383898,24.481154],[54.38392,24.481128],[54.383927,24.481168],[54.384092,24.481282],[54.383982,24.481414],[54.38399,24.481466],[54.383953,24.48144],[54.383767,24.481661],[54.383775,24.481715],[54.383743,24.481693],[54.383728,24.481711],[54.383723,24.481678],[54.383478,24.481508],[54.383462,24.481527],[54.383458,24.481499],[54.383212,24.48133],[54.383201,24.481343],[54.383198,24.481319],[54.382952,24.481149],[54.382799,24.481333],[54.382825,24.481505],[54.383071,24.481674],[54.383082,24.481661],[54.383085,24.481685],[54.383331,24.481855],[54.383347,24.481836],[54.383351,24.481864],[54.38352,24.481981],[54.38352,24.482043],[54.383561,24.482069],[54.383611,24.482015],[54.383617,24.482049],[54.38371,24.482114],[54.383711,24.482174],[54.383756,24.4822],[54.383782,24.482163],[54.383862,24.482219],[54.383879,24.482198],[54.383882,24.482215],[54.384127,24.482385],[54.384281,24.482201],[54.384268,24.482115],[54.384326,24.482155],[54.38448,24.481972],[54.384467,24.481889],[54.384527,24.481931],[54.384681,24.481747],[54.384668,24.481663],[54.384724,24.481703],[54.384878,24.481519],[54.384851,24.481347],[54.384619,24.481186],[54.384608,24.48112],[54.384371,24.480951],[54.384332,24.480997],[54.384323,24.480943],[54.384086,24.480774],[54.384065,24.480799],[54.38406,24.480767],[54.383822,24.480598],[54.38381,24.480612],[54.383803,24.480567],[54.383565,24.480398],[54.383379,24.48062],[54.383406,24.480792],[54.383446,24.480819],[54.383399,24.480859],[54.383407,24.48091],[54.383464,24.480967],[54.383244,24.480815],[54.383116,24.480968],[54.383143,24.48114],[54.383399,24.481317],[54.383527,24.481164],[54.383503,24.481006],[54.383599,24.480925]]]}},{"type":"Feature","properties":{},"geometry":{"type":"Polygon","coordinates":[[[54.382447,24.482495],[54.382455,24.482547],[54.382525,24.48259],[54.382587,24.482505],[54.382579,24.482454],[54.382509,24.482411],[54.382447,24.482495]]]}},{"type":"Feature","properties":{},"geometry":{"type":"Polygon","coordinates":[[[54.382395,24.483885],[54.382403,24.483937],[54.382569,24.484073],[54.382625,24.484016],[54.382617,24.483965],[54.382451,24.483829],[54.382395,24.483885]]]}},{"type":"Feature","properties":{},"geometry":{"type":"Polygon","coordinates":[[[54.38236,24.48406],[54.382335,24.484123],[54.382343,24.484175],[54.382464,24.484215],[54.382489,24.484151],[54.382481,24.4841],[54.38236,24.48406]]]}},{"type":"Feature","properties":{},"geometry":{"type":"Polygon","coordinates":[[[54.382619,24.484421],[54.382473,24.484591],[54.382477,24.484618],[54.382461,24.484607],[54.382315,24.48478],[54.382321,24.484822],[54.382298,24.484805],[54.382146,24.48498],[54.382154,24.485035],[54.382295,24.485136],[54.382447,24.484961],[54.38244,24.484917],[54.382466,24.484935],[54.382613,24.484761],[54.382609,24.484737],[54.382624,24.484748],[54.38277,24.484578],[54.382766,24.484549],[54.38278,24.484559],[54.382927,24.484383],[54.382924,24.484366],[54.382937,24.484375],[54.383089,24.484203],[54.383081,24.484148],[54.382936,24.484042],[54.382784,24.484214],[54.382787,24.484237],[54.382778,24.484231],[54.382631,24.484407],[54.382635,24.484433],[54.382619,24.484421]]]}},{"type":"Feature","properties":{},"geometry":{"type":"Polygon","coordinates":[[[54.383111,24.486391],[54.383217,24.486457],[54.383233,24.486435],[54.383261,24.486452],[54.383308,24.486389],[54.3833,24.486337],[54.383102,24.486215],[54.383028,24.486314],[54.383036,24.486366],[54.3831,24.486405],[54.383111,24.486391]]]}},{"type":"Feature","properties":{},"geometry":{"type":"Polygon","coordinates":[[[54.383157,24.486794],[54.383105,24.486857],[54.383113,24.486908],[54.383158,24.486939],[54.383209,24.486876],[54.383201,24.486825],[54.383157,24.486794]]]}},{"type":"Feature","properties":{},"geometry":{"type":"Polygon","coordinates":[[[54.38272,24.486746],[54.38245,24.48702],[54.382477,24.487192],[54.382831,24.487486],[54.383101,24.487215],[54.383074,24.487043],[54.382985,24.486973],[54.382813,24.487146],[54.382745,24.48709],[54.382841,24.486996],[54.382814,24.486824],[54.38272,24.486746]]]}},{"type":"Feature","properties":{},"geometry":{"type":"Polygon","coordinates":[[[54.38318,24.487133],[54.382919,24.487403],[54.382946,24.487575],[54.383233,24.48781],[54.383238,24.487843],[54.383411,24.487985],[54.383568,24.487824],[54.383565,24.487806],[54.383578,24.487817],[54.38367,24.487721],[54.383681,24.48779],[54.383664,24.487806],[54.383643,24.487789],[54.383523,24.487909],[54.38355,24.488081],[54.383651,24.488163],[54.383696,24.48812],[54.383698,24.488136],[54.383739,24.488169],[54.383747,24.48816],[54.383894,24.488281],[54.384065,24.488111],[54.384038,24.487939],[54.38393,24.487851],[54.383908,24.487709],[54.383768,24.487597],[54.383729,24.487636],[54.383724,24.487605],[54.383552,24.487465],[54.383544,24.487473],[54.383537,24.487425],[54.383447,24.487349],[54.383276,24.487525],[54.383211,24.487474],[54.383305,24.487381],[54.383279,24.487209],[54.38318,24.487133]]]}},{"type":"Feature","properties":{},"geometry":{"type":"Polygon","coordinates":[[[54.381815,24.487921],[54.381828,24.488004],[54.382049,24.488167],[54.382146,24.488058],[54.382133,24.487976],[54.381912,24.487812],[54.381815,24.487921]]]}},{"type":"Feature","properties":{},"geometry":{"type":"Polygon","coordinates":[[[54.381985,24.488657],[54.382142,24.488477],[54.382138,24.488449],[54.382173,24.488474],[54.382332,24.488289],[54.382315,24.488179],[54.382197,24.488095],[54.382038,24.48828],[54.382044,24.48832],[54.382008,24.488293],[54.38185,24.488474],[54.381865,24.48857],[54.381985,24.488657]]]}},{"type":"Feature","properties":{},"geometry":{"type":"Polygon","coordinates":[[[54.382824,24.489324],[54.382781,24.48947],[54.382789,24.489521],[54.382988,24.489576],[54.383024,24.489456],[54.383123,24.489525],[54.383216,24.489416],[54.383201,24.489319],[54.383004,24.489181],[54.382991,24.489195],[54.382987,24.489169],[54.38279,24.489031],[54.382776,24.489047],[54.38277,24.48901],[54.382573,24.488871],[54.382479,24.488981],[54.382487,24.489032],[54.382685,24.489171],[54.382699,24.489155],[54.382711,24.489237],[54.382843,24.489329],[54.382824,24.489324]]]}},{"type":"Feature","properties":{},"geometry":{"type":"Polygon","coordinates":[[[54.382889,24.489869],[54.382734,24.490048],[54.38274,24.490083],[54.382713,24.490063],[54.382672,24.49011],[54.382651,24.489977],[54.382454,24.489838],[54.382446,24.489847],[54.382443,24.489824],[54.382245,24.489685],[54.38223,24.489703],[54.382224,24.489667],[54.382026,24.489528],[54.381933,24.489637],[54.381957,24.489789],[54.382154,24.489928],[54.38217,24.489909],[54.382175,24.489946],[54.382574,24.490221],[54.382552,24.490246],[54.382558,24.49029],[54.38255,24.490284],[54.382407,24.490454],[54.38241,24.490476],[54.382386,24.490459],[54.382225,24.490651],[54.382228,24.490669],[54.382217,24.490661],[54.382055,24.490852],[54.382074,24.490976],[54.382203,24.491067],[54.382683,24.490512],[54.382669,24.490417],[54.382694,24.490436],[54.382854,24.490244],[54.382874,24.490258],[54.383028,24.49008],[54.383018,24.490016],[54.383052,24.49004],[54.383208,24.489858],[54.383203,24.489828],[54.383238,24.489852],[54.383368,24.489698],[54.383355,24.489613],[54.383385,24.489634],[54.383546,24.489443],[54.383541,24.489409],[54.38356,24.489422],[54.383718,24.489236],[54.383703,24.48914],[54.383583,24.489056],[54.383425,24.489242],[54.383431,24.489276],[54.383405,24.489259],[54.383244,24.489449],[54.383253,24.489507],[54.383226,24.489488],[54.383096,24.489642],[54.383102,24.489685],[54.383072,24.489663],[54.382916,24.489845],[54.382924,24.489894],[54.382889,24.489869]]]}},{"type":"Feature","properties":{},"geometry":{"type":"Polygon","coordinates":[[[54.381806,24.490192],[54.381821,24.490288],[54.382019,24.490427],[54.382035,24.490408],[54.382046,24.490481],[54.382244,24.49062],[54.382337,24.49051],[54.382316,24.490372],[54.382118,24.490234],[54.382102,24.490253],[54.382097,24.490221],[54.381899,24.490082],[54.381806,24.490192]]]}},{"type":"Feature","properties":{},"geometry":{"type":"Polygon","coordinates":[[[54.382694,24.490773],[54.382545,24.490952],[54.382548,24.490974],[54.382531,24.490962],[54.382362,24.491154],[54.382388,24.491319],[54.382532,24.491424],[54.382701,24.491232],[54.382694,24.49119],[54.382719,24.491207],[54.382868,24.491029],[54.382863,24.490997],[54.382889,24.491015],[54.38304,24.490833],[54.383035,24.490804],[54.38306,24.490822],[54.383222,24.490628],[54.383199,24.490477],[54.383048,24.490373],[54.382886,24.490566],[54.382891,24.490595],[54.382864,24.490577],[54.382713,24.490759],[54.382718,24.49079],[54.382694,24.490773]]]}},{"type":"Feature","properties":{},"geometry":{"type":"Polygon","coordinates":[[[54.383035,24.4909],[54.382874,24.491093],[54.382898,24.491245],[54.383037,24.491344],[54.383207,24.491155],[54.383184,24.491004],[54.383035,24.4909]]]}},{"type":"Feature","properties":{},"geometry":{"type":"Polygon","coordinates":[[[54.382985,24.491512],[54.382961,24.491361],[54.382759,24.491217],[54.382641,24.491351],[54.382664,24.491502],[54.382868,24.491645],[54.382985,24.491512]]]}},{"type":"Feature","properties":{},"geometry":{"type":"Polygon","coordinates":[[[54.382108,24.4916],[54.381932,24.491807],[54.381956,24.491959],[54.382098,24.492059],[54.382274,24.491852],[54.38225,24.4917],[54.382108,24.4916]]]}},{"type":"Feature","properties":{},"geometry":{"type":"Polygon","coordinates":[[[54.382318,24.49229],[54.382311,24.492244],[54.382121,24.492116],[54.382106,24.492135],[54.382094,24.492056],[54.381834,24.491882],[54.381723,24.492019],[54.381746,24.49217],[54.382005,24.492345],[54.382044,24.492297],[54.382052,24.492348],[54.382242,24.492476],[54.382263,24.49245],[54.38227,24.492497],[54.38246,24.492624],[54.382548,24.492516],[54.382529,24.492392],[54.382339,24.492265],[54.382318,24.49229]]]}},{"type":"Feature","properties":{},"geometry":{"type":"Polygon","coordinates":[[[54.38276,24.492849],[54.38292,24.492665],[54.382913,24.492622],[54.382951,24.492649],[54.383106,24.49247],[54.38308,24.492305],[54.382945,24.492208],[54.38279,24.492387],[54.382799,24.492443],[54.382775,24.492427],[54.382616,24.492611],[54.382639,24.492762],[54.38276,24.492849]]]}},{"type":"Feature","properties":{},"geometry":{"type":"Polygon","coordinates":[[[54.38179,24.493703],[54.38201,24.493847],[54.382101,24.493731],[54.382077,24.493579],[54.381858,24.493436],[54.381766,24.493552],[54.38179,24.493703]]]}},{"type":"Feature","properties":{},"geometry":{"type":"Polygon","coordinates":[[[54.382705,24.494397],[54.382724,24.49452],[54.382649,24.494466],[54.382589,24.494535],[54.38257,24.494414],[54.382359,24.494262],[54.382187,24.49446],[54.382217,24.494653],[54.382429,24.494805],[54.382489,24.494736],[54.382508,24.494857],[54.382719,24.495009],[54.38289,24.494811],[54.382871,24.494688],[54.382946,24.494742],[54.383118,24.494545],[54.383104,24.494455],[54.38316,24.494495],[54.383331,24.494297],[54.383316,24.494201],[54.383382,24.494249],[54.383554,24.494051],[54.383524,24.493858],[54.383339,24.493725],[54.383539,24.493856],[54.383819,24.493511],[54.383778,24.493254],[54.383505,24.493054],[54.383214,24.493412],[54.383255,24.49367],[54.383311,24.493707],[54.383254,24.493773],[54.383233,24.493638],[54.383021,24.493486],[54.38285,24.493683],[54.38288,24.493877],[54.383049,24.493998],[54.382918,24.494149],[54.382932,24.49424],[54.382876,24.4942],[54.382705,24.494397]],[[54.383132,24.493982],[54.38315,24.493961],[54.383156,24.494],[54.383132,24.493982]]]}},{"type":"Feature","properties":{},"geometry":{"type":"Polygon","coordinates":[[[54.382215,24.499242],[54.382223,24.499199],[54.382211,24.499118],[54.382177,24.499062],[54.382139,24.499038],[54.382084,24.499027],[54.382033,24.499036],[54.38199,24.499062],[54.381963,24.499096],[54.381951,24.499147],[54.381969,24.499245],[54.381998,24.499284],[54.382092,24.499319],[54.382142,24.49931],[54.382185,24.499284],[54.382215,24.499242]]]}},{"type":"Feature","properties":{},"geometry":{"type":"Polygon","coordinates":[[[54.382733,24.504657],[54.382751,24.504832],[54.382826,24.504827],[54.382809,24.504652],[54.382733,24.504657]]]}},{"type":"Feature","properties":{},"geometry":{"type":"Polygon","coordinates":[[[54.38161,24.509225],[54.381563,24.509278],[54.381571,24.509329],[54.381619,24.509364],[54.381665,24.509311],[54.381657,24.509259],[54.38161,24.509225]]]}},{"type":"Feature","properties":{},"geometry":{"type":"Polygon","coordinates":[[[54.381468,24.510112],[54.381511,24.510235],[54.381612,24.510195],[54.381569,24.510072],[54.381468,24.510112]]]}},{"type":"Feature","properties":{},"geometry":{"type":"Polygon","coordinates":[[[54.381509,24.511102],[54.381549,24.51136],[54.382407,24.512026],[54.382791,24.511601],[54.382751,24.511343],[54.381894,24.510679],[54.381509,24.511102]]]}},{"type":"Feature","properties":{},"geometry":{"type":"Polygon","coordinates":[[[54.384888,24.480914],[54.384999,24.480783],[54.384991,24.480728],[54.384753,24.48056],[54.384741,24.480574],[54.384736,24.480545],[54.384491,24.480366],[54.384475,24.480384],[54.38447,24.48035],[54.384225,24.480171],[54.384214,24.480183],[54.384211,24.480161],[54.383966,24.479982],[54.38395,24.479999],[54.383946,24.479972],[54.383701,24.479792],[54.383582,24.479927],[54.383608,24.480099],[54.383853,24.480279],[54.383918,24.480206],[54.384098,24.480337],[54.384108,24.480326],[54.384112,24.480347],[54.384356,24.480527],[54.384373,24.480508],[54.384398,24.480673],[54.384643,24.480852],[54.384704,24.480784],[54.384888,24.480914]]]}},{"type":"Feature","properties":{},"geometry":{"type":"Polygon","coordinates":[[[54.383903,24.482292],[54.383895,24.48224],[54.383826,24.482197],[54.383798,24.482235],[54.383806,24.482286],[54.383874,24.48233],[54.383903,24.482292]]]}},{"type":"Feature","properties":{},"geometry":{"type":"Polygon","coordinates":[[[54.384223,24.482527],[54.384075,24.482698],[54.38408,24.482732],[54.38406,24.482717],[54.383912,24.482889],[54.383918,24.482928],[54.383894,24.48291],[54.383746,24.483081],[54.383753,24.483126],[54.383727,24.483108],[54.383579,24.483279],[54.383586,24.483322],[54.383558,24.483302],[54.38341,24.483473],[54.383418,24.483526],[54.383384,24.483501],[54.383236,24.483672],[54.383244,24.483727],[54.383384,24.483827],[54.383531,24.483645],[54.383565,24.48367],[54.383713,24.483498],[54.3837,24.483414],[54.383727,24.483434],[54.383875,24.483263],[54.383868,24.483218],[54.383894,24.483236],[54.384041,24.483066],[54.384067,24.483085],[54.384215,24.482914],[54.384204,24.482839],[54.384223,24.482853],[54.384371,24.482682],[54.384366,24.482644],[54.384386,24.482659],[54.384534,24.482488],[54.384527,24.482444],[54.384559,24.482467],[54.384707,24.482295],[54.384701,24.482256],[54.384723,24.482272],[54.384871,24.482101],[54.384865,24.482057],[54.384884,24.482071],[54.385032,24.481899],[54.385024,24.481844],[54.384884,24.481744],[54.384736,24.481915],[54.384743,24.48196],[54.384723,24.481946],[54.384575,24.482117],[54.384581,24.482157],[54.384558,24.48214],[54.38441,24.482311],[54.384417,24.482355],[54.384386,24.482333],[54.384238,24.482504],[54.384244,24.482542],[54.384223,24.482527]]]}},{"type":"Feature","properties":{},"geometry":{"type":"Polygon","coordinates":[[[54.384385,24.484192],[54.384393,24.484243],[54.384442,24.484282],[54.384503,24.484219],[54.384511,24.48418],[54.384503,24.484128],[54.384471,24.484102],[54.384385,24.484192]]]}},{"type":"Feature","properties":{},"geometry":{"type":"Polygon","coordinates":[[[54.384059,24.486374],[54.384418,24.486667],[54.384682,24.486395],[54.384658,24.486244],[54.384802,24.48609],[54.384876,24.486152],[54.384783,24.486244],[54.38481,24.486416],[54.384901,24.486492],[54.385148,24.486241],[54.385174,24.486408],[54.385569,24.486747],[54.385749,24.486575],[54.385722,24.486403],[54.385539,24.486245],[54.38551,24.486272],[54.385502,24.486217],[54.385451,24.486177],[54.385383,24.486242],[54.385373,24.48618],[54.385332,24.486138],[54.385282,24.486184],[54.38524,24.486147],[54.385165,24.486219],[54.385139,24.486051],[54.384782,24.485761],[54.384725,24.485819],[54.384706,24.485695],[54.384357,24.485404],[54.384387,24.485374],[54.384382,24.485344],[54.384418,24.485305],[54.38447,24.485349],[54.384576,24.485244],[54.384549,24.485072],[54.38441,24.484958],[54.384305,24.485063],[54.384309,24.485087],[54.384266,24.48513],[54.384254,24.485119],[54.38413,24.485244],[54.384133,24.485263],[54.384094,24.485306],[54.38408,24.485295],[54.383967,24.485404],[54.383994,24.485576],[54.384099,24.485664],[54.384087,24.485676],[54.384103,24.485778],[54.384095,24.485772],[54.383929,24.485946],[54.38386,24.48589],[54.383954,24.485798],[54.383927,24.485626],[54.383833,24.485548],[54.38357,24.48582],[54.383597,24.485991],[54.383952,24.486284],[54.384032,24.486202],[54.384059,24.486374]],[[54.384213,24.486014],[54.384197,24.485914],[54.384208,24.485923],[54.384378,24.485736],[54.384449,24.485799],[54.384349,24.485892],[54.384363,24.48598],[54.384301,24.485928],[54.384032,24.486202],[54.384213,24.486014]],[[54.38447,24.486141],[54.384527,24.486082],[54.384541,24.486174],[54.384398,24.486329],[54.384326,24.48627],[54.384418,24.486176],[54.384404,24.486087],[54.38447,24.486141]],[[54.384261,24.485501],[54.384234,24.485528],[54.384229,24.485499],[54.384241,24.485488],[54.384261,24.485501]]]}},{"type":"Feature","properties":{},"geometry":{"type":"Polygon","coordinates":[[[54.383944,24.487093],[54.383951,24.487138],[54.383924,24.487119],[54.383855,24.487199],[54.383862,24.487246],[54.383834,24.487226],[54.383766,24.487304],[54.383774,24.487355],[54.38396,24.487489],[54.384031,24.487412],[54.384023,24.487365],[54.384053,24.487386],[54.384122,24.487307],[54.384114,24.48726],[54.384141,24.487279],[54.384212,24.487199],[54.384205,24.487155],[54.384231,24.487173],[54.384301,24.487095],[54.384294,24.48705],[54.38432,24.487069],[54.384389,24.486989],[54.384381,24.486938],[54.384191,24.486806],[54.384124,24.486882],[54.384131,24.48693],[54.384102,24.48691],[54.384035,24.486988],[54.384042,24.487034],[54.384013,24.487014],[54.383944,24.487093]]]}},{"type":"Feature","properties":{},"geometry":{"type":"Polygon","coordinates":[[[54.384184,24.487264],[54.384192,24.487315],[54.384382,24.48745],[54.384454,24.487367],[54.384448,24.487332],[54.384468,24.487346],[54.384544,24.48726],[54.384538,24.487225],[54.384558,24.48724],[54.384629,24.487161],[54.384621,24.487109],[54.384433,24.486972],[54.384364,24.487052],[54.38437,24.487093],[54.384345,24.487076],[54.384275,24.487158],[54.384281,24.487199],[54.384257,24.487181],[54.384184,24.487264]]]}},{"type":"Feature","properties":{},"geometry":{"type":"Polygon","coordinates":[[[54.384172,24.48775],[54.384238,24.487744],[54.384269,24.487785],[54.384408,24.487626],[54.384381,24.487454],[54.38414,24.487287],[54.383956,24.4875],[54.383983,24.487672],[54.384157,24.487799],[54.384176,24.487775],[54.384172,24.48775]]]}},{"type":"Feature","properties":{},"geometry":{"type":"Polygon","coordinates":[[[54.384706,24.487592],[54.384597,24.487519],[54.384441,24.4877],[54.384448,24.48774],[54.38444,24.48775],[54.384414,24.487732],[54.384372,24.487783],[54.384383,24.487849],[54.384339,24.487818],[54.384297,24.487867],[54.384324,24.488039],[54.384394,24.488091],[54.3844,24.488128],[54.384505,24.488204],[54.384807,24.487851],[54.38478,24.487679],[54.384712,24.487629],[54.384706,24.487592]]]}},{"type":"Feature","properties":{},"geometry":{"type":"Polygon","coordinates":[[[54.384155,24.488079],[54.384011,24.488245],[54.384019,24.488297],[54.384096,24.488352],[54.384241,24.488185],[54.384233,24.488134],[54.384155,24.488079]]]}},{"type":"Feature","properties":{},"geometry":{"type":"Polygon","coordinates":[[[54.384245,24.488465],[54.384398,24.488288],[54.38439,24.488237],[54.384297,24.488166],[54.384131,24.488356],[54.384135,24.488381],[54.384074,24.488454],[54.384082,24.488505],[54.384174,24.48857],[54.384248,24.488483],[54.384245,24.488465]]]}},{"type":"Feature","properties":{},"geometry":{"type":"Polygon","coordinates":[[[54.38443,24.488524],[54.384422,24.488473],[54.384374,24.488438],[54.384338,24.48848],[54.384346,24.488531],[54.384393,24.488566],[54.38443,24.488524]]]}},{"type":"Feature","properties":{},"geometry":{"type":"Polygon","coordinates":[[[54.384606,24.488415],[54.384458,24.48859],[54.384466,24.488642],[54.384485,24.488655],[54.38444,24.48871],[54.384448,24.488761],[54.384547,24.488831],[54.384586,24.488784],[54.38459,24.488808],[54.384942,24.48906],[54.384984,24.48901],[54.384976,24.488959],[54.384623,24.488707],[54.384593,24.488744],[54.384589,24.48872],[54.384551,24.488694],[54.384697,24.488524],[54.384689,24.488473],[54.384606,24.488415]]]}},{"type":"Feature","properties":{},"geometry":{"type":"Polygon","coordinates":[[[54.383489,24.489849],[54.383493,24.489876],[54.383476,24.489865],[54.383325,24.490041],[54.383328,24.490057],[54.383308,24.490043],[54.383144,24.490229],[54.383168,24.49038],[54.383323,24.490493],[54.383487,24.490308],[54.383483,24.490285],[54.383509,24.490303],[54.383657,24.490128],[54.383652,24.490097],[54.383663,24.490105],[54.383816,24.489923],[54.383811,24.489888],[54.383828,24.4899],[54.383975,24.489717],[54.38397,24.489685],[54.383988,24.489698],[54.38414,24.489515],[54.384116,24.489364],[54.383973,24.489266],[54.383821,24.489448],[54.383827,24.489483],[54.383805,24.489468],[54.383658,24.489651],[54.383663,24.489682],[54.383642,24.489667],[54.383489,24.489849]]]}},{"type":"Feature","properties":{},"geometry":{"type":"Polygon","coordinates":[[[54.384632,24.490045],[54.384634,24.49006],[54.384807,24.490183],[54.38492,24.490051],[54.384896,24.4899],[54.384723,24.489777],[54.384713,24.489789],[54.38471,24.489769],[54.384496,24.489626],[54.384484,24.48964],[54.38448,24.489612],[54.384246,24.489453],[54.38414,24.489593],[54.384163,24.489745],[54.384386,24.4899],[54.384402,24.489881],[54.384408,24.489915],[54.384622,24.490058],[54.384632,24.490045]]]}},{"type":"Feature","properties":{},"geometry":{"type":"Polygon","coordinates":[[[54.384687,24.49037],[54.384664,24.490219],[54.384457,24.490065],[54.384437,24.490087],[54.384432,24.490053],[54.38422,24.489904],[54.384194,24.489935],[54.384186,24.48988],[54.383974,24.489732],[54.383862,24.489866],[54.383885,24.490017],[54.384097,24.490165],[54.384123,24.490135],[54.384131,24.490189],[54.384343,24.490337],[54.384352,24.490327],[54.384356,24.490355],[54.384562,24.490509],[54.384687,24.49037]]]}},{"type":"Feature","properties":{},"geometry":{"type":"Polygon","coordinates":[[[54.384177,24.490402],[54.384172,24.490365],[54.38396,24.490217],[54.383847,24.49035],[54.383871,24.490502],[54.384083,24.49065],[54.384101,24.490628],[54.384107,24.490664],[54.384319,24.490813],[54.384431,24.490679],[54.384408,24.490528],[54.384196,24.49038],[54.384177,24.490402]]]}},{"type":"Feature","properties":{},"geometry":{"type":"Polygon","coordinates":[[[54.383875,24.490684],[54.383867,24.49063],[54.383655,24.490481],[54.383543,24.490615],[54.383566,24.490766],[54.383778,24.490914],[54.383804,24.490884],[54.383812,24.490938],[54.384024,24.491086],[54.384136,24.490953],[54.384113,24.490802],[54.383901,24.490653],[54.383875,24.490684]]]}},{"type":"Feature","properties":{},"geometry":{"type":"Polygon","coordinates":[[[54.384368,24.491238],[54.384526,24.491053],[54.384521,24.491023],[54.384537,24.491034],[54.384697,24.490854],[54.384693,24.490828],[54.384711,24.490841],[54.384869,24.490655],[54.384864,24.490628],[54.384898,24.490652],[54.385211,24.490276],[54.385186,24.490111],[54.385054,24.490014],[54.384952,24.490128],[54.384934,24.490115],[54.384871,24.490186],[54.384877,24.490227],[54.38473,24.490397],[54.384734,24.490426],[54.384697,24.490399],[54.384539,24.490585],[54.384544,24.490613],[54.384526,24.4906],[54.384371,24.490782],[54.384376,24.490812],[54.384217,24.490997],[54.38424,24.491148],[54.384368,24.491238]]]}},{"type":"Feature","properties":{},"geometry":{"type":"Polygon","coordinates":[[[54.383904,24.491281],[54.383881,24.49113],[54.383453,24.490834],[54.383427,24.490864],[54.383419,24.49081],[54.383207,24.490662],[54.383094,24.490795],[54.383118,24.490947],[54.38333,24.491095],[54.383355,24.491064],[54.383364,24.491119],[54.383792,24.491415],[54.383904,24.491281]]]}},{"type":"Feature","properties":{},"geometry":{"type":"Polygon","coordinates":[[[54.383497,24.491238],[54.383285,24.49109],[54.383173,24.491223],[54.383196,24.491375],[54.383331,24.49147],[54.383352,24.491604],[54.383495,24.491707],[54.383672,24.491503],[54.383648,24.491352],[54.3835,24.491256],[54.383497,24.491238]]]}},{"type":"Feature","properties":{},"geometry":{"type":"Polygon","coordinates":[[[54.383754,24.491508],[54.383601,24.491693],[54.383604,24.491715],[54.383577,24.491696],[54.383411,24.491891],[54.383435,24.492042],[54.383587,24.492149],[54.383752,24.491954],[54.383748,24.491929],[54.383773,24.491946],[54.383925,24.491761],[54.383923,24.491744],[54.383937,24.491755],[54.3841,24.491572],[54.384098,24.491557],[54.384111,24.491566],[54.384275,24.491377],[54.384251,24.491226],[54.384104,24.491121],[54.383942,24.491322],[54.383927,24.49131],[54.383764,24.491493],[54.383768,24.491518],[54.383754,24.491508]]]}},{"type":"Feature","properties":{},"geometry":{"type":"Polygon","coordinates":[[[54.383399,24.491819],[54.383376,24.491668],[54.383183,24.491529],[54.383061,24.49167],[54.383085,24.491821],[54.383277,24.49196],[54.383399,24.491819]]]}},{"type":"Feature","properties":{},"geometry":{"type":"Polygon","coordinates":[[[54.384427,24.49256],[54.384435,24.492612],[54.384533,24.492663],[54.384683,24.492798],[54.384739,24.492742],[54.384731,24.492691],[54.384655,24.492629],[54.384627,24.492657],[54.384557,24.492599],[54.384553,24.492574],[54.384458,24.492517],[54.384427,24.49256]]]}},{"type":"Feature","properties":{},"geometry":{"type":"Polygon","coordinates":[[[54.383709,24.492848],[54.383717,24.492899],[54.383789,24.492961],[54.383825,24.492926],[54.383817,24.492875],[54.383745,24.492813],[54.383709,24.492848]]]}},{"type":"Feature","properties":{},"geometry":{"type":"Polygon","coordinates":[[[54.383918,24.492943],[54.383885,24.493112],[54.383893,24.493164],[54.384126,24.493202],[54.384159,24.493032],[54.384151,24.49298],[54.383918,24.492943]]]}},{"type":"Feature","properties":{},"geometry":{"type":"Polygon","coordinates":[[[54.384434,24.494497],[54.384635,24.494635],[54.384878,24.494343],[54.385447,24.494733],[54.385604,24.494544],[54.385517,24.493985],[54.384727,24.493442],[54.384327,24.493925],[54.384412,24.494471],[54.384161,24.494168],[54.384102,24.494241],[54.384075,24.494223],[54.384029,24.494279],[54.384036,24.494323],[54.383917,24.494469],[54.38389,24.494451],[54.383846,24.494506],[54.383853,24.494548],[54.383803,24.494609],[54.383837,24.494824],[54.384714,24.49513],[54.384765,24.495071],[54.384731,24.494856],[54.384434,24.494497]]]}},{"type":"Feature","properties":{},"geometry":{"type":"Polygon","coordinates":[[[54.381935,24.496612],[54.381951,24.496719],[54.382994,24.497436],[54.383049,24.49737],[54.383095,24.497402],[54.383139,24.497349],[54.383128,24.497275],[54.384225,24.495973],[54.38424,24.495984],[54.3843,24.495915],[54.384296,24.495887],[54.384626,24.495513],[54.384573,24.495221],[54.384451,24.495136],[54.38444,24.495151],[54.384375,24.495108],[54.383833,24.494902],[54.383796,24.494869],[54.383726,24.494872],[54.383484,24.494781],[54.382853,24.495513],[54.382857,24.49559],[54.382842,24.49561],[54.382787,24.4956],[54.382731,24.495662],[54.38274,24.49572],[54.382707,24.495718],[54.382689,24.495739],[54.382669,24.495728],[54.381935,24.496612]]]}},{"type":"Feature","properties":{},"geometry":{"type":"Polygon","coordinates":[[[54.38435,24.496259],[54.38437,24.496363],[54.384442,24.496349],[54.384421,24.496245],[54.38435,24.496259]]]}},{"type":"Feature","properties":{},"geometry":{"type":"Polygon","coordinates":[[[54.384134,24.496202],[54.383887,24.496494],[54.383794,24.496555],[54.383765,24.496652],[54.383794,24.496842],[54.38377,24.496848],[54.38381,24.497106],[54.383868,24.49722],[54.384013,24.497134],[54.384008,24.497108],[54.384143,24.497025],[54.384099,24.496753],[54.38428,24.496528],[54.38424,24.49627],[54.384134,24.496202]]]}},{"type":"Feature","properties":{},"geometry":{"type":"Polygon","coordinates":[[[54.383621,24.497122],[54.383629,24.497173],[54.383693,24.497216],[54.383745,24.497152],[54.383737,24.497101],[54.383674,24.497057],[54.383621,24.497122]]]}},{"type":"Feature","properties":{},"geometry":{"type":"Polygon","coordinates":[[[54.383596,24.497226],[54.383377,24.497502],[54.383417,24.49776],[54.383969,24.498124],[54.384055,24.498016],[54.384015,24.497758],[54.383921,24.497678],[54.383867,24.497404],[54.383596,24.497226]]]}},{"type":"Feature","properties":{},"geometry":{"type":"Polygon","coordinates":[[[54.38346,24.504383],[54.383435,24.504383],[54.383429,24.504342],[54.383302,24.504345],[54.383311,24.50445],[54.383437,24.504447],[54.383437,24.504477],[54.383408,24.504477],[54.383408,24.504506],[54.383317,24.504507],[54.383321,24.50491],[54.383361,24.505167],[54.383663,24.505165],[54.383662,24.505111],[54.383745,24.50511],[54.383736,24.504256],[54.383686,24.503916],[54.383635,24.503917],[54.38361,24.503752],[54.38347,24.503754],[54.383478,24.504444],[54.38346,24.504383]]]}},{"type":"Feature","properties":{},"geometry":{"type":"Polygon","coordinates":[[[54.383712,24.503899],[54.383723,24.504085],[54.383872,24.504082],[54.383861,24.503897],[54.383712,24.503899]]]}},{"type":"Feature","properties":{},"geometry":{"type":"Polygon","coordinates":[[[54.382846,24.508246],[54.382875,24.508331],[54.382928,24.508305],[54.3829,24.508219],[54.382846,24.508246]]]}},{"type":"Feature","properties":{},"geometry":{"type":"Polygon","coordinates":[[[54.3823,24.510555],[54.38234,24.510813],[54.383024,24.51135],[54.383415,24.510937],[54.383375,24.510679],[54.382681,24.51014],[54.3823,24.510555]]]}},{"type":"Feature","properties":{},"geometry":{"type":"Polygon","coordinates":[[[54.385106,24.481449],[54.385109,24.481473],[54.385099,24.481466],[54.384951,24.481637],[54.384959,24.481692],[54.385099,24.481792],[54.385239,24.48163],[54.38526,24.481646],[54.385408,24.481474],[54.385394,24.481378],[54.385254,24.481278],[54.385106,24.481449]]]}},{"type":"Feature","properties":{},"geometry":{"type":"Polygon","coordinates":[[[54.38669,24.482051],[54.386707,24.482166],[54.386906,24.482141],[54.386893,24.482028],[54.38669,24.482051]]]}},{"type":"Feature","properties":{},"geometry":{"type":"Polygon","coordinates":[[[54.389809,24.482389],[54.389772,24.482455],[54.38978,24.482506],[54.389911,24.482566],[54.389947,24.4825],[54.389939,24.482448],[54.389809,24.482389]]]}},{"type":"Feature","properties":{},"geometry":{"type":"Polygon","coordinates":[[[54.389997,24.482755],[54.389907,24.482825],[54.389915,24.482876],[54.38998,24.482945],[54.39007,24.482876],[54.390062,24.482824],[54.389997,24.482755]]]}},{"type":"Feature","properties":{},"geometry":{"type":"Polygon","coordinates":[[[54.386697,24.482936],[54.386737,24.483194],[54.387127,24.483467],[54.387639,24.482867],[54.387599,24.482609],[54.387203,24.482327],[54.386697,24.482936]]]}},{"type":"Feature","properties":{},"geometry":{"type":"Polygon","coordinates":[[[54.387843,24.485182],[54.387851,24.485234],[54.387902,24.48528],[54.387978,24.485211],[54.38797,24.485159],[54.387919,24.485113],[54.387843,24.485182]]]}},{"type":"Feature","properties":{},"geometry":{"type":"Polygon","coordinates":[[[54.389451,24.485691],[54.389604,24.485847],[54.389667,24.485796],[54.389646,24.485732],[54.389701,24.485688],[54.389693,24.485636],[54.389584,24.485525],[54.389443,24.485639],[54.389451,24.485691]]]}},{"type":"Feature","properties":{},"geometry":{"type":"Polygon","coordinates":[[[54.387364,24.48671],[54.387265,24.486819],[54.387273,24.486871],[54.387321,24.486907],[54.387418,24.486796],[54.38741,24.486744],[54.387364,24.48671]]]}},{"type":"Feature","properties":{},"geometry":{"type":"Polygon","coordinates":[[[54.387449,24.486816],[54.38738,24.486892],[54.387388,24.486944],[54.387477,24.487009],[54.387547,24.486934],[54.387539,24.486882],[54.387449,24.486816]]]}},{"type":"Feature","properties":{},"geometry":{"type":"Polygon","coordinates":[[[54.385113,24.486646],[54.385057,24.486927],[54.385084,24.487099],[54.38548,24.487161],[54.385543,24.486877],[54.385516,24.486706],[54.385113,24.486646]]]}},{"type":"Feature","properties":{},"geometry":{"type":"Polygon","coordinates":[[[54.386453,24.486984],[54.386339,24.48711],[54.386347,24.487162],[54.386433,24.487226],[54.386552,24.487106],[54.386544,24.487055],[54.386453,24.486984]]]}},{"type":"Feature","properties":{},"geometry":{"type":"Polygon","coordinates":[[[54.384808,24.487298],[54.384731,24.487386],[54.384739,24.487438],[54.384803,24.487482],[54.384881,24.487395],[54.384873,24.487343],[54.384808,24.487298]]]}},{"type":"Feature","properties":{},"geometry":{"type":"Polygon","coordinates":[[[54.387304,24.487669],[54.387253,24.487282],[54.387069,24.487297],[54.386955,24.487206],[54.386943,24.487126],[54.386854,24.487055],[54.386515,24.487435],[54.386555,24.487693],[54.386653,24.48777],[54.386691,24.487732],[54.386839,24.48784],[54.386867,24.488018],[54.38701,24.488004],[54.386988,24.487849],[54.387154,24.487663],[54.387177,24.487684],[54.387304,24.487669]]]}},{"type":"Feature","properties":{},"geometry":{"type":"Polygon","coordinates":[[[54.385602,24.488027],[54.385528,24.487972],[54.385521,24.487933],[54.38542,24.487862],[54.385368,24.487918],[54.385317,24.487884],[54.385015,24.488232],[54.385045,24.488429],[54.385027,24.488464],[54.385035,24.488516],[54.38509,24.488539],[54.385099,24.488522],[54.385158,24.488566],[54.385171,24.488649],[54.38542,24.488828],[54.385582,24.488649],[54.385552,24.488458],[54.385647,24.488357],[54.385602,24.488027]]]}},{"type":"Feature","properties":{},"geometry":{"type":"Polygon","coordinates":[[[54.38598,24.488851],[54.386007,24.489023],[54.386143,24.489066],[54.386233,24.488843],[54.386271,24.488801],[54.386489,24.488673],[54.386462,24.488501],[54.386385,24.488388],[54.386347,24.488409],[54.386334,24.488328],[54.386082,24.488145],[54.385948,24.4883],[54.385957,24.488362],[54.385883,24.488306],[54.38579,24.488408],[54.385816,24.488579],[54.386025,24.488735],[54.38598,24.488851]]]}},{"type":"Feature","properties":{},"geometry":{"type":"Polygon","coordinates":[[[54.384825,24.488689],[54.384833,24.48874],[54.385072,24.48891],[54.385149,24.488817],[54.385141,24.488766],[54.384904,24.488593],[54.384825,24.488689]]]}},{"type":"Feature","properties":{},"geometry":{"type":"Polygon","coordinates":[[[54.38558,24.488884],[54.385588,24.488935],[54.385835,24.489117],[54.385865,24.489083],[54.385873,24.489131],[54.385916,24.489165],[54.385957,24.489122],[54.385949,24.489071],[54.385906,24.489037],[54.385973,24.488961],[54.385965,24.488909],[54.385897,24.488858],[54.385813,24.488948],[54.385743,24.488892],[54.385799,24.488828],[54.385791,24.488776],[54.38572,24.488724],[54.38558,24.488884]]]}},{"type":"Feature","properties":{},"geometry":{"type":"Polygon","coordinates":[[[54.385137,24.488882],[54.385145,24.488933],[54.385392,24.489116],[54.385532,24.488961],[54.385524,24.48891],[54.385455,24.48886],[54.385374,24.48895],[54.385299,24.488893],[54.385356,24.48883],[54.385348,24.488778],[54.385276,24.488729],[54.385137,24.488882]]]}},{"type":"Feature","properties":{},"geometry":{"type":"Polygon","coordinates":[[[54.385098,24.489058],[54.385106,24.48911],[54.3852,24.48919],[54.385273,24.489107],[54.385265,24.489056],[54.385204,24.48901],[54.385192,24.489023],[54.385187,24.488991],[54.385147,24.488972],[54.385098,24.489058]]]}},{"type":"Feature","properties":{},"geometry":{"type":"Polygon","coordinates":[[[54.385762,24.489433],[54.385833,24.489475],[54.385925,24.48935],[54.385917,24.489299],[54.385846,24.489256],[54.385787,24.489336],[54.385766,24.489201],[54.385515,24.48901],[54.385267,24.48929],[54.385294,24.489462],[54.385405,24.489539],[54.385517,24.48941],[54.385508,24.489348],[54.385551,24.489297],[54.385614,24.489343],[54.385629,24.48944],[54.385692,24.489486],[54.385759,24.489411],[54.385762,24.489433]]]}},{"type":"Feature","properties":{},"geometry":{"type":"Polygon","coordinates":[[[54.385923,24.489465],[54.385949,24.489637],[54.386218,24.489832],[54.386346,24.489657],[54.38632,24.489485],[54.386041,24.489309],[54.385923,24.489465]]]}},{"type":"Feature","properties":{},"geometry":{"type":"Polygon","coordinates":[[[54.385595,24.48949],[54.385603,24.489542],[54.386073,24.489872],[54.386109,24.489828],[54.386101,24.489776],[54.385634,24.489447],[54.385595,24.48949]]]}},{"type":"Feature","properties":{},"geometry":{"type":"Polygon","coordinates":[[[54.386116,24.489899],[54.386204,24.489962],[54.38624,24.489923],[54.386232,24.489871],[54.386143,24.489808],[54.386108,24.489847],[54.386116,24.489899]]]}},{"type":"Feature","properties":{},"geometry":{"type":"Polygon","coordinates":[[[54.387186,24.490329],[54.387178,24.490277],[54.386971,24.490128],[54.386964,24.490038],[54.3869,24.490036],[54.386905,24.490131],[54.386942,24.490132],[54.386835,24.490257],[54.386843,24.490308],[54.387066,24.490467],[54.387186,24.490329]]]}},{"type":"Feature","properties":{},"geometry":{"type":"Polygon","coordinates":[[[54.386166,24.490902],[54.386305,24.490977],[54.38635,24.490908],[54.386342,24.490856],[54.386316,24.490842],[54.386313,24.490821],[54.386213,24.490767],[54.386158,24.490851],[54.386166,24.490902]]]}},{"type":"Feature","properties":{},"geometry":{"type":"Polygon","coordinates":[[[54.386236,24.492187],[54.386149,24.492098],[54.38614,24.491902],[54.386184,24.491799],[54.386294,24.491883],[54.386364,24.491799],[54.386347,24.491691],[54.386325,24.491676],[54.386474,24.491606],[54.38664,24.491408],[54.386623,24.4913],[54.385526,24.490487],[54.384776,24.491378],[54.384786,24.491443],[54.384744,24.491426],[54.38472,24.491473],[54.384728,24.491525],[54.384779,24.491545],[54.384801,24.491492],[54.386225,24.492463],[54.386284,24.492361],[54.386267,24.492254],[54.386236,24.492187]]]}},{"type":"Feature","properties":{},"geometry":{"type":"Polygon","coordinates":[[[54.384734,24.491642],[54.384726,24.491591],[54.384666,24.491539],[54.384628,24.491576],[54.384636,24.491627],[54.384696,24.491678],[54.384734,24.491642]]]}},{"type":"Feature","properties":{},"geometry":{"type":"Polygon","coordinates":[[[54.384798,24.49197],[54.384823,24.491987],[54.384889,24.491907],[54.384881,24.491855],[54.384574,24.491644],[54.384507,24.491724],[54.384512,24.491755],[54.384485,24.491787],[54.384493,24.491839],[54.384775,24.492037],[54.384804,24.492004],[54.384798,24.49197]]]}},{"type":"Feature","properties":{},"geometry":{"type":"Polygon","coordinates":[[[54.384952,24.492039],[54.384879,24.492132],[54.384835,24.492107],[54.384774,24.492154],[54.384704,24.492257],[54.384731,24.492429],[54.384949,24.492551],[54.385029,24.492433],[54.385022,24.492391],[54.385032,24.492397],[54.385085,24.492355],[54.38512,24.492304],[54.38511,24.492242],[54.385141,24.492263],[54.385287,24.492088],[54.385279,24.492037],[54.385246,24.492015],[54.385204,24.492065],[54.385181,24.492018],[54.385259,24.491951],[54.385251,24.4919],[54.385171,24.491822],[54.385115,24.491869],[54.385094,24.491848],[54.384938,24.491981],[54.384952,24.492039]],[[54.385093,24.492134],[54.385107,24.492122],[54.385136,24.492147],[54.385102,24.492187],[54.385093,24.492134]]]}},{"type":"Feature","properties":{},"geometry":{"type":"Polygon","coordinates":[[[54.385466,24.491961],[54.385403,24.492058],[54.385411,24.49211],[54.385454,24.492133],[54.385517,24.492037],[54.385509,24.491985],[54.385466,24.491961]]]}},{"type":"Feature","properties":{},"geometry":{"type":"Polygon","coordinates":[[[54.385167,24.492504],[54.385208,24.492762],[54.386125,24.493426],[54.386353,24.492833],[54.386313,24.492575],[54.385554,24.492038],[54.385395,24.492238],[54.385411,24.49234],[54.385342,24.492296],[54.385167,24.492504]]]}},{"type":"Feature","properties":{},"geometry":{"type":"Polygon","coordinates":[[[54.384797,24.492733],[54.384751,24.492798],[54.384759,24.49285],[54.384868,24.492915],[54.384915,24.49285],[54.384907,24.492799],[54.384797,24.492733]]]}},{"type":"Feature","properties":{},"geometry":{"type":"Polygon","coordinates":[[[54.387845,24.493856],[54.388028,24.493925],[54.388449,24.493215],[54.388409,24.492957],[54.388344,24.492845],[54.38829,24.492837],[54.388253,24.492863],[54.388243,24.492902],[54.388222,24.492885],[54.387805,24.493598],[54.387845,24.493856]]]}},{"type":"Feature","properties":{},"geometry":{"type":"Polygon","coordinates":[[[54.388506,24.493993],[54.388493,24.493904],[54.38838,24.493917],[54.388393,24.494006],[54.388506,24.493993]]]}},{"type":"Feature","properties":{},"geometry":{"type":"Polygon","coordinates":[[[54.388313,24.493964],[54.38828,24.494084],[54.388288,24.494135],[54.388346,24.494149],[54.388379,24.494029],[54.388371,24.493978],[54.388313,24.493964]]]}},{"type":"Feature","properties":{},"geometry":{"type":"Polygon","coordinates":[[[54.389311,24.493854],[54.389401,24.494466],[54.390211,24.494373],[54.390121,24.493761],[54.389311,24.493854]]]}},{"type":"Feature","properties":{},"geometry":{"type":"Polygon","coordinates":[[[54.389255,24.494105],[54.389275,24.494083],[54.389271,24.493998],[54.389214,24.493647],[54.389122,24.493651],[54.389108,24.493557],[54.389031,24.493561],[54.389049,24.494002],[54.389089,24.49426],[54.389109,24.494276],[54.389134,24.494774],[54.389174,24.495032],[54.389246,24.495029],[54.389271,24.49519],[54.389382,24.495185],[54.389347,24.494448],[54.389306,24.49419],[54.389262,24.494192],[54.389255,24.494105]]]}},{"type":"Feature","properties":{},"geometry":{"type":"Polygon","coordinates":[[[54.387808,24.494727],[54.387848,24.49463],[54.388043,24.494694],[54.388118,24.494512],[54.388056,24.494112],[54.387649,24.493977],[54.387358,24.494681],[54.387421,24.49508],[54.38776,24.49531],[54.387889,24.495138],[54.387827,24.494738],[54.387808,24.494727]]]}},{"type":"Feature","properties":{},"geometry":{"type":"Polygon","coordinates":[[[54.385403,24.494783],[54.385326,24.494734],[54.385299,24.494769],[54.385269,24.494751],[54.385134,24.494926],[54.385142,24.494978],[54.385232,24.495048],[54.385319,24.495091],[54.385451,24.494921],[54.385443,24.494869],[54.385404,24.494844],[54.385403,24.494783]]]}},{"type":"Feature","properties":{},"geometry":{"type":"Polygon","coordinates":[[[54.388146,24.495705],[54.388167,24.495865],[54.388238,24.495858],[54.388247,24.495921],[54.388504,24.495895],[54.388485,24.495747],[54.388405,24.495755],[54.388398,24.495709],[54.3883,24.495719],[54.388296,24.49569],[54.388146,24.495705]]]}},{"type":"Feature","properties":{},"geometry":{"type":"Polygon","coordinates":[[[54.387574,24.496068],[54.387706,24.497018],[54.388457,24.496936],[54.388325,24.495985],[54.387574,24.496068]]]}},{"type":"Feature","properties":{},"geometry":{"type":"Polygon","coordinates":[[[54.386579,24.497389],[54.38654,24.497392],[54.386584,24.497755],[54.386591,24.497797],[54.386629,24.497794],[54.386643,24.497912],[54.386615,24.497915],[54.386626,24.498009],[54.386633,24.498052],[54.386672,24.498048],[54.38671,24.49836],[54.386674,24.498363],[54.386683,24.498432],[54.386689,24.498475],[54.386736,24.49847],[54.386779,24.498809],[54.387151,24.498772],[54.387138,24.498667],[54.387263,24.498654],[54.387243,24.498487],[54.387674,24.498455],[54.387669,24.498414],[54.387943,24.498387],[54.387984,24.498651],[54.388134,24.498636],[54.388126,24.498573],[54.388147,24.498571],[54.38815,24.498595],[54.388208,24.498589],[54.388205,24.498565],[54.388229,24.498562],[54.388238,24.498621],[54.38838,24.498606],[54.388324,24.498162],[54.388798,24.498114],[54.388741,24.497672],[54.389011,24.497646],[54.389002,24.497566],[54.389023,24.497564],[54.389001,24.497371],[54.38896,24.497113],[54.388938,24.497115],[54.388926,24.497036],[54.38866,24.497061],[54.388649,24.496995],[54.388009,24.497054],[54.387604,24.497104],[54.387617,24.497215],[54.387525,24.497221],[54.38752,24.497188],[54.38708,24.497236],[54.387059,24.497079],[54.387328,24.497049],[54.387313,24.496942],[54.387311,24.496928],[54.387043,24.496954],[54.38694,24.496187],[54.386709,24.496212],[54.386851,24.497281],[54.38657,24.497309],[54.386579,24.497389]]]}},{"type":"Feature","properties":{},"geometry":{"type":"Polygon","coordinates":[[[54.384421,24.497102],[54.384347,24.497196],[54.384355,24.497247],[54.384424,24.497293],[54.384499,24.497199],[54.384491,24.497147],[54.384421,24.497102]]]}},{"type":"Feature","properties":{},"geometry":{"type":"Polygon","coordinates":[[[54.389683,24.497601],[54.389601,24.497604],[54.389604,24.497657],[54.389542,24.49766],[54.389557,24.497857],[54.389758,24.497845],[54.389743,24.497623],[54.389687,24.497625],[54.389683,24.497601]]]}},{"type":"Feature","properties":{},"geometry":{"type":"Polygon","coordinates":[[[54.386817,24.498866],[54.386647,24.498885],[54.386661,24.49899],[54.386829,24.498973],[54.386817,24.498866]]]}},{"type":"Feature","properties":{},"geometry":{"type":"Polygon","coordinates":[[[54.38811,24.500159],[54.387848,24.500173],[54.387727,24.499275],[54.386775,24.499375],[54.386768,24.499506],[54.386808,24.499764],[54.386917,24.500041],[54.386959,24.500106],[54.387015,24.500431],[54.387086,24.500474],[54.387299,24.500486],[54.387499,24.500645],[54.38769,24.500625],[54.388037,24.500878],[54.387919,24.500905],[54.387929,24.50097],[54.388022,24.501115],[54.388057,24.501205],[54.388217,24.501052],[54.388226,24.501082],[54.388295,24.501641],[54.388112,24.501492],[54.38812,24.501571],[54.388053,24.501752],[54.388063,24.501816],[54.388144,24.501824],[54.388134,24.501871],[54.387938,24.502083],[54.387908,24.50206],[54.387837,24.502137],[54.387848,24.502191],[54.387597,24.502492],[54.387604,24.50254],[54.387477,24.502822],[54.38749,24.502908],[54.387597,24.502944],[54.38764,24.503039],[54.387577,24.503046],[54.387576,24.503105],[54.387363,24.503126],[54.387339,24.50325],[54.387435,24.503869],[54.387743,24.503827],[54.387772,24.50401],[54.388328,24.503813],[54.388232,24.503194],[54.388072,24.503066],[54.388044,24.503077],[54.387929,24.502808],[54.388105,24.502504],[54.388098,24.502461],[54.38842,24.502431],[54.388475,24.502785],[54.388501,24.502783],[54.38852,24.5029],[54.388698,24.502884],[54.388752,24.503299],[54.389965,24.503172],[54.389899,24.502644],[54.39034,24.502594],[54.39042,24.503194],[54.391172,24.50313],[54.391115,24.502617],[54.391433,24.502575],[54.391,24.498983],[54.391054,24.498977],[54.390929,24.498107],[54.389896,24.498215],[54.390001,24.498954],[54.389877,24.498968],[54.389968,24.499683],[54.389474,24.499728],[54.389403,24.499085],[54.388005,24.4992],[54.38811,24.500159]],[[54.389996,24.499923],[54.390312,24.502373],[54.38987,24.502417],[54.389737,24.501471],[54.389598,24.501481],[54.389596,24.501466],[54.3896,24.501432],[54.389731,24.501419],[54.389567,24.500249],[54.389427,24.500263],[54.389421,24.500227],[54.389282,24.500242],[54.389287,24.500282],[54.389168,24.500294],[54.389262,24.501007],[54.38921,24.500969],[54.389113,24.500147],[54.389071,24.50015],[54.389062,24.500076],[54.389507,24.500037],[54.389499,24.49996],[54.389501,24.499973],[54.389996,24.499923]],[[54.389438,24.50145],[54.389443,24.501482],[54.389465,24.501479],[54.389467,24.501497],[54.389347,24.501506],[54.389393,24.502003],[54.389442,24.502319],[54.389389,24.502325],[54.389305,24.501471],[54.389327,24.501427],[54.389332,24.50146],[54.389438,24.50145]],[[54.388799,24.500117],[54.388832,24.500114],[54.38884,24.500171],[54.388807,24.500174],[54.388799,24.500117]]]}},{"type":"Feature","properties":{},"geometry":{"type":"Polygon","coordinates":[[[54.389134,24.503267],[54.389141,24.503372],[54.389248,24.503374],[54.389242,24.503268],[54.389134,24.503267]]]}},{"type":"Feature","properties":{},"geometry":{"type":"Polygon","coordinates":[[[54.388967,24.503405],[54.388952,24.503303],[54.388737,24.503327],[54.388752,24.50343],[54.388967,24.503405]]]}},{"type":"Feature","properties":{},"geometry":{"type":"Polygon","coordinates":[[[54.387527,24.504019],[54.387519,24.503969],[54.3874,24.503984],[54.387415,24.504078],[54.387492,24.504068],[54.387501,24.504152],[54.387565,24.50415],[54.387554,24.504018],[54.387527,24.504019]]]}},{"type":"Feature","properties":{},"geometry":{"type":"Polygon","coordinates":[[[54.387362,24.50404],[54.387378,24.504138],[54.387422,24.504131],[54.387406,24.504034],[54.387362,24.50404]]]}},{"type":"Feature","properties":{},"geometry":{"type":"Polygon","coordinates":[[[54.389259,24.507106],[54.389248,24.507021],[54.389152,24.507028],[54.389164,24.507114],[54.389259,24.507106]]]}},{"type":"Feature","properties":{},"geometry":{"type":"Polygon","coordinates":[[[54.39058,24.482459],[54.390563,24.482582],[54.390571,24.482634],[54.390705,24.482646],[54.390726,24.482523],[54.390718,24.482472],[54.39058,24.482459]]]}},{"type":"Feature","properties":{},"geometry":{"type":"Polygon","coordinates":[[[54.391035,24.482607],[54.390942,24.482565],[54.390825,24.482772],[54.390833,24.482823],[54.39092,24.482868],[54.391005,24.482723],[54.390947,24.482828],[54.390955,24.482879],[54.391036,24.482918],[54.391157,24.482712],[54.391149,24.48266],[54.391062,24.48262],[54.391043,24.482655],[54.391035,24.482607]]]}},{"type":"Feature","properties":{},"geometry":{"type":"Polygon","coordinates":[[[54.390461,24.482735],[54.390469,24.482786],[54.390718,24.482924],[54.390773,24.482843],[54.390765,24.482792],[54.390518,24.482654],[54.390461,24.482735]]]}},{"type":"Feature","properties":{},"geometry":{"type":"Polygon","coordinates":[[[54.391306,24.483116],[54.391302,24.483085],[54.391056,24.482942],[54.390997,24.483025],[54.391005,24.483076],[54.391246,24.483219],[54.391277,24.48318],[54.391302,24.483342],[54.39162,24.483508],[54.391635,24.483478],[54.391627,24.483427],[54.391564,24.4834],[54.391606,24.483332],[54.39158,24.483163],[54.391591,24.483145],[54.391638,24.483169],[54.391647,24.483151],[54.391694,24.483175],[54.391769,24.483055],[54.391742,24.482883],[54.391509,24.482769],[54.391468,24.48284],[54.391462,24.482801],[54.391195,24.48268],[54.391155,24.48275],[54.391163,24.482802],[54.391252,24.482847],[54.391237,24.482875],[54.391234,24.482861],[54.391191,24.482839],[54.39115,24.482902],[54.391158,24.482954],[54.391203,24.482977],[54.391241,24.482916],[54.391243,24.48293],[54.391379,24.482992],[54.391306,24.483116]]]}},{"type":"Feature","properties":{},"geometry":{"type":"Polygon","coordinates":[[[54.392149,24.483103],[54.392141,24.483051],[54.392042,24.483006],[54.392022,24.483043],[54.39203,24.483095],[54.392126,24.483141],[54.392149,24.483103]]]}},{"type":"Feature","properties":{},"geometry":{"type":"Polygon","coordinates":[[[54.392281,24.483077],[54.392174,24.483027],[54.392146,24.483078],[54.392154,24.48313],[54.392236,24.483168],[54.392207,24.483218],[54.392215,24.48327],[54.392269,24.483294],[54.392327,24.483192],[54.392319,24.48314],[54.392288,24.483125],[54.392281,24.483077]]]}},{"type":"Feature","properties":{},"geometry":{"type":"Polygon","coordinates":[[[54.392282,24.483312],[54.39229,24.483363],[54.392383,24.483406],[54.392484,24.483231],[54.392476,24.48318],[54.392379,24.483134],[54.392282,24.483312]]]}},{"type":"Feature","properties":{},"geometry":{"type":"Polygon","coordinates":[[[54.391041,24.483736],[54.391247,24.483883],[54.391256,24.483873],[54.391332,24.483948],[54.391419,24.483872],[54.391411,24.48382],[54.391353,24.483763],[54.391435,24.48367],[54.391408,24.483498],[54.391224,24.483358],[54.391015,24.483564],[54.391041,24.483736]]]}},{"type":"Feature","properties":{},"geometry":{"type":"Polygon","coordinates":[[[54.39068,24.484447],[54.390688,24.484498],[54.390807,24.484614],[54.390898,24.484536],[54.39089,24.484485],[54.390771,24.484369],[54.39068,24.484447]]]}},{"type":"Feature","properties":{},"geometry":{"type":"Polygon","coordinates":[[[54.394224,24.488111],[54.394238,24.488197],[54.394561,24.488561],[54.394651,24.48849],[54.394706,24.488839],[54.394888,24.489025],[54.394998,24.488936],[54.395062,24.489001],[54.395279,24.488825],[54.395261,24.488706],[54.395303,24.488671],[54.395215,24.488106],[54.395468,24.487881],[54.39537,24.487249],[54.395338,24.487219],[54.395256,24.487186],[54.395144,24.487174],[54.395019,24.487192],[54.39497,24.487235],[54.39498,24.487303],[54.394866,24.487404],[54.394876,24.487466],[54.394864,24.487477],[54.394897,24.487689],[54.394747,24.487473],[54.39462,24.487343],[54.394572,24.487382],[54.394555,24.487364],[54.394369,24.487515],[54.394396,24.487687],[54.394441,24.487733],[54.394425,24.487746],[54.394275,24.4876],[54.394095,24.487756],[54.394099,24.487785],[54.394066,24.487813],[54.394093,24.487985],[54.394224,24.488111]]]}},{"type":"Feature","properties":{},"geometry":{"type":"Polygon","coordinates":[[[54.392548,24.489083],[54.392698,24.489171],[54.392849,24.489317],[54.392896,24.489383],[54.393265,24.489235],[54.393282,24.48934],[54.393813,24.48927],[54.39375,24.488869],[54.393172,24.488945],[54.393098,24.488906],[54.393043,24.488846],[54.393021,24.488796],[54.393034,24.488723],[54.393067,24.488665],[54.393116,24.488619],[54.393192,24.488582],[54.393718,24.488536],[54.393649,24.487917],[54.392872,24.487985],[54.392909,24.488341],[54.392655,24.488656],[54.392483,24.488575],[54.392314,24.488534],[54.392295,24.488626],[54.392215,24.488605],[54.392125,24.48894],[54.392135,24.489005],[54.392398,24.48903],[54.392548,24.489083]]]}},{"type":"Feature","properties":{},"geometry":{"type":"Polygon","coordinates":[[[54.39429,24.489613],[54.394271,24.489615],[54.394312,24.489967],[54.394388,24.490453],[54.394352,24.490468],[54.394058,24.490825],[54.394011,24.490704],[54.393938,24.490627],[54.39383,24.490571],[54.393988,24.490382],[54.393891,24.489814],[54.393513,24.489847],[54.393237,24.48969],[54.392995,24.489698],[54.392899,24.490086],[54.392856,24.490178],[54.392767,24.490289],[54.392729,24.490281],[54.392598,24.490361],[54.392349,24.490475],[54.392143,24.490511],[54.391935,24.490511],[54.391736,24.490465],[54.391721,24.490502],[54.391733,24.490578],[54.3917,24.4906],[54.391651,24.49071],[54.391661,24.490774],[54.391734,24.490844],[54.391952,24.490886],[54.392313,24.490998],[54.392386,24.490934],[54.392513,24.490934],[54.39258,24.491062],[54.392994,24.491007],[54.393311,24.491194],[54.393401,24.491075],[54.393397,24.491054],[54.39348,24.491159],[54.393573,24.491213],[54.39372,24.491236],[54.393441,24.491575],[54.393499,24.491754],[54.393835,24.491986],[54.395058,24.490517],[54.395053,24.490483],[54.394882,24.49037],[54.39482,24.490374],[54.394738,24.489787],[54.394755,24.489786],[54.394713,24.489432],[54.394622,24.488843],[54.394524,24.488853],[54.394508,24.488755],[54.394327,24.488773],[54.394339,24.488873],[54.39419,24.488888],[54.39429,24.489613]]]}},{"type":"Feature","properties":{},"geometry":{"type":"Polygon","coordinates":[[[54.392869,24.491091],[54.392169,24.491164],[54.39225,24.491748],[54.39248,24.491724],[54.39259,24.49243],[54.392226,24.492479],[54.392403,24.493599],[54.392985,24.493521],[54.392879,24.49284],[54.393075,24.492815],[54.393102,24.492615],[54.392869,24.491091]]]}},{"type":"Feature","properties":{},"geometry":{"type":"Polygon","coordinates":[[[54.395381,24.49201],[54.395484,24.492084],[54.395586,24.491967],[54.395557,24.491784],[54.395743,24.491571],[54.395626,24.490818],[54.395387,24.490647],[54.395185,24.490879],[54.395213,24.491058],[54.395186,24.491038],[54.395007,24.491243],[54.395057,24.491565],[54.394932,24.491475],[54.394754,24.49168],[54.394799,24.491967],[54.394662,24.491877],[54.394623,24.491927],[54.394529,24.491865],[54.394395,24.492033],[54.394493,24.492664],[54.394533,24.492691],[54.394546,24.492773],[54.394682,24.492863],[54.394755,24.492771],[54.39485,24.492834],[54.394925,24.49274],[54.394869,24.492324],[54.395094,24.492485],[54.395127,24.492446],[54.395231,24.49252],[54.395332,24.492404],[54.395268,24.491992],[54.395347,24.492049],[54.395381,24.49201]]]}},{"type":"Feature","properties":{},"geometry":{"type":"Polygon","coordinates":[[[54.394247,24.49231],[54.394233,24.49222],[54.393984,24.49204],[54.393805,24.492246],[54.393908,24.492907],[54.39415,24.493081],[54.394184,24.493042],[54.394287,24.493116],[54.394388,24.492999],[54.394285,24.492338],[54.394247,24.49231]]]}},{"type":"Feature","properties":{},"geometry":{"type":"Polygon","coordinates":[[[54.390587,24.492771],[54.390399,24.492942],[54.390407,24.492994],[54.390513,24.49309],[54.390701,24.492919],[54.390693,24.492868],[54.390587,24.492771]]]}},{"type":"Feature","properties":{},"geometry":{"type":"Polygon","coordinates":[[[54.393522,24.494489],[54.393515,24.494441],[54.393367,24.494459],[54.393371,24.494483],[54.39331,24.49449],[54.393371,24.494902],[54.39364,24.49487],[54.393582,24.494482],[54.393522,24.494489]]]}},{"type":"Feature","properties":{},"geometry":{"type":"Polygon","coordinates":[[[54.394325,24.496044],[54.3942,24.495176],[54.393632,24.495242],[54.39378,24.496266],[54.393904,24.496252],[54.394109,24.496069],[54.394325,24.496044]]]}},{"type":"Feature","properties":{},"geometry":{"type":"Polygon","coordinates":[[[54.392781,24.496338],[54.392837,24.496296],[54.393696,24.496211],[54.393572,24.495316],[54.392676,24.495443],[54.392781,24.496338]]]}},{"type":"Feature","properties":{},"geometry":{"type":"Polygon","coordinates":[[[54.390232,24.496074],[54.390224,24.496025],[54.390147,24.496033],[54.390245,24.496621],[54.390429,24.496603],[54.390416,24.496497],[54.390488,24.496489],[54.390476,24.496397],[54.390517,24.496396],[54.390516,24.496369],[54.390573,24.496364],[54.390576,24.496383],[54.390651,24.49638],[54.390649,24.496356],[54.390667,24.496354],[54.390576,24.495677],[54.390226,24.495712],[54.390227,24.495726],[54.390109,24.495729],[54.390121,24.495888],[54.390239,24.495884],[54.390235,24.495791],[54.39027,24.49607],[54.390232,24.496074]]]}},{"type":"Feature","properties":{},"geometry":{"type":"Polygon","coordinates":[[[54.389841,24.495821],[54.38987,24.49598],[54.389963,24.495965],[54.389935,24.495807],[54.389841,24.495821]]]}},{"type":"Feature","properties":{},"geometry":{"type":"Polygon","coordinates":[[[54.391541,24.496979],[54.391551,24.497069],[54.391671,24.497064],[54.391661,24.496974],[54.391541,24.496979]]]}},{"type":"Feature","properties":{},"geometry":{"type":"Polygon","coordinates":[[[54.391422,24.496985],[54.391429,24.497071],[54.391504,24.497073],[54.391497,24.496987],[54.391422,24.496985]]]}},{"type":"Feature","properties":{},"geometry":{"type":"Polygon","coordinates":[[[54.391607,24.49709],[54.391623,24.497179],[54.391678,24.497169],[54.391662,24.49708],[54.391607,24.49709]]]}},{"type":"Feature","properties":{},"geometry":{"type":"Polygon","coordinates":[[[54.391351,24.497296],[54.391345,24.497181],[54.391312,24.49718],[54.391309,24.497052],[54.391186,24.49705],[54.391192,24.497196],[54.391231,24.497197],[54.391238,24.497293],[54.391351,24.497296]]]}},{"type":"Feature","properties":{},"geometry":{"type":"Polygon","coordinates":[[[54.39443,24.497648],[54.394681,24.497766],[54.394809,24.4977],[54.394925,24.497606],[54.394914,24.497532],[54.394958,24.497469],[54.395037,24.49743],[54.39507,24.497371],[54.39503,24.497114],[54.394542,24.496821],[54.39431,24.497106],[54.39435,24.497364],[54.39443,24.497648]]]}},{"type":"Feature","properties":{},"geometry":{"type":"Polygon","coordinates":[[[54.393313,24.498116],[54.393318,24.498248],[54.39336,24.498249],[54.393355,24.498117],[54.393313,24.498116]]]}},{"type":"Feature","properties":{},"geometry":{"type":"Polygon","coordinates":[[[54.391607,24.498889],[54.392023,24.49887],[54.391881,24.497941],[54.391505,24.497815],[54.391368,24.497883],[54.391514,24.498832],[54.391607,24.498889]]]}},{"type":"Feature","properties":{},"geometry":{"type":"Polygon","coordinates":[[[54.393466,24.49866],[54.393662,24.499923],[54.39541,24.499729],[54.39526,24.498664],[54.395136,24.498542],[54.393466,24.49866]]]}},{"type":"Feature","properties":{},"geometry":{"type":"Polygon","coordinates":[[[54.394869,24.500337],[54.394898,24.500502],[54.394945,24.500495],[54.394916,24.50033],[54.394869,24.500337]]]}},{"type":"Feature","properties":{},"geometry":{"type":"Polygon","coordinates":[[[54.391889,24.500727],[54.391623,24.500751],[54.391687,24.501171],[54.391948,24.501141],[54.391889,24.500727]]]}},{"type":"Feature","properties":{},"geometry":{"type":"Polygon","coordinates":[[[54.392091,24.503633],[54.392107,24.503734],[54.392199,24.503721],[54.392183,24.503621],[54.392091,24.503633]]]}},{"type":"Feature","properties":{},"geometry":{"type":"Polygon","coordinates":[[[54.392562,24.503862],[54.392554,24.503762],[54.392463,24.503763],[54.392471,24.503863],[54.392562,24.503862]]]}},{"type":"Feature","properties":{},"geometry":{"type":"Polygon","coordinates":[[[54.392105,24.503737],[54.392119,24.503891],[54.392282,24.503882],[54.392268,24.503729],[54.392105,24.503737]]]}},{"type":"Feature","properties":{},"geometry":{"type":"Polygon","coordinates":[[[54.392512,24.504452],[54.392488,24.504166],[54.392598,24.504153],[54.392558,24.503881],[54.392347,24.503906],[54.392386,24.504171],[54.392405,24.504458],[54.392512,24.504452]]]}},{"type":"Feature","properties":{},"geometry":{"type":"Polygon","coordinates":[[[54.392073,24.504184],[54.392124,24.504181],[54.392104,24.503938],[54.392054,24.50394],[54.392073,24.504184]]]}},{"type":"Feature","properties":{},"geometry":{"type":"Polygon","coordinates":[[[54.392189,24.504994],[54.392244,24.50499],[54.392239,24.504943],[54.392464,24.504921],[54.39249,24.505125],[54.3926,24.505115],[54.392576,24.504909],[54.39268,24.504899],[54.39262,24.504452],[54.392343,24.50448],[54.392272,24.503917],[54.392164,24.503927],[54.392231,24.504491],[54.392177,24.504496],[54.392224,24.504859],[54.392173,24.504863],[54.392189,24.504994]]]}},{"type":"Feature","properties":{},"geometry":{"type":"Polygon","coordinates":[[[54.392511,24.504268],[54.392531,24.504355],[54.3926,24.504336],[54.39258,24.504249],[54.392511,24.504268]]]}},{"type":"Feature","properties":{},"geometry":{"type":"Polygon","coordinates":[[[54.39209,24.504227],[54.392106,24.504447],[54.392155,24.504445],[54.392139,24.504225],[54.39209,24.504227]]]}},{"type":"Feature","properties":{},"geometry":{"type":"Polygon","coordinates":[[[54.392319,24.505083],[54.39233,24.505245],[54.392442,24.505242],[54.392431,24.505081],[54.392319,24.505083]]]}},{"type":"Feature","properties":{},"geometry":{"type":"Polygon","coordinates":[[[54.392208,24.505104],[54.392219,24.505265],[54.392277,24.505264],[54.392266,24.505103],[54.392208,24.505104]]]}},{"type":"Feature","properties":{},"geometry":{"type":"Polygon","coordinates":[[[54.392522,24.505149],[54.392558,24.505648],[54.392585,24.50582],[54.392799,24.505808],[54.392764,24.505308],[54.392737,24.505136],[54.392522,24.505149]]]}},{"type":"Feature","properties":{},"geometry":{"type":"Polygon","coordinates":[[[54.389666,24.505666],[54.38979,24.505658],[54.389761,24.505337],[54.389699,24.505341],[54.389702,24.50538],[54.38964,24.505384],[54.389666,24.505666]]]}},{"type":"Feature","properties":{},"geometry":{"type":"Polygon","coordinates":[[[54.389842,24.505811],[54.389868,24.505983],[54.390083,24.505969],[54.390056,24.505628],[54.389993,24.505205],[54.389795,24.505218],[54.389842,24.505811]]]}},{"type":"Feature","properties":{},"geometry":{"type":"Polygon","coordinates":[[[54.391873,24.506898],[54.391859,24.506801],[54.39177,24.50681],[54.391784,24.506907],[54.391873,24.506898]]]}},{"type":"Feature","properties":{},"geometry":{"type":"Polygon","coordinates":[[[54.391978,24.506869],[54.392009,24.507011],[54.392075,24.506997],[54.392067,24.506947],[54.392106,24.506939],[54.392088,24.506846],[54.391978,24.506869]]]}},{"type":"Feature","properties":{},"geometry":{"type":"Polygon","coordinates":[[[54.39188,24.506896],[54.391896,24.507009],[54.391932,24.507005],[54.391916,24.506892],[54.39188,24.506896]]]}},{"type":"Feature","properties":{},"geometry":{"type":"Polygon","coordinates":[[[54.39253,24.506794],[54.392583,24.507309],[54.392768,24.507297],[54.392715,24.506783],[54.39253,24.506794]]]}},{"type":"Feature","properties":{},"geometry":{"type":"Polygon","coordinates":[[[54.391824,24.507195],[54.39195,24.507193],[54.39194,24.507053],[54.391814,24.507055],[54.391824,24.507195]]]}},{"type":"Feature","properties":{},"geometry":{"type":"Polygon","coordinates":[[[54.392919,24.507266],[54.393,24.507257],[54.392985,24.507152],[54.392904,24.50716],[54.392919,24.507266]]]}},{"type":"Feature","properties":{},"geometry":{"type":"Polygon","coordinates":[[[54.391971,24.507638],[54.391934,24.507327],[54.391531,24.507352],[54.391568,24.507662],[54.391971,24.507638]]]}},{"type":"Feature","properties":{},"geometry":{"type":"Polygon","coordinates":[[[54.391047,24.507429],[54.391054,24.507561],[54.391187,24.507563],[54.39118,24.507431],[54.391047,24.507429]]]}},{"type":"Feature","properties":{},"geometry":{"type":"Polygon","coordinates":[[[54.393104,24.508696],[54.39311,24.508782],[54.393224,24.508786],[54.393217,24.5087],[54.393104,24.508696]]]}},{"type":"Feature","properties":{},"geometry":{"type":"Polygon","coordinates":[[[54.393096,24.508788],[54.393088,24.508707],[54.39297,24.508709],[54.392978,24.508791],[54.393096,24.508788]]]}},{"type":"Feature","properties":{},"geometry":{"type":"Polygon","coordinates":[[[54.393604,24.509096],[54.393615,24.509202],[54.393666,24.5092],[54.393655,24.509094],[54.393604,24.509096]]]}},{"type":"Feature","properties":{},"geometry":{"type":"Polygon","coordinates":[[[54.393382,24.509472],[54.393334,24.509406],[54.393287,24.509433],[54.393298,24.509489],[54.393096,24.509587],[54.393104,24.509638],[54.393152,24.50972],[54.393194,24.5097],[54.39322,24.50987],[54.393327,24.510045],[54.393665,24.509874],[54.393661,24.50985],[54.393835,24.509762],[54.393795,24.509504],[54.393563,24.509125],[54.393369,24.509224],[54.393374,24.509257],[54.393366,24.509245],[54.393317,24.509272],[54.393325,24.509324],[54.393401,24.509434],[54.393416,24.509493],[54.393387,24.509507],[54.393382,24.509472]]]}},{"type":"Feature","properties":{},"geometry":{"type":"Polygon","coordinates":[[[54.393818,24.509388],[54.393826,24.50944],[54.393863,24.509499],[54.393897,24.509482],[54.393889,24.50943],[54.393853,24.509371],[54.393818,24.509388]]]}},{"type":"Feature","properties":{},"geometry":{"type":"Polygon","coordinates":[[[54.394181,24.509904],[54.394173,24.509852],[54.394018,24.509606],[54.393978,24.509629],[54.393986,24.50968],[54.394064,24.509793],[54.394031,24.509807],[54.394039,24.509859],[54.394085,24.509945],[54.394181,24.509904]]]}},{"type":"Feature","properties":{},"geometry":{"type":"Polygon","coordinates":[[[54.392992,24.509738],[54.393,24.509789],[54.393071,24.509829],[54.393099,24.509788],[54.393091,24.509737],[54.393021,24.509696],[54.392992,24.509738]]]}},{"type":"Feature","properties":{},"geometry":{"type":"Polygon","coordinates":[[[54.393869,24.509955],[54.393882,24.510042],[54.393924,24.510037],[54.393911,24.50995],[54.393869,24.509955]]]}},{"type":"Feature","properties":{},"geometry":{"type":"Polygon","coordinates":[[[54.393848,24.510074],[54.393887,24.510186],[54.393996,24.510139],[54.394044,24.510245],[54.394119,24.510211],[54.394111,24.510159],[54.39408,24.510102],[54.394203,24.51005],[54.394163,24.509938],[54.393848,24.510074]]]}},{"type":"Feature","properties":{},"geometry":{"type":"Polygon","coordinates":[[[54.393764,24.510129],[54.393794,24.510234],[54.393853,24.510214],[54.393823,24.510109],[54.393764,24.510129]]]}},{"type":"Feature","properties":{},"geometry":{"type":"Polygon","coordinates":[[[54.394225,24.510094],[54.394156,24.51016],[54.394164,24.510212],[54.394261,24.510293],[54.394359,24.510198],[54.394351,24.510146],[54.39429,24.510095],[54.39426,24.510124],[54.394225,24.510094]]]}},{"type":"Feature","properties":{},"geometry":{"type":"Polygon","coordinates":[[[54.406771,24.479935],[54.406679,24.480012],[54.406687,24.480064],[54.406751,24.480128],[54.406844,24.480051],[54.406836,24.48],[54.406771,24.479935]]]}},{"type":"Feature","properties":{},"geometry":{"type":"Polygon","coordinates":[[[54.406236,24.480447],[54.406226,24.480438],[54.406188,24.480478],[54.406104,24.480529],[54.406112,24.48058],[54.406144,24.48062],[54.406178,24.480598],[54.406198,24.480726],[54.406241,24.480768],[54.406282,24.480734],[54.406463,24.480913],[54.406609,24.48079],[54.406583,24.480618],[54.406457,24.480495],[54.406531,24.480348],[54.406523,24.480297],[54.406404,24.480249],[54.40636,24.480331],[54.406343,24.48022],[54.40647,24.480153],[54.40643,24.479895],[54.406373,24.479805],[54.406287,24.479851],[54.406281,24.479812],[54.406176,24.479648],[54.405927,24.479779],[54.405944,24.479888],[54.405776,24.479976],[54.405787,24.480048],[54.405737,24.480075],[54.405777,24.480333],[54.40584,24.480431],[54.405856,24.480423],[54.405945,24.480564],[54.406269,24.480403],[54.406233,24.480433],[54.406236,24.480447]],[[54.406299,24.480393],[54.406295,24.480389],[54.406305,24.480384],[54.406299,24.480393]]]}},{"type":"Feature","properties":{},"geometry":{"type":"Polygon","coordinates":[[[54.405672,24.480452],[54.40568,24.480504],[54.405707,24.480549],[54.405783,24.480511],[54.405775,24.48046],[54.405748,24.480415],[54.405672,24.480452]]]}},{"type":"Feature","properties":{},"geometry":{"type":"Polygon","coordinates":[[[54.405408,24.481018],[54.405429,24.481042],[54.405548,24.480955],[54.405508,24.480697],[54.405367,24.480537],[54.405263,24.480613],[54.405173,24.48051],[54.405027,24.480617],[54.404982,24.480566],[54.404751,24.480736],[54.404791,24.480994],[54.404987,24.481216],[54.40516,24.481105],[54.405169,24.481115],[54.405279,24.481035],[54.405274,24.481004],[54.405325,24.480967],[54.405385,24.481035],[54.405408,24.481018]]]}},{"type":"Feature","properties":{},"geometry":{"type":"Polygon","coordinates":[[[54.40464,24.481125],[54.404666,24.481211],[54.404722,24.481188],[54.404697,24.481102],[54.40464,24.481125]]]}},{"type":"Feature","properties":{},"geometry":{"type":"Polygon","coordinates":[[[54.404485,24.481571],[54.404445,24.481313],[54.404282,24.481036],[54.403673,24.48131],[54.403713,24.481568],[54.403957,24.481841],[54.404485,24.481571]]]}},{"type":"Feature","properties":{},"geometry":{"type":"Polygon","coordinates":[[[54.405923,24.481577],[54.40597,24.481884],[54.405846,24.481639],[54.405621,24.481752],[54.40558,24.481799],[54.40564,24.482186],[54.405662,24.482241],[54.405807,24.482372],[54.405875,24.482523],[54.40594,24.482583],[54.406181,24.482433],[54.406143,24.482189],[54.406202,24.482269],[54.406288,24.482338],[54.406516,24.482191],[54.406456,24.481804],[54.406244,24.481517],[54.406178,24.481406],[54.406001,24.481509],[54.405923,24.481577]]]}},{"type":"Feature","properties":{},"geometry":{"type":"Polygon","coordinates":[[[54.405261,24.482119],[54.405348,24.482647],[54.405396,24.482731],[54.405424,24.48272],[54.405477,24.482826],[54.405712,24.482711],[54.405651,24.482324],[54.405622,24.482223],[54.405591,24.482228],[54.405542,24.482007],[54.405398,24.481892],[54.40529,24.481997],[54.405261,24.482119]]]}},{"type":"Feature","properties":{},"geometry":{"type":"Polygon","coordinates":[[[54.406354,24.482654],[54.406382,24.482644],[54.4064,24.482766],[54.406735,24.483275],[54.406911,24.48318],[54.406884,24.483008],[54.40655,24.482498],[54.406527,24.482511],[54.406485,24.482446],[54.40631,24.482553],[54.406312,24.482564],[54.406107,24.48267],[54.406115,24.482721],[54.406151,24.482779],[54.406357,24.482673],[54.406354,24.482654]]]}},{"type":"Feature","properties":{},"geometry":{"type":"Polygon","coordinates":[[[54.403048,24.483257],[54.403268,24.483132],[54.403255,24.483046],[54.403079,24.482706],[54.402754,24.48227],[54.402445,24.482395],[54.402385,24.482366],[54.402377,24.482242],[54.402291,24.482238],[54.401421,24.483154],[54.401435,24.483357],[54.401477,24.48342],[54.401651,24.483461],[54.401849,24.483376],[54.402164,24.483291],[54.402584,24.483301],[54.403108,24.483482],[54.403048,24.483257]]]}},{"type":"Feature","properties":{},"geometry":{"type":"Polygon","coordinates":[[[54.405703,24.483852],[54.405455,24.483133],[54.405126,24.483265],[54.405166,24.483523],[54.405284,24.483922],[54.404939,24.484017],[54.405006,24.484442],[54.404939,24.484734],[54.405006,24.48516],[54.405685,24.485298],[54.405809,24.484905],[54.405743,24.484481],[54.405743,24.48411],[54.405703,24.483852]]]}},{"type":"Feature","properties":{},"geometry":{"type":"Polygon","coordinates":[[[54.404513,24.485288],[54.404582,24.485068],[54.40458,24.484773],[54.40454,24.484515],[54.403751,24.484451],[54.40362,24.484898],[54.403526,24.485074],[54.40334,24.485265],[54.40338,24.485523],[54.403991,24.486058],[54.404188,24.485867],[54.404407,24.485531],[54.404513,24.485288]]]}},{"type":"Feature","properties":{},"geometry":{"type":"Polygon","coordinates":[[[54.406754,24.485552],[54.406713,24.485613],[54.406721,24.485664],[54.406826,24.485723],[54.406867,24.485662],[54.406859,24.48561],[54.406754,24.485552]]]}},{"type":"Feature","properties":{},"geometry":{"type":"Polygon","coordinates":[[[54.40406,24.486285],[54.404023,24.48626],[54.403971,24.486254],[54.403234,24.486607],[54.403254,24.486736],[54.403464,24.487289],[54.403498,24.487322],[54.40355,24.487336],[54.403787,24.487252],[54.404142,24.487062],[54.40441,24.486865],[54.404437,24.486826],[54.404408,24.486649],[54.40406,24.486285]],[[54.403623,24.486912],[54.403597,24.486839],[54.403967,24.486649],[54.404014,24.486708],[54.403623,24.486912]]]}},{"type":"Feature","properties":{},"geometry":{"type":"Polygon","coordinates":[[[54.400169,24.486792],[54.400209,24.48705],[54.400676,24.48738],[54.400794,24.487416],[54.400906,24.487375],[54.401247,24.486621],[54.401207,24.486363],[54.400743,24.486123],[54.400631,24.486302],[54.400169,24.486792]]]}},{"type":"Feature","properties":{},"geometry":{"type":"Polygon","coordinates":[[[54.40617,24.487917],[54.406127,24.487642],[54.405832,24.487429],[54.405686,24.487602],[54.405729,24.487877],[54.406026,24.488097],[54.40617,24.487917]]]}},{"type":"Feature","properties":{},"geometry":{"type":"Polygon","coordinates":[[[54.402625,24.488136],[54.402288,24.488086],[54.401773,24.487981],[54.401144,24.487765],[54.400111,24.487303],[54.399543,24.486934],[54.398968,24.486502],[54.397734,24.487851],[54.397774,24.488109],[54.398914,24.488964],[54.400236,24.489657],[54.401006,24.489971],[54.401797,24.490141],[54.40264,24.490201],[54.40292,24.489854],[54.402625,24.488136]]]}},{"type":"Feature","properties":{},"geometry":{"type":"Polygon","coordinates":[[[54.40802,24.488719],[54.407768,24.488343],[54.40762,24.488423],[54.407598,24.488281],[54.407318,24.487873],[54.406913,24.488103],[54.406916,24.488127],[54.406903,24.488107],[54.406497,24.488337],[54.406537,24.488595],[54.406817,24.489003],[54.406926,24.488941],[54.406944,24.489053],[54.407223,24.489461],[54.407629,24.489231],[54.407609,24.489103],[54.407685,24.489207],[54.40806,24.488977],[54.40802,24.488719]]]}},{"type":"Feature","properties":{},"geometry":{"type":"Polygon","coordinates":[[[54.400362,24.490428],[54.400058,24.490467],[54.400125,24.490904],[54.400429,24.490865],[54.400362,24.490428]]]}},{"type":"Feature","properties":{},"geometry":{"type":"Polygon","coordinates":[[[54.398549,24.492228],[54.398675,24.492209],[54.398624,24.49184],[54.398498,24.491854],[54.398549,24.492228]]]}},{"type":"Feature","properties":{},"geometry":{"type":"Polygon","coordinates":[[[54.398789,24.492512],[54.399103,24.492472],[54.399082,24.49232],[54.398848,24.492349],[54.398825,24.492216],[54.398753,24.492225],[54.398789,24.492512]]]}},{"type":"Feature","properties":{},"geometry":{"type":"Polygon","coordinates":[[[54.398525,24.492233],[54.398578,24.492614],[54.398655,24.492605],[54.398602,24.492224],[54.398525,24.492233]]]}},{"type":"Feature","properties":{},"geometry":{"type":"Polygon","coordinates":[[[54.395653,24.492258],[54.395588,24.492557],[54.395614,24.492729],[54.396023,24.492803],[54.396089,24.492504],[54.396062,24.492332],[54.395653,24.492258]]]}},{"type":"Feature","properties":{},"geometry":{"type":"Polygon","coordinates":[[[54.406379,24.492879],[54.406249,24.493007],[54.406257,24.493058],[54.406354,24.49314],[54.406484,24.493012],[54.406476,24.49296],[54.406379,24.492879]]]}},{"type":"Feature","properties":{},"geometry":{"type":"Polygon","coordinates":[[[54.406247,24.492254],[54.405376,24.492715],[54.405341,24.492999],[54.40535,24.493055],[54.406209,24.493783],[54.406536,24.493511],[54.406527,24.493456],[54.405986,24.493008],[54.406323,24.492698],[54.406315,24.492642],[54.406192,24.492557],[54.406363,24.492477],[54.406355,24.492421],[54.406247,24.492254]]]}},{"type":"Feature","properties":{},"geometry":{"type":"Polygon","coordinates":[[[54.399918,24.49302],[54.400013,24.493664],[54.400744,24.493579],[54.400649,24.492935],[54.399918,24.49302]]]}},{"type":"Feature","properties":{},"geometry":{"type":"Polygon","coordinates":[[[54.403551,24.494736],[54.403633,24.494728],[54.403637,24.494758],[54.403736,24.494748],[54.403723,24.494639],[54.403797,24.494651],[54.403848,24.49463],[54.403947,24.494682],[54.403997,24.495004],[54.404103,24.49506],[54.404118,24.495037],[54.404132,24.495044],[54.404146,24.495134],[54.404229,24.495178],[54.404512,24.494733],[54.404415,24.49411],[54.404594,24.493829],[54.404587,24.493784],[54.404621,24.493729],[54.404581,24.493471],[54.404418,24.493385],[54.404364,24.49347],[54.404296,24.493434],[54.404047,24.493458],[54.403978,24.493577],[54.403873,24.493527],[54.403709,24.493544],[54.403703,24.493509],[54.403359,24.493544],[54.403368,24.493617],[54.403273,24.493627],[54.403326,24.494059],[54.403286,24.494063],[54.403362,24.494611],[54.403408,24.494606],[54.403439,24.494809],[54.403558,24.494797],[54.403551,24.494736]]]}},{"type":"Feature","properties":{},"geometry":{"type":"Polygon","coordinates":[[[54.40635,24.49524],[54.406305,24.495308],[54.406313,24.495359],[54.406379,24.495396],[54.406425,24.495328],[54.406417,24.495276],[54.40635,24.49524]]]}},{"type":"Feature","properties":{},"geometry":{"type":"Polygon","coordinates":[[[54.406591,24.495368],[54.406608,24.495368],[54.406598,24.495288],[54.406472,24.495298],[54.406483,24.495371],[54.406529,24.49537],[54.406486,24.495406],[54.406494,24.495457],[54.406604,24.495564],[54.40668,24.495499],[54.406672,24.495447],[54.406591,24.495368]]]}},{"type":"Feature","properties":{},"geometry":{"type":"Polygon","coordinates":[[[54.406448,24.495591],[54.406395,24.495503],[54.406312,24.495545],[54.40632,24.495596],[54.406373,24.495685],[54.406385,24.495679],[54.406361,24.495724],[54.406369,24.495776],[54.406554,24.495855],[54.406625,24.495717],[54.406617,24.495665],[54.406485,24.495609],[54.406467,24.495645],[54.406448,24.495591]]]}},{"type":"Feature","properties":{},"geometry":{"type":"Polygon","coordinates":[[[54.406224,24.495803],[54.406232,24.495855],[54.406259,24.49587],[54.406305,24.495805],[54.406297,24.495754],[54.40627,24.495738],[54.406224,24.495803]]]}},{"type":"Feature","properties":{},"geometry":{"type":"Polygon","coordinates":[[[54.406249,24.496094],[54.406239,24.496021],[54.406202,24.496007],[54.40619,24.495968],[54.406167,24.495971],[54.406181,24.496062],[54.40621,24.496087],[54.406249,24.496094]]]}},{"type":"Feature","properties":{},"geometry":{"type":"Polygon","coordinates":[[[54.406312,24.496158],[54.40632,24.49621],[54.406393,24.496244],[54.406408,24.496217],[54.4064,24.496166],[54.406327,24.496131],[54.406312,24.496158]]]}},{"type":"Feature","properties":{},"geometry":{"type":"Polygon","coordinates":[[[54.405897,24.496904],[54.405905,24.496956],[54.405985,24.497045],[54.406052,24.496997],[54.406044,24.496945],[54.405962,24.496854],[54.405897,24.496904]]]}},{"type":"Feature","properties":{},"geometry":{"type":"Polygon","coordinates":[[[54.406949,24.497299],[54.407057,24.497252],[54.407149,24.497189],[54.407152,24.497211],[54.407367,24.497231],[54.4074,24.496916],[54.407376,24.496766],[54.407249,24.496767],[54.407171,24.496261],[54.407834,24.496327],[54.408214,24.496443],[54.408308,24.497045],[54.408294,24.497078],[54.40836,24.497503],[54.408775,24.497734],[54.40889,24.497679],[54.408987,24.497685],[54.409066,24.497669],[54.409114,24.497637],[54.409127,24.497567],[54.409596,24.497344],[54.40953,24.496918],[54.409385,24.496689],[54.409016,24.496854],[54.408932,24.49632],[54.408891,24.496233],[54.408758,24.496113],[54.408512,24.495994],[54.408504,24.495925],[54.408289,24.495808],[54.40865,24.495277],[54.408716,24.49536],[54.408994,24.495507],[54.409295,24.495556],[54.409654,24.495537],[54.409997,24.495444],[54.409964,24.495229],[54.409867,24.495048],[54.409653,24.494565],[54.40962,24.494405],[54.409738,24.494374],[54.409741,24.49434],[54.409532,24.493029],[54.409064,24.493135],[54.408549,24.493307],[54.408054,24.493578],[54.407631,24.493885],[54.407294,24.494291],[54.407454,24.495315],[54.407581,24.4954],[54.407695,24.495476],[54.407714,24.495454],[54.407786,24.495503],[54.408056,24.495197],[54.408305,24.494979],[54.408543,24.495124],[54.408136,24.495723],[54.406894,24.495031],[54.406715,24.495524],[54.406613,24.496087],[54.406559,24.496192],[54.406645,24.496775],[54.406329,24.496853],[54.406356,24.497025],[54.406459,24.497395],[54.406766,24.497309],[54.406949,24.497299]]]}},{"type":"Feature","properties":{},"geometry":{"type":"Polygon","coordinates":[[[54.40543,24.496793],[54.405428,24.496499],[54.405411,24.496392],[54.404485,24.49605],[54.404158,24.496949],[54.403928,24.497053],[54.403945,24.49716],[54.404189,24.497686],[54.404226,24.497926],[54.404425,24.498318],[54.404686,24.498208],[54.404633,24.49787],[54.4049,24.497553],[54.40491,24.49762],[54.405123,24.4977],[54.405336,24.497192],[54.405306,24.496997],[54.40543,24.496793]]]}},{"type":"Feature","properties":{},"geometry":{"type":"Polygon","coordinates":[[[54.40576,24.497675],[54.405643,24.497652],[54.405654,24.49772],[54.405802,24.49792],[54.405882,24.498089],[54.405923,24.498306],[54.40592,24.498713],[54.405882,24.498867],[54.405791,24.499035],[54.405677,24.499174],[54.405491,24.499342],[54.405357,24.499441],[54.405304,24.499099],[54.405397,24.49895],[54.405459,24.498914],[54.405483,24.498854],[54.405429,24.498461],[54.405332,24.498066],[54.405283,24.498019],[54.405209,24.498001],[54.405129,24.498028],[54.405089,24.49808],[54.405099,24.498144],[54.405071,24.498172],[54.405047,24.498153],[54.404875,24.498333],[54.404851,24.498402],[54.404855,24.498473],[54.40483,24.498577],[54.404772,24.498671],[54.404698,24.498736],[54.404569,24.498791],[54.404451,24.498802],[54.404327,24.498776],[54.404234,24.498809],[54.404127,24.498878],[54.404138,24.498946],[54.404128,24.498955],[54.404065,24.498942],[54.404006,24.498969],[54.40397,24.499012],[54.403959,24.499091],[54.40403,24.499547],[54.404063,24.499618],[54.404282,24.499708],[54.404416,24.499739],[54.404475,24.499724],[54.404531,24.499675],[54.40457,24.499603],[54.404537,24.499391],[54.404709,24.499393],[54.404756,24.499693],[54.40449,24.499725],[54.404483,24.500286],[54.404493,24.500355],[54.404652,24.500344],[54.404698,24.500619],[54.404738,24.500663],[54.404816,24.500655],[54.404933,24.50057],[54.404957,24.500584],[54.405038,24.500495],[54.405021,24.50028],[54.405184,24.500244],[54.405232,24.500326],[54.405297,24.500373],[54.405305,24.500428],[54.405426,24.50045],[54.405431,24.500425],[54.405546,24.500439],[54.40563,24.500413],[54.40566,24.500362],[54.405614,24.500046],[54.405691,24.500006],[54.405692,24.500017],[54.40574,24.500013],[54.405762,24.500092],[54.405809,24.500153],[54.405866,24.500186],[54.405927,24.500168],[54.405971,24.500091],[54.405991,24.500005],[54.406019,24.500004],[54.406027,24.499889],[54.406003,24.499734],[54.406266,24.499415],[54.406384,24.499207],[54.406484,24.498959],[54.406539,24.498671],[54.406555,24.498399],[54.406522,24.498107],[54.406444,24.497802],[54.406036,24.497727],[54.406041,24.497703],[54.40608,24.497711],[54.406115,24.497563],[54.406089,24.497391],[54.406015,24.497379],[54.406007,24.497326],[54.4058,24.497287],[54.40574,24.497548],[54.40576,24.497675]]]}},{"type":"Feature","properties":{},"geometry":{"type":"Polygon","coordinates":[[[54.402864,24.498563],[54.402757,24.498744],[54.40274,24.498873],[54.402959,24.500318],[54.403026,24.50037],[54.403045,24.500492],[54.40321,24.500517],[54.403356,24.5005],[54.403472,24.500458],[54.4036,24.50037],[54.403657,24.500307],[54.403703,24.500235],[54.40369,24.500152],[54.403837,24.500195],[54.403967,24.500209],[54.404097,24.500203],[54.404156,24.500579],[54.404174,24.500581],[54.404187,24.500656],[54.404257,24.500702],[54.404373,24.500702],[54.404409,24.500687],[54.404426,24.500661],[54.404402,24.500508],[54.404403,24.500276],[54.404418,24.500252],[54.404342,24.499763],[54.404286,24.499723],[54.404214,24.499702],[54.4041,24.4997],[54.404072,24.499726],[54.404071,24.499825],[54.404024,24.499827],[54.403968,24.49971],[54.403894,24.499653],[54.403777,24.499622],[54.403688,24.499633],[54.403667,24.499509],[54.403644,24.499465],[54.403572,24.499392],[54.403515,24.499023],[54.403464,24.498982],[54.403439,24.498918],[54.403557,24.498766],[54.403663,24.498695],[54.403654,24.498639],[54.403937,24.498528],[54.404078,24.498443],[54.404159,24.498355],[54.404182,24.498303],[54.404167,24.498192],[54.404105,24.498147],[54.40413,24.498157],[54.404143,24.498129],[54.404135,24.498077],[54.404083,24.498057],[54.404068,24.498147],[54.403978,24.498096],[54.403208,24.498413],[54.403016,24.498458],[54.402864,24.498563]]]}},{"type":"Feature","properties":{},"geometry":{"type":"Polygon","coordinates":[[[54.396073,24.498517],[54.396078,24.498635],[54.396135,24.498636],[54.396129,24.498519],[54.396073,24.498517]]]}},{"type":"Feature","properties":{},"geometry":{"type":"Polygon","coordinates":[[[54.395419,24.499844],[54.395455,24.500049],[54.39557,24.500032],[54.395534,24.499827],[54.395419,24.499844]]]}},{"type":"Feature","properties":{},"geometry":{"type":"Polygon","coordinates":[[[54.395241,24.500009],[54.395272,24.500165],[54.395304,24.500159],[54.395273,24.500002],[54.395241,24.500009]]]}},{"type":"Feature","properties":{},"geometry":{"type":"Polygon","coordinates":[[[54.394922,24.50055],[54.395104,24.501657],[54.39567,24.501578],[54.395488,24.500472],[54.394922,24.50055]]]}},{"type":"Feature","properties":{},"geometry":{"type":"Polygon","coordinates":[[[54.395661,24.501895],[54.395666,24.502049],[54.395752,24.502051],[54.395747,24.501897],[54.395661,24.501895]]]}},{"type":"Feature","properties":{},"geometry":{"type":"Polygon","coordinates":[[[54.395532,24.502777],[54.395964,24.502719],[54.395873,24.502153],[54.395441,24.502211],[54.395532,24.502777]]]}},{"type":"Feature","properties":{},"geometry":{"type":"Polygon","coordinates":[[[54.406436,24.504731],[54.406531,24.504733],[54.406525,24.504539],[54.406432,24.504537],[54.406436,24.504731]]]}},{"type":"Feature","properties":{},"geometry":{"type":"Polygon","coordinates":[[[54.406088,24.504593],[54.406149,24.50481],[54.406241,24.50479],[54.406184,24.50457],[54.406088,24.504593]]]}},{"type":"Feature","properties":{},"geometry":{"type":"Polygon","coordinates":[[[54.397401,24.504687],[54.397415,24.50484],[54.397487,24.504836],[54.397473,24.504684],[54.397401,24.504687]]]}},{"type":"Feature","properties":{},"geometry":{"type":"Polygon","coordinates":[[[54.406775,24.506395],[54.406866,24.50629],[54.406901,24.506168],[54.406828,24.505695],[54.406787,24.505553],[54.406674,24.505453],[54.406629,24.505497],[54.406626,24.50548],[54.406344,24.50524],[54.406082,24.505495],[54.406122,24.505753],[54.406404,24.505993],[54.406465,24.505934],[54.406502,24.506172],[54.406775,24.506395]]]}},{"type":"Feature","properties":{},"geometry":{"type":"Polygon","coordinates":[[[54.405066,24.506279],[54.404973,24.506527],[54.40499,24.506633],[54.404948,24.50662],[54.404806,24.507019],[54.404832,24.507191],[54.405089,24.507283],[54.405263,24.506888],[54.405246,24.506775],[54.405278,24.506785],[54.405371,24.506537],[54.405347,24.50638],[54.405386,24.506393],[54.405501,24.506095],[54.405479,24.505951],[54.405519,24.505961],[54.405613,24.505646],[54.405586,24.505474],[54.405385,24.505424],[54.405291,24.505739],[54.405311,24.505871],[54.405179,24.505828],[54.405064,24.506126],[54.405088,24.506286],[54.405066,24.506279]]]}},{"type":"Feature","properties":{},"geometry":{"type":"Polygon","coordinates":[[[54.404404,24.507263],[54.404412,24.507314],[54.404505,24.507405],[54.404538,24.507377],[54.40453,24.507326],[54.404437,24.507235],[54.404404,24.507263]]]}},{"type":"Feature","properties":{},"geometry":{"type":"Polygon","coordinates":[[[54.405593,24.506955],[54.405529,24.506966],[54.404898,24.508066],[54.404978,24.508582],[54.405073,24.508646],[54.405436,24.508584],[54.405942,24.507674],[54.405855,24.507079],[54.405593,24.506955]]]}},{"type":"Feature","properties":{},"geometry":{"type":"Polygon","coordinates":[[[54.406249,24.507993],[54.406313,24.508406],[54.406709,24.508798],[54.406821,24.508683],[54.406757,24.508271],[54.406367,24.507886],[54.406249,24.507993]]]}},{"type":"Feature","properties":{},"geometry":{"type":"Polygon","coordinates":[[[54.406392,24.509151],[54.406441,24.509199],[54.406553,24.509084],[54.406489,24.508672],[54.406098,24.508287],[54.40598,24.508394],[54.406045,24.508807],[54.406288,24.509048],[54.406258,24.509081],[54.406266,24.509132],[54.406352,24.509197],[54.406392,24.509151]]]}},{"type":"Feature","properties":{},"geometry":{"type":"Polygon","coordinates":[[[54.405724,24.508722],[54.405788,24.509134],[54.406185,24.509527],[54.406297,24.509412],[54.406232,24.508999],[54.405842,24.508615],[54.405724,24.508722]]]}},{"type":"Feature","properties":{},"geometry":{"type":"Polygon","coordinates":[[[54.405168,24.509948],[54.405316,24.510092],[54.405379,24.510035],[54.405481,24.510103],[54.405662,24.50984],[54.405598,24.509432],[54.405477,24.509367],[54.405383,24.509473],[54.405231,24.509371],[54.405105,24.509539],[54.405168,24.509948]]]}},{"type":"Feature","properties":{},"geometry":{"type":"Polygon","coordinates":[[[54.406227,24.510786],[54.406275,24.510854],[54.406555,24.51069],[54.406547,24.510635],[54.406516,24.510591],[54.406533,24.510579],[54.406574,24.510317],[54.406565,24.510262],[54.406429,24.510139],[54.406188,24.51034],[54.406084,24.510413],[54.405947,24.51048],[54.405819,24.510521],[54.405565,24.510545],[54.405328,24.510706],[54.405146,24.510891],[54.405155,24.510947],[54.405201,24.510985],[54.405294,24.511017],[54.405598,24.511025],[54.4058,24.510967],[54.406079,24.510863],[54.406227,24.510786]]]}},{"type":"Feature","properties":{},"geometry":{"type":"Polygon","coordinates":[[[54.397166,24.510689],[54.397139,24.510517],[54.396934,24.510367],[54.396681,24.510653],[54.396707,24.510825],[54.39691,24.510977],[54.397166,24.510689]]]}},{"type":"Feature","properties":{},"geometry":{"type":"Polygon","coordinates":[[[54.405952,24.512468],[54.405942,24.512186],[54.405881,24.511799],[54.405455,24.511831],[54.405478,24.512082],[54.405548,24.512495],[54.405571,24.512511],[54.405623,24.51251],[54.405678,24.512426],[54.405686,24.512344],[54.405793,24.512334],[54.405812,24.512425],[54.40585,24.512495],[54.405867,24.512509],[54.405919,24.51251],[54.405952,24.512468]]]}},{"type":"Feature","properties":{},"geometry":{"type":"Polygon","coordinates":[[[54.410374,24.479952],[54.410382,24.480003],[54.410532,24.480132],[54.410601,24.480065],[54.410593,24.480014],[54.410443,24.479885],[54.410374,24.479952]]]}},{"type":"Feature","properties":{},"geometry":{"type":"Polygon","coordinates":[[[54.410876,24.481795],[54.410884,24.481847],[54.410924,24.481881],[54.410953,24.481853],[54.410945,24.481801],[54.410906,24.481767],[54.410876,24.481795]]]}},{"type":"Feature","properties":{},"geometry":{"type":"Polygon","coordinates":[[[54.407248,24.482757],[54.407368,24.482859],[54.407483,24.48304],[54.407672,24.482968],[54.407714,24.482837],[54.407647,24.482408],[54.407249,24.481963],[54.407183,24.482071],[54.407041,24.482137],[54.407108,24.482567],[54.407248,24.482757]]]}},{"type":"Feature","properties":{},"geometry":{"type":"Polygon","coordinates":[[[54.409307,24.482887],[54.40932,24.483053],[54.409416,24.483049],[54.409403,24.482883],[54.409307,24.482887]]]}},{"type":"Feature","properties":{},"geometry":{"type":"Polygon","coordinates":[[[54.408584,24.484581],[54.408627,24.484856],[54.408872,24.485158],[54.409081,24.485017],[54.409038,24.484742],[54.408793,24.48444],[54.408584,24.484581]]]}},{"type":"Feature","properties":{},"geometry":{"type":"Polygon","coordinates":[[[54.408185,24.485271],[54.408403,24.485382],[54.408465,24.485348],[54.408532,24.485435],[54.408645,24.485351],[54.408602,24.485076],[54.408334,24.484777],[54.408129,24.484931],[54.408185,24.485271]]]}},{"type":"Feature","properties":{},"geometry":{"type":"Polygon","coordinates":[[[54.409673,24.485244],[54.409599,24.48533],[54.409423,24.4854],[54.409337,24.485483],[54.4093,24.485577],[54.409298,24.485763],[54.409335,24.485968],[54.409414,24.486097],[54.409502,24.486172],[54.409642,24.486182],[54.409724,24.486159],[54.409807,24.486075],[54.409854,24.485997],[54.409885,24.485883],[54.40987,24.485662],[54.410522,24.48678],[54.410881,24.486612],[54.410863,24.4865],[54.410414,24.485709],[54.410431,24.485632],[54.410412,24.485512],[54.410452,24.485434],[54.410731,24.485322],[54.410782,24.485406],[54.41089,24.485348],[54.410865,24.485268],[54.410995,24.485216],[54.410978,24.485104],[54.410804,24.484786],[54.409836,24.485253],[54.409801,24.485318],[54.409673,24.485244]]]}},{"type":"Feature","properties":{},"geometry":{"type":"Polygon","coordinates":[[[54.407262,24.485263],[54.406967,24.48555],[54.406975,24.485602],[54.40705,24.485665],[54.407344,24.485378],[54.407336,24.485327],[54.407262,24.485263]]]}},{"type":"Feature","properties":{},"geometry":{"type":"Polygon","coordinates":[[[54.409001,24.485574],[54.408922,24.485635],[54.40893,24.485687],[54.408971,24.48573],[54.40905,24.485668],[54.409042,24.485617],[54.409001,24.485574]]]}},{"type":"Feature","properties":{},"geometry":{"type":"Polygon","coordinates":[[[54.40903,24.485744],[54.409137,24.485897],[54.409196,24.485862],[54.409188,24.485811],[54.409135,24.485735],[54.40917,24.485714],[54.409162,24.485662],[54.409136,24.485626],[54.409022,24.485692],[54.40903,24.485744]]]}},{"type":"Feature","properties":{},"geometry":{"type":"Polygon","coordinates":[[[54.407889,24.48568],[54.407828,24.485631],[54.407809,24.485647],[54.407564,24.485445],[54.407378,24.485639],[54.407421,24.485914],[54.40748,24.485961],[54.407496,24.485945],[54.407559,24.486008],[54.407565,24.486049],[54.407613,24.486086],[54.407631,24.486066],[54.407741,24.486154],[54.407932,24.485955],[54.407889,24.48568]]]}},{"type":"Feature","properties":{},"geometry":{"type":"Polygon","coordinates":[[[54.408334,24.48801],[54.408374,24.488268],[54.408677,24.488751],[54.409551,24.488315],[54.409511,24.488057],[54.409385,24.487831],[54.409363,24.48769],[54.409247,24.487364],[54.408884,24.487647],[54.408334,24.48801]]]}},{"type":"Feature","properties":{},"geometry":{"type":"Polygon","coordinates":[[[54.410427,24.488464],[54.410138,24.488492],[54.410243,24.489356],[54.410641,24.489319],[54.410701,24.489787],[54.410838,24.489774],[54.410847,24.489833],[54.410896,24.48983],[54.410884,24.489736],[54.410849,24.489738],[54.410762,24.489025],[54.410678,24.489026],[54.410945,24.489003],[54.410862,24.48833],[54.410551,24.488356],[54.410556,24.488405],[54.410422,24.488416],[54.410427,24.488464]]]}},{"type":"Feature","properties":{},"geometry":{"type":"Polygon","coordinates":[[[54.410366,24.490348],[54.410925,24.490293],[54.41087,24.489907],[54.410511,24.489942],[54.410508,24.489927],[54.410467,24.489931],[54.410405,24.48949],[54.410256,24.489504],[54.410366,24.490348]]]}},{"type":"Feature","properties":{},"geometry":{"type":"Polygon","coordinates":[[[54.406961,24.490292],[54.406997,24.490424],[54.407062,24.490403],[54.407021,24.490271],[54.406961,24.490292]]]}},{"type":"Feature","properties":{},"geometry":{"type":"Polygon","coordinates":[[[54.410413,24.49103],[54.410439,24.491202],[54.410726,24.491205],[54.410733,24.490938],[54.410706,24.490766],[54.4106,24.490766],[54.410598,24.490812],[54.410416,24.490817],[54.410413,24.49103]]]}},{"type":"Feature","properties":{},"geometry":{"type":"Polygon","coordinates":[[[54.409272,24.491156],[54.409037,24.491149],[54.409036,24.491182],[54.408959,24.49118],[54.408955,24.491346],[54.409011,24.491348],[54.409015,24.491375],[54.409227,24.49138],[54.409229,24.491313],[54.409276,24.491315],[54.409272,24.491156]]]}},{"type":"Feature","properties":{},"geometry":{"type":"Polygon","coordinates":[[[54.410457,24.491298],[54.410444,24.491622],[54.41047,24.491794],[54.410843,24.491807],[54.410856,24.491483],[54.41083,24.491311],[54.410457,24.491298]]]}},{"type":"Feature","properties":{},"geometry":{"type":"Polygon","coordinates":[[[54.410488,24.496072],[54.410337,24.495938],[54.410046,24.496169],[54.410123,24.496687],[54.410232,24.496828],[54.410396,24.496724],[54.410368,24.496542],[54.410469,24.496456],[54.410605,24.496636],[54.410829,24.496531],[54.410775,24.496187],[54.410614,24.495998],[54.410488,24.496072]]]}},{"type":"Feature","properties":{},"geometry":{"type":"Polygon","coordinates":[[[54.408134,24.497301],[54.408268,24.496985],[54.408244,24.496834],[54.408035,24.496764],[54.407724,24.496686],[54.407491,24.496658],[54.407468,24.497083],[54.407491,24.497234],[54.40796,24.497286],[54.407967,24.497327],[54.408059,24.497392],[54.408104,24.497403],[54.408159,24.497371],[54.408134,24.497301]]]}},{"type":"Feature","properties":{},"geometry":{"type":"Polygon","coordinates":[[[54.409415,24.497947],[54.409165,24.497863],[54.40899,24.49793],[54.408992,24.498391],[54.409034,24.498657],[54.409424,24.49859],[54.409457,24.498213],[54.409415,24.497947]]]}},{"type":"Feature","properties":{},"geometry":{"type":"Polygon","coordinates":[[[54.408882,24.498826],[54.408922,24.49883],[54.408924,24.498611],[54.408852,24.4986],[54.408836,24.49866],[54.408882,24.498826]]]}},{"type":"Feature","properties":{},"geometry":{"type":"Polygon","coordinates":[[[54.409459,24.49892],[54.409435,24.498769],[54.408993,24.498738],[54.409005,24.499092],[54.408919,24.499457],[54.408943,24.499608],[54.409299,24.499703],[54.409406,24.499317],[54.409459,24.49892]]]}},{"type":"Feature","properties":{},"geometry":{"type":"Polygon","coordinates":[[[54.410052,24.499768],[54.410012,24.49951],[54.409978,24.499439],[54.4099,24.49938],[54.409787,24.499363],[54.409615,24.499373],[54.409548,24.499419],[54.409349,24.50004],[54.4093,24.500253],[54.40934,24.500511],[54.409382,24.500639],[54.409473,24.500706],[54.409653,24.500737],[54.409786,24.500734],[54.409911,24.50067],[54.409966,24.500554],[54.410052,24.499768]]]}},{"type":"Feature","properties":{},"geometry":{"type":"Polygon","coordinates":[[[54.408053,24.500954],[54.408025,24.501013],[54.408033,24.501064],[54.408071,24.501096],[54.408122,24.501023],[54.408155,24.500938],[54.408147,24.500887],[54.408085,24.500876],[54.408054,24.500908],[54.408053,24.500954]]]}},{"type":"Feature","properties":{},"geometry":{"type":"Polygon","coordinates":[[[54.409605,24.501431],[54.408723,24.501471],[54.408679,24.501799],[54.408719,24.502056],[54.408771,24.50218],[54.408792,24.502208],[54.409061,24.50222],[54.409379,24.502211],[54.40947,24.50218],[54.409585,24.502109],[54.409624,24.502004],[54.40965,24.501857],[54.409645,24.501689],[54.409605,24.501431]]]}},{"type":"Feature","properties":{},"geometry":{"type":"Polygon","coordinates":[[[54.410544,24.501523],[54.410437,24.50152],[54.410436,24.501607],[54.410335,24.501603],[54.410333,24.501852],[54.410394,24.502238],[54.410494,24.50224],[54.410492,24.502177],[54.410628,24.502178],[54.410633,24.501953],[54.410573,24.501566],[54.41055,24.501565],[54.410544,24.501523]]]}},{"type":"Feature","properties":{},"geometry":{"type":"Polygon","coordinates":[[[54.408025,24.50174],[54.407696,24.502403],[54.407736,24.50266],[54.408154,24.502835],[54.408335,24.502357],[54.408462,24.502115],[54.408422,24.501858],[54.408025,24.50174]]]}},{"type":"Feature","properties":{},"geometry":{"type":"Polygon","coordinates":[[[54.407515,24.502391],[54.407507,24.502438],[54.407515,24.502489],[54.407559,24.502499],[54.407616,24.502441],[54.407656,24.502365],[54.407648,24.502313],[54.407586,24.50231],[54.407515,24.502391]]]}},{"type":"Feature","properties":{},"geometry":{"type":"Polygon","coordinates":[[[54.407116,24.503077],[54.407124,24.503128],[54.407187,24.503164],[54.407318,24.503047],[54.407343,24.503045],[54.407411,24.502937],[54.407403,24.502885],[54.407345,24.502871],[54.407275,24.502956],[54.40724,24.502926],[54.407116,24.503077]]]}},{"type":"Feature","properties":{},"geometry":{"type":"Polygon","coordinates":[[[54.40688,24.503364],[54.406925,24.503536],[54.407005,24.503519],[54.406943,24.503344],[54.40688,24.503364]]]}},{"type":"Feature","properties":{},"geometry":{"type":"Polygon","coordinates":[[[54.407036,24.503648],[54.406985,24.503805],[54.406993,24.503857],[54.407082,24.50388],[54.407142,24.503732],[54.407134,24.50368],[54.407036,24.503648]]]}},{"type":"Feature","properties":{},"geometry":{"type":"Polygon","coordinates":[[[54.40972,24.503497],[54.409576,24.503605],[54.40964,24.504014],[54.409972,24.50438],[54.410117,24.504271],[54.410053,24.503863],[54.40972,24.503497]]]}},{"type":"Feature","properties":{},"geometry":{"type":"Polygon","coordinates":[[[54.410201,24.504126],[54.410265,24.504535],[54.410737,24.504613],[54.410768,24.504455],[54.410705,24.504046],[54.410233,24.503968],[54.410201,24.504126]]]}},{"type":"Feature","properties":{},"geometry":{"type":"Polygon","coordinates":[[[54.409054,24.504354],[54.409147,24.504956],[54.409442,24.505293],[54.409704,24.504995],[54.40961,24.504393],[54.409259,24.504094],[54.409054,24.504354]]]}},{"type":"Feature","properties":{},"geometry":{"type":"Polygon","coordinates":[[[54.407866,24.505725],[54.407876,24.50587],[54.408041,24.505894],[54.408028,24.505741],[54.407866,24.505725]]]}},{"type":"Feature","properties":{},"geometry":{"type":"Polygon","coordinates":[[[54.409712,24.506279],[54.409757,24.506165],[54.409759,24.506045],[54.409719,24.505787],[54.40968,24.50568],[54.409606,24.50559],[54.409506,24.505526],[54.409388,24.505493],[54.409265,24.505495],[54.409148,24.505532],[54.40905,24.505601],[54.408981,24.505693],[54.408947,24.505801],[54.408994,24.50618],[54.409045,24.506291],[54.409134,24.506381],[54.409251,24.506438],[54.409382,24.506456],[54.409512,24.506433],[54.409627,24.506372],[54.409712,24.506279]]]}},{"type":"Feature","properties":{},"geometry":{"type":"Polygon","coordinates":[[[54.407028,24.506464],[54.407118,24.507044],[54.407426,24.507279],[54.407719,24.506971],[54.407629,24.506391],[54.407472,24.506231],[54.407244,24.506239],[54.407028,24.506464]]]}},{"type":"Feature","properties":{},"geometry":{"type":"Polygon","coordinates":[[[54.407339,24.507292],[54.407333,24.507251],[54.406919,24.506861],[54.406822,24.506949],[54.406836,24.506998],[54.406749,24.507074],[54.406765,24.507126],[54.406677,24.507196],[54.406683,24.507238],[54.407025,24.507555],[54.407126,24.507469],[54.407122,24.50744],[54.407214,24.507361],[54.407237,24.507381],[54.407339,24.507292]]]}},{"type":"Feature","properties":{},"geometry":{"type":"Polygon","coordinates":[[[54.406609,24.507421],[54.406729,24.507572],[54.406772,24.507544],[54.406764,24.507492],[54.406644,24.507341],[54.406601,24.50737],[54.406609,24.507421]]]}},{"type":"Feature","properties":{},"geometry":{"type":"Polygon","coordinates":[[[54.409692,24.507556],[54.409481,24.507344],[54.409287,24.507513],[54.409314,24.507685],[54.409675,24.508046],[54.409736,24.508004],[54.409719,24.507728],[54.409692,24.507556]]]}},{"type":"Feature","properties":{},"geometry":{"type":"Polygon","coordinates":[[[54.407137,24.507782],[54.407145,24.507833],[54.407179,24.507859],[54.407209,24.507826],[54.407201,24.507774],[54.407167,24.507749],[54.407137,24.507782]]]}},{"type":"Feature","properties":{},"geometry":{"type":"Polygon","coordinates":[[[54.410247,24.507805],[54.410204,24.507719],[54.410122,24.507721],[54.40999,24.507756],[54.409856,24.507859],[54.409825,24.507938],[54.409852,24.50811],[54.409881,24.508152],[54.409953,24.508191],[54.409999,24.508176],[54.410137,24.50817],[54.410358,24.508027],[54.410313,24.507789],[54.410247,24.507805]]]}},{"type":"Feature","properties":{},"geometry":{"type":"Polygon","coordinates":[[[54.408846,24.507921],[54.408859,24.508078],[54.408898,24.508077],[54.408897,24.508046],[54.408926,24.508045],[54.408925,24.507856],[54.408877,24.507857],[54.40888,24.50792],[54.408846,24.507921]]]}},{"type":"Feature","properties":{},"geometry":{"type":"Polygon","coordinates":[[[54.409278,24.508116],[54.409189,24.50819],[54.409197,24.508242],[54.409239,24.508284],[54.409328,24.50821],[54.40932,24.508159],[54.409278,24.508116]]]}},{"type":"Feature","properties":{},"geometry":{"type":"Polygon","coordinates":[[[54.409138,24.508809],[54.409167,24.508792],[54.409185,24.508818],[54.409361,24.508714],[54.409334,24.508542],[54.409273,24.508456],[54.40922,24.508487],[54.409158,24.5084],[54.409014,24.508484],[54.409027,24.508584],[54.408987,24.508608],[54.408992,24.508642],[54.408969,24.508655],[54.408996,24.508827],[54.409026,24.50887],[54.40906,24.50885],[54.409084,24.508882],[54.409144,24.508847],[54.409138,24.508809]]]}},{"type":"Feature","properties":{},"geometry":{"type":"Polygon","coordinates":[[[54.407523,24.508861],[54.407531,24.508913],[54.407558,24.508942],[54.407623,24.508892],[54.407615,24.508841],[54.407587,24.508811],[54.407523,24.508861]]]}},{"type":"Feature","properties":{},"geometry":{"type":"Polygon","coordinates":[[[54.407656,24.509013],[54.407664,24.509064],[54.40782,24.509217],[54.407872,24.509173],[54.407864,24.509122],[54.407708,24.508969],[54.407656,24.509013]]]}},{"type":"Feature","properties":{},"geometry":{"type":"Polygon","coordinates":[[[54.407645,24.510069],[54.407582,24.509666],[54.407848,24.509914],[54.407964,24.509796],[54.4079,24.509383],[54.407538,24.50905],[54.407416,24.509159],[54.407478,24.509561],[54.407261,24.509357],[54.407282,24.509337],[54.407274,24.509285],[54.40717,24.509197],[54.407129,24.509238],[54.407137,24.509289],[54.407176,24.509323],[54.40706,24.509435],[54.407124,24.509847],[54.40751,24.510206],[54.407645,24.510069]]]}},{"type":"Feature","properties":{},"geometry":{"type":"Polygon","coordinates":[[[54.406652,24.509706],[54.406716,24.510119],[54.407078,24.51045],[54.407243,24.510334],[54.407179,24.509921],[54.406811,24.509574],[54.406652,24.509706]]]}},{"type":"Feature","properties":{},"geometry":{"type":"Polygon","coordinates":[[[54.410005,24.509826],[54.409662,24.510138],[54.409689,24.51031],[54.409874,24.510478],[54.410217,24.510166],[54.41019,24.509994],[54.410005,24.509826]]]}},{"type":"Feature","properties":{},"geometry":{"type":"Polygon","coordinates":[[[54.409957,24.511027],[54.410027,24.51113],[54.410098,24.51109],[54.410144,24.511189],[54.410213,24.511156],[54.410205,24.511104],[54.410173,24.511048],[54.410242,24.511009],[54.410221,24.511027],[54.410229,24.511078],[54.410263,24.51113],[54.410302,24.511109],[54.410298,24.511084],[54.410316,24.511109],[54.410514,24.510987],[54.410506,24.510935],[54.41043,24.510834],[54.410251,24.510944],[54.410233,24.510827],[54.410132,24.510678],[54.410247,24.510843],[54.410278,24.510825],[54.410271,24.510785],[54.410311,24.510762],[54.410303,24.51071],[54.410208,24.510574],[54.410122,24.510624],[54.41013,24.510675],[54.410096,24.510626],[54.4099,24.510736],[54.409957,24.511027]]]}},{"type":"Feature","properties":{},"geometry":{"type":"Polygon","coordinates":[[[54.409255,24.510762],[54.409231,24.51066],[54.409155,24.510618],[54.409095,24.510631],[54.409055,24.510675],[54.409048,24.510704],[54.409075,24.510812],[54.409128,24.510846],[54.409216,24.510831],[54.409255,24.510762]]]}},{"type":"Feature","properties":{},"geometry":{"type":"Polygon","coordinates":[[[54.408208,24.510919],[54.408183,24.51092],[54.408175,24.51086],[54.408097,24.510862],[54.408099,24.510911],[54.408092,24.510864],[54.408017,24.510866],[54.408027,24.510974],[54.408102,24.510972],[54.4081,24.510918],[54.408107,24.510965],[54.408166,24.510963],[54.408202,24.511147],[54.40828,24.511143],[54.408261,24.510837],[54.408205,24.510839],[54.408208,24.510919]]]}},{"type":"Feature","properties":{},"geometry":{"type":"Polygon","coordinates":[[[54.407694,24.510841],[54.407603,24.510903],[54.407676,24.511376],[54.408035,24.511812],[54.408159,24.511728],[54.408203,24.511782],[54.408253,24.511749],[54.408278,24.511908],[54.408497,24.512231],[54.40899,24.511954],[54.40895,24.511696],[54.408805,24.511482],[54.408991,24.51138],[54.409015,24.511535],[54.409232,24.511859],[54.409712,24.511593],[54.409672,24.511336],[54.409455,24.511011],[54.409099,24.511208],[54.409042,24.510838],[54.408953,24.510705],[54.408422,24.510998],[54.408495,24.511471],[54.408512,24.511496],[54.408262,24.511636],[54.408204,24.511259],[54.408088,24.511118],[54.408122,24.511123],[54.408124,24.511014],[54.408074,24.511007],[54.408069,24.511095],[54.407969,24.510974],[54.40801,24.510976],[54.408006,24.510869],[54.407933,24.510865],[54.40793,24.510927],[54.407855,24.510834],[54.407748,24.510907],[54.407694,24.510841]]]}},{"type":"Feature","properties":{},"geometry":{"type":"Polygon","coordinates":[[[54.406211,24.511674],[54.406345,24.512063],[54.406422,24.512129],[54.406683,24.512104],[54.407065,24.511867],[54.40706,24.511836],[54.407147,24.511963],[54.407345,24.511863],[54.407595,24.511696],[54.407555,24.511438],[54.40716,24.510943],[54.406739,24.511169],[54.406744,24.5112],[54.406651,24.511065],[54.406208,24.511313],[54.406171,24.511417],[54.406211,24.511674]]]}},{"type":"Feature","properties":{},"geometry":{"type":"Polygon","coordinates":[[[54.40791,24.511924],[54.40793,24.512024],[54.407983,24.512014],[54.407963,24.511913],[54.40791,24.511924]]]}},{"type":"Feature","properties":{},"geometry":{"type":"Polygon","coordinates":[[[54.411484,24.481839],[54.411116,24.48152],[54.410943,24.481686],[54.410969,24.481858],[54.41105,24.481928],[54.411147,24.481835],[54.411187,24.481869],[54.411196,24.48193],[54.411225,24.481955],[54.411249,24.482107],[54.411359,24.482209],[54.411438,24.482129],[54.411431,24.482087],[54.411511,24.482011],[54.411484,24.481839]]]}},{"type":"Feature","properties":{},"geometry":{"type":"Polygon","coordinates":[[[54.412202,24.482016],[54.412229,24.482188],[54.412589,24.482379],[54.412765,24.482104],[54.412739,24.481932],[54.412378,24.481741],[54.412202,24.482016]]]}},{"type":"Feature","properties":{},"geometry":{"type":"Polygon","coordinates":[[[54.41135,24.48563],[54.411358,24.485681],[54.411422,24.485827],[54.411479,24.485809],[54.411442,24.485685],[54.411476,24.485671],[54.411454,24.485589],[54.41135,24.48563]]]}},{"type":"Feature","properties":{},"geometry":{"type":"Polygon","coordinates":[[[54.413543,24.4877],[54.41354,24.487626],[54.413513,24.487454],[54.413419,24.487458],[54.413388,24.487195],[54.413283,24.487199],[54.413284,24.487227],[54.413107,24.487233],[54.413134,24.487405],[54.413211,24.487624],[54.413252,24.487622],[54.413283,24.487882],[54.413551,24.487872],[54.413533,24.4877],[54.413543,24.4877]]]}},{"type":"Feature","properties":{},"geometry":{"type":"Polygon","coordinates":[[[54.412959,24.487562],[54.413022,24.487803],[54.413108,24.487782],[54.413046,24.487541],[54.412959,24.487562]]]}},{"type":"Feature","properties":{},"geometry":{"type":"Polygon","coordinates":[[[54.415187,24.487987],[54.415187,24.488213],[54.415214,24.488385],[54.415319,24.488385],[54.415327,24.488449],[54.415412,24.488448],[54.415419,24.488536],[54.415439,24.488536],[54.415443,24.488364],[54.415435,24.488313],[54.415396,24.488313],[54.415396,24.488133],[54.415646,24.488133],[54.415646,24.487994],[54.415707,24.487992],[54.415711,24.488021],[54.415759,24.48802],[54.415745,24.487766],[54.415682,24.487768],[54.415671,24.487682],[54.415613,24.487685],[54.415633,24.487861],[54.415619,24.487771],[54.415123,24.487771],[54.415149,24.487987],[54.415187,24.487987]]]}},{"type":"Feature","properties":{},"geometry":{"type":"Polygon","coordinates":[[[54.415855,24.487746],[54.415861,24.487842],[54.415893,24.487843],[54.415887,24.487747],[54.415855,24.487746]]]}},{"type":"Feature","properties":{},"geometry":{"type":"Polygon","coordinates":[[[54.416018,24.488068],[54.416253,24.488062],[54.416248,24.487983],[54.41627,24.487982],[54.416254,24.487801],[54.41611,24.487808],[54.416103,24.487769],[54.415997,24.487765],[54.416018,24.488068]]]}},{"type":"Feature","properties":{},"geometry":{"type":"Polygon","coordinates":[[[54.413519,24.487893],[54.41353,24.488006],[54.413598,24.488003],[54.413587,24.48789],[54.413519,24.487893]]]}},{"type":"Feature","properties":{},"geometry":{"type":"Polygon","coordinates":[[[54.416601,24.488132],[54.416595,24.487977],[54.416443,24.487975],[54.416443,24.48814],[54.416427,24.48814],[54.416416,24.48802],[54.416335,24.488024],[54.416359,24.488358],[54.416478,24.488353],[54.416487,24.488416],[54.416534,24.488414],[54.416506,24.488232],[54.416525,24.488231],[54.416534,24.488285],[54.416588,24.488277],[54.416581,24.488228],[54.416592,24.488204],[54.416604,24.488379],[54.416658,24.488382],[54.416659,24.488295],[54.41669,24.488296],[54.416692,24.488201],[54.416675,24.488149],[54.416665,24.487971],[54.416611,24.487972],[54.416617,24.488148],[54.416601,24.488132]]]}},{"type":"Feature","properties":{},"geometry":{"type":"Polygon","coordinates":[[[54.415704,24.488437],[54.415699,24.488364],[54.415722,24.488363],[54.41571,24.4882],[54.415648,24.488202],[54.415655,24.488337],[54.415601,24.488338],[54.41561,24.488438],[54.415704,24.488437]]]}},{"type":"Feature","properties":{},"geometry":{"type":"Polygon","coordinates":[[[54.414987,24.488526],[54.414972,24.488235],[54.414839,24.488231],[54.414836,24.488326],[54.414864,24.488529],[54.414987,24.488526]]]}},{"type":"Feature","properties":{},"geometry":{"type":"Polygon","coordinates":[[[54.415576,24.488382],[54.415566,24.488292],[54.415472,24.488296],[54.415482,24.488386],[54.415576,24.488382]]]}},{"type":"Feature","properties":{},"geometry":{"type":"Polygon","coordinates":[[[54.416198,24.488437],[54.416187,24.488349],[54.416146,24.488352],[54.416158,24.48844],[54.416198,24.488437]]]}},{"type":"Feature","properties":{},"geometry":{"type":"Polygon","coordinates":[[[54.416276,24.488277],[54.416236,24.488277],[54.41624,24.48854],[54.416535,24.488545],[54.416528,24.48842],[54.416353,24.488417],[54.416349,24.488388],[54.416283,24.488387],[54.416276,24.488277]]]}},{"type":"Feature","properties":{},"geometry":{"type":"Polygon","coordinates":[[[54.416657,24.488529],[54.416702,24.488531],[54.416696,24.488436],[54.416652,24.488434],[54.416657,24.488529]]]}},{"type":"Feature","properties":{},"geometry":{"type":"Polygon","coordinates":[[[54.415543,24.488642],[54.415463,24.488644],[54.415473,24.488744],[54.415553,24.488742],[54.415543,24.488642]]]}},{"type":"Feature","properties":{},"geometry":{"type":"Polygon","coordinates":[[[54.411238,24.489256],[54.411262,24.489256],[54.411302,24.489511],[54.411354,24.489593],[54.411514,24.489505],[54.411531,24.489612],[54.411625,24.489765],[54.411689,24.489741],[54.411753,24.489851],[54.411983,24.489894],[54.411995,24.489977],[54.41216,24.490013],[54.412325,24.489385],[54.412452,24.489388],[54.412533,24.489349],[54.412843,24.489938],[54.412996,24.489858],[54.412986,24.489797],[54.413176,24.489713],[54.413238,24.489574],[54.413301,24.489606],[54.413345,24.489431],[54.413305,24.489173],[54.413234,24.489149],[54.413529,24.489106],[54.413445,24.488556],[54.412861,24.488626],[54.412817,24.488588],[54.41269,24.488655],[54.412673,24.488545],[54.412645,24.48851],[54.412736,24.488227],[54.412915,24.4883],[54.413009,24.488358],[54.413144,24.488211],[54.413104,24.487954],[54.412745,24.487759],[54.412516,24.487718],[54.412242,24.487705],[54.412304,24.488183],[54.41241,24.488189],[54.412339,24.488484],[54.412268,24.488496],[54.412115,24.488223],[54.412223,24.488202],[54.412157,24.487708],[54.412019,24.48774],[54.411868,24.487782],[54.411582,24.487957],[54.411414,24.48813],[54.411454,24.488388],[54.411611,24.488499],[54.411828,24.488321],[54.411986,24.488592],[54.411938,24.488729],[54.411214,24.488505],[54.411171,24.4886],[54.411211,24.488858],[54.411225,24.488863],[54.411174,24.48887],[54.411147,24.488931],[54.411187,24.489189],[54.411238,24.489256]],[[54.411992,24.489497],[54.411988,24.489496],[54.411992,24.489494],[54.411992,24.489497]]]}},{"type":"Feature","properties":{},"geometry":{"type":"Polygon","coordinates":[[[54.416223,24.488882],[54.416235,24.489041],[54.416265,24.48904],[54.416252,24.488881],[54.416223,24.488882]]]}},{"type":"Feature","properties":{},"geometry":{"type":"Polygon","coordinates":[[[54.415999,24.488841],[54.416014,24.489093],[54.416073,24.489091],[54.416058,24.48884],[54.415999,24.488841]]]}},{"type":"Feature","properties":{},"geometry":{"type":"Polygon","coordinates":[[[54.41562,24.488852],[54.415632,24.489104],[54.415691,24.489103],[54.415679,24.488851],[54.41562,24.488852]]]}},{"type":"Feature","properties":{},"geometry":{"type":"Polygon","coordinates":[[[54.415873,24.489095],[54.415774,24.489101],[54.41579,24.489301],[54.415841,24.489303],[54.415838,24.489193],[54.415884,24.48919],[54.415873,24.489095]]]}},{"type":"Feature","properties":{},"geometry":{"type":"Polygon","coordinates":[[[54.415719,24.489105],[54.41573,24.489198],[54.415779,24.489196],[54.415769,24.489103],[54.415719,24.489105]]]}},{"type":"Feature","properties":{},"geometry":{"type":"Polygon","coordinates":[[[54.415447,24.489849],[54.416318,24.489827],[54.416267,24.489502],[54.415416,24.489523],[54.415421,24.489677],[54.415447,24.489849]]]}},{"type":"Feature","properties":{},"geometry":{"type":"Polygon","coordinates":[[[54.412428,24.489949],[54.41244,24.490063],[54.41251,24.490059],[54.412498,24.489945],[54.412428,24.489949]]]}},{"type":"Feature","properties":{},"geometry":{"type":"Polygon","coordinates":[[[54.411052,24.490661],[54.411059,24.490765],[54.411155,24.490766],[54.411148,24.490662],[54.411052,24.490661]]]}},{"type":"Feature","properties":{},"geometry":{"type":"Polygon","coordinates":[[[54.411231,24.491001],[54.411224,24.490795],[54.411155,24.490795],[54.411156,24.491002],[54.411231,24.491001]]]}},{"type":"Feature","properties":{},"geometry":{"type":"Polygon","coordinates":[[[54.412916,24.491132],[54.412957,24.49139],[54.413435,24.491396],[54.413438,24.491233],[54.413412,24.491071],[54.413451,24.491072],[54.413453,24.490903],[54.413413,24.490645],[54.412924,24.490639],[54.412916,24.491132]]]}},{"type":"Feature","properties":{},"geometry":{"type":"Polygon","coordinates":[[[54.412829,24.491185],[54.412836,24.491276],[54.412882,24.491277],[54.412875,24.491187],[54.412829,24.491185]]]}},{"type":"Feature","properties":{},"geometry":{"type":"Polygon","coordinates":[[[54.411185,24.491424],[54.411189,24.491553],[54.411227,24.491554],[54.411222,24.491426],[54.411185,24.491424]]]}},{"type":"Feature","properties":{},"geometry":{"type":"Polygon","coordinates":[[[54.412115,24.491778],[54.412193,24.49178],[54.412186,24.491699],[54.412108,24.491697],[54.412115,24.491778]]]}},{"type":"Feature","properties":{},"geometry":{"type":"Polygon","coordinates":[[[54.411404,24.492357],[54.411579,24.492369],[54.411586,24.492432],[54.411714,24.492435],[54.411716,24.492378],[54.4119,24.492389],[54.411971,24.491481],[54.411931,24.491223],[54.411435,24.491191],[54.411364,24.492099],[54.411404,24.492357]]]}},{"type":"Feature","properties":{},"geometry":{"type":"Polygon","coordinates":[[[54.411973,24.492459],[54.41198,24.492608],[54.412162,24.49261],[54.412155,24.492461],[54.411973,24.492459]]]}},{"type":"Feature","properties":{},"geometry":{"type":"Polygon","coordinates":[[[54.41501,24.49686],[54.4149,24.497017],[54.414908,24.497069],[54.415,24.497123],[54.415111,24.496965],[54.415103,24.496914],[54.41501,24.49686]]]}},{"type":"Feature","properties":{},"geometry":{"type":"Polygon","coordinates":[[[54.412082,24.498302],[54.412041,24.498045],[54.41181,24.4975],[54.411496,24.497386],[54.411403,24.497422],[54.411443,24.49768],[54.411739,24.49844],[54.411865,24.49917],[54.411983,24.49916],[54.412165,24.498931],[54.412063,24.49831],[54.412082,24.498302]]]}},{"type":"Feature","properties":{},"geometry":{"type":"Polygon","coordinates":[[[54.41061,24.498871],[54.41065,24.499129],[54.410788,24.499275],[54.411033,24.499287],[54.411026,24.497773],[54.410985,24.497515],[54.410798,24.49756],[54.410624,24.497708],[54.41061,24.498871]]]}},{"type":"Feature","properties":{},"geometry":{"type":"Polygon","coordinates":[[[54.413399,24.502457],[54.413379,24.502328],[54.412899,24.502033],[54.412741,24.501881],[54.412655,24.501769],[54.412574,24.501625],[54.412526,24.501486],[54.411982,24.501472],[54.412038,24.501802],[54.412157,24.502119],[54.412242,24.502276],[54.412394,24.502483],[54.412649,24.502785],[54.412894,24.502949],[54.413033,24.503102],[54.413118,24.503248],[54.41319,24.503228],[54.41331,24.502938],[54.413399,24.502457]]]}},{"type":"Feature","properties":{},"geometry":{"type":"Polygon","coordinates":[[[54.415501,24.502417],[54.415504,24.502528],[54.41553,24.502529],[54.415526,24.502419],[54.415501,24.502417]]]}},{"type":"Feature","properties":{},"geometry":{"type":"Polygon","coordinates":[[[54.411457,24.502349],[54.411465,24.5024],[54.411678,24.502574],[54.41175,24.502501],[54.411742,24.502449],[54.411529,24.502276],[54.411457,24.502349]]]}},{"type":"Feature","properties":{},"geometry":{"type":"Polygon","coordinates":[[[54.415468,24.502603],[54.41539,24.502607],[54.415403,24.502733],[54.415474,24.502734],[54.415468,24.502603]]]}},{"type":"Feature","properties":{},"geometry":{"type":"Polygon","coordinates":[[[54.411463,24.502535],[54.411468,24.502709],[54.411517,24.50271],[54.411512,24.502535],[54.411463,24.502535]]]}},{"type":"Feature","properties":{},"geometry":{"type":"Polygon","coordinates":[[[54.411694,24.502566],[54.411702,24.502617],[54.411863,24.502856],[54.411965,24.502799],[54.411957,24.502748],[54.411796,24.502509],[54.411694,24.502566]]]}},{"type":"Feature","properties":{},"geometry":{"type":"Polygon","coordinates":[[[54.411396,24.503122],[54.411394,24.50296],[54.411354,24.502702],[54.411224,24.502679],[54.411192,24.502655],[54.411189,24.502506],[54.411149,24.502248],[54.410947,24.502245],[54.410913,24.502838],[54.410953,24.503096],[54.411396,24.503122]]]}},{"type":"Feature","properties":{},"geometry":{"type":"Polygon","coordinates":[[[54.415569,24.502858],[54.415622,24.502864],[54.415618,24.502785],[54.415565,24.502779],[54.415569,24.502858]]]}},{"type":"Feature","properties":{},"geometry":{"type":"Polygon","coordinates":[[[54.415396,24.502784],[54.415411,24.50289],[54.415444,24.502886],[54.415455,24.502952],[54.415513,24.502944],[54.415497,24.502843],[54.415468,24.502846],[54.415458,24.502778],[54.415396,24.502784]]]}},{"type":"Feature","properties":{},"geometry":{"type":"Polygon","coordinates":[[[54.415693,24.502908],[54.415819,24.502913],[54.415815,24.502783],[54.415689,24.502779],[54.415693,24.502908]]]}},{"type":"Feature","properties":{},"geometry":{"type":"Polygon","coordinates":[[[54.411573,24.502795],[54.411581,24.502847],[54.411657,24.502998],[54.411741,24.502963],[54.411733,24.502911],[54.411657,24.50276],[54.411573,24.502795]]]}},{"type":"Feature","properties":{},"geometry":{"type":"Polygon","coordinates":[[[54.415635,24.503418],[54.41564,24.503525],[54.415734,24.503528],[54.415728,24.503421],[54.415635,24.503418]]]}},{"type":"Feature","properties":{},"geometry":{"type":"Polygon","coordinates":[[[54.415809,24.503559],[54.415821,24.503693],[54.415863,24.503692],[54.415852,24.503558],[54.415809,24.503559]]]}},{"type":"Feature","properties":{},"geometry":{"type":"Polygon","coordinates":[[[54.415152,24.504188],[54.415195,24.504463],[54.415373,24.504616],[54.415498,24.504524],[54.41555,24.504468],[54.415507,24.504192],[54.415444,24.50414],[54.415456,24.504132],[54.415448,24.50408],[54.415415,24.503972],[54.415356,24.503984],[54.415373,24.504073],[54.415386,24.50407],[54.415391,24.504096],[54.415311,24.504031],[54.415152,24.504188]]]}},{"type":"Feature","properties":{},"geometry":{"type":"Polygon","coordinates":[[[54.415683,24.504083],[54.41564,24.504033],[54.415568,24.504083],[54.415576,24.504135],[54.41562,24.504185],[54.41564,24.504171],[54.415661,24.504354],[54.415838,24.504507],[54.416016,24.504358],[54.415988,24.504182],[54.415792,24.50402],[54.415689,24.504122],[54.415683,24.504083]]]}},{"type":"Feature","properties":{},"geometry":{"type":"Polygon","coordinates":[[[54.414667,24.504163],[54.414714,24.504468],[54.414892,24.504621],[54.415069,24.504472],[54.415022,24.504167],[54.414826,24.504005],[54.414667,24.504163]]]}},{"type":"Feature","properties":{},"geometry":{"type":"Polygon","coordinates":[[[54.414153,24.504371],[54.414213,24.504758],[54.414391,24.504911],[54.414568,24.504762],[54.414508,24.504375],[54.414312,24.504214],[54.414153,24.504371]]]}},{"type":"Feature","properties":{},"geometry":{"type":"Polygon","coordinates":[[[54.415839,24.504871],[54.415806,24.50466],[54.41561,24.504498],[54.415451,24.504656],[54.415484,24.504866],[54.415662,24.505019],[54.415839,24.504871]]]}},{"type":"Feature","properties":{},"geometry":{"type":"Polygon","coordinates":[[[54.41491,24.505105],[54.414868,24.50483],[54.414671,24.504668],[54.414513,24.504826],[54.414555,24.505101],[54.414733,24.505254],[54.41491,24.505105]]]}},{"type":"Feature","properties":{},"geometry":{"type":"Polygon","coordinates":[[[54.415737,24.504966],[54.415745,24.505018],[54.415802,24.505078],[54.415849,24.505042],[54.415841,24.50499],[54.415784,24.50493],[54.415737,24.504966]]]}},{"type":"Feature","properties":{},"geometry":{"type":"Polygon","coordinates":[[[54.415465,24.505228],[54.415428,24.504987],[54.415232,24.504826],[54.415073,24.504983],[54.415111,24.505224],[54.415288,24.505377],[54.415465,24.505228]]]}},{"type":"Feature","properties":{},"geometry":{"type":"Polygon","coordinates":[[[54.410678,24.506576],[54.410546,24.50654],[54.410371,24.50656],[54.410298,24.506611],[54.410325,24.506833],[54.410362,24.506901],[54.41041,24.506911],[54.410528,24.506974],[54.4108,24.506964],[54.410824,24.5069],[54.410797,24.506728],[54.410763,24.506717],[54.410747,24.506615],[54.410678,24.506576]]]}},{"type":"Feature","properties":{},"geometry":{"type":"Polygon","coordinates":[[[54.41107,24.507115],[54.411043,24.506943],[54.410977,24.506911],[54.410945,24.506966],[54.410847,24.506938],[54.410793,24.506994],[54.410732,24.507106],[54.410726,24.507266],[54.410753,24.507438],[54.410796,24.507512],[54.41085,24.50752],[54.41093,24.507498],[54.410949,24.507457],[54.411037,24.507361],[54.411057,24.507284],[54.41107,24.507115]]]}},{"type":"Feature","properties":{},"geometry":{"type":"Polygon","coordinates":[[[54.410813,24.508596],[54.410817,24.508748],[54.410968,24.508753],[54.41097,24.508703],[54.410978,24.508754],[54.411105,24.508757],[54.4111,24.508608],[54.410973,24.508605],[54.410972,24.508651],[54.410964,24.508601],[54.410813,24.508596]]]}},{"type":"Feature","properties":{},"geometry":{"type":"Polygon","coordinates":[[[54.41158,24.508954],[54.411579,24.509214],[54.411702,24.509218],[54.411703,24.508958],[54.41158,24.508954]]]}},{"type":"Feature","properties":{},"geometry":{"type":"Polygon","coordinates":[[[54.410698,24.509064],[54.410708,24.509212],[54.41077,24.509211],[54.41076,24.509063],[54.410698,24.509064]]]}},{"type":"Feature","properties":{},"geometry":{"type":"Polygon","coordinates":[[[54.411248,24.508984],[54.411242,24.509361],[54.411296,24.509363],[54.411302,24.508986],[54.411248,24.508984]]]}},{"type":"Feature","properties":{},"geometry":{"type":"Polygon","coordinates":[[[54.411123,24.509147],[54.41113,24.509271],[54.411178,24.509272],[54.411171,24.509148],[54.411123,24.509147]]]}},{"type":"Feature","properties":{},"geometry":{"type":"Polygon","coordinates":[[[54.411456,24.509575],[54.411454,24.509511],[54.411503,24.509512],[54.411514,24.509156],[54.411487,24.508984],[54.411317,24.50898],[54.411307,24.509336],[54.411322,24.509436],[54.411062,24.509442],[54.411073,24.509584],[54.411456,24.509575]]]}},{"type":"Feature","properties":{},"geometry":{"type":"Polygon","coordinates":[[[54.41156,24.509263],[54.411563,24.509531],[54.411681,24.509533],[54.411678,24.509265],[54.41156,24.509263]]]}},{"type":"Feature","properties":{},"geometry":{"type":"Polygon","coordinates":[[[54.410723,24.509449],[54.410735,24.509595],[54.411061,24.509585],[54.411049,24.50944],[54.410723,24.509449]]]}},{"type":"Feature","properties":{},"geometry":{"type":"Polygon","coordinates":[[[54.411256,24.509681],[54.411264,24.509733],[54.411341,24.509889],[54.41144,24.509849],[54.411432,24.509798],[54.411355,24.509641],[54.411256,24.509681]]]}},{"type":"Feature","properties":{},"geometry":{"type":"Polygon","coordinates":[[[54.410645,24.51079],[54.410637,24.510739],[54.410584,24.510715],[54.410558,24.510764],[54.410566,24.510815],[54.410619,24.510839],[54.410645,24.51079]]]}},{"type":"Feature","properties":{},"geometry":{"type":"Polygon","coordinates":[[[54.418873,24.480042],[54.418875,24.48013],[54.41894,24.480139],[54.418942,24.480129],[54.41895,24.480183],[54.418988,24.480183],[54.418981,24.480071],[54.418944,24.48007],[54.418943,24.480082],[54.418939,24.480052],[54.418873,24.480042]]]}},{"type":"Feature","properties":{},"geometry":{"type":"Polygon","coordinates":[[[54.42066,24.480236],[54.420569,24.480232],[54.42057,24.480416],[54.420661,24.48042],[54.420662,24.480405],[54.420666,24.48043],[54.420909,24.48044],[54.420903,24.480342],[54.420701,24.480334],[54.420696,24.480302],[54.420667,24.480301],[54.42066,24.480236]]]}},{"type":"Feature","properties":{},"geometry":{"type":"Polygon","coordinates":[[[54.419929,24.480822],[54.419931,24.480928],[54.419995,24.480934],[54.419993,24.480828],[54.419929,24.480822]]]}},{"type":"Feature","properties":{},"geometry":{"type":"Polygon","coordinates":[[[54.418741,24.481876],[54.41873,24.481743],[54.41868,24.481744],[54.418678,24.481723],[54.418888,24.481747],[54.418906,24.481612],[54.418898,24.481561],[54.418579,24.481524],[54.418565,24.48169],[54.418544,24.481691],[54.418558,24.481883],[54.418741,24.481876]]]}},{"type":"Feature","properties":{},"geometry":{"type":"Polygon","coordinates":[[[54.418982,24.481589],[54.41896,24.481742],[54.418968,24.481794],[54.419308,24.481835],[54.41933,24.481682],[54.419322,24.48163],[54.418982,24.481589]]]}},{"type":"Feature","properties":{},"geometry":{"type":"Polygon","coordinates":[[[54.419421,24.481631],[54.419401,24.481768],[54.419409,24.481819],[54.419736,24.481858],[54.419756,24.481721],[54.419748,24.48167],[54.419421,24.481631]]]}},{"type":"Feature","properties":{},"geometry":{"type":"Polygon","coordinates":[[[54.42007,24.481706],[54.420072,24.48182],[54.420133,24.481825],[54.420136,24.481795],[54.42014,24.48182],[54.420208,24.481823],[54.420202,24.48172],[54.420134,24.481718],[54.420133,24.481728],[54.420131,24.481711],[54.42007,24.481706]]]}},{"type":"Feature","properties":{},"geometry":{"type":"Polygon","coordinates":[[[54.418826,24.48177],[54.418813,24.48185],[54.418821,24.481901],[54.418863,24.481907],[54.418876,24.481827],[54.418868,24.481775],[54.418826,24.48177]]]}},{"type":"Feature","properties":{},"geometry":{"type":"Polygon","coordinates":[[[54.420995,24.482187],[54.421015,24.482063],[54.421007,24.482012],[54.42104,24.482014],[54.42104,24.48183],[54.420715,24.481813],[54.420711,24.481972],[54.420697,24.48197],[54.420677,24.482093],[54.420685,24.482145],[54.420995,24.482187]]]}},{"type":"Feature","properties":{},"geometry":{"type":"Polygon","coordinates":[[[54.420624,24.482123],[54.420647,24.48196],[54.420621,24.481788],[54.420283,24.481748],[54.42026,24.481911],[54.420286,24.482083],[54.420353,24.482091],[54.420361,24.482141],[54.420452,24.482161],[54.420467,24.482104],[54.420624,24.482123]]]}},{"type":"Feature","properties":{},"geometry":{"type":"Polygon","coordinates":[[[54.418583,24.481972],[54.418573,24.481898],[54.418529,24.481901],[54.418538,24.481974],[54.418583,24.481972]]]}},{"type":"Feature","properties":{},"geometry":{"type":"Polygon","coordinates":[[[54.419879,24.482189],[54.419855,24.482394],[54.419866,24.482468],[54.41984,24.482465],[54.419822,24.482701],[54.419802,24.482698],[54.419787,24.48286],[54.4197,24.48285],[54.419686,24.483016],[54.419673,24.483014],[54.41966,24.483134],[54.419668,24.483186],[54.419992,24.483214],[54.420025,24.48291],[54.420111,24.482921],[54.42012,24.48286],[54.420179,24.482866],[54.420191,24.48277],[54.420194,24.482789],[54.420522,24.482823],[54.420553,24.482597],[54.420545,24.482545],[54.420228,24.482517],[54.420242,24.482394],[54.420217,24.482234],[54.420236,24.482116],[54.420228,24.482064],[54.420165,24.482056],[54.420179,24.48194],[54.420171,24.481889],[54.419851,24.481856],[54.419834,24.481991],[54.419842,24.482043],[54.419903,24.482049],[54.419892,24.48219],[54.419879,24.482189]],[[54.420215,24.482598],[54.420213,24.482672],[54.420203,24.482671],[54.420191,24.482596],[54.420215,24.482598]]]}},{"type":"Feature","properties":{},"geometry":{"type":"Polygon","coordinates":[[[54.419212,24.482394],[54.419198,24.482619],[54.419171,24.48275],[54.419179,24.482802],[54.419243,24.48281],[54.419228,24.482927],[54.419236,24.482979],[54.419559,24.483013],[54.419576,24.48288],[54.419568,24.482829],[54.419505,24.482822],[54.419512,24.482777],[54.419552,24.482781],[54.419569,24.48262],[54.419606,24.482623],[54.419645,24.482234],[54.419637,24.482182],[54.41959,24.482178],[54.419588,24.482166],[54.419608,24.482168],[54.419626,24.482037],[54.419618,24.481986],[54.419294,24.481947],[54.419281,24.482117],[54.419255,24.482114],[54.419228,24.482308],[54.419241,24.482397],[54.419212,24.482394]]]}},{"type":"Feature","properties":{},"geometry":{"type":"Polygon","coordinates":[[[54.418801,24.481985],[54.418785,24.482055],[54.418793,24.482107],[54.418829,24.482113],[54.418845,24.482043],[54.418837,24.481991],[54.418801,24.481985]]]}},{"type":"Feature","properties":{},"geometry":{"type":"Polygon","coordinates":[[[54.419676,24.482114],[54.419661,24.482112],[54.419648,24.482184],[54.419671,24.482291],[54.419722,24.482289],[54.419719,24.482244],[54.419731,24.482292],[54.419845,24.482313],[54.419845,24.482224],[54.419808,24.482217],[54.419806,24.482168],[54.419845,24.482167],[54.419835,24.482019],[54.419674,24.482022],[54.419676,24.482114]],[[54.419742,24.482169],[54.419746,24.482169],[54.41975,24.482206],[54.419738,24.482204],[54.419742,24.482169]]]}},{"type":"Feature","properties":{},"geometry":{"type":"Polygon","coordinates":[[[54.418884,24.482029],[54.418882,24.48216],[54.419204,24.482195],[54.419207,24.482064],[54.418884,24.482029]]]}},{"type":"Feature","properties":{},"geometry":{"type":"Polygon","coordinates":[[[54.418494,24.482084],[54.418475,24.482211],[54.418483,24.482263],[54.418806,24.482303],[54.418825,24.482176],[54.418817,24.482124],[54.418494,24.482084]]]}},{"type":"Feature","properties":{},"geometry":{"type":"Polygon","coordinates":[[[54.420569,24.48253],[54.420596,24.482313],[54.420588,24.482262],[54.42027,24.482219],[54.420239,24.48244],[54.420247,24.482491],[54.420569,24.48253]]]}},{"type":"Feature","properties":{},"geometry":{"type":"Polygon","coordinates":[[[54.420934,24.482578],[54.420953,24.482456],[54.420946,24.482411],[54.420962,24.482413],[54.420975,24.482292],[54.420967,24.48224],[54.420657,24.482212],[54.420648,24.482366],[54.420635,24.482364],[54.420616,24.482487],[54.420624,24.482538],[54.420934,24.482578]]]}},{"type":"Feature","properties":{},"geometry":{"type":"Polygon","coordinates":[[[54.418751,24.482665],[54.418763,24.482505],[54.418773,24.482506],[54.418792,24.482374],[54.418784,24.482322],[54.41846,24.482285],[54.418447,24.482448],[54.418434,24.482447],[54.418417,24.482581],[54.418425,24.482632],[54.418751,24.482665]]]}},{"type":"Feature","properties":{},"geometry":{"type":"Polygon","coordinates":[[[54.419139,24.482556],[54.41915,24.482558],[54.419171,24.482424],[54.419163,24.482372],[54.418842,24.482331],[54.418826,24.482498],[54.418814,24.482496],[54.418805,24.482555],[54.418813,24.482607],[54.419135,24.482647],[54.419139,24.482556]]]}},{"type":"Feature","properties":{},"geometry":{"type":"Polygon","coordinates":[[[54.420889,24.482778],[54.420903,24.482779],[54.420924,24.482634],[54.420916,24.482582],[54.420606,24.482548],[54.420593,24.482735],[54.420578,24.482733],[54.420561,24.482854],[54.420569,24.482906],[54.420879,24.482942],[54.420889,24.482778]]]}},{"type":"Feature","properties":{},"geometry":{"type":"Polygon","coordinates":[[[54.418957,24.482661],[54.418929,24.482747],[54.418937,24.482798],[54.419034,24.482825],[54.419063,24.482739],[54.419055,24.482687],[54.418957,24.482661]]]}},{"type":"Feature","properties":{},"geometry":{"type":"Polygon","coordinates":[[[54.418694,24.483047],[54.418695,24.482898],[54.418716,24.4829],[54.41873,24.482764],[54.418722,24.482713],[54.418396,24.482685],[54.418388,24.482862],[54.418366,24.482861],[54.418369,24.483034],[54.418694,24.483047]]]}},{"type":"Feature","properties":{},"geometry":{"type":"Polygon","coordinates":[[[54.4203,24.48283],[54.420265,24.48292],[54.420273,24.482972],[54.420362,24.483],[54.420396,24.48291],[54.420388,24.482858],[54.4203,24.48283]]]}},{"type":"Feature","properties":{},"geometry":{"type":"Polygon","coordinates":[[[54.418763,24.482813],[54.418765,24.482974],[54.418853,24.482978],[54.418851,24.482817],[54.418763,24.482813]]]}},{"type":"Feature","properties":{},"geometry":{"type":"Polygon","coordinates":[[[54.418857,24.482995],[54.418865,24.483046],[54.419197,24.483076],[54.419213,24.482934],[54.419205,24.482882],[54.418873,24.482852],[54.418857,24.482995]]]}},{"type":"Feature","properties":{},"geometry":{"type":"Polygon","coordinates":[[[54.42086,24.483058],[54.420852,24.483007],[54.420544,24.48297],[54.420507,24.483251],[54.420515,24.483303],[54.420834,24.483329],[54.42086,24.483058]]]}},{"type":"Feature","properties":{},"geometry":{"type":"Polygon","coordinates":[[[54.420075,24.483162],[54.420102,24.483334],[54.420441,24.483365],[54.420459,24.483204],[54.420432,24.483032],[54.420094,24.483],[54.420075,24.483162]]]}},{"type":"Feature","properties":{},"geometry":{"type":"Polygon","coordinates":[[[54.417333,24.48782],[54.417324,24.487723],[54.417238,24.487724],[54.417247,24.487821],[54.417333,24.48782]]]}},{"type":"Feature","properties":{},"geometry":{"type":"Polygon","coordinates":[[[54.416757,24.488356],[54.416746,24.488148],[54.416701,24.488149],[54.416714,24.488356],[54.416757,24.488356]]]}},{"type":"Feature","properties":{},"geometry":{"type":"Polygon","coordinates":[[[54.416695,24.488368],[54.416702,24.488458],[54.416731,24.488459],[54.416725,24.488369],[54.416695,24.488368]]]}},{"type":"Feature","properties":{},"geometry":{"type":"Polygon","coordinates":[[[54.41955,24.489352],[54.41954,24.489259],[54.419482,24.489262],[54.419492,24.489355],[54.41955,24.489352]]]}},{"type":"Feature","properties":{},"geometry":{"type":"Polygon","coordinates":[[[54.419441,24.489355],[54.419432,24.489265],[54.41933,24.489268],[54.419339,24.489358],[54.419441,24.489355]]]}},{"type":"Feature","properties":{},"geometry":{"type":"Polygon","coordinates":[[[54.419591,24.489266],[54.4196,24.489371],[54.419703,24.48937],[54.419694,24.489265],[54.419591,24.489266]]]}},{"type":"Feature","properties":{},"geometry":{"type":"Polygon","coordinates":[[[54.418987,24.489305],[54.419002,24.489481],[54.419091,24.489477],[54.419077,24.489301],[54.418987,24.489305]]]}},{"type":"Feature","properties":{},"geometry":{"type":"Polygon","coordinates":[[[54.419557,24.489378],[54.419562,24.489532],[54.419666,24.489535],[54.419661,24.489381],[54.419557,24.489378]]]}},{"type":"Feature","properties":{},"geometry":{"type":"Polygon","coordinates":[[[54.419157,24.48954],[54.419174,24.489664],[54.419201,24.489661],[54.419183,24.489537],[54.419157,24.48954]]]}},{"type":"Feature","properties":{},"geometry":{"type":"Polygon","coordinates":[[[54.419693,24.48987],[54.419684,24.489774],[54.419563,24.489776],[54.419572,24.489873],[54.419693,24.48987]]]}},{"type":"Feature","properties":{},"geometry":{"type":"Polygon","coordinates":[[[54.419622,24.490345],[54.41967,24.490344],[54.419659,24.490172],[54.419611,24.490173],[54.419622,24.490345]]]}},{"type":"Feature","properties":{},"geometry":{"type":"Polygon","coordinates":[[[54.419395,24.490357],[54.419446,24.490355],[54.419432,24.490181],[54.419381,24.490183],[54.419395,24.490357]]]}},{"type":"Feature","properties":{},"geometry":{"type":"Polygon","coordinates":[[[54.419571,24.490258],[54.419587,24.490349],[54.41962,24.490344],[54.419605,24.490252],[54.419571,24.490258]]]}},{"type":"Feature","properties":{},"geometry":{"type":"Polygon","coordinates":[[[54.419323,24.49036],[54.419314,24.490275],[54.419239,24.490277],[54.419248,24.490362],[54.419323,24.49036]]]}},{"type":"Feature","properties":{},"geometry":{"type":"Polygon","coordinates":[[[54.416805,24.501887],[54.416828,24.501986],[54.416873,24.501974],[54.41685,24.501875],[54.416805,24.501887]]]}},{"type":"Feature","properties":{},"geometry":{"type":"Polygon","coordinates":[[[54.417163,24.501757],[54.417181,24.501902],[54.417059,24.501949],[54.417085,24.502121],[54.41728,24.502261],[54.417497,24.502057],[54.41747,24.501885],[54.41724,24.501685],[54.417163,24.501757]]]}},{"type":"Feature","properties":{},"geometry":{"type":"Polygon","coordinates":[[[54.416766,24.502016],[54.416757,24.501916],[54.416682,24.501917],[54.416691,24.502017],[54.416766,24.502016]]]}},{"type":"Feature","properties":{},"geometry":{"type":"Polygon","coordinates":[[[54.416678,24.502023],[54.416668,24.501925],[54.416572,24.501928],[54.416582,24.502026],[54.416678,24.502023]]]}},{"type":"Feature","properties":{},"geometry":{"type":"Polygon","coordinates":[[[54.417548,24.502351],[54.417556,24.502402],[54.417585,24.502439],[54.417627,24.502411],[54.417619,24.50236],[54.41759,24.502323],[54.417548,24.502351]]]}},{"type":"Feature","properties":{},"geometry":{"type":"Polygon","coordinates":[[[54.418226,24.502523],[54.418428,24.502445],[54.418376,24.5023],[54.418174,24.502378],[54.418226,24.502523]]]}},{"type":"Feature","properties":{},"geometry":{"type":"Polygon","coordinates":[[[54.417869,24.50253],[54.417916,24.502566],[54.41794,24.50254],[54.417932,24.502489],[54.417885,24.502453],[54.417861,24.502478],[54.417869,24.50253]]]}},{"type":"Feature","properties":{},"geometry":{"type":"Polygon","coordinates":[[[54.417421,24.502442],[54.417429,24.502608],[54.417508,24.502614],[54.417504,24.502442],[54.417421,24.502442]]]}},{"type":"Feature","properties":{},"geometry":{"type":"Polygon","coordinates":[[[54.41731,24.502837],[54.417299,24.502712],[54.417057,24.502724],[54.417054,24.502707],[54.416983,24.502704],[54.417004,24.502704],[54.416995,24.502628],[54.416892,24.50263],[54.416901,24.502706],[54.416945,24.502705],[54.41695,24.502814],[54.417059,24.502818],[54.417061,24.502797],[54.417068,24.502845],[54.41731,24.502837]]]}},{"type":"Feature","properties":{},"geometry":{"type":"Polygon","coordinates":[[[54.417344,24.502715],[54.417357,24.502827],[54.417416,24.502822],[54.417402,24.50271],[54.417344,24.502715]]]}},{"type":"Feature","properties":{},"geometry":{"type":"Polygon","coordinates":[[[54.417273,24.50315],[54.41738,24.503154],[54.417374,24.50306],[54.417267,24.503056],[54.417273,24.50315]]]}},{"type":"Feature","properties":{},"geometry":{"type":"Polygon","coordinates":[[[54.417465,24.503137],[54.417469,24.503278],[54.417531,24.50328],[54.417526,24.503139],[54.417465,24.503137]]]}},{"type":"Feature","properties":{},"geometry":{"type":"Polygon","coordinates":[[[54.417565,24.503281],[54.417613,24.503281],[54.417604,24.503168],[54.417556,24.503169],[54.417565,24.503281]]]}},{"type":"Feature","properties":{},"geometry":{"type":"Polygon","coordinates":[[[54.417657,24.503786],[54.417665,24.503837],[54.417698,24.503838],[54.417706,24.503621],[54.417698,24.50357],[54.417664,24.503569],[54.417657,24.503786]]]}}]}