{"type":"FeatureCollection","features":[{"type":"Feature","properties":{},"geometry":{"type":"Polygon","coordinates":[[[54.378945,24.48017],[54.37903,24.480194],[54.3792,24.48004],[54.379062,24.479914],[54.378693,24.479808],[54.378523,24.479963],[54.378578,24.480013],[54.378493,24.479989],[54.378309,24.480157],[54.37845,24.480285],[54.378819,24.480391],[54.379004,24.480224],[54.378945,24.48017]]]}},{"type":"Feature","properties":{},"geometry":{"type":"Polygon","coordinates":[[[54.37808,24.48035],[54.377897,24.48052],[54.377968,24.480583],[54.37789,24.48056],[54.377721,24.480713],[54.377841,24.480823],[54.37821,24.480929],[54.378379,24.480776],[54.378325,24.480727],[54.378406,24.48075],[54.378589,24.48058],[54.378449,24.480456],[54.37808,24.48035]]]}},{"type":"Feature","properties":{},"geometry":{"type":"Polygon","coordinates":[[[54.378892,24.481573],[54.378968,24.481627],[54.379035,24.481647],[54.378958,24.481741],[54.379041,24.481797],[54.379239,24.481853],[54.379463,24.48158],[54.379381,24.481523],[54.379183,24.481467],[54.379088,24.481399],[54.379045,24.481387],[54.379102,24.481318],[54.379074,24.481299],[54.37925,24.481349],[54.379341,24.481239],[54.379152,24.48111],[54.378954,24.481053],[54.378863,24.481163],[54.378998,24.481255],[54.378821,24.481205],[54.378597,24.481479],[54.378679,24.481535],[54.378877,24.481591],[54.378892,24.481573]]]}},{"type":"Feature","properties":{},"geometry":{"type":"Polygon","coordinates":[[[54.378691,24.482319],[54.378846,24.482363],[54.378882,24.482319],[54.378659,24.482167],[54.37926,24.48234],[54.379389,24.482182],[54.379111,24.482],[54.379211,24.481879],[54.379128,24.481822],[54.37893,24.481766],[54.378809,24.481914],[54.378646,24.481867],[54.378847,24.481621],[54.378764,24.481565],[54.378567,24.481508],[54.378342,24.481782],[54.378446,24.481844],[54.37834,24.481973],[54.378479,24.482068],[54.37834,24.482028],[54.378235,24.482156],[54.378457,24.482306],[54.378655,24.482363],[54.378691,24.482319]]]}},{"type":"Feature","properties":{},"geometry":{"type":"Polygon","coordinates":[[[54.378969,24.482632],[54.37798,24.482348],[54.377608,24.482798],[54.377879,24.482984],[54.378587,24.483187],[54.378562,24.483217],[54.378838,24.483412],[54.379036,24.483469],[54.379128,24.483361],[54.378915,24.483211],[54.37924,24.482817],[54.378969,24.482632]]]}},{"type":"Feature","properties":{},"geometry":{"type":"Polygon","coordinates":[[[54.379067,24.483488],[54.379038,24.483604],[54.379307,24.483675],[54.379284,24.483697],[54.379326,24.483733],[54.37834,24.48345],[54.378307,24.483494],[54.378225,24.48347],[54.378086,24.483642],[54.378109,24.483859],[54.378423,24.48407],[54.378617,24.484126],[54.37867,24.4842],[54.378722,24.484225],[54.379711,24.484509],[54.379761,24.484505],[54.379851,24.484531],[54.379965,24.484396],[54.380175,24.484545],[54.380449,24.484624],[54.38046,24.484713],[54.381055,24.484884],[54.380844,24.485136],[54.380898,24.485178],[54.380766,24.48508],[54.380816,24.485023],[54.380681,24.484925],[54.380556,24.484889],[54.38047,24.484824],[54.380272,24.484767],[54.380226,24.484818],[54.380325,24.484893],[54.380209,24.48486],[54.380016,24.485069],[54.380017,24.485096],[54.380027,24.485116],[54.380107,24.48514],[54.380319,24.485313],[54.380741,24.485434],[54.380925,24.485223],[54.380969,24.485254],[54.381079,24.485285],[54.381125,24.485345],[54.381322,24.485401],[54.381372,24.48537],[54.381628,24.485443],[54.381958,24.485047],[54.381817,24.484949],[54.381447,24.484843],[54.381332,24.484765],[54.381353,24.484735],[54.381236,24.484658],[54.380971,24.484575],[54.38103,24.484506],[54.38056,24.484172],[54.3799,24.483983],[54.379887,24.483998],[54.379585,24.483911],[54.379471,24.483832],[54.379489,24.4838],[54.379451,24.483782],[54.379547,24.48381],[54.379633,24.483726],[54.379568,24.48367],[54.379365,24.483619],[54.379377,24.483568],[54.379067,24.483488]]]}},{"type":"Feature","properties":{},"geometry":{"type":"Polygon","coordinates":[[[54.378453,24.484705],[54.378631,24.484833],[54.378672,24.484844],[54.378662,24.484857],[54.378849,24.484984],[54.378883,24.484993],[54.379279,24.485286],[54.379321,24.485298],[54.379308,24.485314],[54.379483,24.485436],[54.379562,24.485459],[54.37955,24.485474],[54.37973,24.485601],[54.379764,24.485611],[54.379747,24.485631],[54.379965,24.485776],[54.380137,24.485913],[54.380204,24.485933],[54.380358,24.486046],[54.380393,24.486056],[54.380384,24.486066],[54.380761,24.486336],[54.380972,24.486397],[54.381088,24.486266],[54.380803,24.486066],[54.380823,24.486044],[54.380645,24.485913],[54.380453,24.485858],[54.380465,24.485844],[54.380384,24.485783],[54.380422,24.485739],[54.380233,24.485603],[54.380197,24.485592],[54.380204,24.485583],[54.380024,24.485456],[54.379892,24.485418],[54.379902,24.485406],[54.379727,24.485284],[54.379581,24.485242],[54.379599,24.485221],[54.379384,24.485078],[54.379397,24.485063],[54.379206,24.484925],[54.379166,24.484914],[54.378981,24.484785],[54.378944,24.484774],[54.378953,24.484764],[54.378774,24.484637],[54.378738,24.484627],[54.378749,24.484614],[54.378138,24.484184],[54.377927,24.484123],[54.377814,24.484257],[54.378006,24.484391],[54.378042,24.484401],[54.378034,24.48441],[54.378423,24.484686],[54.37846,24.484697],[54.378453,24.484705]]]}},{"type":"Feature","properties":{},"geometry":{"type":"Polygon","coordinates":[[[54.379112,24.484557],[54.379393,24.48475],[54.37959,24.484807],[54.379667,24.484715],[54.379539,24.484626],[54.379684,24.484668],[54.379764,24.484571],[54.379652,24.484495],[54.379455,24.484439],[54.379387,24.484521],[54.379188,24.484464],[54.379112,24.484557]]]}},{"type":"Feature","properties":{},"geometry":{"type":"Polygon","coordinates":[[[54.379809,24.486521],[54.379768,24.486495],[54.379824,24.486424],[54.379526,24.486231],[54.378537,24.485947],[54.377906,24.486755],[54.378181,24.486933],[54.378597,24.487052],[54.378464,24.487205],[54.378126,24.487108],[54.378133,24.4871],[54.378049,24.487038],[54.377627,24.486917],[54.377437,24.487134],[54.377523,24.487197],[54.377726,24.487255],[54.377662,24.487329],[54.377718,24.487369],[54.37767,24.487423],[54.377858,24.487559],[54.377918,24.487576],[54.377857,24.487645],[54.378003,24.487751],[54.377551,24.488267],[54.377301,24.488195],[54.377244,24.488263],[54.378043,24.488819],[54.378133,24.488845],[54.378117,24.488864],[54.378318,24.489006],[54.378516,24.489063],[54.378564,24.489007],[54.378472,24.488942],[54.378703,24.489009],[54.378759,24.488941],[54.37834,24.488649],[54.37884,24.488078],[54.379057,24.488221],[54.379716,24.48841],[54.379842,24.488252],[54.379621,24.488106],[54.378978,24.487921],[54.379116,24.487764],[54.379207,24.48783],[54.379629,24.487951],[54.379752,24.48781],[54.379722,24.487788],[54.379894,24.487591],[54.379508,24.487311],[54.3794,24.48728],[54.379309,24.487214],[54.379412,24.487097],[54.379317,24.487028],[54.37951,24.486781],[54.379588,24.486803],[54.379665,24.486705],[54.379775,24.486736],[54.379812,24.486676],[54.379717,24.486639],[54.379809,24.486521]]]}},{"type":"Feature","properties":{},"geometry":{"type":"Polygon","coordinates":[[[54.379747,24.487244],[54.379714,24.487224],[54.379516,24.487168],[54.379489,24.487206],[54.37972,24.487282],[54.379747,24.487244]]]}},{"type":"Feature","properties":{},"geometry":{"type":"Polygon","coordinates":[[[54.379116,24.487885],[54.379217,24.487962],[54.379415,24.488019],[54.379452,24.487979],[54.379351,24.487902],[54.379153,24.487845],[54.379116,24.487885]]]}},{"type":"Feature","properties":{},"geometry":{"type":"Polygon","coordinates":[[[54.379303,24.489769],[54.379273,24.489746],[54.379075,24.48969],[54.379025,24.489745],[54.379055,24.489768],[54.379253,24.489825],[54.379303,24.489769]]]}},{"type":"Feature","properties":{},"geometry":{"type":"Polygon","coordinates":[[[54.378899,24.489859],[54.37893,24.489881],[54.379127,24.489938],[54.379168,24.489892],[54.379137,24.48987],[54.378939,24.489813],[54.378899,24.489859]]]}},{"type":"Feature","properties":{},"geometry":{"type":"Polygon","coordinates":[[[54.379747,24.490615],[54.379814,24.490634],[54.379805,24.490645],[54.378811,24.490359],[54.378656,24.490542],[54.378724,24.490589],[54.378627,24.490562],[54.378467,24.490759],[54.378608,24.490853],[54.378416,24.490798],[54.378267,24.490974],[54.378407,24.491073],[54.378869,24.491206],[54.378926,24.491247],[54.378201,24.491039],[54.378055,24.49121],[54.37819,24.491305],[54.378752,24.491466],[54.378797,24.491498],[54.379145,24.491598],[54.379071,24.491684],[54.379137,24.491732],[54.379061,24.491678],[54.377954,24.49136],[54.37777,24.491574],[54.378008,24.491743],[54.378853,24.491986],[54.378914,24.492028],[54.379336,24.49215],[54.379423,24.492047],[54.379314,24.491971],[54.379372,24.4919],[54.379216,24.491788],[54.379848,24.49197],[54.379975,24.491824],[54.380513,24.49198],[54.380504,24.491991],[54.380286,24.491919],[54.380229,24.491983],[54.380158,24.491963],[54.380136,24.491988],[54.380304,24.492112],[54.380384,24.492135],[54.380227,24.492322],[54.379826,24.492031],[54.379615,24.49197],[54.37952,24.492079],[54.380029,24.492449],[54.38024,24.492509],[54.380296,24.492445],[54.380634,24.492679],[54.381096,24.492811],[54.380955,24.492971],[54.381058,24.493046],[54.381535,24.49318],[54.38162,24.493243],[54.381692,24.493263],[54.381564,24.493408],[54.381683,24.493495],[54.381787,24.493525],[54.381766,24.493552],[54.381986,24.493695],[54.382566,24.493862],[54.382657,24.493746],[54.382438,24.493603],[54.382181,24.493529],[54.382267,24.493432],[54.382214,24.493393],[54.382338,24.493428],[54.382483,24.493265],[54.382399,24.493203],[54.382623,24.493268],[54.382761,24.493116],[54.383113,24.493217],[54.383222,24.493084],[54.383005,24.492939],[54.382819,24.492885],[54.382834,24.492869],[54.38272,24.492785],[54.382472,24.492713],[54.382495,24.492685],[54.382298,24.492552],[54.382186,24.49252],[54.382243,24.492452],[54.382122,24.492369],[54.381448,24.492178],[54.381461,24.492108],[54.381504,24.492119],[54.38154,24.491917],[54.381506,24.491907],[54.381516,24.491861],[54.381787,24.491939],[54.381723,24.492019],[54.381982,24.492193],[54.382044,24.492211],[54.382033,24.492224],[54.382223,24.492352],[54.382259,24.492363],[54.382251,24.492373],[54.382441,24.492501],[54.382657,24.492563],[54.382616,24.492611],[54.382737,24.492698],[54.383317,24.492864],[54.383477,24.49268],[54.383388,24.492617],[54.383558,24.492665],[54.383713,24.492487],[54.383578,24.49239],[54.382945,24.492208],[54.38279,24.492387],[54.382808,24.492399],[54.382777,24.49239],[54.382786,24.49238],[54.38263,24.492276],[54.382674,24.492223],[54.382414,24.492048],[54.382154,24.491973],[54.382184,24.491939],[54.382654,24.492074],[54.38283,24.491867],[54.382689,24.491767],[54.382179,24.491621],[54.382251,24.491544],[54.382121,24.491456],[54.381646,24.49132],[54.381546,24.491427],[54.381385,24.491313],[54.381114,24.491235],[54.381125,24.491222],[54.380925,24.491082],[54.380773,24.491038],[54.380823,24.490979],[54.38116,24.491075],[54.381342,24.490863],[54.381207,24.490767],[54.380741,24.490633],[54.38084,24.490516],[54.380724,24.490434],[54.380436,24.490351],[54.380598,24.49016],[54.380335,24.489975],[54.379385,24.489702],[54.37918,24.489944],[54.379444,24.490129],[54.379702,24.490203],[54.379686,24.490222],[54.379065,24.490043],[54.378904,24.490239],[54.379049,24.490338],[54.379563,24.490486],[54.379747,24.490615]],[[54.382127,24.492848],[54.382059,24.492828],[54.381905,24.492997],[54.382018,24.493082],[54.381898,24.493048],[54.381888,24.493059],[54.381784,24.492983],[54.381731,24.492968],[54.381867,24.492815],[54.381792,24.49276],[54.381848,24.492693],[54.382013,24.492804],[54.382127,24.492848]],[[54.381989,24.491741],[54.381951,24.491714],[54.382,24.491728],[54.381989,24.491741]],[[54.38035,24.491064],[54.38055,24.491204],[54.38061,24.491221],[54.380589,24.491245],[54.381198,24.491676],[54.380687,24.49153],[54.380759,24.491448],[54.380621,24.491348],[54.380243,24.491239],[54.380322,24.49115],[54.380205,24.491064],[54.379993,24.491004],[54.380097,24.490885],[54.379968,24.490791],[54.380071,24.490861],[54.380434,24.490965],[54.38035,24.491064]],[[54.380666,24.490709],[54.380626,24.490756],[54.380585,24.490727],[54.380309,24.490648],[54.380325,24.490629],[54.38028,24.490598],[54.380666,24.490709]],[[54.380114,24.491514],[54.379976,24.491474],[54.379988,24.491461],[54.380114,24.491514]]]}},{"type":"Feature","properties":{},"geometry":{"type":"Polygon","coordinates":[[[54.377756,24.492644],[54.378007,24.492829],[54.378639,24.493011],[54.378754,24.492882],[54.378503,24.492697],[54.377871,24.492515],[54.377756,24.492644]]]}},{"type":"Feature","properties":{},"geometry":{"type":"Polygon","coordinates":[[[54.378141,24.492959],[54.377956,24.493166],[54.378165,24.493321],[54.378777,24.493497],[54.379541,24.494028],[54.380212,24.49422],[54.38017,24.49427],[54.3798,24.494163],[54.379773,24.494194],[54.378863,24.493933],[54.378755,24.494059],[54.378006,24.493843],[54.377803,24.494084],[54.378016,24.494232],[54.378579,24.494394],[54.378698,24.494478],[54.378795,24.494506],[54.378722,24.494592],[54.378036,24.494394],[54.377925,24.494521],[54.378118,24.49466],[54.378184,24.494679],[54.37817,24.494696],[54.378362,24.494835],[54.378654,24.49492],[54.378544,24.495048],[54.378687,24.49515],[54.379128,24.495286],[54.378501,24.495106],[54.378375,24.495252],[54.377838,24.495097],[54.377732,24.495222],[54.377923,24.495357],[54.378233,24.495446],[54.378159,24.495537],[54.378226,24.495582],[54.377965,24.495507],[54.377707,24.495812],[54.377926,24.495965],[54.378216,24.496048],[54.37819,24.49608],[54.378405,24.496226],[54.378714,24.496315],[54.378627,24.496421],[54.378895,24.496603],[54.380112,24.496952],[54.380072,24.497001],[54.380528,24.497317],[54.380686,24.497363],[54.380858,24.497157],[54.380973,24.49719],[54.381019,24.497135],[54.381115,24.497162],[54.38131,24.496939],[54.381165,24.496834],[54.380927,24.496766],[54.380756,24.496647],[54.38082,24.496569],[54.380892,24.49659],[54.380871,24.496616],[54.381073,24.496754],[54.382392,24.497133],[54.3825,24.497001],[54.382977,24.497328],[54.383389,24.497447],[54.383432,24.497396],[54.383456,24.497402],[54.383377,24.497502],[54.383929,24.497866],[54.384918,24.49815],[54.385004,24.498042],[54.384872,24.497938],[54.3849,24.497903],[54.384759,24.49781],[54.384856,24.497688],[54.384585,24.49751],[54.383596,24.497226],[54.383506,24.49734],[54.383488,24.497328],[54.383647,24.497139],[54.383685,24.497165],[54.383882,24.497222],[54.383935,24.497157],[54.383872,24.497114],[54.383708,24.497067],[54.383816,24.496939],[54.383828,24.496962],[54.384401,24.497127],[54.384347,24.497196],[54.384416,24.497242],[54.384614,24.497298],[54.384685,24.497208],[54.384817,24.497246],[54.384961,24.49716],[54.384946,24.497142],[54.385092,24.497051],[54.385047,24.496951],[54.385025,24.496842],[54.385057,24.496753],[54.385229,24.496554],[54.385123,24.496486],[54.384629,24.496344],[54.384619,24.496302],[54.384421,24.496245],[54.384396,24.49625],[54.384615,24.49599],[54.384635,24.495995],[54.384695,24.495926],[54.384678,24.495913],[54.385022,24.495524],[54.385,24.49551],[54.384985,24.49534],[54.384863,24.495254],[54.384245,24.495021],[54.384208,24.494987],[54.383563,24.494803],[54.383405,24.494689],[54.383658,24.494762],[54.383829,24.494564],[54.383685,24.494461],[54.383873,24.494523],[54.383803,24.494609],[54.384681,24.494915],[54.385505,24.495152],[54.385555,24.495092],[54.385533,24.495065],[54.385641,24.494926],[54.38557,24.49488],[54.385601,24.49484],[54.385524,24.494791],[54.385326,24.494734],[54.385305,24.494761],[54.385273,24.494752],[54.384985,24.494405],[54.384177,24.494173],[54.384265,24.494071],[54.384054,24.493919],[54.383943,24.493887],[54.383974,24.493851],[54.383763,24.493699],[54.383021,24.493486],[54.38285,24.493683],[54.383061,24.493835],[54.383172,24.493867],[54.383141,24.493903],[54.383288,24.494009],[54.38309,24.493952],[54.382918,24.494149],[54.383062,24.494253],[54.382876,24.4942],[54.38273,24.494369],[54.382359,24.494262],[54.382187,24.49446],[54.382399,24.494611],[54.382498,24.49464],[54.382478,24.494664],[54.382689,24.494816],[54.383302,24.494992],[54.382853,24.495513],[54.382873,24.495526],[54.382851,24.495551],[54.382867,24.495577],[54.382842,24.49561],[54.382787,24.4956],[54.382731,24.495662],[54.382762,24.495696],[54.382735,24.495725],[54.382669,24.495728],[54.382635,24.49577],[54.382517,24.495736],[54.382579,24.495662],[54.382448,24.495571],[54.38237,24.495549],[54.382446,24.495459],[54.382242,24.495317],[54.381407,24.495077],[54.381294,24.494996],[54.380566,24.494787],[54.380642,24.494687],[54.380678,24.494713],[54.382244,24.495163],[54.38236,24.49503],[54.382127,24.494861],[54.381796,24.494766],[54.381806,24.494755],[54.381552,24.494574],[54.381046,24.494429],[54.381195,24.49426],[54.380974,24.494109],[54.380892,24.494085],[54.380911,24.494063],[54.380689,24.493909],[54.380607,24.493885],[54.380626,24.493863],[54.380406,24.493708],[54.38031,24.493681],[54.380332,24.493655],[54.380124,24.493505],[54.378641,24.493079],[54.378624,24.493097],[54.378141,24.492959]],[[54.379146,24.495846],[54.379274,24.495688],[54.379146,24.495602],[54.378576,24.495438],[54.378587,24.495425],[54.379324,24.495637],[54.379234,24.495743],[54.379374,24.495842],[54.379865,24.495983],[54.379814,24.496045],[54.379825,24.496052],[54.379146,24.495846]],[[54.381426,24.49593],[54.381247,24.495878],[54.381212,24.495855],[54.381435,24.495919],[54.381426,24.49593]],[[54.380255,24.495525],[54.380308,24.495562],[54.379805,24.495417],[54.379819,24.4954],[54.380255,24.495525]],[[54.380348,24.495229],[54.380546,24.495286],[54.380556,24.495273],[54.380634,24.495295],[54.380615,24.495318],[54.380653,24.495344],[54.38026,24.495231],[54.38029,24.495197],[54.380348,24.495229]],[[54.380175,24.49655],[54.380194,24.496527],[54.380415,24.49659],[54.380396,24.496613],[54.380175,24.49655]],[[54.382108,24.496403],[54.381515,24.496232],[54.381516,24.496231],[54.382108,24.496403]],[[54.383919,24.49446],[54.384013,24.494351],[54.383924,24.494461],[54.383919,24.49446]],[[54.384056,24.494298],[54.384041,24.494316],[54.383896,24.494211],[54.384049,24.494255],[54.384029,24.494279],[54.384056,24.494298]]]}},{"type":"Feature","properties":{},"geometry":{"type":"Polygon","coordinates":[[[54.378155,24.49374],[54.378141,24.493775],[54.378399,24.493853],[54.378691,24.493896],[54.378735,24.493656],[54.378562,24.493614],[54.378653,24.493511],[54.37859,24.493465],[54.378392,24.493408],[54.378285,24.493529],[54.378381,24.493585],[54.378374,24.49362],[54.378254,24.493585],[54.378204,24.493644],[54.378268,24.493689],[54.378356,24.493714],[54.37834,24.493793],[54.378155,24.49374]]]}},{"type":"Feature","properties":{},"geometry":{"type":"Polygon","coordinates":[[[54.379631,24.497998],[54.379907,24.497688],[54.379708,24.497541],[54.379137,24.497377],[54.379158,24.497353],[54.378894,24.497158],[54.378156,24.496946],[54.378049,24.497065],[54.378313,24.49726],[54.378515,24.497318],[54.378403,24.497444],[54.378023,24.497334],[54.377916,24.497454],[54.378168,24.497639],[54.3788,24.497821],[54.378844,24.497772],[54.379631,24.497998]]]}},{"type":"Feature","properties":{},"geometry":{"type":"Polygon","coordinates":[[[54.379443,24.498073],[54.379326,24.497987],[54.378271,24.497684],[54.378077,24.497902],[54.378194,24.497989],[54.379249,24.498292],[54.379443,24.498073]]]}},{"type":"Feature","properties":{},"geometry":{"type":"Polygon","coordinates":[[[54.377898,24.498573],[54.378694,24.498801],[54.378627,24.498872],[54.378728,24.498949],[54.378926,24.499006],[54.379039,24.498884],[54.378981,24.49884],[54.37911,24.498673],[54.379123,24.498677],[54.37908,24.49873],[54.379296,24.498873],[54.379493,24.49893],[54.379603,24.498793],[54.379388,24.49865],[54.37932,24.498631],[54.379328,24.498619],[54.379145,24.498502],[54.378948,24.498445],[54.378874,24.498541],[54.378889,24.498551],[54.378783,24.49852],[54.378949,24.498297],[54.378857,24.498222],[54.378171,24.498025],[54.377977,24.498244],[54.378089,24.498321],[54.377939,24.498278],[54.377764,24.498474],[54.377898,24.498573]]]}},{"type":"Feature","properties":{},"geometry":{"type":"Polygon","coordinates":[[[54.378723,24.499151],[54.378752,24.499122],[54.378793,24.499134],[54.378833,24.499093],[54.378742,24.499018],[54.378544,24.498962],[54.378463,24.499043],[54.378526,24.499094],[54.378723,24.499151]]]}},{"type":"Feature","properties":{},"geometry":{"type":"Polygon","coordinates":[[[54.379641,24.501754],[54.379427,24.501588],[54.377961,24.501167],[54.377761,24.501379],[54.377974,24.501545],[54.379441,24.501966],[54.379641,24.501754]]]}},{"type":"Feature","properties":{},"geometry":{"type":"Polygon","coordinates":[[[54.379025,24.502154],[54.378878,24.502035],[54.37789,24.501751],[54.377689,24.501955],[54.377836,24.502074],[54.378011,24.502124],[54.377828,24.502314],[54.377996,24.502449],[54.379249,24.502808],[54.379439,24.502611],[54.379271,24.502476],[54.378832,24.50235],[54.379025,24.502154]]]}},{"type":"Feature","properties":{},"geometry":{"type":"Polygon","coordinates":[[[54.379311,24.50294],[54.379109,24.502798],[54.377856,24.502438],[54.377752,24.502561],[54.377954,24.502704],[54.379207,24.503063],[54.379311,24.50294]]]}},{"type":"Feature","properties":{},"geometry":{"type":"Polygon","coordinates":[[[54.378755,24.50842],[54.378758,24.508523],[54.378956,24.50858],[54.379064,24.508578],[54.379062,24.508474],[54.378864,24.508417],[54.378755,24.50842]]]}},{"type":"Feature","properties":{},"geometry":{"type":"Polygon","coordinates":[[[54.378529,24.50857],[54.37853,24.508679],[54.378728,24.508736],[54.378801,24.508735],[54.378799,24.508625],[54.378601,24.508569],[54.378529,24.50857]]]}},{"type":"Feature","properties":{},"geometry":{"type":"Polygon","coordinates":[[[54.37939,24.510486],[54.379465,24.510508],[54.379694,24.510382],[54.379619,24.510269],[54.379804,24.510322],[54.380452,24.509977],[54.380428,24.50994],[54.380562,24.509869],[54.380601,24.50988],[54.380837,24.509753],[54.380577,24.509346],[54.379918,24.509156],[54.379666,24.509281],[54.379783,24.509454],[54.379535,24.509383],[54.379135,24.509596],[54.378591,24.509439],[54.377802,24.509708],[54.378003,24.51002],[54.378186,24.510073],[54.378115,24.510113],[54.378367,24.510488],[54.379026,24.510677],[54.37939,24.510486]]]}},{"type":"Feature","properties":{},"geometry":{"type":"Polygon","coordinates":[[[54.380069,24.480502],[54.380134,24.480521],[54.380108,24.480551],[54.379924,24.480412],[54.379726,24.480356],[54.379668,24.480419],[54.379889,24.480586],[54.379687,24.480528],[54.379638,24.480585],[54.37945,24.480531],[54.379208,24.480817],[54.379335,24.480907],[54.379625,24.48099],[54.379553,24.481068],[54.379787,24.481244],[54.380156,24.48135],[54.38009,24.481428],[54.380429,24.481665],[54.380467,24.481676],[54.380454,24.481692],[54.381462,24.482418],[54.381767,24.482506],[54.381701,24.482584],[54.381937,24.482751],[54.381999,24.482768],[54.382231,24.48294],[54.382264,24.482949],[54.382257,24.482958],[54.382767,24.483308],[54.382754,24.483324],[54.38299,24.48349],[54.383313,24.483583],[54.383236,24.483672],[54.383376,24.483772],[54.383587,24.483833],[54.383735,24.483662],[54.383691,24.48363],[54.383702,24.483617],[54.383919,24.483679],[54.384067,24.483508],[54.383946,24.483421],[54.384078,24.483268],[54.384003,24.483215],[54.384096,24.483242],[54.384245,24.48307],[54.384208,24.483044],[54.384215,24.483035],[54.384421,24.483095],[54.384569,24.482924],[54.384446,24.482835],[54.384574,24.482687],[54.38451,24.482642],[54.384588,24.482664],[54.384736,24.482493],[54.38467,24.482446],[54.384761,24.482472],[54.384909,24.482301],[54.384869,24.482272],[54.384876,24.482264],[54.384926,24.482278],[54.385074,24.482107],[54.385036,24.48208],[54.385048,24.482065],[54.385086,24.482076],[54.385234,24.481905],[54.38521,24.481888],[54.38545,24.481626],[54.38545,24.481608],[54.385615,24.481655],[54.385763,24.481484],[54.385623,24.481384],[54.385254,24.481278],[54.385242,24.481291],[54.38503,24.48114],[54.384969,24.481123],[54.384481,24.480787],[54.384444,24.480777],[54.384462,24.480756],[54.384224,24.480588],[54.383952,24.480509],[54.384009,24.480446],[54.383774,24.48027],[54.383728,24.480257],[54.383745,24.480239],[54.38325,24.47988],[54.382591,24.479691],[54.382408,24.479894],[54.382788,24.480167],[54.382638,24.480124],[54.382454,24.480328],[54.382506,24.480366],[54.38244,24.480347],[54.382363,24.480433],[54.382321,24.480419],[54.382329,24.48041],[54.382222,24.480329],[54.382362,24.48037],[54.382534,24.480181],[54.382464,24.480127],[54.38248,24.480107],[54.382397,24.48005],[54.382334,24.480032],[54.382156,24.479899],[54.381497,24.47971],[54.381326,24.479899],[54.381483,24.480017],[54.381285,24.479961],[54.381113,24.48015],[54.381292,24.480285],[54.381355,24.480303],[54.381498,24.48041],[54.381542,24.480423],[54.381517,24.480452],[54.381914,24.480716],[54.382182,24.480793],[54.382182,24.48081],[54.382103,24.480787],[54.38203,24.480869],[54.382118,24.480934],[54.382236,24.480968],[54.382231,24.481003],[54.38291,24.4812],[54.382799,24.481333],[54.38343,24.481765],[54.383414,24.48176],[54.383377,24.481798],[54.383524,24.481919],[54.383726,24.481971],[54.383835,24.482047],[54.383891,24.482068],[54.383781,24.482036],[54.383787,24.482027],[54.383746,24.482001],[54.383549,24.481944],[54.383512,24.481991],[54.383553,24.482018],[54.38374,24.482071],[54.383703,24.482123],[54.383748,24.482149],[54.383945,24.482205],[54.383993,24.482138],[54.384101,24.482213],[54.384417,24.482304],[54.38441,24.482311],[54.384477,24.482359],[54.384386,24.482333],[54.384238,24.482504],[54.384301,24.482549],[54.384223,24.482527],[54.384075,24.482698],[54.38413,24.482737],[54.38406,24.482717],[54.383995,24.482793],[54.383949,24.48276],[54.384006,24.482776],[54.384193,24.482557],[54.383957,24.482391],[54.383911,24.482378],[54.383919,24.482368],[54.383721,24.482248],[54.383728,24.482241],[54.38356,24.482121],[54.383342,24.482059],[54.383392,24.482001],[54.383156,24.481834],[54.382859,24.481749],[54.382924,24.481674],[54.382414,24.48132],[54.382423,24.481309],[54.382186,24.48114],[54.382154,24.481131],[54.381924,24.480968],[54.381417,24.480822],[54.381261,24.480705],[54.381188,24.480684],[54.381201,24.480669],[54.381041,24.480557],[54.380843,24.4805],[54.380677,24.480697],[54.380837,24.480809],[54.38091,24.48083],[54.380897,24.480845],[54.381057,24.480957],[54.381104,24.48097],[54.381088,24.480989],[54.381005,24.480954],[54.381021,24.480935],[54.38086,24.480823],[54.380663,24.480766],[54.380497,24.480962],[54.380518,24.480977],[54.380486,24.480968],[54.380387,24.481073],[54.380298,24.481046],[54.380491,24.480819],[54.380332,24.480713],[54.380513,24.480504],[54.38044,24.480452],[54.380372,24.480432],[54.380384,24.480418],[54.380549,24.480465],[54.380597,24.480409],[54.380887,24.480493],[54.38107,24.480273],[54.380908,24.480161],[54.38069,24.480099],[54.380777,24.480003],[54.380591,24.479865],[54.380394,24.479808],[54.380299,24.479913],[54.380458,24.480032],[54.380249,24.479972],[54.380149,24.480092],[54.380026,24.480057],[54.379795,24.480325],[54.379874,24.48038],[54.379913,24.480392],[54.380069,24.480502]],[[54.382797,24.482691],[54.382983,24.482472],[54.382947,24.482447],[54.382991,24.48246],[54.383056,24.482383],[54.383124,24.482406],[54.383111,24.482421],[54.383159,24.482454],[54.383101,24.482438],[54.382915,24.482656],[54.383005,24.48272],[54.382889,24.482686],[54.38284,24.482744],[54.382778,24.482726],[54.382701,24.482664],[54.382797,24.482691]],[[54.381326,24.481705],[54.381289,24.481678],[54.380786,24.481534],[54.380793,24.481526],[54.380677,24.481445],[54.380829,24.481488],[54.380995,24.481292],[54.38092,24.481239],[54.381054,24.481278],[54.381212,24.481092],[54.381601,24.481342],[54.381588,24.481357],[54.38185,24.481527],[54.381842,24.481538],[54.382077,24.4817],[54.382377,24.481786],[54.38231,24.481864],[54.382339,24.481884],[54.381693,24.481698],[54.381613,24.481787],[54.381326,24.481705]],[[54.380687,24.481087],[54.380712,24.48109],[54.380704,24.481099],[54.380687,24.481087]],[[54.382609,24.480859],[54.382613,24.480854],[54.382645,24.480863],[54.382609,24.480859]],[[54.383611,24.481338],[54.383281,24.481243],[54.383301,24.4811],[54.383372,24.481145],[54.384031,24.481335],[54.384159,24.481182],[54.383903,24.481004],[54.383753,24.480961],[54.383793,24.480927],[54.383904,24.480991],[54.384135,24.481158],[54.384185,24.481173],[54.384249,24.481217],[54.384167,24.481193],[54.383982,24.481414],[54.384065,24.481472],[54.383953,24.48144],[54.383881,24.481525],[54.383611,24.481338]]]}},{"type":"Feature","properties":{},"geometry":{"type":"Polygon","coordinates":[[[54.379922,24.481732],[54.379725,24.481675],[54.379659,24.481753],[54.379762,24.481825],[54.37996,24.481882],[54.380025,24.481804],[54.379922,24.481732]]]}},{"type":"Feature","properties":{},"geometry":{"type":"Polygon","coordinates":[[[54.380145,24.482642],[54.379911,24.482575],[54.379693,24.482837],[54.380021,24.483063],[54.380112,24.483089],[54.380054,24.483157],[54.38083,24.483699],[54.381522,24.483897],[54.381432,24.484044],[54.381569,24.484132],[54.381556,24.48415],[54.381468,24.484125],[54.381426,24.484184],[54.381529,24.48425],[54.381773,24.48432],[54.381955,24.48443],[54.382018,24.484478],[54.381958,24.484553],[54.38207,24.484628],[54.382371,24.484714],[54.382315,24.48478],[54.382388,24.484831],[54.382298,24.484805],[54.382146,24.48498],[54.382286,24.485081],[54.382497,24.485142],[54.382649,24.484967],[54.382575,24.484914],[54.382669,24.484941],[54.382815,24.484767],[54.382789,24.484743],[54.382827,24.484753],[54.382877,24.484695],[54.382925,24.484709],[54.38327,24.484264],[54.383252,24.484253],[54.383292,24.484208],[54.383147,24.484102],[54.382963,24.484049],[54.382706,24.483884],[54.382555,24.48384],[54.382302,24.483649],[54.382259,24.483636],[54.382277,24.48361],[54.381964,24.483438],[54.382021,24.483447],[54.382081,24.483377],[54.382116,24.483387],[54.38221,24.483275],[54.382093,24.483193],[54.382014,24.483171],[54.381643,24.482912],[54.380654,24.482628],[54.380568,24.482731],[54.380612,24.482761],[54.380595,24.482782],[54.380411,24.482719],[54.380463,24.482661],[54.380579,24.482695],[54.380661,24.482604],[54.380484,24.482471],[54.380298,24.482418],[54.380412,24.482287],[54.380362,24.48225],[54.380165,24.482194],[54.380016,24.482363],[54.380066,24.4824],[54.380251,24.482453],[54.380106,24.482613],[54.380145,24.482642]],[[54.382059,24.483698],[54.382081,24.483672],[54.38215,24.483724],[54.382059,24.483698]],[[54.382065,24.483635],[54.382054,24.483647],[54.381978,24.483594],[54.382065,24.483635]]]}},{"type":"Feature","properties":{},"geometry":{"type":"Polygon","coordinates":[[[54.380986,24.484063],[54.380936,24.48403],[54.380813,24.483995],[54.380851,24.48395],[54.38047,24.483682],[54.380273,24.483625],[54.380203,24.483708],[54.380588,24.483971],[54.380712,24.484007],[54.380683,24.484044],[54.380729,24.484076],[54.380927,24.484133],[54.380986,24.484063]]]}},{"type":"Feature","properties":{},"geometry":{"type":"Polygon","coordinates":[[[54.37968,24.487027],[54.379785,24.487057],[54.379768,24.487079],[54.379885,24.487152],[54.380083,24.487209],[54.380114,24.487168],[54.380087,24.487151],[54.380116,24.487159],[54.380152,24.48712],[54.38005,24.487043],[54.380183,24.487081],[54.380217,24.487043],[54.380183,24.487018],[54.380252,24.487038],[54.38028,24.486994],[54.380145,24.486923],[54.379948,24.486866],[54.379927,24.486899],[54.380009,24.486935],[54.379913,24.486908],[54.379892,24.486931],[54.379803,24.48686],[54.379606,24.486803],[54.379516,24.486896],[54.37968,24.487027]],[[54.379956,24.487003],[54.379982,24.487022],[54.379947,24.487012],[54.379956,24.487003]]]}},{"type":"Feature","properties":{},"geometry":{"type":"Polygon","coordinates":[[[54.380954,24.488984],[54.381144,24.489129],[54.381324,24.48918],[54.381204,24.489316],[54.381324,24.489404],[54.381685,24.489508],[54.381608,24.489598],[54.381633,24.489616],[54.381604,24.489607],[54.381463,24.489774],[54.381497,24.489797],[54.381441,24.489781],[54.381269,24.489973],[54.381336,24.490023],[54.381254,24.489999],[54.381114,24.490162],[54.381226,24.490241],[54.381341,24.490274],[54.381272,24.490356],[54.381469,24.490495],[54.381506,24.490505],[54.3815,24.490513],[54.381697,24.490652],[54.381743,24.490665],[54.381718,24.490694],[54.381916,24.490833],[54.382105,24.490888],[54.382184,24.490943],[54.382474,24.491027],[54.382362,24.491154],[54.382506,24.491259],[54.382678,24.491308],[54.382641,24.491351],[54.382844,24.491494],[54.38314,24.491579],[54.383061,24.49167],[54.383254,24.491808],[54.383437,24.491861],[54.383411,24.491891],[54.383563,24.491998],[54.384144,24.492164],[54.384309,24.491969],[54.384275,24.491946],[54.384329,24.491961],[54.384482,24.491776],[54.384458,24.49176],[54.384494,24.49177],[54.384524,24.491736],[54.384577,24.491772],[54.384513,24.491754],[54.384485,24.491787],[54.384767,24.491986],[54.384953,24.492039],[54.384886,24.492121],[54.384835,24.492107],[54.384774,24.492154],[54.384704,24.492257],[54.384922,24.492379],[54.385204,24.49246],[54.385167,24.492504],[54.386085,24.493168],[54.387074,24.493452],[54.387302,24.492859],[54.386663,24.492407],[54.386679,24.492372],[54.386665,24.49233],[54.386561,24.492217],[54.386535,24.49205],[54.386535,24.491913],[54.386559,24.491856],[54.386689,24.491894],[54.386759,24.49181],[54.386649,24.491734],[54.386869,24.491616],[54.387035,24.491419],[54.386416,24.49096],[54.386495,24.490983],[54.38654,24.490913],[54.386501,24.490892],[54.386511,24.490878],[54.386411,24.490824],[54.386213,24.490767],[54.386194,24.490796],[54.385938,24.490606],[54.385594,24.490507],[54.38561,24.490489],[54.385556,24.49045],[54.385654,24.490478],[54.385818,24.490292],[54.385687,24.490196],[54.385429,24.490122],[54.385476,24.490066],[54.384826,24.489619],[54.384662,24.489572],[54.384696,24.489531],[54.384553,24.489432],[54.384039,24.489285],[54.384072,24.489246],[54.383952,24.489162],[54.383583,24.489056],[54.383425,24.489242],[54.38348,24.48928],[54.383405,24.489259],[54.383379,24.48929],[54.383159,24.489137],[54.382957,24.489079],[54.382968,24.489066],[54.382834,24.488972],[54.382975,24.488805],[54.382912,24.488758],[54.38304,24.488795],[54.383196,24.488905],[54.383829,24.489087],[54.383922,24.488977],[54.38351,24.488699],[54.383352,24.488654],[54.383244,24.488567],[54.382664,24.488401],[54.382496,24.488588],[54.382543,24.488623],[54.382479,24.488605],[54.382319,24.488797],[54.382427,24.488873],[54.382313,24.48884],[54.382266,24.488893],[54.382124,24.488852],[54.38195,24.488727],[54.38165,24.488641],[54.381693,24.488578],[54.381478,24.488422],[54.381104,24.488315],[54.381189,24.48821],[54.381046,24.488114],[54.380677,24.488008],[54.380515,24.488208],[54.380538,24.488224],[54.380501,24.488213],[54.380344,24.488411],[54.380382,24.488436],[54.380321,24.488419],[54.380166,24.488606],[54.380328,24.488718],[54.380693,24.488822],[54.380954,24.488984]],[[54.384688,24.491627],[54.384886,24.491683],[54.384923,24.491647],[54.384864,24.491596],[54.384696,24.491548],[54.38475,24.491486],[54.384968,24.491551],[54.384983,24.49152],[54.38588,24.492131],[54.385685,24.492075],[54.385707,24.492042],[54.385663,24.492018],[54.385466,24.491961],[54.385408,24.492061],[54.385348,24.492044],[54.385449,24.491957],[54.385369,24.491878],[54.385171,24.491822],[54.385128,24.491858],[54.385094,24.491848],[54.385046,24.491889],[54.384772,24.491701],[54.3846,24.491651],[54.384651,24.491595],[54.384688,24.491627]],[[54.384919,24.491476],[54.384791,24.491439],[54.384818,24.491407],[54.384919,24.491476]],[[54.384282,24.491172],[54.384033,24.491],[54.383989,24.490988],[54.383999,24.490977],[54.383787,24.490828],[54.383656,24.490791],[54.383707,24.49073],[54.383798,24.490776],[54.383788,24.490787],[54.384,24.490935],[54.384217,24.490997],[54.384345,24.491087],[54.384889,24.491244],[54.384789,24.491363],[54.384684,24.491287],[54.384282,24.491172]],[[54.385061,24.49104],[54.385054,24.491048],[54.38503,24.491031],[54.385061,24.49104]],[[54.385226,24.490844],[54.385223,24.490848],[54.385211,24.49084],[54.385226,24.490844]],[[54.381962,24.490509],[54.381925,24.490498],[54.381931,24.490491],[54.381734,24.490352],[54.381448,24.49027],[54.381563,24.490135],[54.381515,24.490101],[54.381593,24.490123],[54.381765,24.489932],[54.381718,24.489897],[54.382059,24.489995],[54.382199,24.489828],[54.382558,24.490087],[54.382665,24.490117],[54.382552,24.490246],[54.382638,24.490309],[54.38255,24.490284],[54.3825,24.490343],[54.382461,24.490332],[54.382268,24.490188],[54.381899,24.490082],[54.381806,24.490192],[54.382222,24.490482],[54.382338,24.490515],[54.382225,24.490651],[54.382256,24.490673],[54.382217,24.490661],[54.38219,24.490693],[54.382134,24.490677],[54.382159,24.490648],[54.381962,24.490509]],[[54.3824,24.489523],[54.38258,24.489649],[54.382949,24.489755],[54.383042,24.489646],[54.382907,24.48955],[54.382929,24.489524],[54.382899,24.489504],[54.383153,24.489574],[54.383096,24.489642],[54.383164,24.48969],[54.383072,24.489663],[54.382916,24.489845],[54.382992,24.489899],[54.382889,24.489869],[54.382874,24.489886],[54.382795,24.489843],[54.382804,24.489833],[54.382606,24.489694],[54.382325,24.489607],[54.3824,24.489523]],[[54.382053,24.48912],[54.382052,24.489119],[54.382053,24.489119],[54.382053,24.48912]],[[54.381406,24.488831],[54.381552,24.488873],[54.381523,24.488905],[54.381612,24.488971],[54.381528,24.488947],[54.381491,24.488989],[54.381416,24.488937],[54.381464,24.488883],[54.381252,24.488728],[54.38113,24.488693],[54.381162,24.488653],[54.381406,24.488831]],[[54.383468,24.491611],[54.383507,24.491566],[54.383668,24.491612],[54.38363,24.491658],[54.383468,24.491611]],[[54.383396,24.491375],[54.38337,24.491405],[54.38334,24.491383],[54.38322,24.491349],[54.38327,24.491292],[54.383396,24.491375]],[[54.383879,24.490509],[54.383953,24.490425],[54.384295,24.490661],[54.384439,24.490703],[54.384392,24.490758],[54.384235,24.490648],[54.383655,24.490481],[54.383611,24.490534],[54.383099,24.490387],[54.383202,24.490271],[54.383299,24.490342],[54.383879,24.490509]],[[54.38329,24.489482],[54.383351,24.489524],[54.383226,24.489488],[54.383195,24.489524],[54.383215,24.48946],[54.38329,24.489482]],[[54.38304,24.489381],[54.382824,24.489324],[54.382793,24.489429],[54.382731,24.489386],[54.382633,24.489357],[54.38273,24.489243],[54.382643,24.489182],[54.382822,24.489229],[54.38304,24.489381]],[[54.384222,24.490118],[54.384343,24.490193],[54.384333,24.490204],[54.384539,24.490358],[54.384695,24.490402],[54.384647,24.490458],[54.38454,24.490384],[54.384113,24.490261],[54.384213,24.490143],[54.384156,24.490102],[54.384222,24.490118]],[[54.384427,24.489862],[54.384464,24.489817],[54.384784,24.490031],[54.384987,24.490089],[54.384958,24.490122],[54.384934,24.490115],[54.384907,24.490146],[54.3848,24.490071],[54.384757,24.490058],[54.384766,24.490047],[54.384554,24.489899],[54.384427,24.489862]],[[54.383874,24.489484],[54.383884,24.489491],[54.383871,24.489487],[54.383874,24.489484]],[[54.38385,24.489413],[54.383848,24.489416],[54.38384,24.48941],[54.38385,24.489413]],[[54.385001,24.492043],[54.384972,24.492035],[54.384981,24.492023],[54.385001,24.492043]],[[54.384947,24.491973],[54.384945,24.491975],[54.38494,24.491971],[54.384947,24.491973]],[[54.385468,24.492088],[54.385505,24.492099],[54.385448,24.492171],[54.385419,24.492163],[54.385476,24.492094],[54.385468,24.492088]]]}},{"type":"Feature","properties":{},"geometry":{"type":"Polygon","coordinates":[[[54.379907,24.489399],[54.380115,24.489546],[54.380164,24.48956],[54.380539,24.489831],[54.381119,24.489998],[54.381239,24.489863],[54.381038,24.489714],[54.380711,24.48962],[54.380475,24.489455],[54.380589,24.48933],[54.380659,24.489367],[54.380652,24.489375],[54.380846,24.489514],[54.381215,24.489621],[54.381313,24.489508],[54.38109,24.48936],[54.381096,24.489353],[54.381002,24.489285],[54.381061,24.489216],[54.380853,24.489072],[54.380176,24.48887],[54.380126,24.488931],[54.38021,24.488981],[54.380163,24.489036],[54.380263,24.489106],[54.37985,24.488987],[54.379687,24.489167],[54.379837,24.489279],[54.379975,24.489319],[54.379907,24.489399]]]}},{"type":"Feature","properties":{},"geometry":{"type":"Polygon","coordinates":[[[54.379962,24.492748],[54.379954,24.492758],[54.380143,24.492889],[54.380177,24.492899],[54.380161,24.492919],[54.380361,24.493057],[54.380423,24.493075],[54.380395,24.493109],[54.380607,24.493256],[54.380733,24.493292],[54.380966,24.493441],[54.380946,24.493465],[54.381164,24.493604],[54.381138,24.493634],[54.381446,24.493847],[54.381552,24.493877],[54.381464,24.493984],[54.381605,24.494081],[54.38208,24.494218],[54.382243,24.494022],[54.382142,24.493952],[54.382196,24.493888],[54.381889,24.493675],[54.381749,24.493635],[54.381564,24.493508],[54.38143,24.493469],[54.381441,24.493457],[54.381262,24.493333],[54.381299,24.493289],[54.381086,24.493142],[54.380918,24.493094],[54.380925,24.493085],[54.380726,24.492947],[54.380692,24.492937],[54.380704,24.492923],[54.380533,24.492806],[54.380546,24.492791],[54.380351,24.492656],[54.380213,24.492616],[54.380222,24.492606],[54.380024,24.492469],[54.379986,24.492458],[54.379994,24.492447],[54.379806,24.492317],[54.379385,24.492196],[54.379293,24.492306],[54.379481,24.492435],[54.379519,24.492446],[54.379713,24.492589],[54.379745,24.492599],[54.379962,24.492748]]]}},{"type":"Feature","properties":{},"geometry":{"type":"Polygon","coordinates":[[[54.38086,24.493906],[54.380792,24.49386],[54.380595,24.493803],[54.380579,24.493825],[54.380646,24.493871],[54.380844,24.493928],[54.38086,24.493906]]]}},{"type":"Feature","properties":{},"geometry":{"type":"Polygon","coordinates":[[[54.38031,24.498477],[54.380074,24.498307],[54.379415,24.498117],[54.379253,24.498302],[54.379489,24.498472],[54.380148,24.498662],[54.38031,24.498477]]]}},{"type":"Feature","properties":{},"geometry":{"type":"Polygon","coordinates":[[[54.380013,24.49916],[54.379954,24.499237],[54.380001,24.499257],[54.379985,24.499278],[54.380323,24.499493],[54.380982,24.499682],[54.380994,24.499666],[54.381111,24.499693],[54.381115,24.499681],[54.381257,24.499722],[54.381471,24.499733],[54.381632,24.499619],[54.381569,24.499517],[54.381493,24.499495],[54.381449,24.499414],[54.381871,24.499159],[54.381569,24.498719],[54.381688,24.498649],[54.381705,24.498655],[54.381694,24.498807],[54.381799,24.49897],[54.382032,24.499037],[54.38199,24.499062],[54.381953,24.499125],[54.381961,24.499193],[54.38199,24.499233],[54.382054,24.499265],[54.382281,24.499324],[54.382332,24.499315],[54.382375,24.499289],[54.382404,24.499247],[54.382413,24.499204],[54.382375,24.499119],[54.382253,24.499071],[54.382339,24.499035],[54.382307,24.498756],[54.382227,24.498644],[54.381286,24.498381],[54.381106,24.498484],[54.381068,24.498473],[54.380628,24.498745],[54.380749,24.49892],[54.38062,24.499002],[54.380587,24.499132],[54.38019,24.499018],[54.380069,24.499177],[54.380013,24.49916]]]}},{"type":"Feature","properties":{},"geometry":{"type":"Polygon","coordinates":[[[54.379536,24.507284],[54.379537,24.507371],[54.379401,24.507332],[54.379298,24.507332],[54.379299,24.507452],[54.37934,24.507464],[54.37934,24.507547],[54.379538,24.507604],[54.379599,24.507599],[54.38018,24.507766],[54.380421,24.507763],[54.380416,24.507471],[54.379757,24.507281],[54.379536,24.507284]]]}},{"type":"Feature","properties":{},"geometry":{"type":"Polygon","coordinates":[[[54.380246,24.511998],[54.380134,24.511908],[54.380028,24.511878],[54.379543,24.512354],[54.379653,24.512439],[54.379758,24.512469],[54.380246,24.511998]]]}},{"type":"Feature","properties":{},"geometry":{"type":"Polygon","coordinates":[[[54.381416,24.481355],[54.381127,24.481259],[54.381091,24.481329],[54.38138,24.481425],[54.381416,24.481355]]]}},{"type":"Feature","properties":{},"geometry":{"type":"Polygon","coordinates":[[[54.381885,24.484717],[54.381964,24.484778],[54.382162,24.484834],[54.382213,24.484779],[54.382133,24.484718],[54.381936,24.484661],[54.381885,24.484717]]]}},{"type":"Feature","properties":{},"geometry":{"type":"Polygon","coordinates":[[[54.381295,24.485975],[54.381345,24.486011],[54.381285,24.485993],[54.381128,24.486171],[54.381268,24.486273],[54.381479,24.486334],[54.381636,24.486156],[54.381584,24.486118],[54.381646,24.486136],[54.381798,24.485961],[54.381753,24.485929],[54.381814,24.485946],[54.381962,24.485775],[54.381892,24.485725],[54.381973,24.485748],[54.382121,24.485582],[54.382047,24.485527],[54.382137,24.485553],[54.382292,24.485378],[54.382148,24.485273],[54.381937,24.485212],[54.381783,24.485388],[54.381865,24.485448],[54.381776,24.485422],[54.381627,24.485588],[54.381697,24.485639],[54.381613,24.485615],[54.381464,24.485787],[54.381507,24.485817],[54.381446,24.4858],[54.381295,24.485975]]]}},{"type":"Feature","properties":{},"geometry":{"type":"Polygon","coordinates":[[[54.38079,24.485537],[54.380762,24.485697],[54.38096,24.485754],[54.381142,24.48578],[54.38117,24.485621],[54.380973,24.485564],[54.38079,24.485537]]]}},{"type":"Feature","properties":{},"geometry":{"type":"Polygon","coordinates":[[[54.381294,24.485891],[54.381238,24.485849],[54.38104,24.485793],[54.38099,24.485848],[54.381046,24.48589],[54.381244,24.485947],[54.381294,24.485891]]]}},{"type":"Feature","properties":{},"geometry":{"type":"Polygon","coordinates":[[[54.381102,24.488013],[54.381537,24.488306],[54.381531,24.488313],[54.381713,24.488447],[54.38188,24.488495],[54.38197,24.48856],[54.382339,24.488666],[54.382497,24.488486],[54.38244,24.488445],[54.382577,24.488485],[54.382737,24.4883],[54.382619,24.488216],[54.382378,24.488147],[54.382449,24.488066],[54.382228,24.487903],[54.381958,24.487826],[54.382025,24.487746],[54.381838,24.487616],[54.381469,24.48751],[54.381371,24.487626],[54.381522,24.487731],[54.381016,24.487586],[54.380855,24.487778],[54.381022,24.487894],[54.381166,24.487935],[54.381102,24.488013]],[[54.381811,24.488161],[54.381624,24.488034],[54.381763,24.487868],[54.381632,24.487777],[54.38188,24.487848],[54.381815,24.487921],[54.382036,24.488084],[54.382173,24.488123],[54.382039,24.488278],[54.381938,24.488207],[54.381804,24.488169],[54.381811,24.488161]]]}},{"type":"Feature","properties":{},"geometry":{"type":"Polygon","coordinates":[[[54.381786,24.499512],[54.381525,24.499426],[54.381493,24.499483],[54.381753,24.499569],[54.381786,24.499512]]]}},{"type":"Feature","properties":{},"geometry":{"type":"Polygon","coordinates":[[[54.381855,24.509316],[54.381808,24.509282],[54.38161,24.509225],[54.381563,24.509278],[54.381611,24.509312],[54.381808,24.509369],[54.381855,24.509316]]]}},{"type":"Feature","properties":{},"geometry":{"type":"Polygon","coordinates":[[[54.381468,24.510112],[54.381503,24.510184],[54.3817,24.51024],[54.381801,24.5102],[54.381767,24.510128],[54.381569,24.510072],[54.381468,24.510112]]]}},{"type":"Feature","properties":{},"geometry":{"type":"Polygon","coordinates":[[[54.380991,24.511592],[54.381018,24.511527],[54.380935,24.511501],[54.38094,24.511479],[54.380622,24.511403],[54.380589,24.511568],[54.380906,24.511645],[54.380915,24.511601],[54.380879,24.51159],[54.380885,24.511561],[54.380991,24.511592]]]}},{"type":"Feature","properties":{},"geometry":{"type":"Polygon","coordinates":[[[54.380238,24.511685],[54.381238,24.51251],[54.381343,24.51254],[54.381423,24.512457],[54.380418,24.511618],[54.380313,24.511587],[54.380238,24.511685]]]}},{"type":"Feature","properties":{},"geometry":{"type":"Polygon","coordinates":[[[54.383028,24.486314],[54.383092,24.486354],[54.383209,24.486405],[54.383407,24.486462],[54.383417,24.486448],[54.38345,24.486457],[54.383498,24.486394],[54.3833,24.486271],[54.383102,24.486215],[54.383028,24.486314]]]}},{"type":"Feature","properties":{},"geometry":{"type":"Polygon","coordinates":[[[54.383474,24.487013],[54.383359,24.48693],[54.383399,24.486881],[54.383355,24.486851],[54.383157,24.486794],[54.383106,24.486857],[54.38272,24.486746],[54.38245,24.48702],[54.382804,24.487315],[54.382961,24.48736],[54.382919,24.487403],[54.383275,24.487695],[54.383314,24.487706],[54.38323,24.487791],[54.383403,24.487933],[54.383601,24.48799],[54.383611,24.48798],[54.383777,24.488035],[54.383818,24.488069],[54.383733,24.488044],[54.38369,24.488085],[54.383731,24.488117],[54.383928,24.488174],[54.383966,24.488138],[54.384077,24.48817],[54.384011,24.488245],[54.384088,24.4883],[54.384161,24.488321],[54.384131,24.488356],[54.384147,24.488367],[54.384074,24.488454],[54.384166,24.488518],[54.384364,24.488575],[54.38441,24.488521],[54.384495,24.488546],[54.384458,24.48859],[54.38454,24.488647],[54.384737,24.488704],[54.384886,24.488529],[54.384804,24.488472],[54.384606,24.488415],[54.384545,24.488487],[54.384445,24.488459],[54.384588,24.488293],[54.384556,24.488269],[54.384698,24.488128],[54.384634,24.488076],[54.385047,24.488195],[54.385015,24.488232],[54.385171,24.488347],[54.385131,24.488391],[54.385221,24.488455],[54.385056,24.488408],[54.385027,24.488464],[54.38528,24.488545],[54.385297,24.488511],[54.38538,24.48857],[54.386018,24.488753],[54.385987,24.488832],[54.385918,24.488781],[54.38572,24.488724],[54.38558,24.488884],[54.385607,24.488904],[54.385509,24.488876],[54.385546,24.488835],[54.385474,24.488786],[54.385276,24.488729],[54.38525,24.488758],[54.385101,24.48865],[54.384904,24.488593],[54.384825,24.488689],[54.385064,24.488858],[54.385139,24.48888],[54.385329,24.489024],[54.385147,24.488972],[54.385137,24.488989],[54.384821,24.488764],[54.384729,24.488737],[54.384686,24.488708],[54.384488,24.488651],[54.38444,24.48871],[54.384539,24.488779],[54.384665,24.488815],[54.384934,24.489008],[54.385099,24.489055],[54.385142,24.489078],[54.38513,24.489092],[54.385192,24.489138],[54.385359,24.489186],[54.385267,24.48929],[54.385379,24.489367],[54.386042,24.489552],[54.386191,24.48966],[54.38685,24.48985],[54.386979,24.489674],[54.3867,24.489498],[54.386404,24.489413],[54.386425,24.48939],[54.386175,24.489199],[54.385648,24.489048],[54.38571,24.48898],[54.385908,24.489113],[54.386106,24.48917],[54.386147,24.489127],[54.386104,24.489093],[54.386061,24.489081],[54.386163,24.488966],[54.386095,24.488915],[54.385953,24.488874],[54.385986,24.488837],[54.38598,24.488851],[54.386116,24.488895],[54.386775,24.489084],[54.386865,24.488861],[54.386904,24.488818],[54.387121,24.488691],[54.387045,24.488577],[54.386959,24.488552],[54.386993,24.488517],[54.386741,24.488334],[54.386546,24.488278],[54.386492,24.488239],[54.38651,24.488217],[54.386409,24.488146],[54.385439,24.487868],[54.385349,24.487802],[54.385366,24.487781],[54.385257,24.487708],[54.385039,24.487645],[54.384799,24.487477],[54.384602,24.48742],[54.384643,24.487372],[54.384584,24.48733],[54.384658,24.487351],[54.384733,24.487266],[54.384673,24.487224],[54.384748,24.487245],[54.384819,24.487166],[54.38463,24.487029],[54.384565,24.48701],[54.384579,24.486994],[54.384389,24.486863],[54.384191,24.486806],[54.384124,24.486882],[54.384203,24.486939],[54.384102,24.48691],[54.384035,24.486988],[54.384112,24.487042],[54.384013,24.487014],[54.383944,24.487093],[54.384017,24.487145],[54.383924,24.487119],[54.383855,24.487199],[54.383932,24.487254],[54.383834,24.487226],[54.383768,24.487302],[54.383687,24.487279],[54.383733,24.487232],[54.383644,24.487162],[54.383394,24.48709],[54.383474,24.487013]],[[54.384414,24.487732],[54.38438,24.487773],[54.384116,24.487697],[54.384172,24.487639],[54.384463,24.487723],[54.384447,24.487741],[54.384414,24.487732]],[[54.383959,24.487496],[54.383866,24.48747],[54.383921,24.487415],[54.383999,24.487451],[54.383959,24.487496]],[[54.38545,24.489084],[54.38544,24.489095],[54.385407,24.489071],[54.38545,24.489084]]]}},{"type":"Feature","properties":{},"geometry":{"type":"Polygon","coordinates":[[[54.382733,24.504657],[54.382743,24.50478],[54.38294,24.504837],[54.383016,24.504832],[54.383006,24.504709],[54.382809,24.504652],[54.382733,24.504657]]]}},{"type":"Feature","properties":{},"geometry":{"type":"Polygon","coordinates":[[[54.382846,24.508246],[54.382867,24.50828],[54.383065,24.508337],[54.383118,24.50831],[54.383097,24.508276],[54.3829,24.508219],[54.382846,24.508246]]]}},{"type":"Feature","properties":{},"geometry":{"type":"Polygon","coordinates":[[[54.384364,24.510963],[54.38367,24.510424],[54.382681,24.51014],[54.3823,24.510555],[54.382784,24.510935],[54.381894,24.510679],[54.381509,24.511102],[54.382367,24.511768],[54.383356,24.512052],[54.38374,24.511627],[54.383088,24.511122],[54.383973,24.511376],[54.384364,24.510963]]]}},{"type":"Feature","properties":{},"geometry":{"type":"Polygon","coordinates":[[[54.384372,24.480501],[54.384617,24.48068],[54.384879,24.480859],[54.38509,24.480919],[54.385161,24.480836],[54.385276,24.480869],[54.385395,24.480734],[54.38515,24.480555],[54.384621,24.480403],[54.384628,24.480396],[54.384488,24.480293],[54.384605,24.480161],[54.38436,24.479982],[54.383701,24.479792],[54.383582,24.479927],[54.38435,24.480485],[54.384378,24.480494],[54.384372,24.480501]]]}},{"type":"Feature","properties":{},"geometry":{"type":"Polygon","coordinates":[[[54.384093,24.482297],[54.384024,24.482254],[54.383826,24.482197],[54.383798,24.482235],[54.383866,24.482278],[54.384064,24.482335],[54.384093,24.482297]]]}},{"type":"Feature","properties":{},"geometry":{"type":"Polygon","coordinates":[[[54.384631,24.484288],[54.384692,24.484224],[54.384676,24.484211],[54.384701,24.484185],[54.384668,24.484159],[54.384471,24.484102],[54.384385,24.484192],[54.384434,24.484231],[54.384631,24.484288]]]}},{"type":"Feature","properties":{},"geometry":{"type":"Polygon","coordinates":[[[54.384321,24.485075],[54.384272,24.485124],[54.384254,24.485119],[54.38413,24.485244],[54.384142,24.485253],[54.384099,24.4853],[54.38408,24.485295],[54.383967,24.485404],[54.384108,24.485521],[54.384211,24.485551],[54.38413,24.485633],[54.383833,24.485548],[54.38357,24.48582],[54.383925,24.486112],[54.384078,24.486156],[54.384032,24.486202],[54.384391,24.486495],[54.38505,24.486684],[54.385289,24.486439],[54.385432,24.486481],[54.385543,24.486575],[54.386202,24.486764],[54.386381,24.486593],[54.386198,24.486435],[54.386147,24.48642],[54.386161,24.486407],[54.38611,24.486367],[54.385774,24.486265],[54.385798,24.48624],[54.385441,24.48595],[54.385332,24.485919],[54.385365,24.485885],[54.385016,24.485593],[54.384835,24.485541],[54.384867,24.485512],[54.384894,24.485519],[54.385019,24.485391],[54.385,24.485376],[54.385029,24.485345],[54.385103,24.485366],[54.385208,24.485261],[54.385069,24.485147],[54.38441,24.484958],[54.384305,24.485063],[54.384321,24.485075]]]}},{"type":"Feature","properties":{},"geometry":{"type":"Polygon","coordinates":[[[54.384427,24.49256],[54.384533,24.49262],[54.384675,24.492747],[54.384769,24.492774],[54.384751,24.492798],[54.38486,24.492864],[54.385058,24.492921],[54.385105,24.492856],[54.384995,24.49279],[54.38491,24.492766],[54.384928,24.492748],[54.384853,24.492686],[54.384736,24.49265],[54.38475,24.49263],[54.384656,24.492574],[54.384458,24.492517],[54.384427,24.49256]]]}},{"type":"Feature","properties":{},"geometry":{"type":"Polygon","coordinates":[[[54.383709,24.492848],[54.383781,24.49291],[54.383916,24.492949],[54.383885,24.493112],[54.384082,24.493169],[54.384316,24.493207],[54.384349,24.493037],[54.384151,24.49298],[54.383991,24.492955],[54.384015,24.492932],[54.383943,24.492869],[54.383745,24.492813],[54.383709,24.492848]]]}},{"type":"Feature","properties":{},"geometry":{"type":"Polygon","coordinates":[[[54.384327,24.493925],[54.384548,24.494076],[54.386691,24.494692],[54.386781,24.494583],[54.387507,24.494784],[54.387698,24.49491],[54.389231,24.49535],[54.389359,24.495178],[54.38916,24.495056],[54.389229,24.494889],[54.389231,24.494932],[54.39022,24.495216],[54.390331,24.495211],[54.390295,24.494477],[54.390349,24.494492],[54.391159,24.494399],[54.39111,24.494045],[54.390121,24.493761],[54.389903,24.493786],[54.389195,24.493583],[54.389397,24.493241],[54.389332,24.493129],[54.388319,24.492834],[54.388253,24.492863],[54.388245,24.492892],[54.388222,24.492885],[54.387805,24.493598],[54.387987,24.493667],[54.388976,24.493951],[54.389041,24.493842],[54.389049,24.494002],[54.389139,24.494073],[54.389101,24.494112],[54.389115,24.494398],[54.387649,24.493977],[54.38745,24.494456],[54.38687,24.494057],[54.384727,24.493442],[54.384693,24.493483],[54.384494,24.493338],[54.383505,24.493054],[54.383214,24.493412],[54.383499,24.493598],[54.384387,24.493853],[54.384327,24.493925]]]}},{"type":"Feature","properties":{},"geometry":{"type":"Polygon","coordinates":[[[54.38431,24.505193],[54.384612,24.505191],[54.384611,24.505137],[54.384694,24.505136],[54.384685,24.504282],[54.384601,24.504258],[54.384599,24.504036],[54.38361,24.503752],[54.38347,24.503754],[54.383477,24.504356],[54.383429,24.504342],[54.383302,24.504345],[54.383303,24.504399],[54.383462,24.504444],[54.383437,24.504445],[54.383437,24.504477],[54.383408,24.504477],[54.383408,24.504506],[54.383317,24.504507],[54.383321,24.50491],[54.38431,24.505193]]]}},{"type":"Feature","properties":{},"geometry":{"type":"Polygon","coordinates":[[[54.38669,24.482051],[54.386699,24.482115],[54.386897,24.482172],[54.387096,24.482146],[54.387091,24.482085],[54.386893,24.482028],[54.38669,24.482051]]]}},{"type":"Feature","properties":{},"geometry":{"type":"Polygon","coordinates":[[[54.390137,24.482505],[54.390006,24.482445],[54.389809,24.482389],[54.389772,24.482455],[54.389903,24.482514],[54.3901,24.482571],[54.390137,24.482505]]]}},{"type":"Feature","properties":{},"geometry":{"type":"Polygon","coordinates":[[[54.39026,24.482881],[54.390195,24.482812],[54.389997,24.482755],[54.389907,24.482825],[54.389972,24.482894],[54.39017,24.482951],[54.39026,24.482881]]]}},{"type":"Feature","properties":{},"geometry":{"type":"Polygon","coordinates":[[[54.388588,24.482893],[54.388192,24.482611],[54.387203,24.482327],[54.386697,24.482936],[54.387087,24.483209],[54.388076,24.483493],[54.388588,24.482893]]]}},{"type":"Feature","properties":{},"geometry":{"type":"Polygon","coordinates":[[[54.388117,24.48517],[54.387919,24.485113],[54.387843,24.485182],[54.387894,24.485229],[54.388092,24.485285],[54.388168,24.485216],[54.388117,24.48517]]]}},{"type":"Feature","properties":{},"geometry":{"type":"Polygon","coordinates":[[[54.389856,24.485801],[54.389812,24.485756],[54.38989,24.485693],[54.389782,24.485582],[54.389584,24.485525],[54.389443,24.485639],[54.389596,24.485795],[54.389793,24.485852],[54.389856,24.485801]]]}},{"type":"Feature","properties":{},"geometry":{"type":"Polygon","coordinates":[[[54.387608,24.486801],[54.387562,24.486767],[54.387364,24.48671],[54.387265,24.486819],[54.387313,24.486855],[54.387393,24.486878],[54.38738,24.486892],[54.387469,24.486958],[54.387667,24.487015],[54.387737,24.486939],[54.387647,24.486873],[54.387565,24.48685],[54.387608,24.486801]]]}},{"type":"Feature","properties":{},"geometry":{"type":"Polygon","coordinates":[[[54.385113,24.486646],[54.385057,24.486927],[54.385717,24.487116],[54.386112,24.487178],[54.386175,24.486895],[54.385516,24.486706],[54.385113,24.486646]]]}},{"type":"Feature","properties":{},"geometry":{"type":"Polygon","coordinates":[[[54.386742,24.487112],[54.386651,24.487041],[54.386453,24.486984],[54.386339,24.48711],[54.386425,24.487174],[54.386623,24.487231],[54.386742,24.487112]]]}},{"type":"Feature","properties":{},"geometry":{"type":"Polygon","coordinates":[[[54.385071,24.4874],[54.385005,24.487355],[54.384808,24.487298],[54.384731,24.487386],[54.384795,24.48743],[54.384992,24.487487],[54.385071,24.4874]]]}},{"type":"Feature","properties":{},"geometry":{"type":"Polygon","coordinates":[[[54.388093,24.487701],[54.388125,24.48771],[54.388253,24.487695],[54.388242,24.487566],[54.387924,24.487474],[54.387892,24.487449],[54.387932,24.48741],[54.387843,24.487339],[54.386854,24.487055],[54.386515,24.487435],[54.386613,24.487512],[54.386761,24.487554],[54.386809,24.48759],[54.386827,24.48776],[54.387816,24.488044],[54.387959,24.48803],[54.387936,24.487875],[54.388093,24.487701]]]}},{"type":"Feature","properties":{},"geometry":{"type":"Polygon","coordinates":[[[54.385595,24.48949],[54.386065,24.48982],[54.386118,24.489835],[54.386108,24.489847],[54.386196,24.489911],[54.386393,24.489968],[54.38643,24.489928],[54.386341,24.489865],[54.386286,24.489849],[54.386299,24.489833],[54.385832,24.489504],[54.385634,24.489447],[54.385595,24.48949]]]}},{"type":"Feature","properties":{},"geometry":{"type":"Polygon","coordinates":[[[54.386897,24.490079],[54.387095,24.490136],[54.38716,24.490138],[54.387162,24.490095],[54.386964,24.490038],[54.3869,24.490036],[54.386897,24.490079]]]}},{"type":"Feature","properties":{},"geometry":{"type":"Polygon","coordinates":[[[54.386835,24.490257],[54.387058,24.490415],[54.387255,24.490472],[54.387375,24.490334],[54.387153,24.490173],[54.386955,24.490116],[54.386835,24.490257]]]}},{"type":"Feature","properties":{},"geometry":{"type":"Polygon","coordinates":[[[54.388696,24.493998],[54.388691,24.493961],[54.388493,24.493904],[54.38838,24.493917],[54.388385,24.493955],[54.388583,24.494011],[54.388696,24.493998]]]}},{"type":"Feature","properties":{},"geometry":{"type":"Polygon","coordinates":[[[54.388313,24.493964],[54.38828,24.494084],[54.388536,24.494154],[54.388569,24.494034],[54.388313,24.493964]]]}},{"type":"Feature","properties":{},"geometry":{"type":"Polygon","coordinates":[[[54.388159,24.495814],[54.388235,24.495836],[54.388239,24.495869],[54.388437,24.495926],[54.388694,24.4959],[54.388683,24.495804],[54.388598,24.495779],[54.388596,24.495766],[54.388296,24.49569],[54.388146,24.495705],[54.388159,24.495814]]]}},{"type":"Feature","properties":{},"geometry":{"type":"Polygon","coordinates":[[[54.389841,24.495821],[54.389862,24.495928],[54.390059,24.495985],[54.390153,24.49597],[54.390133,24.495863],[54.389935,24.495807],[54.389841,24.495821]]]}},{"type":"Feature","properties":{},"geometry":{"type":"Polygon","coordinates":[[[54.387604,24.497104],[54.387617,24.497215],[54.38752,24.497188],[54.387468,24.497194],[54.387352,24.496305],[54.38694,24.496187],[54.386709,24.496212],[54.386851,24.497281],[54.38657,24.497309],[54.386579,24.497389],[54.38654,24.497392],[54.386584,24.497755],[54.386626,24.497766],[54.386643,24.497912],[54.386615,24.497915],[54.386626,24.498009],[54.386669,24.498021],[54.38671,24.49836],[54.386674,24.498363],[54.386683,24.498432],[54.386733,24.498446],[54.386772,24.498766],[54.386937,24.498814],[54.387309,24.498776],[54.387294,24.498653],[54.38742,24.498689],[54.387658,24.498665],[54.387636,24.498471],[54.387756,24.498505],[54.387855,24.498498],[54.3879,24.498511],[54.388659,24.498436],[54.389559,24.498694],[54.389709,24.498679],[54.389703,24.498633],[54.389813,24.498664],[54.389954,24.498649],[54.389944,24.49857],[54.39092,24.49885],[54.389877,24.498968],[54.389968,24.499683],[54.389708,24.499706],[54.38965,24.499156],[54.389403,24.499085],[54.388005,24.4992],[54.388022,24.49936],[54.387727,24.499275],[54.386775,24.499375],[54.386768,24.499506],[54.386877,24.499783],[54.386944,24.499887],[54.387235,24.500209],[54.387459,24.500387],[54.387532,24.500461],[54.388096,24.500864],[54.387919,24.500905],[54.388012,24.50105],[54.388047,24.501141],[54.38824,24.501196],[54.388282,24.50154],[54.388112,24.501492],[54.38812,24.501571],[54.388053,24.501752],[54.388152,24.50178],[54.388134,24.501871],[54.387948,24.502071],[54.387908,24.50206],[54.387837,24.502137],[54.387873,24.502161],[54.387597,24.502492],[54.387631,24.502526],[54.387613,24.502521],[54.387477,24.502822],[54.387584,24.502858],[54.387665,24.503036],[54.387577,24.503046],[54.387576,24.503105],[54.387363,24.503126],[54.387339,24.50325],[54.387674,24.503346],[54.387675,24.503391],[54.390049,24.504072],[54.390605,24.503875],[54.390445,24.503748],[54.389152,24.503376],[54.38915,24.50336],[54.388952,24.503303],[54.388912,24.503307],[54.388364,24.50315],[54.388258,24.502901],[54.388308,24.502848],[54.3885,24.502515],[54.38849,24.502453],[54.388642,24.502439],[54.388742,24.503235],[54.388989,24.503306],[54.389134,24.50329],[54.389133,24.50332],[54.389331,24.503377],[54.389438,24.503379],[54.389439,24.503325],[54.389269,24.503276],[54.390203,24.503179],[54.390159,24.502833],[54.390379,24.502896],[54.390406,24.5031],[54.390768,24.503204],[54.39152,24.50314],[54.391463,24.502626],[54.391533,24.502617],[54.392076,24.502762],[54.392215,24.502751],[54.392212,24.502712],[54.392337,24.502702],[54.392291,24.502204],[54.391715,24.502039],[54.391649,24.501489],[54.391895,24.501549],[54.392055,24.501532],[54.392051,24.501499],[54.392183,24.501486],[54.39214,24.501136],[54.392319,24.501188],[54.39258,24.501158],[54.392548,24.500916],[54.391889,24.500727],[54.391623,24.500751],[54.391637,24.500844],[54.391569,24.500824],[54.391346,24.498972],[54.391918,24.499136],[54.392951,24.499029],[54.392907,24.498675],[54.390929,24.498107],[54.3899,24.498214],[54.389854,24.497854],[54.389948,24.49785],[54.38994,24.49768],[54.389925,24.497675],[54.38996,24.497672],[54.389951,24.497592],[54.389971,24.49759],[54.389949,24.497397],[54.389923,24.497389],[54.389915,24.49732],[54.388926,24.497036],[54.388826,24.497046],[54.388775,24.497031],[54.389405,24.496962],[54.389313,24.496269],[54.388325,24.495985],[54.387574,24.496068],[54.387666,24.49676],[54.388528,24.497008],[54.387604,24.497104]],[[54.390001,24.499959],[54.390056,24.50039],[54.389875,24.500338],[54.389841,24.500289],[54.389768,24.500268],[54.38977,24.500233],[54.389301,24.500098],[54.389299,24.500083],[54.389744,24.500043],[54.389736,24.499967],[54.389785,24.499981],[54.390001,24.499959]],[[54.389602,24.502085],[54.3896,24.502062],[54.390298,24.502262],[54.390301,24.502285],[54.389602,24.502085]],[[54.389912,24.501187],[54.389896,24.501025],[54.390148,24.501098],[54.390213,24.501608],[54.389737,24.501471],[54.389678,24.501475],[54.389594,24.501451],[54.389554,24.501454],[54.389567,24.501428],[54.389913,24.501398],[54.389911,24.501378],[54.389932,24.501384],[54.389912,24.501187]],[[54.389456,24.501036],[54.389437,24.500893],[54.389623,24.500947],[54.389456,24.501036]]]}},{"type":"Feature","properties":{},"geometry":{"type":"Polygon","coordinates":[[[54.387014,24.498923],[54.386817,24.498866],[54.386647,24.498885],[54.386653,24.498939],[54.386851,24.498996],[54.387019,24.498978],[54.387014,24.498923]]]}},{"type":"Feature","properties":{},"geometry":{"type":"Polygon","coordinates":[[[54.388246,24.503647],[54.388048,24.50359],[54.387984,24.503605],[54.387995,24.503646],[54.388193,24.503703],[54.388257,24.503688],[54.388246,24.503647]]]}},{"type":"Feature","properties":{},"geometry":{"type":"Polygon","coordinates":[[[54.387691,24.504157],[54.387755,24.504155],[54.387751,24.504074],[54.387723,24.504066],[54.387717,24.504026],[54.387519,24.503969],[54.3874,24.503984],[54.387407,24.504026],[54.387491,24.504058],[54.387406,24.504034],[54.387362,24.50404],[54.38737,24.504086],[54.387568,24.504143],[54.387612,24.504137],[54.387691,24.504157]]]}},{"type":"Feature","properties":{},"geometry":{"type":"Polygon","coordinates":[[[54.389449,24.507111],[54.389446,24.507077],[54.389248,24.507021],[54.389152,24.507028],[54.389156,24.507062],[54.389353,24.507119],[54.389449,24.507111]]]}},{"type":"Feature","properties":{},"geometry":{"type":"Polygon","coordinates":[[[54.391028,24.482867],[54.391386,24.48298],[54.391344,24.483052],[54.391254,24.482999],[54.391056,24.482942],[54.390997,24.483025],[54.391238,24.483168],[54.391316,24.48319],[54.391503,24.483283],[54.392162,24.483472],[54.392239,24.483349],[54.392149,24.483285],[54.392218,24.483172],[54.392231,24.483175],[54.392207,24.483218],[54.392312,24.483257],[54.392282,24.483312],[54.392375,24.483354],[54.392573,24.483411],[54.392674,24.483237],[54.392464,24.483159],[54.392478,24.483133],[54.392389,24.483092],[54.392401,24.483072],[54.392169,24.482959],[54.391509,24.482769],[54.3915,24.482786],[54.391139,24.482622],[54.390942,24.482565],[54.390896,24.482647],[54.390915,24.482529],[54.390718,24.482472],[54.39058,24.482459],[54.390563,24.482582],[54.390761,24.482639],[54.390893,24.482651],[54.390825,24.482772],[54.390716,24.482711],[54.390518,24.482654],[54.390461,24.482735],[54.39071,24.482873],[54.390908,24.48293],[54.390963,24.482848],[54.390831,24.482775],[54.391028,24.482867]]]}},{"type":"Feature","properties":{},"geometry":{"type":"Polygon","coordinates":[[[54.391532,24.483387],[54.391516,24.483417],[54.391809,24.483514],[54.391825,24.483483],[54.391532,24.483387]]]}},{"type":"Feature","properties":{},"geometry":{"type":"Polygon","coordinates":[[[54.391897,24.483758],[54.391983,24.483783],[54.392067,24.483687],[54.391883,24.483547],[54.391224,24.483358],[54.391015,24.483564],[54.391238,24.483716],[54.391186,24.48376],[54.391324,24.483896],[54.391522,24.483953],[54.391609,24.483877],[54.391531,24.4838],[54.391879,24.4839],[54.391959,24.483808],[54.391897,24.483758]]]}},{"type":"Feature","properties":{},"geometry":{"type":"Polygon","coordinates":[[[54.39068,24.484447],[54.390799,24.484563],[54.390996,24.48462],[54.391088,24.484542],[54.390969,24.484426],[54.390771,24.484369],[54.39068,24.484447]]]}},{"type":"Feature","properties":{},"geometry":{"type":"Polygon","coordinates":[[[54.394521,24.488303],[54.394742,24.488367],[54.394793,24.488419],[54.397117,24.489086],[54.397185,24.489031],[54.397292,24.489062],[54.397509,24.488886],[54.397435,24.488811],[54.397533,24.488732],[54.39736,24.488556],[54.396025,24.488172],[54.395778,24.487818],[54.397409,24.488286],[54.397793,24.487944],[54.39776,24.487914],[54.397679,24.487882],[54.395256,24.487186],[54.395144,24.487174],[54.395019,24.487192],[54.39497,24.487235],[54.395012,24.487275],[54.394866,24.487404],[54.394882,24.487418],[54.39462,24.487343],[54.394584,24.487373],[54.394555,24.487364],[54.394369,24.487515],[54.394521,24.487664],[54.394275,24.4876],[54.394095,24.487756],[54.394113,24.487773],[54.394066,24.487813],[54.394198,24.487939],[54.394521,24.488303]]]}},{"type":"Feature","properties":{},"geometry":{"type":"Polygon","coordinates":[[[54.392886,24.489319],[54.393133,24.48939],[54.393357,24.4893],[54.393519,24.489346],[54.39405,24.489277],[54.393997,24.48894],[54.39375,24.488869],[54.393301,24.488928],[54.393264,24.488857],[54.393257,24.488793],[54.393271,24.488729],[54.393304,24.488672],[54.393353,24.488625],[54.393429,24.488589],[54.393955,24.488543],[54.393897,24.487988],[54.393649,24.487917],[54.392872,24.487985],[54.392909,24.488341],[54.392676,24.488629],[54.392314,24.488534],[54.392295,24.488626],[54.392215,24.488605],[54.392125,24.48894],[54.392372,24.489011],[54.392539,24.489019],[54.392714,24.489126],[54.392886,24.489319]]]}},{"type":"Feature","properties":{},"geometry":{"type":"Polygon","coordinates":[[[54.394339,24.488873],[54.39419,24.488888],[54.394231,24.489235],[54.394391,24.489281],[54.394398,24.489338],[54.396656,24.489986],[54.396843,24.489967],[54.39683,24.489854],[54.396922,24.489845],[54.396879,24.489491],[54.396773,24.489461],[54.396766,24.489403],[54.394508,24.488755],[54.394327,24.488773],[54.394339,24.488873]]]}},{"type":"Feature","properties":{},"geometry":{"type":"Polygon","coordinates":[[[54.394421,24.489601],[54.394271,24.489615],[54.394312,24.489967],[54.394472,24.490012],[54.394481,24.490096],[54.396739,24.490744],[54.396927,24.490726],[54.39691,24.490581],[54.397003,24.490572],[54.396962,24.490221],[54.396856,24.490191],[54.396849,24.490132],[54.394592,24.489484],[54.39441,24.489501],[54.394421,24.489601]]]}},{"type":"Feature","properties":{},"geometry":{"type":"Polygon","coordinates":[[[54.39255,24.491004],[54.392566,24.49099],[54.392817,24.491068],[54.393128,24.491027],[54.393301,24.49113],[54.393548,24.491201],[54.39357,24.491171],[54.393735,24.491218],[54.393654,24.491316],[54.392869,24.491091],[54.392169,24.491164],[54.39221,24.49149],[54.392535,24.491583],[54.39246,24.491593],[54.392547,24.492146],[54.395315,24.492941],[54.395695,24.492892],[54.396722,24.493183],[54.396823,24.493066],[54.396728,24.492998],[54.396771,24.492948],[54.396572,24.492805],[54.397006,24.492926],[54.397056,24.492864],[54.397175,24.492898],[54.397249,24.492804],[54.397174,24.492754],[54.397238,24.492674],[54.397085,24.492573],[54.394662,24.491877],[54.394645,24.491898],[54.394529,24.491865],[54.394447,24.491967],[54.394071,24.491858],[54.395185,24.490521],[54.395014,24.490408],[54.394882,24.49037],[54.394497,24.490409],[54.394352,24.490468],[54.394145,24.490719],[54.394103,24.490674],[54.393992,24.490617],[54.394087,24.490565],[54.394225,24.490389],[54.394138,24.489885],[54.393891,24.489814],[54.393621,24.489837],[54.393484,24.489761],[54.393237,24.48969],[54.392995,24.489698],[54.392899,24.490086],[54.392856,24.490178],[54.392767,24.490289],[54.392729,24.490281],[54.392598,24.490361],[54.392349,24.490475],[54.392143,24.490511],[54.391935,24.490511],[54.391736,24.490465],[54.391721,24.490502],[54.391735,24.490577],[54.3917,24.4906],[54.391651,24.49071],[54.391724,24.490779],[54.39255,24.491004]]]}},{"type":"Feature","properties":{},"geometry":{"type":"Polygon","coordinates":[[[54.390785,24.492828],[54.390587,24.492771],[54.390399,24.492942],[54.390505,24.493039],[54.390703,24.493095],[54.39089,24.492924],[54.390785,24.492828]]]}},{"type":"Feature","properties":{},"geometry":{"type":"Polygon","coordinates":[[[54.395688,24.493595],[54.395626,24.49321],[54.392808,24.492401],[54.392226,24.492479],[54.392288,24.492864],[54.395107,24.493673],[54.395688,24.493595]]]}},{"type":"Feature","properties":{},"geometry":{"type":"Polygon","coordinates":[[[54.394174,24.494631],[54.393515,24.494441],[54.393367,24.494459],[54.393371,24.494483],[54.39331,24.49449],[54.393345,24.49473],[54.394004,24.49492],[54.394273,24.494887],[54.394241,24.494671],[54.394177,24.494653],[54.394174,24.494631]]]}},{"type":"Feature","properties":{},"geometry":{"type":"Polygon","coordinates":[[[54.392741,24.49608],[54.39373,24.496364],[54.393786,24.496322],[54.394563,24.496245],[54.394728,24.496292],[54.394853,24.496278],[54.395058,24.496095],[54.395274,24.49607],[54.395189,24.49546],[54.3942,24.495176],[54.393632,24.495242],[54.393646,24.495337],[54.393572,24.495316],[54.392676,24.495443],[54.392741,24.49608]]]}},{"type":"Feature","properties":{},"geometry":{"type":"Polygon","coordinates":[[[54.390205,24.496364],[54.391194,24.496647],[54.391378,24.496629],[54.391365,24.496523],[54.391437,24.496515],[54.391422,24.4964],[54.391616,24.49638],[54.391564,24.495961],[54.390576,24.495677],[54.390226,24.495712],[54.390227,24.495726],[54.390109,24.495729],[54.390113,24.495837],[54.390246,24.495875],[54.390266,24.496037],[54.390224,24.496025],[54.390147,24.496033],[54.390156,24.496107],[54.390174,24.496112],[54.390205,24.496364]]]}},{"type":"Feature","properties":{},"geometry":{"type":"Polygon","coordinates":[[[54.391694,24.497078],[54.391694,24.497061],[54.391741,24.497074],[54.391861,24.497069],[54.391859,24.49703],[54.391661,24.496974],[54.391541,24.496979],[54.391542,24.497],[54.391422,24.496985],[54.391421,24.497019],[54.391619,24.497076],[54.391694,24.497078]]]}},{"type":"Feature","properties":{},"geometry":{"type":"Polygon","coordinates":[[[54.391867,24.497175],[54.391859,24.497137],[54.391662,24.49708],[54.391607,24.49709],[54.391615,24.497128],[54.391813,24.497184],[54.391867,24.497175]]]}},{"type":"Feature","properties":{},"geometry":{"type":"Polygon","coordinates":[[[54.391428,24.497298],[54.39154,24.497301],[54.391542,24.497237],[54.391418,24.497202],[54.391501,24.497203],[54.391507,24.497109],[54.391309,24.497052],[54.391186,24.49705],[54.391184,24.497144],[54.391306,24.49718],[54.391232,24.497178],[54.39123,24.497241],[54.391428,24.497298]]]}},{"type":"Feature","properties":{},"geometry":{"type":"Polygon","coordinates":[[[54.395531,24.497105],[54.394542,24.496821],[54.39431,24.497106],[54.39439,24.49739],[54.394641,24.497508],[54.39563,24.497792],[54.395758,24.497726],[54.395874,24.497632],[54.395863,24.497558],[54.395906,24.497495],[54.395986,24.497456],[54.396019,24.497397],[54.395531,24.497105]]]}},{"type":"Feature","properties":{},"geometry":{"type":"Polygon","coordinates":[[[54.39331,24.498197],[54.39355,24.498254],[54.393552,24.498174],[54.393313,24.498116],[54.39331,24.498197]]]}},{"type":"Feature","properties":{},"geometry":{"type":"Polygon","coordinates":[[[54.393479,24.498748],[54.393621,24.499665],[54.39461,24.499949],[54.395422,24.499859],[54.395447,24.499997],[54.395645,24.500054],[54.39576,24.500037],[54.395732,24.499884],[54.395584,24.499841],[54.396359,24.499755],[54.396249,24.498947],[54.396125,24.498826],[54.395136,24.498542],[54.394251,24.498605],[54.391505,24.497815],[54.391368,24.497883],[54.391404,24.498122],[54.391497,24.498179],[54.393479,24.498748]]]}},{"type":"Feature","properties":{},"geometry":{"type":"Polygon","coordinates":[[[54.395241,24.500009],[54.395264,24.500113],[54.395462,24.50017],[54.395494,24.500164],[54.395471,24.500059],[54.395273,24.500002],[54.395241,24.500009]]]}},{"type":"Feature","properties":{},"geometry":{"type":"Polygon","coordinates":[[[54.394869,24.500337],[54.39489,24.500451],[54.395087,24.500507],[54.395134,24.5005],[54.395114,24.500386],[54.394916,24.50033],[54.394869,24.500337]]]}},{"type":"Feature","properties":{},"geometry":{"type":"Polygon","coordinates":[[[54.394922,24.50055],[54.395064,24.501399],[54.396053,24.501683],[54.396619,24.501604],[54.396477,24.500756],[54.395488,24.500472],[54.394922,24.50055]]]}},{"type":"Feature","properties":{},"geometry":{"type":"Polygon","coordinates":[[[54.392752,24.503867],[54.392751,24.503819],[54.392554,24.503762],[54.392463,24.503763],[54.392463,24.503785],[54.392302,24.503739],[54.392389,24.503727],[54.392381,24.503677],[54.392183,24.503621],[54.392091,24.503633],[54.392099,24.503682],[54.392262,24.503729],[54.392105,24.503737],[54.392111,24.503839],[54.392309,24.503896],[54.392472,24.503888],[54.392467,24.503813],[54.392661,24.503869],[54.392752,24.503867]]]}},{"type":"Feature","properties":{},"geometry":{"type":"Polygon","coordinates":[[[54.392192,24.504169],[54.3922,24.504243],[54.39209,24.504227],[54.392098,24.504395],[54.392377,24.504476],[54.392177,24.504496],[54.39221,24.504771],[54.392454,24.504841],[54.392482,24.505074],[54.39268,24.505131],[54.39279,24.50512],[54.392768,24.504931],[54.39287,24.50496],[54.393312,24.504916],[54.393279,24.504641],[54.392982,24.504556],[54.392931,24.504106],[54.392774,24.504061],[54.392756,24.503938],[54.392558,24.503881],[54.392347,24.503906],[54.392352,24.50394],[54.392272,24.503917],[54.392164,24.503927],[54.392167,24.503956],[54.392104,24.503938],[54.392054,24.50394],[54.392065,24.504132],[54.392192,24.504169]]]}},{"type":"Feature","properties":{},"geometry":{"type":"Polygon","coordinates":[[[54.392173,24.504863],[54.392181,24.504943],[54.392379,24.505],[54.392433,24.504995],[54.392425,24.504915],[54.392228,24.504858],[54.392173,24.504863]]]}},{"type":"Feature","properties":{},"geometry":{"type":"Polygon","coordinates":[[[54.392467,24.505269],[54.392466,24.505235],[54.392529,24.50525],[54.392558,24.505648],[54.393217,24.505838],[54.393432,24.505825],[54.393396,24.505325],[54.392737,24.505136],[54.392629,24.505142],[54.392431,24.505081],[54.392319,24.505083],[54.39232,24.505119],[54.392208,24.505104],[54.392211,24.505213],[54.392409,24.50527],[54.392467,24.505269]]]}},{"type":"Feature","properties":{},"geometry":{"type":"Polygon","coordinates":[[[54.389993,24.505205],[54.389795,24.505218],[54.389805,24.50535],[54.389761,24.505337],[54.389699,24.505341],[54.389702,24.50538],[54.38964,24.505384],[54.389658,24.505614],[54.38983,24.505664],[54.389842,24.505811],[54.390501,24.506],[54.390715,24.505986],[54.390653,24.505394],[54.389993,24.505205]]]}},{"type":"Feature","properties":{},"geometry":{"type":"Polygon","coordinates":[[[54.392265,24.507002],[54.392253,24.506953],[54.392296,24.506944],[54.392285,24.506903],[54.392088,24.506846],[54.392046,24.506854],[54.391859,24.506801],[54.39177,24.50681],[54.391776,24.506856],[54.391907,24.506893],[54.39188,24.506896],[54.391888,24.506957],[54.392085,24.507014],[54.392122,24.50701],[54.392119,24.506993],[54.392199,24.507016],[54.392265,24.507002]],[[54.391983,24.506912],[54.391989,24.506911],[54.391989,24.506914],[54.391983,24.506912]]]}},{"type":"Feature","properties":{},"geometry":{"type":"Polygon","coordinates":[[[54.39253,24.506794],[54.392556,24.507137],[54.393216,24.507326],[54.393401,24.507314],[54.393374,24.506972],[54.392715,24.506783],[54.39253,24.506794]]]}},{"type":"Feature","properties":{},"geometry":{"type":"Polygon","coordinates":[[[54.391816,24.507144],[54.392014,24.507201],[54.39214,24.507198],[54.392138,24.50711],[54.39194,24.507053],[54.391814,24.507055],[54.391816,24.507144]]]}},{"type":"Feature","properties":{},"geometry":{"type":"Polygon","coordinates":[[[54.392604,24.507655],[54.392593,24.507516],[54.391934,24.507327],[54.391531,24.507352],[54.391541,24.50749],[54.3922,24.507679],[54.392604,24.507655]]]}},{"type":"Feature","properties":{},"geometry":{"type":"Polygon","coordinates":[[[54.391047,24.507429],[54.391046,24.50751],[54.391244,24.507566],[54.391377,24.507568],[54.391378,24.507487],[54.39118,24.507431],[54.391047,24.507429]]]}},{"type":"Feature","properties":{},"geometry":{"type":"Polygon","coordinates":[[[54.393286,24.508793],[54.393286,24.508783],[54.393414,24.508791],[54.393415,24.508757],[54.393217,24.5087],[54.39297,24.508709],[54.39297,24.508739],[54.393168,24.508796],[54.393286,24.508793]]]}},{"type":"Feature","properties":{},"geometry":{"type":"Polygon","coordinates":[[[54.393317,24.509272],[54.393428,24.509433],[54.393334,24.509406],[54.393287,24.509433],[54.393326,24.509487],[54.393311,24.509483],[54.393096,24.509587],[54.393144,24.509669],[54.39323,24.509693],[54.393287,24.509787],[54.393871,24.509955],[54.393874,24.509991],[54.393974,24.51002],[54.393848,24.510074],[54.393874,24.510123],[54.393823,24.510109],[54.393764,24.510129],[54.393786,24.510183],[54.393984,24.510239],[54.394043,24.510219],[54.394025,24.510176],[54.394036,24.510193],[54.39445,24.510299],[54.394549,24.510203],[54.394488,24.510152],[54.394296,24.510096],[54.394392,24.510055],[54.394375,24.510021],[54.394614,24.5099],[54.394602,24.50988],[54.394784,24.509788],[54.394552,24.509409],[54.393845,24.509206],[54.393856,24.509206],[54.393853,24.509151],[54.393655,24.509094],[54.393604,24.509096],[54.393606,24.509138],[54.393563,24.509125],[54.393369,24.509224],[54.393385,24.50925],[54.393366,24.509245],[54.393317,24.509272]],[[54.394283,24.510102],[54.394276,24.510109],[54.394271,24.510107],[54.394283,24.510102]]]}},{"type":"Feature","properties":{},"geometry":{"type":"Polygon","coordinates":[[[54.392992,24.509738],[54.393063,24.509778],[54.393261,24.509834],[54.393289,24.509793],[54.393218,24.509753],[54.393021,24.509696],[54.392992,24.509738]]]}},{"type":"Feature","properties":{},"geometry":{"type":"Polygon","coordinates":[[[54.406187,24.480469],[54.406194,24.480477],[54.406104,24.480529],[54.406136,24.480569],[54.40632,24.480627],[54.406437,24.480741],[54.407096,24.480931],[54.407242,24.480808],[54.407057,24.480625],[54.406979,24.480603],[54.406933,24.480569],[54.407312,24.480379],[54.407244,24.480271],[54.407419,24.480179],[54.407362,24.480089],[54.407243,24.480055],[54.407165,24.479932],[54.406176,24.479648],[54.405927,24.479779],[54.405983,24.479867],[54.405776,24.479976],[54.405813,24.480035],[54.405737,24.480075],[54.405905,24.480306],[54.406262,24.480408],[54.406233,24.480433],[54.406243,24.480442],[54.406226,24.480438],[54.406187,24.480469]]]}},{"type":"Feature","properties":{},"geometry":{"type":"Polygon","coordinates":[[[54.405672,24.480452],[54.405699,24.480497],[54.405897,24.480554],[54.405972,24.480516],[54.405945,24.480471],[54.405748,24.480415],[54.405672,24.480452]]]}},{"type":"Feature","properties":{},"geometry":{"type":"Polygon","coordinates":[[[54.406228,24.481061],[54.40621,24.48104],[54.406224,24.481029],[54.406378,24.481068],[54.406497,24.480981],[54.406355,24.480821],[54.405367,24.480537],[54.405338,24.480558],[54.405173,24.48051],[54.405064,24.48059],[54.404982,24.480566],[54.404751,24.480736],[54.404947,24.480958],[54.405936,24.481242],[54.406101,24.481136],[54.406118,24.481141],[54.406228,24.481061]]]}},{"type":"Feature","properties":{},"geometry":{"type":"Polygon","coordinates":[[[54.404878,24.481207],[54.404912,24.481193],[54.404894,24.481159],[54.404697,24.481102],[54.40464,24.481125],[54.404648,24.481141],[54.404282,24.481036],[54.403673,24.48131],[54.403917,24.481584],[54.404905,24.481867],[54.405434,24.481597],[54.405271,24.48132],[54.404878,24.481207]]]}},{"type":"Feature","properties":{},"geometry":{"type":"Polygon","coordinates":[[[54.406012,24.481687],[54.405846,24.481639],[54.405621,24.481752],[54.40558,24.481799],[54.405601,24.481854],[54.40575,24.481993],[54.405398,24.481892],[54.40529,24.481997],[54.405261,24.482119],[54.405287,24.48226],[54.405336,24.482344],[54.405374,24.482355],[54.405417,24.48244],[54.406147,24.482649],[54.406107,24.48267],[54.406143,24.482727],[54.40634,24.482784],[54.406439,24.482733],[54.406471,24.482742],[54.406708,24.483103],[54.407367,24.483293],[54.407543,24.483197],[54.407209,24.482688],[54.407071,24.482639],[54.407047,24.482531],[54.407363,24.482622],[54.407406,24.482595],[54.407416,24.48261],[54.409064,24.483083],[54.409253,24.483012],[54.409295,24.48288],[54.408897,24.482436],[54.407868,24.482141],[54.407662,24.481831],[54.406178,24.481406],[54.406001,24.481509],[54.405923,24.481577],[54.406012,24.481687]]]}},{"type":"Feature","properties":{},"geometry":{"type":"Polygon","coordinates":[[[54.403584,24.483141],[54.403408,24.482801],[54.403084,24.482364],[54.402754,24.48227],[54.402638,24.482317],[54.402377,24.482242],[54.402291,24.482238],[54.401421,24.483154],[54.401422,24.483271],[54.401463,24.483334],[54.401967,24.483469],[54.402165,24.483384],[54.40248,24.483299],[54.402841,24.483309],[54.403425,24.48349],[54.40335,24.483274],[54.403584,24.483141]]]}},{"type":"Feature","properties":{},"geometry":{"type":"Polygon","coordinates":[[[54.403526,24.485074],[54.40334,24.485265],[54.403951,24.4858],[54.40494,24.486084],[54.405136,24.485893],[54.405356,24.485557],[54.405461,24.485314],[54.405531,24.485094],[54.405529,24.484903],[54.406571,24.485202],[54.407194,24.485329],[54.406967,24.48555],[54.407042,24.485614],[54.407239,24.48567],[54.407534,24.485384],[54.407459,24.48532],[54.407274,24.485267],[54.407374,24.484948],[54.406329,24.484648],[54.406691,24.484654],[54.406692,24.484136],[54.406444,24.483416],[54.405455,24.483133],[54.405126,24.483265],[54.405318,24.483913],[54.404939,24.484017],[54.404994,24.484359],[54.405181,24.484412],[54.405017,24.484393],[54.404962,24.484636],[54.40454,24.484515],[54.403751,24.484451],[54.40362,24.484898],[54.403526,24.485074]]]}},{"type":"Feature","properties":{},"geometry":{"type":"Polygon","coordinates":[[[54.407057,24.485667],[54.406952,24.485608],[54.406754,24.485552],[54.406713,24.485613],[54.406818,24.485672],[54.407016,24.485728],[54.407057,24.485667]]]}},{"type":"Feature","properties":{},"geometry":{"type":"Polygon","coordinates":[[[54.404517,24.486402],[54.403971,24.486254],[54.403234,24.486607],[54.403444,24.48716],[54.403478,24.487193],[54.404024,24.487349],[54.404262,24.487265],[54.404616,24.487075],[54.404884,24.486878],[54.404912,24.486839],[54.404902,24.486791],[54.404517,24.486402]]]}},{"type":"Feature","properties":{},"geometry":{"type":"Polygon","coordinates":[[[54.400169,24.486792],[54.400636,24.487122],[54.401743,24.487442],[54.401855,24.487401],[54.402196,24.486646],[54.401732,24.486407],[54.400743,24.486123],[54.400631,24.486302],[54.400169,24.486792]]]}},{"type":"Feature","properties":{},"geometry":{"type":"Polygon","coordinates":[[[54.406913,24.488103],[54.406919,24.488112],[54.406903,24.488107],[54.406497,24.488337],[54.406776,24.488745],[54.406918,24.488786],[54.406903,24.488795],[54.407183,24.489203],[54.408172,24.489487],[54.408577,24.489257],[54.408543,24.489207],[54.408633,24.489233],[54.409009,24.489003],[54.408756,24.488627],[54.408571,24.488574],[54.408587,24.488565],[54.408307,24.488157],[54.407318,24.487873],[54.407174,24.487955],[54.407182,24.487945],[54.406886,24.487732],[54.405832,24.487429],[54.405686,24.487602],[54.405983,24.487822],[54.406929,24.488094],[54.406913,24.488103]]]}},{"type":"Feature","properties":{},"geometry":{"type":"Polygon","coordinates":[[[54.402288,24.488086],[54.402133,24.488049],[54.4011,24.487587],[54.400532,24.487218],[54.399957,24.486786],[54.398968,24.486502],[54.397734,24.487851],[54.398874,24.488706],[54.400196,24.489399],[54.400966,24.489714],[54.401955,24.489997],[54.402746,24.490167],[54.403589,24.490227],[54.403869,24.48988],[54.403614,24.48842],[54.402625,24.488136],[54.402288,24.488086]]]}},{"type":"Feature","properties":{},"geometry":{"type":"Polygon","coordinates":[[[54.406989,24.490373],[54.407187,24.49043],[54.407252,24.490408],[54.407218,24.490328],[54.407021,24.490271],[54.406961,24.490292],[54.406989,24.490373]]]}},{"type":"Feature","properties":{},"geometry":{"type":"Polygon","coordinates":[[[54.400362,24.490428],[54.400058,24.490467],[54.400098,24.490732],[54.400758,24.490921],[54.401061,24.490883],[54.401021,24.490617],[54.400362,24.490428]]]}},{"type":"Feature","properties":{},"geometry":{"type":"Polygon","coordinates":[[[54.39851,24.491646],[54.398271,24.491474],[54.395387,24.490647],[54.395185,24.490879],[54.395424,24.49105],[54.398308,24.491878],[54.39851,24.491646]]]}},{"type":"Feature","properties":{},"geometry":{"type":"Polygon","coordinates":[[[54.397858,24.491913],[54.397608,24.491734],[54.395186,24.491038],[54.395007,24.491243],[54.395249,24.491417],[54.397808,24.492148],[54.39791,24.492031],[54.397815,24.491962],[54.397858,24.491913]]]}},{"type":"Feature","properties":{},"geometry":{"type":"Polygon","coordinates":[[[54.398525,24.492233],[54.39857,24.492562],[54.398768,24.492619],[54.398844,24.49261],[54.398826,24.492473],[54.398979,24.492517],[54.399293,24.492477],[54.399279,24.492377],[54.399082,24.49232],[54.399032,24.492326],[54.399023,24.492272],[54.398836,24.492219],[54.398865,24.492215],[54.398822,24.491897],[54.398624,24.49184],[54.398498,24.491854],[54.398541,24.492176],[54.398753,24.492231],[54.398758,24.492269],[54.398602,24.492224],[54.398525,24.492233]]]}},{"type":"Feature","properties":{},"geometry":{"type":"Polygon","coordinates":[[[54.397604,24.49235],[54.397355,24.49217],[54.394932,24.491475],[54.394754,24.49168],[54.394995,24.491853],[54.397555,24.492584],[54.397657,24.492467],[54.397561,24.492399],[54.397604,24.49235]]]}},{"type":"Feature","properties":{},"geometry":{"type":"Polygon","coordinates":[[[54.406674,24.493017],[54.406577,24.492936],[54.406379,24.492879],[54.406249,24.493007],[54.406346,24.493088],[54.406544,24.493145],[54.406674,24.493017]]]}},{"type":"Feature","properties":{},"geometry":{"type":"Polygon","coordinates":[[[54.405376,24.492715],[54.405341,24.492999],[54.4062,24.493728],[54.406411,24.493789],[54.406738,24.493517],[54.406161,24.493039],[54.406526,24.492703],[54.406353,24.492582],[54.406565,24.492482],[54.406458,24.492314],[54.406247,24.492254],[54.405376,24.492715]]]}},{"type":"Feature","properties":{},"geometry":{"type":"Polygon","coordinates":[[[54.399918,24.49302],[54.399973,24.493406],[54.400961,24.49369],[54.401692,24.493605],[54.401638,24.493219],[54.400649,24.492935],[54.399918,24.49302]]]}},{"type":"Feature","properties":{},"geometry":{"type":"Polygon","coordinates":[[[54.405827,24.494874],[54.405946,24.494862],[54.405942,24.494827],[54.406871,24.495094],[54.406781,24.495341],[54.406598,24.495288],[54.406536,24.495293],[54.40635,24.49524],[54.406305,24.495308],[54.406371,24.495344],[54.406511,24.495385],[54.406486,24.495406],[54.406596,24.495512],[54.406711,24.495545],[54.406689,24.495668],[54.406637,24.495652],[54.406592,24.49556],[54.406395,24.495503],[54.406312,24.495545],[54.406365,24.495633],[54.406403,24.495644],[54.406361,24.495724],[54.406546,24.495803],[54.406658,24.495835],[54.406613,24.496087],[54.406568,24.496158],[54.406559,24.496204],[54.406327,24.496131],[54.406312,24.496158],[54.406385,24.496193],[54.406565,24.496244],[54.406584,24.496272],[54.406631,24.496295],[54.408845,24.496931],[54.408748,24.496974],[54.408035,24.496764],[54.407724,24.496686],[54.407491,24.496658],[54.407483,24.496796],[54.407376,24.496766],[54.407136,24.496768],[54.407136,24.496793],[54.407014,24.496758],[54.40679,24.496811],[54.406656,24.496773],[54.40656,24.496796],[54.405824,24.496585],[54.405823,24.49651],[54.404897,24.496168],[54.404485,24.49605],[54.404158,24.496949],[54.403928,24.497053],[54.404358,24.49798],[54.40477,24.498098],[54.404939,24.49796],[54.40515,24.498021],[54.405089,24.49808],[54.4051,24.498143],[54.40508,24.498163],[54.405047,24.498153],[54.404875,24.498333],[54.404851,24.498402],[54.404855,24.498473],[54.40483,24.498577],[54.404772,24.498671],[54.404698,24.498736],[54.404569,24.498791],[54.404451,24.498802],[54.404327,24.498776],[54.404234,24.498809],[54.404127,24.498878],[54.40417,24.49892],[54.404128,24.498955],[54.404065,24.498942],[54.404006,24.498969],[54.403972,24.499009],[54.403775,24.498952],[54.40381,24.498844],[54.403782,24.498786],[54.4039,24.498701],[54.403878,24.49865],[54.404174,24.498534],[54.404315,24.49845],[54.404397,24.498362],[54.404419,24.49831],[54.404401,24.498278],[54.404414,24.498263],[54.404328,24.498201],[54.403978,24.498096],[54.403208,24.498413],[54.403016,24.498458],[54.402864,24.498563],[54.402757,24.498744],[54.40274,24.498873],[54.402759,24.498984],[54.402809,24.499041],[54.40277,24.499106],[54.402825,24.499141],[54.40285,24.499176],[54.402864,24.49922],[54.402856,24.499279],[54.403401,24.499436],[54.403154,24.499593],[54.403093,24.499605],[54.40308,24.499633],[54.403115,24.499713],[54.403206,24.499786],[54.403371,24.499838],[54.403476,24.499943],[54.403581,24.500013],[54.403698,24.500065],[54.404114,24.500184],[54.404184,24.500229],[54.405997,24.500749],[54.406113,24.50075],[54.406149,24.500735],[54.406166,24.500708],[54.406142,24.500635],[54.406436,24.500712],[54.406523,24.500675],[54.406587,24.50062],[54.406617,24.500629],[54.406698,24.500541],[54.406656,24.500518],[54.406689,24.500394],[54.407506,24.500614],[54.407671,24.500639],[54.407817,24.500622],[54.407933,24.50058],[54.408061,24.500491],[54.408164,24.500357],[54.408113,24.500316],[54.408084,24.500265],[54.408079,24.500188],[54.407648,24.500064],[54.407651,24.500051],[54.40768,24.500049],[54.407675,24.500016],[54.407734,24.500001],[54.407806,24.499912],[54.40789,24.49984],[54.407957,24.499805],[54.408002,24.499755],[54.408019,24.499682],[54.408012,24.499605],[54.407968,24.499538],[54.407896,24.499506],[54.406662,24.499152],[54.406745,24.498926],[54.406999,24.498999],[54.40706,24.499003],[54.407135,24.49896],[54.407159,24.498899],[54.407079,24.498568],[54.40703,24.49852],[54.406805,24.498456],[54.406786,24.498182],[54.406708,24.497877],[54.406444,24.497802],[54.40623,24.497758],[54.406256,24.497696],[54.406399,24.497738],[54.406659,24.497784],[54.406674,24.49772],[54.406713,24.497728],[54.406733,24.497641],[54.407131,24.497755],[54.407216,24.497553],[54.407522,24.497641],[54.407689,24.497221],[54.40792,24.497246],[54.407924,24.497214],[54.408001,24.497236],[54.407959,24.497276],[54.408051,24.497341],[54.408293,24.497408],[54.408348,24.497376],[54.408303,24.497323],[54.408051,24.49725],[54.408683,24.497327],[54.408694,24.497301],[54.41034,24.497777],[54.411161,24.497386],[54.411019,24.497161],[54.411037,24.497106],[54.413425,24.497792],[54.413558,24.497811],[54.413649,24.497809],[54.413735,24.497764],[54.413748,24.497729],[54.413738,24.497666],[54.413672,24.497577],[54.413509,24.497455],[54.41336,24.497387],[54.411511,24.496853],[54.411661,24.496759],[54.411565,24.496634],[54.41161,24.496596],[54.41187,24.496671],[54.412094,24.496566],[54.411933,24.496376],[54.410614,24.495998],[54.410592,24.496011],[54.410337,24.495938],[54.410046,24.496169],[54.41015,24.496288],[54.410069,24.496343],[54.410166,24.496467],[54.408728,24.496055],[54.408752,24.495996],[54.40844,24.495823],[54.408843,24.49523],[54.408961,24.495292],[54.409785,24.495529],[54.410085,24.495578],[54.410445,24.495558],[54.410788,24.495466],[54.410738,24.495372],[54.411458,24.495578],[54.411532,24.495494],[54.411961,24.495617],[54.41223,24.495311],[54.41251,24.495066],[54.413006,24.494755],[54.413467,24.494606],[54.413912,24.494488],[54.413883,24.494278],[54.409532,24.493029],[54.409064,24.493135],[54.408549,24.493307],[54.407982,24.493622],[54.407631,24.493885],[54.407294,24.494291],[54.407536,24.494453],[54.408571,24.495082],[54.408169,24.495674],[54.4074,24.495246],[54.40747,24.495266],[54.407753,24.494822],[54.407593,24.494756],[54.407612,24.494727],[54.407506,24.494671],[54.405406,24.494069],[54.405542,24.493855],[54.405516,24.493841],[54.40557,24.493755],[54.405407,24.493669],[54.404418,24.493385],[54.404373,24.493456],[54.404296,24.493434],[54.404047,24.493458],[54.403988,24.49356],[54.403873,24.493527],[54.403794,24.493535],[54.403703,24.493509],[54.403359,24.493544],[54.403368,24.493617],[54.403273,24.493627],[54.403326,24.494059],[54.403286,24.494063],[54.403322,24.494353],[54.40431,24.494637],[54.404472,24.49462],[54.405034,24.494782],[54.405107,24.494667],[54.405827,24.494874]],[[54.406769,24.495374],[54.406761,24.495398],[54.406684,24.495376],[54.406769,24.495374]],[[54.405814,24.498659],[54.405921,24.49869],[54.405882,24.498867],[54.405853,24.49892],[54.405781,24.498899],[54.405809,24.498842],[54.405814,24.498659]],[[54.405756,24.497674],[54.405308,24.497547],[54.405309,24.497546],[54.405756,24.497674]]]}},{"type":"Feature","properties":{},"geometry":{"type":"Polygon","coordinates":[[[54.406494,24.495811],[54.406468,24.495795],[54.40627,24.495738],[54.406224,24.495803],[54.406448,24.495875],[54.406494,24.495811]]]}},{"type":"Feature","properties":{},"geometry":{"type":"Polygon","coordinates":[[[54.406438,24.496099],[54.406437,24.496078],[54.4064,24.496064],[54.406387,24.496025],[54.406167,24.495971],[54.406173,24.49601],[54.406202,24.496035],[54.406438,24.496099]]]}},{"type":"Feature","properties":{},"geometry":{"type":"Polygon","coordinates":[[[54.40432,24.498162],[54.404333,24.498134],[54.404083,24.498057],[54.404069,24.498085],[54.40432,24.498162]]]}},{"type":"Feature","properties":{},"geometry":{"type":"Polygon","coordinates":[[[54.396073,24.498517],[54.39607,24.498583],[54.396268,24.49864],[54.396324,24.498641],[54.396327,24.498575],[54.396129,24.498519],[54.396073,24.498517]]]}},{"type":"Feature","properties":{},"geometry":{"type":"Polygon","coordinates":[[[54.395658,24.501997],[54.395856,24.502054],[54.395942,24.502056],[54.395945,24.501954],[54.395747,24.501897],[54.395661,24.501895],[54.395658,24.501997]]]}},{"type":"Feature","properties":{},"geometry":{"type":"Polygon","coordinates":[[[54.395441,24.502211],[54.395492,24.502519],[54.396481,24.502803],[54.396913,24.502744],[54.396862,24.502436],[54.395873,24.502153],[54.395441,24.502211]]]}},{"type":"Feature","properties":{},"geometry":{"type":"Polygon","coordinates":[[[54.406432,24.504537],[54.406428,24.504679],[54.406626,24.504736],[54.406721,24.504738],[54.406723,24.504596],[54.406525,24.504539],[54.406432,24.504537]]]}},{"type":"Feature","properties":{},"geometry":{"type":"Polygon","coordinates":[[[54.406088,24.504593],[54.406141,24.504759],[54.406339,24.504816],[54.40643,24.504795],[54.406382,24.504627],[54.406184,24.50457],[54.406088,24.504593]]]}},{"type":"Feature","properties":{},"geometry":{"type":"Polygon","coordinates":[[[54.397401,24.504687],[54.397407,24.504788],[54.397605,24.504845],[54.397677,24.504842],[54.397671,24.50474],[54.397473,24.504684],[54.397401,24.504687]]]}},{"type":"Feature","properties":{},"geometry":{"type":"Polygon","coordinates":[[[54.405385,24.505424],[54.405291,24.505739],[54.406151,24.505978],[54.406245,24.505663],[54.405385,24.505424]]]}},{"type":"Feature","properties":{},"geometry":{"type":"Polygon","coordinates":[[[54.406134,24.506113],[54.405179,24.505828],[54.405064,24.506126],[54.406018,24.50641],[54.406134,24.506113]]]}},{"type":"Feature","properties":{},"geometry":{"type":"Polygon","coordinates":[[[54.406004,24.506555],[54.405066,24.506279],[54.404973,24.506527],[54.405911,24.506803],[54.406004,24.506555]]]}},{"type":"Feature","properties":{},"geometry":{"type":"Polygon","coordinates":[[[54.408339,24.508725],[54.407949,24.50834],[54.40756,24.508228],[54.40784,24.507726],[54.407833,24.507646],[54.407571,24.507523],[54.407279,24.507439],[54.407355,24.507375],[54.407389,24.507385],[54.407491,24.507296],[54.407077,24.506907],[54.406919,24.506861],[54.406822,24.506949],[54.406855,24.506983],[54.406749,24.507074],[54.406783,24.507111],[54.406677,24.507196],[54.406786,24.507298],[54.405842,24.507027],[54.405896,24.506905],[54.404948,24.50662],[54.404806,24.507019],[54.405062,24.507112],[54.405392,24.507206],[54.404898,24.508066],[54.404993,24.508131],[54.406008,24.508422],[54.40635,24.50876],[54.405842,24.508615],[54.405724,24.508722],[54.406121,24.509114],[54.407101,24.509395],[54.40706,24.509435],[54.407388,24.509739],[54.406811,24.509574],[54.406653,24.509705],[54.405477,24.509367],[54.405424,24.509427],[54.405231,24.509371],[54.405105,24.509539],[54.405253,24.509684],[54.406819,24.510133],[54.406849,24.510106],[54.406983,24.510144],[54.40705,24.510048],[54.408597,24.510492],[54.408762,24.510376],[54.408451,24.510082],[54.409029,24.510248],[54.409163,24.510111],[54.408835,24.509803],[54.409366,24.509955],[54.409482,24.509837],[54.40912,24.509504],[54.408042,24.509195],[54.408062,24.509179],[54.40804,24.509157],[54.408071,24.509126],[54.407681,24.508741],[54.407321,24.508638],[54.407359,24.50859],[54.408227,24.508839],[54.408339,24.508725]],[[54.407468,24.509112],[54.407451,24.509095],[54.407479,24.509103],[54.407468,24.509112]]]}},{"type":"Feature","properties":{},"geometry":{"type":"Polygon","coordinates":[[[54.404404,24.507263],[54.404497,24.507354],[54.404695,24.507411],[54.404728,24.507383],[54.404635,24.507292],[54.404437,24.507235],[54.404404,24.507263]]]}},{"type":"Feature","properties":{},"geometry":{"type":"Polygon","coordinates":[[[54.406362,24.510826],[54.406477,24.510859],[54.406758,24.510696],[54.406698,24.510611],[54.406735,24.510585],[54.406776,24.510322],[54.40664,24.510199],[54.406429,24.510139],[54.406188,24.51034],[54.406084,24.510413],[54.405947,24.51048],[54.405819,24.510521],[54.405565,24.510545],[54.405328,24.510706],[54.405146,24.510891],[54.405193,24.51093],[54.405496,24.511022],[54.405801,24.511031],[54.406002,24.510972],[54.406362,24.510826]]]}},{"type":"Feature","properties":{},"geometry":{"type":"Polygon","coordinates":[[[54.396883,24.510805],[54.397542,24.510994],[54.397798,24.510707],[54.397594,24.510556],[54.396934,24.510367],[54.396681,24.510653],[54.396883,24.510805]]]}},{"type":"Feature","properties":{},"geometry":{"type":"Polygon","coordinates":[[[54.407365,24.512225],[54.405881,24.511799],[54.405455,24.511831],[54.405478,24.512082],[54.405511,24.512124],[54.406995,24.512549],[54.407047,24.512549],[54.40709,24.51249],[54.40729,24.512548],[54.407342,24.512548],[54.407366,24.512533],[54.407377,24.51248],[54.407365,24.512225]]]}},{"type":"Feature","properties":{},"geometry":{"type":"Polygon","coordinates":[[[54.410374,24.479952],[54.410524,24.48008],[54.410721,24.480137],[54.41079,24.48007],[54.41064,24.479942],[54.410443,24.479885],[54.410374,24.479952]]]}},{"type":"Feature","properties":{},"geometry":{"type":"Polygon","coordinates":[[[54.410876,24.481795],[54.410916,24.481829],[54.411113,24.481886],[54.411143,24.481858],[54.411103,24.481824],[54.410906,24.481767],[54.410876,24.481795]]]}},{"type":"Feature","properties":{},"geometry":{"type":"Polygon","coordinates":[[[54.409307,24.482887],[54.409312,24.483001],[54.409509,24.483058],[54.409606,24.483055],[54.409601,24.48294],[54.409403,24.482883],[54.409307,24.482887]]]}},{"type":"Feature","properties":{},"geometry":{"type":"Polygon","coordinates":[[[54.408584,24.484581],[54.408829,24.484883],[54.409884,24.485186],[54.410093,24.485045],[54.409848,24.484743],[54.408793,24.48444],[54.408584,24.484581]]]}},{"type":"Feature","properties":{},"geometry":{"type":"Polygon","coordinates":[[[54.408922,24.485635],[54.408963,24.485678],[54.409024,24.485696],[54.409129,24.485845],[54.409327,24.485902],[54.40934,24.485894],[54.409397,24.485985],[54.409484,24.48606],[54.409913,24.486183],[54.410053,24.486193],[54.410135,24.48617],[54.410185,24.48612],[54.410504,24.486668],[54.410933,24.486791],[54.411292,24.486623],[54.410791,24.485742],[54.41083,24.485716],[54.410842,24.485643],[54.410833,24.485591],[54.410816,24.485569],[54.410736,24.485546],[54.41079,24.485545],[54.410832,24.485518],[54.410863,24.485445],[54.411406,24.485227],[54.411232,24.484909],[54.410804,24.484786],[54.409836,24.485253],[54.409818,24.485286],[54.409673,24.485244],[54.409606,24.485322],[54.409389,24.48508],[54.408334,24.484777],[54.408129,24.484931],[54.408142,24.484996],[54.408361,24.485107],[54.408473,24.485139],[54.408489,24.48516],[54.409401,24.485421],[54.409337,24.485483],[54.4093,24.485577],[54.409299,24.485673],[54.409001,24.485574],[54.408922,24.485635]]]}},{"type":"Feature","properties":{},"geometry":{"type":"Polygon","coordinates":[[[54.408753,24.486182],[54.408944,24.485983],[54.408882,24.485934],[54.408824,24.485917],[54.408619,24.485748],[54.407564,24.485445],[54.407378,24.485639],[54.407698,24.485879],[54.408753,24.486182]]]}},{"type":"Feature","properties":{},"geometry":{"type":"Polygon","coordinates":[[[54.407897,24.485988],[54.407849,24.485951],[54.407651,24.485895],[54.407557,24.485997],[54.407605,24.486034],[54.407803,24.486091],[54.407897,24.485988]]]}},{"type":"Feature","properties":{},"geometry":{"type":"Polygon","coordinates":[[[54.410204,24.489076],[54.410216,24.489184],[54.41064,24.489305],[54.410669,24.489566],[54.410405,24.48949],[54.410256,24.489504],[54.410326,24.49009],[54.411315,24.490373],[54.411874,24.490318],[54.411859,24.490191],[54.411429,24.490067],[54.411397,24.489799],[54.411485,24.48979],[54.411438,24.489371],[54.411515,24.489393],[54.411585,24.489507],[54.411679,24.489534],[54.411713,24.489593],[54.411967,24.489666],[54.411955,24.489719],[54.413109,24.490039],[54.413175,24.489787],[54.413791,24.489964],[54.413945,24.489884],[54.413912,24.489833],[54.414125,24.489739],[54.414181,24.489612],[54.41425,24.489631],[54.414294,24.489457],[54.413644,24.48924],[54.413648,24.489179],[54.413869,24.489222],[54.414478,24.489132],[54.414434,24.488839],[54.413575,24.488593],[54.413669,24.488302],[54.413958,24.488384],[54.414092,24.488237],[54.413734,24.488042],[54.412745,24.487759],[54.412516,24.487718],[54.412242,24.487705],[54.412245,24.487734],[54.412157,24.487708],[54.412019,24.48774],[54.411868,24.487782],[54.411582,24.487957],[54.411414,24.48813],[54.411571,24.488241],[54.411957,24.488352],[54.412028,24.488474],[54.411943,24.488714],[54.411859,24.48869],[54.411851,24.488613],[54.410862,24.48833],[54.410551,24.488356],[54.410556,24.488405],[54.410422,24.488416],[54.410427,24.488464],[54.410212,24.488485],[54.410499,24.488341],[54.410348,24.488068],[54.410239,24.488037],[54.410352,24.487974],[54.410236,24.487648],[54.409247,24.487364],[54.408884,24.487647],[54.408334,24.48801],[54.408637,24.488493],[54.409626,24.488777],[54.410141,24.48852],[54.410183,24.488928],[54.410579,24.489041],[54.410204,24.489076]],[[54.411357,24.489195],[54.411371,24.489194],[54.411365,24.489198],[54.411357,24.489195]]]}},{"type":"Feature","properties":{},"geometry":{"type":"Polygon","coordinates":[[[54.411345,24.490771],[54.411346,24.490718],[54.411148,24.490662],[54.411052,24.490661],[54.411051,24.490713],[54.411249,24.49077],[54.411345,24.490771]]]}},{"type":"Feature","properties":{},"geometry":{"type":"Polygon","coordinates":[[[54.410413,24.49103],[54.411072,24.491219],[54.411358,24.491222],[54.411364,24.491007],[54.41142,24.491006],[54.411419,24.490949],[54.411405,24.490945],[54.411422,24.490945],[54.411422,24.490852],[54.411224,24.490795],[54.411155,24.490795],[54.411155,24.490888],[54.411172,24.490893],[54.411152,24.490894],[54.410706,24.490766],[54.4106,24.490766],[54.410598,24.490812],[54.410416,24.490817],[54.410413,24.49103]]]}},{"type":"Feature","properties":{},"geometry":{"type":"Polygon","coordinates":[[[54.409036,24.491182],[54.408959,24.49118],[54.408949,24.491234],[54.408947,24.491294],[54.409008,24.491312],[54.409007,24.491323],[54.409205,24.49138],[54.409417,24.491386],[54.409419,24.491319],[54.409466,24.49132],[54.409469,24.491212],[54.409272,24.491156],[54.409037,24.491149],[54.409036,24.491182]]]}},{"type":"Feature","properties":{},"geometry":{"type":"Polygon","coordinates":[[[54.412849,24.492415],[54.41292,24.491506],[54.411931,24.491223],[54.411435,24.491191],[54.411412,24.491478],[54.41083,24.491311],[54.410457,24.491298],[54.410444,24.491622],[54.411103,24.491811],[54.411385,24.491821],[54.411364,24.492099],[54.412353,24.492383],[54.412849,24.492415]]]}},{"type":"Feature","properties":{},"geometry":{"type":"Polygon","coordinates":[[[54.409165,24.497863],[54.40899,24.49793],[54.408992,24.498391],[54.410014,24.498684],[54.410404,24.498617],[54.410437,24.49824],[54.409165,24.497863]]]}},{"type":"Feature","properties":{},"geometry":{"type":"Polygon","coordinates":[[[54.409433,24.500448],[54.410422,24.500732],[54.410602,24.500763],[54.410735,24.50076],[54.41086,24.500696],[54.410915,24.50058],[54.410964,24.500024],[54.411001,24.499794],[54.410967,24.499723],[54.410889,24.499663],[54.409946,24.499393],[54.410015,24.498935],[54.409435,24.498769],[54.409121,24.498747],[54.409122,24.498668],[54.408852,24.4986],[54.408836,24.49866],[54.408874,24.498774],[54.408995,24.498809],[54.409005,24.499092],[54.408919,24.499457],[54.409479,24.499617],[54.409349,24.50004],[54.4093,24.500253],[54.409341,24.500381],[54.409433,24.500448]]]}},{"type":"Feature","properties":{},"geometry":{"type":"Polygon","coordinates":[[[54.408025,24.501013],[54.408063,24.501044],[54.408261,24.501101],[54.408312,24.501028],[54.408344,24.500944],[54.408085,24.500876],[54.408054,24.500908],[54.408053,24.500954],[54.408025,24.501013]]]}},{"type":"Feature","properties":{},"geometry":{"type":"Polygon","coordinates":[[[54.411915,24.502216],[54.412051,24.502217],[54.412057,24.501992],[54.412025,24.501983],[54.412027,24.501949],[54.410544,24.501523],[54.410437,24.50152],[54.410436,24.501607],[54.410335,24.501603],[54.410335,24.50164],[54.409605,24.501431],[54.408723,24.501471],[54.408679,24.501799],[54.40875,24.501948],[54.408025,24.50174],[54.407728,24.502336],[54.407586,24.50231],[54.407515,24.502391],[54.407507,24.502438],[54.407749,24.502504],[54.407804,24.502447],[54.408114,24.502577],[54.409103,24.502861],[54.409284,24.502383],[54.409411,24.502141],[54.40921,24.502082],[54.409741,24.502234],[54.410009,24.502246],[54.410328,24.502237],[54.410419,24.502206],[54.410534,24.502135],[54.410573,24.50203],[54.410592,24.501926],[54.411817,24.502277],[54.411917,24.502279],[54.411915,24.502216]]]}},{"type":"Feature","properties":{},"geometry":{"type":"Polygon","coordinates":[[[54.407345,24.502871],[54.407288,24.50294],[54.40724,24.502926],[54.407116,24.503077],[54.407179,24.503113],[54.407377,24.50317],[54.407507,24.503053],[54.407533,24.503051],[54.407601,24.502942],[54.407345,24.502871]]]}},{"type":"Feature","properties":{},"geometry":{"type":"Polygon","coordinates":[[[54.40688,24.503364],[54.406917,24.503485],[54.407115,24.503541],[54.407194,24.503524],[54.407141,24.503401],[54.406943,24.503344],[54.40688,24.503364]]]}},{"type":"Feature","properties":{},"geometry":{"type":"Polygon","coordinates":[[[54.407332,24.503737],[54.407036,24.503648],[54.406985,24.503805],[54.407271,24.503886],[54.407332,24.503737]]]}},{"type":"Feature","properties":{},"geometry":{"type":"Polygon","coordinates":[[[54.410201,24.504126],[54.411767,24.504576],[54.412239,24.504654],[54.412271,24.504496],[54.411614,24.504307],[54.411286,24.503946],[54.40972,24.503497],[54.409576,24.503605],[54.409909,24.503972],[54.410214,24.504059],[54.410201,24.504126]]]}},{"type":"Feature","properties":{},"geometry":{"type":"Polygon","coordinates":[[[54.411918,24.505055],[54.411567,24.504756],[54.409259,24.504094],[54.409054,24.504354],[54.409349,24.504692],[54.411656,24.505354],[54.411918,24.505055]]]}},{"type":"Feature","properties":{},"geometry":{"type":"Polygon","coordinates":[[[54.408229,24.505899],[54.408226,24.505798],[54.408028,24.505741],[54.407866,24.505725],[54.407868,24.505795],[54.407543,24.505702],[54.407333,24.505524],[54.406344,24.50524],[54.406082,24.505495],[54.406364,24.505735],[54.40653,24.505782],[54.406702,24.505922],[54.408515,24.506442],[54.408606,24.506337],[54.408641,24.506215],[54.4086,24.506074],[54.408487,24.505973],[54.408229,24.505899]]]}},{"type":"Feature","properties":{},"geometry":{"type":"Polygon","coordinates":[[[54.410331,24.506482],[54.410461,24.506459],[54.410576,24.506398],[54.410661,24.506305],[54.410706,24.506191],[54.410708,24.506071],[54.410669,24.505964],[54.410595,24.505874],[54.410495,24.505809],[54.409388,24.505493],[54.409265,24.505495],[54.409148,24.505532],[54.40905,24.505601],[54.408981,24.505693],[54.408947,24.505801],[54.408954,24.505922],[54.409005,24.506033],[54.409094,24.506123],[54.409211,24.50618],[54.4102,24.506464],[54.410331,24.506482]]]}},{"type":"Feature","properties":{},"geometry":{"type":"Polygon","coordinates":[[[54.411337,24.506765],[54.410546,24.50654],[54.410371,24.50656],[54.410298,24.506611],[54.410298,24.506661],[54.410335,24.50673],[54.410404,24.506749],[54.410502,24.506803],[54.410964,24.506935],[54.410945,24.506966],[54.410847,24.506938],[54.410793,24.506994],[54.410732,24.507106],[54.410726,24.507266],[54.410769,24.50734],[54.411482,24.507538],[54.411563,24.507515],[54.411582,24.507474],[54.411669,24.507378],[54.411703,24.507132],[54.411637,24.507101],[54.411265,24.506994],[54.411433,24.506981],[54.411456,24.506917],[54.411392,24.506897],[54.411406,24.506804],[54.411337,24.506765]]]}},{"type":"Feature","properties":{},"geometry":{"type":"Polygon","coordinates":[[[54.407028,24.506464],[54.407336,24.506699],[54.409561,24.507338],[54.409854,24.507029],[54.409697,24.50687],[54.407472,24.506231],[54.407244,24.506239],[54.407028,24.506464]]]}},{"type":"Feature","properties":{},"geometry":{"type":"Polygon","coordinates":[[[54.410991,24.508044],[54.410972,24.507978],[54.410886,24.507954],[54.410863,24.507908],[54.410353,24.507762],[54.410352,24.507745],[54.410141,24.507534],[54.409481,24.507344],[54.409287,24.507513],[54.409648,24.507874],[54.409829,24.507926],[54.409854,24.50798],[54.409927,24.508019],[54.410586,24.508208],[54.410632,24.508193],[54.410769,24.508187],[54.410845,24.508149],[54.410991,24.508044]]]}},{"type":"Feature","properties":{},"geometry":{"type":"Polygon","coordinates":[[[54.408846,24.507921],[54.408851,24.508027],[54.409049,24.508084],[54.409088,24.508082],[54.409087,24.508052],[54.409116,24.508051],[54.409123,24.507912],[54.408925,24.507856],[54.408877,24.507857],[54.40888,24.50792],[54.408846,24.507921]]]}},{"type":"Feature","properties":{},"geometry":{"type":"Polygon","coordinates":[[[54.409518,24.508215],[54.409476,24.508173],[54.409278,24.508116],[54.409189,24.50819],[54.409231,24.508233],[54.409429,24.508289],[54.409518,24.508215]]]}},{"type":"Feature","properties":{},"geometry":{"type":"Polygon","coordinates":[[[54.409993,24.508731],[54.409932,24.508646],[54.409838,24.508618],[54.409817,24.508589],[54.409158,24.5084],[54.409014,24.508484],[54.409061,24.50855],[54.408987,24.508608],[54.409005,24.508634],[54.408969,24.508655],[54.409,24.508698],[54.409716,24.5089],[54.409777,24.508864],[54.409756,24.508835],[54.409776,24.508823],[54.409818,24.508835],[54.409993,24.508731]]]}},{"type":"Feature","properties":{},"geometry":{"type":"Polygon","coordinates":[[[54.41085,24.510183],[54.410664,24.510015],[54.410005,24.509826],[54.409662,24.510138],[54.409847,24.510306],[54.410506,24.510496],[54.41085,24.510183]]]}},{"type":"Feature","properties":{},"geometry":{"type":"Polygon","coordinates":[[[54.410238,24.511053],[54.410164,24.511031],[54.410136,24.511044],[54.409407,24.510835],[54.409444,24.510767],[54.40941,24.510696],[54.409185,24.510624],[54.409124,24.51062],[54.409055,24.510675],[54.409052,24.510733],[54.408953,24.510705],[54.408461,24.510976],[54.408449,24.51097],[54.408462,24.510969],[54.408459,24.510894],[54.408261,24.510837],[54.408205,24.510839],[54.408206,24.510869],[54.408175,24.51086],[54.408017,24.510872],[54.407855,24.510834],[54.4078,24.510872],[54.407694,24.510841],[54.407603,24.510903],[54.407783,24.511122],[54.40716,24.510943],[54.406834,24.511118],[54.406651,24.511065],[54.406208,24.511313],[54.406171,24.511417],[54.406305,24.511805],[54.406382,24.511872],[54.407371,24.512155],[54.407632,24.51213],[54.407917,24.511953],[54.407922,24.511973],[54.40812,24.512029],[54.408173,24.512019],[54.408161,24.51197],[54.408143,24.511965],[54.408367,24.51184],[54.408457,24.511973],[54.409446,24.512257],[54.409939,24.51198],[54.409831,24.511821],[54.409855,24.511805],[54.410181,24.511885],[54.410661,24.511619],[54.410586,24.511507],[54.410855,24.511359],[54.410766,24.511225],[54.410453,24.511135],[54.410488,24.511109],[54.410518,24.511106],[54.41066,24.511147],[54.410892,24.511016],[54.410767,24.510832],[54.410809,24.510844],[54.410835,24.510796],[54.410584,24.510715],[54.410561,24.510759],[54.410479,24.510736],[54.410405,24.510631],[54.410208,24.510574],[54.410122,24.510624],[54.41013,24.510635],[54.410096,24.510626],[54.4099,24.510736],[54.409967,24.510835],[54.409931,24.510855],[54.41,24.510958],[54.410221,24.511027],[54.410238,24.511053]],[[54.408409,24.511553],[54.408321,24.511443],[54.40851,24.511497],[54.408409,24.511553]]]}},{"type":"Feature","properties":{},"geometry":{"type":"Polygon","coordinates":[[[54.411966,24.482198],[54.412143,24.482028],[54.411775,24.481709],[54.411116,24.48152],[54.410943,24.481686],[54.411024,24.481756],[54.411321,24.481841],[54.411222,24.481936],[54.411307,24.482009],[54.411966,24.482198]]]}},{"type":"Feature","properties":{},"geometry":{"type":"Polygon","coordinates":[[[54.413037,24.48193],[54.412378,24.481741],[54.412202,24.482016],[54.412563,24.482207],[54.413222,24.482396],[54.413398,24.482122],[54.413037,24.48193]]]}},{"type":"Feature","properties":{},"geometry":{"type":"Polygon","coordinates":[[[54.411628,24.482134],[54.411596,24.482109],[54.411398,24.482052],[54.41132,24.482132],[54.411351,24.482158],[54.411549,24.482214],[54.411628,24.482134]]]}},{"type":"Feature","properties":{},"geometry":{"type":"Polygon","coordinates":[[[54.411666,24.485677],[54.411651,24.485646],[54.411454,24.485589],[54.41135,24.48563],[54.411365,24.485661],[54.411399,24.485671],[54.411375,24.485678],[54.411414,24.485776],[54.411611,24.485832],[54.411668,24.485814],[54.41163,24.485716],[54.411593,24.485706],[54.411666,24.485677]]]}},{"type":"Feature","properties":{},"geometry":{"type":"Polygon","coordinates":[[[54.413298,24.487787],[54.413278,24.487716],[54.413915,24.487899],[54.414183,24.487889],[54.41418,24.48781],[54.414147,24.487801],[54.414143,24.487718],[54.414176,24.487717],[54.414172,24.487643],[54.414058,24.487611],[54.414048,24.487384],[54.413388,24.487195],[54.413283,24.487199],[54.413284,24.487227],[54.413107,24.487233],[54.413184,24.487452],[54.413245,24.487469],[54.413252,24.487628],[54.413244,24.487598],[54.413046,24.487541],[54.412959,24.487562],[54.413014,24.487751],[54.413211,24.487808],[54.413298,24.487787]]]}},{"type":"Feature","properties":{},"geometry":{"type":"Polygon","coordinates":[[[54.415123,24.487771],[54.415123,24.487815],[54.415187,24.487834],[54.415187,24.488213],[54.415475,24.488296],[54.415473,24.488324],[54.415318,24.488314],[54.415319,24.488397],[54.415517,24.488454],[54.415634,24.488453],[54.415633,24.488395],[54.4158,24.488443],[54.415894,24.488442],[54.415893,24.488402],[54.416029,24.488402],[54.416029,24.488151],[54.416278,24.488151],[54.416278,24.488071],[54.416338,24.48807],[54.416351,24.488299],[54.416236,24.488277],[54.416234,24.488362],[54.416146,24.488352],[54.41615,24.488389],[54.416233,24.488413],[54.416232,24.488489],[54.416429,24.488546],[54.416724,24.48855],[54.416725,24.488499],[54.416891,24.488536],[54.416894,24.488492],[54.416696,24.488436],[54.416652,24.488434],[54.41665,24.488455],[54.416528,24.48842],[54.416472,24.488419],[54.416473,24.488342],[54.416479,24.488365],[54.416677,24.488422],[54.416724,24.488415],[54.416921,24.488465],[54.416922,24.488426],[54.416721,24.488369],[54.416848,24.488387],[54.41685,24.488346],[54.416946,24.488361],[54.416946,24.488305],[54.416922,24.488298],[54.416948,24.488297],[54.416944,24.488205],[54.416866,24.488182],[54.416863,24.488099],[54.416792,24.488079],[54.416864,24.488077],[54.416863,24.488028],[54.416665,24.487971],[54.416611,24.487972],[54.416612,24.487982],[54.416459,24.487975],[54.416452,24.487858],[54.416254,24.487801],[54.416103,24.487769],[54.415997,24.487765],[54.415997,24.487779],[54.415671,24.487682],[54.415613,24.487685],[54.415615,24.487729],[54.415745,24.487766],[54.415123,24.487771]],[[54.415813,24.487786],[54.415853,24.487783],[54.415998,24.487832],[54.416001,24.487881],[54.415944,24.487864],[54.415943,24.487823],[54.415813,24.487786]],[[54.416442,24.487988],[54.416442,24.488019],[54.416441,24.488011],[54.416375,24.487992],[54.416442,24.487988]]]}},{"type":"Feature","properties":{},"geometry":{"type":"Polygon","coordinates":[[[54.413519,24.487893],[54.413522,24.487954],[54.41372,24.488011],[54.413788,24.488008],[54.413785,24.487947],[54.413587,24.48789],[54.413519,24.487893]]]}},{"type":"Feature","properties":{},"geometry":{"type":"Polygon","coordinates":[[[54.415177,24.488532],[54.415173,24.488412],[54.415076,24.488384],[54.415166,24.488387],[54.415169,24.488292],[54.414972,24.488235],[54.414839,24.488231],[54.414836,24.488326],[54.41494,24.488356],[54.414852,24.488358],[54.414856,24.488478],[54.415054,24.488535],[54.415177,24.488532]]]}},{"type":"Feature","properties":{},"geometry":{"type":"Polygon","coordinates":[[[54.415411,24.488484],[54.415629,24.488541],[54.41563,24.488495],[54.415412,24.488438],[54.415411,24.488484]]]}},{"type":"Feature","properties":{},"geometry":{"type":"Polygon","coordinates":[[[54.415741,24.488698],[54.415543,24.488642],[54.415463,24.488644],[54.415465,24.488693],[54.415662,24.48875],[54.415743,24.488747],[54.415741,24.488698]]]}},{"type":"Feature","properties":{},"geometry":{"type":"Polygon","coordinates":[[[54.416263,24.489096],[54.416259,24.488998],[54.416454,24.489045],[54.41645,24.488938],[54.416252,24.488881],[54.416223,24.488887],[54.416058,24.48884],[54.415999,24.488841],[54.416006,24.489041],[54.416204,24.489098],[54.416263,24.489096]]]}},{"type":"Feature","properties":{},"geometry":{"type":"Polygon","coordinates":[[[54.41603,24.489308],[54.416033,24.489227],[54.415945,24.489202],[54.416074,24.489195],[54.416071,24.489152],[54.41588,24.489097],[54.415876,24.488908],[54.415679,24.488851],[54.41562,24.488852],[54.415624,24.489052],[54.41579,24.4891],[54.415719,24.489105],[54.415722,24.489146],[54.415802,24.48917],[54.415784,24.489169],[54.415782,24.48925],[54.415979,24.489306],[54.41603,24.489308]]]}},{"type":"Feature","properties":{},"geometry":{"type":"Polygon","coordinates":[[[54.415416,24.489523],[54.415421,24.489677],[54.41608,24.489866],[54.416951,24.489844],[54.416949,24.489775],[54.416928,24.489769],[54.416926,24.489691],[54.416267,24.489502],[54.415416,24.489523]]]}},{"type":"Feature","properties":{},"geometry":{"type":"Polygon","coordinates":[[[54.412428,24.489949],[54.412432,24.490011],[54.41263,24.490068],[54.4127,24.490064],[54.412695,24.490001],[54.412498,24.489945],[54.412428,24.489949]]]}},{"type":"Feature","properties":{},"geometry":{"type":"Polygon","coordinates":[[[54.412924,24.490639],[54.412916,24.491132],[54.413905,24.491416],[54.414384,24.491422],[54.414386,24.491258],[54.414103,24.491177],[54.414104,24.491094],[54.414399,24.491097],[54.414402,24.490929],[54.413413,24.490645],[54.412924,24.490639]]]}},{"type":"Feature","properties":{},"geometry":{"type":"Polygon","coordinates":[[[54.412829,24.491185],[54.412828,24.491224],[54.413026,24.491281],[54.413071,24.491282],[54.413073,24.491243],[54.412875,24.491187],[54.412829,24.491185]]]}},{"type":"Feature","properties":{},"geometry":{"type":"Polygon","coordinates":[[[54.411578,24.49238],[54.411776,24.492437],[54.411903,24.49244],[54.411906,24.492352],[54.411709,24.492296],[54.411581,24.492292],[54.411578,24.49238]]]}},{"type":"Feature","properties":{},"geometry":{"type":"Polygon","coordinates":[[[54.411972,24.492557],[54.41217,24.492613],[54.412352,24.492615],[54.412353,24.492517],[54.412155,24.492461],[54.411973,24.492459],[54.411972,24.492557]]]}},{"type":"Feature","properties":{},"geometry":{"type":"Polygon","coordinates":[[[54.4153,24.49697],[54.415208,24.496917],[54.41501,24.49686],[54.4149,24.497017],[54.414992,24.497071],[54.415189,24.497128],[54.4153,24.49697]]]}},{"type":"Feature","properties":{},"geometry":{"type":"Polygon","coordinates":[[[54.41198,24.498956],[54.412813,24.499196],[54.412932,24.499186],[54.413114,24.498956],[54.413008,24.498337],[54.41303,24.498328],[54.412799,24.497784],[54.412485,24.497669],[54.411496,24.497386],[54.411403,24.497422],[54.411496,24.497662],[54.410985,24.497515],[54.410798,24.49756],[54.410624,24.497708],[54.41061,24.498871],[54.410748,24.499018],[54.411737,24.499301],[54.411981,24.499313],[54.41198,24.498956]]]}},{"type":"Feature","properties":{},"geometry":{"type":"Polygon","coordinates":[[[54.413013,24.502973],[54.413098,24.503119],[54.413592,24.50326],[54.413664,24.503241],[54.413785,24.502951],[54.413873,24.50247],[54.413393,24.502174],[54.413235,24.502023],[54.413149,24.501911],[54.413069,24.501767],[54.41302,24.501628],[54.412526,24.501486],[54.411982,24.501472],[54.412018,24.501673],[54.412065,24.501807],[54.412137,24.50199],[54.412222,24.502147],[54.412374,24.502354],[54.412629,24.502656],[54.412874,24.50282],[54.413013,24.502973]]]}},{"type":"Feature","properties":{},"geometry":{"type":"Polygon","coordinates":[[[54.415501,24.502417],[54.415496,24.502476],[54.41572,24.502535],[54.415724,24.502475],[54.415501,24.502417]]]}},{"type":"Feature","properties":{},"geometry":{"type":"Polygon","coordinates":[[[54.412343,24.502986],[54.412183,24.50294],[54.412144,24.502911],[54.412142,24.502812],[54.412155,24.502804],[54.412142,24.502785],[54.412138,24.502532],[54.411881,24.502458],[54.411726,24.502333],[54.411529,24.502276],[54.411466,24.502339],[54.411149,24.502248],[54.410947,24.502245],[54.410913,24.502838],[54.411902,24.503122],[54.412345,24.503148],[54.412343,24.502986]]]}},{"type":"Feature","properties":{},"geometry":{"type":"Polygon","coordinates":[[[54.415667,24.502693],[54.415665,24.50266],[54.415468,24.502603],[54.41539,24.502607],[54.415403,24.502643],[54.415395,24.502682],[54.415592,24.502738],[54.415663,24.502739],[54.415664,24.502701],[54.415643,24.502695],[54.415667,24.502693]]]}},{"type":"Feature","properties":{},"geometry":{"type":"Polygon","coordinates":[[[54.415688,24.502805],[54.415565,24.502779],[54.415561,24.502807],[54.415686,24.502843],[54.415685,24.502856],[54.415883,24.502913],[54.416009,24.502918],[54.416013,24.50284],[54.415815,24.502783],[54.415689,24.502779],[54.415688,24.502805]]]}},{"type":"Feature","properties":{},"geometry":{"type":"Polygon","coordinates":[[[54.415694,24.502899],[54.415658,24.502889],[54.415656,24.502835],[54.415458,24.502778],[54.415396,24.502784],[54.415403,24.502838],[54.415443,24.50285],[54.415447,24.502901],[54.415645,24.502957],[54.415703,24.50295],[54.415694,24.502899]]]}},{"type":"Feature","properties":{},"geometry":{"type":"Polygon","coordinates":[[[54.415635,24.503418],[54.415632,24.503473],[54.41583,24.50353],[54.415924,24.503533],[54.415926,24.503478],[54.415728,24.503421],[54.415635,24.503418]]]}},{"type":"Feature","properties":{},"geometry":{"type":"Polygon","coordinates":[[[54.415809,24.503559],[54.415813,24.503642],[54.41601,24.503699],[54.416053,24.503697],[54.41605,24.503614],[54.415852,24.503558],[54.415809,24.503559]]]}},{"type":"Feature","properties":{},"geometry":{"type":"Polygon","coordinates":[[[54.414844,24.504316],[54.415419,24.504481],[54.415445,24.504508],[54.415566,24.504542],[54.415541,24.504566],[54.414312,24.504214],[54.414153,24.504371],[54.414331,24.504524],[54.415773,24.504938],[54.415743,24.504972],[54.414671,24.504668],[54.414513,24.504826],[54.41469,24.504979],[54.416174,24.505401],[54.416351,24.505252],[54.416155,24.50509],[54.416029,24.505054],[54.416038,24.505047],[54.415981,24.504987],[54.415824,24.504941],[54.415892,24.504884],[54.416436,24.50504],[54.416614,24.504892],[54.416418,24.50473],[54.416047,24.504624],[54.416116,24.504567],[54.416385,24.504644],[54.416562,24.504495],[54.416542,24.504478],[54.416664,24.504376],[54.416468,24.504214],[54.415792,24.50402],[54.415748,24.504064],[54.41564,24.504033],[54.415617,24.504049],[54.415612,24.504029],[54.415415,24.503972],[54.415356,24.503984],[54.415365,24.504022],[54.415406,24.504033],[54.415386,24.504052],[54.415311,24.504031],[54.415222,24.504119],[54.414826,24.504005],[54.414667,24.504163],[54.414844,24.504316]],[[54.415567,24.504077],[54.415581,24.504075],[54.415574,24.504079],[54.415567,24.504077]]]}},{"type":"Feature","properties":{},"geometry":{"type":"Polygon","coordinates":[[[54.410809,24.508696],[54.411007,24.508753],[54.411295,24.508762],[54.411298,24.508665],[54.4111,24.508608],[54.410813,24.508596],[54.410809,24.508696]]]}},{"type":"Feature","properties":{},"geometry":{"type":"Polygon","coordinates":[[[54.411248,24.508984],[54.41124,24.509168],[54.411123,24.509147],[54.411122,24.509219],[54.411236,24.509252],[54.411234,24.509309],[54.411557,24.509408],[54.411556,24.509464],[54.411445,24.509433],[54.410723,24.509449],[54.410727,24.509544],[54.410925,24.5096],[54.411646,24.50958],[54.411643,24.509505],[54.411753,24.509536],[54.411871,24.509538],[54.411872,24.509498],[54.411966,24.509525],[54.412136,24.509529],[54.412146,24.509173],[54.411897,24.509102],[54.411901,24.509015],[54.411703,24.508958],[54.41158,24.508954],[54.411577,24.50901],[54.411487,24.508984],[54.411248,24.508984]]]}},{"type":"Feature","properties":{},"geometry":{"type":"Polygon","coordinates":[[[54.410698,24.509064],[54.4107,24.509161],[54.410898,24.509218],[54.41096,24.509216],[54.410958,24.50912],[54.41076,24.509063],[54.410698,24.509064]]]}},{"type":"Feature","properties":{},"geometry":{"type":"Polygon","coordinates":[[[54.411256,24.509681],[54.411333,24.509838],[54.411531,24.509894],[54.411629,24.509854],[54.411553,24.509698],[54.411355,24.509641],[54.411256,24.509681]]]}},{"type":"Feature","properties":{},"geometry":{"type":"Polygon","coordinates":[[[54.418939,24.480052],[54.418873,24.480042],[54.418867,24.480078],[54.418943,24.4801],[54.418942,24.480131],[54.41914,24.480188],[54.419177,24.480189],[54.419179,24.480128],[54.418939,24.480052]]]}},{"type":"Feature","properties":{},"geometry":{"type":"Polygon","coordinates":[[[54.420855,24.480435],[54.421099,24.480445],[54.421101,24.480399],[54.420903,24.480342],[54.420855,24.48034],[54.420858,24.480293],[54.42066,24.480236],[54.420569,24.480232],[54.420562,24.480364],[54.420855,24.480435]]]}},{"type":"Feature","properties":{},"geometry":{"type":"Polygon","coordinates":[[[54.419929,24.480822],[54.419923,24.480877],[54.420185,24.480939],[54.420191,24.480885],[54.419929,24.480822]]]}},{"type":"Feature","properties":{},"geometry":{"type":"Polygon","coordinates":[[[54.419421,24.481631],[54.419417,24.481657],[54.419322,24.48163],[54.419006,24.481592],[54.418898,24.481561],[54.418579,24.481524],[54.41856,24.481659],[54.418657,24.481687],[54.418544,24.481691],[54.41855,24.481831],[54.418747,24.481888],[54.418923,24.481881],[54.419053,24.481912],[54.419066,24.481832],[54.418871,24.481777],[54.41887,24.481743],[54.418786,24.481719],[54.41896,24.481739],[54.419158,24.481799],[54.419498,24.48184],[54.419504,24.481797],[54.419599,24.481825],[54.419926,24.481863],[54.419946,24.481727],[54.419748,24.48167],[54.419421,24.481631]]]}},{"type":"Feature","properties":{},"geometry":{"type":"Polygon","coordinates":[[[54.42026,24.481911],[54.420687,24.482033],[54.420677,24.482093],[54.420875,24.48215],[54.421184,24.482192],[54.421194,24.482133],[54.421256,24.48214],[54.42128,24.481977],[54.421233,24.481964],[54.421238,24.481886],[54.42104,24.48183],[54.420715,24.481815],[54.420621,24.481788],[54.420307,24.48175],[54.420202,24.48172],[54.42007,24.481706],[54.420064,24.481769],[54.420272,24.481826],[54.42026,24.481911]]]}},{"type":"Feature","properties":{},"geometry":{"type":"Polygon","coordinates":[[[54.418772,24.481977],[54.418771,24.481955],[54.418573,24.481898],[54.418529,24.481901],[54.41853,24.481923],[54.418728,24.48198],[54.418772,24.481977]]]}},{"type":"Feature","properties":{},"geometry":{"type":"Polygon","coordinates":[[[54.419742,24.482021],[54.419618,24.481986],[54.419294,24.481947],[54.419275,24.482078],[54.419473,24.482135],[54.419653,24.482156],[54.41965,24.482171],[54.419403,24.482131],[54.419404,24.482121],[54.419207,24.482064],[54.419019,24.482043],[54.418801,24.481985],[54.418785,24.482055],[54.418877,24.482081],[54.418874,24.482108],[54.419071,24.482165],[54.419245,24.482184],[54.419228,24.482308],[54.419371,24.482349],[54.419365,24.482406],[54.419375,24.482409],[54.41846,24.482285],[54.418442,24.482417],[54.418606,24.482464],[54.418434,24.482447],[54.418417,24.482581],[54.418615,24.482638],[54.418941,24.48267],[54.41895,24.482597],[54.419189,24.482635],[54.419176,24.482722],[54.418957,24.482661],[54.418929,24.482747],[54.419224,24.48283],[54.419243,24.482771],[54.419414,24.482813],[54.419245,24.482795],[54.419232,24.48289],[54.419018,24.482865],[54.418913,24.482835],[54.418919,24.48277],[54.418722,24.482713],[54.418396,24.482685],[54.418382,24.482821],[54.418546,24.482868],[54.418366,24.482861],[54.418361,24.482982],[54.418558,24.483039],[54.418884,24.483052],[54.418886,24.483003],[54.419055,24.483051],[54.419387,24.483081],[54.419398,24.482976],[54.419748,24.483018],[54.41975,24.483005],[54.419834,24.483029],[54.419673,24.483014],[54.41966,24.483134],[54.419858,24.483191],[54.420182,24.483219],[54.420185,24.483193],[54.420735,24.483351],[54.421073,24.483383],[54.421091,24.483221],[54.42091,24.483169],[54.421033,24.483183],[54.42105,24.483063],[54.420852,24.483007],[54.420564,24.482972],[54.420586,24.482915],[54.420315,24.482834],[54.420319,24.482805],[54.420759,24.482911],[54.421069,24.482947],[54.421086,24.482826],[54.420827,24.482755],[54.421092,24.482784],[54.421114,24.482639],[54.420855,24.482575],[54.420858,24.482549],[54.421124,24.482583],[54.421143,24.482461],[54.420945,24.482404],[54.420763,24.482379],[54.420777,24.482371],[54.420841,24.482389],[54.421152,24.482418],[54.421165,24.482297],[54.420967,24.48224],[54.420657,24.482212],[54.420649,24.482279],[54.420407,24.482237],[54.420425,24.482121],[54.420246,24.48207],[54.420353,24.482081],[54.420369,24.481946],[54.420171,24.481889],[54.419851,24.481856],[54.419834,24.481991],[54.419979,24.482033],[54.419907,24.482023],[54.419904,24.482039],[54.419835,24.482019],[54.419742,24.482021]],[[54.420077,24.482208],[54.419998,24.482201],[54.419998,24.482187],[54.420077,24.482208]],[[54.420063,24.483062],[54.420086,24.483065],[54.420086,24.483068],[54.420063,24.483062]],[[54.420531,24.48306],[54.420432,24.483032],[54.420209,24.483011],[54.420218,24.482943],[54.420057,24.482896],[54.420273,24.482923],[54.420539,24.483002],[54.420531,24.48306]],[[54.419834,24.482507],[54.419809,24.482499],[54.419811,24.482476],[54.419837,24.482483],[54.419834,24.482507]],[[54.420221,24.482512],[54.420223,24.4825],[54.420306,24.482524],[54.420221,24.482512]],[[54.420267,24.482237],[54.420249,24.482232],[54.420268,24.482234],[54.420267,24.482237]],[[54.419196,24.482544],[54.419194,24.482554],[54.418806,24.482493],[54.419196,24.482544]],[[54.419586,24.482834],[54.419692,24.482847],[54.41971,24.482728],[54.419794,24.482752],[54.419782,24.48283],[54.419949,24.482878],[54.4197,24.48285],[54.419697,24.482866],[54.419586,24.482834]],[[54.419327,24.482636],[54.41933,24.482619],[54.419438,24.482649],[54.419327,24.482636]]]}},{"type":"Feature","properties":{},"geometry":{"type":"Polygon","coordinates":[[[54.420353,24.482089],[54.420642,24.482166],[54.420666,24.482077],[54.420378,24.481999],[54.420353,24.482089]]]}},{"type":"Feature","properties":{},"geometry":{"type":"Polygon","coordinates":[[[54.418494,24.482084],[54.418475,24.482211],[54.418673,24.482268],[54.418995,24.482308],[54.419015,24.482181],[54.418817,24.482124],[54.418494,24.482084]]]}},{"type":"Feature","properties":{},"geometry":{"type":"Polygon","coordinates":[[[54.417522,24.487825],[54.417522,24.48778],[54.417324,24.487723],[54.417238,24.487724],[54.417239,24.487769],[54.417436,24.487826],[54.417522,24.487825]]]}},{"type":"Feature","properties":{},"geometry":{"type":"Polygon","coordinates":[[[54.419893,24.489376],[54.419892,24.489322],[54.419694,24.489265],[54.419591,24.489274],[54.419482,24.489262],[54.419483,24.489279],[54.419432,24.489265],[54.41933,24.489268],[54.419331,24.489307],[54.419529,24.489364],[54.419631,24.48936],[54.41963,24.489345],[54.419893,24.489376]]]}},{"type":"Feature","properties":{},"geometry":{"type":"Polygon","coordinates":[[[54.418987,24.489305],[54.418994,24.489429],[54.419191,24.489486],[54.419281,24.489482],[54.419275,24.489358],[54.419077,24.489301],[54.418987,24.489305]]]}},{"type":"Feature","properties":{},"geometry":{"type":"Polygon","coordinates":[[[54.419557,24.489378],[54.419554,24.489481],[54.419751,24.489537],[54.419856,24.48954],[54.419859,24.489438],[54.419661,24.489381],[54.419557,24.489378]]]}},{"type":"Feature","properties":{},"geometry":{"type":"Polygon","coordinates":[[[54.419157,24.48954],[54.419166,24.489612],[54.41939,24.489666],[54.419381,24.489594],[54.419183,24.489537],[54.419157,24.48954]]]}},{"type":"Feature","properties":{},"geometry":{"type":"Polygon","coordinates":[[[54.419882,24.489876],[54.419881,24.48983],[54.419684,24.489774],[54.419563,24.489776],[54.419564,24.489821],[54.419762,24.489878],[54.419882,24.489876]]]}},{"type":"Feature","properties":{},"geometry":{"type":"Polygon","coordinates":[[[54.41924,24.490311],[54.419438,24.490368],[54.419513,24.490365],[54.419512,24.490341],[54.419585,24.490362],[54.419635,24.49036],[54.419633,24.490314],[54.419776,24.490355],[54.41986,24.49035],[54.419857,24.490229],[54.419659,24.490172],[54.419611,24.490173],[54.419612,24.490233],[54.419432,24.490181],[54.419381,24.490183],[54.419386,24.490295],[54.419314,24.490275],[54.419239,24.490277],[54.41924,24.490311]]]}},{"type":"Feature","properties":{},"geometry":{"type":"Polygon","coordinates":[[[54.416956,24.502021],[54.416955,24.501973],[54.417018,24.501991],[54.417063,24.501979],[54.417048,24.501932],[54.41685,24.501875],[54.416805,24.501887],[54.41682,24.501934],[54.416757,24.501916],[54.416572,24.501928],[54.416574,24.501975],[54.416771,24.502031],[54.416956,24.502021]]]}},{"type":"Feature","properties":{},"geometry":{"type":"Polygon","coordinates":[[[54.417163,24.501757],[54.41722,24.501818],[54.417181,24.501902],[54.417059,24.501949],[54.417254,24.502089],[54.417913,24.502278],[54.41813,24.502074],[54.417899,24.501874],[54.41724,24.501685],[54.417163,24.501757]]]}},{"type":"Feature","properties":{},"geometry":{"type":"Polygon","coordinates":[[[54.417817,24.502416],[54.417788,24.50238],[54.41759,24.502323],[54.417548,24.502351],[54.417577,24.502387],[54.417775,24.502444],[54.417817,24.502416]]]}},{"type":"Feature","properties":{},"geometry":{"type":"Polygon","coordinates":[[[54.418218,24.502471],[54.418415,24.502528],[54.418617,24.50245],[54.418574,24.502357],[54.418376,24.5023],[54.418174,24.502378],[54.418218,24.502471]]]}},{"type":"Feature","properties":{},"geometry":{"type":"Polygon","coordinates":[[[54.417908,24.502514],[54.418106,24.502571],[54.41813,24.502546],[54.418083,24.502509],[54.417885,24.502453],[54.417861,24.502478],[54.417908,24.502514]]]}},{"type":"Feature","properties":{},"geometry":{"type":"Polygon","coordinates":[[[54.417421,24.502442],[54.417421,24.502556],[54.417619,24.502613],[54.417698,24.502619],[54.417702,24.502498],[54.417504,24.502442],[54.417421,24.502442]]]}},{"type":"Feature","properties":{},"geometry":{"type":"Polygon","coordinates":[[[54.417194,24.502709],[54.417193,24.502684],[54.416995,24.502628],[54.416892,24.50263],[54.416893,24.502654],[54.41709,24.502711],[54.417194,24.502709]]]}},{"type":"Feature","properties":{},"geometry":{"type":"Polygon","coordinates":[[[54.417547,24.502832],[54.417606,24.502828],[54.4176,24.502767],[54.417402,24.50271],[54.417344,24.502715],[54.417345,24.502725],[54.417299,24.502712],[54.417097,24.502719],[54.416945,24.502702],[54.416942,24.502762],[54.417258,24.502851],[54.4175,24.502842],[54.417499,24.502818],[54.417547,24.502832]]]}},{"type":"Feature","properties":{},"geometry":{"type":"Polygon","coordinates":[[[54.417803,24.503286],[54.417802,24.503225],[54.41757,24.503151],[54.417572,24.503116],[54.417374,24.50306],[54.417267,24.503056],[54.417265,24.503098],[54.417464,24.503155],[54.417461,24.503227],[54.417659,24.503284],[54.417803,24.503286]]]}},{"type":"Feature","properties":{},"geometry":{"type":"Polygon","coordinates":[[[54.417657,24.503786],[54.417888,24.503844],[54.417895,24.503627],[54.417664,24.503569],[54.417657,24.503786]]]}}]}