{"type":"FeatureCollection","features":[{"type":"Feature","properties":{},"geometry":{"type":"Polygon","coordinates":[[[54.378693,24.479808],[54.378524,24.479973],[54.378662,24.480099],[54.378831,24.479933],[54.378693,24.479808]]]}},{"type":"Feature","properties":{},"geometry":{"type":"Polygon","coordinates":[[[54.37831,24.480167],[54.378451,24.480296],[54.378636,24.480128],[54.378493,24.479989],[54.37831,24.480167]]]}},{"type":"Feature","properties":{},"geometry":{"type":"Polygon","coordinates":[[[54.37808,24.48035],[54.377899,24.48053],[54.378038,24.480654],[54.378221,24.480484],[54.37808,24.48035]]]}},{"type":"Feature","properties":{},"geometry":{"type":"Polygon","coordinates":[[[54.37789,24.48056],[54.377722,24.480724],[54.377842,24.480834],[54.37801,24.48067],[54.37789,24.48056]]]}},{"type":"Feature","properties":{},"geometry":{"type":"Polygon","coordinates":[[[54.378863,24.481169],[54.379053,24.481298],[54.379143,24.481182],[54.378954,24.481053],[54.378863,24.481169]]]}},{"type":"Feature","properties":{},"geometry":{"type":"Polygon","coordinates":[[[54.378821,24.481205],[54.378597,24.481484],[54.37868,24.48154],[54.378904,24.481261],[54.378821,24.481205]]]}},{"type":"Feature","properties":{},"geometry":{"type":"Polygon","coordinates":[[[54.37889,24.481342],[54.378767,24.481484],[54.378969,24.481633],[54.379091,24.481485],[54.37889,24.481342]]]}},{"type":"Feature","properties":{},"geometry":{"type":"Polygon","coordinates":[[[54.379183,24.481467],[54.378959,24.481746],[54.379042,24.481802],[54.379266,24.481523],[54.379183,24.481467]]]}},{"type":"Feature","properties":{},"geometry":{"type":"Polygon","coordinates":[[[54.378567,24.481508],[54.378343,24.481788],[54.378425,24.481844],[54.378649,24.481564],[54.378567,24.481508]]]}},{"type":"Feature","properties":{},"geometry":{"type":"Polygon","coordinates":[[[54.378603,24.482169],[54.378706,24.482043],[54.378789,24.482101],[54.379013,24.481822],[54.37893,24.481766],[54.378731,24.482008],[54.378729,24.481993],[54.378469,24.481816],[54.37834,24.481973],[54.378342,24.481992],[54.378603,24.482169]]]}},{"type":"Feature","properties":{},"geometry":{"type":"Polygon","coordinates":[[[54.378685,24.482262],[54.37834,24.482028],[54.378235,24.482156],[54.378458,24.482312],[54.378526,24.482228],[54.378649,24.482312],[54.378685,24.482262]]]}},{"type":"Feature","properties":{},"geometry":{"type":"Polygon","coordinates":[[[54.37798,24.482348],[54.377608,24.482798],[54.377611,24.482827],[54.377882,24.483012],[54.378254,24.482562],[54.378251,24.482533],[54.37798,24.482348]]]}},{"type":"Feature","properties":{},"geometry":{"type":"Polygon","coordinates":[[[54.378563,24.483223],[54.378839,24.483418],[54.37893,24.483304],[54.378654,24.483109],[54.378563,24.483223]]]}},{"type":"Feature","properties":{},"geometry":{"type":"Polygon","coordinates":[[[54.379067,24.483488],[54.379039,24.483609],[54.379152,24.483632],[54.37918,24.483511],[54.379067,24.483488]]]}},{"type":"Feature","properties":{},"geometry":{"type":"Polygon","coordinates":[[[54.379284,24.483697],[54.37935,24.483758],[54.379436,24.483675],[54.379371,24.483614],[54.379284,24.483697]]]}},{"type":"Feature","properties":{},"geometry":{"type":"Polygon","coordinates":[[[54.378621,24.483843],[54.378667,24.483881],[54.37881,24.483715],[54.378765,24.483677],[54.378621,24.483843]]]}},{"type":"Feature","properties":{},"geometry":{"type":"Polygon","coordinates":[[[54.378546,24.483772],[54.378632,24.483678],[54.378629,24.48365],[54.37834,24.48345],[54.378295,24.483509],[54.378225,24.48347],[54.378086,24.483642],[54.378112,24.483888],[54.378426,24.484099],[54.37851,24.483987],[54.378507,24.483958],[54.37826,24.483784],[54.378254,24.483729],[54.378342,24.483635],[54.378546,24.483772]]]}},{"type":"Feature","properties":{},"geometry":{"type":"Polygon","coordinates":[[[54.379252,24.483725],[54.379192,24.483839],[54.379232,24.483858],[54.379292,24.483743],[54.379252,24.483725]]]}},{"type":"Feature","properties":{},"geometry":{"type":"Polygon","coordinates":[[[54.379088,24.483792],[54.379023,24.48375],[54.378936,24.483735],[54.378904,24.483748],[54.378871,24.483726],[54.378585,24.484049],[54.378638,24.48419],[54.378673,24.484229],[54.378726,24.484253],[54.378769,24.484255],[54.378802,24.484227],[54.378865,24.484275],[54.37915,24.48394],[54.379146,24.483911],[54.379103,24.483887],[54.379088,24.483792]]]}},{"type":"Feature","properties":{},"geometry":{"type":"Polygon","coordinates":[[[54.379377,24.483937],[54.379163,24.484205],[54.379247,24.484262],[54.379318,24.484176],[54.379279,24.484145],[54.37931,24.484107],[54.379355,24.484137],[54.379465,24.484003],[54.379377,24.483937]]]}},{"type":"Feature","properties":{},"geometry":{"type":"Polygon","coordinates":[[[54.377927,24.484123],[54.377814,24.484257],[54.378007,24.484397],[54.378118,24.484257],[54.377927,24.484123]]]}},{"type":"Feature","properties":{},"geometry":{"type":"Polygon","coordinates":[[[54.37815,24.484275],[54.378034,24.48441],[54.378218,24.484546],[54.378333,24.484405],[54.37815,24.484275]]]}},{"type":"Feature","properties":{},"geometry":{"type":"Polygon","coordinates":[[[54.378354,24.484422],[54.378239,24.484554],[54.378424,24.484692],[54.378538,24.484554],[54.378354,24.484422]]]}},{"type":"Feature","properties":{},"geometry":{"type":"Polygon","coordinates":[[[54.379112,24.484563],[54.379393,24.484756],[54.379469,24.484658],[54.379188,24.484464],[54.379112,24.484563]]]}},{"type":"Feature","properties":{},"geometry":{"type":"Polygon","coordinates":[[[54.378563,24.484576],[54.378453,24.484705],[54.378632,24.484839],[54.378742,24.484704],[54.378563,24.484576]]]}},{"type":"Feature","properties":{},"geometry":{"type":"Polygon","coordinates":[[[54.37877,24.484724],[54.378662,24.484857],[54.378849,24.48499],[54.378957,24.484851],[54.37877,24.484724]]]}},{"type":"Feature","properties":{},"geometry":{"type":"Polygon","coordinates":[[[54.378995,24.484865],[54.378877,24.485],[54.379069,24.485144],[54.379186,24.485003],[54.378995,24.484865]]]}},{"type":"Feature","properties":{},"geometry":{"type":"Polygon","coordinates":[[[54.379091,24.485157],[54.37928,24.485292],[54.379388,24.485161],[54.3792,24.485025],[54.379091,24.485157]]]}},{"type":"Feature","properties":{},"geometry":{"type":"Polygon","coordinates":[[[54.379211,24.486209],[54.379184,24.486248],[54.379245,24.486288],[54.37927,24.486243],[54.379211,24.486209]]]}},{"type":"Feature","properties":{},"geometry":{"type":"Polygon","coordinates":[[[54.378823,24.486266],[54.37882,24.486237],[54.378797,24.486222],[54.378839,24.486168],[54.378835,24.48614],[54.378537,24.485947],[54.377906,24.486755],[54.377909,24.486783],[54.378184,24.486961],[54.378539,24.486506],[54.378603,24.486548],[54.378823,24.486266]]]}},{"type":"Feature","properties":{},"geometry":{"type":"Polygon","coordinates":[[[54.378723,24.486545],[54.378796,24.486582],[54.378817,24.486542],[54.378744,24.486504],[54.378723,24.486545]]]}},{"type":"Feature","properties":{},"geometry":{"type":"Polygon","coordinates":[[[54.378328,24.486925],[54.378361,24.486952],[54.378587,24.486674],[54.378541,24.48664],[54.378328,24.486925]]]}},{"type":"Feature","properties":{},"geometry":{"type":"Polygon","coordinates":[[[54.377593,24.48713],[54.377741,24.487238],[54.377662,24.487329],[54.377712,24.487375],[54.377672,24.487435],[54.377859,24.487571],[54.377902,24.487522],[54.37794,24.48755],[54.377858,24.487658],[54.377997,24.487758],[54.377512,24.488324],[54.37771,24.488468],[54.378165,24.487949],[54.378215,24.487986],[54.377781,24.488482],[54.377891,24.488573],[54.378794,24.487542],[54.379208,24.487842],[54.379331,24.487701],[54.379307,24.487672],[54.379474,24.487482],[54.379086,24.48719],[54.379061,24.487219],[54.378895,24.487098],[54.37899,24.486976],[54.378791,24.486831],[54.378406,24.487271],[54.378264,24.487168],[54.378168,24.487278],[54.378127,24.487249],[54.378178,24.487176],[54.378058,24.487089],[54.378,24.487155],[54.377885,24.487071],[54.377786,24.487185],[54.377637,24.487077],[54.377713,24.486991],[54.377627,24.486917],[54.377437,24.487134],[54.377524,24.487209],[54.377593,24.48713]]]}},{"type":"Feature","properties":{},"geometry":{"type":"Polygon","coordinates":[[[54.379117,24.487891],[54.379218,24.487968],[54.379254,24.487922],[54.379153,24.487845],[54.379117,24.487891]]]}},{"type":"Feature","properties":{},"geometry":{"type":"Polygon","coordinates":[[[54.378962,24.487917],[54.378836,24.488075],[54.378838,24.488094],[54.379059,24.48824],[54.379185,24.488082],[54.379183,24.488063],[54.378962,24.487917]]]}},{"type":"Feature","properties":{},"geometry":{"type":"Polygon","coordinates":[[[54.377244,24.488263],[54.377246,24.488282],[54.378046,24.488838],[54.378102,24.488771],[54.3781,24.488752],[54.377301,24.488195],[54.377244,24.488263]]]}},{"type":"Feature","properties":{},"geometry":{"type":"Polygon","coordinates":[[[54.378117,24.48887],[54.378319,24.489012],[54.378366,24.48895],[54.378164,24.488808],[54.378117,24.48887]]]}},{"type":"Feature","properties":{},"geometry":{"type":"Polygon","coordinates":[[[54.379075,24.48969],[54.379026,24.489751],[54.379056,24.489773],[54.379105,24.489712],[54.379075,24.48969]]]}},{"type":"Feature","properties":{},"geometry":{"type":"Polygon","coordinates":[[[54.378939,24.489813],[54.3789,24.489865],[54.37893,24.489887],[54.37897,24.489835],[54.378939,24.489813]]]}},{"type":"Feature","properties":{},"geometry":{"type":"Polygon","coordinates":[[[54.379065,24.490043],[54.378904,24.490239],[54.378907,24.49027],[54.379053,24.49037],[54.379214,24.490175],[54.379211,24.490143],[54.379065,24.490043]]]}},{"type":"Feature","properties":{},"geometry":{"type":"Polygon","coordinates":[[[54.378811,24.490359],[54.378656,24.490542],[54.378659,24.490572],[54.378792,24.490665],[54.378947,24.490483],[54.378943,24.490452],[54.378811,24.490359]]]}},{"type":"Feature","properties":{},"geometry":{"type":"Polygon","coordinates":[[[54.378627,24.490562],[54.378467,24.490759],[54.378469,24.490776],[54.378626,24.490881],[54.378786,24.490683],[54.378784,24.490666],[54.378627,24.490562]]]}},{"type":"Feature","properties":{},"geometry":{"type":"Polygon","coordinates":[[[54.378416,24.490798],[54.378267,24.490974],[54.37827,24.491003],[54.37841,24.491102],[54.37856,24.490926],[54.378556,24.490897],[54.378416,24.490798]]]}},{"type":"Feature","properties":{},"geometry":{"type":"Polygon","coordinates":[[[54.379183,24.490823],[54.379026,24.491007],[54.379028,24.49102],[54.379155,24.49111],[54.379312,24.490927],[54.37931,24.490913],[54.379183,24.490823]]]}},{"type":"Feature","properties":{},"geometry":{"type":"Polygon","coordinates":[[[54.379008,24.491028],[54.378859,24.491198],[54.37886,24.491212],[54.378985,24.491302],[54.379134,24.491132],[54.379133,24.491118],[54.379008,24.491028]]]}},{"type":"Feature","properties":{},"geometry":{"type":"Polygon","coordinates":[[[54.378201,24.491039],[54.378055,24.49121],[54.378059,24.491242],[54.378194,24.491337],[54.378339,24.491166],[54.378336,24.491134],[54.378201,24.491039]]]}},{"type":"Feature","properties":{},"geometry":{"type":"Polygon","coordinates":[[[54.37909,24.491245],[54.379038,24.491315],[54.379094,24.491354],[54.379147,24.491285],[54.37909,24.491245]]]}},{"type":"Feature","properties":{},"geometry":{"type":"Polygon","coordinates":[[[54.378833,24.49123],[54.378677,24.491413],[54.378679,24.491431],[54.378799,24.491516],[54.378956,24.491333],[54.378954,24.491315],[54.378833,24.49123]]]}},{"type":"Feature","properties":{},"geometry":{"type":"Polygon","coordinates":[[[54.37777,24.491574],[54.377774,24.491605],[54.378012,24.491775],[54.378195,24.491561],[54.378192,24.491529],[54.377954,24.49136],[54.37777,24.491574]]]}},{"type":"Feature","properties":{},"geometry":{"type":"Polygon","coordinates":[[[54.379071,24.491684],[54.379073,24.491702],[54.379217,24.491806],[54.379375,24.491625],[54.379373,24.491607],[54.379229,24.491503],[54.379071,24.491684]]]}},{"type":"Feature","properties":{},"geometry":{"type":"Polygon","coordinates":[[[54.37842,24.491702],[54.378422,24.491718],[54.37868,24.491891],[54.378794,24.49175],[54.378792,24.491733],[54.378534,24.49156],[54.37842,24.491702]]]}},{"type":"Feature","properties":{},"geometry":{"type":"Polygon","coordinates":[[[54.37873,24.491911],[54.378915,24.492041],[54.379001,24.491926],[54.378816,24.491796],[54.37873,24.491911]]]}},{"type":"Feature","properties":{},"geometry":{"type":"Polygon","coordinates":[[[54.377756,24.492644],[54.377758,24.492662],[54.378009,24.492848],[54.378123,24.492719],[54.378121,24.492701],[54.377871,24.492515],[54.377756,24.492644]]]}},{"type":"Feature","properties":{},"geometry":{"type":"Polygon","coordinates":[[[54.378141,24.492959],[54.377956,24.493166],[54.377961,24.493213],[54.37817,24.493368],[54.378356,24.493161],[54.37835,24.493114],[54.378141,24.492959]]]}},{"type":"Feature","properties":{},"geometry":{"type":"Polygon","coordinates":[[[54.379275,24.493864],[54.379334,24.493905],[54.379336,24.49392],[54.379546,24.49407],[54.379717,24.493876],[54.379712,24.493834],[54.378641,24.493079],[54.378466,24.493278],[54.378471,24.493321],[54.378981,24.493674],[54.378988,24.493665],[54.379048,24.493704],[54.379049,24.493718],[54.379268,24.493872],[54.379275,24.493864]]]}},{"type":"Feature","properties":{},"geometry":{"type":"Polygon","coordinates":[[[54.378392,24.493408],[54.378285,24.493535],[54.378349,24.493581],[54.378455,24.493454],[54.378392,24.493408]]]}},{"type":"Feature","properties":{},"geometry":{"type":"Polygon","coordinates":[[[54.378254,24.493585],[54.378205,24.49365],[54.378269,24.493694],[54.378318,24.493629],[54.378254,24.493585]]]}},{"type":"Feature","properties":{},"geometry":{"type":"Polygon","coordinates":[[[54.378382,24.493581],[54.378333,24.493832],[54.378586,24.493869],[54.378629,24.493626],[54.378382,24.493581]]]}},{"type":"Feature","properties":{},"geometry":{"type":"Polygon","coordinates":[[[54.378155,24.49374],[54.378141,24.493781],[54.378202,24.493802],[54.378216,24.493761],[54.378155,24.49374]]]}},{"type":"Feature","properties":{},"geometry":{"type":"Polygon","coordinates":[[[54.378219,24.493992],[54.378006,24.493843],[54.377803,24.494084],[54.377808,24.494122],[54.37802,24.49427],[54.378223,24.49403],[54.378219,24.493992]]]}},{"type":"Feature","properties":{},"geometry":{"type":"Polygon","coordinates":[[[54.378863,24.493933],[54.378687,24.494138],[54.378692,24.494176],[54.378914,24.494333],[54.37909,24.494129],[54.379085,24.494091],[54.378863,24.493933]]]}},{"type":"Feature","properties":{},"geometry":{"type":"Polygon","coordinates":[[[54.378521,24.494211],[54.378311,24.49406],[54.378201,24.494186],[54.378205,24.494219],[54.378415,24.49437],[54.378525,24.494244],[54.378521,24.494211]]]}},{"type":"Feature","properties":{},"geometry":{"type":"Polygon","coordinates":[[[54.378986,24.494304],[54.37899,24.494341],[54.37922,24.494487],[54.379369,24.494291],[54.379365,24.494253],[54.379134,24.494108],[54.378986,24.494304]]]}},{"type":"Feature","properties":{},"geometry":{"type":"Polygon","coordinates":[[[54.3785,24.494375],[54.378702,24.494519],[54.378813,24.494389],[54.378808,24.494349],[54.378606,24.494205],[54.378495,24.494335],[54.3785,24.494375]]]}},{"type":"Feature","properties":{},"geometry":{"type":"Polygon","coordinates":[[[54.377925,24.494521],[54.377928,24.494551],[54.378121,24.494691],[54.378232,24.494564],[54.378228,24.494534],[54.378036,24.494394],[54.377925,24.494521]]]}},{"type":"Feature","properties":{},"geometry":{"type":"Polygon","coordinates":[[[54.378817,24.494482],[54.378645,24.494681],[54.37865,24.494721],[54.378862,24.494872],[54.379033,24.494673],[54.379029,24.494632],[54.378817,24.494482]]]}},{"type":"Feature","properties":{},"geometry":{"type":"Polygon","coordinates":[[[54.37817,24.494696],[54.378173,24.494726],[54.378365,24.494866],[54.378476,24.494739],[54.378473,24.494709],[54.37828,24.49457],[54.37817,24.494696]]]}},{"type":"Feature","properties":{},"geometry":{"type":"Polygon","coordinates":[[[54.378708,24.494858],[54.378544,24.495048],[54.378547,24.495078],[54.37869,24.495181],[54.378854,24.49499],[54.378851,24.49496],[54.378708,24.494858]]]}},{"type":"Feature","properties":{},"geometry":{"type":"Polygon","coordinates":[[[54.379182,24.495024],[54.379025,24.495215],[54.379027,24.495232],[54.379173,24.495332],[54.379331,24.495141],[54.379329,24.495125],[54.379182,24.495024]]]}},{"type":"Feature","properties":{},"geometry":{"type":"Polygon","coordinates":[[[54.377732,24.495222],[54.377734,24.495238],[54.377925,24.495373],[54.378031,24.495249],[54.378029,24.495232],[54.377838,24.495097],[54.377732,24.495222]]]}},{"type":"Feature","properties":{},"geometry":{"type":"Polygon","coordinates":[[[54.378501,24.495106],[54.378338,24.495295],[54.378341,24.495325],[54.378479,24.495424],[54.378642,24.495235],[54.378639,24.495205],[54.378501,24.495106]]]}},{"type":"Feature","properties":{},"geometry":{"type":"Polygon","coordinates":[[[54.378302,24.495359],[54.378159,24.495537],[54.378162,24.495561],[54.37829,24.495647],[54.378433,24.495469],[54.378431,24.495445],[54.378302,24.495359]]]}},{"type":"Feature","properties":{},"geometry":{"type":"Polygon","coordinates":[[[54.377965,24.495507],[54.377707,24.495812],[54.377713,24.495862],[54.377932,24.496015],[54.378189,24.495709],[54.378184,24.49566],[54.377965,24.495507]]]}},{"type":"Feature","properties":{},"geometry":{"type":"Polygon","coordinates":[[[54.378842,24.495769],[54.378707,24.495926],[54.378713,24.495976],[54.378918,24.496122],[54.379053,24.495965],[54.379047,24.495915],[54.378842,24.495769]]]}},{"type":"Feature","properties":{},"geometry":{"type":"Polygon","coordinates":[[[54.378401,24.495821],[54.37819,24.49608],[54.378195,24.496127],[54.378411,24.496273],[54.378623,24.496014],[54.378617,24.495967],[54.378401,24.495821]]]}},{"type":"Feature","properties":{},"geometry":{"type":"Polygon","coordinates":[[[54.378627,24.496421],[54.378633,24.496468],[54.3789,24.49665],[54.379012,24.496511],[54.379007,24.496464],[54.378744,24.496279],[54.378627,24.496421]]]}},{"type":"Feature","properties":{},"geometry":{"type":"Polygon","coordinates":[[[54.378049,24.497065],[54.378051,24.497086],[54.378316,24.497281],[54.378422,24.497162],[54.37842,24.497141],[54.378156,24.496946],[54.378049,24.497065]]]}},{"type":"Feature","properties":{},"geometry":{"type":"Polygon","coordinates":[[[54.3786,24.497223],[54.378324,24.497533],[54.378327,24.497565],[54.378527,24.497712],[54.378803,24.497401],[54.3788,24.49737],[54.3786,24.497223]]]}},{"type":"Feature","properties":{},"geometry":{"type":"Polygon","coordinates":[[[54.377916,24.497454],[54.377918,24.497472],[54.37817,24.497657],[54.378276,24.497538],[54.378274,24.49752],[54.378023,24.497334],[54.377916,24.497454]]]}},{"type":"Feature","properties":{},"geometry":{"type":"Polygon","coordinates":[[[54.378077,24.497902],[54.37808,24.497932],[54.378198,24.498019],[54.378392,24.497801],[54.378389,24.49777],[54.378271,24.497684],[54.378077,24.497902]]]}},{"type":"Feature","properties":{},"geometry":{"type":"Polygon","coordinates":[[[54.377977,24.498244],[54.377979,24.498263],[54.378098,24.498345],[54.378265,24.49812],[54.378263,24.4981],[54.378171,24.498025],[54.377977,24.498244]]]}},{"type":"Feature","properties":{},"geometry":{"type":"Polygon","coordinates":[[[54.377939,24.498278],[54.377764,24.498474],[54.377767,24.498505],[54.377902,24.498603],[54.37806,24.498399],[54.378057,24.498368],[54.377939,24.498278]]]}},{"type":"Feature","properties":{},"geometry":{"type":"Polygon","coordinates":[[[54.378875,24.498547],[54.379058,24.498664],[54.379131,24.498562],[54.378948,24.498445],[54.378875,24.498547]]]}},{"type":"Feature","properties":{},"geometry":{"type":"Polygon","coordinates":[[[54.378678,24.498656],[54.378697,24.498708],[54.378767,24.498685],[54.378748,24.498633],[54.378678,24.498656]]]}},{"type":"Feature","properties":{},"geometry":{"type":"Polygon","coordinates":[[[54.378741,24.498751],[54.378628,24.498878],[54.378729,24.498955],[54.378841,24.498827],[54.378741,24.498751]]]}},{"type":"Feature","properties":{},"geometry":{"type":"Polygon","coordinates":[[[54.378526,24.4991],[54.378567,24.499059],[54.378596,24.499082],[54.378636,24.499042],[54.378544,24.498962],[54.378464,24.499049],[54.378526,24.4991]]]}},{"type":"Feature","properties":{},"geometry":{"type":"Polygon","coordinates":[[[54.377961,24.501167],[54.377761,24.501379],[54.377766,24.501421],[54.377979,24.501587],[54.378179,24.501375],[54.378174,24.501332],[54.377961,24.501167]]]}},{"type":"Feature","properties":{},"geometry":{"type":"Polygon","coordinates":[[[54.37789,24.501751],[54.377689,24.501955],[54.377692,24.501983],[54.377839,24.502102],[54.378039,24.501898],[54.378036,24.50187],[54.37789,24.501751]]]}},{"type":"Feature","properties":{},"geometry":{"type":"Polygon","coordinates":[[[54.378018,24.502117],[54.377828,24.502314],[54.377832,24.50235],[54.378,24.502485],[54.378191,24.502287],[54.378186,24.502251],[54.378018,24.502117]]]}},{"type":"Feature","properties":{},"geometry":{"type":"Polygon","coordinates":[[[54.377752,24.502561],[54.377756,24.502597],[54.377959,24.50274],[54.378063,24.502617],[54.378059,24.502581],[54.377856,24.502438],[54.377752,24.502561]]]}},{"type":"Feature","properties":{},"geometry":{"type":"Polygon","coordinates":[[[54.378755,24.50842],[54.378758,24.508529],[54.378867,24.508527],[54.378864,24.508417],[54.378755,24.50842]]]}},{"type":"Feature","properties":{},"geometry":{"type":"Polygon","coordinates":[[[54.378529,24.50857],[54.378531,24.508685],[54.378603,24.508684],[54.378601,24.508569],[54.378529,24.50857]]]}},{"type":"Feature","properties":{},"geometry":{"type":"Polygon","coordinates":[[[54.378591,24.509439],[54.377802,24.509708],[54.377805,24.509736],[54.378006,24.510049],[54.378721,24.509656],[54.378717,24.509628],[54.378591,24.509439]]]}},{"type":"Feature","properties":{},"geometry":{"type":"Polygon","coordinates":[[[54.378546,24.509927],[54.378808,24.510337],[54.379037,24.510211],[54.378775,24.509801],[54.378546,24.509927]]]}},{"type":"Feature","properties":{},"geometry":{"type":"Polygon","coordinates":[[[54.378369,24.510507],[54.378529,24.510418],[54.378527,24.510402],[54.378539,24.51042],[54.378756,24.510303],[54.378616,24.510072],[54.378399,24.510189],[54.37848,24.510328],[54.378275,24.510024],[54.378115,24.510113],[54.378369,24.510507]]]}},{"type":"Feature","properties":{},"geometry":{"type":"Polygon","coordinates":[[[54.380485,24.480057],[54.380579,24.479952],[54.380394,24.479808],[54.380299,24.479913],[54.380485,24.480057]]]}},{"type":"Feature","properties":{},"geometry":{"type":"Polygon","coordinates":[[[54.380066,24.480192],[54.380068,24.480211],[54.38023,24.480322],[54.380413,24.480102],[54.380411,24.480083],[54.380249,24.479972],[54.380066,24.480192]]]}},{"type":"Feature","properties":{},"geometry":{"type":"Polygon","coordinates":[[[54.380026,24.480057],[54.379796,24.48033],[54.379874,24.480386],[54.380104,24.480113],[54.380026,24.480057]]]}},{"type":"Feature","properties":{},"geometry":{"type":"Polygon","coordinates":[[[54.380512,24.480076],[54.380273,24.480358],[54.380352,24.480414],[54.38059,24.480132],[54.380512,24.480076]]]}},{"type":"Feature","properties":{},"geometry":{"type":"Polygon","coordinates":[[[54.380061,24.480214],[54.379912,24.480399],[54.380069,24.480508],[54.380219,24.480322],[54.380061,24.480214]]]}},{"type":"Feature","properties":{},"geometry":{"type":"Polygon","coordinates":[[[54.379669,24.480425],[54.379942,24.480631],[54.379999,24.480561],[54.379726,24.480356],[54.379669,24.480425]]]}},{"type":"Feature","properties":{},"geometry":{"type":"Polygon","coordinates":[[[54.380242,24.480395],[54.380002,24.48068],[54.380075,24.480732],[54.380315,24.480447],[54.380242,24.480395]]]}},{"type":"Feature","properties":{},"geometry":{"type":"Polygon","coordinates":[[[54.379687,24.480528],[54.379566,24.48067],[54.379536,24.480648],[54.379555,24.480604],[54.37945,24.480531],[54.379208,24.480817],[54.37921,24.480836],[54.379337,24.480926],[54.37944,24.480804],[54.379471,24.480826],[54.379446,24.480856],[54.379448,24.480875],[54.379569,24.48096],[54.379834,24.480648],[54.379832,24.480629],[54.379687,24.480528]]]}},{"type":"Feature","properties":{},"geometry":{"type":"Polygon","coordinates":[[[54.380663,24.480766],[54.380497,24.480968],[54.380658,24.48108],[54.380823,24.480878],[54.380663,24.480766]]]}},{"type":"Feature","properties":{},"geometry":{"type":"Polygon","coordinates":[[[54.380486,24.480968],[54.380458,24.481003],[54.380506,24.481041],[54.380534,24.481001],[54.380486,24.480968]]]}},{"type":"Feature","properties":{},"geometry":{"type":"Polygon","coordinates":[[[54.379724,24.480881],[54.379553,24.481068],[54.379556,24.481087],[54.37979,24.481263],[54.37996,24.481076],[54.379958,24.481057],[54.379724,24.480881]]]}},{"type":"Feature","properties":{},"geometry":{"type":"Polygon","coordinates":[[[54.380447,24.481001],[54.380282,24.481203],[54.380442,24.481315],[54.380608,24.481113],[54.380447,24.481001]]]}},{"type":"Feature","properties":{},"geometry":{"type":"Polygon","coordinates":[[[54.380637,24.481123],[54.380472,24.481325],[54.380632,24.481437],[54.380798,24.481235],[54.380637,24.481123]]]}},{"type":"Feature","properties":{},"geometry":{"type":"Polygon","coordinates":[[[54.380256,24.481232],[54.380091,24.481434],[54.380251,24.481546],[54.380417,24.481344],[54.380256,24.481232]]]}},{"type":"Feature","properties":{},"geometry":{"type":"Polygon","coordinates":[[[54.380435,24.481357],[54.380269,24.481559],[54.38043,24.481671],[54.380595,24.481469],[54.380435,24.481357]]]}},{"type":"Feature","properties":{},"geometry":{"type":"Polygon","coordinates":[[[54.380952,24.482069],[54.381128,24.481866],[54.381126,24.481847],[54.380883,24.481672],[54.380875,24.481682],[54.380873,24.481663],[54.38063,24.481489],[54.380454,24.481692],[54.380456,24.481711],[54.380699,24.481886],[54.380707,24.481876],[54.380709,24.481894],[54.380952,24.482069]]]}},{"type":"Feature","properties":{},"geometry":{"type":"Polygon","coordinates":[[[54.379725,24.481675],[54.379659,24.481753],[54.379763,24.481831],[54.379828,24.481747],[54.379725,24.481675]]]}},{"type":"Feature","properties":{},"geometry":{"type":"Polygon","coordinates":[[[54.380016,24.482363],[54.380066,24.482405],[54.380215,24.482236],[54.380165,24.482194],[54.380016,24.482363]]]}},{"type":"Feature","properties":{},"geometry":{"type":"Polygon","coordinates":[[[54.380295,24.482578],[54.380382,24.482644],[54.380464,24.482553],[54.380286,24.482414],[54.380106,24.482613],[54.380197,24.482687],[54.380295,24.482578]]]}},{"type":"Feature","properties":{},"geometry":{"type":"Polygon","coordinates":[[[54.379911,24.482575],[54.379693,24.482837],[54.379695,24.482856],[54.380021,24.483069],[54.38015,24.482915],[54.380059,24.482847],[54.380146,24.482743],[54.379911,24.482575]]]}},{"type":"Feature","properties":{},"geometry":{"type":"Polygon","coordinates":[[[54.380833,24.483727],[54.381098,24.483413],[54.381095,24.483384],[54.380878,24.483233],[54.380926,24.483176],[54.380962,24.483202],[54.380995,24.483163],[54.381036,24.483191],[54.381103,24.483112],[54.38113,24.483132],[54.381225,24.48302],[54.381221,24.482991],[54.381104,24.482909],[54.381087,24.48293],[54.380654,24.482628],[54.380568,24.482731],[54.380571,24.482759],[54.380599,24.482778],[54.38056,24.482824],[54.380563,24.482852],[54.380588,24.482869],[54.38048,24.482998],[54.380376,24.482926],[54.380398,24.4829],[54.380394,24.482872],[54.380332,24.482828],[54.380054,24.483157],[54.380057,24.483186],[54.380833,24.483727]],[[54.380331,24.482971],[54.380424,24.483034],[54.380287,24.4832],[54.380194,24.483137],[54.380331,24.482971]],[[54.380696,24.482889],[54.380961,24.483074],[54.380672,24.483418],[54.380407,24.483234],[54.380696,24.482889]],[[54.380871,24.48335],[54.380945,24.483401],[54.380803,24.483573],[54.380728,24.483522],[54.380871,24.48335]]]}},{"type":"Feature","properties":{},"geometry":{"type":"Polygon","coordinates":[[[54.380203,24.483714],[54.380588,24.483977],[54.380653,24.483893],[54.380273,24.483625],[54.380203,24.483714]]]}},{"type":"Feature","properties":{},"geometry":{"type":"Polygon","coordinates":[[[54.380373,24.484336],[54.380371,24.484317],[54.3799,24.483983],[54.379704,24.484211],[54.379707,24.48423],[54.380177,24.484564],[54.380373,24.484336]],[[54.379918,24.484107],[54.380254,24.484341],[54.380168,24.484443],[54.379832,24.484209],[54.379918,24.484107]]]}},{"type":"Feature","properties":{},"geometry":{"type":"Polygon","coordinates":[[[54.379455,24.484439],[54.379376,24.484541],[54.379487,24.484617],[54.379566,24.484514],[54.379455,24.484439]]]}},{"type":"Feature","properties":{},"geometry":{"type":"Polygon","coordinates":[[[54.380462,24.484732],[54.380783,24.484709],[54.380797,24.48466],[54.380683,24.484582],[54.380693,24.484546],[54.380577,24.484469],[54.380553,24.484492],[54.380451,24.484425],[54.380429,24.484457],[54.380462,24.484732]]]}},{"type":"Feature","properties":{},"geometry":{"type":"Polygon","coordinates":[[[54.380226,24.484824],[54.380339,24.484908],[54.380385,24.484852],[54.380272,24.484767],[54.380226,24.484824]]]}},{"type":"Feature","properties":{},"geometry":{"type":"Polygon","coordinates":[[[54.380417,24.48495],[54.380552,24.485048],[54.380618,24.484966],[54.380484,24.484868],[54.380417,24.48495]]]}},{"type":"Feature","properties":{},"geometry":{"type":"Polygon","coordinates":[[[54.380516,24.485087],[54.380209,24.48486],[54.380016,24.485069],[54.380018,24.485108],[54.380049,24.485135],[54.380104,24.485122],[54.380099,24.485143],[54.380175,24.485218],[54.38032,24.485325],[54.380516,24.485087]]]}},{"type":"Feature","properties":{},"geometry":{"type":"Polygon","coordinates":[[[54.37941,24.485193],[54.379308,24.485314],[54.379484,24.485445],[54.379585,24.485315],[54.37941,24.485193]]]}},{"type":"Feature","properties":{},"geometry":{"type":"Polygon","coordinates":[[[54.379655,24.48535],[54.37955,24.485474],[54.379731,24.485611],[54.379835,24.485477],[54.379655,24.48535]]]}},{"type":"Feature","properties":{},"geometry":{"type":"Polygon","coordinates":[[[54.379864,24.485497],[54.379747,24.485631],[54.379937,24.485778],[54.380053,24.485633],[54.379864,24.485497]]]}},{"type":"Feature","properties":{},"geometry":{"type":"Polygon","coordinates":[[[54.380077,24.485651],[54.37996,24.485781],[54.380138,24.48592],[54.380255,24.485783],[54.380077,24.485651]]]}},{"type":"Feature","properties":{},"geometry":{"type":"Polygon","coordinates":[[[54.380181,24.485926],[54.380359,24.486056],[54.380454,24.485938],[54.380275,24.485807],[54.380181,24.485926]]]}},{"type":"Feature","properties":{},"geometry":{"type":"Polygon","coordinates":[[[54.380385,24.486072],[54.380566,24.486202],[54.380677,24.486066],[54.380496,24.485937],[54.380385,24.486072]]]}},{"type":"Feature","properties":{},"geometry":{"type":"Polygon","coordinates":[[[54.379534,24.486657],[54.379577,24.486685],[54.379615,24.486625],[54.379571,24.486597],[54.379534,24.486657]]]}},{"type":"Feature","properties":{},"geometry":{"type":"Polygon","coordinates":[[[54.379517,24.486902],[54.379681,24.487033],[54.37977,24.486934],[54.379606,24.486803],[54.379517,24.486902]]]}},{"type":"Feature","properties":{},"geometry":{"type":"Polygon","coordinates":[[[54.379963,24.486924],[54.379977,24.486902],[54.380017,24.486923],[54.379999,24.486957],[54.380055,24.486987],[54.380083,24.486943],[54.379948,24.486866],[54.379927,24.486905],[54.379963,24.486924]]]}},{"type":"Feature","properties":{},"geometry":{"type":"Polygon","coordinates":[[[54.37988,24.486952],[54.379986,24.48703],[54.380019,24.486986],[54.379913,24.486908],[54.37988,24.486952]]]}},{"type":"Feature","properties":{},"geometry":{"type":"Polygon","coordinates":[[[54.379815,24.487029],[54.379919,24.487108],[54.379954,24.487063],[54.37985,24.486984],[54.379815,24.487029]]]}},{"type":"Feature","properties":{},"geometry":{"type":"Polygon","coordinates":[[[54.379769,24.487085],[54.379886,24.487158],[54.379917,24.487111],[54.3798,24.487038],[54.379769,24.487085]]]}},{"type":"Feature","properties":{},"geometry":{"type":"Polygon","coordinates":[[[54.379516,24.487168],[54.37949,24.487211],[54.379523,24.487231],[54.37955,24.487187],[54.379516,24.487168]]]}},{"type":"Feature","properties":{},"geometry":{"type":"Polygon","coordinates":[[[54.380501,24.488213],[54.380344,24.488411],[54.380346,24.488429],[54.380499,24.48853],[54.380656,24.488332],[54.380654,24.488314],[54.380501,24.488213]]]}},{"type":"Feature","properties":{},"geometry":{"type":"Polygon","coordinates":[[[54.380321,24.488419],[54.380166,24.488606],[54.380168,24.488624],[54.38033,24.488736],[54.380486,24.488549],[54.380484,24.488531],[54.380321,24.488419]]]}},{"type":"Feature","properties":{},"geometry":{"type":"Polygon","coordinates":[[[54.380176,24.48887],[54.380127,24.488937],[54.380191,24.488981],[54.380241,24.488914],[54.380176,24.48887]]]}},{"type":"Feature","properties":{},"geometry":{"type":"Polygon","coordinates":[[[54.380163,24.489036],[54.380165,24.489053],[54.380372,24.489197],[54.380482,24.489066],[54.380481,24.489049],[54.380273,24.488905],[54.380163,24.489036]]]}},{"type":"Feature","properties":{},"geometry":{"type":"Polygon","coordinates":[[[54.37985,24.488987],[54.379687,24.489167],[54.379689,24.489185],[54.379839,24.489297],[54.380002,24.489117],[54.38,24.489099],[54.37985,24.488987]]]}},{"type":"Feature","properties":{},"geometry":{"type":"Polygon","coordinates":[[[54.379908,24.48941],[54.380116,24.489557],[54.380216,24.489427],[54.380008,24.48928],[54.379908,24.48941]]]}},{"type":"Feature","properties":{},"geometry":{"type":"Polygon","coordinates":[[[54.380144,24.489555],[54.380323,24.489686],[54.380416,24.489568],[54.380237,24.489437],[54.380144,24.489555]]]}},{"type":"Feature","properties":{},"geometry":{"type":"Polygon","coordinates":[[[54.380337,24.489682],[54.380339,24.489699],[54.380541,24.489848],[54.380661,24.489713],[54.380659,24.489696],[54.380458,24.489547],[54.380337,24.489682]]]}},{"type":"Feature","properties":{},"geometry":{"type":"Polygon","coordinates":[[[54.379385,24.489702],[54.37918,24.489944],[54.379183,24.489971],[54.379447,24.490157],[54.379652,24.489915],[54.379649,24.489887],[54.379385,24.489702]]]}},{"type":"Feature","properties":{},"geometry":{"type":"Polygon","coordinates":[[[54.379681,24.490228],[54.379683,24.490243],[54.379799,24.490325],[54.379965,24.490129],[54.379963,24.490114],[54.379847,24.490032],[54.379681,24.490228]]]}},{"type":"Feature","properties":{},"geometry":{"type":"Polygon","coordinates":[[[54.380084,24.490494],[54.380085,24.490507],[54.380201,24.490589],[54.380367,24.490393],[54.380366,24.490379],[54.38025,24.490298],[54.380084,24.490494]]]}},{"type":"Feature","properties":{},"geometry":{"type":"Polygon","coordinates":[[[54.379551,24.49049],[54.379748,24.490628],[54.37985,24.490493],[54.379653,24.490355],[54.379551,24.49049]]]}},{"type":"Feature","properties":{},"geometry":{"type":"Polygon","coordinates":[[[54.379787,24.490665],[54.379789,24.490685],[54.380073,24.490881],[54.380186,24.490746],[54.380184,24.490727],[54.3799,24.49053],[54.379787,24.490665]]]}},{"type":"Feature","properties":{},"geometry":{"type":"Polygon","coordinates":[[[54.379368,24.490611],[54.379197,24.490806],[54.379199,24.490823],[54.379347,24.490931],[54.379519,24.490735],[54.379517,24.490718],[54.379368,24.490611]]]}},{"type":"Feature","properties":{},"geometry":{"type":"Polygon","coordinates":[[[54.379529,24.490948],[54.379475,24.491018],[54.379531,24.491057],[54.379584,24.490987],[54.379529,24.490948]]]}},{"type":"Feature","properties":{},"geometry":{"type":"Polygon","coordinates":[[[54.37973,24.490928],[54.37958,24.491099],[54.379581,24.491113],[54.379699,24.491198],[54.379849,24.491027],[54.379847,24.491013],[54.37973,24.490928]]]}},{"type":"Feature","properties":{},"geometry":{"type":"Polygon","coordinates":[[[54.379567,24.491119],[54.379418,24.491302],[54.379536,24.491388],[54.379684,24.491204],[54.379567,24.491119]]]}},{"type":"Feature","properties":{},"geometry":{"type":"Polygon","coordinates":[[[54.380041,24.491181],[54.379871,24.491376],[54.379872,24.491392],[54.38001,24.491492],[54.380181,24.491298],[54.380179,24.491281],[54.380041,24.491181]]]}},{"type":"Feature","properties":{},"geometry":{"type":"Polygon","coordinates":[[[54.379397,24.491317],[54.379251,24.491502],[54.379372,24.491588],[54.379518,24.491403],[54.379397,24.491317]]]}},{"type":"Feature","properties":{},"geometry":{"type":"Polygon","coordinates":[[[54.379818,24.491429],[54.379651,24.491618],[54.379653,24.491635],[54.37979,24.491734],[54.379956,24.491544],[54.379954,24.491528],[54.379818,24.491429]]]}},{"type":"Feature","properties":{},"geometry":{"type":"Polygon","coordinates":[[[54.380532,24.491557],[54.380396,24.491446],[54.380135,24.49142],[54.380043,24.491872],[54.380458,24.491942],[54.380475,24.491853],[54.380518,24.491864],[54.380554,24.491661],[54.380551,24.491633],[54.380525,24.491631],[54.380532,24.491557]]]}},{"type":"Feature","properties":{},"geometry":{"type":"Polygon","coordinates":[[[54.37991,24.491666],[54.379834,24.491759],[54.379901,24.491808],[54.379977,24.491715],[54.37991,24.491666]]]}},{"type":"Feature","properties":{},"geometry":{"type":"Polygon","coordinates":[[[54.380136,24.491994],[54.380305,24.492117],[54.380401,24.492008],[54.380286,24.491919],[54.380212,24.492003],[54.380158,24.491963],[54.380136,24.491994]]]}},{"type":"Feature","properties":{},"geometry":{"type":"Polygon","coordinates":[[[54.379521,24.492085],[54.380029,24.492455],[54.380124,24.49234],[54.379615,24.49197],[54.379521,24.492085]]]}},{"type":"Feature","properties":{},"geometry":{"type":"Polygon","coordinates":[[[54.380637,24.492707],[54.38105,24.492213],[54.381047,24.492188],[54.381183,24.492023],[54.380737,24.491713],[54.380188,24.492369],[54.38019,24.492388],[54.380637,24.492707]]]}},{"type":"Feature","properties":{},"geometry":{"type":"Polygon","coordinates":[[[54.379295,24.492318],[54.379483,24.492448],[54.379573,24.492326],[54.379385,24.492196],[54.379295,24.492318]]]}},{"type":"Feature","properties":{},"geometry":{"type":"Polygon","coordinates":[[[54.379714,24.492602],[54.379802,24.492497],[54.379602,24.492348],[54.379515,24.492452],[54.379714,24.492602]]]}},{"type":"Feature","properties":{},"geometry":{"type":"Polygon","coordinates":[[[54.379741,24.492621],[54.379936,24.492755],[54.38002,24.492654],[54.380019,24.492639],[54.379824,24.492505],[54.379739,24.492606],[54.379741,24.492621]]]}},{"type":"Feature","properties":{},"geometry":{"type":"Polygon","coordinates":[[[54.379955,24.492772],[54.380145,24.492903],[54.380229,24.492787],[54.380039,24.492656],[54.379955,24.492772]]]}},{"type":"Feature","properties":{},"geometry":{"type":"Polygon","coordinates":[[[54.380163,24.492933],[54.380362,24.49307],[54.380451,24.492949],[54.380251,24.492811],[54.380163,24.492933]]]}},{"type":"Feature","properties":{},"geometry":{"type":"Polygon","coordinates":[[[54.3798,24.494163],[54.379626,24.494363],[54.379628,24.494381],[54.379835,24.49453],[54.380008,24.494331],[54.380006,24.494312],[54.3798,24.494163]]]}},{"type":"Feature","properties":{},"geometry":{"type":"Polygon","coordinates":[[[54.380487,24.494377],[54.380234,24.494196],[54.380117,24.49433],[54.380122,24.494368],[54.380375,24.494549],[54.380492,24.494415],[54.380487,24.494377]]]}},{"type":"Feature","properties":{},"geometry":{"type":"Polygon","coordinates":[[[54.379653,24.494751],[54.379657,24.494794],[54.379869,24.494946],[54.379977,24.494821],[54.380017,24.49485],[54.380077,24.494773],[54.37981,24.49457],[54.379653,24.494751]]]}},{"type":"Feature","properties":{},"geometry":{"type":"Polygon","coordinates":[[[54.379368,24.494802],[54.379206,24.494991],[54.379209,24.495013],[54.37935,24.495114],[54.379512,24.494926],[54.37951,24.494903],[54.379368,24.494802]]]}},{"type":"Feature","properties":{},"geometry":{"type":"Polygon","coordinates":[[[54.379905,24.494978],[54.37991,24.495018],[54.380175,24.495203],[54.380301,24.495053],[54.380296,24.495013],[54.380043,24.494834],[54.379905,24.494978]]]}},{"type":"Feature","properties":{},"geometry":{"type":"Polygon","coordinates":[[[54.380344,24.495148],[54.380303,24.495204],[54.380349,24.495235],[54.380389,24.495178],[54.380344,24.495148]]]}},{"type":"Feature","properties":{},"geometry":{"type":"Polygon","coordinates":[[[54.379785,24.495095],[54.379623,24.495283],[54.379628,24.495321],[54.379769,24.495422],[54.379931,24.495234],[54.379927,24.495196],[54.379785,24.495095]]]}},{"type":"Feature","properties":{},"geometry":{"type":"Polygon","coordinates":[[[54.379708,24.495488],[54.379703,24.495443],[54.379556,24.495346],[54.379395,24.495548],[54.3794,24.495593],[54.379547,24.49569],[54.379708,24.495488]]]}},{"type":"Feature","properties":{},"geometry":{"type":"Polygon","coordinates":[[[54.379369,24.495584],[54.379234,24.495743],[54.379239,24.495786],[54.379379,24.495885],[54.379512,24.495718],[54.379508,24.495675],[54.379369,24.495584]]]}},{"type":"Feature","properties":{},"geometry":{"type":"Polygon","coordinates":[[[54.379962,24.496186],[54.380145,24.495963],[54.380143,24.495939],[54.380155,24.495947],[54.380353,24.495709],[54.380348,24.495671],[54.380222,24.495584],[54.380024,24.495823],[54.380026,24.49584],[54.379998,24.495821],[54.379814,24.496045],[54.379819,24.49609],[54.379962,24.496186]]]}},{"type":"Feature","properties":{},"geometry":{"type":"Polygon","coordinates":[[[54.378986,24.496149],[54.378988,24.496168],[54.379254,24.496349],[54.379418,24.49615],[54.379416,24.496131],[54.37915,24.49595],[54.378986,24.496149]]]}},{"type":"Feature","properties":{},"geometry":{"type":"Polygon","coordinates":[[[54.379598,24.496299],[54.379601,24.496328],[54.379743,24.496425],[54.379927,24.496201],[54.379924,24.496173],[54.379782,24.496076],[54.379598,24.496299]]]}},{"type":"Feature","properties":{},"geometry":{"type":"Polygon","coordinates":[[[54.380067,24.496332],[54.380016,24.4964],[54.380029,24.496409],[54.38008,24.496342],[54.380067,24.496332]]]}},{"type":"Feature","properties":{},"geometry":{"type":"Polygon","coordinates":[[[54.379501,24.496321],[54.37944,24.496379],[54.379479,24.496417],[54.37954,24.49636],[54.379501,24.496321]]]}},{"type":"Feature","properties":{},"geometry":{"type":"Polygon","coordinates":[[[54.379501,24.496507],[54.37929,24.49636],[54.379114,24.496569],[54.379119,24.496617],[54.379331,24.496764],[54.379506,24.496555],[54.379501,24.496507]]]}},{"type":"Feature","properties":{},"geometry":{"type":"Polygon","coordinates":[[[54.379682,24.496408],[54.379487,24.496631],[54.379492,24.496674],[54.379637,24.496779],[54.379832,24.496556],[54.379827,24.496513],[54.379682,24.496408]]]}},{"type":"Feature","properties":{},"geometry":{"type":"Polygon","coordinates":[[[54.379415,24.498117],[54.379253,24.498302],[54.379256,24.498321],[54.379491,24.498491],[54.379652,24.498307],[54.37965,24.498288],[54.379415,24.498117]]]}},{"type":"Feature","properties":{},"geometry":{"type":"Polygon","coordinates":[[[54.379081,24.498736],[54.379296,24.498879],[54.379405,24.498736],[54.37919,24.498593],[54.379081,24.498736]]]}},{"type":"Feature","properties":{},"geometry":{"type":"Polygon","coordinates":[[[54.380286,24.499387],[54.380316,24.499347],[54.380394,24.499396],[54.380497,24.499261],[54.380495,24.499243],[54.380264,24.499096],[54.380269,24.499068],[54.38019,24.499018],[54.380059,24.49919],[54.380013,24.49916],[54.379954,24.499237],[54.379956,24.499256],[54.379976,24.499269],[54.380002,24.499235],[54.380013,24.499241],[54.379985,24.499278],[54.379987,24.499297],[54.380325,24.499512],[54.380368,24.499456],[54.380365,24.499437],[54.380286,24.499387]]]}},{"type":"Feature","properties":{},"geometry":{"type":"Polygon","coordinates":[[[54.379523,24.507595],[54.379764,24.507592],[54.379757,24.507281],[54.379536,24.507284],[54.379537,24.507395],[54.379519,24.507396],[54.379523,24.507595]]]}},{"type":"Feature","properties":{},"geometry":{"type":"Polygon","coordinates":[[[54.37934,24.507458],[54.379341,24.507553],[54.379402,24.507553],[54.379401,24.507332],[54.379298,24.507332],[54.379299,24.507452],[54.37934,24.507458]]]}},{"type":"Feature","properties":{},"geometry":{"type":"Polygon","coordinates":[[[54.379666,24.509281],[54.379944,24.50971],[54.38018,24.509582],[54.379918,24.509156],[54.379666,24.509281]]]}},{"type":"Feature","properties":{},"geometry":{"type":"Polygon","coordinates":[[[54.379535,24.509383],[54.378895,24.509724],[54.378898,24.509753],[54.379005,24.509918],[54.379645,24.509577],[54.379641,24.509548],[54.379535,24.509383]]]}},{"type":"Feature","properties":{},"geometry":{"type":"Polygon","coordinates":[[[54.379725,24.509683],[54.379077,24.510028],[54.37908,24.510047],[54.379147,24.510151],[54.379794,24.509807],[54.379725,24.509683]]]}},{"type":"Feature","properties":{},"geometry":{"type":"Polygon","coordinates":[[[54.380028,24.511878],[54.379543,24.512357],[54.379653,24.512442],[54.380141,24.511968],[54.380028,24.511878]]]}},{"type":"Feature","properties":{},"geometry":{"type":"Polygon","coordinates":[[[54.381497,24.47971],[54.381326,24.479899],[54.381328,24.479918],[54.381507,24.480053],[54.381679,24.479863],[54.381677,24.479845],[54.381497,24.47971]]]}},{"type":"Feature","properties":{},"geometry":{"type":"Polygon","coordinates":[[[54.381696,24.479856],[54.381524,24.480046],[54.381526,24.480065],[54.381705,24.4802],[54.381877,24.48001],[54.381875,24.479991],[54.381696,24.479856]]]}},{"type":"Feature","properties":{},"geometry":{"type":"Polygon","coordinates":[[[54.381113,24.48015],[54.381115,24.480169],[54.381295,24.480304],[54.381319,24.480277],[54.381321,24.480294],[54.3815,24.480429],[54.381672,24.48024],[54.38167,24.480221],[54.38149,24.480086],[54.381466,24.480113],[54.381464,24.480095],[54.381285,24.479961],[54.381113,24.48015]]]}},{"type":"Feature","properties":{},"geometry":{"type":"Polygon","coordinates":[[[54.381517,24.480452],[54.381519,24.480471],[54.381916,24.480735],[54.382071,24.480535],[54.382069,24.480516],[54.3817,24.480241],[54.381517,24.480452]]]}},{"type":"Feature","properties":{},"geometry":{"type":"Polygon","coordinates":[[[54.380843,24.4805],[54.380678,24.480702],[54.380838,24.480815],[54.381003,24.480613],[54.380843,24.4805]]]}},{"type":"Feature","properties":{},"geometry":{"type":"Polygon","coordinates":[[[54.381063,24.480649],[54.380898,24.48085],[54.381058,24.480963],[54.381223,24.480761],[54.381063,24.480649]]]}},{"type":"Feature","properties":{},"geometry":{"type":"Polygon","coordinates":[[[54.381265,24.480779],[54.381079,24.481],[54.381081,24.481019],[54.381317,24.481181],[54.381505,24.480966],[54.381503,24.480947],[54.381265,24.480779]]]}},{"type":"Feature","properties":{},"geometry":{"type":"Polygon","coordinates":[[[54.380862,24.480913],[54.380697,24.481115],[54.380857,24.481227],[54.381022,24.481025],[54.380862,24.480913]]]}},{"type":"Feature","properties":{},"geometry":{"type":"Polygon","coordinates":[[[54.381527,24.480951],[54.381341,24.481172],[54.381343,24.481191],[54.381578,24.481353],[54.381766,24.481139],[54.381764,24.48112],[54.381527,24.480951]]]}},{"type":"Feature","properties":{},"geometry":{"type":"Polygon","coordinates":[[[54.381127,24.481259],[54.381091,24.481335],[54.381183,24.481374],[54.381218,24.481298],[54.381127,24.481259]]]}},{"type":"Feature","properties":{},"geometry":{"type":"Polygon","coordinates":[[[54.381774,24.481136],[54.381588,24.481357],[54.38159,24.481376],[54.381826,24.481538],[54.382014,24.481323],[54.382012,24.481305],[54.381774,24.481136]]]}},{"type":"Feature","properties":{},"geometry":{"type":"Polygon","coordinates":[[[54.382027,24.481316],[54.381842,24.481538],[54.381844,24.481557],[54.382079,24.481719],[54.382267,24.481504],[54.382265,24.481485],[54.382027,24.481316]]]}},{"type":"Feature","properties":{},"geometry":{"type":"Polygon","coordinates":[[[54.381568,24.481837],[54.381571,24.481856],[54.381811,24.482034],[54.381935,24.481895],[54.381933,24.481876],[54.381693,24.481698],[54.381568,24.481837]]]}},{"type":"Feature","properties":{},"geometry":{"type":"Polygon","coordinates":[[[54.381173,24.481836],[54.381175,24.481855],[54.381416,24.482032],[54.38154,24.481893],[54.381538,24.481875],[54.381297,24.481697],[54.381173,24.481836]]]}},{"type":"Feature","properties":{},"geometry":{"type":"Polygon","coordinates":[[[54.381432,24.482019],[54.381434,24.482038],[54.381675,24.482215],[54.381799,24.482076],[54.381797,24.482058],[54.381556,24.48188],[54.381432,24.482019]]]}},{"type":"Feature","properties":{},"geometry":{"type":"Polygon","coordinates":[[[54.381142,24.481858],[54.380966,24.482061],[54.380968,24.48208],[54.38121,24.482254],[54.381219,24.482244],[54.381221,24.482263],[54.381464,24.482437],[54.38164,24.482234],[54.381638,24.482215],[54.381395,24.482041],[54.381387,24.482051],[54.381384,24.482032],[54.381142,24.481858]]]}},{"type":"Feature","properties":{},"geometry":{"type":"Polygon","coordinates":[[[54.381701,24.482584],[54.381703,24.482603],[54.381939,24.482769],[54.382125,24.482551],[54.382123,24.482532],[54.381887,24.482366],[54.381701,24.482584]]]}},{"type":"Feature","properties":{},"geometry":{"type":"Polygon","coordinates":[[[54.38141,24.483135],[54.381391,24.483165],[54.381574,24.483288],[54.381621,24.48324],[54.381543,24.48334],[54.381665,24.483425],[54.381745,24.483329],[54.381698,24.483291],[54.381725,24.48325],[54.381363,24.483006],[54.381315,24.483072],[54.38141,24.483135]]]}},{"type":"Feature","properties":{},"geometry":{"type":"Polygon","coordinates":[[[54.381653,24.483452],[54.381611,24.483506],[54.381682,24.483558],[54.381724,24.483499],[54.381653,24.483452]]]}},{"type":"Feature","properties":{},"geometry":{"type":"Polygon","coordinates":[[[54.381751,24.483467],[54.38203,24.48363],[54.382079,24.483554],[54.3818,24.483391],[54.381751,24.483467]]]}},{"type":"Feature","properties":{},"geometry":{"type":"Polygon","coordinates":[[[54.381381,24.483434],[54.381298,24.483524],[54.381375,24.483587],[54.381457,24.483497],[54.381381,24.483434]]]}},{"type":"Feature","properties":{},"geometry":{"type":"Polygon","coordinates":[[[54.381468,24.484125],[54.38143,24.484174],[54.38143,24.484213],[54.381532,24.484278],[54.381554,24.484206],[54.381939,24.484453],[54.381952,24.484437],[54.381954,24.484453],[54.382009,24.48449],[54.381958,24.484553],[54.38196,24.484572],[54.382072,24.484646],[54.382293,24.484372],[54.382291,24.484353],[54.382169,24.484271],[54.382136,24.484313],[54.382109,24.484295],[54.382027,24.484397],[54.381998,24.484377],[54.382284,24.484009],[54.382281,24.48398],[54.382157,24.483901],[54.381869,24.484271],[54.381874,24.484218],[54.381815,24.484203],[54.382027,24.483929],[54.38205,24.483814],[54.381717,24.4836],[54.381693,24.48368],[54.381696,24.483708],[54.381717,24.483721],[54.381694,24.483761],[54.381644,24.483729],[54.381675,24.48369],[54.381453,24.483511],[54.381347,24.483626],[54.38157,24.483806],[54.381636,24.483737],[54.381476,24.483958],[54.381432,24.484044],[54.381435,24.484072],[54.381556,24.48415],[54.381541,24.484169],[54.381468,24.484125]]]}},{"type":"Feature","properties":{},"geometry":{"type":"Polygon","coordinates":[[[54.380738,24.483973],[54.380684,24.484049],[54.38073,24.484082],[54.380788,24.484007],[54.380738,24.483973]]]}},{"type":"Feature","properties":{},"geometry":{"type":"Polygon","coordinates":[[[54.381885,24.484723],[54.381965,24.484783],[54.382015,24.484722],[54.381936,24.484661],[54.381885,24.484723]]]}},{"type":"Feature","properties":{},"geometry":{"type":"Polygon","coordinates":[[[54.380846,24.485155],[54.380891,24.485186],[54.380886,24.485214],[54.380971,24.485273],[54.381301,24.484877],[54.381299,24.484858],[54.381158,24.48476],[54.380844,24.485136],[54.380846,24.485155]]]}},{"type":"Feature","properties":{},"geometry":{"type":"Polygon","coordinates":[[[54.381053,24.485252],[54.381125,24.48535],[54.381195,24.485306],[54.381123,24.485207],[54.381053,24.485252]]]}},{"type":"Feature","properties":{},"geometry":{"type":"Polygon","coordinates":[[[54.381937,24.485212],[54.381783,24.485394],[54.381927,24.485499],[54.382081,24.485317],[54.381937,24.485212]]]}},{"type":"Feature","properties":{},"geometry":{"type":"Polygon","coordinates":[[[54.381776,24.485422],[54.381628,24.485594],[54.381762,24.485693],[54.38191,24.485521],[54.381776,24.485422]]]}},{"type":"Feature","properties":{},"geometry":{"type":"Polygon","coordinates":[[[54.38079,24.485537],[54.380763,24.485702],[54.380945,24.485729],[54.380973,24.485564],[54.38079,24.485537]]]}},{"type":"Feature","properties":{},"geometry":{"type":"Polygon","coordinates":[[[54.381613,24.485615],[54.381465,24.485793],[54.381604,24.485892],[54.381751,24.485714],[54.381613,24.485615]]]}},{"type":"Feature","properties":{},"geometry":{"type":"Polygon","coordinates":[[[54.38104,24.485793],[54.380991,24.485854],[54.381047,24.485896],[54.381096,24.485835],[54.38104,24.485793]]]}},{"type":"Feature","properties":{},"geometry":{"type":"Polygon","coordinates":[[[54.381295,24.485975],[54.381435,24.486081],[54.381587,24.485907],[54.381446,24.4858],[54.381295,24.485975]]]}},{"type":"Feature","properties":{},"geometry":{"type":"Polygon","coordinates":[[[54.381128,24.486171],[54.381269,24.486279],[54.381425,24.486101],[54.381285,24.485993],[54.381128,24.486171]]]}},{"type":"Feature","properties":{},"geometry":{"type":"Polygon","coordinates":[[[54.380574,24.486203],[54.380761,24.486342],[54.380877,24.486206],[54.380689,24.486067],[54.380574,24.486203]]]}},{"type":"Feature","properties":{},"geometry":{"type":"Polygon","coordinates":[[[54.381372,24.487637],[54.38156,24.487767],[54.381656,24.48764],[54.381469,24.48751],[54.381372,24.487637]]]}},{"type":"Feature","properties":{},"geometry":{"type":"Polygon","coordinates":[[[54.381016,24.487586],[54.380855,24.487778],[54.380857,24.487795],[54.381024,24.487911],[54.381185,24.487718],[54.381183,24.487701],[54.381016,24.487586]]]}},{"type":"Feature","properties":{},"geometry":{"type":"Polygon","coordinates":[[[54.381103,24.488025],[54.381301,24.48816],[54.381389,24.48804],[54.381192,24.487905],[54.381103,24.488025]]]}},{"type":"Feature","properties":{},"geometry":{"type":"Polygon","coordinates":[[[54.380677,24.488008],[54.380516,24.488219],[54.380658,24.488315],[54.38082,24.488104],[54.380677,24.488008]]]}},{"type":"Feature","properties":{},"geometry":{"type":"Polygon","coordinates":[[[54.381319,24.488164],[54.381321,24.488179],[54.381516,24.488314],[54.381606,24.488206],[54.381605,24.488191],[54.38141,24.488056],[54.381319,24.488164]]]}},{"type":"Feature","properties":{},"geometry":{"type":"Polygon","coordinates":[[[54.381531,24.488313],[54.381532,24.488327],[54.381714,24.488461],[54.381806,24.488358],[54.381804,24.488345],[54.381622,24.48821],[54.381531,24.488313]]]}},{"type":"Feature","properties":{},"geometry":{"type":"Polygon","coordinates":[[[54.381408,24.488849],[54.381526,24.488712],[54.381524,24.488693],[54.381317,24.488546],[54.381293,24.488574],[54.381109,24.488434],[54.381113,24.488411],[54.380898,24.488256],[54.380789,24.48838],[54.380791,24.488397],[54.381408,24.488849]]]}},{"type":"Feature","properties":{},"geometry":{"type":"Polygon","coordinates":[[[54.3805,24.488681],[54.380502,24.488699],[54.380714,24.488855],[54.380833,24.48872],[54.380831,24.488701],[54.380619,24.488546],[54.3805,24.488681]]]}},{"type":"Feature","properties":{},"geometry":{"type":"Polygon","coordinates":[[[54.380734,24.488856],[54.380926,24.488989],[54.381024,24.488858],[54.380832,24.488724],[54.380734,24.488856]]]}},{"type":"Feature","properties":{},"geometry":{"type":"Polygon","coordinates":[[[54.381684,24.488725],[54.381523,24.488905],[54.381525,24.488922],[54.381662,24.489023],[54.381823,24.488843],[54.381821,24.488827],[54.381684,24.488725]]]}},{"type":"Feature","properties":{},"geometry":{"type":"Polygon","coordinates":[[[54.380954,24.488995],[54.381146,24.489141],[54.381248,24.489016],[54.381055,24.48887],[54.380954,24.488995]]]}},{"type":"Feature","properties":{},"geometry":{"type":"Polygon","coordinates":[[[54.381528,24.488947],[54.381382,24.489114],[54.381384,24.489127],[54.381502,24.489213],[54.381647,24.489046],[54.381646,24.489032],[54.381528,24.488947]]]}},{"type":"Feature","properties":{},"geometry":{"type":"Polygon","coordinates":[[[54.38047,24.489254],[54.380631,24.48937],[54.380727,24.489247],[54.380566,24.489131],[54.38047,24.489254]]]}},{"type":"Feature","properties":{},"geometry":{"type":"Polygon","coordinates":[[[54.381204,24.489316],[54.381205,24.48933],[54.381325,24.489418],[54.381492,24.489229],[54.38149,24.489216],[54.381371,24.489128],[54.381204,24.489316]]]}},{"type":"Feature","properties":{},"geometry":{"type":"Polygon","coordinates":[[[54.381698,24.489673],[54.381604,24.489607],[54.381463,24.489774],[54.381465,24.489788],[54.381586,24.489872],[54.381724,24.489692],[54.381736,24.4897],[54.382062,24.489307],[54.381938,24.48922],[54.381609,24.48961],[54.381698,24.489673]]]}},{"type":"Feature","properties":{},"geometry":{"type":"Polygon","coordinates":[[[54.380653,24.489386],[54.380847,24.489525],[54.380944,24.489402],[54.38075,24.489262],[54.380653,24.489386]]]}},{"type":"Feature","properties":{},"geometry":{"type":"Polygon","coordinates":[[[54.381441,24.489781],[54.38127,24.489979],[54.381396,24.490072],[54.381567,24.489875],[54.381441,24.489781]]]}},{"type":"Feature","properties":{},"geometry":{"type":"Polygon","coordinates":[[[54.381254,24.489999],[54.381115,24.490168],[54.381227,24.490247],[54.381366,24.490078],[54.381254,24.489999]]]}},{"type":"Feature","properties":{},"geometry":{"type":"Polygon","coordinates":[[[54.381273,24.490367],[54.38147,24.490505],[54.381562,24.490385],[54.381365,24.490246],[54.381273,24.490367]]]}},{"type":"Feature","properties":{},"geometry":{"type":"Polygon","coordinates":[[[54.381501,24.490524],[54.381698,24.490662],[54.38179,24.490542],[54.381593,24.490403],[54.381501,24.490524]]]}},{"type":"Feature","properties":{},"geometry":{"type":"Polygon","coordinates":[[[54.38172,24.490708],[54.381917,24.490847],[54.382009,24.490723],[54.381812,24.490585],[54.38172,24.490708]]]}},{"type":"Feature","properties":{},"geometry":{"type":"Polygon","coordinates":[[[54.380733,24.490631],[54.380551,24.490844],[54.380552,24.490857],[54.380687,24.490953],[54.380869,24.49074],[54.380867,24.490726],[54.380733,24.490631]]]}},{"type":"Feature","properties":{},"geometry":{"type":"Polygon","coordinates":[[[54.380352,24.491078],[54.380552,24.491218],[54.38065,24.491086],[54.38045,24.490946],[54.380352,24.491078]]]}},{"type":"Feature","properties":{},"geometry":{"type":"Polygon","coordinates":[[[54.381646,24.49132],[54.381464,24.491516],[54.381465,24.49153],[54.381588,24.491623],[54.381778,24.491421],[54.381777,24.491408],[54.381646,24.49132]]]}},{"type":"Feature","properties":{},"geometry":{"type":"Polygon","coordinates":[[[54.380589,24.491245],[54.380592,24.491265],[54.381422,24.491853],[54.381532,24.491725],[54.38153,24.491705],[54.3807,24.491116],[54.380589,24.491245]]]}},{"type":"Feature","properties":{},"geometry":{"type":"Polygon","coordinates":[[[54.381442,24.492401],[54.381444,24.492416],[54.381565,24.492499],[54.381717,24.492315],[54.381716,24.4923],[54.381594,24.492217],[54.381442,24.492401]]]}},{"type":"Feature","properties":{},"geometry":{"type":"Polygon","coordinates":[[[54.381601,24.492528],[54.381603,24.492545],[54.3818,24.492678],[54.381917,24.492535],[54.381915,24.492518],[54.381718,24.492385],[54.381601,24.492528]]]}},{"type":"Feature","properties":{},"geometry":{"type":"Polygon","coordinates":[[[54.381427,24.492414],[54.381286,24.492579],[54.381407,24.492667],[54.381547,24.492502],[54.381427,24.492414]]]}},{"type":"Feature","properties":{},"geometry":{"type":"Polygon","coordinates":[[[54.381272,24.49259],[54.381131,24.49275],[54.381132,24.492764],[54.381252,24.492852],[54.381394,24.492692],[54.381392,24.492678],[54.381272,24.49259]]]}},{"type":"Feature","properties":{},"geometry":{"type":"Polygon","coordinates":[[[54.381109,24.492797],[54.380955,24.492971],[54.380957,24.492984],[54.38106,24.49306],[54.381214,24.492886],[54.381109,24.492797]]]}},{"type":"Feature","properties":{},"geometry":{"type":"Polygon","coordinates":[[[54.381218,24.492951],[54.381219,24.492964],[54.381411,24.493105],[54.381503,24.493001],[54.381502,24.492988],[54.38131,24.492847],[54.381218,24.492951]]]}},{"type":"Feature","properties":{},"geometry":{"type":"Polygon","coordinates":[[[54.381428,24.493102],[54.38143,24.493116],[54.381622,24.493256],[54.381714,24.493153],[54.381712,24.493139],[54.38152,24.492998],[54.381428,24.493102]]]}},{"type":"Feature","properties":{},"geometry":{"type":"Polygon","coordinates":[[[54.380395,24.493109],[54.380397,24.493126],[54.380609,24.493273],[54.380721,24.493139],[54.380719,24.493122],[54.380506,24.492976],[54.380395,24.493109]]]}},{"type":"Feature","properties":{},"geometry":{"type":"Polygon","coordinates":[[[54.380704,24.493283],[54.380939,24.493445],[54.381019,24.493335],[54.380784,24.493173],[54.380704,24.493283]]]}},{"type":"Feature","properties":{},"geometry":{"type":"Polygon","coordinates":[[[54.381727,24.493224],[54.381565,24.49342],[54.381684,24.493507],[54.381845,24.493311],[54.381727,24.493224]]]}},{"type":"Feature","properties":{},"geometry":{"type":"Polygon","coordinates":[[[54.380946,24.493465],[54.380948,24.49348],[54.381139,24.493612],[54.38123,24.493504],[54.381228,24.493488],[54.381037,24.493356],[54.380946,24.493465]]]}},{"type":"Feature","properties":{},"geometry":{"type":"Polygon","coordinates":[[[54.381138,24.493634],[54.38114,24.493653],[54.381448,24.493865],[54.381565,24.493724],[54.381563,24.493706],[54.381256,24.493494],[54.381138,24.493634]]]}},{"type":"Feature","properties":{},"geometry":{"type":"Polygon","coordinates":[[[54.380579,24.49383],[54.380647,24.493877],[54.380663,24.49385],[54.380595,24.493803],[54.380579,24.49383]]]}},{"type":"Feature","properties":{},"geometry":{"type":"Polygon","coordinates":[[[54.381627,24.493788],[54.381464,24.493984],[54.381465,24.493997],[54.381607,24.494095],[54.38177,24.493899],[54.381769,24.493886],[54.381627,24.493788]]]}},{"type":"Feature","properties":{},"geometry":{"type":"Polygon","coordinates":[[[54.380445,24.494544],[54.38045,24.494589],[54.380683,24.494758],[54.380799,24.494625],[54.380794,24.49458],[54.380561,24.494411],[54.380445,24.494544]]]}},{"type":"Feature","properties":{},"geometry":{"type":"Polygon","coordinates":[[[54.380594,24.494844],[54.380393,24.495082],[54.380398,24.49513],[54.380602,24.495272],[54.380803,24.495033],[54.380798,24.494986],[54.380594,24.494844]]]}},{"type":"Feature","properties":{},"geometry":{"type":"Polygon","coordinates":[[[54.3808,24.495098],[54.380615,24.495318],[54.38062,24.495365],[54.380751,24.495456],[54.380936,24.495236],[54.380931,24.495189],[54.3808,24.495098]]]}},{"type":"Feature","properties":{},"geometry":{"type":"Polygon","coordinates":[[[54.380242,24.495516],[54.380248,24.495563],[54.380394,24.495666],[54.380591,24.495434],[54.380586,24.495387],[54.380439,24.495284],[54.380242,24.495516]]]}},{"type":"Feature","properties":{},"geometry":{"type":"Polygon","coordinates":[[[54.38124,24.495613],[54.381244,24.495651],[54.381459,24.495795],[54.381619,24.495597],[54.381615,24.495559],[54.3814,24.495415],[54.38124,24.495613]]]}},{"type":"Feature","properties":{},"geometry":{"type":"Polygon","coordinates":[[[54.381682,24.495626],[54.381522,24.495825],[54.381526,24.495863],[54.381741,24.496006],[54.381901,24.495808],[54.381897,24.49577],[54.381682,24.495626]]]}},{"type":"Feature","properties":{},"geometry":{"type":"Polygon","coordinates":[[[54.38146,24.495888],[54.3813,24.496087],[54.381304,24.496124],[54.381519,24.496268],[54.381679,24.49607],[54.381675,24.496032],[54.38146,24.495888]]]}},{"type":"Feature","properties":{},"geometry":{"type":"Polygon","coordinates":[[[54.381464,24.496336],[54.38146,24.496299],[54.381244,24.496155],[54.381084,24.496353],[54.381089,24.496391],[54.381304,24.496535],[54.381464,24.496336]]]}},{"type":"Feature","properties":{},"geometry":{"type":"Polygon","coordinates":[[[54.380931,24.496357],[54.380716,24.496213],[54.380556,24.496411],[54.38056,24.496449],[54.380775,24.496593],[54.380935,24.496394],[54.380931,24.496357]]]}},{"type":"Feature","properties":{},"geometry":{"type":"Polygon","coordinates":[[[54.381035,24.496416],[54.380871,24.496616],[54.380875,24.496654],[54.381078,24.496792],[54.381242,24.496592],[54.381237,24.496554],[54.381035,24.496416]]]}},{"type":"Feature","properties":{},"geometry":{"type":"Polygon","coordinates":[[[54.380933,24.496838],[54.380476,24.496518],[54.380072,24.497001],[54.380528,24.497322],[54.380933,24.496838]]]}},{"type":"Feature","properties":{},"geometry":{"type":"Polygon","coordinates":[[[54.381061,24.499626],[54.381221,24.499512],[54.381157,24.499399],[54.3811,24.499414],[54.381042,24.499305],[54.38146,24.499052],[54.381163,24.49861],[54.381323,24.498515],[54.381704,24.498666],[54.381695,24.498818],[54.3818,24.498982],[54.381929,24.498928],[54.381895,24.498638],[54.381815,24.498526],[54.381286,24.498381],[54.381084,24.498496],[54.381068,24.498473],[54.380628,24.498745],[54.380744,24.498923],[54.38062,24.499002],[54.380489,24.499539],[54.3807,24.499586],[54.380734,24.49949],[54.380791,24.499505],[54.380847,24.499615],[54.381061,24.499626]]]}},{"type":"Feature","properties":{},"geometry":{"type":"Polygon","coordinates":[[[54.381525,24.499426],[54.381493,24.499489],[54.381556,24.499518],[54.381588,24.499455],[54.381525,24.499426]]]}},{"type":"Feature","properties":{},"geometry":{"type":"Polygon","coordinates":[[[54.380777,24.511456],[54.380752,24.511527],[54.380794,24.511541],[54.38082,24.51147],[54.380777,24.511456]]]}},{"type":"Feature","properties":{},"geometry":{"type":"Polygon","coordinates":[[[54.380622,24.511403],[54.38059,24.511574],[54.380709,24.511594],[54.380718,24.511544],[54.380682,24.511538],[54.380697,24.511465],[54.380734,24.511471],[54.380743,24.511428],[54.380622,24.511403]]]}},{"type":"Feature","properties":{},"geometry":{"type":"Polygon","coordinates":[[[54.380238,24.511688],[54.381238,24.512513],[54.381318,24.512427],[54.380313,24.511587],[54.380238,24.511688]]]}},{"type":"Feature","properties":{},"geometry":{"type":"Polygon","coordinates":[[[54.382591,24.479691],[54.382408,24.479894],[54.38241,24.479913],[54.382645,24.480089],[54.382829,24.479886],[54.382827,24.479867],[54.382591,24.479691]]]}},{"type":"Feature","properties":{},"geometry":{"type":"Polygon","coordinates":[[[54.382851,24.479873],[54.382667,24.480077],[54.382669,24.480096],[54.382904,24.480272],[54.383088,24.480068],[54.383086,24.480049],[54.382851,24.479873]]]}},{"type":"Feature","properties":{},"geometry":{"type":"Polygon","coordinates":[[[54.3822,24.479994],[54.382124,24.480093],[54.382207,24.480149],[54.382283,24.48005],[54.3822,24.479994]]]}},{"type":"Feature","properties":{},"geometry":{"type":"Polygon","coordinates":[[[54.383114,24.480081],[54.382931,24.480284],[54.382933,24.480303],[54.383168,24.480479],[54.383352,24.480276],[54.38335,24.480257],[54.383114,24.480081]]]}},{"type":"Feature","properties":{},"geometry":{"type":"Polygon","coordinates":[[[54.382454,24.480328],[54.382457,24.480347],[54.382692,24.480523],[54.382876,24.480319],[54.382873,24.4803],[54.382638,24.480124],[54.382454,24.480328]]]}},{"type":"Feature","properties":{},"geometry":{"type":"Polygon","coordinates":[[[54.382732,24.480525],[54.382734,24.480544],[54.38297,24.48072],[54.383153,24.480517],[54.383151,24.480498],[54.382916,24.480322],[54.382732,24.480525]]]}},{"type":"Feature","properties":{},"geometry":{"type":"Polygon","coordinates":[[[54.38244,24.480347],[54.382256,24.480551],[54.382258,24.48057],[54.382493,24.480746],[54.382677,24.480542],[54.382675,24.480523],[54.38244,24.480347]]]}},{"type":"Feature","properties":{},"geometry":{"type":"Polygon","coordinates":[[[54.38243,24.481046],[54.38243,24.48108],[54.38262,24.481102],[54.38265,24.480876],[54.382771,24.480967],[54.382955,24.480763],[54.382953,24.480744],[54.382717,24.480568],[54.382534,24.480772],[54.382536,24.480791],[54.38263,24.480861],[54.382266,24.480818],[54.382268,24.480698],[54.382185,24.480697],[54.382183,24.480817],[54.382257,24.480819],[54.382233,24.481022],[54.38243,24.481046]]]}},{"type":"Feature","properties":{},"geometry":{"type":"Polygon","coordinates":[[[54.382352,24.480728],[54.382355,24.480801],[54.382412,24.4808],[54.382409,24.480726],[54.382352,24.480728]]]}},{"type":"Feature","properties":{},"geometry":{"type":"Polygon","coordinates":[[[54.382473,24.480773],[54.382475,24.48082],[54.382515,24.480819],[54.382514,24.480772],[54.382473,24.480773]]]}},{"type":"Feature","properties":{},"geometry":{"type":"Polygon","coordinates":[[[54.382103,24.480787],[54.382031,24.480874],[54.382119,24.48094],[54.382191,24.480852],[54.382103,24.480787]]]}},{"type":"Feature","properties":{},"geometry":{"type":"Polygon","coordinates":[[[54.383116,24.480968],[54.383118,24.480987],[54.383374,24.481164],[54.383502,24.481011],[54.3835,24.480992],[54.383244,24.480815],[54.383116,24.480968]]]}},{"type":"Feature","properties":{},"geometry":{"type":"Polygon","coordinates":[[[54.382952,24.481149],[54.382799,24.481333],[54.382801,24.481352],[54.383046,24.481521],[54.3832,24.481338],[54.383198,24.481319],[54.382952,24.481149]]]}},{"type":"Feature","properties":{},"geometry":{"type":"Polygon","coordinates":[[[54.383212,24.48133],[54.383059,24.481513],[54.383061,24.481532],[54.383306,24.481702],[54.38346,24.481518],[54.383458,24.481499],[54.383212,24.48133]]]}},{"type":"Feature","properties":{},"geometry":{"type":"Polygon","coordinates":[[[54.382497,24.481645],[54.38231,24.481864],[54.382313,24.481883],[54.382549,24.482049],[54.382735,24.48183],[54.382733,24.481811],[54.382497,24.481645]]]}},{"type":"Feature","properties":{},"geometry":{"type":"Polygon","coordinates":[[[54.382282,24.481885],[54.382096,24.482104],[54.382098,24.482123],[54.382334,24.482289],[54.38252,24.48207],[54.382518,24.482051],[54.382282,24.481885]]]}},{"type":"Feature","properties":{},"geometry":{"type":"Polygon","coordinates":[[[54.382901,24.481932],[54.382714,24.482151],[54.382717,24.48217],[54.382873,24.482283],[54.383071,24.48207],[54.383069,24.482052],[54.382901,24.481932]]]}},{"type":"Feature","properties":{},"geometry":{"type":"Polygon","coordinates":[[[54.383087,24.482066],[54.382892,24.48227],[54.382894,24.482289],[54.383067,24.482408],[54.383262,24.482198],[54.38326,24.482179],[54.383087,24.482066]]]}},{"type":"Feature","properties":{},"geometry":{"type":"Polygon","coordinates":[[[54.382088,24.482117],[54.381902,24.482335],[54.381904,24.482354],[54.38214,24.482521],[54.382326,24.482302],[54.382324,24.482283],[54.382088,24.482117]]]}},{"type":"Feature","properties":{},"geometry":{"type":"Polygon","coordinates":[[[54.383111,24.482421],[54.383113,24.48244],[54.383349,24.482606],[54.383536,24.482387],[54.383533,24.482368],[54.383298,24.482202],[54.383111,24.482421]]]}},{"type":"Feature","properties":{},"geometry":{"type":"Polygon","coordinates":[[[54.382447,24.482495],[54.382518,24.482544],[54.38258,24.482459],[54.382509,24.482411],[54.382447,24.482495]]]}},{"type":"Feature","properties":{},"geometry":{"type":"Polygon","coordinates":[[[54.383101,24.482438],[54.382915,24.482656],[54.382917,24.482675],[54.383153,24.482842],[54.383339,24.482623],[54.383337,24.482604],[54.383101,24.482438]]]}},{"type":"Feature","properties":{},"geometry":{"type":"Polygon","coordinates":[[[54.382181,24.482555],[54.381995,24.482773],[54.381997,24.482792],[54.382233,24.482959],[54.382419,24.48274],[54.382417,24.482721],[54.382181,24.482555]]]}},{"type":"Feature","properties":{},"geometry":{"type":"Polygon","coordinates":[[[54.383356,24.482638],[54.38317,24.482856],[54.383172,24.482875],[54.383408,24.483041],[54.383594,24.482823],[54.383592,24.482804],[54.383356,24.482638]]]}},{"type":"Feature","properties":{},"geometry":{"type":"Polygon","coordinates":[[[54.382752,24.483322],[54.383127,24.482872],[54.383125,24.482853],[54.382889,24.482686],[54.382514,24.483137],[54.382516,24.483156],[54.382752,24.483322]]]}},{"type":"Feature","properties":{},"geometry":{"type":"Polygon","coordinates":[[[54.382443,24.48274],[54.382257,24.482958],[54.382259,24.482977],[54.382495,24.483143],[54.382681,24.482925],[54.382679,24.482906],[54.382443,24.48274]]]}},{"type":"Feature","properties":{},"geometry":{"type":"Polygon","coordinates":[[[54.382992,24.483509],[54.383178,24.48329],[54.383177,24.483275],[54.383186,24.483282],[54.383372,24.483063],[54.38337,24.483044],[54.383134,24.482878],[54.382948,24.483096],[54.38295,24.483112],[54.38294,24.483105],[54.382754,24.483324],[54.382756,24.483343],[54.382992,24.483509]]]}},{"type":"Feature","properties":{},"geometry":{"type":"Polygon","coordinates":[[[54.382052,24.483655],[54.382339,24.483872],[54.382391,24.483809],[54.382105,24.483592],[54.382052,24.483655]]]}},{"type":"Feature","properties":{},"geometry":{"type":"Polygon","coordinates":[[[54.382395,24.483891],[54.382561,24.484027],[54.382617,24.483965],[54.382451,24.483829],[54.382395,24.483891]]]}},{"type":"Feature","properties":{},"geometry":{"type":"Polygon","coordinates":[[[54.38236,24.48406],[54.382336,24.484129],[54.382457,24.484169],[54.382481,24.4841],[54.38236,24.48406]]]}},{"type":"Feature","properties":{},"geometry":{"type":"Polygon","coordinates":[[[54.382936,24.484042],[54.382784,24.48422],[54.382929,24.484326],[54.383081,24.484148],[54.382936,24.484042]]]}},{"type":"Feature","properties":{},"geometry":{"type":"Polygon","coordinates":[[[54.382778,24.484231],[54.382632,24.484413],[54.382772,24.48451],[54.382918,24.484328],[54.382778,24.484231]]]}},{"type":"Feature","properties":{},"geometry":{"type":"Polygon","coordinates":[[[54.382619,24.484421],[54.382473,24.484597],[54.382616,24.484699],[54.382762,24.484523],[54.382619,24.484421]]]}},{"type":"Feature","properties":{},"geometry":{"type":"Polygon","coordinates":[[[54.382315,24.48478],[54.382458,24.484886],[54.382605,24.484712],[54.382461,24.484607],[54.382315,24.48478]]]}},{"type":"Feature","properties":{},"geometry":{"type":"Polygon","coordinates":[[[54.382146,24.48498],[54.382287,24.485087],[54.382439,24.484912],[54.382298,24.484805],[54.382146,24.48498]]]}},{"type":"Feature","properties":{},"geometry":{"type":"Polygon","coordinates":[[[54.383103,24.486345],[54.38321,24.486411],[54.383226,24.486389],[54.383253,24.486406],[54.383301,24.486343],[54.383102,24.486215],[54.383028,24.486314],[54.383093,24.486359],[54.383103,24.486345]]]}},{"type":"Feature","properties":{},"geometry":{"type":"Polygon","coordinates":[[[54.383157,24.486794],[54.383106,24.486862],[54.383151,24.486893],[54.383201,24.486825],[54.383157,24.486794]]]}},{"type":"Feature","properties":{},"geometry":{"type":"Polygon","coordinates":[[[54.38272,24.486746],[54.38245,24.48702],[54.382452,24.487039],[54.382806,24.487333],[54.383076,24.487062],[54.383074,24.487043],[54.382985,24.486973],[54.382813,24.487146],[54.382646,24.487008],[54.382817,24.486843],[54.382814,24.486824],[54.38272,24.486746]]]}},{"type":"Feature","properties":{},"geometry":{"type":"Polygon","coordinates":[[[54.38318,24.487133],[54.382919,24.487403],[54.382921,24.487422],[54.383277,24.487714],[54.383539,24.487444],[54.383537,24.487425],[54.383447,24.487349],[54.383276,24.487525],[54.383112,24.487394],[54.383281,24.487228],[54.383279,24.487209],[54.38318,24.487133]]]}},{"type":"Feature","properties":{},"geometry":{"type":"Polygon","coordinates":[[[54.381816,24.48793],[54.382037,24.488093],[54.382133,24.487976],[54.381912,24.487812],[54.381816,24.48793]]]}},{"type":"Feature","properties":{},"geometry":{"type":"Polygon","coordinates":[[[54.382197,24.488095],[54.382039,24.488292],[54.382157,24.488376],[54.382315,24.488179],[54.382197,24.488095]]]}},{"type":"Feature","properties":{},"geometry":{"type":"Polygon","coordinates":[[[54.382008,24.488293],[54.381851,24.488484],[54.381971,24.488571],[54.382127,24.48838],[54.382008,24.488293]]]}},{"type":"Feature","properties":{},"geometry":{"type":"Polygon","coordinates":[[[54.382664,24.488401],[54.382496,24.488588],[54.382498,24.488605],[54.382609,24.488688],[54.382777,24.4885],[54.382775,24.488484],[54.382664,24.488401]]]}},{"type":"Feature","properties":{},"geometry":{"type":"Polygon","coordinates":[[[54.382784,24.488627],[54.382786,24.488645],[54.382984,24.488784],[54.382999,24.488767],[54.383001,24.488784],[54.383198,24.488923],[54.383291,24.488813],[54.383289,24.488795],[54.383092,24.488656],[54.383077,24.488674],[54.383075,24.488656],[54.382878,24.488517],[54.382784,24.488627]]]}},{"type":"Feature","properties":{},"geometry":{"type":"Polygon","coordinates":[[[54.382479,24.488605],[54.38232,24.488807],[54.382449,24.488897],[54.382606,24.488699],[54.382479,24.488605]]]}},{"type":"Feature","properties":{},"geometry":{"type":"Polygon","coordinates":[[[54.382313,24.48884],[54.382175,24.488997],[54.382177,24.489012],[54.382294,24.489096],[54.382428,24.488932],[54.382426,24.488917],[54.382313,24.48884]]]}},{"type":"Feature","properties":{},"geometry":{"type":"Polygon","coordinates":[[[54.38248,24.488986],[54.382677,24.489125],[54.38277,24.48901],[54.382573,24.488871],[54.38248,24.488986]]]}},{"type":"Feature","properties":{},"geometry":{"type":"Polygon","coordinates":[[[54.382698,24.489151],[54.382895,24.48929],[54.382987,24.489169],[54.38279,24.489031],[54.382698,24.489151]]]}},{"type":"Feature","properties":{},"geometry":{"type":"Polygon","coordinates":[[[54.382136,24.489022],[54.381974,24.489212],[54.381976,24.489226],[54.382096,24.48931],[54.382257,24.48912],[54.382256,24.489107],[54.382136,24.489022]]]}},{"type":"Feature","properties":{},"geometry":{"type":"Polygon","coordinates":[[[54.382379,24.489245],[54.382424,24.489189],[54.382339,24.489124],[54.382293,24.489179],[54.382379,24.489245]]]}},{"type":"Feature","properties":{},"geometry":{"type":"Polygon","coordinates":[[[54.383025,24.489381],[54.383109,24.48944],[54.383203,24.48933],[54.383004,24.489181],[54.382911,24.48929],[54.383017,24.489375],[54.382824,24.489324],[54.382781,24.48947],[54.382981,24.48953],[54.383025,24.489381]]]}},{"type":"Feature","properties":{},"geometry":{"type":"Polygon","coordinates":[[[54.382165,24.489373],[54.382363,24.489512],[54.382454,24.489388],[54.382257,24.489249],[54.382165,24.489373]]]}},{"type":"Feature","properties":{},"geometry":{"type":"Polygon","coordinates":[[[54.382384,24.489521],[54.382581,24.48966],[54.382673,24.48954],[54.382476,24.489401],[54.382384,24.489521]]]}},{"type":"Feature","properties":{},"geometry":{"type":"Polygon","coordinates":[[[54.383226,24.489488],[54.383096,24.489642],[54.383097,24.489655],[54.38322,24.489742],[54.383351,24.489588],[54.383349,24.489574],[54.383226,24.489488]]]}},{"type":"Feature","properties":{},"geometry":{"type":"Polygon","coordinates":[[[54.381933,24.489637],[54.381935,24.489654],[54.382133,24.489793],[54.382226,24.489683],[54.382224,24.489667],[54.382026,24.489528],[54.381933,24.489637]]]}},{"type":"Feature","properties":{},"geometry":{"type":"Polygon","coordinates":[[[54.383072,24.489663],[54.382917,24.489857],[54.383036,24.489942],[54.383191,24.489748],[54.383072,24.489663]]]}},{"type":"Feature","properties":{},"geometry":{"type":"Polygon","coordinates":[[[54.382152,24.489795],[54.382154,24.489812],[54.382351,24.48995],[54.382444,24.489841],[54.382443,24.489824],[54.382245,24.489685],[54.382152,24.489795]]]}},{"type":"Feature","properties":{},"geometry":{"type":"Polygon","coordinates":[[[54.382361,24.489948],[54.382362,24.489963],[54.38256,24.490102],[54.382653,24.489992],[54.382651,24.489977],[54.382454,24.489838],[54.382361,24.489948]]]}},{"type":"Feature","properties":{},"geometry":{"type":"Polygon","coordinates":[[[54.382889,24.489869],[54.382734,24.490048],[54.382736,24.490061],[54.382856,24.490148],[54.383011,24.48997],[54.383009,24.489956],[54.382889,24.489869]]]}},{"type":"Feature","properties":{},"geometry":{"type":"Polygon","coordinates":[[[54.382713,24.490063],[54.382553,24.490257],[54.38268,24.49035],[54.38284,24.490156],[54.382713,24.490063]]]}},{"type":"Feature","properties":{},"geometry":{"type":"Polygon","coordinates":[[[54.381807,24.490203],[54.382005,24.490341],[54.382097,24.490221],[54.381899,24.490082],[54.381807,24.490203]]]}},{"type":"Feature","properties":{},"geometry":{"type":"Polygon","coordinates":[[[54.382025,24.490343],[54.382027,24.490358],[54.382224,24.490497],[54.382317,24.490387],[54.382316,24.490372],[54.382118,24.490234],[54.382025,24.490343]]]}},{"type":"Feature","properties":{},"geometry":{"type":"Polygon","coordinates":[[[54.38255,24.490284],[54.382407,24.490454],[54.382409,24.49047],[54.382519,24.490547],[54.382662,24.490378],[54.38266,24.490361],[54.38255,24.490284]]]}},{"type":"Feature","properties":{},"geometry":{"type":"Polygon","coordinates":[[[54.383048,24.490373],[54.382886,24.490566],[54.382888,24.490583],[54.383039,24.490687],[54.383201,24.490493],[54.383199,24.490477],[54.383048,24.490373]]]}},{"type":"Feature","properties":{},"geometry":{"type":"Polygon","coordinates":[[[54.382386,24.490459],[54.382225,24.490651],[54.382227,24.490666],[54.382356,24.490756],[54.382517,24.490564],[54.382515,24.490549],[54.382386,24.490459]]]}},{"type":"Feature","properties":{},"geometry":{"type":"Polygon","coordinates":[[[54.382713,24.490759],[54.382715,24.490775],[54.382867,24.49088],[54.383018,24.490698],[54.383016,24.490681],[54.382864,24.490577],[54.382713,24.490759]]]}},{"type":"Feature","properties":{},"geometry":{"type":"Polygon","coordinates":[[[54.382055,24.490852],[54.382056,24.490866],[54.382186,24.490957],[54.382348,24.490766],[54.382346,24.490753],[54.382217,24.490661],[54.382055,24.490852]]]}},{"type":"Feature","properties":{},"geometry":{"type":"Polygon","coordinates":[[[54.382694,24.490773],[54.382545,24.490952],[54.382547,24.490969],[54.382697,24.491073],[54.382846,24.490894],[54.382845,24.490877],[54.382694,24.490773]]]}},{"type":"Feature","properties":{},"geometry":{"type":"Polygon","coordinates":[[[54.383035,24.4909],[54.382874,24.491093],[54.382876,24.49111],[54.383015,24.49121],[54.383185,24.491021],[54.383184,24.491004],[54.383035,24.4909]]]}},{"type":"Feature","properties":{},"geometry":{"type":"Polygon","coordinates":[[[54.382531,24.490962],[54.382362,24.491154],[54.382364,24.491172],[54.382508,24.491277],[54.382677,24.491085],[54.382675,24.491067],[54.382531,24.490962]]]}},{"type":"Feature","properties":{},"geometry":{"type":"Polygon","coordinates":[[[54.382641,24.491351],[54.382643,24.491368],[54.382846,24.49151],[54.382963,24.491377],[54.382961,24.491361],[54.382759,24.491217],[54.382641,24.491351]]]}},{"type":"Feature","properties":{},"geometry":{"type":"Polygon","coordinates":[[[54.382108,24.4916],[54.381932,24.491807],[54.381934,24.491824],[54.382076,24.491924],[54.382252,24.491717],[54.38225,24.4917],[54.382108,24.4916]]]}},{"type":"Feature","properties":{},"geometry":{"type":"Polygon","coordinates":[[[54.381723,24.492019],[54.381724,24.492036],[54.381984,24.49221],[54.382095,24.492073],[54.382094,24.492056],[54.381834,24.491882],[54.381723,24.492019]]]}},{"type":"Feature","properties":{},"geometry":{"type":"Polygon","coordinates":[[[54.382035,24.492238],[54.382225,24.492366],[54.382311,24.492244],[54.382121,24.492116],[54.382035,24.492238]]]}},{"type":"Feature","properties":{},"geometry":{"type":"Polygon","coordinates":[[[54.382945,24.492208],[54.38279,24.492387],[54.382792,24.492405],[54.382927,24.492502],[54.383082,24.492323],[54.38308,24.492305],[54.382945,24.492208]]]}},{"type":"Feature","properties":{},"geometry":{"type":"Polygon","coordinates":[[[54.382253,24.492386],[54.382442,24.492514],[54.382529,24.492392],[54.382339,24.492265],[54.382253,24.492386]]]}},{"type":"Feature","properties":{},"geometry":{"type":"Polygon","coordinates":[[[54.382775,24.492427],[54.382616,24.492611],[54.382617,24.492627],[54.382739,24.492714],[54.382898,24.49253],[54.382896,24.492513],[54.382775,24.492427]]]}},{"type":"Feature","properties":{},"geometry":{"type":"Polygon","coordinates":[[[54.38182,24.492675],[54.381822,24.49269],[54.382014,24.492819],[54.382102,24.492711],[54.382101,24.492696],[54.381908,24.492567],[54.38182,24.492675]]]}},{"type":"Feature","properties":{},"geometry":{"type":"Polygon","coordinates":[[[54.382245,24.492648],[54.382091,24.492821],[54.382093,24.492835],[54.382207,24.492919],[54.382361,24.492746],[54.382359,24.492732],[54.382245,24.492648]]]}},{"type":"Feature","properties":{},"geometry":{"type":"Polygon","coordinates":[[[54.382317,24.492906],[54.382319,24.492923],[54.382535,24.493067],[54.382643,24.492934],[54.382641,24.492917],[54.382425,24.492772],[54.382317,24.492906]]]}},{"type":"Feature","properties":{},"geometry":{"type":"Polygon","coordinates":[[[54.382059,24.492828],[54.381905,24.492997],[54.381907,24.493014],[54.382045,24.493118],[54.382198,24.492948],[54.382197,24.492932],[54.382059,24.492828]]]}},{"type":"Feature","properties":{},"geometry":{"type":"Polygon","coordinates":[[[54.381898,24.493048],[54.381753,24.493211],[54.381754,24.493225],[54.381864,24.493306],[54.382009,24.493142],[54.382008,24.493128],[54.381898,24.493048]]]}},{"type":"Feature","properties":{},"geometry":{"type":"Polygon","coordinates":[[[54.381768,24.493569],[54.381988,24.493712],[54.382079,24.493596],[54.382077,24.493579],[54.381858,24.493436],[54.381766,24.493552],[54.381768,24.493569]]]}},{"type":"Feature","properties":{},"geometry":{"type":"Polygon","coordinates":[[[54.38285,24.493683],[54.382852,24.493705],[54.383064,24.493856],[54.383235,24.493659],[54.383233,24.493638],[54.383021,24.493486],[54.38285,24.493683]]]}},{"type":"Feature","properties":{},"geometry":{"type":"Polygon","coordinates":[[[54.38309,24.493952],[54.382918,24.494149],[54.382921,24.494171],[54.383132,24.494323],[54.383303,24.494125],[54.383301,24.494104],[54.38309,24.493952]]]}},{"type":"Feature","properties":{},"geometry":{"type":"Polygon","coordinates":[[[54.382876,24.4942],[54.382705,24.494397],[54.382707,24.494418],[54.382919,24.49457],[54.38309,24.494373],[54.383088,24.494352],[54.382876,24.4942]]]}},{"type":"Feature","properties":{},"geometry":{"type":"Polygon","coordinates":[[[54.382359,24.494262],[54.382187,24.49446],[54.38219,24.494481],[54.382401,24.494633],[54.382572,24.494435],[54.38257,24.494414],[54.382359,24.494262]]]}},{"type":"Feature","properties":{},"geometry":{"type":"Polygon","coordinates":[[[54.382649,24.494466],[54.382478,24.494664],[54.38248,24.494685],[54.382691,24.494837],[54.382863,24.494639],[54.38286,24.494618],[54.382649,24.494466]]]}},{"type":"Feature","properties":{},"geometry":{"type":"Polygon","coordinates":[[[54.382177,24.499238],[54.382207,24.499196],[54.382216,24.499153],[54.3822,24.499091],[54.382139,24.499038],[54.382084,24.499027],[54.382033,24.499036],[54.381963,24.499096],[54.381951,24.499147],[54.381962,24.499199],[54.382024,24.499261],[54.382084,24.499273],[54.382134,24.499264],[54.382177,24.499238]]]}},{"type":"Feature","properties":{},"geometry":{"type":"Polygon","coordinates":[[[54.382733,24.504657],[54.382743,24.504786],[54.382819,24.504781],[54.382809,24.504652],[54.382733,24.504657]]]}},{"type":"Feature","properties":{},"geometry":{"type":"Polygon","coordinates":[[[54.38161,24.509225],[54.381564,24.509283],[54.381611,24.509318],[54.381657,24.509259],[54.38161,24.509225]]]}},{"type":"Feature","properties":{},"geometry":{"type":"Polygon","coordinates":[[[54.381468,24.510112],[54.381503,24.510189],[54.381604,24.510149],[54.381569,24.510072],[54.381468,24.510112]]]}},{"type":"Feature","properties":{},"geometry":{"type":"Polygon","coordinates":[[[54.381509,24.511102],[54.381512,24.51113],[54.38237,24.511797],[54.382754,24.511372],[54.382751,24.511343],[54.381894,24.510679],[54.381509,24.511102]]]}},{"type":"Feature","properties":{},"geometry":{"type":"Polygon","coordinates":[[[54.383582,24.479927],[54.383584,24.479946],[54.383829,24.480126],[54.383948,24.47999],[54.383946,24.479972],[54.383701,24.479792],[54.383582,24.479927]]]}},{"type":"Feature","properties":{},"geometry":{"type":"Polygon","coordinates":[[[54.383847,24.480121],[54.384092,24.480301],[54.384211,24.480161],[54.383966,24.479982],[54.383847,24.480121]]]}},{"type":"Feature","properties":{},"geometry":{"type":"Polygon","coordinates":[[[54.384106,24.480311],[54.384351,24.48049],[54.38447,24.48035],[54.384225,24.480171],[54.384106,24.480311]]]}},{"type":"Feature","properties":{},"geometry":{"type":"Polygon","coordinates":[[[54.384372,24.480501],[54.384374,24.48052],[54.384619,24.480699],[54.384738,24.480564],[54.384736,24.480545],[54.384491,24.480366],[54.384372,24.480501]]]}},{"type":"Feature","properties":{},"geometry":{"type":"Polygon","coordinates":[[[54.383565,24.480398],[54.383379,24.48062],[54.383381,24.480639],[54.383617,24.480801],[54.383805,24.480586],[54.383803,24.480567],[54.383565,24.480398]]]}},{"type":"Feature","properties":{},"geometry":{"type":"Polygon","coordinates":[[[54.383822,24.480598],[54.383636,24.480819],[54.383638,24.480838],[54.383874,24.481001],[54.384062,24.480786],[54.38406,24.480767],[54.383822,24.480598]]]}},{"type":"Feature","properties":{},"geometry":{"type":"Polygon","coordinates":[[[54.383399,24.480859],[54.383496,24.48096],[54.383621,24.480855],[54.383524,24.480754],[54.383399,24.480859]]]}},{"type":"Feature","properties":{},"geometry":{"type":"Polygon","coordinates":[[[54.3839,24.480996],[54.383902,24.481015],[54.384137,24.481177],[54.384326,24.480962],[54.384323,24.480943],[54.384086,24.480774],[54.3839,24.480996]]]}},{"type":"Feature","properties":{},"geometry":{"type":"Polygon","coordinates":[[[54.384371,24.480951],[54.384185,24.481172],[54.384187,24.481191],[54.384422,24.481353],[54.38461,24.481139],[54.384608,24.48112],[54.384371,24.480951]]]}},{"type":"Feature","properties":{},"geometry":{"type":"Polygon","coordinates":[[[54.384606,24.481177],[54.384452,24.481361],[54.384454,24.48138],[54.3847,24.48155],[54.384853,24.481366],[54.384851,24.481347],[54.384606,24.481177]]]}},{"type":"Feature","properties":{},"geometry":{"type":"Polygon","coordinates":[[[54.384167,24.481193],[54.383982,24.481414],[54.383984,24.481433],[54.384219,24.481596],[54.384407,24.481381],[54.384405,24.481362],[54.384167,24.481193]]]}},{"type":"Feature","properties":{},"geometry":{"type":"Polygon","coordinates":[[[54.384409,24.481405],[54.384255,24.481589],[54.384257,24.481608],[54.384502,24.481778],[54.384656,24.481594],[54.384654,24.481575],[54.384409,24.481405]]]}},{"type":"Feature","properties":{},"geometry":{"type":"Polygon","coordinates":[[[54.383953,24.48144],[54.383767,24.481661],[54.383769,24.48168],[54.384004,24.481842],[54.384192,24.481627],[54.38419,24.481608],[54.383953,24.48144]]]}},{"type":"Feature","properties":{},"geometry":{"type":"Polygon","coordinates":[[[54.383723,24.481678],[54.383478,24.481508],[54.383324,24.481692],[54.383326,24.481711],[54.383407,24.481767],[54.383377,24.481804],[54.383525,24.481924],[54.383562,24.481881],[54.383501,24.481831],[54.383572,24.48188],[54.383725,24.481697],[54.383723,24.481678]]]}},{"type":"Feature","properties":{},"geometry":{"type":"Polygon","coordinates":[[[54.384207,24.48163],[54.384054,24.481814],[54.384056,24.481833],[54.384301,24.482002],[54.384455,24.481819],[54.384453,24.4818],[54.384207,24.48163]]]}},{"type":"Feature","properties":{},"geometry":{"type":"Polygon","coordinates":[[[54.383743,24.481693],[54.38359,24.481877],[54.383592,24.481896],[54.383837,24.482066],[54.383856,24.482044],[54.383858,24.482062],[54.384103,24.482232],[54.384256,24.482048],[54.384254,24.482029],[54.384009,24.481859],[54.383991,24.481881],[54.383989,24.481863],[54.383743,24.481693]]]}},{"type":"Feature","properties":{},"geometry":{"type":"Polygon","coordinates":[[[54.383549,24.481944],[54.383513,24.481997],[54.383554,24.482023],[54.38359,24.481971],[54.383549,24.481944]]]}},{"type":"Feature","properties":{},"geometry":{"type":"Polygon","coordinates":[[[54.383768,24.482032],[54.383704,24.482128],[54.383748,24.482154],[54.383812,24.482058],[54.383768,24.482032]]]}},{"type":"Feature","properties":{},"geometry":{"type":"Polygon","coordinates":[[[54.383798,24.48224],[54.383867,24.482284],[54.383895,24.48224],[54.383826,24.482197],[54.383798,24.48224]]]}},{"type":"Feature","properties":{},"geometry":{"type":"Polygon","coordinates":[[[54.384558,24.48214],[54.384411,24.482317],[54.384551,24.482418],[54.384698,24.48224],[54.384558,24.48214]]]}},{"type":"Feature","properties":{},"geometry":{"type":"Polygon","coordinates":[[[54.384386,24.482333],[54.384238,24.48251],[54.384378,24.48261],[54.384526,24.482433],[54.384386,24.482333]]]}},{"type":"Feature","properties":{},"geometry":{"type":"Polygon","coordinates":[[[54.383382,24.482611],[54.383618,24.482777],[54.383804,24.482554],[54.383568,24.482388],[54.383382,24.482611]]]}},{"type":"Feature","properties":{},"geometry":{"type":"Polygon","coordinates":[[[54.384075,24.482698],[54.384216,24.482804],[54.384364,24.482633],[54.384223,24.482527],[54.384075,24.482698]]]}},{"type":"Feature","properties":{},"geometry":{"type":"Polygon","coordinates":[[[54.38406,24.482717],[54.383914,24.482899],[54.384053,24.482999],[54.3842,24.482817],[54.38406,24.482717]]]}},{"type":"Feature","properties":{},"geometry":{"type":"Polygon","coordinates":[[[54.383894,24.48291],[54.383746,24.483087],[54.383886,24.483187],[54.384034,24.48301],[54.383894,24.48291]]]}},{"type":"Feature","properties":{},"geometry":{"type":"Polygon","coordinates":[[[54.383727,24.483108],[54.38358,24.483285],[54.38372,24.483385],[54.383867,24.483208],[54.383727,24.483108]]]}},{"type":"Feature","properties":{},"geometry":{"type":"Polygon","coordinates":[[[54.383558,24.483302],[54.383412,24.483484],[54.383551,24.483584],[54.383698,24.483402],[54.383558,24.483302]]]}},{"type":"Feature","properties":{},"geometry":{"type":"Polygon","coordinates":[[[54.383384,24.483501],[54.383237,24.483678],[54.383376,24.483778],[54.383524,24.483601],[54.383384,24.483501]]]}},{"type":"Feature","properties":{},"geometry":{"type":"Polygon","coordinates":[[[54.384503,24.484128],[54.384471,24.484102],[54.384385,24.484197],[54.384434,24.484236],[54.384495,24.484173],[54.384482,24.484157],[54.384503,24.484128]]]}},{"type":"Feature","properties":{},"geometry":{"type":"Polygon","coordinates":[[[54.384352,24.485196],[54.384393,24.485152],[54.384446,24.485196],[54.384551,24.485091],[54.384549,24.485072],[54.38441,24.484958],[54.384305,24.485063],[54.384311,24.485085],[54.384266,24.48513],[54.384254,24.485119],[54.38413,24.485244],[54.384132,24.485263],[54.384094,24.485306],[54.38408,24.485295],[54.383967,24.485404],[54.38397,24.485423],[54.38411,24.48554],[54.384218,24.48543],[54.384215,24.485411],[54.384172,24.485376],[54.384217,24.485335],[54.384237,24.485349],[54.384362,24.485221],[54.384352,24.485196]]]}},{"type":"Feature","properties":{},"geometry":{"type":"Polygon","coordinates":[[[54.384353,24.485583],[54.384522,24.485731],[54.384349,24.485892],[54.384351,24.485911],[54.384445,24.485988],[54.384708,24.485714],[54.384706,24.485695],[54.384357,24.485404],[54.384087,24.485676],[54.38409,24.485695],[54.384183,24.48577],[54.384353,24.485583]]]}},{"type":"Feature","properties":{},"geometry":{"type":"Polygon","coordinates":[[[54.383833,24.485548],[54.38357,24.48582],[54.383573,24.485838],[54.383928,24.486131],[54.384188,24.485861],[54.384186,24.485842],[54.384095,24.485772],[54.383929,24.485946],[54.383762,24.485809],[54.383929,24.485645],[54.383927,24.485626],[54.383833,24.485548]]]}},{"type":"Feature","properties":{},"geometry":{"type":"Polygon","coordinates":[[[54.384301,24.485928],[54.384032,24.486202],[54.384034,24.486221],[54.384393,24.486514],[54.384657,24.486242],[54.384655,24.486223],[54.384563,24.48615],[54.384398,24.486329],[54.38423,24.486191],[54.384393,24.486023],[54.384391,24.486004],[54.384301,24.485928]]]}},{"type":"Feature","properties":{},"geometry":{"type":"Polygon","coordinates":[[[54.384124,24.486888],[54.384313,24.487023],[54.384381,24.486938],[54.384191,24.486806],[54.384124,24.486888]]]}},{"type":"Feature","properties":{},"geometry":{"type":"Polygon","coordinates":[[[54.384035,24.486993],[54.384223,24.487127],[54.384293,24.487043],[54.384102,24.48691],[54.384035,24.486993]]]}},{"type":"Feature","properties":{},"geometry":{"type":"Polygon","coordinates":[[[54.384364,24.487058],[54.384551,24.487194],[54.384621,24.487109],[54.384433,24.486972],[54.384364,24.487058]]]}},{"type":"Feature","properties":{},"geometry":{"type":"Polygon","coordinates":[[[54.383945,24.487099],[54.384134,24.487233],[54.384204,24.487148],[54.384013,24.487014],[54.383945,24.487099]]]}},{"type":"Feature","properties":{},"geometry":{"type":"Polygon","coordinates":[[[54.384276,24.487164],[54.38446,24.4873],[54.384536,24.487209],[54.384345,24.487076],[54.384276,24.487164]]]}},{"type":"Feature","properties":{},"geometry":{"type":"Polygon","coordinates":[[[54.384046,24.48734],[54.384114,24.487261],[54.383924,24.487119],[54.383855,24.487199],[54.384046,24.48734]]]}},{"type":"Feature","properties":{},"geometry":{"type":"Polygon","coordinates":[[[54.384375,24.487404],[54.384446,24.487321],[54.384257,24.487181],[54.384184,24.487264],[54.384375,24.487404]]]}},{"type":"Feature","properties":{},"geometry":{"type":"Polygon","coordinates":[[[54.383767,24.48731],[54.383953,24.487443],[54.384023,24.48736],[54.383834,24.487226],[54.383767,24.48731]]]}},{"type":"Feature","properties":{},"geometry":{"type":"Polygon","coordinates":[[[54.383959,24.487519],[54.384132,24.487646],[54.384152,24.487622],[54.384147,24.487597],[54.384213,24.487591],[54.384244,24.487632],[54.384383,24.487473],[54.384381,24.487454],[54.38414,24.487287],[54.383956,24.4875],[54.383959,24.487519]]]}},{"type":"Feature","properties":{},"geometry":{"type":"Polygon","coordinates":[[[54.383552,24.487465],[54.383397,24.487622],[54.38357,24.487771],[54.383724,24.487605],[54.383552,24.487465]]]}},{"type":"Feature","properties":{},"geometry":{"type":"Polygon","coordinates":[[[54.384782,24.487698],[54.38478,24.487679],[54.384701,24.487621],[54.384706,24.487592],[54.384597,24.487519],[54.384441,24.4877],[54.384457,24.487729],[54.38444,24.48775],[54.384414,24.487732],[54.384372,24.487783],[54.384374,24.487802],[54.384449,24.487855],[54.384428,24.487881],[54.384339,24.487818],[54.384297,24.487867],[54.3843,24.487886],[54.384381,24.487947],[54.384375,24.487975],[54.384481,24.488051],[54.384782,24.487698]]]}},{"type":"Feature","properties":{},"geometry":{"type":"Polygon","coordinates":[[[54.383385,24.487633],[54.38323,24.487791],[54.383404,24.487939],[54.38356,24.487773],[54.383385,24.487633]]]}},{"type":"Feature","properties":{},"geometry":{"type":"Polygon","coordinates":[[[54.383797,24.487824],[54.383808,24.487833],[54.38391,24.487728],[54.383908,24.487709],[54.383768,24.487597],[54.383667,24.487699],[54.383669,24.487718],[54.383713,24.487756],[54.383664,24.487806],[54.383643,24.487789],[54.383523,24.487909],[54.383525,24.487928],[54.383626,24.48801],[54.38375,24.487893],[54.383747,24.487873],[54.383797,24.487824]]]}},{"type":"Feature","properties":{},"geometry":{"type":"Polygon","coordinates":[[[54.383861,24.487795],[54.383691,24.487963],[54.383693,24.487982],[54.383869,24.488128],[54.38404,24.487958],[54.384038,24.487939],[54.383861,24.487795]]]}},{"type":"Feature","properties":{},"geometry":{"type":"Polygon","coordinates":[[[54.383733,24.488044],[54.383691,24.48809],[54.383731,24.488123],[54.383773,24.488077],[54.383733,24.488044]]]}},{"type":"Feature","properties":{},"geometry":{"type":"Polygon","coordinates":[[[54.384155,24.488079],[54.384011,24.488251],[54.384089,24.488306],[54.384233,24.488134],[54.384155,24.488079]]]}},{"type":"Feature","properties":{},"geometry":{"type":"Polygon","coordinates":[[[54.384297,24.488166],[54.384131,24.488356],[54.384144,24.48837],[54.384075,24.488459],[54.384167,24.488524],[54.38439,24.488237],[54.384297,24.488166]]]}},{"type":"Feature","properties":{},"geometry":{"type":"Polygon","coordinates":[[[54.384374,24.488438],[54.384339,24.488486],[54.384385,24.48852],[54.384422,24.488473],[54.384374,24.488438]]]}},{"type":"Feature","properties":{},"geometry":{"type":"Polygon","coordinates":[[[54.384606,24.488415],[54.384458,24.488596],[54.38454,24.488653],[54.384689,24.488473],[54.384606,24.488415]]]}},{"type":"Feature","properties":{},"geometry":{"type":"Polygon","coordinates":[[[54.38444,24.488716],[54.384539,24.488785],[54.384589,24.48872],[54.384488,24.488651],[54.38444,24.488716]]]}},{"type":"Feature","properties":{},"geometry":{"type":"Polygon","coordinates":[[[54.383583,24.489056],[54.383427,24.489252],[54.383546,24.489336],[54.383703,24.48914],[54.383583,24.489056]]]}},{"type":"Feature","properties":{},"geometry":{"type":"Polygon","coordinates":[[[54.383244,24.489449],[54.383371,24.489548],[54.383532,24.489357],[54.383405,24.489259],[54.383244,24.489449]]]}},{"type":"Feature","properties":{},"geometry":{"type":"Polygon","coordinates":[[[54.383821,24.489448],[54.383823,24.489465],[54.383967,24.489563],[54.384118,24.489381],[54.384116,24.489364],[54.383973,24.489266],[54.383821,24.489448]]]}},{"type":"Feature","properties":{},"geometry":{"type":"Polygon","coordinates":[[[54.38414,24.489593],[54.384141,24.48961],[54.384364,24.489765],[54.384482,24.489629],[54.38448,24.489612],[54.384246,24.489453],[54.38414,24.489593]]]}},{"type":"Feature","properties":{},"geometry":{"type":"Polygon","coordinates":[[[54.383805,24.489468],[54.383658,24.489651],[54.38366,24.489668],[54.383807,24.489765],[54.383954,24.489582],[54.383952,24.489566],[54.383805,24.489468]]]}},{"type":"Feature","properties":{},"geometry":{"type":"Polygon","coordinates":[[[54.383642,24.489667],[54.383489,24.489849],[54.383491,24.489866],[54.383642,24.489971],[54.383794,24.489788],[54.383792,24.489771],[54.383642,24.489667]]]}},{"type":"Feature","properties":{},"geometry":{"type":"Polygon","coordinates":[[[54.383862,24.489866],[54.383864,24.489882],[54.384075,24.49003],[54.384188,24.489897],[54.384186,24.48988],[54.383974,24.489732],[54.383862,24.489866]]]}},{"type":"Feature","properties":{},"geometry":{"type":"Polygon","coordinates":[[[54.383301,24.490359],[54.383465,24.490173],[54.383463,24.490156],[54.383341,24.490067],[54.383487,24.490168],[54.383635,24.489993],[54.383633,24.489977],[54.383476,24.489865],[54.383325,24.490041],[54.383327,24.490057],[54.383308,24.490043],[54.383144,24.490229],[54.383146,24.490246],[54.383301,24.490359]]]}},{"type":"Feature","properties":{},"geometry":{"type":"Polygon","coordinates":[[[54.384108,24.490038],[54.38411,24.490054],[54.384321,24.490203],[54.384434,24.490069],[54.384432,24.490053],[54.38422,24.489904],[54.384108,24.490038]]]}},{"type":"Feature","properties":{},"geometry":{"type":"Polygon","coordinates":[[[54.384333,24.490204],[54.384335,24.49022],[54.384541,24.490374],[54.384666,24.490236],[54.384664,24.490219],[54.384457,24.490065],[54.384333,24.490204]]]}},{"type":"Feature","properties":{},"geometry":{"type":"Polygon","coordinates":[[[54.383847,24.49035],[54.383849,24.490367],[54.384061,24.490515],[54.384174,24.490382],[54.384172,24.490365],[54.38396,24.490217],[54.383847,24.49035]]]}},{"type":"Feature","properties":{},"geometry":{"type":"Polygon","coordinates":[[[54.384083,24.490513],[54.384085,24.49053],[54.384297,24.490678],[54.38441,24.490545],[54.384408,24.490528],[54.384196,24.49038],[54.384083,24.490513]]]}},{"type":"Feature","properties":{},"geometry":{"type":"Polygon","coordinates":[[[54.383543,24.490615],[54.383544,24.490631],[54.383756,24.49078],[54.383869,24.490646],[54.383867,24.49063],[54.383655,24.490481],[54.383543,24.490615]]]}},{"type":"Feature","properties":{},"geometry":{"type":"Polygon","coordinates":[[[54.384526,24.4906],[54.384371,24.490782],[54.384373,24.490799],[54.384516,24.4909],[54.384676,24.490719],[54.384674,24.490703],[54.384526,24.4906]]]}},{"type":"Feature","properties":{},"geometry":{"type":"Polygon","coordinates":[[[54.383788,24.490787],[54.38379,24.490803],[54.384002,24.490952],[54.384115,24.490818],[54.384113,24.490802],[54.383901,24.490653],[54.383788,24.490787]]]}},{"type":"Feature","properties":{},"geometry":{"type":"Polygon","coordinates":[[[54.383094,24.490795],[54.383096,24.490812],[54.383308,24.49096],[54.383421,24.490827],[54.383419,24.49081],[54.383207,24.490662],[54.383094,24.490795]]]}},{"type":"Feature","properties":{},"geometry":{"type":"Polygon","coordinates":[[[54.384374,24.490812],[54.384217,24.490997],[54.384219,24.491014],[54.384346,24.491104],[54.384504,24.490918],[54.384502,24.490902],[54.384374,24.490812]]]}},{"type":"Feature","properties":{},"geometry":{"type":"Polygon","coordinates":[[[54.383342,24.490984],[54.38377,24.49128],[54.383883,24.491147],[54.383881,24.49113],[54.383453,24.490834],[54.38334,24.490967],[54.383342,24.490984]]]}},{"type":"Feature","properties":{},"geometry":{"type":"Polygon","coordinates":[[[54.38365,24.491368],[54.383648,24.491352],[54.383506,24.491249],[54.383441,24.491323],[54.383499,24.491255],[54.383497,24.491238],[54.383285,24.49109],[54.383173,24.491223],[54.383174,24.49124],[54.383385,24.491388],[54.383329,24.491453],[54.383331,24.491469],[54.383474,24.491572],[54.38365,24.491368]]]}},{"type":"Feature","properties":{},"geometry":{"type":"Polygon","coordinates":[[[54.383895,24.491605],[54.383754,24.491508],[54.383601,24.491693],[54.383603,24.49171],[54.383751,24.491811],[54.383904,24.491626],[54.383902,24.49161],[54.383916,24.49162],[54.384079,24.491437],[54.384077,24.491423],[54.384089,24.491431],[54.384253,24.491243],[54.384251,24.491226],[54.384104,24.491121],[54.383942,24.491321],[54.383927,24.49131],[54.383764,24.491493],[54.383766,24.49151],[54.383895,24.491605]]]}},{"type":"Feature","properties":{},"geometry":{"type":"Polygon","coordinates":[[[54.383183,24.491529],[54.383061,24.49167],[54.383063,24.491687],[54.383256,24.491825],[54.383378,24.491684],[54.383376,24.491668],[54.383183,24.491529]]]}},{"type":"Feature","properties":{},"geometry":{"type":"Polygon","coordinates":[[[54.383577,24.491696],[54.383411,24.491891],[54.383413,24.491907],[54.383565,24.492014],[54.383731,24.49182],[54.383729,24.491803],[54.383577,24.491696]]]}},{"type":"Feature","properties":{},"geometry":{"type":"Polygon","coordinates":[[[54.384428,24.492566],[54.384522,24.492622],[54.384553,24.492574],[54.384458,24.492517],[54.384428,24.492566]]]}},{"type":"Feature","properties":{},"geometry":{"type":"Polygon","coordinates":[[[54.383709,24.492853],[54.383782,24.492915],[54.383817,24.492875],[54.383745,24.492813],[54.383709,24.492853]]]}},{"type":"Feature","properties":{},"geometry":{"type":"Polygon","coordinates":[[[54.383918,24.492943],[54.383885,24.493118],[54.384119,24.493156],[54.384151,24.49298],[54.383918,24.492943]]]}},{"type":"Feature","properties":{},"geometry":{"type":"Polygon","coordinates":[[[54.383505,24.493054],[54.383214,24.493412],[54.383218,24.49344],[54.383502,24.493626],[54.383782,24.493282],[54.383778,24.493254],[54.383505,24.493054]]]}},{"type":"Feature","properties":{},"geometry":{"type":"Polygon","coordinates":[[[54.383312,24.493706],[54.383141,24.493903],[54.383143,24.493925],[54.383355,24.494076],[54.383526,24.493879],[54.383524,24.493858],[54.383312,24.493706]]]}},{"type":"Feature","properties":{},"geometry":{"type":"Polygon","coordinates":[[[54.384734,24.494879],[54.384731,24.494856],[54.384161,24.494168],[54.384102,24.494241],[54.384075,24.494223],[54.384029,24.494279],[54.384045,24.494312],[54.383917,24.494469],[54.38389,24.494451],[54.383846,24.494506],[54.383861,24.494537],[54.383803,24.494609],[54.383806,24.494633],[54.384683,24.494939],[54.384734,24.494879]]]}},{"type":"Feature","properties":{},"geometry":{"type":"Polygon","coordinates":[[[54.381936,24.496624],[54.382979,24.49734],[54.383034,24.497274],[54.38308,24.497306],[54.383124,24.497253],[54.383083,24.497214],[54.384209,24.495878],[54.384224,24.495889],[54.384285,24.495819],[54.384273,24.4958],[54.384611,24.495417],[54.38459,24.495393],[54.384573,24.495221],[54.384451,24.495136],[54.38444,24.495151],[54.384375,24.495108],[54.383833,24.494902],[54.383796,24.494869],[54.383726,24.494872],[54.383484,24.494781],[54.382853,24.495513],[54.382867,24.495533],[54.382851,24.495551],[54.382864,24.495581],[54.382842,24.49561],[54.382787,24.4956],[54.382731,24.495662],[54.382757,24.495701],[54.382735,24.495725],[54.382707,24.495718],[54.382689,24.495739],[54.382669,24.495728],[54.381936,24.496624]]]}},{"type":"Feature","properties":{},"geometry":{"type":"Polygon","coordinates":[[[54.38435,24.496259],[54.384363,24.496317],[54.384434,24.496303],[54.384421,24.496245],[54.38435,24.496259]]]}},{"type":"Feature","properties":{},"geometry":{"type":"Polygon","coordinates":[[[54.384243,24.496299],[54.38424,24.49627],[54.384134,24.496202],[54.383887,24.496494],[54.383794,24.496555],[54.383765,24.496652],[54.383821,24.496836],[54.38377,24.496848],[54.383831,24.496991],[54.383976,24.496905],[54.383973,24.496878],[54.384106,24.496796],[54.384041,24.496582],[54.384072,24.496497],[54.384243,24.496299]]]}},{"type":"Feature","properties":{},"geometry":{"type":"Polygon","coordinates":[[[54.383621,24.497122],[54.383685,24.49717],[54.383738,24.497106],[54.383674,24.497057],[54.383621,24.497122]]]}},{"type":"Feature","properties":{},"geometry":{"type":"Polygon","coordinates":[[[54.383867,24.497404],[54.383596,24.497226],[54.383377,24.497502],[54.38338,24.49753],[54.383933,24.497894],[54.384018,24.497786],[54.384015,24.497758],[54.3839,24.497665],[54.383911,24.497619],[54.383787,24.497537],[54.383871,24.497433],[54.383867,24.497404]]]}},{"type":"Feature","properties":{},"geometry":{"type":"Polygon","coordinates":[[[54.383478,24.504444],[54.383437,24.504445],[54.383437,24.504477],[54.383408,24.504477],[54.383408,24.504506],[54.383317,24.504507],[54.383325,24.504938],[54.383626,24.504935],[54.383625,24.504881],[54.383709,24.504881],[54.383699,24.504027],[54.383686,24.503916],[54.383616,24.503917],[54.383615,24.503999],[54.38361,24.503752],[54.38347,24.503754],[54.383478,24.504444]]]}},{"type":"Feature","properties":{},"geometry":{"type":"Polygon","coordinates":[[[54.383712,24.503899],[54.383716,24.504039],[54.383865,24.504036],[54.383861,24.503897],[54.383712,24.503899]]]}},{"type":"Feature","properties":{},"geometry":{"type":"Polygon","coordinates":[[[54.383304,24.504405],[54.38346,24.504401],[54.38346,24.504383],[54.38343,24.504384],[54.383429,24.504342],[54.383302,24.504345],[54.383304,24.504405]]]}},{"type":"Feature","properties":{},"geometry":{"type":"Polygon","coordinates":[[[54.382846,24.508246],[54.382868,24.508286],[54.382921,24.508259],[54.3829,24.508219],[54.382846,24.508246]]]}},{"type":"Feature","properties":{},"geometry":{"type":"Polygon","coordinates":[[[54.3823,24.510555],[54.382303,24.510584],[54.382987,24.511121],[54.383378,24.510708],[54.383375,24.510679],[54.382681,24.51014],[54.3823,24.510555]]]}},{"type":"Feature","properties":{},"geometry":{"type":"Polygon","coordinates":[[[54.384642,24.480696],[54.38488,24.480865],[54.384991,24.480728],[54.384753,24.48056],[54.384642,24.480696]]]}},{"type":"Feature","properties":{},"geometry":{"type":"Polygon","coordinates":[[[54.385254,24.481278],[54.385107,24.48146],[54.385247,24.48156],[54.385394,24.481378],[54.385254,24.481278]]]}},{"type":"Feature","properties":{},"geometry":{"type":"Polygon","coordinates":[[[54.385099,24.481466],[54.384951,24.481643],[54.385091,24.481743],[54.385239,24.481566],[54.385099,24.481466]]]}},{"type":"Feature","properties":{},"geometry":{"type":"Polygon","coordinates":[[[54.384884,24.481744],[54.384736,24.481921],[54.384876,24.482022],[54.385024,24.481844],[54.384884,24.481744]]]}},{"type":"Feature","properties":{},"geometry":{"type":"Polygon","coordinates":[[[54.38669,24.482051],[54.386699,24.48212],[54.386899,24.482095],[54.386893,24.482028],[54.38669,24.482051]]]}},{"type":"Feature","properties":{},"geometry":{"type":"Polygon","coordinates":[[[54.384723,24.481946],[54.384576,24.482123],[54.384716,24.482223],[54.384863,24.482046],[54.384723,24.481946]]]}},{"type":"Feature","properties":{},"geometry":{"type":"Polygon","coordinates":[[[54.389809,24.482389],[54.389772,24.482455],[54.389903,24.48252],[54.389939,24.482448],[54.389809,24.482389]]]}},{"type":"Feature","properties":{},"geometry":{"type":"Polygon","coordinates":[[[54.387203,24.482327],[54.386697,24.482936],[54.3867,24.482964],[54.387091,24.483238],[54.387602,24.482638],[54.387599,24.482609],[54.387203,24.482327]]]}},{"type":"Feature","properties":{},"geometry":{"type":"Polygon","coordinates":[[[54.387843,24.485182],[54.387894,24.485234],[54.387971,24.485165],[54.387919,24.485113],[54.387843,24.485182]]]}},{"type":"Feature","properties":{},"geometry":{"type":"Polygon","coordinates":[[[54.389596,24.485801],[54.389659,24.48575],[54.389618,24.485703],[54.389693,24.485642],[54.389584,24.485525],[54.389444,24.485645],[54.389596,24.485801]]]}},{"type":"Feature","properties":{},"geometry":{"type":"Polygon","coordinates":[[[54.384777,24.485937],[54.384949,24.48608],[54.384783,24.486244],[54.384785,24.486263],[54.384876,24.486339],[54.385141,24.48607],[54.385139,24.486051],[54.384782,24.485761],[54.384518,24.486027],[54.38452,24.486046],[54.384607,24.48612],[54.384777,24.485937]]]}},{"type":"Feature","properties":{},"geometry":{"type":"Polygon","coordinates":[[[54.385502,24.486217],[54.385451,24.486177],[54.385372,24.486252],[54.385345,24.486228],[54.385376,24.486198],[54.385373,24.48618],[54.385332,24.486138],[54.385282,24.486184],[54.38524,24.486147],[54.385148,24.486236],[54.38515,24.486255],[54.385545,24.486594],[54.385724,24.486422],[54.385722,24.486403],[54.385539,24.486245],[54.385449,24.486329],[54.385429,24.486311],[54.385504,24.486236],[54.385502,24.486217]]]}},{"type":"Feature","properties":{},"geometry":{"type":"Polygon","coordinates":[[[54.387364,24.48671],[54.387266,24.486825],[54.387313,24.486861],[54.38741,24.486744],[54.387364,24.48671]]]}},{"type":"Feature","properties":{},"geometry":{"type":"Polygon","coordinates":[[[54.385113,24.486646],[54.38506,24.486946],[54.385455,24.487008],[54.385516,24.486706],[54.385113,24.486646]]]}},{"type":"Feature","properties":{},"geometry":{"type":"Polygon","coordinates":[[[54.387449,24.486816],[54.38738,24.486892],[54.38747,24.486964],[54.387539,24.486882],[54.387449,24.486816]]]}},{"type":"Feature","properties":{},"geometry":{"type":"Polygon","coordinates":[[[54.386453,24.486984],[54.386339,24.487116],[54.386426,24.48718],[54.386544,24.487055],[54.386453,24.486984]]]}},{"type":"Feature","properties":{},"geometry":{"type":"Polygon","coordinates":[[[54.384808,24.487298],[54.384732,24.487392],[54.384795,24.487436],[54.384873,24.487343],[54.384808,24.487298]]]}},{"type":"Feature","properties":{},"geometry":{"type":"Polygon","coordinates":[[[54.387118,24.487434],[54.38714,24.487454],[54.387267,24.48744],[54.387253,24.487282],[54.387069,24.487297],[54.386921,24.487179],[54.386946,24.487155],[54.386943,24.487126],[54.386854,24.487055],[54.386515,24.487435],[54.386518,24.487464],[54.386616,24.48754],[54.386654,24.487502],[54.386812,24.487618],[54.38683,24.487789],[54.386973,24.487775],[54.386951,24.487619],[54.387118,24.487434]]]}},{"type":"Feature","properties":{},"geometry":{"type":"Polygon","coordinates":[[[54.38561,24.488128],[54.385607,24.488099],[54.385581,24.48808],[54.385605,24.488055],[54.385602,24.488027],[54.38552,24.487967],[54.385521,24.487933],[54.38542,24.487862],[54.385368,24.487918],[54.385317,24.487884],[54.385015,24.488232],[54.385018,24.48826],[54.385157,24.488363],[54.385131,24.488391],[54.385134,24.48842],[54.385383,24.488598],[54.385545,24.48842],[54.385542,24.488391],[54.385407,24.488293],[54.385483,24.488207],[54.385515,24.488229],[54.38561,24.488128]]]}},{"type":"Feature","properties":{},"geometry":{"type":"Polygon","coordinates":[[[54.386123,24.488488],[54.385883,24.488306],[54.38579,24.488408],[54.385792,24.488426],[54.386036,24.488609],[54.386073,24.488568],[54.386085,24.488577],[54.38598,24.488851],[54.385982,24.48887],[54.386118,24.488913],[54.386208,24.48869],[54.386246,24.488648],[54.386464,24.48852],[54.386385,24.488388],[54.386195,24.488493],[54.386336,24.488347],[54.386334,24.488328],[54.386082,24.488145],[54.385948,24.4883],[54.38595,24.488319],[54.38602,24.488372],[54.386103,24.488277],[54.386195,24.488346],[54.386173,24.488369],[54.386108,24.488321],[54.386055,24.488379],[54.386057,24.488398],[54.386185,24.488498],[54.386107,24.488541],[54.386123,24.488488]]]}},{"type":"Feature","properties":{},"geometry":{"type":"Polygon","coordinates":[[[54.385056,24.488408],[54.385028,24.48847],[54.385083,24.488493],[54.385111,24.488432],[54.385056,24.488408]]]}},{"type":"Feature","properties":{},"geometry":{"type":"Polygon","coordinates":[[[54.384825,24.488694],[54.385064,24.488864],[54.385141,24.488766],[54.384904,24.488593],[54.384825,24.488694]]]}},{"type":"Feature","properties":{},"geometry":{"type":"Polygon","coordinates":[[[54.384623,24.488707],[54.384582,24.488756],[54.384935,24.489014],[54.384977,24.488964],[54.384623,24.488707]]]}},{"type":"Feature","properties":{},"geometry":{"type":"Polygon","coordinates":[[[54.38572,24.488724],[54.38558,24.488889],[54.385827,24.489071],[54.385965,24.488909],[54.385897,24.488858],[54.385813,24.488948],[54.385715,24.48887],[54.385791,24.488776],[54.38572,24.488724]]]}},{"type":"Feature","properties":{},"geometry":{"type":"Polygon","coordinates":[[[54.385137,24.488888],[54.385384,24.48907],[54.385524,24.48891],[54.385455,24.48886],[54.385374,24.48895],[54.38527,24.488871],[54.385349,24.488784],[54.385276,24.488729],[54.385137,24.488888]]]}},{"type":"Feature","properties":{},"geometry":{"type":"Polygon","coordinates":[[[54.385265,24.489056],[54.385204,24.48901],[54.385139,24.489081],[54.385188,24.488997],[54.385147,24.488972],[54.385098,24.489064],[54.385138,24.489083],[54.385131,24.489098],[54.385193,24.489144],[54.385265,24.489056]]]}},{"type":"Feature","properties":{},"geometry":{"type":"Polygon","coordinates":[[[54.385906,24.489036],[54.385865,24.489085],[54.385908,24.489119],[54.385949,24.489071],[54.385906,24.489036]]]}},{"type":"Feature","properties":{},"geometry":{"type":"Polygon","coordinates":[[[54.385515,24.48901],[54.385267,24.48929],[54.385269,24.489309],[54.385381,24.489386],[54.385493,24.489257],[54.385491,24.489238],[54.385463,24.489219],[54.385527,24.489144],[54.38564,24.489227],[54.385602,24.489268],[54.385604,24.489287],[54.385668,24.489333],[54.385768,24.48922],[54.385766,24.489201],[54.385515,24.48901]]]}},{"type":"Feature","properties":{},"geometry":{"type":"Polygon","coordinates":[[[54.385846,24.489256],[54.385755,24.489387],[54.385825,24.489429],[54.385917,24.489299],[54.385846,24.489256]]]}},{"type":"Feature","properties":{},"geometry":{"type":"Polygon","coordinates":[[[54.385923,24.489465],[54.385925,24.489484],[54.386193,24.489679],[54.386322,24.489504],[54.38632,24.489485],[54.386041,24.489309],[54.385923,24.489465]]]}},{"type":"Feature","properties":{},"geometry":{"type":"Polygon","coordinates":[[[54.385596,24.489496],[54.386066,24.489826],[54.386101,24.489776],[54.385634,24.489447],[54.385596,24.489496]]]}},{"type":"Feature","properties":{},"geometry":{"type":"Polygon","coordinates":[[[54.38471,24.489769],[54.384496,24.489626],[54.384384,24.489764],[54.384386,24.48978],[54.3846,24.489924],[54.384611,24.48991],[54.384613,24.489925],[54.384786,24.490048],[54.384898,24.489916],[54.384896,24.4899],[54.384723,24.489777],[54.384635,24.48988],[54.384712,24.489786],[54.38471,24.489769]]]}},{"type":"Feature","properties":{},"geometry":{"type":"Polygon","coordinates":[[[54.386196,24.489916],[54.386233,24.489877],[54.386143,24.489808],[54.386108,24.489847],[54.386196,24.489916]]]}},{"type":"Feature","properties":{},"geometry":{"type":"Polygon","coordinates":[[[54.3869,24.490036],[54.386898,24.490085],[54.386963,24.490087],[54.386964,24.490038],[54.3869,24.490036]]]}},{"type":"Feature","properties":{},"geometry":{"type":"Polygon","coordinates":[[[54.384871,24.490186],[54.384873,24.490205],[54.385023,24.490315],[54.385188,24.490129],[54.385186,24.490111],[54.385054,24.490014],[54.384952,24.490128],[54.384934,24.490115],[54.384871,24.490186]]]}},{"type":"Feature","properties":{},"geometry":{"type":"Polygon","coordinates":[[[54.386836,24.490262],[54.387058,24.490421],[54.387178,24.490277],[54.386955,24.490116],[54.386836,24.490262]]]}},{"type":"Feature","properties":{},"geometry":{"type":"Polygon","coordinates":[[[54.384885,24.490218],[54.38473,24.490397],[54.384732,24.490414],[54.384876,24.490517],[54.385031,24.490339],[54.385029,24.490322],[54.384885,24.490218]]]}},{"type":"Feature","properties":{},"geometry":{"type":"Polygon","coordinates":[[[54.384697,24.490399],[54.384539,24.490585],[54.384541,24.490602],[54.384689,24.490706],[54.384847,24.490521],[54.384845,24.490504],[54.384697,24.490399]]]}},{"type":"Feature","properties":{},"geometry":{"type":"Polygon","coordinates":[[[54.386298,24.490931],[54.386343,24.490862],[54.386307,24.490837],[54.386313,24.490821],[54.386213,24.490767],[54.386158,24.490851],[54.386298,24.490931]]]}},{"type":"Feature","properties":{},"geometry":{"type":"Polygon","coordinates":[[[54.386124,24.491806],[54.386169,24.491703],[54.386278,24.491787],[54.386347,24.491691],[54.386247,24.491622],[54.386458,24.49151],[54.386623,24.4913],[54.385526,24.490487],[54.384777,24.49139],[54.38621,24.492367],[54.386267,24.492254],[54.386236,24.492187],[54.386149,24.492098],[54.386124,24.491806]]]}},{"type":"Feature","properties":{},"geometry":{"type":"Polygon","coordinates":[[[54.384721,24.491479],[54.384771,24.4915],[54.384794,24.491446],[54.384744,24.491426],[54.384721,24.491479]]]}},{"type":"Feature","properties":{},"geometry":{"type":"Polygon","coordinates":[[[54.384689,24.491632],[54.384726,24.491596],[54.384666,24.491539],[54.384628,24.491576],[54.384689,24.491632]]]}},{"type":"Feature","properties":{},"geometry":{"type":"Polygon","coordinates":[[[54.384508,24.49173],[54.384816,24.491941],[54.384881,24.491855],[54.384574,24.491644],[54.384508,24.49173]]]}},{"type":"Feature","properties":{},"geometry":{"type":"Polygon","coordinates":[[[54.384486,24.491793],[54.384768,24.491991],[54.384796,24.491952],[54.384513,24.491754],[54.384486,24.491793]]]}},{"type":"Feature","properties":{},"geometry":{"type":"Polygon","coordinates":[[[54.385094,24.491848],[54.384938,24.491981],[54.385063,24.492108],[54.3851,24.492076],[54.385127,24.492102],[54.3852,24.49204],[54.385153,24.49199],[54.385252,24.491906],[54.385171,24.491822],[54.385115,24.491869],[54.385094,24.491848]]]}},{"type":"Feature","properties":{},"geometry":{"type":"Polygon","coordinates":[[[54.385466,24.491961],[54.385403,24.492064],[54.385447,24.492087],[54.385509,24.491985],[54.385466,24.491961]]]}},{"type":"Feature","properties":{},"geometry":{"type":"Polygon","coordinates":[[[54.385246,24.492015],[54.385101,24.492195],[54.385133,24.492217],[54.385279,24.492037],[54.385246,24.492015]]]}},{"type":"Feature","properties":{},"geometry":{"type":"Polygon","coordinates":[[[54.385008,24.492244],[54.385061,24.492202],[54.385095,24.492151],[54.385093,24.492132],[54.38501,24.492085],[54.384958,24.492031],[54.384879,24.492132],[54.384835,24.492107],[54.384774,24.492154],[54.384704,24.492257],[54.384706,24.492276],[54.384924,24.492398],[54.385004,24.49228],[54.385002,24.492261],[54.384939,24.492205],[54.385008,24.492244]],[[54.384965,24.492145],[54.384939,24.492205],[54.384915,24.492184],[54.384965,24.492145]]]}},{"type":"Feature","properties":{},"geometry":{"type":"Polygon","coordinates":[[[54.385399,24.492266],[54.38548,24.49232],[54.385444,24.49236],[54.385342,24.492296],[54.385167,24.492504],[54.385171,24.492532],[54.386088,24.493196],[54.386316,24.492603],[54.386313,24.492575],[54.385554,24.492038],[54.385395,24.492238],[54.385399,24.492266]]]}},{"type":"Feature","properties":{},"geometry":{"type":"Polygon","coordinates":[[[54.384555,24.492598],[54.384528,24.492625],[54.384676,24.492752],[54.384731,24.492691],[54.384655,24.492629],[54.384627,24.492657],[54.384555,24.492598]]]}},{"type":"Feature","properties":{},"geometry":{"type":"Polygon","coordinates":[[[54.384797,24.492733],[54.384751,24.492798],[54.384861,24.492869],[54.384907,24.492799],[54.384797,24.492733]]]}},{"type":"Feature","properties":{},"geometry":{"type":"Polygon","coordinates":[[[54.387809,24.493626],[54.387991,24.493696],[54.388412,24.492986],[54.388344,24.492845],[54.38829,24.492837],[54.388253,24.492863],[54.388243,24.492902],[54.388222,24.492885],[54.387805,24.493598],[54.387809,24.493626]]]}},{"type":"Feature","properties":{},"geometry":{"type":"Polygon","coordinates":[[[54.385524,24.494046],[54.385517,24.493985],[54.384727,24.493442],[54.384327,24.493925],[54.384334,24.493986],[54.384555,24.494138],[54.384798,24.493845],[54.385367,24.494236],[54.385524,24.494046]]]}},{"type":"Feature","properties":{},"geometry":{"type":"Polygon","coordinates":[[[54.38838,24.493917],[54.388386,24.49396],[54.388499,24.493947],[54.388493,24.493904],[54.38838,24.493917]]]}},{"type":"Feature","properties":{},"geometry":{"type":"Polygon","coordinates":[[[54.389311,24.493854],[54.389364,24.494237],[54.390174,24.494143],[54.390121,24.493761],[54.389311,24.493854]]]}},{"type":"Feature","properties":{},"geometry":{"type":"Polygon","coordinates":[[[54.388313,24.493964],[54.388281,24.494089],[54.388339,24.494103],[54.388371,24.493978],[54.388313,24.493964]]]}},{"type":"Feature","properties":{},"geometry":{"type":"Polygon","coordinates":[[[54.389306,24.49419],[54.389229,24.494193],[54.389223,24.494106],[54.389211,24.494097],[54.389227,24.494067],[54.389211,24.494029],[54.389228,24.494011],[54.389228,24.493941],[54.389225,24.493913],[54.3892,24.493893],[54.389238,24.493854],[54.389231,24.49374],[54.389211,24.493725],[54.389214,24.493647],[54.389114,24.493651],[54.389108,24.493557],[54.389031,24.493561],[54.389052,24.49403],[54.389125,24.494088],[54.389101,24.494112],[54.389137,24.494803],[54.389225,24.494799],[54.389234,24.49496],[54.389346,24.494956],[54.389306,24.49419]]]}},{"type":"Feature","properties":{},"geometry":{"type":"Polygon","coordinates":[[[54.387358,24.494681],[54.387363,24.494725],[54.387703,24.494954],[54.387832,24.494782],[54.387827,24.494738],[54.387646,24.494627],[54.387791,24.494274],[54.387986,24.494339],[54.388061,24.494156],[54.388056,24.494112],[54.387649,24.493977],[54.387358,24.494681]]]}},{"type":"Feature","properties":{},"geometry":{"type":"Polygon","coordinates":[[[54.385326,24.494734],[54.385299,24.494769],[54.385269,24.494751],[54.385134,24.494932],[54.385225,24.495002],[54.385312,24.495046],[54.385444,24.494875],[54.385376,24.494826],[54.385404,24.494789],[54.385326,24.494734]]]}},{"type":"Feature","properties":{},"geometry":{"type":"Polygon","coordinates":[[[54.388159,24.495819],[54.388232,24.495812],[54.38824,24.495875],[54.388497,24.495849],[54.388485,24.495747],[54.388404,24.495755],[54.388398,24.495709],[54.388299,24.495719],[54.388296,24.49569],[54.388146,24.495705],[54.388159,24.495819]]]}},{"type":"Feature","properties":{},"geometry":{"type":"Polygon","coordinates":[[[54.387574,24.496068],[54.387669,24.496789],[54.38842,24.496706],[54.388325,24.495985],[54.387574,24.496068]]]}},{"type":"Feature","properties":{},"geometry":{"type":"Polygon","coordinates":[[[54.386579,24.497389],[54.38654,24.497392],[54.386585,24.497759],[54.386624,24.497755],[54.386643,24.497912],[54.386615,24.497915],[54.386627,24.498014],[54.386667,24.49801],[54.38671,24.49836],[54.386674,24.498363],[54.386683,24.498437],[54.386731,24.498432],[54.386773,24.498771],[54.387145,24.498733],[54.387125,24.498571],[54.387248,24.498559],[54.387224,24.498353],[54.387653,24.498321],[54.387637,24.498184],[54.387909,24.498157],[54.387923,24.49827],[54.388073,24.498255],[54.388065,24.498192],[54.388086,24.49819],[54.388089,24.498214],[54.388147,24.498208],[54.388144,24.498184],[54.38817,24.498181],[54.388177,24.49824],[54.388318,24.498225],[54.388299,24.498067],[54.388783,24.498018],[54.388708,24.497442],[54.388974,24.497416],[54.388965,24.497337],[54.388986,24.497335],[54.38896,24.497113],[54.388935,24.497116],[54.388926,24.497036],[54.388658,24.497062],[54.388649,24.496995],[54.387604,24.497104],[54.387617,24.497215],[54.387525,24.497221],[54.38752,24.497188],[54.387077,24.497236],[54.387055,24.497068],[54.387325,24.497035],[54.387311,24.496928],[54.38704,24.496954],[54.38694,24.496187],[54.386709,24.496212],[54.38685,24.497281],[54.38657,24.497309],[54.386579,24.497389]]]}},{"type":"Feature","properties":{},"geometry":{"type":"Polygon","coordinates":[[[54.384421,24.497102],[54.384347,24.497202],[54.384417,24.497247],[54.384491,24.497147],[54.384421,24.497102]]]}},{"type":"Feature","properties":{},"geometry":{"type":"Polygon","coordinates":[[[54.389683,24.497601],[54.389601,24.497604],[54.389604,24.497657],[54.389542,24.49766],[54.389549,24.497811],[54.389751,24.497799],[54.389743,24.497623],[54.389684,24.497625],[54.389683,24.497601]]]}},{"type":"Feature","properties":{},"geometry":{"type":"Polygon","coordinates":[[[54.386817,24.498866],[54.386647,24.498885],[54.386654,24.498945],[54.386822,24.498927],[54.386817,24.498866]]]}},{"type":"Feature","properties":{},"geometry":{"type":"Polygon","coordinates":[[[54.389987,24.499854],[54.390312,24.502373],[54.389868,24.502417],[54.389851,24.502276],[54.388637,24.502403],[54.388743,24.503242],[54.389956,24.503115],[54.389888,24.502575],[54.390331,24.502525],[54.390407,24.50311],[54.391158,24.503046],[54.391101,24.502533],[54.39142,24.50249],[54.39098,24.498843],[54.389877,24.498968],[54.389968,24.499683],[54.389471,24.499728],[54.389403,24.499085],[54.388005,24.4992],[54.388105,24.500129],[54.388825,24.500057],[54.388836,24.500149],[54.389066,24.500126],[54.389053,24.500019],[54.389498,24.499979],[54.38949,24.499904],[54.389987,24.499854]]]}},{"type":"Feature","properties":{},"geometry":{"type":"Polygon","coordinates":[[[54.388013,24.501057],[54.388048,24.501148],[54.388214,24.500989],[54.388294,24.501641],[54.388112,24.501492],[54.38812,24.501571],[54.388053,24.501752],[54.388155,24.501769],[54.388134,24.501871],[54.387938,24.502084],[54.387908,24.50206],[54.387837,24.502137],[54.387867,24.502165],[54.387893,24.502138],[54.387597,24.502492],[54.387688,24.502594],[54.387657,24.502602],[54.387613,24.502521],[54.387477,24.502822],[54.387585,24.502867],[54.387662,24.503037],[54.387577,24.503046],[54.387576,24.503105],[54.387363,24.503126],[54.387339,24.50325],[54.387347,24.503318],[54.387672,24.503274],[54.387683,24.503459],[54.38824,24.503262],[54.388232,24.503194],[54.388072,24.503066],[54.388044,24.503077],[54.387899,24.502738],[54.388089,24.502404],[54.388436,24.502371],[54.388439,24.502399],[54.389072,24.502341],[54.389069,24.502312],[54.389381,24.502283],[54.389296,24.501413],[54.389357,24.501293],[54.389445,24.501257],[54.38958,24.501272],[54.389686,24.50132],[54.389647,24.500933],[54.389449,24.50104],[54.389335,24.501049],[54.389208,24.500967],[54.389113,24.500147],[54.388807,24.500174],[54.388793,24.500075],[54.388104,24.50016],[54.387841,24.500174],[54.387727,24.499275],[54.386775,24.499375],[54.386771,24.499534],[54.38688,24.499811],[54.386929,24.499894],[54.387238,24.500237],[54.387463,24.500416],[54.387479,24.500414],[54.387533,24.500469],[54.388089,24.500866],[54.387919,24.500905],[54.388013,24.501057]]]}},{"type":"Feature","properties":{},"geometry":{"type":"Polygon","coordinates":[[[54.389426,24.500263],[54.389421,24.500227],[54.389282,24.500242],[54.389287,24.500282],[54.389168,24.500294],[54.389237,24.500868],[54.389344,24.500857],[54.389348,24.500889],[54.389509,24.500872],[54.389505,24.500839],[54.389636,24.500826],[54.389567,24.500249],[54.389426,24.500263]]]}},{"type":"Feature","properties":{},"geometry":{"type":"Polygon","coordinates":[[[54.389737,24.501471],[54.389597,24.501482],[54.389594,24.501451],[54.389464,24.501461],[54.389467,24.501497],[54.389347,24.501506],[54.389401,24.502076],[54.389526,24.502066],[54.38953,24.502102],[54.389669,24.502091],[54.389666,24.502052],[54.389791,24.502042],[54.389737,24.501471]]]}},{"type":"Feature","properties":{},"geometry":{"type":"Polygon","coordinates":[[[54.389134,24.503267],[54.389134,24.503326],[54.389241,24.503328],[54.389242,24.503268],[54.389134,24.503267]]]}},{"type":"Feature","properties":{},"geometry":{"type":"Polygon","coordinates":[[[54.388744,24.503384],[54.388959,24.503359],[54.388952,24.503303],[54.388737,24.503327],[54.388744,24.503384]]]}},{"type":"Feature","properties":{},"geometry":{"type":"Polygon","coordinates":[[[54.387996,24.503652],[54.38806,24.503637],[54.388048,24.50359],[54.387984,24.503605],[54.387996,24.503652]]]}},{"type":"Feature","properties":{},"geometry":{"type":"Polygon","coordinates":[[[54.387519,24.503969],[54.3874,24.503984],[54.387407,24.504032],[54.387489,24.504022],[54.387494,24.504106],[54.387558,24.504104],[54.387554,24.504018],[54.387506,24.50402],[54.387525,24.504011],[54.387519,24.503969]]]}},{"type":"Feature","properties":{},"geometry":{"type":"Polygon","coordinates":[[[54.387362,24.50404],[54.387371,24.504092],[54.387415,24.504086],[54.387406,24.504034],[54.387362,24.50404]]]}},{"type":"Feature","properties":{},"geometry":{"type":"Polygon","coordinates":[[[54.389152,24.507028],[54.389156,24.507068],[54.389252,24.50706],[54.389248,24.507021],[54.389152,24.507028]]]}},{"type":"Feature","properties":{},"geometry":{"type":"Polygon","coordinates":[[[54.39058,24.482459],[54.390564,24.482588],[54.390698,24.4826],[54.390718,24.482472],[54.39058,24.482459]]]}},{"type":"Feature","properties":{},"geometry":{"type":"Polygon","coordinates":[[[54.390942,24.482565],[54.390826,24.482777],[54.390912,24.482822],[54.391035,24.482607],[54.390942,24.482565]]]}},{"type":"Feature","properties":{},"geometry":{"type":"Polygon","coordinates":[[[54.391062,24.48262],[54.390947,24.482834],[54.391029,24.482872],[54.391149,24.48266],[54.391062,24.48262]]]}},{"type":"Feature","properties":{},"geometry":{"type":"Polygon","coordinates":[[[54.390462,24.48274],[54.390711,24.482878],[54.390765,24.482792],[54.390518,24.482654],[54.390462,24.48274]]]}},{"type":"Feature","properties":{},"geometry":{"type":"Polygon","coordinates":[[[54.391254,24.482802],[54.391248,24.482821],[54.391262,24.482829],[54.391235,24.482884],[54.391383,24.482952],[54.391462,24.482801],[54.391195,24.48268],[54.391156,24.482756],[54.391254,24.482802]]]}},{"type":"Feature","properties":{},"geometry":{"type":"Polygon","coordinates":[[[54.389997,24.482755],[54.389907,24.482825],[54.389973,24.4829],[54.390062,24.482824],[54.389997,24.482755]]]}},{"type":"Feature","properties":{},"geometry":{"type":"Polygon","coordinates":[[[54.391191,24.482839],[54.391151,24.482908],[54.391196,24.482931],[54.391234,24.482861],[54.391191,24.482839]]]}},{"type":"Feature","properties":{},"geometry":{"type":"Polygon","coordinates":[[[54.391744,24.482902],[54.391742,24.482883],[54.391509,24.482769],[54.391275,24.48317],[54.391277,24.483189],[54.391505,24.483301],[54.391582,24.483179],[54.39158,24.48316],[54.3915,24.483101],[54.391566,24.482992],[54.391613,24.483016],[54.391623,24.482998],[54.391669,24.483022],[54.391744,24.482902]]]}},{"type":"Feature","properties":{},"geometry":{"type":"Polygon","coordinates":[[[54.392022,24.483049],[54.392118,24.483095],[54.392141,24.483051],[54.392042,24.483006],[54.392022,24.483049]]]}},{"type":"Feature","properties":{},"geometry":{"type":"Polygon","coordinates":[[[54.390998,24.48303],[54.391239,24.483173],[54.391302,24.483085],[54.391056,24.482942],[54.390998,24.48303]]]}},{"type":"Feature","properties":{},"geometry":{"type":"Polygon","coordinates":[[[54.392174,24.483027],[54.392146,24.483078],[54.392252,24.483133],[54.392281,24.483077],[54.392174,24.483027]]]}},{"type":"Feature","properties":{},"geometry":{"type":"Polygon","coordinates":[[[54.392207,24.483218],[54.392261,24.483248],[54.39232,24.483146],[54.392267,24.483114],[54.392207,24.483218]]]}},{"type":"Feature","properties":{},"geometry":{"type":"Polygon","coordinates":[[[54.392282,24.483312],[54.392376,24.48336],[54.392477,24.483185],[54.392379,24.483134],[54.392282,24.483312]]]}},{"type":"Feature","properties":{},"geometry":{"type":"Polygon","coordinates":[[[54.391517,24.483423],[54.391612,24.483463],[54.391627,24.483427],[54.391532,24.483387],[54.391517,24.483423]]]}},{"type":"Feature","properties":{},"geometry":{"type":"Polygon","coordinates":[[[54.391302,24.483638],[54.3913,24.483619],[54.391246,24.483575],[54.39126,24.483558],[54.391326,24.483613],[54.39141,24.483517],[54.391408,24.483498],[54.391224,24.483358],[54.391015,24.483564],[54.391017,24.483583],[54.391222,24.483729],[54.391187,24.483766],[54.391325,24.483902],[54.391412,24.483826],[54.391274,24.483685],[54.391225,24.483727],[54.391302,24.483638]]]}},{"type":"Feature","properties":{},"geometry":{"type":"Polygon","coordinates":[[[54.39068,24.484453],[54.390799,24.484569],[54.39089,24.484485],[54.390771,24.484369],[54.39068,24.484453]]]}},{"type":"Feature","properties":{},"geometry":{"type":"Polygon","coordinates":[[[54.395256,24.487186],[54.395144,24.487174],[54.395019,24.487192],[54.39497,24.487235],[54.394978,24.487305],[54.394866,24.487404],[54.394864,24.487477],[54.394872,24.487547],[54.394994,24.48766],[54.395378,24.487319],[54.39537,24.487249],[54.395338,24.487219],[54.395256,24.487186]]]}},{"type":"Feature","properties":{},"geometry":{"type":"Polygon","coordinates":[[[54.394069,24.487832],[54.3942,24.487958],[54.394524,24.488331],[54.394614,24.488261],[54.394619,24.488299],[54.394801,24.488486],[54.394912,24.488396],[54.394976,24.488462],[54.395193,24.488286],[54.395185,24.488219],[54.395151,24.488185],[54.395217,24.488132],[54.395209,24.488065],[54.395036,24.487889],[54.394747,24.487473],[54.39462,24.487343],[54.394572,24.487382],[54.394555,24.487364],[54.394369,24.487515],[54.394371,24.487534],[54.394509,24.487675],[54.394425,24.487746],[54.394275,24.4876],[54.394095,24.487756],[54.394104,24.487781],[54.394066,24.487813],[54.394069,24.487832]]]}},{"type":"Feature","properties":{},"geometry":{"type":"Polygon","coordinates":[[[54.392539,24.489025],[54.392689,24.489113],[54.39284,24.489259],[54.392887,24.489326],[54.393256,24.489178],[54.393273,24.489282],[54.393804,24.489213],[54.39375,24.488869],[54.393172,24.488945],[54.393098,24.488906],[54.393043,24.488846],[54.393017,24.488786],[54.393025,24.488665],[54.393057,24.488608],[54.393107,24.488561],[54.393182,24.488525],[54.393708,24.488479],[54.393649,24.487917],[54.392872,24.487985],[54.392909,24.488341],[54.392655,24.488656],[54.392483,24.488575],[54.392314,24.488534],[54.392295,24.488626],[54.392215,24.488605],[54.392125,24.488947],[54.392388,24.488973],[54.392539,24.489025]]]}},{"type":"Feature","properties":{},"geometry":{"type":"Polygon","coordinates":[[[54.394622,24.488843],[54.39452,24.488853],[54.394508,24.488755],[54.394327,24.488773],[54.394339,24.488873],[54.39419,24.488888],[54.394239,24.4893],[54.394392,24.489285],[54.394406,24.489403],[54.394593,24.489384],[54.394579,24.489271],[54.394671,24.489262],[54.394622,24.488843]]]}},{"type":"Feature","properties":{},"geometry":{"type":"Polygon","coordinates":[[[54.394704,24.489573],[54.394603,24.489582],[54.394592,24.489484],[54.39441,24.489501],[54.394421,24.489601],[54.394271,24.489615],[54.394319,24.490032],[54.394472,24.490017],[54.394489,24.490161],[54.394677,24.490143],[54.39466,24.489998],[54.394752,24.489989],[54.394704,24.489573]]]}},{"type":"Feature","properties":{},"geometry":{"type":"Polygon","coordinates":[[[54.392303,24.490941],[54.392377,24.490877],[54.392504,24.490877],[54.39257,24.491004],[54.392985,24.49095],[54.393301,24.491137],[54.393391,24.491016],[54.393474,24.491121],[54.393567,24.491174],[54.393673,24.4912],[54.393753,24.491196],[54.393441,24.491575],[54.393494,24.491723],[54.39383,24.491955],[54.395053,24.490483],[54.394882,24.49037],[54.394497,24.490409],[54.394352,24.490468],[54.394056,24.490827],[54.394011,24.490704],[54.393938,24.490627],[54.393842,24.490574],[54.393745,24.490553],[54.393841,24.490501],[54.393979,24.490325],[54.393891,24.489814],[54.393513,24.489847],[54.393237,24.48969],[54.392995,24.489698],[54.392899,24.490086],[54.392856,24.490178],[54.392767,24.490289],[54.392729,24.490281],[54.392598,24.490361],[54.392349,24.490475],[54.392143,24.490511],[54.391935,24.490511],[54.391736,24.490465],[54.391721,24.490502],[54.391734,24.490577],[54.3917,24.4906],[54.391652,24.490717],[54.391725,24.490786],[54.391943,24.490829],[54.392303,24.490941]]]}},{"type":"Feature","properties":{},"geometry":{"type":"Polygon","coordinates":[[[54.392506,24.491488],[54.392491,24.491371],[54.392899,24.491328],[54.392869,24.491091],[54.392169,24.491164],[54.392213,24.491519],[54.392506,24.491488]]]}},{"type":"Feature","properties":{},"geometry":{"type":"Polygon","coordinates":[[[54.394754,24.49168],[54.394762,24.491749],[54.395003,24.491923],[54.395037,24.491884],[54.39514,24.491958],[54.395242,24.491841],[54.395234,24.491772],[54.395181,24.491734],[54.395182,24.491654],[54.394932,24.491475],[54.394754,24.49168]]]}},{"type":"Feature","properties":{},"geometry":{"type":"Polygon","coordinates":[[[54.392934,24.491532],[54.39246,24.491593],[54.392556,24.492226],[54.392972,24.492172],[54.392999,24.491972],[54.392934,24.491532]]]}},{"type":"Feature","properties":{},"geometry":{"type":"Polygon","coordinates":[[[54.394815,24.491978],[54.394662,24.491877],[54.394623,24.491927],[54.394529,24.491865],[54.394395,24.492033],[54.394403,24.492102],[54.394453,24.492135],[54.394456,24.492211],[54.394591,24.492301],[54.394664,24.492209],[54.39476,24.492272],[54.394835,24.492178],[54.394827,24.492108],[54.394793,24.492086],[54.394823,24.492048],[54.394815,24.491978]]]}},{"type":"Feature","properties":{},"geometry":{"type":"Polygon","coordinates":[[[54.393984,24.49204],[54.393805,24.492246],[54.393814,24.492318],[54.394055,24.492492],[54.394089,24.492453],[54.394192,24.492527],[54.394294,24.49241],[54.394285,24.492338],[54.394234,24.492301],[54.394233,24.49222],[54.393984,24.49204]]]}},{"type":"Feature","properties":{},"geometry":{"type":"Polygon","coordinates":[[[54.392226,24.492479],[54.392298,24.492945],[54.39288,24.492867],[54.392808,24.492401],[54.392226,24.492479]]]}},{"type":"Feature","properties":{},"geometry":{"type":"Polygon","coordinates":[[[54.390587,24.492771],[54.3904,24.492948],[54.390506,24.493044],[54.390693,24.492868],[54.390587,24.492771]]]}},{"type":"Feature","properties":{},"geometry":{"type":"Polygon","coordinates":[[[54.39331,24.49449],[54.393347,24.494749],[54.393616,24.494717],[54.393582,24.494482],[54.393522,24.49449],[54.393515,24.494441],[54.393367,24.494459],[54.393369,24.494478],[54.39331,24.49449]]]}},{"type":"Feature","properties":{},"geometry":{"type":"Polygon","coordinates":[[[54.394289,24.495815],[54.3942,24.495176],[54.393632,24.495242],[54.393743,24.496037],[54.393867,24.496022],[54.394072,24.49584],[54.394289,24.495815]]]}},{"type":"Feature","properties":{},"geometry":{"type":"Polygon","coordinates":[[[54.3928,24.496066],[54.39366,24.495981],[54.393572,24.495316],[54.392676,24.495443],[54.392744,24.496109],[54.3928,24.496066]]]}},{"type":"Feature","properties":{},"geometry":{"type":"Polygon","coordinates":[[[54.390109,24.495729],[54.390114,24.495842],[54.390232,24.495839],[54.390227,24.495726],[54.390109,24.495729]]]}},{"type":"Feature","properties":{},"geometry":{"type":"Polygon","coordinates":[[[54.389841,24.495821],[54.389862,24.495934],[54.389956,24.495919],[54.389935,24.495807],[54.389841,24.495821]]]}},{"type":"Feature","properties":{},"geometry":{"type":"Polygon","coordinates":[[[54.390437,24.496144],[54.390514,24.496136],[54.390515,24.496152],[54.390557,24.49615],[54.390568,24.496338],[54.390643,24.496334],[54.39063,24.496105],[54.390576,24.495677],[54.390226,24.495712],[54.390269,24.49607],[54.39023,24.496074],[54.390224,24.496025],[54.390147,24.496033],[54.390159,24.496136],[54.390176,24.496134],[54.390208,24.496392],[54.390392,24.496373],[54.39038,24.496267],[54.390451,24.49626],[54.390437,24.496144]]]}},{"type":"Feature","properties":{},"geometry":{"type":"Polygon","coordinates":[[[54.390389,24.496273],[54.390393,24.496353],[54.390509,24.49635],[54.390506,24.49627],[54.390389,24.496273]]]}},{"type":"Feature","properties":{},"geometry":{"type":"Polygon","coordinates":[[[54.391541,24.496979],[54.391544,24.497023],[54.391664,24.497018],[54.391661,24.496974],[54.391541,24.496979]]]}},{"type":"Feature","properties":{},"geometry":{"type":"Polygon","coordinates":[[[54.391422,24.496985],[54.391421,24.497025],[54.391496,24.497027],[54.391497,24.496987],[54.391422,24.496985]]]}},{"type":"Feature","properties":{},"geometry":{"type":"Polygon","coordinates":[[[54.391616,24.497133],[54.39167,24.497124],[54.391662,24.49708],[54.391607,24.49709],[54.391616,24.497133]]]}},{"type":"Feature","properties":{},"geometry":{"type":"Polygon","coordinates":[[[54.391304,24.497152],[54.391309,24.497052],[54.391186,24.49705],[54.391184,24.497144],[54.391304,24.497152]]]}},{"type":"Feature","properties":{},"geometry":{"type":"Polygon","coordinates":[[[54.39431,24.497106],[54.394313,24.497134],[54.394393,24.497419],[54.394644,24.497536],[54.394772,24.497471],[54.394889,24.497376],[54.394878,24.497301],[54.394921,24.497239],[54.395,24.497201],[54.395033,24.497142],[54.39503,24.497114],[54.394542,24.496821],[54.39431,24.497106]]]}},{"type":"Feature","properties":{},"geometry":{"type":"Polygon","coordinates":[[[54.391232,24.497178],[54.391231,24.497247],[54.391343,24.49725],[54.391345,24.497181],[54.391232,24.497178]]]}},{"type":"Feature","properties":{},"geometry":{"type":"Polygon","coordinates":[[[54.391881,24.497941],[54.391505,24.497815],[54.391368,24.497883],[54.391413,24.498201],[54.391506,24.498257],[54.391922,24.498238],[54.391881,24.497941]]]}},{"type":"Feature","properties":{},"geometry":{"type":"Polygon","coordinates":[[[54.393313,24.498116],[54.393311,24.498202],[54.393353,24.498203],[54.393355,24.498117],[54.393313,24.498116]]]}},{"type":"Feature","properties":{},"geometry":{"type":"Polygon","coordinates":[[[54.389896,24.498215],[54.389947,24.498625],[54.39098,24.498518],[54.390929,24.498107],[54.389896,24.498215]]]}},{"type":"Feature","properties":{},"geometry":{"type":"Polygon","coordinates":[[[54.393625,24.499693],[54.395373,24.4995],[54.39526,24.498664],[54.395136,24.498542],[54.393466,24.49866],[54.393625,24.499693]]]}},{"type":"Feature","properties":{},"geometry":{"type":"Polygon","coordinates":[[[54.394869,24.500337],[54.39489,24.500456],[54.394937,24.500449],[54.394916,24.50033],[54.394869,24.500337]]]}},{"type":"Feature","properties":{},"geometry":{"type":"Polygon","coordinates":[[[54.391889,24.500727],[54.391623,24.500751],[54.391662,24.501018],[54.391923,24.500988],[54.391889,24.500727]]]}},{"type":"Feature","properties":{},"geometry":{"type":"Polygon","coordinates":[[[54.392091,24.503633],[54.3921,24.503688],[54.392192,24.503675],[54.392183,24.503621],[54.392091,24.503633]]]}},{"type":"Feature","properties":{},"geometry":{"type":"Polygon","coordinates":[[[54.392463,24.503763],[54.392464,24.503817],[54.392555,24.503816],[54.392554,24.503762],[54.392463,24.503763]]]}},{"type":"Feature","properties":{},"geometry":{"type":"Polygon","coordinates":[[[54.392105,24.503737],[54.392112,24.503845],[54.392275,24.503837],[54.392268,24.503729],[54.392105,24.503737]]]}},{"type":"Feature","properties":{},"geometry":{"type":"Polygon","coordinates":[[[54.392347,24.503906],[54.39238,24.504132],[54.392591,24.504107],[54.392558,24.503881],[54.392347,24.503906]]]}},{"type":"Feature","properties":{},"geometry":{"type":"Polygon","coordinates":[[[54.392065,24.504138],[54.392116,24.504136],[54.392104,24.503938],[54.392054,24.50394],[54.392065,24.504138]]]}},{"type":"Feature","properties":{},"geometry":{"type":"Polygon","coordinates":[[[54.392224,24.504451],[54.392331,24.50444],[54.392272,24.503917],[54.392164,24.503927],[54.392224,24.504451]]]}},{"type":"Feature","properties":{},"geometry":{"type":"Polygon","coordinates":[[[54.392511,24.504268],[54.392524,24.504309],[54.392593,24.50429],[54.39258,24.504249],[54.392511,24.504268]]]}},{"type":"Feature","properties":{},"geometry":{"type":"Polygon","coordinates":[[[54.392381,24.504171],[54.392398,24.504413],[54.392505,24.504406],[54.392488,24.504165],[54.392381,24.504171]]]}},{"type":"Feature","properties":{},"geometry":{"type":"Polygon","coordinates":[[[54.39209,24.504227],[54.392098,24.504401],[54.392148,24.504399],[54.392139,24.504225],[54.39209,24.504227]]]}},{"type":"Feature","properties":{},"geometry":{"type":"Polygon","coordinates":[[[54.392177,24.504496],[54.392212,24.50479],[54.392655,24.504746],[54.39262,24.504452],[54.392177,24.504496]]]}},{"type":"Feature","properties":{},"geometry":{"type":"Polygon","coordinates":[[[54.392173,24.504863],[54.392182,24.504948],[54.392236,24.504944],[54.392228,24.504858],[54.392173,24.504863]]]}},{"type":"Feature","properties":{},"geometry":{"type":"Polygon","coordinates":[[[54.392452,24.504825],[54.392482,24.505079],[54.392593,24.505069],[54.392563,24.504815],[54.392452,24.504825]]]}},{"type":"Feature","properties":{},"geometry":{"type":"Polygon","coordinates":[[[54.392319,24.505083],[54.392322,24.505199],[54.392435,24.505196],[54.392431,24.505081],[54.392319,24.505083]]]}},{"type":"Feature","properties":{},"geometry":{"type":"Polygon","coordinates":[[[54.392208,24.505104],[54.392212,24.505219],[54.39227,24.505218],[54.392266,24.505103],[54.392208,24.505104]]]}},{"type":"Feature","properties":{},"geometry":{"type":"Polygon","coordinates":[[[54.392522,24.505149],[54.39256,24.505667],[54.392775,24.505655],[54.392737,24.505136],[54.392522,24.505149]]]}},{"type":"Feature","properties":{},"geometry":{"type":"Polygon","coordinates":[[[54.389659,24.50562],[54.389783,24.505612],[54.389761,24.505337],[54.389699,24.505341],[54.389702,24.50538],[54.38964,24.505384],[54.389659,24.50562]]]}},{"type":"Feature","properties":{},"geometry":{"type":"Polygon","coordinates":[[[54.389844,24.50583],[54.390058,24.505816],[54.389993,24.505205],[54.389795,24.505218],[54.389844,24.50583]]]}},{"type":"Feature","properties":{},"geometry":{"type":"Polygon","coordinates":[[[54.39177,24.50681],[54.391777,24.506861],[54.391866,24.506852],[54.391859,24.506801],[54.39177,24.50681]]]}},{"type":"Feature","properties":{},"geometry":{"type":"Polygon","coordinates":[[[54.392088,24.506846],[54.391978,24.506869],[54.392001,24.506965],[54.392068,24.506951],[54.392056,24.506902],[54.392099,24.506893],[54.392088,24.506846]]]}},{"type":"Feature","properties":{},"geometry":{"type":"Polygon","coordinates":[[[54.39188,24.506896],[54.391888,24.506963],[54.391924,24.506959],[54.391916,24.506892],[54.39188,24.506896]]]}},{"type":"Feature","properties":{},"geometry":{"type":"Polygon","coordinates":[[[54.39253,24.506794],[54.392558,24.507156],[54.392744,24.507144],[54.392715,24.506783],[54.39253,24.506794]]]}},{"type":"Feature","properties":{},"geometry":{"type":"Polygon","coordinates":[[[54.391816,24.507149],[54.391942,24.507147],[54.39194,24.507053],[54.391814,24.507055],[54.391816,24.507149]]]}},{"type":"Feature","properties":{},"geometry":{"type":"Polygon","coordinates":[[[54.392912,24.50722],[54.392993,24.507211],[54.392985,24.507152],[54.392904,24.50716],[54.392912,24.50722]]]}},{"type":"Feature","properties":{},"geometry":{"type":"Polygon","coordinates":[[[54.391531,24.507352],[54.391543,24.507509],[54.391946,24.507485],[54.391934,24.507327],[54.391531,24.507352]]]}},{"type":"Feature","properties":{},"geometry":{"type":"Polygon","coordinates":[[[54.391047,24.507429],[54.391047,24.507515],[54.39118,24.507517],[54.39118,24.507431],[54.391047,24.507429]]]}},{"type":"Feature","properties":{},"geometry":{"type":"Polygon","coordinates":[[[54.393104,24.508696],[54.393103,24.508736],[54.393216,24.50874],[54.393217,24.5087],[54.393104,24.508696]]]}},{"type":"Feature","properties":{},"geometry":{"type":"Polygon","coordinates":[[[54.39297,24.508709],[54.392971,24.508745],[54.393089,24.508742],[54.393088,24.508707],[54.39297,24.508709]]]}},{"type":"Feature","properties":{},"geometry":{"type":"Polygon","coordinates":[[[54.393604,24.509096],[54.393608,24.509157],[54.393658,24.509155],[54.393655,24.509094],[54.393604,24.509096]]]}},{"type":"Feature","properties":{},"geometry":{"type":"Polygon","coordinates":[[[54.393311,24.509483],[54.393096,24.509587],[54.393144,24.509674],[54.393187,24.509647],[54.393291,24.509816],[54.393628,24.509644],[54.393625,24.50962],[54.393798,24.509532],[54.393795,24.509504],[54.393563,24.509125],[54.393369,24.509224],[54.393382,24.509268],[54.393366,24.509245],[54.393317,24.509272],[54.393435,24.509448],[54.393477,24.509424],[54.393495,24.509453],[54.393338,24.509532],[54.393311,24.509483]],[[54.393169,24.509616],[54.393261,24.509571],[54.39318,24.509612],[54.393183,24.50964],[54.393169,24.509616]]]}},{"type":"Feature","properties":{},"geometry":{"type":"Polygon","coordinates":[[[54.393818,24.509388],[54.393855,24.509453],[54.39389,24.509436],[54.393853,24.509371],[54.393818,24.509388]]]}},{"type":"Feature","properties":{},"geometry":{"type":"Polygon","coordinates":[[[54.393287,24.509433],[54.393336,24.509505],[54.393382,24.509478],[54.393334,24.509406],[54.393287,24.509433]]]}},{"type":"Feature","properties":{},"geometry":{"type":"Polygon","coordinates":[[[54.393978,24.509629],[54.394012,24.509683],[54.394053,24.50966],[54.394018,24.509606],[54.393978,24.509629]]]}},{"type":"Feature","properties":{},"geometry":{"type":"Polygon","coordinates":[[[54.394018,24.509689],[54.394079,24.50978],[54.394119,24.509751],[54.394058,24.50966],[54.394018,24.509689]]]}},{"type":"Feature","properties":{},"geometry":{"type":"Polygon","coordinates":[[[54.393021,24.509696],[54.392992,24.509738],[54.393064,24.509783],[54.393091,24.509737],[54.393021,24.509696]]]}},{"type":"Feature","properties":{},"geometry":{"type":"Polygon","coordinates":[[[54.394031,24.509807],[54.394077,24.5099],[54.394174,24.509858],[54.394128,24.509765],[54.394031,24.509807]]]}},{"type":"Feature","properties":{},"geometry":{"type":"Polygon","coordinates":[[[54.393869,24.509955],[54.393875,24.509997],[54.393917,24.509991],[54.393911,24.50995],[54.393869,24.509955]]]}},{"type":"Feature","properties":{},"geometry":{"type":"Polygon","coordinates":[[[54.393848,24.510074],[54.39388,24.51014],[54.394195,24.510004],[54.394163,24.509938],[54.393848,24.510074]]]}},{"type":"Feature","properties":{},"geometry":{"type":"Polygon","coordinates":[[[54.394036,24.510199],[54.394112,24.510165],[54.394067,24.510079],[54.393992,24.510113],[54.394036,24.510199]]]}},{"type":"Feature","properties":{},"geometry":{"type":"Polygon","coordinates":[[[54.393764,24.510129],[54.393787,24.510188],[54.393846,24.510168],[54.393823,24.510109],[54.393764,24.510129]]]}},{"type":"Feature","properties":{},"geometry":{"type":"Polygon","coordinates":[[[54.394225,24.510094],[54.394156,24.51016],[54.394253,24.510248],[54.394351,24.510152],[54.39429,24.510095],[54.39426,24.510124],[54.394225,24.510094]]]}},{"type":"Feature","properties":{},"geometry":{"type":"Polygon","coordinates":[[[54.406327,24.480123],[54.406324,24.480095],[54.406269,24.48001],[54.406433,24.479923],[54.40643,24.479895],[54.406373,24.479805],[54.406268,24.479861],[54.406284,24.479841],[54.406281,24.479812],[54.406176,24.479648],[54.405927,24.479779],[54.405972,24.479873],[54.405776,24.479976],[54.405802,24.48004],[54.405737,24.480075],[54.40574,24.480103],[54.405803,24.480202],[54.405819,24.480193],[54.405908,24.480334],[54.406327,24.480123]]]}},{"type":"Feature","properties":{},"geometry":{"type":"Polygon","coordinates":[[[54.406771,24.479935],[54.40668,24.480018],[54.406744,24.480082],[54.406836,24.48],[54.406771,24.479935]]]}},{"type":"Feature","properties":{},"geometry":{"type":"Polygon","coordinates":[[[54.406404,24.480249],[54.406365,24.480334],[54.406484,24.480382],[54.406523,24.480297],[54.406404,24.480249]]]}},{"type":"Feature","properties":{},"geometry":{"type":"Polygon","coordinates":[[[54.406187,24.480469],[54.406222,24.480511],[54.406217,24.480515],[54.406185,24.480475],[54.406104,24.480534],[54.406136,24.480574],[54.406184,24.480543],[54.406173,24.480573],[54.406216,24.480615],[54.406257,24.480581],[54.406439,24.48076],[54.406585,24.480637],[54.406583,24.480618],[54.406398,24.480436],[54.406368,24.480461],[54.406322,24.480415],[54.406379,24.48045],[54.406397,24.480427],[54.406445,24.480456],[54.40648,24.480409],[54.406349,24.480324],[54.406299,24.480393],[54.406291,24.480385],[54.406233,24.480433],[54.406235,24.480447],[54.406226,24.480438],[54.406187,24.480469]],[[54.406299,24.480514],[54.406263,24.480544],[54.406229,24.48051],[54.406264,24.48048],[54.406299,24.480514]]]}},{"type":"Feature","properties":{},"geometry":{"type":"Polygon","coordinates":[[[54.405672,24.480452],[54.4057,24.480503],[54.405775,24.480465],[54.405748,24.480415],[54.405672,24.480452]]]}},{"type":"Feature","properties":{},"geometry":{"type":"Polygon","coordinates":[[[54.405349,24.480806],[54.405371,24.480789],[54.405392,24.480813],[54.405511,24.480726],[54.405508,24.480697],[54.405367,24.480537],[54.405263,24.480613],[54.405173,24.48051],[54.405027,24.480617],[54.404982,24.480566],[54.404751,24.480736],[54.404754,24.480764],[54.404951,24.480987],[54.405123,24.480875],[54.405132,24.480886],[54.405242,24.480805],[54.405237,24.480775],[54.405288,24.480737],[54.405349,24.480806]]]}},{"type":"Feature","properties":{},"geometry":{"type":"Polygon","coordinates":[[[54.40464,24.481125],[54.404658,24.481165],[54.404715,24.481142],[54.404697,24.481102],[54.40464,24.481125]]]}},{"type":"Feature","properties":{},"geometry":{"type":"Polygon","coordinates":[[[54.404448,24.481342],[54.404445,24.481313],[54.404282,24.481036],[54.403673,24.48131],[54.403676,24.481338],[54.40392,24.481612],[54.404448,24.481342]]]}},{"type":"Feature","properties":{},"geometry":{"type":"Polygon","coordinates":[[[54.406178,24.481406],[54.406001,24.481509],[54.405923,24.481577],[54.405928,24.48162],[54.406008,24.481714],[54.406146,24.481925],[54.406233,24.481994],[54.406461,24.481847],[54.406456,24.481804],[54.406244,24.481517],[54.406178,24.481406]]]}},{"type":"Feature","properties":{},"geometry":{"type":"Polygon","coordinates":[[[54.40558,24.481799],[54.405606,24.481896],[54.405751,24.482028],[54.405819,24.482179],[54.405885,24.482239],[54.406125,24.482089],[54.40612,24.482046],[54.405951,24.481864],[54.405846,24.481639],[54.405621,24.481752],[54.40558,24.481799]]]}},{"type":"Feature","properties":{},"geometry":{"type":"Polygon","coordinates":[[[54.405261,24.482119],[54.405292,24.482303],[54.405341,24.482386],[54.405369,24.482376],[54.405422,24.482482],[54.405656,24.482367],[54.405651,24.482324],[54.405622,24.482223],[54.405591,24.482228],[54.405542,24.482007],[54.405398,24.481892],[54.40529,24.481997],[54.405261,24.482119]]]}},{"type":"Feature","properties":{},"geometry":{"type":"Polygon","coordinates":[[[54.406886,24.483027],[54.406884,24.483008],[54.40655,24.482498],[54.406438,24.482559],[54.406526,24.482505],[54.406485,24.482446],[54.406311,24.482559],[54.406351,24.482613],[54.406374,24.482598],[54.40671,24.483122],[54.406886,24.483027]]]}},{"type":"Feature","properties":{},"geometry":{"type":"Polygon","coordinates":[[[54.406314,24.482564],[54.406108,24.482675],[54.406143,24.482733],[54.406349,24.482621],[54.406314,24.482564]]]}},{"type":"Feature","properties":{},"geometry":{"type":"Polygon","coordinates":[[[54.403024,24.483187],[54.403255,24.483046],[54.403079,24.482706],[54.402754,24.48227],[54.402445,24.482395],[54.402365,24.482356],[54.402377,24.482242],[54.402291,24.482238],[54.401421,24.483154],[54.401423,24.48328],[54.401464,24.483344],[54.401639,24.483384],[54.401837,24.483299],[54.402152,24.483214],[54.402571,24.483225],[54.403096,24.483405],[54.403024,24.483187]]]}},{"type":"Feature","properties":{},"geometry":{"type":"Polygon","coordinates":[[[54.405126,24.483265],[54.405313,24.483914],[54.404939,24.484017],[54.404997,24.484387],[54.405706,24.484399],[54.405703,24.483852],[54.405455,24.483133],[54.405126,24.483265]]]}},{"type":"Feature","properties":{},"geometry":{"type":"Polygon","coordinates":[[[54.405017,24.484393],[54.404939,24.484734],[54.404945,24.484781],[54.405624,24.48492],[54.405748,24.484527],[54.405743,24.48448],[54.405017,24.484393]]]}},{"type":"Feature","properties":{},"geometry":{"type":"Polygon","coordinates":[[[54.404476,24.485058],[54.404545,24.484839],[54.40454,24.484515],[54.403751,24.484451],[54.40362,24.484898],[54.403526,24.485074],[54.40334,24.485265],[54.403343,24.485293],[54.403955,24.485829],[54.404151,24.485638],[54.40437,24.485302],[54.404476,24.485058]]]}},{"type":"Feature","properties":{},"geometry":{"type":"Polygon","coordinates":[[[54.406754,24.485552],[54.406713,24.485613],[54.406819,24.485677],[54.406859,24.48561],[54.406754,24.485552]]]}},{"type":"Feature","properties":{},"geometry":{"type":"Polygon","coordinates":[[[54.400743,24.486123],[54.400631,24.486302],[54.40032,24.486616],[54.400169,24.486792],[54.400172,24.486821],[54.400639,24.48715],[54.400757,24.487187],[54.40087,24.487145],[54.40121,24.486391],[54.401207,24.486363],[54.400743,24.486123]]]}},{"type":"Feature","properties":{},"geometry":{"type":"Polygon","coordinates":[[[54.40406,24.486285],[54.404023,24.48626],[54.403971,24.486254],[54.403234,24.486607],[54.403445,24.487174],[54.403479,24.487208],[54.403532,24.487222],[54.403769,24.487138],[54.404123,24.486947],[54.404391,24.486751],[54.404419,24.486711],[54.404408,24.486649],[54.40406,24.486285]],[[54.403948,24.486535],[54.404066,24.486679],[54.403623,24.486912],[54.403559,24.486733],[54.403948,24.486535]]]}},{"type":"Feature","properties":{},"geometry":{"type":"Polygon","coordinates":[[[54.405686,24.487602],[54.405689,24.487632],[54.405986,24.487852],[54.406131,24.487673],[54.406127,24.487642],[54.405832,24.487429],[54.405686,24.487602]]]}},{"type":"Feature","properties":{},"geometry":{"type":"Polygon","coordinates":[[[54.402625,24.488136],[54.402288,24.488086],[54.401773,24.487981],[54.401144,24.487765],[54.400111,24.487303],[54.399543,24.486934],[54.398968,24.486502],[54.397734,24.487851],[54.397737,24.48788],[54.398877,24.488734],[54.400199,24.489428],[54.400969,24.489742],[54.40176,24.489912],[54.402603,24.489972],[54.402883,24.489624],[54.402625,24.488136]]]}},{"type":"Feature","properties":{},"geometry":{"type":"Polygon","coordinates":[[[54.407601,24.48831],[54.407598,24.488281],[54.407318,24.487873],[54.406913,24.488103],[54.406915,24.488126],[54.406903,24.488107],[54.406497,24.488337],[54.4065,24.488366],[54.40678,24.488774],[54.407185,24.488544],[54.407183,24.488521],[54.407195,24.48854],[54.407601,24.48831]]]}},{"type":"Feature","properties":{},"geometry":{"type":"Polygon","coordinates":[[[54.400362,24.490428],[54.400058,24.490467],[54.4001,24.490751],[54.400404,24.490712],[54.400362,24.490428]]]}},{"type":"Feature","properties":{},"geometry":{"type":"Polygon","coordinates":[[[54.395387,24.490647],[54.395185,24.490879],[54.395195,24.490962],[54.395434,24.491133],[54.395635,24.490901],[54.395626,24.490818],[54.395387,24.490647]]]}},{"type":"Feature","properties":{},"geometry":{"type":"Polygon","coordinates":[[[54.395007,24.491243],[54.395015,24.491313],[54.395257,24.491487],[54.39529,24.491448],[54.395394,24.491522],[54.395495,24.491405],[54.395487,24.491335],[54.395434,24.491297],[54.395435,24.491218],[54.395186,24.491038],[54.395007,24.491243]]]}},{"type":"Feature","properties":{},"geometry":{"type":"Polygon","coordinates":[[[54.398542,24.492182],[54.398668,24.492163],[54.398624,24.49184],[54.398498,24.491854],[54.398542,24.492182]]]}},{"type":"Feature","properties":{},"geometry":{"type":"Polygon","coordinates":[[[54.398782,24.492466],[54.399096,24.492426],[54.399082,24.49232],[54.398848,24.492349],[54.398825,24.492216],[54.398753,24.492225],[54.398782,24.492466]]]}},{"type":"Feature","properties":{},"geometry":{"type":"Polygon","coordinates":[[[54.398525,24.492233],[54.398571,24.492568],[54.398647,24.492559],[54.398602,24.492224],[54.398525,24.492233]]]}},{"type":"Feature","properties":{},"geometry":{"type":"Polygon","coordinates":[[[54.395653,24.492258],[54.39559,24.492576],[54.395999,24.49265],[54.396062,24.492332],[54.395653,24.492258]]]}},{"type":"Feature","properties":{},"geometry":{"type":"Polygon","coordinates":[[[54.406379,24.492879],[54.40625,24.493012],[54.406347,24.493094],[54.406476,24.49296],[54.406379,24.492879]]]}},{"type":"Feature","properties":{},"geometry":{"type":"Polygon","coordinates":[[[54.406247,24.492254],[54.405376,24.492715],[54.405341,24.492999],[54.406201,24.493734],[54.406527,24.493456],[54.405954,24.492981],[54.406316,24.492649],[54.406147,24.492525],[54.406355,24.492421],[54.406247,24.492254]]]}},{"type":"Feature","properties":{},"geometry":{"type":"Polygon","coordinates":[[[54.399918,24.49302],[54.399976,24.493434],[54.400707,24.493349],[54.400649,24.492935],[54.399918,24.49302]]]}},{"type":"Feature","properties":{},"geometry":{"type":"Polygon","coordinates":[[[54.403656,24.494393],[54.403704,24.494419],[54.40376,24.494422],[54.403811,24.494401],[54.404048,24.494526],[54.404188,24.494307],[54.404178,24.494275],[54.404386,24.493949],[54.404378,24.493881],[54.404557,24.493599],[54.404543,24.493565],[54.404585,24.4935],[54.404581,24.493471],[54.404418,24.493385],[54.404364,24.49347],[54.404296,24.493434],[54.404047,24.493458],[54.403978,24.493577],[54.403873,24.493527],[54.403708,24.493544],[54.403703,24.493509],[54.403359,24.493544],[54.403368,24.493617],[54.403273,24.493627],[54.403326,24.494059],[54.403286,24.494063],[54.403325,24.494381],[54.403626,24.494351],[54.403656,24.494393]]]}},{"type":"Feature","properties":{},"geometry":{"type":"Polygon","coordinates":[[[54.40635,24.49524],[54.406305,24.495313],[54.406372,24.49535],[54.406417,24.495276],[54.40635,24.49524]]]}},{"type":"Feature","properties":{},"geometry":{"type":"Polygon","coordinates":[[[54.406472,24.495298],[54.406475,24.495325],[54.4066,24.495322],[54.406598,24.495288],[54.406472,24.495298]]]}},{"type":"Feature","properties":{},"geometry":{"type":"Polygon","coordinates":[[[54.406487,24.495411],[54.406597,24.495518],[54.406672,24.495447],[54.406562,24.495341],[54.406487,24.495411]]]}},{"type":"Feature","properties":{},"geometry":{"type":"Polygon","coordinates":[[[54.406312,24.495545],[54.406365,24.495639],[54.406449,24.495597],[54.406395,24.495503],[54.406312,24.495545]]]}},{"type":"Feature","properties":{},"geometry":{"type":"Polygon","coordinates":[[[54.406617,24.495665],[54.406485,24.495609],[54.406467,24.495645],[54.406414,24.495622],[54.406362,24.49573],[54.406547,24.495809],[54.406617,24.495665]]]}},{"type":"Feature","properties":{},"geometry":{"type":"Polygon","coordinates":[[[54.406224,24.495803],[54.406251,24.495824],[54.406297,24.49576],[54.40627,24.495738],[54.406224,24.495803]]]}},{"type":"Feature","properties":{},"geometry":{"type":"Polygon","coordinates":[[[54.406241,24.496048],[54.406239,24.496021],[54.406202,24.496007],[54.40619,24.495968],[54.406167,24.495971],[54.406173,24.496016],[54.406203,24.496041],[54.406241,24.496048]]]}},{"type":"Feature","properties":{},"geometry":{"type":"Polygon","coordinates":[[[54.406313,24.496164],[54.406385,24.496198],[54.4064,24.496166],[54.406327,24.496131],[54.406313,24.496164]]]}},{"type":"Feature","properties":{},"geometry":{"type":"Polygon","coordinates":[[[54.405897,24.496904],[54.405977,24.496999],[54.406044,24.496951],[54.405962,24.496854],[54.405897,24.496904]]]}},{"type":"Feature","properties":{},"geometry":{"type":"Polygon","coordinates":[[[54.406329,24.496853],[54.406434,24.497242],[54.406742,24.497161],[54.406656,24.496773],[54.406329,24.496853]]]}},{"type":"Feature","properties":{},"geometry":{"type":"Polygon","coordinates":[[[54.405411,24.496392],[54.404485,24.49605],[54.404158,24.496949],[54.403928,24.497053],[54.404359,24.497991],[54.4046,24.497795],[54.405004,24.497312],[54.405253,24.496964],[54.405414,24.496697],[54.405411,24.496392]]]}},{"type":"Feature","properties":{},"geometry":{"type":"Polygon","coordinates":[[[54.406007,24.497326],[54.4058,24.497287],[54.405742,24.497567],[54.406002,24.497613],[54.406017,24.49755],[54.406055,24.497558],[54.406091,24.49741],[54.406089,24.497391],[54.405999,24.497377],[54.406007,24.497326]]]}},{"type":"Feature","properties":{},"geometry":{"type":"Polygon","coordinates":[[[54.404083,24.498057],[54.40407,24.49809],[54.404123,24.498111],[54.404135,24.498077],[54.404083,24.498057]]]}},{"type":"Feature","properties":{},"geometry":{"type":"Polygon","coordinates":[[[54.405071,24.498172],[54.405047,24.498153],[54.404875,24.498333],[54.404851,24.498402],[54.404855,24.498473],[54.40483,24.498577],[54.404772,24.498671],[54.404698,24.498736],[54.404569,24.498791],[54.404451,24.498802],[54.404327,24.498776],[54.404234,24.498809],[54.404127,24.498878],[54.404165,24.498924],[54.404128,24.498955],[54.404065,24.498942],[54.404006,24.498969],[54.40397,24.499012],[54.403959,24.499091],[54.403964,24.499142],[54.403998,24.499213],[54.404217,24.499303],[54.404351,24.499333],[54.404435,24.499303],[54.404682,24.49931],[54.40475,24.499296],[54.404762,24.499306],[54.404919,24.499309],[54.404991,24.49929],[54.405057,24.499212],[54.405088,24.499201],[54.405253,24.499068],[54.405359,24.498911],[54.405441,24.498747],[54.405445,24.498549],[54.405429,24.498461],[54.405413,24.49846],[54.405412,24.498398],[54.405332,24.498066],[54.405283,24.498019],[54.405209,24.498001],[54.405129,24.498028],[54.405089,24.49808],[54.405095,24.498131],[54.405071,24.498172]]]}},{"type":"Feature","properties":{},"geometry":{"type":"Polygon","coordinates":[[[54.404068,24.498386],[54.40415,24.498298],[54.404173,24.498246],[54.404156,24.498212],[54.404167,24.498192],[54.404081,24.49813],[54.404068,24.498147],[54.403978,24.498096],[54.403208,24.498413],[54.403016,24.498458],[54.402864,24.498563],[54.402757,24.498744],[54.40274,24.498873],[54.402761,24.498995],[54.402806,24.499046],[54.40277,24.499106],[54.402786,24.499239],[54.402858,24.499299],[54.402871,24.499413],[54.403037,24.499438],[54.403183,24.499421],[54.403298,24.499379],[54.403427,24.499291],[54.40353,24.499157],[54.403515,24.499023],[54.403464,24.498982],[54.403439,24.498938],[54.40343,24.498861],[54.403446,24.498833],[54.403548,24.498708],[54.403654,24.498637],[54.403633,24.498585],[54.403928,24.49847],[54.404068,24.498386]]]}},{"type":"Feature","properties":{},"geometry":{"type":"Polygon","coordinates":[[[54.405367,24.499437],[54.405053,24.499607],[54.404746,24.499696],[54.40449,24.499725],[54.404484,24.500293],[54.404762,24.500274],[54.405189,24.500179],[54.405531,24.500029],[54.405668,24.499954],[54.405929,24.499747],[54.40614,24.499503],[54.406256,24.499354],[54.406374,24.499146],[54.406474,24.498898],[54.406529,24.49861],[54.406545,24.498338],[54.406523,24.498114],[54.406444,24.497802],[54.405643,24.497652],[54.405792,24.497859],[54.405872,24.498028],[54.405922,24.498295],[54.40592,24.498713],[54.405882,24.498867],[54.405791,24.499035],[54.405677,24.499174],[54.405367,24.499437]]]}},{"type":"Feature","properties":{},"geometry":{"type":"Polygon","coordinates":[[[54.396073,24.498517],[54.396071,24.498589],[54.396127,24.49859],[54.396129,24.498519],[54.396073,24.498517]]]}},{"type":"Feature","properties":{},"geometry":{"type":"Polygon","coordinates":[[[54.403337,24.499801],[54.403477,24.499953],[54.403582,24.500023],[54.403699,24.500076],[54.403824,24.50011],[54.403953,24.500124],[54.404083,24.500117],[54.404088,24.500159],[54.40411,24.50016],[54.404119,24.500235],[54.40419,24.500281],[54.404306,24.500282],[54.404342,24.500266],[54.404359,24.50024],[54.404349,24.500168],[54.404334,24.500157],[54.404335,24.499856],[54.404351,24.499832],[54.404342,24.499763],[54.404286,24.499723],[54.404214,24.499702],[54.4041,24.4997],[54.404072,24.499726],[54.404071,24.499825],[54.404024,24.499827],[54.403968,24.49971],[54.403894,24.499653],[54.403777,24.499622],[54.403688,24.499633],[54.403606,24.499672],[54.403588,24.499658],[54.403595,24.499627],[54.40364,24.49963],[54.403672,24.499604],[54.403672,24.499531],[54.403644,24.499465],[54.403558,24.499379],[54.403484,24.499365],[54.403448,24.499406],[54.403154,24.499593],[54.403093,24.499605],[54.40308,24.499633],[54.403093,24.49972],[54.40316,24.499806],[54.403254,24.499855],[54.403293,24.499834],[54.403291,24.499799],[54.403318,24.499811],[54.403337,24.499801]]]}},{"type":"Feature","properties":{},"geometry":{"type":"Polygon","coordinates":[[[54.395419,24.499844],[54.395448,24.500003],[54.395563,24.499986],[54.395534,24.499827],[54.395419,24.499844]]]}},{"type":"Feature","properties":{},"geometry":{"type":"Polygon","coordinates":[[[54.395241,24.500009],[54.395265,24.500119],[54.395297,24.500113],[54.395273,24.500002],[54.395241,24.500009]]]}},{"type":"Feature","properties":{},"geometry":{"type":"Polygon","coordinates":[[[54.394922,24.50055],[54.395067,24.501427],[54.395633,24.501349],[54.395488,24.500472],[54.394922,24.50055]]]}},{"type":"Feature","properties":{},"geometry":{"type":"Polygon","coordinates":[[[54.395661,24.501895],[54.395659,24.502003],[54.395744,24.502005],[54.395747,24.501897],[54.395661,24.501895]]]}},{"type":"Feature","properties":{},"geometry":{"type":"Polygon","coordinates":[[[54.395495,24.502548],[54.395927,24.502489],[54.395873,24.502153],[54.395441,24.502211],[54.395495,24.502548]]]}},{"type":"Feature","properties":{},"geometry":{"type":"Polygon","coordinates":[[[54.406428,24.504685],[54.406524,24.504687],[54.406525,24.504539],[54.406432,24.504537],[54.406428,24.504685]]]}},{"type":"Feature","properties":{},"geometry":{"type":"Polygon","coordinates":[[[54.406088,24.504593],[54.406142,24.504765],[54.406233,24.504744],[54.406184,24.50457],[54.406088,24.504593]]]}},{"type":"Feature","properties":{},"geometry":{"type":"Polygon","coordinates":[[[54.397401,24.504687],[54.397408,24.504794],[54.39748,24.50479],[54.397473,24.504684],[54.397401,24.504687]]]}},{"type":"Feature","properties":{},"geometry":{"type":"Polygon","coordinates":[[[54.406708,24.505974],[54.406799,24.505869],[54.406834,24.505747],[54.406787,24.505553],[54.406674,24.505453],[54.406628,24.505498],[54.406626,24.50548],[54.406344,24.50524],[54.406082,24.505495],[54.406085,24.505523],[54.406368,24.505763],[54.406429,24.505704],[54.406434,24.505752],[54.406708,24.505974]]]}},{"type":"Feature","properties":{},"geometry":{"type":"Polygon","coordinates":[[[54.405385,24.505424],[54.405293,24.505758],[54.405494,24.505808],[54.405586,24.505474],[54.405385,24.505424]]]}},{"type":"Feature","properties":{},"geometry":{"type":"Polygon","coordinates":[[[54.405179,24.505828],[54.405066,24.506145],[54.405361,24.50624],[54.405475,24.505923],[54.405179,24.505828]]]}},{"type":"Feature","properties":{},"geometry":{"type":"Polygon","coordinates":[[[54.405066,24.506279],[54.404975,24.506546],[54.405254,24.506632],[54.405345,24.506365],[54.405066,24.506279]]]}},{"type":"Feature","properties":{},"geometry":{"type":"Polygon","coordinates":[[[54.404948,24.50662],[54.404808,24.507038],[54.405064,24.50713],[54.405237,24.506716],[54.404948,24.50662]]]}},{"type":"Feature","properties":{},"geometry":{"type":"Polygon","coordinates":[[[54.404404,24.507269],[54.404498,24.507359],[54.40453,24.507326],[54.404437,24.507235],[54.404404,24.507269]]]}},{"type":"Feature","properties":{},"geometry":{"type":"Polygon","coordinates":[[[54.404898,24.508066],[54.404904,24.508123],[54.404999,24.508188],[54.405363,24.508125],[54.405868,24.507215],[54.405855,24.507079],[54.405593,24.506955],[54.405529,24.506966],[54.404898,24.508066]]]}},{"type":"Feature","properties":{},"geometry":{"type":"Polygon","coordinates":[[[54.406249,24.507993],[54.406254,24.508038],[54.40665,24.508431],[54.406762,24.508316],[54.406757,24.508271],[54.406367,24.507886],[54.406249,24.507993]]]}},{"type":"Feature","properties":{},"geometry":{"type":"Polygon","coordinates":[[[54.40598,24.508394],[54.405986,24.50844],[54.406382,24.508832],[54.406494,24.508717],[54.406489,24.508672],[54.406098,24.508287],[54.40598,24.508394]]]}},{"type":"Feature","properties":{},"geometry":{"type":"Polygon","coordinates":[[[54.405724,24.508722],[54.405729,24.508767],[54.406126,24.509159],[54.406238,24.509045],[54.406232,24.508999],[54.405842,24.508615],[54.405724,24.508722]]]}},{"type":"Feature","properties":{},"geometry":{"type":"Polygon","coordinates":[[[54.406258,24.509086],[54.406344,24.509151],[54.406384,24.509101],[54.406299,24.509036],[54.406258,24.509086]]]}},{"type":"Feature","properties":{},"geometry":{"type":"Polygon","coordinates":[[[54.405383,24.509473],[54.405231,24.509371],[54.405105,24.509539],[54.40511,24.509584],[54.405258,24.509729],[54.405321,24.509671],[54.405423,24.50974],[54.405604,24.509477],[54.405598,24.509432],[54.405477,24.509367],[54.405383,24.509473]]]}},{"type":"Feature","properties":{},"geometry":{"type":"Polygon","coordinates":[[[54.406071,24.510814],[54.406219,24.510737],[54.406267,24.510805],[54.406547,24.510641],[54.40649,24.510554],[54.406525,24.51053],[54.406565,24.510262],[54.406429,24.510139],[54.406188,24.51034],[54.406084,24.510413],[54.405947,24.51048],[54.405819,24.510521],[54.405565,24.510545],[54.405328,24.510706],[54.405146,24.510891],[54.405193,24.510936],[54.405286,24.510968],[54.405591,24.510976],[54.405792,24.510918],[54.406071,24.510814]]]}},{"type":"Feature","properties":{},"geometry":{"type":"Polygon","coordinates":[[[54.396885,24.510824],[54.397141,24.510536],[54.397139,24.510517],[54.396934,24.510367],[54.396681,24.510653],[54.396683,24.510672],[54.396885,24.510824]]]}},{"type":"Feature","properties":{},"geometry":{"type":"Polygon","coordinates":[[[54.405757,24.512081],[54.405795,24.512151],[54.405812,24.512165],[54.405864,24.512165],[54.405887,24.51215],[54.405899,24.512097],[54.405881,24.511799],[54.405455,24.511831],[54.405483,24.512125],[54.405516,24.512166],[54.405568,24.512166],[54.405585,24.512152],[54.405628,24.512065],[54.405631,24.512],[54.405739,24.51199],[54.405757,24.512081]]]}},{"type":"Feature","properties":{},"geometry":{"type":"Polygon","coordinates":[[[54.410374,24.479957],[54.410524,24.480086],[54.410593,24.480014],[54.410443,24.479885],[54.410374,24.479957]]]}},{"type":"Feature","properties":{},"geometry":{"type":"Polygon","coordinates":[[[54.410877,24.481801],[54.410916,24.481835],[54.410945,24.481801],[54.410906,24.481767],[54.410877,24.481801]]]}},{"type":"Feature","properties":{},"geometry":{"type":"Polygon","coordinates":[[[54.407047,24.482185],[54.407187,24.482374],[54.407307,24.482477],[54.407421,24.482657],[54.407611,24.482586],[54.407653,24.482455],[54.407647,24.482408],[54.407249,24.481963],[54.407183,24.482071],[54.407041,24.482137],[54.407047,24.482185]]]}},{"type":"Feature","properties":{},"geometry":{"type":"Polygon","coordinates":[[[54.409307,24.482887],[54.409312,24.483007],[54.409409,24.483003],[54.409403,24.482883],[54.409307,24.482887]]]}},{"type":"Feature","properties":{},"geometry":{"type":"Polygon","coordinates":[[[54.408584,24.484581],[54.408587,24.484611],[54.408832,24.484913],[54.409042,24.484772],[54.409038,24.484742],[54.408793,24.48444],[54.408584,24.484581]]]}},{"type":"Feature","properties":{},"geometry":{"type":"Polygon","coordinates":[[[54.408129,24.484931],[54.408145,24.485026],[54.408364,24.485137],[54.408426,24.485103],[54.408493,24.48519],[54.408606,24.485106],[54.408602,24.485076],[54.408334,24.484777],[54.408129,24.484931]]]}},{"type":"Feature","properties":{},"geometry":{"type":"Polygon","coordinates":[[[54.410723,24.485276],[54.410774,24.48536],[54.410883,24.485302],[54.410832,24.485218],[54.410723,24.485276]]]}},{"type":"Feature","properties":{},"geometry":{"type":"Polygon","coordinates":[[[54.407262,24.485263],[54.406968,24.485556],[54.407042,24.485619],[54.407336,24.485327],[54.407262,24.485263]]]}},{"type":"Feature","properties":{},"geometry":{"type":"Polygon","coordinates":[[[54.409001,24.485574],[54.408923,24.485641],[54.408963,24.485684],[54.409042,24.485617],[54.409001,24.485574]]]}},{"type":"Feature","properties":{},"geometry":{"type":"Polygon","coordinates":[[[54.407564,24.485445],[54.407378,24.485639],[54.407382,24.485669],[54.407441,24.485716],[54.407457,24.485699],[54.407459,24.485716],[54.407702,24.485909],[54.407893,24.485711],[54.407889,24.48568],[54.407828,24.485631],[54.407809,24.485647],[54.407564,24.485445]]]}},{"type":"Feature","properties":{},"geometry":{"type":"Polygon","coordinates":[[[54.409486,24.486073],[54.409626,24.486083],[54.409708,24.486059],[54.409791,24.485976],[54.409838,24.485898],[54.409869,24.485784],[54.409861,24.485668],[54.409832,24.485576],[54.409854,24.485562],[54.410506,24.486681],[54.410865,24.486513],[54.410368,24.485629],[54.410403,24.485605],[54.410415,24.485532],[54.410404,24.485468],[54.410388,24.485446],[54.410252,24.485463],[54.410252,24.485436],[54.410363,24.485434],[54.410405,24.485407],[54.410436,24.485335],[54.410979,24.485117],[54.410804,24.484786],[54.409836,24.485253],[54.409801,24.485318],[54.409673,24.485244],[54.409599,24.48533],[54.409423,24.4854],[54.409337,24.485483],[54.4093,24.485577],[54.409298,24.485763],[54.409319,24.485869],[54.409398,24.485997],[54.409486,24.486073]]]}},{"type":"Feature","properties":{},"geometry":{"type":"Polygon","coordinates":[[[54.40913,24.485851],[54.409189,24.485817],[54.40911,24.485699],[54.409163,24.485668],[54.409136,24.485626],[54.409022,24.485692],[54.40913,24.485851]]]}},{"type":"Feature","properties":{},"geometry":{"type":"Polygon","coordinates":[[[54.407651,24.485895],[54.407557,24.486003],[54.407606,24.48604],[54.4077,24.485931],[54.407651,24.485895]]]}},{"type":"Feature","properties":{},"geometry":{"type":"Polygon","coordinates":[[[54.409247,24.487364],[54.408884,24.487647],[54.408334,24.48801],[54.408337,24.488039],[54.40864,24.488522],[54.409514,24.488086],[54.409511,24.488057],[54.40936,24.487784],[54.408633,24.48819],[54.408603,24.488145],[54.409367,24.487718],[54.409247,24.487364]]]}},{"type":"Feature","properties":{},"geometry":{"type":"Polygon","coordinates":[[[54.410427,24.488464],[54.410138,24.488492],[54.410186,24.488956],[54.410654,24.488916],[54.410641,24.488796],[54.410908,24.488773],[54.410862,24.48833],[54.410551,24.488356],[54.410556,24.488405],[54.410422,24.488416],[54.410427,24.488464]]]}},{"type":"Feature","properties":{},"geometry":{"type":"Polygon","coordinates":[[[54.407364,24.48859],[54.407648,24.488977],[54.408024,24.488747],[54.40802,24.488719],[54.407768,24.488343],[54.407361,24.488562],[54.407364,24.48859]]]}},{"type":"Feature","properties":{},"geometry":{"type":"Polygon","coordinates":[[[54.406903,24.488795],[54.406907,24.488823],[54.407186,24.489231],[54.407592,24.489001],[54.407589,24.488973],[54.407309,24.488565],[54.406903,24.488795]]]}},{"type":"Feature","properties":{},"geometry":{"type":"Polygon","coordinates":[[[54.410218,24.489203],[54.410624,24.489165],[54.410676,24.489634],[54.410828,24.48962],[54.410762,24.489025],[54.410204,24.489076],[54.410218,24.489203]]]}},{"type":"Feature","properties":{},"geometry":{"type":"Polygon","coordinates":[[[54.410835,24.489739],[54.410839,24.489787],[54.410889,24.489784],[54.410884,24.489736],[54.410835,24.489739]]]}},{"type":"Feature","properties":{},"geometry":{"type":"Polygon","coordinates":[[[54.410888,24.490063],[54.41087,24.489907],[54.41051,24.489942],[54.410508,24.489927],[54.410457,24.489932],[54.410405,24.48949],[54.410256,24.489504],[54.410329,24.490118],[54.410888,24.490063]]]}},{"type":"Feature","properties":{},"geometry":{"type":"Polygon","coordinates":[[[54.406961,24.490292],[54.40699,24.490378],[54.407055,24.490357],[54.407021,24.490271],[54.406961,24.490292]]]}},{"type":"Feature","properties":{},"geometry":{"type":"Polygon","coordinates":[[[54.410415,24.491049],[54.410701,24.491052],[54.410706,24.490766],[54.4106,24.490766],[54.410598,24.490812],[54.410416,24.490817],[54.410415,24.491049]]]}},{"type":"Feature","properties":{},"geometry":{"type":"Polygon","coordinates":[[[54.409269,24.491269],[54.409272,24.491156],[54.409037,24.491149],[54.409036,24.491182],[54.408959,24.49118],[54.408947,24.4913],[54.409008,24.491302],[54.409008,24.491329],[54.40922,24.491334],[54.409222,24.491267],[54.409269,24.491269]]]}},{"type":"Feature","properties":{},"geometry":{"type":"Polygon","coordinates":[[[54.410457,24.491298],[54.410446,24.491641],[54.410818,24.491654],[54.41083,24.491311],[54.410457,24.491298]]]}},{"type":"Feature","properties":{},"geometry":{"type":"Polygon","coordinates":[[[54.407549,24.494565],[54.407605,24.494501],[54.408568,24.495087],[54.408136,24.495723],[54.406894,24.495031],[54.406715,24.495524],[54.406613,24.496087],[54.406559,24.496192],[54.40658,24.496364],[54.406617,24.496399],[54.406676,24.49641],[54.40675,24.496404],[54.406857,24.49637],[54.40703,24.496259],[54.407107,24.496164],[54.407175,24.496214],[54.407825,24.49627],[54.408208,24.496387],[54.408238,24.49633],[54.408348,24.496425],[54.408542,24.496522],[54.408624,24.496548],[54.408807,24.496568],[54.408916,24.496537],[54.408934,24.49652],[54.408948,24.496458],[54.408932,24.49632],[54.408891,24.496233],[54.408809,24.496152],[54.408693,24.496072],[54.408484,24.495985],[54.408504,24.495925],[54.408266,24.495796],[54.40869,24.495171],[54.408964,24.495316],[54.409264,24.495365],[54.409623,24.495345],[54.409967,24.495253],[54.409653,24.494565],[54.409543,24.494025],[54.409519,24.493458],[54.409536,24.493375],[54.409575,24.493364],[54.409579,24.49333],[54.409532,24.493029],[54.409064,24.493135],[54.408549,24.493307],[54.407982,24.493622],[54.407631,24.493885],[54.407294,24.494291],[54.407307,24.494404],[54.407549,24.494565]]]}},{"type":"Feature","properties":{},"geometry":{"type":"Polygon","coordinates":[[[54.41078,24.496225],[54.410775,24.496187],[54.410614,24.495998],[54.410488,24.496072],[54.410337,24.495938],[54.410046,24.496169],[54.41005,24.496207],[54.410132,24.4963],[54.410069,24.496343],[54.410073,24.496381],[54.410183,24.496522],[54.410347,24.496418],[54.410343,24.49638],[54.410266,24.496281],[54.41042,24.49615],[54.410556,24.49633],[54.41078,24.496225]]]}},{"type":"Feature","properties":{},"geometry":{"type":"Polygon","coordinates":[[[54.407724,24.496686],[54.407491,24.496658],[54.40747,24.4971],[54.408108,24.497178],[54.408244,24.496834],[54.408035,24.496764],[54.407724,24.496686]]]}},{"type":"Feature","properties":{},"geometry":{"type":"Polygon","coordinates":[[[54.407136,24.496768],[54.407131,24.497077],[54.407345,24.497097],[54.407376,24.496766],[54.407136,24.496768]]]}},{"type":"Feature","properties":{},"geometry":{"type":"Polygon","coordinates":[[[54.406722,24.496827],[54.406807,24.497136],[54.407069,24.497067],[54.407014,24.496758],[54.406722,24.496827]]]}},{"type":"Feature","properties":{},"geometry":{"type":"Polygon","coordinates":[[[54.408294,24.497078],[54.4083,24.497125],[54.408714,24.497356],[54.409535,24.496965],[54.40953,24.496918],[54.409385,24.496689],[54.408698,24.496996],[54.40838,24.496868],[54.408294,24.497078]]]}},{"type":"Feature","properties":{},"geometry":{"type":"Polygon","coordinates":[[[54.408052,24.497346],[54.408096,24.497357],[54.408151,24.497325],[54.408105,24.497266],[54.408002,24.497236],[54.407959,24.497281],[54.408052,24.497346]]]}},{"type":"Feature","properties":{},"geometry":{"type":"Polygon","coordinates":[[[54.409415,24.497947],[54.409165,24.497863],[54.40899,24.49793],[54.408996,24.49842],[54.409386,24.498353],[54.409415,24.497947]]]}},{"type":"Feature","properties":{},"geometry":{"type":"Polygon","coordinates":[[[54.408874,24.49878],[54.408914,24.498784],[54.408924,24.498611],[54.408852,24.4986],[54.408837,24.498665],[54.408874,24.49878]]]}},{"type":"Feature","properties":{},"geometry":{"type":"Polygon","coordinates":[[[54.409435,24.498769],[54.408993,24.498738],[54.409005,24.499092],[54.408921,24.499473],[54.409278,24.499568],[54.409384,24.499183],[54.409435,24.498769]]]}},{"type":"Feature","properties":{},"geometry":{"type":"Polygon","coordinates":[[[54.410015,24.499539],[54.409978,24.499439],[54.4099,24.49938],[54.409787,24.499363],[54.409615,24.499373],[54.409548,24.499419],[54.409349,24.50004],[54.4093,24.500253],[54.409345,24.50041],[54.409436,24.500476],[54.409616,24.500507],[54.409749,24.500505],[54.409874,24.500441],[54.409929,24.500324],[54.409979,24.499769],[54.410015,24.499539]]]}},{"type":"Feature","properties":{},"geometry":{"type":"Polygon","coordinates":[[[54.408053,24.500954],[54.408025,24.501013],[54.408064,24.50105],[54.408115,24.500977],[54.408147,24.500887],[54.408085,24.500876],[54.408054,24.500908],[54.408053,24.500954]]]}},{"type":"Feature","properties":{},"geometry":{"type":"Polygon","coordinates":[[[54.410335,24.501603],[54.410338,24.501894],[54.410438,24.501896],[54.410437,24.501833],[54.410573,24.501834],[54.410578,24.501609],[54.410573,24.501566],[54.410549,24.501565],[54.410544,24.501523],[54.410437,24.50152],[54.410436,24.501607],[54.410335,24.501603]]]}},{"type":"Feature","properties":{},"geometry":{"type":"Polygon","coordinates":[[[54.408723,24.501471],[54.408679,24.501799],[54.408755,24.501979],[54.409024,24.501991],[54.409342,24.501981],[54.409433,24.501951],[54.409548,24.501879],[54.409587,24.501775],[54.409613,24.501628],[54.409605,24.501431],[54.408723,24.501471]]]}},{"type":"Feature","properties":{},"geometry":{"type":"Polygon","coordinates":[[[54.408025,24.50174],[54.407696,24.502403],[54.407699,24.502431],[54.408117,24.502605],[54.408298,24.502128],[54.408425,24.501886],[54.408422,24.501858],[54.408025,24.50174]]]}},{"type":"Feature","properties":{},"geometry":{"type":"Polygon","coordinates":[[[54.407515,24.502391],[54.407508,24.502444],[54.407552,24.502453],[54.407608,24.502395],[54.407648,24.502313],[54.407586,24.50231],[54.407515,24.502391]]]}},{"type":"Feature","properties":{},"geometry":{"type":"Polygon","coordinates":[[[54.407116,24.503077],[54.407179,24.503118],[54.40731,24.503002],[54.407336,24.502999],[54.407403,24.502885],[54.407345,24.502871],[54.407275,24.502956],[54.40724,24.502926],[54.407116,24.503077]]]}},{"type":"Feature","properties":{},"geometry":{"type":"Polygon","coordinates":[[[54.40688,24.503364],[54.406918,24.50349],[54.406997,24.503473],[54.406943,24.503344],[54.40688,24.503364]]]}},{"type":"Feature","properties":{},"geometry":{"type":"Polygon","coordinates":[[[54.409576,24.503605],[54.409581,24.50365],[54.409914,24.504017],[54.410058,24.503908],[54.410053,24.503863],[54.40972,24.503497],[54.409576,24.503605]]]}},{"type":"Feature","properties":{},"geometry":{"type":"Polygon","coordinates":[[[54.407036,24.503648],[54.406986,24.503811],[54.407074,24.503834],[54.407134,24.50368],[54.407036,24.503648]]]}},{"type":"Feature","properties":{},"geometry":{"type":"Polygon","coordinates":[[[54.410233,24.503968],[54.410201,24.504126],[54.410206,24.504171],[54.410678,24.50425],[54.41071,24.504091],[54.410705,24.504046],[54.410233,24.503968]]]}},{"type":"Feature","properties":{},"geometry":{"type":"Polygon","coordinates":[[[54.409054,24.504354],[54.409061,24.50442],[54.409356,24.504758],[54.409618,24.504459],[54.40961,24.504393],[54.409259,24.504094],[54.409054,24.504354]]]}},{"type":"Feature","properties":{},"geometry":{"type":"Polygon","coordinates":[[[54.407866,24.505725],[54.407869,24.505824],[54.408033,24.505848],[54.408028,24.505741],[54.407866,24.505725]]]}},{"type":"Feature","properties":{},"geometry":{"type":"Polygon","coordinates":[[[54.40959,24.506142],[54.409675,24.506049],[54.409721,24.505936],[54.409719,24.505787],[54.40968,24.50568],[54.409606,24.50559],[54.409506,24.505526],[54.409388,24.505493],[54.409265,24.505495],[54.409148,24.505532],[54.40905,24.505601],[54.408981,24.505693],[54.408947,24.505801],[54.408957,24.50595],[54.409008,24.506062],[54.409097,24.506152],[54.409214,24.506209],[54.409345,24.506227],[54.409476,24.506204],[54.40959,24.506142]]]}},{"type":"Feature","properties":{},"geometry":{"type":"Polygon","coordinates":[[[54.407244,24.506239],[54.407028,24.506464],[54.407035,24.506528],[54.407343,24.506763],[54.407636,24.506455],[54.407629,24.506391],[54.407472,24.506231],[54.407244,24.506239]]]}},{"type":"Feature","properties":{},"geometry":{"type":"Polygon","coordinates":[[[54.407232,24.507344],[54.407333,24.507251],[54.406919,24.506861],[54.406822,24.506949],[54.406852,24.506984],[54.406749,24.507074],[54.406781,24.507113],[54.406677,24.507201],[54.40702,24.507519],[54.40712,24.507432],[54.407105,24.507413],[54.407208,24.507325],[54.407232,24.507344]]]}},{"type":"Feature","properties":{},"geometry":{"type":"Polygon","coordinates":[[[54.406721,24.507526],[54.406765,24.507498],[54.406644,24.507341],[54.406601,24.50737],[54.406721,24.507526]]]}},{"type":"Feature","properties":{},"geometry":{"type":"Polygon","coordinates":[[[54.409692,24.507556],[54.409481,24.507344],[54.409287,24.507513],[54.409289,24.507532],[54.40965,24.507893],[54.409712,24.507851],[54.409692,24.507556]]]}},{"type":"Feature","properties":{},"geometry":{"type":"Polygon","coordinates":[[[54.407167,24.507749],[54.407138,24.507787],[54.407172,24.507813],[54.407201,24.507774],[54.407167,24.507749]]]}},{"type":"Feature","properties":{},"geometry":{"type":"Polygon","coordinates":[[[54.410313,24.507789],[54.410247,24.507805],[54.410204,24.507719],[54.410122,24.507721],[54.40999,24.507756],[54.409856,24.507859],[54.409827,24.507957],[54.409856,24.507999],[54.409929,24.508038],[54.409975,24.508023],[54.410112,24.508017],[54.410334,24.507874],[54.410313,24.507789]]]}},{"type":"Feature","properties":{},"geometry":{"type":"Polygon","coordinates":[[[54.408846,24.507921],[54.408852,24.508033],[54.408891,24.508031],[54.408889,24.508001],[54.408919,24.507999],[54.408925,24.507856],[54.408877,24.507857],[54.40888,24.50792],[54.408846,24.507921]]]}},{"type":"Feature","properties":{},"geometry":{"type":"Polygon","coordinates":[[[54.409278,24.508116],[54.409189,24.508196],[54.409232,24.508238],[54.40932,24.508159],[54.409278,24.508116]]]}},{"type":"Feature","properties":{},"geometry":{"type":"Polygon","coordinates":[[[54.409059,24.508729],[54.40912,24.508694],[54.409107,24.50866],[54.409142,24.508639],[54.409161,24.508665],[54.409336,24.508561],[54.409273,24.508456],[54.40922,24.508487],[54.409158,24.5084],[54.409014,24.508484],[54.409053,24.508555],[54.408987,24.508608],[54.408997,24.508639],[54.408969,24.508655],[54.409002,24.508717],[54.409036,24.508697],[54.409059,24.508729]]]}},{"type":"Feature","properties":{},"geometry":{"type":"Polygon","coordinates":[[[54.407587,24.508811],[54.407523,24.508867],[54.40755,24.508896],[54.407615,24.508841],[54.407587,24.508811]]]}},{"type":"Feature","properties":{},"geometry":{"type":"Polygon","coordinates":[[[54.407657,24.509019],[54.407813,24.509171],[54.407864,24.509122],[54.407708,24.508969],[54.407657,24.509019]]]}},{"type":"Feature","properties":{},"geometry":{"type":"Polygon","coordinates":[[[54.407586,24.509702],[54.40758,24.509657],[54.407232,24.50933],[54.407274,24.509285],[54.40717,24.509197],[54.407129,24.509244],[54.407198,24.509301],[54.40706,24.509435],[54.407065,24.50948],[54.407451,24.509839],[54.407586,24.509702]]]}},{"type":"Feature","properties":{},"geometry":{"type":"Polygon","coordinates":[[[54.407416,24.509159],[54.407421,24.509205],[54.407789,24.509547],[54.407905,24.509428],[54.4079,24.509383],[54.407538,24.50905],[54.407416,24.509159]]]}},{"type":"Feature","properties":{},"geometry":{"type":"Polygon","coordinates":[[[54.406652,24.509706],[54.406657,24.509752],[54.407019,24.510083],[54.407184,24.509967],[54.407179,24.509921],[54.406811,24.509574],[54.406652,24.509706]]]}},{"type":"Feature","properties":{},"geometry":{"type":"Polygon","coordinates":[[[54.410005,24.509826],[54.409662,24.510138],[54.409664,24.510157],[54.409849,24.510325],[54.410192,24.510013],[54.41019,24.509994],[54.410005,24.509826]]]}},{"type":"Feature","properties":{},"geometry":{"type":"Polygon","coordinates":[[[54.410251,24.510747],[54.410303,24.51071],[54.410208,24.510574],[54.410122,24.51063],[54.41024,24.510797],[54.41027,24.510779],[54.410251,24.510747]]]}},{"type":"Feature","properties":{},"geometry":{"type":"Polygon","coordinates":[[[54.409242,24.510742],[54.409243,24.510684],[54.409185,24.510624],[54.409124,24.51062],[54.409055,24.510675],[54.409053,24.510739],[54.409091,24.510787],[54.409121,24.5108],[54.409182,24.510798],[54.409242,24.510742]]]}},{"type":"Feature","properties":{},"geometry":{"type":"Polygon","coordinates":[[[54.410002,24.510977],[54.410235,24.510846],[54.410096,24.510626],[54.4099,24.510736],[54.40996,24.510839],[54.409931,24.510855],[54.410002,24.510977]]]}},{"type":"Feature","properties":{},"geometry":{"type":"Polygon","coordinates":[[[54.408208,24.510919],[54.408164,24.51092],[54.408169,24.511016],[54.40819,24.511015],[54.408195,24.511101],[54.408272,24.511098],[54.408261,24.510837],[54.408205,24.510839],[54.408208,24.510919]]]}},{"type":"Feature","properties":{},"geometry":{"type":"Polygon","coordinates":[[[54.408097,24.510862],[54.4081,24.510919],[54.408177,24.510916],[54.408175,24.51086],[54.408097,24.510862]]]}},{"type":"Feature","properties":{},"geometry":{"type":"Polygon","coordinates":[[[54.408017,24.510866],[54.408019,24.510928],[54.408094,24.510926],[54.408092,24.510864],[54.408017,24.510866]]]}},{"type":"Feature","properties":{},"geometry":{"type":"MultiPolygon","coordinates":[[[[54.407694,24.510841],[54.407603,24.510903],[54.407609,24.510955],[54.407967,24.511391],[54.408091,24.511307],[54.408136,24.511362],[54.40821,24.511311],[54.408204,24.511259],[54.40793,24.510926],[54.407855,24.510834],[54.407748,24.510907],[54.407694,24.510841]]],[[[54.408002,24.51093],[54.408006,24.510869],[54.407933,24.510865],[54.40793,24.510926],[54.408002,24.51093]]]]}},{"type":"Feature","properties":{},"geometry":{"type":"Polygon","coordinates":[[[54.41043,24.510834],[54.410233,24.510956],[54.410309,24.511063],[54.410506,24.510935],[54.41043,24.510834]]]}},{"type":"Feature","properties":{},"geometry":{"type":"Polygon","coordinates":[[[54.408953,24.510705],[54.408422,24.510998],[54.408428,24.51105],[54.408517,24.511183],[54.409048,24.51089],[54.409042,24.510838],[54.408953,24.510705]]]}},{"type":"Feature","properties":{},"geometry":{"type":"Polygon","coordinates":[[[54.410221,24.511027],[54.410256,24.511084],[54.410294,24.511063],[54.41026,24.511006],[54.410221,24.511027]]]}},{"type":"Feature","properties":{},"geometry":{"type":"Polygon","coordinates":[[[54.408074,24.511007],[54.408064,24.51107],[54.408114,24.511077],[54.408124,24.511014],[54.408074,24.511007]]]}},{"type":"Feature","properties":{},"geometry":{"type":"Polygon","coordinates":[[[54.410094,24.511064],[54.410136,24.511143],[54.410206,24.51111],[54.410164,24.511031],[54.410094,24.511064]]]}},{"type":"Feature","properties":{},"geometry":{"type":"Polygon","coordinates":[[[54.409675,24.511364],[54.409672,24.511336],[54.409455,24.511011],[54.408975,24.511277],[54.408978,24.511305],[54.409195,24.51163],[54.409675,24.511364]]]}},{"type":"Feature","properties":{},"geometry":{"type":"Polygon","coordinates":[[[54.407555,24.511438],[54.40716,24.510943],[54.406739,24.511169],[54.406742,24.511197],[54.40711,24.511733],[54.407308,24.511634],[54.407558,24.511466],[54.407555,24.511438]]]}},{"type":"Feature","properties":{},"geometry":{"type":"Polygon","coordinates":[[[54.406208,24.511313],[54.406171,24.511417],[54.406308,24.511833],[54.406386,24.5119],[54.406646,24.511874],[54.407028,24.511637],[54.407025,24.511609],[54.406651,24.511065],[54.406208,24.511313]]]}},{"type":"Feature","properties":{},"geometry":{"type":"Polygon","coordinates":[[[54.408237,24.51165],[54.408241,24.511678],[54.40846,24.512001],[54.408953,24.511724],[54.40895,24.511696],[54.408731,24.511373],[54.408237,24.51165]]]}},{"type":"Feature","properties":{},"geometry":{"type":"Polygon","coordinates":[[[54.40791,24.511924],[54.407923,24.511978],[54.407975,24.511968],[54.407963,24.511913],[54.40791,24.511924]]]}},{"type":"Feature","properties":{},"geometry":{"type":"Polygon","coordinates":[[[54.411486,24.481858],[54.411484,24.481839],[54.411116,24.48152],[54.410943,24.481686],[54.410945,24.481705],[54.411026,24.481775],[54.411123,24.481682],[54.411189,24.481739],[54.411169,24.481758],[54.411171,24.481777],[54.411216,24.481815],[54.411243,24.48179],[54.411312,24.48185],[54.411222,24.481936],[54.411224,24.481954],[54.411309,24.482028],[54.411486,24.481858]]]}},{"type":"Feature","properties":{},"geometry":{"type":"Polygon","coordinates":[[[54.412202,24.482016],[54.412204,24.482035],[54.412565,24.482226],[54.412741,24.481951],[54.412739,24.481932],[54.412378,24.481741],[54.412202,24.482016]]]}},{"type":"Feature","properties":{},"geometry":{"type":"Polygon","coordinates":[[[54.411398,24.482052],[54.41132,24.482138],[54.411352,24.482163],[54.41143,24.482077],[54.411398,24.482052]]]}},{"type":"Feature","properties":{},"geometry":{"type":"Polygon","coordinates":[[[54.411454,24.485589],[54.41135,24.485636],[54.411365,24.485666],[54.411468,24.48562],[54.411454,24.485589]]]}},{"type":"Feature","properties":{},"geometry":{"type":"Polygon","coordinates":[[[54.411375,24.485678],[54.411414,24.485781],[54.411471,24.485763],[54.411432,24.48566],[54.411375,24.485678]]]}},{"type":"Feature","properties":{},"geometry":{"type":"Polygon","coordinates":[[[54.41349,24.487622],[54.413486,24.487548],[54.413519,24.487547],[54.413513,24.487454],[54.413402,24.487458],[54.413388,24.487195],[54.413283,24.487199],[54.413284,24.487227],[54.413107,24.487233],[54.413186,24.487471],[54.413245,24.487468],[54.413258,24.487729],[54.413526,24.487719],[54.413521,24.487621],[54.41349,24.487622]]]}},{"type":"Feature","properties":{},"geometry":{"type":"Polygon","coordinates":[[[54.412959,24.487562],[54.413014,24.487757],[54.413101,24.487736],[54.413046,24.487541],[54.412959,24.487562]]]}},{"type":"Feature","properties":{},"geometry":{"type":"Polygon","coordinates":[[[54.415613,24.487685],[54.415616,24.487734],[54.415675,24.487731],[54.415671,24.487682],[54.415613,24.487685]]]}},{"type":"Feature","properties":{},"geometry":{"type":"Polygon","coordinates":[[[54.415855,24.487746],[54.415854,24.487796],[54.415886,24.487797],[54.415887,24.487747],[54.415855,24.487746]]]}},{"type":"Feature","properties":{},"geometry":{"type":"Polygon","coordinates":[[[54.415997,24.487765],[54.415997,24.4878],[54.416103,24.487804],[54.416103,24.487769],[54.415997,24.487765]]]}},{"type":"Feature","properties":{},"geometry":{"type":"Polygon","coordinates":[[[54.415997,24.487814],[54.416006,24.48795],[54.416263,24.487936],[54.416254,24.487801],[54.415997,24.487814]]]}},{"type":"Feature","properties":{},"geometry":{"type":"Polygon","coordinates":[[[54.415702,24.487946],[54.415704,24.487975],[54.415752,24.487974],[54.415745,24.487766],[54.41563,24.487769],[54.415635,24.487942],[54.415702,24.487946]]]}},{"type":"Feature","properties":{},"geometry":{"type":"Polygon","coordinates":[[[54.413519,24.487893],[54.413522,24.48796],[54.413591,24.487957],[54.413587,24.48789],[54.413519,24.487893]]]}},{"type":"Feature","properties":{},"geometry":{"type":"Polygon","coordinates":[[[54.416008,24.487961],[54.41601,24.488022],[54.416246,24.488016],[54.416244,24.487954],[54.416008,24.487961]]]}},{"type":"Feature","properties":{},"geometry":{"type":"Polygon","coordinates":[[[54.416611,24.487972],[54.416613,24.488027],[54.416667,24.488026],[54.416665,24.487971],[54.416611,24.487972]]]}},{"type":"Feature","properties":{},"geometry":{"type":"Polygon","coordinates":[[[54.415125,24.487834],[54.415187,24.487834],[54.415189,24.488232],[54.415372,24.488232],[54.415372,24.48798],[54.415621,24.48798],[54.415619,24.487771],[54.415123,24.487771],[54.415125,24.487834]]]}},{"type":"Feature","properties":{},"geometry":{"type":"Polygon","coordinates":[[[54.41644,24.488127],[54.416593,24.488129],[54.416595,24.487977],[54.416443,24.487975],[54.41644,24.488127]]]}},{"type":"Feature","properties":{},"geometry":{"type":"Polygon","coordinates":[[[54.416611,24.488044],[54.416616,24.488141],[54.41667,24.488139],[54.416665,24.488042],[54.416611,24.488044]]]}},{"type":"Feature","properties":{},"geometry":{"type":"Polygon","coordinates":[[[54.41654,24.488184],[54.416518,24.488187],[54.416527,24.488239],[54.416581,24.488231],[54.416573,24.488182],[54.416579,24.488158],[54.416593,24.488158],[54.416592,24.488248],[54.416683,24.48825],[54.416684,24.488149],[54.416604,24.488148],[54.416603,24.488132],[54.416423,24.48814],[54.416416,24.48802],[54.416335,24.488024],[54.416352,24.488312],[54.416476,24.488306],[54.41648,24.488371],[54.416527,24.488368],[54.416522,24.488295],[54.416505,24.488295],[54.416499,24.488186],[54.41654,24.488184]]]}},{"type":"Feature","properties":{},"geometry":{"type":"Polygon","coordinates":[[[54.415648,24.488202],[54.415652,24.488319],[54.415715,24.488317],[54.41571,24.4882],[54.415648,24.488202]]]}},{"type":"Feature","properties":{},"geometry":{"type":"Polygon","coordinates":[[[54.4166,24.488263],[54.416596,24.488333],[54.416651,24.488336],[54.416654,24.488266],[54.4166,24.488263]]]}},{"type":"Feature","properties":{},"geometry":{"type":"Polygon","coordinates":[[[54.414839,24.488231],[54.414837,24.488332],[54.414969,24.488336],[54.414972,24.488235],[54.414839,24.488231]]]}},{"type":"Feature","properties":{},"geometry":{"type":"Polygon","coordinates":[[[54.415472,24.488296],[54.415475,24.48834],[54.415568,24.488336],[54.415566,24.488292],[54.415472,24.488296]]]}},{"type":"Feature","properties":{},"geometry":{"type":"Polygon","coordinates":[[[54.415318,24.488314],[54.41532,24.488403],[54.415437,24.488401],[54.415435,24.488313],[54.415318,24.488314]]]}},{"type":"Feature","properties":{},"geometry":{"type":"Polygon","coordinates":[[[54.416146,24.488352],[54.41615,24.488394],[54.416191,24.488391],[54.416187,24.488349],[54.416146,24.488352]]]}},{"type":"Feature","properties":{},"geometry":{"type":"Polygon","coordinates":[[[54.415601,24.488338],[54.415603,24.488392],[54.415697,24.488391],[54.415695,24.488336],[54.415601,24.488338]]]}},{"type":"Feature","properties":{},"geometry":{"type":"Polygon","coordinates":[[[54.416276,24.488277],[54.416236,24.488277],[54.416232,24.488494],[54.416527,24.488499],[54.416528,24.48842],[54.416349,24.488417],[54.416349,24.488388],[54.416275,24.488387],[54.416276,24.488277]]]}},{"type":"Feature","properties":{},"geometry":{"type":"Polygon","coordinates":[[[54.414852,24.488358],[54.414856,24.488483],[54.41498,24.488481],[54.414976,24.488355],[54.414852,24.488358]]]}},{"type":"Feature","properties":{},"geometry":{"type":"Polygon","coordinates":[[[54.416652,24.488434],[54.41665,24.488483],[54.416694,24.488485],[54.416696,24.488436],[54.416652,24.488434]]]}},{"type":"Feature","properties":{},"geometry":{"type":"Polygon","coordinates":[[[54.415412,24.488438],[54.415412,24.48849],[54.415432,24.48849],[54.415432,24.488438],[54.415412,24.488438]]]}},{"type":"Feature","properties":{},"geometry":{"type":"Polygon","coordinates":[[[54.415465,24.488698],[54.415546,24.488696],[54.415543,24.488642],[54.415463,24.488644],[54.415465,24.488698]]]}},{"type":"Feature","properties":{},"geometry":{"type":"Polygon","coordinates":[[[54.41115,24.48896],[54.411201,24.489027],[54.411312,24.489024],[54.41142,24.489168],[54.411262,24.489253],[54.411265,24.489281],[54.411317,24.489364],[54.412019,24.488975],[54.412054,24.489043],[54.411491,24.489354],[54.411494,24.489383],[54.411588,24.489536],[54.411652,24.489511],[54.411716,24.489622],[54.411966,24.489669],[54.411958,24.489747],[54.412124,24.489784],[54.412289,24.489156],[54.412415,24.489159],[54.412496,24.489119],[54.412806,24.489708],[54.412959,24.489629],[54.412938,24.489573],[54.413139,24.489483],[54.413201,24.489345],[54.413264,24.489376],[54.413305,24.489173],[54.41266,24.488958],[54.412663,24.488924],[54.412883,24.488966],[54.413492,24.488876],[54.413445,24.488556],[54.412861,24.488626],[54.412817,24.488588],[54.412683,24.488658],[54.412617,24.488604],[54.412676,24.488573],[54.412673,24.488545],[54.412567,24.488409],[54.412699,24.487997],[54.412878,24.488071],[54.412972,24.488129],[54.413107,24.487982],[54.413104,24.487954],[54.412745,24.487759],[54.412516,24.487718],[54.412242,24.487705],[54.412267,24.487953],[54.412372,24.487962],[54.412387,24.487933],[54.41247,24.48794],[54.412339,24.488484],[54.412268,24.488496],[54.411996,24.488009],[54.412186,24.487972],[54.412157,24.487708],[54.411868,24.487782],[54.411582,24.487957],[54.411414,24.48813],[54.411417,24.488159],[54.411574,24.48827],[54.411791,24.488092],[54.412023,24.488488],[54.411938,24.488729],[54.411214,24.488505],[54.411171,24.4886],[54.411174,24.488629],[54.411351,24.488693],[54.411319,24.488851],[54.411174,24.48887],[54.411147,24.488931],[54.41115,24.48896]],[[54.412058,24.48935],[54.412026,24.489504],[54.411834,24.489464],[54.411766,24.489372],[54.411964,24.48926],[54.411965,24.48933],[54.412058,24.48935]],[[54.413016,24.489333],[54.412888,24.489394],[54.412835,24.489273],[54.412871,24.489174],[54.413054,24.489232],[54.413016,24.489333]]]}},{"type":"Feature","properties":{},"geometry":{"type":"Polygon","coordinates":[[[54.416223,24.488882],[54.416228,24.488995],[54.416257,24.488994],[54.416252,24.488881],[54.416223,24.488882]]]}},{"type":"Feature","properties":{},"geometry":{"type":"Polygon","coordinates":[[[54.415999,24.488841],[54.416007,24.489047],[54.416066,24.489045],[54.416058,24.48884],[54.415999,24.488841]]]}},{"type":"Feature","properties":{},"geometry":{"type":"Polygon","coordinates":[[[54.41562,24.488852],[54.415624,24.489058],[54.415683,24.489057],[54.415679,24.488851],[54.41562,24.488852]]]}},{"type":"Feature","properties":{},"geometry":{"type":"Polygon","coordinates":[[[54.415774,24.489101],[54.415778,24.48915],[54.415877,24.489144],[54.415873,24.489095],[54.415774,24.489101]]]}},{"type":"Feature","properties":{},"geometry":{"type":"Polygon","coordinates":[[[54.415719,24.489105],[54.415722,24.489152],[54.415772,24.48915],[54.415769,24.489103],[54.415719,24.489105]]]}},{"type":"Feature","properties":{},"geometry":{"type":"Polygon","coordinates":[[[54.415784,24.489169],[54.415782,24.489255],[54.415833,24.489257],[54.415835,24.489171],[54.415784,24.489169]]]}},{"type":"Feature","properties":{},"geometry":{"type":"Polygon","coordinates":[[[54.415423,24.489696],[54.416294,24.489674],[54.416267,24.489502],[54.415416,24.489523],[54.415423,24.489696]]]}},{"type":"Feature","properties":{},"geometry":{"type":"Polygon","coordinates":[[[54.412428,24.489949],[54.412433,24.490017],[54.412503,24.490013],[54.412498,24.489945],[54.412428,24.489949]]]}},{"type":"Feature","properties":{},"geometry":{"type":"Polygon","coordinates":[[[54.411052,24.490661],[54.411052,24.490719],[54.411148,24.49072],[54.411148,24.490662],[54.411052,24.490661]]]}},{"type":"Feature","properties":{},"geometry":{"type":"Polygon","coordinates":[[[54.411223,24.490955],[54.411224,24.490795],[54.411155,24.490795],[54.411149,24.490957],[54.411223,24.490955]]]}},{"type":"Feature","properties":{},"geometry":{"type":"Polygon","coordinates":[[[54.413413,24.490645],[54.412924,24.490639],[54.41292,24.491161],[54.413398,24.491167],[54.413397,24.490975],[54.413117,24.490971],[54.413119,24.490839],[54.413414,24.490842],[54.413413,24.490645]]]}},{"type":"Feature","properties":{},"geometry":{"type":"Polygon","coordinates":[[[54.412829,24.491185],[54.412829,24.49123],[54.412874,24.491231],[54.412875,24.491187],[54.412829,24.491185]]]}},{"type":"Feature","properties":{},"geometry":{"type":"Polygon","coordinates":[[[54.411185,24.491424],[54.411182,24.491507],[54.411219,24.491508],[54.411222,24.491426],[54.411185,24.491424]]]}},{"type":"Feature","properties":{},"geometry":{"type":"Polygon","coordinates":[[[54.411435,24.491191],[54.411367,24.492128],[54.411863,24.49216],[54.411931,24.491223],[54.411435,24.491191]]]}},{"type":"Feature","properties":{},"geometry":{"type":"Polygon","coordinates":[[[54.412108,24.491732],[54.412185,24.491734],[54.412186,24.491699],[54.412108,24.491697],[54.412108,24.491732]]]}},{"type":"Feature","properties":{},"geometry":{"type":"Polygon","coordinates":[[[54.411579,24.492386],[54.411706,24.492389],[54.411709,24.492296],[54.411581,24.492292],[54.411579,24.492386]]]}},{"type":"Feature","properties":{},"geometry":{"type":"Polygon","coordinates":[[[54.411973,24.492459],[54.411972,24.492562],[54.412155,24.492564],[54.412155,24.492461],[54.411973,24.492459]]]}},{"type":"Feature","properties":{},"geometry":{"type":"Polygon","coordinates":[[[54.41501,24.49686],[54.4149,24.497023],[54.414992,24.497077],[54.415103,24.496914],[54.41501,24.49686]]]}},{"type":"Feature","properties":{},"geometry":{"type":"Polygon","coordinates":[[[54.412045,24.498073],[54.412041,24.498045],[54.41181,24.4975],[54.411496,24.497386],[54.411403,24.497422],[54.411702,24.498211],[54.411828,24.49894],[54.411946,24.498931],[54.412128,24.498701],[54.412024,24.498081],[54.412045,24.498073]]]}},{"type":"Feature","properties":{},"geometry":{"type":"Polygon","coordinates":[[[54.410614,24.498899],[54.410752,24.499046],[54.410996,24.499057],[54.410985,24.497515],[54.410798,24.49756],[54.410624,24.497708],[54.410614,24.498899]]]}},{"type":"Feature","properties":{},"geometry":{"type":"Polygon","coordinates":[[[54.413379,24.502328],[54.412899,24.502033],[54.412741,24.501881],[54.412655,24.501769],[54.412574,24.501625],[54.412526,24.501486],[54.411982,24.501472],[54.412019,24.501687],[54.412066,24.501821],[54.412139,24.502004],[54.412223,24.502161],[54.412376,24.502369],[54.412631,24.50267],[54.412876,24.502834],[54.413014,24.502987],[54.413099,24.503133],[54.413171,24.503113],[54.413292,24.502823],[54.413379,24.502328]]]}},{"type":"Feature","properties":{},"geometry":{"type":"Polygon","coordinates":[[[54.415501,24.502417],[54.415497,24.502482],[54.415522,24.502483],[54.415526,24.502419],[54.415501,24.502417]]]}},{"type":"Feature","properties":{},"geometry":{"type":"Polygon","coordinates":[[[54.411458,24.502354],[54.411671,24.502528],[54.411742,24.502449],[54.411529,24.502276],[54.411458,24.502354]]]}},{"type":"Feature","properties":{},"geometry":{"type":"Polygon","coordinates":[[[54.41539,24.502607],[54.415395,24.502687],[54.415466,24.502688],[54.415466,24.502644],[54.415441,24.502644],[54.41547,24.502642],[54.415468,24.502609],[54.41539,24.502607]]]}},{"type":"Feature","properties":{},"geometry":{"type":"Polygon","coordinates":[[[54.410947,24.502245],[54.410916,24.502867],[54.411359,24.502893],[54.411354,24.502702],[54.411224,24.502679],[54.411158,24.50263],[54.411149,24.502248],[54.410947,24.502245]]]}},{"type":"Feature","properties":{},"geometry":{"type":"Polygon","coordinates":[[[54.411463,24.502535],[54.411461,24.502663],[54.41151,24.502664],[54.411512,24.502535],[54.411463,24.502535]]]}},{"type":"Feature","properties":{},"geometry":{"type":"Polygon","coordinates":[[[54.411694,24.502571],[54.411855,24.50281],[54.411957,24.502748],[54.411796,24.502509],[54.411694,24.502571]]]}},{"type":"Feature","properties":{},"geometry":{"type":"Polygon","coordinates":[[[54.415565,24.502779],[54.415562,24.502812],[54.415615,24.502818],[54.415618,24.502785],[54.415565,24.502779]]]}},{"type":"Feature","properties":{},"geometry":{"type":"Polygon","coordinates":[[[54.415396,24.502784],[54.415403,24.502844],[54.415466,24.502838],[54.415458,24.502778],[54.415396,24.502784]]]}},{"type":"Feature","properties":{},"geometry":{"type":"Polygon","coordinates":[[[54.415686,24.502862],[54.415812,24.502867],[54.415815,24.502783],[54.415689,24.502779],[54.415686,24.502862]]]}},{"type":"Feature","properties":{},"geometry":{"type":"Polygon","coordinates":[[[54.415448,24.502906],[54.415505,24.502898],[54.415497,24.502843],[54.415439,24.50285],[54.415448,24.502906]]]}},{"type":"Feature","properties":{},"geometry":{"type":"Polygon","coordinates":[[[54.411573,24.502795],[54.41165,24.502952],[54.411734,24.502917],[54.411657,24.50276],[54.411573,24.502795]]]}},{"type":"Feature","properties":{},"geometry":{"type":"Polygon","coordinates":[[[54.415635,24.503418],[54.415633,24.503479],[54.415727,24.503482],[54.415728,24.503421],[54.415635,24.503418]]]}},{"type":"Feature","properties":{},"geometry":{"type":"Polygon","coordinates":[[[54.415809,24.503559],[54.415813,24.503647],[54.415856,24.503646],[54.415852,24.503558],[54.415809,24.503559]]]}},{"type":"Feature","properties":{},"geometry":{"type":"Polygon","coordinates":[[[54.415356,24.503984],[54.415366,24.504027],[54.415424,24.504015],[54.415415,24.503972],[54.415356,24.503984]]]}},{"type":"Feature","properties":{},"geometry":{"type":"Polygon","coordinates":[[[54.415384,24.504054],[54.415423,24.504103],[54.415448,24.50408],[54.415408,24.504032],[54.415384,24.504054]]]}},{"type":"Feature","properties":{},"geometry":{"type":"Polygon","coordinates":[[[54.41564,24.504033],[54.415568,24.504083],[54.415612,24.50414],[54.415683,24.504083],[54.41564,24.504033]]]}},{"type":"Feature","properties":{},"geometry":{"type":"Polygon","coordinates":[[[54.415792,24.50402],[54.415633,24.504178],[54.415636,24.504197],[54.415813,24.50435],[54.415991,24.504201],[54.415988,24.504182],[54.415792,24.50402]]]}},{"type":"Feature","properties":{},"geometry":{"type":"Polygon","coordinates":[[[54.414826,24.504005],[54.414667,24.504163],[54.414671,24.504196],[54.414848,24.504349],[54.415025,24.504201],[54.415022,24.504167],[54.414826,24.504005]]]}},{"type":"Feature","properties":{},"geometry":{"type":"Polygon","coordinates":[[[54.415311,24.504031],[54.415152,24.504188],[54.415156,24.504219],[54.415333,24.504372],[54.415511,24.504223],[54.415507,24.504192],[54.415311,24.504031]]]}},{"type":"Feature","properties":{},"geometry":{"type":"Polygon","coordinates":[[[54.414312,24.504214],[54.414153,24.504371],[54.414158,24.504414],[54.414335,24.504567],[54.414513,24.504418],[54.414508,24.504375],[54.414312,24.504214]]]}},{"type":"Feature","properties":{},"geometry":{"type":"Polygon","coordinates":[[[54.415396,24.504457],[54.415446,24.504514],[54.415491,24.504478],[54.415441,24.504421],[54.415396,24.504457]]]}},{"type":"Feature","properties":{},"geometry":{"type":"Polygon","coordinates":[[[54.41561,24.504498],[54.415451,24.504656],[54.415454,24.504679],[54.415631,24.504832],[54.415809,24.504683],[54.415806,24.50466],[54.41561,24.504498]]]}},{"type":"Feature","properties":{},"geometry":{"type":"Polygon","coordinates":[[[54.414671,24.504668],[54.414513,24.504826],[54.414516,24.504856],[54.414694,24.505009],[54.414871,24.50486],[54.414868,24.50483],[54.414671,24.504668]]]}},{"type":"Feature","properties":{},"geometry":{"type":"Polygon","coordinates":[[[54.415737,24.504966],[54.415795,24.505032],[54.415841,24.504996],[54.415784,24.50493],[54.415737,24.504966]]]}},{"type":"Feature","properties":{},"geometry":{"type":"Polygon","coordinates":[[[54.415073,24.504983],[54.415076,24.505009],[54.415254,24.505162],[54.41529,24.505132],[54.415314,24.505161],[54.415378,24.505116],[54.415351,24.50508],[54.415431,24.505014],[54.415428,24.504987],[54.415232,24.504826],[54.415073,24.504983]]]}},{"type":"Feature","properties":{},"geometry":{"type":"Polygon","coordinates":[[[54.410747,24.506615],[54.410678,24.506576],[54.410546,24.50654],[54.410371,24.50656],[54.410298,24.506611],[54.4103,24.50668],[54.410337,24.506748],[54.410385,24.506758],[54.410504,24.506821],[54.410775,24.506811],[54.410797,24.506728],[54.410737,24.506709],[54.410747,24.506615]]]}},{"type":"Feature","properties":{},"geometry":{"type":"Polygon","coordinates":[[[54.411043,24.506943],[54.410977,24.506911],[54.410945,24.506966],[54.410847,24.506938],[54.410793,24.506994],[54.410732,24.507106],[54.410728,24.507285],[54.410771,24.507359],[54.410825,24.507367],[54.410906,24.507345],[54.410924,24.507304],[54.411012,24.507208],[54.411032,24.507131],[54.411043,24.506943]]]}},{"type":"Feature","properties":{},"geometry":{"type":"Polygon","coordinates":[[[54.410813,24.508596],[54.410809,24.508702],[54.410961,24.508707],[54.410964,24.508601],[54.410813,24.508596]]]}},{"type":"Feature","properties":{},"geometry":{"type":"Polygon","coordinates":[[[54.410973,24.508605],[54.410971,24.508708],[54.411098,24.508711],[54.4111,24.508608],[54.410973,24.508605]]]}},{"type":"Feature","properties":{},"geometry":{"type":"Polygon","coordinates":[[[54.41158,24.508954],[54.411572,24.509168],[54.411695,24.509172],[54.411703,24.508958],[54.41158,24.508954]]]}},{"type":"Feature","properties":{},"geometry":{"type":"Polygon","coordinates":[[[54.410698,24.509064],[54.410701,24.509166],[54.410763,24.509165],[54.41076,24.509063],[54.410698,24.509064]]]}},{"type":"Feature","properties":{},"geometry":{"type":"Polygon","coordinates":[[[54.411248,24.508984],[54.411235,24.509315],[54.411288,24.509317],[54.411302,24.508986],[54.411248,24.508984]]]}},{"type":"Feature","properties":{},"geometry":{"type":"Polygon","coordinates":[[[54.411317,24.50898],[54.411309,24.509355],[54.411479,24.509359],[54.411487,24.508984],[54.411317,24.50898]]]}},{"type":"Feature","properties":{},"geometry":{"type":"Polygon","coordinates":[[[54.411123,24.509147],[54.411122,24.509225],[54.411171,24.509226],[54.411171,24.509148],[54.411123,24.509147]]]}},{"type":"Feature","properties":{},"geometry":{"type":"Polygon","coordinates":[[[54.41156,24.509263],[54.411556,24.509485],[54.411674,24.509487],[54.411678,24.509265],[54.41156,24.509263]]]}},{"type":"Feature","properties":{},"geometry":{"type":"Polygon","coordinates":[[[54.411062,24.509442],[54.411065,24.509538],[54.411448,24.509529],[54.411445,24.509433],[54.411062,24.509442]]]}},{"type":"Feature","properties":{},"geometry":{"type":"Polygon","coordinates":[[[54.410723,24.509449],[54.410727,24.509549],[54.411053,24.509539],[54.411049,24.50944],[54.410723,24.509449]]]}},{"type":"Feature","properties":{},"geometry":{"type":"Polygon","coordinates":[[[54.411256,24.509681],[54.411334,24.509843],[54.411432,24.509803],[54.411355,24.509641],[54.411256,24.509681]]]}},{"type":"Feature","properties":{},"geometry":{"type":"Polygon","coordinates":[[[54.410584,24.510715],[54.410559,24.510769],[54.410612,24.510793],[54.410637,24.510739],[54.410584,24.510715]]]}},{"type":"Feature","properties":{},"geometry":{"type":"Polygon","coordinates":[[[54.418873,24.480042],[54.418868,24.480084],[54.418933,24.480093],[54.418939,24.480052],[54.418873,24.480042]]]}},{"type":"Feature","properties":{},"geometry":{"type":"Polygon","coordinates":[[[54.418944,24.48007],[54.418943,24.480137],[54.41898,24.480138],[54.418981,24.480071],[54.418944,24.48007]]]}},{"type":"Feature","properties":{},"geometry":{"type":"Polygon","coordinates":[[[54.420563,24.48037],[54.420654,24.480374],[54.42066,24.480236],[54.420569,24.480232],[54.420563,24.48037]]]}},{"type":"Feature","properties":{},"geometry":{"type":"Polygon","coordinates":[[[54.420902,24.480394],[54.420903,24.480342],[54.420696,24.480334],[54.420696,24.480302],[54.420661,24.480301],[54.420658,24.480379],[54.420902,24.480394]]]}},{"type":"Feature","properties":{},"geometry":{"type":"Polygon","coordinates":[[[54.419929,24.480822],[54.419924,24.480882],[54.419988,24.480888],[54.419993,24.480828],[54.419929,24.480822]]]}},{"type":"Feature","properties":{},"geometry":{"type":"Polygon","coordinates":[[[54.418579,24.481524],[54.418561,24.481664],[54.41888,24.481701],[54.418898,24.481561],[54.418579,24.481524]]]}},{"type":"Feature","properties":{},"geometry":{"type":"Polygon","coordinates":[[[54.418982,24.481589],[54.41896,24.481748],[54.4193,24.481789],[54.419322,24.48163],[54.418982,24.481589]]]}},{"type":"Feature","properties":{},"geometry":{"type":"Polygon","coordinates":[[[54.419421,24.481631],[54.419402,24.481774],[54.419729,24.481812],[54.419748,24.48167],[54.419421,24.481631]]]}},{"type":"Feature","properties":{},"geometry":{"type":"Polygon","coordinates":[[[54.42007,24.481706],[54.420064,24.481775],[54.420125,24.481779],[54.420131,24.481711],[54.42007,24.481706]]]}},{"type":"Feature","properties":{},"geometry":{"type":"Polygon","coordinates":[[[54.420134,24.481718],[54.420132,24.481774],[54.4202,24.481777],[54.420202,24.48172],[54.420134,24.481718]]]}},{"type":"Feature","properties":{},"geometry":{"type":"Polygon","coordinates":[[[54.41855,24.481837],[54.418734,24.48183],[54.41873,24.481743],[54.418675,24.481744],[54.418672,24.481686],[54.418544,24.481691],[54.41855,24.481837]]]}},{"type":"Feature","properties":{},"geometry":{"type":"Polygon","coordinates":[[[54.418826,24.48177],[54.418814,24.481855],[54.418856,24.481861],[54.418868,24.481775],[54.418826,24.48177]]]}},{"type":"Feature","properties":{},"geometry":{"type":"Polygon","coordinates":[[[54.420283,24.481748],[54.420262,24.48193],[54.420599,24.48197],[54.420621,24.481788],[54.420283,24.481748]]]}},{"type":"Feature","properties":{},"geometry":{"type":"Polygon","coordinates":[[[54.420715,24.481813],[54.420708,24.481951],[54.421033,24.481968],[54.42104,24.48183],[54.420715,24.481813]]]}},{"type":"Feature","properties":{},"geometry":{"type":"Polygon","coordinates":[[[54.418529,24.481901],[54.418531,24.481928],[54.418575,24.481926],[54.418573,24.481898],[54.418529,24.481901]]]}},{"type":"Feature","properties":{},"geometry":{"type":"Polygon","coordinates":[[[54.419851,24.481856],[54.419835,24.481997],[54.420155,24.482029],[54.420171,24.481889],[54.419851,24.481856]]]}},{"type":"Feature","properties":{},"geometry":{"type":"Polygon","coordinates":[[[54.420697,24.48197],[54.420678,24.482099],[54.420987,24.482141],[54.421007,24.482012],[54.420697,24.48197]]]}},{"type":"Feature","properties":{},"geometry":{"type":"Polygon","coordinates":[[[54.419294,24.481947],[54.419276,24.482084],[54.4196,24.482122],[54.419618,24.481986],[54.419294,24.481947]]]}},{"type":"Feature","properties":{},"geometry":{"type":"Polygon","coordinates":[[[54.418801,24.481985],[54.418786,24.482061],[54.418822,24.482067],[54.418837,24.481991],[54.418801,24.481985]]]}},{"type":"Feature","properties":{},"geometry":{"type":"Polygon","coordinates":[[[54.420354,24.482095],[54.420445,24.482115],[54.420468,24.48202],[54.420378,24.481999],[54.420354,24.482095]]]}},{"type":"Feature","properties":{},"geometry":{"type":"Polygon","coordinates":[[[54.419676,24.482114],[54.419661,24.482112],[54.419648,24.482189],[54.419723,24.4822],[54.419735,24.482123],[54.419838,24.482121],[54.419835,24.482019],[54.419674,24.482022],[54.419676,24.482114]]]}},{"type":"Feature","properties":{},"geometry":{"type":"Polygon","coordinates":[[[54.418884,24.482029],[54.418874,24.482114],[54.419197,24.482149],[54.419207,24.482064],[54.418884,24.482029]]]}},{"type":"Feature","properties":{},"geometry":{"type":"Polygon","coordinates":[[[54.419907,24.482023],[54.419887,24.482159],[54.420208,24.4822],[54.420228,24.482064],[54.419907,24.482023]]]}},{"type":"Feature","properties":{},"geometry":{"type":"Polygon","coordinates":[[[54.419747,24.48213],[54.419747,24.482184],[54.4198,24.482185],[54.4198,24.48213],[54.419747,24.48213]]]}},{"type":"Feature","properties":{},"geometry":{"type":"Polygon","coordinates":[[[54.418494,24.482084],[54.418476,24.482217],[54.418798,24.482257],[54.418817,24.482124],[54.418494,24.482084]]]}},{"type":"Feature","properties":{},"geometry":{"type":"Polygon","coordinates":[[[54.419662,24.482202],[54.419664,24.482245],[54.419715,24.482243],[54.419713,24.4822],[54.419662,24.482202]]]}},{"type":"Feature","properties":{},"geometry":{"type":"Polygon","coordinates":[[[54.419732,24.482203],[54.419724,24.482246],[54.419837,24.482267],[54.419845,24.482224],[54.419732,24.482203]]]}},{"type":"Feature","properties":{},"geometry":{"type":"Polygon","coordinates":[[[54.419212,24.482394],[54.419194,24.482598],[54.419527,24.482628],[54.419545,24.482426],[54.419537,24.482572],[54.419598,24.482577],[54.419637,24.482182],[54.419588,24.482178],[54.419586,24.482153],[54.419255,24.482114],[54.41923,24.482327],[54.419371,24.482344],[54.419365,24.482408],[54.419212,24.482394]]]}},{"type":"Feature","properties":{},"geometry":{"type":"Polygon","coordinates":[[[54.42027,24.482219],[54.42026,24.482281],[54.420578,24.482329],[54.420588,24.482262],[54.42027,24.482219]]]}},{"type":"Feature","properties":{},"geometry":{"type":"Polygon","coordinates":[[[54.420657,24.482212],[54.420644,24.482338],[54.420954,24.482367],[54.420967,24.48224],[54.420657,24.482212]]]}},{"type":"Feature","properties":{},"geometry":{"type":"Polygon","coordinates":[[[54.419879,24.482189],[54.419857,24.482413],[54.420193,24.482446],[54.420215,24.482222],[54.419879,24.482189]]]}},{"type":"Feature","properties":{},"geometry":{"type":"Polygon","coordinates":[[[54.420258,24.482308],[54.42024,24.482445],[54.420561,24.482484],[54.42058,24.482347],[54.420258,24.482308]]]}},{"type":"Feature","properties":{},"geometry":{"type":"Polygon","coordinates":[[[54.41846,24.482285],[54.418443,24.482423],[54.418766,24.48246],[54.418784,24.482322],[54.41846,24.482285]]]}},{"type":"Feature","properties":{},"geometry":{"type":"Polygon","coordinates":[[[54.420635,24.482364],[54.420616,24.482492],[54.420927,24.482532],[54.420945,24.482404],[54.420635,24.482364]]]}},{"type":"Feature","properties":{},"geometry":{"type":"Polygon","coordinates":[[[54.418822,24.48247],[54.419143,24.482512],[54.419163,24.482372],[54.418842,24.482331],[54.418822,24.48247]]]}},{"type":"Feature","properties":{},"geometry":{"type":"Polygon","coordinates":[[[54.418434,24.482447],[54.418418,24.482586],[54.418744,24.482619],[54.41876,24.48248],[54.418434,24.482447]]]}},{"type":"Feature","properties":{},"geometry":{"type":"Polygon","coordinates":[[[54.418814,24.482496],[54.418805,24.482555],[54.419128,24.482601],[54.419136,24.482537],[54.418814,24.482496]]]}},{"type":"Feature","properties":{},"geometry":{"type":"Polygon","coordinates":[[[54.41984,24.482465],[54.419818,24.482679],[54.420154,24.482713],[54.420176,24.482499],[54.41984,24.482465]]]}},{"type":"Feature","properties":{},"geometry":{"type":"Polygon","coordinates":[[[54.420223,24.482516],[54.42021,24.482653],[54.420532,24.482681],[54.420545,24.482545],[54.420223,24.482516]]]}},{"type":"Feature","properties":{},"geometry":{"type":"Polygon","coordinates":[[[54.420606,24.482548],[54.420587,24.482699],[54.420895,24.482733],[54.420916,24.482582],[54.420606,24.482548]]]}},{"type":"Feature","properties":{},"geometry":{"type":"Polygon","coordinates":[[[54.420194,24.48267],[54.420186,24.482743],[54.420515,24.482777],[54.420522,24.482703],[54.420194,24.48267]]]}},{"type":"Feature","properties":{},"geometry":{"type":"Polygon","coordinates":[[[54.419191,24.482619],[54.419172,24.482756],[54.419495,24.482796],[54.419514,24.482659],[54.419191,24.482619]]]}},{"type":"Feature","properties":{},"geometry":{"type":"Polygon","coordinates":[[[54.418957,24.482661],[54.41893,24.482753],[54.419027,24.482779],[54.419055,24.482687],[54.418957,24.482661]]]}},{"type":"Feature","properties":{},"geometry":{"type":"Polygon","coordinates":[[[54.419802,24.482698],[54.419783,24.482836],[54.420104,24.482875],[54.420123,24.482738],[54.419802,24.482698]]]}},{"type":"Feature","properties":{},"geometry":{"type":"Polygon","coordinates":[[[54.418396,24.482685],[54.418382,24.482826],[54.418708,24.482854],[54.418722,24.482713],[54.418396,24.482685]]]}},{"type":"Feature","properties":{},"geometry":{"type":"Polygon","coordinates":[[[54.420578,24.482733],[54.420562,24.48286],[54.420872,24.482896],[54.420888,24.482769],[54.420578,24.482733]]]}},{"type":"Feature","properties":{},"geometry":{"type":"Polygon","coordinates":[[[54.4203,24.48283],[54.420266,24.482926],[54.420354,24.482954],[54.420388,24.482858],[54.4203,24.48283]]]}},{"type":"Feature","properties":{},"geometry":{"type":"Polygon","coordinates":[[[54.419245,24.482795],[54.419228,24.482933],[54.419551,24.482967],[54.419568,24.482829],[54.419245,24.482795]]]}},{"type":"Feature","properties":{},"geometry":{"type":"Polygon","coordinates":[[[54.418763,24.482813],[54.418757,24.482928],[54.418845,24.482933],[54.418851,24.482817],[54.418763,24.482813]]]}},{"type":"Feature","properties":{},"geometry":{"type":"Polygon","coordinates":[[[54.4197,24.48285],[54.419682,24.482991],[54.420003,24.483026],[54.420021,24.482886],[54.4197,24.48285]]]}},{"type":"Feature","properties":{},"geometry":{"type":"Polygon","coordinates":[[[54.418361,24.482988],[54.418686,24.483001],[54.418692,24.482873],[54.418366,24.482861],[54.418361,24.482988]]]}},{"type":"Feature","properties":{},"geometry":{"type":"Polygon","coordinates":[[[54.418858,24.483],[54.41919,24.48303],[54.419205,24.482882],[54.418873,24.482852],[54.418858,24.483]]]}},{"type":"Feature","properties":{},"geometry":{"type":"Polygon","coordinates":[[[54.420544,24.48297],[54.420527,24.483095],[54.420836,24.483132],[54.420852,24.483007],[54.420544,24.48297]]]}},{"type":"Feature","properties":{},"geometry":{"type":"Polygon","coordinates":[[[54.419673,24.483014],[54.41966,24.48314],[54.419985,24.483168],[54.419997,24.483043],[54.419673,24.483014]]]}},{"type":"Feature","properties":{},"geometry":{"type":"Polygon","coordinates":[[[54.420094,24.483],[54.420078,24.483181],[54.420416,24.483212],[54.420432,24.483032],[54.420094,24.483]]]}},{"type":"Feature","properties":{},"geometry":{"type":"Polygon","coordinates":[[[54.42052,24.483123],[54.420508,24.483257],[54.420827,24.483283],[54.420839,24.483149],[54.42052,24.483123]]]}},{"type":"Feature","properties":{},"geometry":{"type":"Polygon","coordinates":[[[54.417238,24.487724],[54.417239,24.487775],[54.417325,24.487774],[54.417324,24.487723],[54.417238,24.487724]]]}},{"type":"Feature","properties":{},"geometry":{"type":"Polygon","coordinates":[[[54.416701,24.488149],[54.416705,24.488248],[54.416751,24.488246],[54.416746,24.488148],[54.416701,24.488149]]]}},{"type":"Feature","properties":{},"geometry":{"type":"Polygon","coordinates":[[[54.416706,24.488248],[54.416706,24.48831],[54.416749,24.48831],[54.416748,24.488248],[54.416706,24.488248]]]}},{"type":"Feature","properties":{},"geometry":{"type":"Polygon","coordinates":[[[54.416695,24.488368],[54.416694,24.488413],[54.416724,24.488413],[54.416725,24.488369],[54.416695,24.488368]]]}},{"type":"Feature","properties":{},"geometry":{"type":"Polygon","coordinates":[[[54.419482,24.489262],[54.419485,24.489309],[54.419542,24.489306],[54.41954,24.489259],[54.419482,24.489262]]]}},{"type":"Feature","properties":{},"geometry":{"type":"Polygon","coordinates":[[[54.41933,24.489268],[54.419332,24.489312],[54.419434,24.489309],[54.419432,24.489265],[54.41933,24.489268]]]}},{"type":"Feature","properties":{},"geometry":{"type":"Polygon","coordinates":[[[54.419591,24.489266],[54.419592,24.489326],[54.419696,24.489324],[54.419694,24.489265],[54.419591,24.489266]]]}},{"type":"Feature","properties":{},"geometry":{"type":"Polygon","coordinates":[[[54.418987,24.489305],[54.418994,24.489435],[54.419084,24.489431],[54.419077,24.489301],[54.418987,24.489305]]]}},{"type":"Feature","properties":{},"geometry":{"type":"Polygon","coordinates":[[[54.419557,24.489378],[54.419554,24.489486],[54.419659,24.489489],[54.419661,24.489381],[54.419557,24.489378]]]}},{"type":"Feature","properties":{},"geometry":{"type":"Polygon","coordinates":[[[54.419157,24.48954],[54.419167,24.489618],[54.419193,24.489615],[54.419183,24.489537],[54.419157,24.48954]]]}},{"type":"Feature","properties":{},"geometry":{"type":"Polygon","coordinates":[[[54.419563,24.489776],[54.419565,24.489827],[54.419685,24.489824],[54.419684,24.489774],[54.419563,24.489776]]]}},{"type":"Feature","properties":{},"geometry":{"type":"Polygon","coordinates":[[[54.419615,24.4903],[54.419663,24.490299],[54.419659,24.490172],[54.419611,24.490173],[54.419615,24.4903]]]}},{"type":"Feature","properties":{},"geometry":{"type":"Polygon","coordinates":[[[54.419388,24.490311],[54.419438,24.490309],[54.419432,24.490181],[54.419381,24.490183],[54.419388,24.490311]]]}},{"type":"Feature","properties":{},"geometry":{"type":"Polygon","coordinates":[[[54.419571,24.490258],[54.419579,24.490304],[54.419613,24.490298],[54.419605,24.490252],[54.419571,24.490258]]]}},{"type":"Feature","properties":{},"geometry":{"type":"Polygon","coordinates":[[[54.419239,24.490277],[54.419241,24.490316],[54.419316,24.490314],[54.419314,24.490275],[54.419239,24.490277]]]}},{"type":"Feature","properties":{},"geometry":{"type":"Polygon","coordinates":[[[54.417181,24.501902],[54.417059,24.501949],[54.417061,24.501968],[54.417256,24.502108],[54.417472,24.501904],[54.41747,24.501885],[54.41724,24.501685],[54.417163,24.501757],[54.417214,24.501829],[54.417181,24.501902]]]}},{"type":"Feature","properties":{},"geometry":{"type":"Polygon","coordinates":[[[54.416805,24.501887],[54.416821,24.50194],[54.416866,24.501928],[54.41685,24.501875],[54.416805,24.501887]]]}},{"type":"Feature","properties":{},"geometry":{"type":"Polygon","coordinates":[[[54.416682,24.501917],[54.416684,24.501971],[54.416759,24.50197],[54.416757,24.501916],[54.416682,24.501917]]]}},{"type":"Feature","properties":{},"geometry":{"type":"Polygon","coordinates":[[[54.416572,24.501928],[54.416574,24.50198],[54.416671,24.501977],[54.416668,24.501925],[54.416572,24.501928]]]}},{"type":"Feature","properties":{},"geometry":{"type":"Polygon","coordinates":[[[54.417548,24.502351],[54.417578,24.502393],[54.41762,24.502365],[54.41759,24.502323],[54.417548,24.502351]]]}},{"type":"Feature","properties":{},"geometry":{"type":"Polygon","coordinates":[[[54.418218,24.502477],[54.41842,24.502399],[54.418376,24.5023],[54.418174,24.502378],[54.418218,24.502477]]]}},{"type":"Feature","properties":{},"geometry":{"type":"Polygon","coordinates":[[[54.417909,24.50252],[54.417932,24.502495],[54.417885,24.502453],[54.417861,24.502478],[54.417909,24.50252]]]}},{"type":"Feature","properties":{},"geometry":{"type":"Polygon","coordinates":[[[54.417421,24.502442],[54.417421,24.502562],[54.417501,24.502568],[54.417504,24.502442],[54.417421,24.502442]]]}},{"type":"Feature","properties":{},"geometry":{"type":"Polygon","coordinates":[[[54.416892,24.50263],[54.416893,24.50266],[54.416997,24.502658],[54.416995,24.502628],[54.416892,24.50263]]]}},{"type":"Feature","properties":{},"geometry":{"type":"Polygon","coordinates":[[[54.416945,24.502702],[54.416942,24.502768],[54.417052,24.502773],[54.417054,24.502707],[54.416945,24.502702]]]}},{"type":"Feature","properties":{},"geometry":{"type":"Polygon","coordinates":[[[54.417344,24.502715],[54.41735,24.502781],[54.417409,24.502776],[54.417402,24.50271],[54.417344,24.502715]]]}},{"type":"Feature","properties":{},"geometry":{"type":"Polygon","coordinates":[[[54.417057,24.502721],[54.417061,24.5028],[54.417303,24.502791],[54.417299,24.502712],[54.417057,24.502721]]]}},{"type":"Feature","properties":{},"geometry":{"type":"Polygon","coordinates":[[[54.417267,24.503056],[54.417266,24.503104],[54.417373,24.503108],[54.417374,24.50306],[54.417267,24.503056]]]}},{"type":"Feature","properties":{},"geometry":{"type":"Polygon","coordinates":[[[54.417465,24.503137],[54.417462,24.503233],[54.417523,24.503235],[54.417526,24.503139],[54.417465,24.503137]]]}},{"type":"Feature","properties":{},"geometry":{"type":"Polygon","coordinates":[[[54.417557,24.503235],[54.417606,24.503235],[54.417604,24.503168],[54.417556,24.503169],[54.417557,24.503235]]]}},{"type":"Feature","properties":{},"geometry":{"type":"Polygon","coordinates":[[[54.417657,24.503792],[54.417691,24.503792],[54.417698,24.50357],[54.417664,24.503569],[54.417657,24.503792]]]}}]}