{"type":"FeatureCollection","features":[{"type":"Feature","properties":{},"geometry":{"type":"Polygon","coordinates":[[[54.378589,24.480076],[54.378661,24.480088],[54.378831,24.479933],[54.378693,24.479808],[54.378389,24.479754],[54.378219,24.479909],[54.378262,24.479948],[54.378189,24.479935],[54.378005,24.480103],[54.378146,24.480232],[54.37845,24.480285],[54.378635,24.480118],[54.378589,24.480076]]]}},{"type":"Feature","properties":{},"geometry":{"type":"Polygon","coordinates":[[[54.377417,24.48066],[54.377537,24.48077],[54.377841,24.480823],[54.37801,24.48067],[54.377968,24.480632],[54.378037,24.480644],[54.37822,24.480473],[54.37808,24.48035],[54.377776,24.480296],[54.377593,24.480466],[54.377652,24.480518],[54.377586,24.480507],[54.377417,24.48066]]]}},{"type":"Feature","properties":{},"geometry":{"type":"Polygon","coordinates":[[[54.380074,24.480726],[54.380315,24.480447],[54.380242,24.480395],[54.380168,24.480382],[54.380177,24.480372],[54.380351,24.480408],[54.38059,24.480132],[54.380512,24.480076],[54.380362,24.48005],[54.380323,24.480023],[54.380484,24.480051],[54.380579,24.479946],[54.380394,24.479808],[54.380231,24.47978],[54.380136,24.479885],[54.380304,24.48001],[54.380249,24.479972],[54.379706,24.479876],[54.379523,24.480096],[54.379705,24.480211],[54.379633,24.480296],[54.379711,24.480352],[54.379753,24.480359],[54.379906,24.480473],[54.379977,24.480486],[54.379946,24.480521],[54.379726,24.480356],[54.379563,24.480327],[54.379505,24.480391],[54.379695,24.480533],[54.379144,24.480432],[54.379111,24.480471],[54.378908,24.480435],[54.378665,24.480722],[54.378792,24.480811],[54.379107,24.480867],[54.379011,24.480973],[54.379245,24.481149],[54.379787,24.481244],[54.379958,24.481057],[54.379724,24.480881],[54.379632,24.480865],[54.379832,24.480629],[54.379787,24.480598],[54.379868,24.480612],[54.379839,24.480645],[54.379911,24.480697],[54.380074,24.480726]]]}},{"type":"Feature","properties":{},"geometry":{"type":"Polygon","coordinates":[[[54.378404,24.48148],[54.378179,24.481753],[54.378202,24.481769],[54.377926,24.48172],[54.377797,24.481878],[54.378058,24.482055],[54.378122,24.482066],[54.378072,24.482127],[54.378294,24.482278],[54.378457,24.482306],[54.378482,24.482275],[54.378648,24.482306],[54.378685,24.482262],[54.378492,24.482131],[54.378601,24.48215],[54.378663,24.482074],[54.378788,24.482096],[54.379013,24.481822],[54.378953,24.481781],[54.379041,24.481797],[54.379266,24.481523],[54.379183,24.481467],[54.379026,24.481439],[54.37889,24.481342],[54.378844,24.481334],[54.3789,24.481266],[54.379052,24.481293],[54.379143,24.481182],[54.378954,24.481053],[54.378791,24.481024],[54.3787,24.481135],[54.378796,24.4812],[54.378658,24.481176],[54.378434,24.48145],[54.378503,24.481497],[54.378404,24.48148]],[[54.378619,24.481918],[54.378446,24.481812],[54.378649,24.481564],[54.37858,24.481517],[54.378679,24.481535],[54.378693,24.481518],[54.378805,24.481599],[54.378878,24.481611],[54.378795,24.481712],[54.378855,24.481753],[54.378767,24.481737],[54.378619,24.481918]]]}},{"type":"Feature","properties":{},"geometry":{"type":"Polygon","coordinates":[[[54.378251,24.482533],[54.37798,24.482348],[54.377166,24.482204],[54.376793,24.482655],[54.377065,24.482841],[54.377879,24.482984],[54.378251,24.482533]]]}},{"type":"Feature","properties":{},"geometry":{"type":"Polygon","coordinates":[[[54.378491,24.483081],[54.378399,24.483189],[54.378675,24.483384],[54.378838,24.483412],[54.37893,24.483304],[54.378654,24.483109],[54.378491,24.483081]]]}},{"type":"Feature","properties":{},"geometry":{"type":"Polygon","coordinates":[[[54.378904,24.483459],[54.378875,24.483575],[54.379151,24.483627],[54.37918,24.483511],[54.378904,24.483459]]]}},{"type":"Feature","properties":{},"geometry":{"type":"Polygon","coordinates":[[[54.377295,24.483716],[54.377609,24.483927],[54.377798,24.48396],[54.377821,24.484019],[54.377856,24.484057],[54.377908,24.484081],[54.378862,24.484247],[54.379146,24.483911],[54.3791,24.483886],[54.3791,24.483829],[54.379231,24.483852],[54.379291,24.483743],[54.379349,24.483753],[54.379436,24.48367],[54.379371,24.483614],[54.379208,24.483585],[54.379121,24.483668],[54.37917,24.48371],[54.379089,24.483696],[54.37905,24.483767],[54.378976,24.483737],[54.378806,24.483707],[54.378765,24.483677],[54.378626,24.483653],[54.37834,24.48345],[54.377526,24.483306],[54.377499,24.483342],[54.377411,24.483327],[54.377271,24.483499],[54.377295,24.483716]]]}},{"type":"Feature","properties":{},"geometry":{"type":"Polygon","coordinates":[[[54.378279,24.484675],[54.378458,24.484802],[54.378501,24.48481],[54.378488,24.484826],[54.378675,24.484953],[54.378712,24.48496],[54.378704,24.484969],[54.378894,24.485107],[54.378924,24.485112],[54.378917,24.48512],[54.379076,24.485235],[54.379047,24.485268],[54.379222,24.485391],[54.379265,24.485398],[54.379246,24.48542],[54.379426,24.485547],[54.379463,24.485554],[54.379443,24.485577],[54.379632,24.485714],[54.379793,24.485742],[54.379786,24.485751],[54.379899,24.485835],[54.379876,24.485862],[54.380054,24.485992],[54.380223,24.486022],[54.380211,24.486036],[54.380587,24.486305],[54.380761,24.486336],[54.380877,24.486206],[54.380496,24.485937],[54.380439,24.485927],[54.380275,24.485807],[54.380239,24.485801],[54.380255,24.485783],[54.380077,24.485651],[54.380043,24.485645],[54.380053,24.485633],[54.379864,24.485497],[54.379825,24.48549],[54.379835,24.485477],[54.379655,24.48535],[54.379569,24.485335],[54.379585,24.485315],[54.37941,24.485193],[54.379367,24.485185],[54.379388,24.485161],[54.3792,24.485025],[54.379171,24.48502],[54.379186,24.485003],[54.378995,24.484865],[54.378952,24.484857],[54.37877,24.484724],[54.37873,24.484717],[54.378742,24.484704],[54.378563,24.484576],[54.378524,24.48457],[54.378538,24.484554],[54.378354,24.484422],[54.378324,24.484416],[54.378333,24.484405],[54.37815,24.484275],[54.378109,24.484268],[54.378118,24.484257],[54.377927,24.484123],[54.377753,24.484093],[54.377641,24.484226],[54.377832,24.48436],[54.377871,24.484367],[54.37786,24.48438],[54.378044,24.48451],[54.378073,24.484515],[54.378066,24.484524],[54.37825,24.484656],[54.378289,24.484663],[54.378279,24.484675]]]}},{"type":"Feature","properties":{},"geometry":{"type":"Polygon","coordinates":[[[54.377665,24.487032],[54.377712,24.486979],[54.377627,24.486917],[54.37728,24.486856],[54.377089,24.487073],[54.377175,24.487136],[54.377396,24.487175],[54.377315,24.487267],[54.37737,24.487308],[54.377323,24.487361],[54.37751,24.487497],[54.377575,24.487509],[54.377509,24.487584],[54.377655,24.48769],[54.377224,24.488182],[54.376758,24.4881],[54.376701,24.488167],[54.377501,24.488724],[54.377977,24.488808],[54.377954,24.488836],[54.378156,24.488978],[54.378318,24.489006],[54.378366,24.48895],[54.378164,24.488808],[54.378067,24.488791],[54.3781,24.488752],[54.377805,24.488546],[54.37789,24.488561],[54.37836,24.488024],[54.378514,24.488126],[54.379057,24.488221],[54.379183,24.488063],[54.378962,24.487917],[54.378522,24.487839],[54.378691,24.487646],[54.378859,24.487768],[54.379207,24.48783],[54.37933,24.487689],[54.3793,24.487667],[54.379473,24.48747],[54.379086,24.48719],[54.379,24.487174],[54.378887,24.487093],[54.37899,24.486976],[54.378791,24.486831],[54.378494,24.486779],[54.378587,24.486668],[54.378541,24.48664],[54.378425,24.48662],[54.378516,24.486504],[54.378632,24.486548],[54.378795,24.486577],[54.378817,24.486542],[54.378744,24.486504],[54.378627,24.486483],[54.37882,24.486237],[54.37878,24.486211],[54.378835,24.48614],[54.378537,24.485947],[54.377723,24.485803],[54.377092,24.486611],[54.377366,24.486789],[54.378181,24.486933],[54.378194,24.486915],[54.378299,24.486935],[54.378123,24.487136],[54.378058,24.487089],[54.377711,24.487027],[54.377665,24.487032]]]}},{"type":"Feature","properties":{},"geometry":{"type":"Polygon","coordinates":[[[54.379247,24.490151],[54.379363,24.490233],[54.379792,24.490309],[54.379715,24.490398],[54.379653,24.490355],[54.379262,24.490286],[54.379159,24.490408],[54.379283,24.490494],[54.379223,24.490566],[54.37926,24.490591],[54.378891,24.490526],[54.378774,24.49066],[54.378718,24.490622],[54.378789,24.490635],[54.378943,24.490452],[54.378811,24.490359],[54.377942,24.490206],[54.377788,24.490389],[54.37792,24.490482],[54.378118,24.490517],[54.37799,24.490675],[54.378087,24.49074],[54.377591,24.490653],[54.377441,24.490829],[54.377582,24.490928],[54.378407,24.491073],[54.378556,24.490897],[54.378472,24.490837],[54.378624,24.490864],[54.378731,24.490731],[54.378781,24.490767],[54.378636,24.490938],[54.378682,24.49097],[54.378617,24.490959],[54.378468,24.49113],[54.378533,24.491177],[54.378329,24.491141],[54.378336,24.491134],[54.378201,24.491039],[54.377289,24.490878],[54.377143,24.49105],[54.377278,24.491144],[54.378172,24.491302],[54.378155,24.491321],[54.378276,24.491406],[54.378654,24.491473],[54.378562,24.491578],[54.378534,24.49156],[54.378137,24.49149],[54.377954,24.49136],[54.377042,24.491199],[54.376858,24.491413],[54.377096,24.491583],[54.378008,24.491743],[54.378052,24.491692],[54.3782,24.491791],[54.378393,24.491824],[54.378382,24.491838],[54.378567,24.491967],[54.378914,24.492028],[54.379001,24.491926],[54.378816,24.491796],[54.37875,24.491785],[54.378792,24.491733],[54.378753,24.491707],[54.379215,24.491788],[54.379282,24.491711],[54.380455,24.491914],[54.380471,24.491828],[54.380515,24.491835],[54.380551,24.491633],[54.380516,24.491627],[54.380532,24.491557],[54.380396,24.491446],[54.380083,24.491391],[54.380179,24.491281],[54.380041,24.491181],[54.379746,24.491129],[54.379847,24.491013],[54.37973,24.490928],[54.379386,24.490867],[54.379489,24.49075],[54.380071,24.490861],[54.380184,24.490727],[54.3799,24.49053],[54.379829,24.490518],[54.3802,24.490575],[54.380366,24.490379],[54.38025,24.490298],[54.379865,24.49023],[54.379963,24.490114],[54.379847,24.490032],[54.379568,24.489983],[54.379649,24.489887],[54.379385,24.489702],[54.378604,24.489564],[54.378398,24.489806],[54.378625,24.489966],[54.378153,24.489883],[54.377992,24.490078],[54.378137,24.490178],[54.379049,24.490338],[54.379211,24.490143],[54.379103,24.490069],[54.379289,24.490102],[54.379247,24.490151]],[[54.378902,24.491429],[54.378933,24.491451],[54.37885,24.491436],[54.378947,24.491322],[54.378987,24.491329],[54.378902,24.491429]],[[54.379086,24.491085],[54.379154,24.491097],[54.379202,24.49104],[54.379228,24.491059],[54.379069,24.491229],[54.379125,24.49127],[54.37909,24.491245],[54.37903,24.491235],[54.379133,24.491118],[54.379086,24.491085]]]}},{"type":"Feature","properties":{},"geometry":{"type":"Polygon","coordinates":[[[54.377871,24.492515],[54.37735,24.492424],[54.377235,24.492552],[54.377485,24.492738],[54.378007,24.492829],[54.378121,24.492701],[54.377871,24.492515]]]}},{"type":"Feature","properties":{},"geometry":{"type":"Polygon","coordinates":[[[54.378255,24.493766],[54.378246,24.493814],[54.378587,24.49386],[54.379541,24.494028],[54.379712,24.493834],[54.378641,24.493079],[54.378197,24.493001],[54.378141,24.492959],[54.376784,24.49272],[54.376599,24.492927],[54.376808,24.493082],[54.377419,24.49319],[54.377453,24.493214],[54.377565,24.493234],[54.377536,24.493269],[54.377755,24.493416],[54.377847,24.493432],[54.377823,24.49346],[54.378255,24.493766]]]}},{"type":"Feature","properties":{},"geometry":{"type":"Polygon","coordinates":[[[54.378216,24.493761],[54.378155,24.49374],[54.377992,24.493711],[54.377978,24.493747],[54.378202,24.493796],[54.378216,24.493761]]]}},{"type":"Feature","properties":{},"geometry":{"type":"Polygon","coordinates":[[[54.377321,24.49452],[54.377301,24.494543],[54.377493,24.494683],[54.37781,24.494738],[54.377675,24.494895],[54.377797,24.494982],[54.377632,24.494953],[54.377551,24.495047],[54.37736,24.495013],[54.377254,24.495138],[54.377445,24.495273],[54.377562,24.495293],[54.377464,24.495415],[54.377472,24.49542],[54.37654,24.495256],[54.376283,24.495561],[54.376501,24.495714],[54.376882,24.495781],[54.376832,24.495841],[54.377048,24.495987],[54.377382,24.496046],[54.37727,24.496182],[54.377538,24.496364],[54.377895,24.496427],[54.377968,24.496478],[54.379325,24.496717],[54.37935,24.496687],[54.379632,24.496736],[54.379827,24.496513],[54.379682,24.496408],[54.379517,24.496379],[54.379539,24.496361],[54.37974,24.496396],[54.379756,24.496376],[54.379816,24.496387],[54.379785,24.496425],[54.379988,24.496563],[54.38025,24.496609],[54.379941,24.496978],[54.380398,24.497294],[54.380528,24.497317],[54.380932,24.496834],[54.38073,24.496694],[54.381073,24.496754],[54.381237,24.496554],[54.381102,24.496462],[54.381299,24.496497],[54.38146,24.496299],[54.381301,24.496193],[54.381515,24.49623],[54.381675,24.496032],[54.381524,24.495931],[54.381737,24.495968],[54.381897,24.49577],[54.381682,24.495626],[54.381575,24.495608],[54.381615,24.495559],[54.3814,24.495415],[54.380825,24.495314],[54.380931,24.495189],[54.3808,24.495098],[54.380716,24.495083],[54.380798,24.494986],[54.380594,24.494844],[54.380039,24.494746],[54.37981,24.49457],[54.378775,24.494387],[54.378787,24.494373],[54.379216,24.494449],[54.379259,24.494392],[54.379389,24.494486],[54.380678,24.494713],[54.380794,24.49458],[54.380561,24.494411],[54.380471,24.494396],[54.380487,24.494377],[54.380234,24.494196],[54.379148,24.494004],[54.379078,24.494086],[54.378863,24.493933],[54.377777,24.493742],[54.377731,24.493795],[54.37692,24.493652],[54.376718,24.493893],[54.37693,24.494041],[54.377355,24.494116],[54.377342,24.494132],[54.377544,24.494275],[54.37765,24.494294],[54.377626,24.494322],[54.377167,24.494242],[54.377057,24.494368],[54.377249,24.494507],[54.377321,24.49452]],[[54.38015,24.495909],[54.380348,24.495671],[54.380233,24.495591],[54.380389,24.495619],[54.380425,24.495576],[54.380475,24.495585],[54.380436,24.495634],[54.380587,24.495734],[54.380374,24.495697],[54.380214,24.495895],[54.380372,24.496001],[54.380159,24.495964],[54.380052,24.496096],[54.380001,24.496087],[54.38014,24.495918],[54.380119,24.495904],[54.38015,24.495909]],[[54.379252,24.49633],[54.379266,24.496313],[54.379306,24.49632],[54.379284,24.496338],[54.37846,24.496193],[54.378444,24.496211],[54.378421,24.496207],[54.378509,24.496099],[54.378709,24.496235],[54.379252,24.49633]],[[54.378153,24.495627],[54.378615,24.495708],[54.3786,24.495727],[54.378172,24.495651],[54.378078,24.495586],[54.378153,24.495627]],[[54.378588,24.494837],[54.378391,24.494802],[54.378431,24.494757],[54.378628,24.494791],[54.378588,24.494837]],[[54.37862,24.495181],[54.378522,24.495121],[54.378547,24.495131],[54.37862,24.495181]]]}},{"type":"Feature","properties":{},"geometry":{"type":"Polygon","coordinates":[[[54.378381,24.497184],[54.37842,24.497141],[54.378156,24.496946],[54.377548,24.496839],[54.377441,24.496958],[54.377646,24.49711],[54.377524,24.497246],[54.377501,24.497242],[54.377395,24.497362],[54.377646,24.497547],[54.378168,24.497639],[54.378184,24.49762],[54.378523,24.49768],[54.3788,24.49737],[54.3786,24.497223],[54.378381,24.497184]]]}},{"type":"Feature","properties":{},"geometry":{"type":"Polygon","coordinates":[[[54.378389,24.49777],[54.378271,24.497684],[54.377403,24.497531],[54.377208,24.497749],[54.377326,24.497836],[54.378194,24.497989],[54.378389,24.49777]]]}},{"type":"Feature","properties":{},"geometry":{"type":"Polygon","coordinates":[[[54.378263,24.4981],[54.378171,24.498025],[54.377607,24.497926],[54.377412,24.498144],[54.377492,24.498199],[54.37707,24.498125],[54.376895,24.498322],[54.37703,24.49842],[54.377898,24.498573],[54.378057,24.498368],[54.377973,24.498304],[54.378096,24.498326],[54.378263,24.4981]]]}},{"type":"Feature","properties":{},"geometry":{"type":"Polygon","coordinates":[[[54.378585,24.498604],[54.378516,24.498627],[54.378534,24.498674],[54.378697,24.498702],[54.378767,24.498679],[54.378748,24.498633],[54.378585,24.498604]]]}},{"type":"Feature","properties":{},"geometry":{"type":"Polygon","coordinates":[[[54.378841,24.498827],[54.378741,24.498751],[54.378578,24.498722],[54.378464,24.498844],[54.378566,24.498921],[54.378728,24.498949],[54.378841,24.498827]]]}},{"type":"Feature","properties":{},"geometry":{"type":"Polygon","coordinates":[[[54.378526,24.499094],[54.378551,24.499069],[54.378595,24.499077],[54.378635,24.499036],[54.378544,24.498962],[54.378381,24.498933],[54.378301,24.499015],[54.378363,24.499065],[54.378526,24.499094]]]}},{"type":"Feature","properties":{},"geometry":{"type":"Polygon","coordinates":[[[54.378174,24.501332],[54.377961,24.501167],[54.376753,24.500954],[54.376553,24.501166],[54.376767,24.501332],[54.377974,24.501545],[54.378174,24.501332]]]}},{"type":"Feature","properties":{},"geometry":{"type":"Polygon","coordinates":[[[54.378036,24.50187],[54.37789,24.501751],[54.377075,24.501608],[54.376875,24.501811],[54.377021,24.50193],[54.377836,24.502074],[54.378036,24.50187]]]}},{"type":"Feature","properties":{},"geometry":{"type":"Polygon","coordinates":[[[54.378186,24.502251],[54.378018,24.502117],[54.376987,24.501935],[54.376796,24.502132],[54.376965,24.502267],[54.377996,24.502449],[54.378186,24.502251]]]}},{"type":"Feature","properties":{},"geometry":{"type":"Polygon","coordinates":[[[54.378059,24.502581],[54.377856,24.502438],[54.376825,24.502257],[54.376721,24.502379],[54.376923,24.502522],[54.377954,24.502704],[54.378059,24.502581]]]}},{"type":"Feature","properties":{},"geometry":{"type":"Polygon","coordinates":[[[54.378438,24.50854],[54.378366,24.508541],[54.378368,24.508651],[54.37853,24.508679],[54.378603,24.508678],[54.378601,24.508569],[54.378438,24.50854]]]}},{"type":"Feature","properties":{},"geometry":{"type":"Polygon","coordinates":[[[54.378806,24.510318],[54.379035,24.510192],[54.378975,24.510103],[54.379145,24.510132],[54.379792,24.509788],[54.379725,24.509683],[54.379473,24.509638],[54.379515,24.509616],[54.379942,24.509691],[54.380178,24.509563],[54.379918,24.509156],[54.379375,24.509061],[54.379123,24.509185],[54.379219,24.509327],[54.37872,24.509239],[54.378406,24.509407],[54.377776,24.509296],[54.376988,24.509565],[54.377189,24.509877],[54.377671,24.509962],[54.377572,24.510017],[54.377824,24.510393],[54.378367,24.510488],[54.378719,24.510303],[54.378806,24.510318]],[[54.37808,24.509978],[54.378095,24.50997],[54.378103,24.509982],[54.37808,24.509978]]]}},{"type":"Feature","properties":{},"geometry":{"type":"Polygon","coordinates":[[[54.380407,24.481954],[54.380429,24.481958],[54.380423,24.481965],[54.380919,24.482323],[54.38125,24.482381],[54.381158,24.482489],[54.381394,24.482655],[54.381462,24.482667],[54.381452,24.482678],[54.381688,24.482844],[54.381724,24.48285],[54.381714,24.482863],[54.382226,24.483211],[54.382211,24.483228],[54.382447,24.483394],[54.38299,24.48349],[54.383176,24.483271],[54.383157,24.483258],[54.383184,24.483263],[54.38337,24.483044],[54.383318,24.483007],[54.383406,24.483023],[54.383592,24.482804],[54.383525,24.482757],[54.383617,24.482773],[54.383804,24.482554],[54.383568,24.482388],[54.383523,24.48238],[54.383533,24.482368],[54.383298,24.482202],[54.383247,24.482193],[54.38326,24.482179],[54.383087,24.482066],[54.383059,24.482061],[54.383069,24.482052],[54.382901,24.481932],[54.382665,24.48189],[54.382733,24.481811],[54.382497,24.481645],[54.382175,24.481588],[54.382265,24.481485],[54.381753,24.481132],[54.381764,24.48112],[54.381527,24.480951],[54.381501,24.480946],[54.381265,24.480779],[54.381215,24.48077],[54.381223,24.480761],[54.381063,24.480649],[54.380985,24.480635],[54.381003,24.480613],[54.380843,24.4805],[54.38068,24.480472],[54.380514,24.480668],[54.380651,24.480764],[54.3805,24.480737],[54.380334,24.480934],[54.380349,24.480944],[54.380323,24.48094],[54.380285,24.480973],[54.380119,24.481169],[54.380192,24.48122],[54.380093,24.481203],[54.379927,24.481399],[54.380024,24.481467],[54.379911,24.481597],[54.380407,24.481954]],[[54.382138,24.482502],[54.382324,24.482283],[54.382297,24.482264],[54.382332,24.48227],[54.382389,24.482202],[54.382522,24.482294],[54.382586,24.482305],[54.382569,24.482325],[54.382604,24.48235],[54.382559,24.482342],[54.382501,24.482409],[54.382346,24.482382],[54.382284,24.482467],[54.382354,24.482509],[54.382408,24.482519],[54.382372,24.482561],[54.382438,24.482607],[54.382346,24.482591],[54.382304,24.482641],[54.382181,24.482555],[54.382114,24.482543],[54.382123,24.482532],[54.382062,24.482489],[54.382138,24.482502]],[[54.381097,24.481662],[54.380796,24.481609],[54.38063,24.481489],[54.380585,24.481481],[54.380595,24.481469],[54.380511,24.481411],[54.380632,24.481432],[54.380798,24.481235],[54.380751,24.481203],[54.380856,24.481221],[54.380912,24.481155],[54.381033,24.481239],[54.38106,24.481244],[54.380964,24.481231],[54.380928,24.481301],[54.381019,24.48134],[54.381182,24.481368],[54.381187,24.481359],[54.381281,24.481424],[54.38131,24.481429],[54.381299,24.481442],[54.381534,24.481604],[54.381859,24.481662],[54.381775,24.481759],[54.381693,24.481698],[54.38115,24.481603],[54.381097,24.481662]],[[54.380517,24.48105],[54.380553,24.481056],[54.380543,24.481068],[54.380517,24.48105]],[[54.383315,24.48263],[54.383316,24.482629],[54.383318,24.482631],[54.383315,24.48263]]]}},{"type":"Feature","properties":{},"geometry":{"type":"Polygon","coordinates":[[[54.379828,24.481747],[54.379725,24.481675],[54.379562,24.481646],[54.379496,24.481724],[54.379599,24.481796],[54.379762,24.481825],[54.379828,24.481747]]]}},{"type":"Feature","properties":{},"geometry":{"type":"Polygon","coordinates":[[[54.380215,24.48223],[54.380165,24.482194],[54.380002,24.482165],[54.379853,24.482335],[54.379903,24.482371],[54.380066,24.4824],[54.380215,24.48223]]]}},{"type":"Feature","properties":{},"geometry":{"type":"Polygon","coordinates":[[[54.379357,24.482875],[54.37924,24.483014],[54.380016,24.483555],[54.380752,24.483685],[54.380661,24.483814],[54.380634,24.483879],[54.380273,24.483625],[54.38011,24.483596],[54.38004,24.483679],[54.380425,24.483943],[54.380558,24.483966],[54.38052,24.484015],[54.380566,24.484047],[54.380644,24.484061],[54.380714,24.484107],[54.380901,24.484139],[54.381122,24.484282],[54.381413,24.484333],[54.381475,24.484383],[54.381415,24.484457],[54.381527,24.484532],[54.38207,24.484628],[54.382291,24.484353],[54.382169,24.484271],[54.382069,24.484254],[54.382188,24.4841],[54.382293,24.484135],[54.382456,24.484163],[54.382481,24.4841],[54.38236,24.48406],[54.382236,24.484038],[54.382281,24.48398],[54.382157,24.483901],[54.382031,24.483878],[54.38205,24.483814],[54.381717,24.4836],[54.38152,24.483565],[54.381445,24.48351],[54.381457,24.483497],[54.381381,24.483434],[54.381218,24.483405],[54.381134,24.48349],[54.381146,24.483499],[54.381017,24.483477],[54.381095,24.483384],[54.380861,24.483221],[54.380909,24.483164],[54.380959,24.483173],[54.380976,24.483153],[54.381033,24.483163],[54.381089,24.483096],[54.381127,24.483103],[54.381171,24.483051],[54.38125,24.483103],[54.381228,24.483131],[54.381421,24.483255],[54.381379,24.483306],[54.381502,24.48339],[54.381604,24.483408],[54.381587,24.483433],[54.381607,24.483444],[54.38149,24.483424],[54.381448,24.483478],[54.381518,24.483524],[54.381681,24.483553],[54.381716,24.483508],[54.381866,24.483596],[54.381905,24.483603],[54.381889,24.483621],[54.382175,24.483838],[54.382239,24.483849],[54.382232,24.483857],[54.382398,24.483992],[54.382561,24.484021],[54.382617,24.483965],[54.382451,24.483829],[54.382384,24.483817],[54.382391,24.483809],[54.382105,24.483592],[54.382058,24.483584],[54.382079,24.483554],[54.3818,24.483391],[54.381703,24.483373],[54.381745,24.483323],[54.381688,24.483284],[54.381725,24.48325],[54.381363,24.483006],[54.381201,24.482978],[54.381104,24.482909],[54.381042,24.482899],[54.380654,24.482628],[54.380427,24.482588],[54.380463,24.482548],[54.380286,24.482414],[54.380124,24.482386],[54.380007,24.482514],[54.37984,24.482485],[54.379783,24.482553],[54.379368,24.48248],[54.37915,24.482742],[54.379357,24.482875]],[[54.380637,24.483913],[54.380729,24.483972],[54.380606,24.48395],[54.380637,24.483913]]]}},{"type":"Feature","properties":{},"geometry":{"type":"Polygon","coordinates":[[[54.380272,24.484767],[54.380109,24.484739],[54.380063,24.484789],[54.38014,24.484847],[54.379862,24.484798],[54.379669,24.485008],[54.37967,24.485035],[54.379679,24.485055],[54.379751,24.485071],[54.379826,24.485145],[54.379972,24.485252],[54.380319,24.485313],[54.38045,24.485163],[54.380905,24.485243],[54.380962,24.485316],[54.381125,24.485345],[54.381194,24.4853],[54.381123,24.485207],[54.381022,24.48519],[54.381299,24.484858],[54.381158,24.48476],[54.380768,24.484691],[54.380797,24.48466],[54.380673,24.484575],[54.380693,24.484546],[54.380577,24.484469],[54.380496,24.484455],[54.380451,24.484425],[54.380301,24.484399],[54.380371,24.484317],[54.3799,24.483983],[54.379358,24.483887],[54.379323,24.483928],[54.379214,24.483909],[54.378999,24.484171],[54.379084,24.484228],[54.379247,24.484257],[54.379288,24.484206],[54.379632,24.48445],[54.379903,24.484497],[54.379917,24.484618],[54.38046,24.484713],[54.380582,24.484705],[54.38045,24.484862],[54.380382,24.48485],[54.380272,24.484767]],[[54.380246,24.484886],[54.380275,24.484892],[54.380266,24.484902],[54.380246,24.484886]]]}},{"type":"Feature","properties":{},"geometry":{"type":"Polygon","coordinates":[[[54.379566,24.484514],[54.379455,24.484439],[54.379292,24.48441],[54.379226,24.48449],[54.379188,24.484464],[54.379026,24.484436],[54.378949,24.484528],[54.37923,24.484722],[54.379393,24.48475],[54.379469,24.484658],[54.379372,24.484591],[54.379486,24.484611],[54.379566,24.484514]]]}},{"type":"Feature","properties":{},"geometry":{"type":"Polygon","coordinates":[[[54.37927,24.486243],[54.379211,24.486209],[54.379048,24.486181],[54.379021,24.486219],[54.379081,24.486253],[54.379244,24.486282],[54.37927,24.486243]]]}},{"type":"Feature","properties":{},"geometry":{"type":"Polygon","coordinates":[[[54.379571,24.486597],[54.379408,24.486569],[54.379371,24.486629],[54.379414,24.486651],[54.379577,24.486679],[54.379614,24.486619],[54.379571,24.486597]]]}},{"type":"Feature","properties":{},"geometry":{"type":"Polygon","coordinates":[[[54.379517,24.486998],[54.37963,24.487018],[54.379606,24.48705],[54.379722,24.487124],[54.379885,24.487152],[54.379917,24.487111],[54.379897,24.487098],[54.379918,24.487102],[54.379954,24.487063],[54.379878,24.487005],[54.379985,24.487024],[54.380019,24.486986],[54.379999,24.486971],[54.380054,24.486981],[54.380082,24.486937],[54.379948,24.486866],[54.379785,24.486838],[54.379764,24.48687],[54.379795,24.486887],[54.37975,24.486879],[54.37973,24.486902],[54.379606,24.486803],[54.379443,24.486775],[54.379353,24.486868],[54.379517,24.486998]],[[54.379757,24.486947],[54.379793,24.486974],[54.37974,24.486965],[54.379757,24.486947]]]}},{"type":"Feature","properties":{},"geometry":{"type":"Polygon","coordinates":[[[54.37955,24.487187],[54.379516,24.487168],[54.379353,24.487139],[54.379326,24.487177],[54.37936,24.487196],[54.379523,24.487225],[54.37955,24.487187]]]}},{"type":"Feature","properties":{},"geometry":{"type":"Polygon","coordinates":[[[54.37899,24.487816],[54.378953,24.487857],[54.379054,24.487934],[54.379217,24.487962],[54.379254,24.487922],[54.379153,24.487845],[54.37899,24.487816]]]}},{"type":"Feature","properties":{},"geometry":{"type":"Polygon","coordinates":[[[54.380534,24.488907],[54.380607,24.48892],[54.380797,24.489068],[54.380949,24.489094],[54.380813,24.489248],[54.380933,24.489335],[54.381324,24.489404],[54.38149,24.489216],[54.381457,24.489191],[54.3815,24.489199],[54.381646,24.489032],[54.381594,24.488995],[54.38166,24.489007],[54.381821,24.488827],[54.381684,24.488725],[54.381521,24.488697],[54.381317,24.488546],[54.381246,24.488533],[54.381096,24.48843],[54.381113,24.488411],[54.380898,24.488256],[54.380722,24.488225],[54.38082,24.488104],[54.380677,24.488008],[54.380373,24.487955],[54.380211,24.488155],[54.380226,24.488165],[54.37998,24.488121],[54.379823,24.488319],[54.379847,24.488335],[54.3798,24.488327],[54.379645,24.488514],[54.379807,24.488626],[54.380099,24.488677],[54.380191,24.488745],[54.380342,24.488773],[54.380534,24.488907]],[[54.38073,24.48853],[54.380679,24.48859],[54.380619,24.488546],[54.380467,24.48852],[54.380442,24.488502],[54.380497,24.488512],[54.380542,24.488455],[54.380665,24.488476],[54.38073,24.48853]],[[54.381087,24.488775],[54.381045,24.488821],[54.381131,24.488885],[54.381108,24.488911],[54.381055,24.48887],[54.381019,24.488864],[54.380814,24.488721],[54.380828,24.488699],[54.380884,24.488739],[54.381087,24.488775]]]}},{"type":"Feature","properties":{},"geometry":{"type":"Polygon","coordinates":[[[54.379811,24.489492],[54.37985,24.489499],[54.379909,24.489542],[54.379859,24.489598],[54.380061,24.489747],[54.380539,24.489831],[54.380659,24.489696],[54.380458,24.489547],[54.380365,24.489531],[54.380237,24.489437],[54.380211,24.489433],[54.380008,24.48928],[54.37986,24.489254],[54.379987,24.489113],[54.380199,24.48915],[54.380165,24.48919],[54.380326,24.489305],[54.380357,24.489311],[54.380348,24.489322],[54.380542,24.489461],[54.380846,24.489514],[54.380944,24.489402],[54.38075,24.489262],[54.380718,24.489257],[54.380727,24.489247],[54.380566,24.489131],[54.380432,24.489107],[54.380481,24.489049],[54.380273,24.488905],[54.380211,24.488894],[54.380176,24.48887],[54.380013,24.488842],[54.380001,24.488857],[54.379796,24.488821],[54.379686,24.488952],[54.379697,24.48896],[54.379329,24.488895],[54.379166,24.489075],[54.379316,24.489188],[54.379682,24.489252],[54.379603,24.489346],[54.379811,24.489492]]]}},{"type":"Feature","properties":{},"geometry":{"type":"Polygon","coordinates":[[[54.380855,24.491734],[54.381339,24.491819],[54.381245,24.491935],[54.381504,24.492109],[54.381658,24.492136],[54.381642,24.492156],[54.381832,24.492283],[54.381871,24.49229],[54.38186,24.492304],[54.38205,24.492432],[54.382198,24.492458],[54.382138,24.492527],[54.382259,24.492614],[54.382737,24.492698],[54.382896,24.492513],[54.382832,24.492467],[54.382925,24.492484],[54.38308,24.492305],[54.382945,24.492208],[54.382424,24.492116],[54.382311,24.492244],[54.382121,24.492116],[54.382054,24.492104],[54.382094,24.492056],[54.381834,24.491882],[54.381438,24.491812],[54.381492,24.491749],[54.381596,24.491823],[54.382074,24.491907],[54.38225,24.4917],[54.382108,24.4916],[54.381668,24.491523],[54.381777,24.491408],[54.381646,24.49132],[54.381255,24.491251],[54.38111,24.491407],[54.3807,24.491116],[54.380634,24.491105],[54.38065,24.491086],[54.38045,24.490946],[54.380059,24.490877],[54.379959,24.490995],[54.380081,24.49108],[54.380025,24.491145],[54.380855,24.491734]],[[54.381493,24.491679],[54.381332,24.491565],[54.381556,24.491604],[54.381493,24.491679]]]}},{"type":"Feature","properties":{},"geometry":{"type":"Polygon","coordinates":[[[54.379598,24.492231],[54.379538,24.492302],[54.379385,24.492196],[54.379037,24.492135],[54.378946,24.492245],[54.379134,24.492374],[54.379175,24.492382],[54.379167,24.492391],[54.379328,24.492502],[54.379305,24.492529],[54.3795,24.492664],[54.379573,24.492677],[54.379563,24.49269],[54.379753,24.492821],[54.379789,24.492827],[54.37977,24.49285],[54.379956,24.492978],[54.379917,24.493025],[54.38013,24.493172],[54.380358,24.493212],[54.380549,24.493344],[54.380512,24.493388],[54.380661,24.493491],[54.380617,24.493543],[54.380925,24.493755],[54.38117,24.493798],[54.381073,24.493915],[54.381214,24.494013],[54.381605,24.494081],[54.381769,24.493886],[54.381627,24.493788],[54.381512,24.493768],[54.381563,24.493706],[54.381256,24.493494],[54.381228,24.493489],[54.381037,24.493356],[54.381006,24.493351],[54.381019,24.493335],[54.380784,24.493173],[54.38069,24.493157],[54.380719,24.493122],[54.380506,24.492976],[54.380438,24.492964],[54.380451,24.492949],[54.380251,24.492811],[54.380214,24.492804],[54.380229,24.492787],[54.380039,24.492656],[54.380009,24.492651],[54.380019,24.492639],[54.379885,24.492547],[54.380634,24.492679],[54.381183,24.492023],[54.380737,24.491713],[54.38065,24.491698],[54.380459,24.491926],[54.379931,24.491833],[54.37974,24.492061],[54.379615,24.49197],[54.379441,24.49194],[54.379346,24.492048],[54.379598,24.492231]]]}},{"type":"Feature","properties":{},"geometry":{"type":"Polygon","coordinates":[[[54.37965,24.498288],[54.379415,24.498117],[54.378872,24.498022],[54.378711,24.498206],[54.378946,24.498377],[54.379489,24.498472],[54.37965,24.498288]]]}},{"type":"Feature","properties":{},"geometry":{"type":"Polygon","coordinates":[[[54.379296,24.498873],[54.379405,24.498736],[54.37919,24.498593],[54.379117,24.49858],[54.379131,24.498562],[54.378948,24.498445],[54.378785,24.498417],[54.378711,24.498512],[54.378894,24.498629],[54.378965,24.498642],[54.378917,24.498701],[54.379133,24.498844],[54.379296,24.498873]]]}},{"type":"Feature","properties":{},"geometry":{"type":"Polygon","coordinates":[[[54.37953,24.499076],[54.37947,24.499065],[54.379411,24.499142],[54.37946,24.499159],[54.379442,24.499183],[54.37978,24.499397],[54.380845,24.499603],[54.381059,24.499614],[54.38122,24.4995],[54.381157,24.499399],[54.381085,24.499387],[54.381037,24.499295],[54.381459,24.49904],[54.381157,24.498601],[54.381246,24.498548],[54.381365,24.498595],[54.381355,24.498747],[54.381459,24.49891],[54.381799,24.49897],[54.381927,24.498916],[54.381895,24.498638],[54.381815,24.498526],[54.381286,24.498381],[54.380947,24.498321],[54.380773,24.498421],[54.380729,24.498413],[54.380289,24.498685],[54.380409,24.49886],[54.38028,24.498942],[54.380251,24.499057],[54.38019,24.499018],[54.379647,24.498922],[54.37953,24.499076]]]}},{"type":"Feature","properties":{},"geometry":{"type":"Polygon","coordinates":[[[54.379214,24.507186],[54.378993,24.507189],[54.378994,24.5073],[54.378976,24.5073],[54.378978,24.507481],[54.379521,24.507576],[54.379762,24.507573],[54.379757,24.507281],[54.379214,24.507186]]]}},{"type":"Feature","properties":{},"geometry":{"type":"Polygon","coordinates":[[[54.378701,24.508389],[54.378592,24.508391],[54.378595,24.508495],[54.378758,24.508523],[54.378867,24.508521],[54.378864,24.508417],[54.378701,24.508389]]]}},{"type":"Feature","properties":{},"geometry":{"type":"Polygon","coordinates":[[[54.380141,24.511968],[54.380028,24.511878],[54.379941,24.511863],[54.379456,24.512339],[54.379566,24.512424],[54.379653,24.512439],[54.380141,24.511968]]]}},{"type":"Feature","properties":{},"geometry":{"type":"Polygon","coordinates":[[[54.381371,24.480621],[54.381914,24.480716],[54.381976,24.480636],[54.38202,24.480644],[54.381991,24.480676],[54.382021,24.480699],[54.38202,24.480758],[54.381714,24.480722],[54.381688,24.480908],[54.381889,24.480943],[54.381885,24.480966],[54.382406,24.481057],[54.382256,24.481237],[54.383027,24.481766],[54.383056,24.481771],[54.383047,24.481782],[54.383292,24.481951],[54.383327,24.481957],[54.383558,24.482117],[54.384101,24.482213],[54.384254,24.482029],[54.38415,24.481957],[54.384299,24.481983],[54.384453,24.4818],[54.384358,24.481734],[54.3845,24.481759],[54.384654,24.481575],[54.384553,24.481505],[54.384698,24.481531],[54.384807,24.4814],[54.384899,24.481465],[54.384777,24.481606],[54.384917,24.481706],[54.385091,24.481737],[54.385239,24.481566],[54.385206,24.481542],[54.385245,24.481549],[54.385394,24.481378],[54.385254,24.481278],[54.38495,24.481225],[54.384847,24.481344],[54.384606,24.481177],[54.384564,24.48117],[54.384608,24.48112],[54.384371,24.480951],[54.384322,24.480942],[54.384086,24.480774],[54.384057,24.480769],[54.383822,24.480598],[54.383782,24.480591],[54.383803,24.480567],[54.383565,24.480398],[54.383269,24.480346],[54.38335,24.480257],[54.383114,24.480081],[54.383065,24.480072],[54.383086,24.480049],[54.382591,24.479691],[54.382049,24.479595],[54.381865,24.479798],[54.3821,24.479975],[54.382037,24.479965],[54.38196,24.480059],[54.382027,24.480104],[54.381912,24.480232],[54.381951,24.480261],[54.381897,24.480252],[54.381824,24.480333],[54.3817,24.480241],[54.381658,24.480234],[54.38167,24.480221],[54.38159,24.480161],[54.381703,24.480181],[54.381875,24.479991],[54.381696,24.479856],[54.38167,24.479852],[54.381677,24.479845],[54.381497,24.47971],[54.380955,24.479614],[54.380783,24.479804],[54.380902,24.479893],[54.380742,24.479865],[54.38057,24.480054],[54.38075,24.480189],[54.3808,24.480198],[54.380955,24.480315],[54.381003,24.480323],[54.380974,24.480356],[54.381371,24.480621]],[[54.382952,24.481149],[54.382505,24.48107],[54.382617,24.481083],[54.38264,24.480925],[54.382829,24.48105],[54.383372,24.481145],[54.383497,24.480997],[54.383592,24.481063],[54.383646,24.481072],[54.383689,24.481109],[54.383625,24.481098],[54.383439,24.481319],[54.383498,24.48136],[54.38341,24.481344],[54.383345,24.481421],[54.383191,24.481326],[54.383198,24.481319],[54.382952,24.481149]],[[54.383016,24.480648],[54.383072,24.480686],[54.383118,24.480695],[54.383093,24.480724],[54.383218,24.48081],[54.382938,24.480761],[54.382953,24.480744],[54.382873,24.480685],[54.382968,24.480701],[54.383016,24.480648]]]}},{"type":"Feature","properties":{},"geometry":{"type":"Polygon","coordinates":[[[54.380955,24.486141],[54.381095,24.486242],[54.381268,24.486273],[54.381425,24.486095],[54.381385,24.486067],[54.381435,24.486075],[54.381587,24.485901],[54.381554,24.485877],[54.381603,24.485886],[54.381751,24.485714],[54.381698,24.485676],[54.381762,24.485687],[54.38191,24.485521],[54.381854,24.48548],[54.381926,24.485493],[54.382081,24.485317],[54.381937,24.485212],[54.381764,24.485182],[54.381609,24.485357],[54.381673,24.485404],[54.381602,24.485391],[54.381454,24.485557],[54.381507,24.485596],[54.381439,24.485585],[54.381291,24.485756],[54.381321,24.485777],[54.381273,24.485769],[54.381121,24.485944],[54.381159,24.485971],[54.381111,24.485963],[54.380955,24.486141]]]}},{"type":"Feature","properties":{},"geometry":{"type":"Polygon","coordinates":[[[54.380628,24.485509],[54.3806,24.485668],[54.380945,24.485723],[54.380973,24.485564],[54.380628,24.485509]]]}},{"type":"Feature","properties":{},"geometry":{"type":"Polygon","coordinates":[[[54.381096,24.485835],[54.38104,24.485793],[54.380877,24.485764],[54.380827,24.485819],[54.380883,24.485861],[54.381046,24.48589],[54.381096,24.485835]]]}},{"type":"Feature","properties":{},"geometry":{"type":"Polygon","coordinates":[[[54.381656,24.48764],[54.381469,24.48751],[54.381165,24.487457],[54.381067,24.487573],[54.381254,24.487703],[54.381558,24.487756],[54.381656,24.48764]]]}},{"type":"Feature","properties":{},"geometry":{"type":"Polygon","coordinates":[[[54.381322,24.488378],[54.381548,24.488418],[54.381666,24.488507],[54.38197,24.48856],[54.382019,24.488504],[54.382143,24.488589],[54.382015,24.488743],[54.382099,24.488802],[54.381879,24.488763],[54.381741,24.48892],[54.3818,24.488963],[54.381745,24.488953],[54.381583,24.489143],[54.38161,24.489162],[54.381591,24.489159],[54.381261,24.489537],[54.381279,24.48955],[54.381213,24.489539],[54.381072,24.489705],[54.381193,24.489789],[54.381238,24.489797],[54.381106,24.489945],[54.381157,24.489982],[54.381091,24.48997],[54.380951,24.490133],[54.381051,24.490204],[54.380968,24.490302],[54.381165,24.490441],[54.381205,24.490448],[54.381196,24.490459],[54.381367,24.49058],[54.381328,24.490626],[54.381525,24.490764],[54.381674,24.490791],[54.381793,24.490874],[54.381978,24.490907],[54.381841,24.491062],[54.381985,24.491167],[54.382215,24.491208],[54.382163,24.491267],[54.382367,24.491409],[54.382687,24.491466],[54.382583,24.491586],[54.382776,24.491724],[54.382974,24.491759],[54.382934,24.491807],[54.383086,24.491914],[54.383563,24.491998],[54.383729,24.491803],[54.383706,24.491787],[54.383749,24.491795],[54.383902,24.49161],[54.383886,24.491599],[54.383914,24.491604],[54.384077,24.491421],[54.384063,24.491411],[54.384087,24.491415],[54.384251,24.491226],[54.384104,24.491121],[54.383788,24.491065],[54.383453,24.490834],[54.383406,24.490826],[54.383419,24.49081],[54.383207,24.490662],[54.383065,24.490637],[54.383121,24.49057],[54.383277,24.490679],[54.383324,24.490687],[54.383311,24.490703],[54.383523,24.490851],[54.383757,24.490892],[54.383739,24.490913],[54.383867,24.491003],[54.384345,24.491087],[54.384502,24.490902],[54.384463,24.490874],[54.384514,24.490883],[54.384674,24.490703],[54.384643,24.490682],[54.384687,24.490689],[54.384845,24.490504],[54.38483,24.490493],[54.384874,24.490501],[54.385029,24.490322],[54.384985,24.49029],[54.385021,24.490296],[54.385186,24.490111],[54.385054,24.490014],[54.384832,24.489975],[54.384896,24.4899],[54.384496,24.489626],[54.384472,24.489622],[54.38448,24.489612],[54.384246,24.489453],[54.384068,24.489422],[54.384116,24.489364],[54.383973,24.489266],[54.383645,24.489208],[54.383703,24.48914],[54.383583,24.489056],[54.383279,24.489002],[54.383121,24.489188],[54.38316,24.489215],[54.383101,24.489205],[54.383078,24.489233],[54.382981,24.489177],[54.382987,24.489169],[54.38279,24.489031],[54.382757,24.489025],[54.38277,24.48901],[54.382573,24.488871],[54.382476,24.488854],[54.382571,24.48874],[54.382675,24.488813],[54.383196,24.488905],[54.383289,24.488795],[54.382878,24.488517],[54.382763,24.488497],[54.382775,24.488484],[54.382664,24.488401],[54.382195,24.488318],[54.382315,24.488179],[54.382197,24.488095],[54.38205,24.488069],[54.382133,24.487976],[54.381912,24.487812],[54.381651,24.487767],[54.381554,24.487875],[54.381775,24.488038],[54.381837,24.488049],[54.381691,24.488218],[54.381726,24.488244],[54.381704,24.48824],[54.381687,24.488259],[54.381622,24.48821],[54.381593,24.488205],[54.381605,24.488191],[54.38141,24.488056],[54.38138,24.48805],[54.381389,24.48804],[54.381192,24.487905],[54.381036,24.487877],[54.381183,24.487701],[54.381016,24.487586],[54.380538,24.487502],[54.380377,24.487694],[54.380544,24.48781],[54.38083,24.48786],[54.380755,24.487952],[54.38091,24.488058],[54.380885,24.488087],[54.38108,24.488223],[54.381148,24.488235],[54.38114,24.488244],[54.381322,24.488378]],[[54.381593,24.490403],[54.381553,24.490396],[54.381562,24.490385],[54.381365,24.490246],[54.381241,24.490224],[54.381366,24.490078],[54.381334,24.490056],[54.381395,24.490067],[54.381567,24.489875],[54.381533,24.489849],[54.381584,24.489858],[54.381696,24.489726],[54.381872,24.48985],[54.381935,24.489861],[54.381926,24.489871],[54.382124,24.49001],[54.38237,24.490054],[54.382248,24.490193],[54.382316,24.490243],[54.38207,24.490202],[54.381899,24.490082],[54.381595,24.490029],[54.381502,24.490138],[54.381626,24.490225],[54.381591,24.490267],[54.381788,24.490406],[54.381914,24.490428],[54.381791,24.490574],[54.381803,24.490583],[54.381761,24.490576],[54.38179,24.490542],[54.381593,24.490403]],[[54.381903,24.489486],[54.38196,24.489422],[54.382085,24.489449],[54.382078,24.489457],[54.382276,24.489596],[54.38258,24.489649],[54.382673,24.48954],[54.382476,24.489401],[54.382448,24.489396],[54.382454,24.489388],[54.382257,24.489249],[54.382151,24.489231],[54.382185,24.48919],[54.382215,24.48921],[54.382378,24.489239],[54.382424,24.489184],[54.382339,24.489124],[54.382254,24.489109],[54.382195,24.489064],[54.382292,24.489081],[54.382368,24.488988],[54.382436,24.489036],[54.382393,24.489087],[54.382613,24.48923],[54.382607,24.489237],[54.382699,24.489302],[54.382661,24.489295],[54.382618,24.489441],[54.382779,24.489485],[54.382705,24.489573],[54.382754,24.489607],[54.382725,24.489602],[54.382569,24.489784],[54.382623,24.489823],[54.382498,24.489801],[54.382461,24.489843],[54.382245,24.489685],[54.382213,24.489679],[54.382224,24.489667],[54.382026,24.489528],[54.381893,24.489504],[54.381902,24.489494],[54.381885,24.489482],[54.381903,24.489486]],[[54.383005,24.489441],[54.38302,24.489452],[54.383003,24.489449],[54.383005,24.489441]],[[54.382048,24.488471],[54.382127,24.48838],[54.382088,24.488352],[54.382146,24.488362],[54.382048,24.488471]],[[54.382375,24.488882],[54.382359,24.488871],[54.382382,24.488875],[54.382375,24.488882]],[[54.383187,24.491532],[54.382862,24.491473],[54.382914,24.491414],[54.382994,24.491471],[54.383206,24.491509],[54.383187,24.491532]],[[54.382697,24.491137],[54.38292,24.49129],[54.382898,24.491315],[54.382759,24.491217],[54.382573,24.491184],[54.382625,24.491125],[54.382697,24.491137]],[[54.382828,24.490859],[54.382876,24.490868],[54.382823,24.490862],[54.38281,24.490853],[54.382828,24.490859]],[[54.382821,24.490258],[54.383299,24.490342],[54.383452,24.490169],[54.38337,24.490266],[54.383582,24.490414],[54.383613,24.49042],[54.383606,24.490429],[54.383817,24.490577],[54.383973,24.490605],[54.38392,24.490667],[54.383854,24.490645],[54.383867,24.49063],[54.383655,24.490481],[54.383177,24.490397],[54.383143,24.490438],[54.383048,24.490373],[54.382703,24.490312],[54.382778,24.490227],[54.382821,24.490258]],[[54.383633,24.489977],[54.383589,24.489945],[54.383631,24.489952],[54.383842,24.490102],[54.383867,24.490106],[54.383855,24.49012],[54.384061,24.490273],[54.384256,24.490308],[54.384267,24.490324],[54.384219,24.490315],[54.384172,24.490365],[54.38396,24.490217],[54.383498,24.490136],[54.383633,24.489977]],[[54.383837,24.489708],[54.383876,24.489659],[54.383914,24.48967],[54.383907,24.48968],[54.384306,24.489947],[54.384483,24.489978],[54.384439,24.490028],[54.384404,24.490033],[54.38422,24.489904],[54.384173,24.489896],[54.384186,24.48988],[54.383974,24.489732],[54.383837,24.489708]],[[54.383463,24.490156],[54.383447,24.490144],[54.383469,24.490148],[54.383463,24.490156]],[[54.383453,24.491208],[54.383475,24.491212],[54.383469,24.491219],[54.383453,24.491208]]]}},{"type":"Feature","properties":{},"geometry":{"type":"Polygon","coordinates":[[[54.380867,24.490726],[54.380733,24.490631],[54.380342,24.490562],[54.38016,24.490775],[54.380295,24.49087],[54.380685,24.490939],[54.380867,24.490726]]]}},{"type":"Feature","properties":{},"geometry":{"type":"Polygon","coordinates":[[[54.380831,24.492748],[54.380718,24.492728],[54.380564,24.492902],[54.380667,24.492978],[54.381054,24.493046],[54.381229,24.493174],[54.38135,24.493195],[54.381216,24.493347],[54.381323,24.493425],[54.381289,24.493468],[54.381508,24.493611],[54.381986,24.493695],[54.382077,24.493579],[54.381858,24.493436],[54.381751,24.493418],[54.381845,24.493311],[54.381806,24.493282],[54.381863,24.493292],[54.382008,24.493128],[54.381948,24.493084],[54.382043,24.493101],[54.38215,24.492983],[54.382533,24.493051],[54.382641,24.492917],[54.382425,24.492772],[54.382337,24.492757],[54.382359,24.492732],[54.382245,24.492648],[54.381954,24.492597],[54.38188,24.492561],[54.381915,24.492518],[54.381718,24.492385],[54.381654,24.492374],[54.381716,24.4923],[54.381594,24.492217],[54.38116,24.492141],[54.381008,24.492325],[54.38115,24.492412],[54.381124,24.492444],[54.381179,24.492482],[54.381123,24.492545],[54.381158,24.49257],[54.380881,24.492522],[54.38074,24.492681],[54.380831,24.492748]],[[54.381406,24.492662],[54.381434,24.49263],[54.381578,24.492728],[54.381703,24.49275],[54.381723,24.492769],[54.381581,24.492744],[54.381427,24.492913],[54.381517,24.492981],[54.3815,24.492986],[54.38131,24.492847],[54.381252,24.492837],[54.381392,24.492678],[54.381357,24.492653],[54.381406,24.492662]]]}},{"type":"Feature","properties":{},"geometry":{"type":"Polygon","coordinates":[[[54.380432,24.493774],[54.380416,24.493796],[54.380483,24.493843],[54.380646,24.493871],[54.380663,24.49385],[54.380595,24.493803],[54.380432,24.493774]]]}},{"type":"Feature","properties":{},"geometry":{"type":"Polygon","coordinates":[[[54.381588,24.499455],[54.381525,24.499426],[54.381362,24.499397],[54.38133,24.499455],[54.381393,24.499484],[54.381556,24.499512],[54.381588,24.499455]]]}},{"type":"Feature","properties":{},"geometry":{"type":"Polygon","coordinates":[[[54.380794,24.511535],[54.38082,24.51147],[54.380737,24.511449],[54.380742,24.511423],[54.380459,24.511374],[54.380426,24.51154],[54.380709,24.511588],[54.380718,24.511544],[54.38068,24.511537],[54.380684,24.511516],[54.380794,24.511535]]]}},{"type":"Feature","properties":{},"geometry":{"type":"Polygon","coordinates":[[[54.380226,24.511572],[54.380151,24.51167],[54.381151,24.512495],[54.381238,24.51251],[54.381318,24.512427],[54.380313,24.511587],[54.380226,24.511572]]]}},{"type":"Feature","properties":{},"geometry":{"type":"Polygon","coordinates":[[[54.382141,24.48475],[54.382195,24.484787],[54.382124,24.484775],[54.381972,24.48495],[54.382113,24.485051],[54.382286,24.485081],[54.382438,24.484906],[54.382384,24.484867],[54.382458,24.48488],[54.382604,24.484706],[54.382574,24.484686],[54.382616,24.484693],[54.382762,24.484523],[54.382723,24.484495],[54.382772,24.484504],[54.382918,24.484328],[54.3829,24.484315],[54.382928,24.48432],[54.383081,24.484148],[54.382936,24.484042],[54.382763,24.484011],[54.38261,24.484183],[54.382642,24.484207],[54.382604,24.4842],[54.382457,24.484376],[54.38249,24.484399],[54.382445,24.484391],[54.382299,24.484561],[54.382331,24.484584],[54.382287,24.484576],[54.382141,24.48475]]]}},{"type":"Feature","properties":{},"geometry":{"type":"Polygon","coordinates":[[[54.382015,24.484722],[54.381936,24.484661],[54.381773,24.484633],[54.381722,24.484688],[54.381801,24.484749],[54.381964,24.484778],[54.382015,24.484722]]]}},{"type":"Feature","properties":{},"geometry":{"type":"Polygon","coordinates":[[[54.382865,24.486285],[54.383046,24.486377],[54.383209,24.486405],[54.383217,24.486394],[54.383253,24.486401],[54.3833,24.486337],[54.383102,24.486215],[54.382939,24.486186],[54.382865,24.486285]]]}},{"type":"Feature","properties":{},"geometry":{"type":"Polygon","coordinates":[[[54.383201,24.486825],[54.383157,24.486794],[54.382994,24.486766],[54.382943,24.486828],[54.382987,24.486858],[54.38315,24.486887],[54.383201,24.486825]]]}},{"type":"Feature","properties":{},"geometry":{"type":"Polygon","coordinates":[[[54.38318,24.487133],[54.383013,24.487104],[54.383074,24.487043],[54.382985,24.486973],[54.382711,24.486924],[54.382814,24.486824],[54.38272,24.486746],[54.382177,24.486651],[54.381907,24.486924],[54.382261,24.487219],[54.382433,24.487249],[54.382377,24.487307],[54.382732,24.487599],[54.383154,24.487674],[54.38313,24.487699],[54.3831,24.487693],[54.38298,24.487813],[54.383081,24.487895],[54.383208,24.487918],[54.383324,24.488014],[54.383533,24.488051],[54.383568,24.488088],[54.383731,24.488117],[54.383759,24.48809],[54.383867,24.48811],[54.384025,24.487952],[54.38428,24.487997],[54.384201,24.488088],[54.384353,24.488208],[54.384297,24.488166],[54.384217,24.488152],[54.384233,24.488134],[54.384155,24.488079],[54.383992,24.488051],[54.383848,24.488217],[54.383925,24.488271],[54.384005,24.488285],[54.383968,24.488328],[54.383984,24.488338],[54.383911,24.488425],[54.384004,24.48849],[54.384166,24.488518],[54.384205,24.488473],[54.384341,24.488507],[54.384295,24.488562],[54.384377,24.488618],[54.38454,24.488647],[54.384689,24.488473],[54.384642,24.48844],[54.38538,24.48857],[54.385466,24.488475],[54.385534,24.488502],[54.385437,24.488755],[54.38549,24.488772],[54.385418,24.488853],[54.385299,24.488833],[54.385348,24.488778],[54.385276,24.488729],[54.385113,24.4887],[54.385088,24.488727],[54.384904,24.488593],[54.384741,24.488565],[54.384662,24.48866],[54.384901,24.488829],[54.384983,24.488844],[54.384974,24.488853],[54.385083,24.488934],[54.384973,24.488914],[54.38495,24.48894],[54.384623,24.488707],[54.384551,24.488694],[54.384488,24.488651],[54.384325,24.488622],[54.384277,24.488681],[54.384376,24.48875],[54.384476,24.488768],[54.384772,24.488979],[54.384895,24.489001],[54.384725,24.489194],[54.384836,24.489272],[54.385379,24.489367],[54.3854,24.489343],[54.38538,24.48937],[54.385462,24.489429],[54.385432,24.489462],[54.385902,24.489792],[54.38596,24.489802],[54.385945,24.489818],[54.386033,24.489882],[54.386196,24.489911],[54.386232,24.489871],[54.386143,24.489808],[54.386084,24.489798],[54.386101,24.489776],[54.385852,24.489601],[54.386191,24.48966],[54.38632,24.489485],[54.386041,24.489309],[54.385734,24.489236],[54.385766,24.489201],[54.385515,24.48901],[54.385444,24.488997],[54.385511,24.488924],[54.385664,24.489037],[54.385707,24.489045],[54.385745,24.489085],[54.385908,24.489113],[54.385949,24.489071],[54.385906,24.489036],[54.38586,24.489028],[54.385965,24.488909],[54.385897,24.488858],[54.385743,24.488831],[54.386116,24.488895],[54.386206,24.488671],[54.386244,24.488629],[54.386462,24.488501],[54.386385,24.488388],[54.386292,24.488371],[54.386334,24.488328],[54.386082,24.488145],[54.385575,24.488055],[54.385602,24.488027],[54.385504,24.487955],[54.385521,24.487933],[54.38542,24.487862],[54.384727,24.48774],[54.38478,24.487679],[54.38469,24.487613],[54.384706,24.487592],[54.384597,24.487519],[54.384361,24.487477],[54.384381,24.487454],[54.384275,24.487381],[54.384374,24.487398],[54.384446,24.487315],[54.384402,24.487284],[54.38446,24.487295],[54.384536,24.487209],[54.384491,24.487178],[54.38455,24.487188],[54.384621,24.487109],[54.384433,24.486972],[54.384362,24.48696],[54.384381,24.486938],[54.384191,24.486806],[54.384028,24.486777],[54.383961,24.486853],[54.38402,24.486895],[54.383939,24.486881],[54.383872,24.486959],[54.383928,24.486999],[54.38385,24.486985],[54.383781,24.487065],[54.383835,24.487103],[54.383761,24.48709],[54.383692,24.48717],[54.383749,24.487211],[54.383597,24.487192],[54.383455,24.487356],[54.383183,24.487303],[54.383279,24.487209],[54.38318,24.487133]],[[54.3837,24.487585],[54.383647,24.487542],[54.383912,24.487589],[54.383899,24.487605],[54.383924,24.487623],[54.383907,24.487643],[54.383871,24.487636],[54.38385,24.487662],[54.383768,24.487597],[54.3837,24.487585]],[[54.383888,24.487729],[54.383905,24.487741],[54.383881,24.487737],[54.383888,24.487729]],[[54.384443,24.488386],[54.38439,24.48845],[54.384237,24.488414],[54.384356,24.488276],[54.384531,24.488402],[54.384443,24.488386]]]}},{"type":"Feature","properties":{},"geometry":{"type":"Polygon","coordinates":[[[54.382637,24.493872],[54.382479,24.493844],[54.382308,24.494042],[54.382414,24.494118],[54.382266,24.494092],[54.38215,24.494225],[54.381748,24.494155],[54.381576,24.494352],[54.381788,24.494504],[54.381896,24.494523],[54.381867,24.494556],[54.382078,24.494708],[54.382689,24.494816],[54.38286,24.494618],[54.382715,24.494514],[54.382916,24.494549],[54.383088,24.494352],[54.382982,24.494275],[54.38313,24.494301],[54.383301,24.494104],[54.383195,24.494027],[54.383352,24.494055],[54.383495,24.493891],[54.384548,24.494076],[54.38458,24.494037],[54.38536,24.494175],[54.385517,24.493985],[54.384727,24.493442],[54.383763,24.493273],[54.383778,24.493254],[54.383505,24.493054],[54.382691,24.492911],[54.3824,24.493268],[54.382626,24.493416],[54.38241,24.493378],[54.382239,24.493576],[54.382451,24.493728],[54.382571,24.493749],[54.38253,24.493796],[54.382637,24.493872]]]}},{"type":"Feature","properties":{},"geometry":{"type":"Polygon","coordinates":[[[54.382177,24.499232],[54.382207,24.49919],[54.382211,24.499118],[54.382177,24.499062],[54.382139,24.499038],[54.381921,24.498998],[54.381871,24.499007],[54.381827,24.499033],[54.3818,24.499068],[54.381788,24.499119],[54.381798,24.499165],[54.381827,24.499204],[54.381891,24.499236],[54.382084,24.499268],[54.382134,24.499258],[54.382177,24.499232]]]}},{"type":"Feature","properties":{},"geometry":{"type":"Polygon","coordinates":[[[54.381657,24.509259],[54.38161,24.509225],[54.381447,24.509196],[54.3814,24.509249],[54.381448,24.509284],[54.381611,24.509312],[54.381657,24.509259]]]}},{"type":"Feature","properties":{},"geometry":{"type":"Polygon","coordinates":[[[54.381406,24.510043],[54.381305,24.510084],[54.38134,24.510155],[54.381503,24.510184],[54.381604,24.510143],[54.381569,24.510072],[54.381406,24.510043]]]}},{"type":"Feature","properties":{},"geometry":{"type":"Polygon","coordinates":[[[54.382367,24.511768],[54.382751,24.511343],[54.382263,24.510965],[54.382984,24.511092],[54.383375,24.510679],[54.382681,24.51014],[54.381867,24.509997],[54.381486,24.510412],[54.381807,24.510664],[54.38108,24.510536],[54.380695,24.510958],[54.381553,24.511625],[54.382367,24.511768]]]}},{"type":"Feature","properties":{},"geometry":{"type":"Polygon","coordinates":[[[54.384705,24.480828],[54.384879,24.480859],[54.384991,24.480728],[54.384753,24.48056],[54.384727,24.480555],[54.384736,24.480545],[54.384491,24.480366],[54.38446,24.48036],[54.38447,24.48035],[54.383701,24.479792],[54.383158,24.479697],[54.383039,24.479832],[54.383284,24.480011],[54.383721,24.480088],[54.38396,24.480272],[54.383948,24.48027],[54.383829,24.480405],[54.384074,24.480585],[54.384472,24.480655],[54.384705,24.480828]]]}},{"type":"Feature","properties":{},"geometry":{"type":"Polygon","coordinates":[[[54.383895,24.48224],[54.383826,24.482197],[54.383664,24.482168],[54.383635,24.482206],[54.383704,24.482249],[54.383866,24.482278],[54.383895,24.48224]]]}},{"type":"Feature","properties":{},"geometry":{"type":"Polygon","coordinates":[[[54.383608,24.482835],[54.383701,24.482901],[54.383572,24.48305],[54.383628,24.48309],[54.383553,24.483077],[54.383405,24.483248],[54.383455,24.483284],[54.383254,24.483249],[54.383106,24.48342],[54.383198,24.483485],[54.383062,24.483642],[54.383202,24.483742],[54.383376,24.483772],[54.383524,24.483601],[54.383464,24.483558],[54.38355,24.483573],[54.383698,24.483402],[54.383649,24.483367],[54.383719,24.483379],[54.383867,24.483208],[54.383811,24.483168],[54.383886,24.483181],[54.384034,24.48301],[54.383988,24.482977],[54.384052,24.482989],[54.3842,24.482817],[54.384159,24.482788],[54.384215,24.482798],[54.384363,24.482627],[54.384315,24.482593],[54.384378,24.482604],[54.384526,24.482433],[54.384478,24.482399],[54.38455,24.482411],[54.384698,24.48224],[54.38465,24.482206],[54.384715,24.482217],[54.384863,24.482046],[54.384802,24.482003],[54.384876,24.482016],[54.385024,24.481844],[54.384884,24.481744],[54.38471,24.481714],[54.384562,24.481885],[54.384623,24.481928],[54.384549,24.481915],[54.384401,24.482087],[54.38445,24.482121],[54.384385,24.48211],[54.384237,24.482281],[54.384284,24.482315],[54.384212,24.482302],[54.384064,24.482473],[54.384112,24.482507],[54.384049,24.482496],[54.383901,24.482667],[54.383942,24.482697],[54.383756,24.482664],[54.383608,24.482835]]]}},{"type":"Feature","properties":{},"geometry":{"type":"Polygon","coordinates":[[[54.384495,24.484167],[54.384478,24.484154],[54.384503,24.484128],[54.384471,24.484102],[54.384308,24.484074],[54.384222,24.484163],[54.384271,24.484202],[54.384434,24.484231],[54.384495,24.484167]]]}},{"type":"Feature","properties":{},"geometry":{"type":"Polygon","coordinates":[[[54.383615,24.485509],[54.38329,24.485452],[54.383028,24.485724],[54.383383,24.486016],[54.383549,24.486046],[54.38349,24.486106],[54.383848,24.4864],[54.384391,24.486495],[54.384607,24.486273],[54.384799,24.486307],[54.385,24.48648],[54.385543,24.486575],[54.385722,24.486403],[54.385539,24.486245],[54.385483,24.486236],[54.385502,24.486217],[54.385451,24.486177],[54.385354,24.48616],[54.385332,24.486138],[54.385094,24.486096],[54.385139,24.486051],[54.384782,24.485761],[54.384663,24.48574],[54.384706,24.485695],[54.384357,24.485404],[54.38416,24.485367],[54.384205,24.485325],[54.384235,24.48533],[54.38436,24.485202],[54.384341,24.485187],[54.384364,24.485163],[54.384443,24.485177],[54.384549,24.485072],[54.38441,24.484958],[54.383867,24.484862],[54.383763,24.484967],[54.383778,24.48498],[54.383731,24.485027],[54.383711,24.485024],[54.383587,24.485149],[54.383599,24.485157],[54.383558,24.485203],[54.383538,24.485199],[54.383425,24.485308],[54.383565,24.485426],[54.383678,24.485446],[54.383615,24.485509]],[[54.383858,24.485694],[54.383907,24.485702],[54.383874,24.485733],[54.383827,24.485725],[54.383858,24.485694]]]}},{"type":"Feature","properties":{},"geometry":{"type":"Polygon","coordinates":[[[54.383582,24.492784],[54.383546,24.492819],[54.383618,24.492881],[54.383781,24.49291],[54.383817,24.492875],[54.383745,24.492813],[54.383582,24.492784]]]}},{"type":"Feature","properties":{},"geometry":{"type":"Polygon","coordinates":[[[54.384151,24.49298],[54.383755,24.492914],[54.383722,24.493084],[54.384118,24.49315],[54.384151,24.49298]]]}},{"type":"Feature","properties":{},"geometry":{"type":"Polygon","coordinates":[[[54.384731,24.494856],[54.384161,24.494168],[54.383483,24.494049],[54.383433,24.49411],[54.383396,24.494103],[54.383351,24.49416],[54.383378,24.494178],[54.383248,24.494338],[54.383212,24.494332],[54.383168,24.494386],[54.383194,24.494404],[54.383125,24.494489],[54.384002,24.494796],[54.384681,24.494915],[54.384731,24.494856]]]}},{"type":"Feature","properties":{},"geometry":{"type":"Polygon","coordinates":[[[54.381595,24.496552],[54.382635,24.497267],[54.382562,24.497358],[54.383115,24.497722],[54.383929,24.497866],[54.384015,24.497758],[54.383883,24.497654],[54.383911,24.497619],[54.383771,24.497526],[54.383867,24.497404],[54.383596,24.497226],[54.383131,24.497144],[54.383354,24.496879],[54.383828,24.496962],[54.383972,24.496876],[54.383957,24.496858],[54.384103,24.496767],[54.384058,24.496667],[54.384036,24.496558],[54.384069,24.496469],[54.384225,24.496288],[54.384362,24.496312],[54.384434,24.496298],[54.384421,24.496245],[54.384259,24.496217],[54.384188,24.496237],[54.384134,24.496202],[54.383952,24.49617],[54.384202,24.495873],[54.384223,24.495877],[54.384283,24.495807],[54.384266,24.495795],[54.38461,24.495405],[54.384588,24.495391],[54.384573,24.495221],[54.384451,24.495136],[54.383833,24.494902],[54.383796,24.494869],[54.383639,24.494839],[54.383484,24.494781],[54.383145,24.494721],[54.382514,24.495453],[54.382533,24.495466],[54.382512,24.495491],[54.382528,24.495517],[54.382504,24.49555],[54.382448,24.49554],[54.382391,24.495602],[54.382423,24.495637],[54.382397,24.495664],[54.38233,24.495668],[54.381595,24.496552]]]}},{"type":"Feature","properties":{},"geometry":{"type":"Polygon","coordinates":[[[54.383737,24.497101],[54.383674,24.497057],[54.383511,24.497029],[54.383458,24.497093],[54.383522,24.497136],[54.383685,24.497165],[54.383737,24.497101]]]}},{"type":"Feature","properties":{},"geometry":{"type":"Polygon","coordinates":[[[54.382664,24.504301],[54.382622,24.504301],[54.382623,24.504333],[54.382593,24.504333],[54.382594,24.504363],[54.382502,24.504364],[54.382507,24.504766],[54.383321,24.50491],[54.383623,24.504907],[54.383622,24.504853],[54.383705,24.504852],[54.383696,24.50403],[54.383864,24.504031],[54.383861,24.503897],[54.383698,24.503868],[54.383611,24.503869],[54.38361,24.503752],[54.382795,24.503609],[54.382656,24.50361],[54.382664,24.504301]]]}},{"type":"Feature","properties":{},"geometry":{"type":"Polygon","coordinates":[[[54.38292,24.508253],[54.3829,24.508219],[54.382737,24.508191],[54.382684,24.508218],[54.382704,24.508251],[54.382867,24.50828],[54.38292,24.508253]]]}},{"type":"Feature","properties":{},"geometry":{"type":"Polygon","coordinates":[[[54.38673,24.481999],[54.386527,24.482023],[54.386536,24.482086],[54.386699,24.482115],[54.386898,24.482089],[54.386893,24.482028],[54.38673,24.481999]]]}},{"type":"Feature","properties":{},"geometry":{"type":"Polygon","coordinates":[[[54.389939,24.482448],[54.389809,24.482389],[54.389646,24.48236],[54.389609,24.482426],[54.38974,24.482486],[54.389903,24.482514],[54.389939,24.482448]]]}},{"type":"Feature","properties":{},"geometry":{"type":"Polygon","coordinates":[[[54.387599,24.482609],[54.387203,24.482327],[54.386389,24.482184],[54.385883,24.482792],[54.386273,24.483066],[54.387087,24.483209],[54.387599,24.482609]]]}},{"type":"Feature","properties":{},"geometry":{"type":"Polygon","coordinates":[[[54.387919,24.485113],[54.387756,24.485084],[54.38768,24.485154],[54.387731,24.4852],[54.387894,24.485229],[54.38797,24.485159],[54.387919,24.485113]]]}},{"type":"Feature","properties":{},"geometry":{"type":"Polygon","coordinates":[[[54.389659,24.485745],[54.389615,24.485699],[54.389693,24.485636],[54.389584,24.485525],[54.389421,24.485497],[54.38928,24.48561],[54.389433,24.485767],[54.389596,24.485795],[54.389659,24.485745]]]}},{"type":"Feature","properties":{},"geometry":{"type":"Polygon","coordinates":[[[54.38741,24.486744],[54.387364,24.48671],[54.387201,24.486681],[54.387102,24.486791],[54.38715,24.486827],[54.387237,24.486842],[54.387217,24.486863],[54.387306,24.486929],[54.387469,24.486958],[54.387539,24.486882],[54.387449,24.486816],[54.387361,24.486801],[54.38741,24.486744]]]}},{"type":"Feature","properties":{},"geometry":{"type":"Polygon","coordinates":[[[54.385516,24.486706],[54.38457,24.486551],[54.384515,24.486831],[54.385453,24.486989],[54.385516,24.486706]]]}},{"type":"Feature","properties":{},"geometry":{"type":"Polygon","coordinates":[[[54.386947,24.487591],[54.387102,24.48742],[54.387264,24.487411],[54.387253,24.487282],[54.386992,24.487236],[54.386903,24.487165],[54.386943,24.487126],[54.386854,24.487055],[54.38604,24.486912],[54.385701,24.487292],[54.385799,24.487369],[54.385917,24.487389],[54.385995,24.487447],[54.386013,24.487617],[54.386827,24.48776],[54.38697,24.487746],[54.386947,24.487591]]]}},{"type":"Feature","properties":{},"geometry":{"type":"Polygon","coordinates":[[[54.384873,24.487343],[54.384808,24.487298],[54.384645,24.487269],[54.384568,24.487357],[54.384632,24.487402],[54.384795,24.48743],[54.384873,24.487343]]]}},{"type":"Feature","properties":{},"geometry":{"type":"Polygon","coordinates":[[[54.386964,24.490038],[54.386737,24.490007],[54.386734,24.49005],[54.386962,24.490082],[54.386964,24.490038]]]}},{"type":"Feature","properties":{},"geometry":{"type":"Polygon","coordinates":[[[54.386792,24.490088],[54.386672,24.490228],[54.386895,24.490387],[54.387058,24.490415],[54.387178,24.490277],[54.386955,24.490116],[54.386792,24.490088]]]}},{"type":"Feature","properties":{},"geometry":{"type":"Polygon","coordinates":[[[54.386297,24.490926],[54.386342,24.490856],[54.386304,24.490835],[54.386313,24.490821],[54.386213,24.490767],[54.38605,24.490738],[54.385995,24.490822],[54.386134,24.490897],[54.386297,24.490926]]]}},{"type":"Feature","properties":{},"geometry":{"type":"Polygon","coordinates":[[[54.386149,24.492098],[54.386123,24.491932],[54.386123,24.491795],[54.386141,24.491752],[54.386277,24.491775],[54.386347,24.491691],[54.386237,24.491616],[54.386457,24.491498],[54.386623,24.4913],[54.385526,24.490487],[54.385187,24.490428],[54.384437,24.491319],[54.384574,24.491412],[54.384557,24.491445],[54.384667,24.491476],[54.385349,24.491941],[54.385303,24.491933],[54.385267,24.491987],[54.385169,24.49197],[54.385251,24.4919],[54.385171,24.491822],[54.385008,24.491793],[54.384969,24.491826],[54.384931,24.49182],[54.384863,24.491877],[54.384881,24.491855],[54.384574,24.491644],[54.384411,24.491615],[54.384344,24.491696],[54.3844,24.491734],[54.384351,24.491725],[54.384322,24.491759],[54.384604,24.491957],[54.384679,24.49197],[54.384672,24.49198],[54.384415,24.491935],[54.384347,24.492021],[54.384292,24.492011],[54.384232,24.492058],[54.384161,24.492162],[54.384379,24.492284],[54.384413,24.49229],[54.384353,24.492361],[54.385271,24.493025],[54.386085,24.493168],[54.386313,24.492575],[54.385935,24.492307],[54.386208,24.492355],[54.386267,24.492254],[54.386236,24.492187],[54.386149,24.492098]]]}},{"type":"Feature","properties":{},"geometry":{"type":"Polygon","coordinates":[[[54.384666,24.491539],[54.384503,24.491511],[54.384466,24.491547],[54.384525,24.491598],[54.384688,24.491627],[54.384726,24.491591],[54.384666,24.491539]]]}},{"type":"Feature","properties":{},"geometry":{"type":"Polygon","coordinates":[[[54.384907,24.492799],[54.384797,24.492733],[54.384705,24.492717],[54.384731,24.492691],[54.384655,24.492629],[54.384537,24.492595],[54.384553,24.492574],[54.384458,24.492517],[54.384295,24.492488],[54.384264,24.492531],[54.384371,24.49259],[54.384512,24.492718],[54.384612,24.492736],[54.384588,24.49277],[54.384697,24.492835],[54.38486,24.492864],[54.384907,24.492799]]]}},{"type":"Feature","properties":{},"geometry":{"type":"Polygon","coordinates":[[[54.387438,24.492719],[54.387432,24.492746],[54.387407,24.492741],[54.386991,24.493455],[54.387173,24.493524],[54.387987,24.493667],[54.388409,24.492957],[54.388344,24.492845],[54.388319,24.492834],[54.387505,24.492691],[54.387438,24.492719]]]}},{"type":"Feature","properties":{},"geometry":{"type":"Polygon","coordinates":[[[54.388235,24.493859],[54.388265,24.493883],[54.388217,24.493889],[54.388222,24.493926],[54.388313,24.493942],[54.388295,24.493961],[54.38815,24.493936],[54.388117,24.494055],[54.388293,24.494089],[54.388319,24.494631],[54.38841,24.494647],[54.388417,24.494788],[54.389231,24.494932],[54.389342,24.494927],[54.389307,24.494199],[54.389361,24.494209],[54.39017,24.494115],[54.390121,24.493761],[54.389307,24.493617],[54.389111,24.493629],[54.389108,24.493557],[54.388294,24.493414],[54.388217,24.493417],[54.388235,24.493859]]]}},{"type":"Feature","properties":{},"geometry":{"type":"Polygon","coordinates":[[[54.386096,24.494459],[54.386436,24.494688],[54.387698,24.49491],[54.387827,24.494738],[54.387628,24.494616],[54.387774,24.494258],[54.387981,24.494294],[54.388056,24.494112],[54.387649,24.493977],[54.386386,24.493755],[54.386096,24.494459]]]}},{"type":"Feature","properties":{},"geometry":{"type":"Polygon","coordinates":[[[54.385403,24.494783],[54.385326,24.494734],[54.385163,24.494705],[54.385145,24.494729],[54.385107,24.494722],[54.384971,24.494898],[54.385062,24.494967],[54.385148,24.495011],[54.385311,24.49504],[54.385443,24.494869],[54.385372,24.494824],[54.385403,24.494783]]]}},{"type":"Feature","properties":{},"geometry":{"type":"Polygon","coordinates":[[[54.388133,24.495662],[54.387983,24.495677],[54.387996,24.495785],[54.388071,24.495798],[54.388077,24.49584],[54.388239,24.495869],[54.388496,24.495844],[54.388485,24.495747],[54.388401,24.495732],[54.388398,24.495709],[54.388133,24.495662]]]}},{"type":"Feature","properties":{},"geometry":{"type":"Polygon","coordinates":[[[54.386425,24.496842],[54.386479,24.497281],[54.386434,24.497285],[54.386443,24.497365],[54.386405,24.497369],[54.386449,24.497731],[54.386461,24.497733],[54.386059,24.497772],[54.386097,24.498084],[54.386553,24.498164],[54.386574,24.498336],[54.386538,24.498339],[54.386547,24.498408],[54.386597,24.498417],[54.386636,24.498742],[54.386772,24.498766],[54.387145,24.498729],[54.387124,24.498559],[54.387246,24.498547],[54.387222,24.498337],[54.387651,24.498305],[54.387635,24.498173],[54.387918,24.498223],[54.388068,24.498208],[54.388063,24.498174],[54.388172,24.498193],[54.388299,24.49818],[54.388312,24.498282],[54.389941,24.498568],[54.390974,24.498461],[54.390929,24.498107],[54.389301,24.497821],[54.388765,24.497876],[54.388704,24.497414],[54.388971,24.497388],[54.388962,24.497308],[54.388982,24.497306],[54.38896,24.497113],[54.388934,24.497109],[54.388926,24.497036],[54.388111,24.496893],[54.387617,24.49694],[54.387024,24.496836],[54.386999,24.496643],[54.387666,24.49676],[54.388417,24.496678],[54.388325,24.495985],[54.38751,24.495842],[54.386759,24.495924],[54.386791,24.496161],[54.3866,24.496127],[54.386369,24.496152],[54.38646,24.496838],[54.386425,24.496842]]]}},{"type":"Feature","properties":{},"geometry":{"type":"Polygon","coordinates":[[[54.384491,24.497147],[54.384421,24.497102],[54.384258,24.497073],[54.384184,24.497167],[54.384253,24.497213],[54.384416,24.497242],[54.384491,24.497147]]]}},{"type":"Feature","properties":{},"geometry":{"type":"Polygon","coordinates":[[[54.386653,24.498939],[54.386821,24.498921],[54.386817,24.498866],[54.386654,24.498837],[54.386484,24.498856],[54.38649,24.49891],[54.386653,24.498939]]]}},{"type":"Feature","properties":{},"geometry":{"type":"Polygon","coordinates":[[[54.387811,24.49994],[54.387727,24.499275],[54.386913,24.499132],[54.385961,24.499232],[54.385957,24.499305],[54.385553,24.499234],[54.385505,24.499279],[54.385447,24.4993],[54.385122,24.499366],[54.385018,24.499415],[54.385005,24.49945],[54.385017,24.499493],[54.385088,24.499536],[54.386112,24.499716],[54.386338,24.499972],[54.386307,24.499974],[54.386319,24.500098],[54.386346,24.500103],[54.386356,24.500207],[54.387115,24.50034],[54.387125,24.500424],[54.3874,24.500474],[54.387667,24.500663],[54.387617,24.500668],[54.387631,24.500775],[54.387288,24.500805],[54.387301,24.500934],[54.387658,24.500996],[54.387671,24.501107],[54.38749,24.501081],[54.38736,24.501091],[54.387363,24.501127],[54.387244,24.501136],[54.387288,24.501614],[54.386617,24.501666],[54.386631,24.501793],[54.386597,24.501796],[54.386609,24.501909],[54.386642,24.501915],[54.386654,24.502024],[54.387478,24.502169],[54.387258,24.502432],[54.387328,24.502503],[54.387206,24.502775],[54.387312,24.50281],[54.387373,24.502943],[54.385851,24.502677],[54.385623,24.502702],[54.385622,24.502761],[54.385408,24.502782],[54.385385,24.502906],[54.385719,24.502965],[54.385721,24.503047],[54.387675,24.503391],[54.388232,24.503194],[54.388072,24.503066],[54.388037,24.50306],[54.387896,24.50273],[54.388088,24.502397],[54.388693,24.50234],[54.388434,24.502367],[54.388539,24.503199],[54.388742,24.503235],[54.389955,24.503108],[54.389887,24.502566],[54.390043,24.502549],[54.390107,24.503047],[54.390406,24.5031],[54.391157,24.503036],[54.3911,24.502522],[54.391418,24.50248],[54.391231,24.500923],[54.39166,24.500999],[54.391921,24.500969],[54.391889,24.500727],[54.391346,24.500631],[54.391197,24.500645],[54.39098,24.498843],[54.390682,24.498791],[54.389578,24.498915],[54.389671,24.499645],[54.389464,24.499663],[54.389403,24.499085],[54.389199,24.499049],[54.387802,24.499165],[54.387885,24.499953],[54.387811,24.49994]],[[54.389698,24.499875],[54.390015,24.502335],[54.38986,24.50235],[54.389851,24.502276],[54.389647,24.502241],[54.38938,24.502269],[54.389353,24.501999],[54.389522,24.502028],[54.389661,24.502018],[54.389657,24.501978],[54.389783,24.501969],[54.389737,24.501471],[54.389301,24.501394],[54.389356,24.501286],[54.389432,24.501255],[54.389482,24.501277],[54.389685,24.501313],[54.389647,24.500933],[54.389443,24.500897],[54.389252,24.501],[54.389208,24.500967],[54.389189,24.500819],[54.389186,24.500788],[54.38934,24.500815],[54.3895,24.500799],[54.389496,24.500766],[54.389628,24.500753],[54.389567,24.500249],[54.389116,24.50017],[54.389113,24.500147],[54.388996,24.500126],[54.389065,24.500119],[54.389052,24.500012],[54.389497,24.499972],[54.389489,24.499896],[54.389698,24.499875]]]}},{"type":"Feature","properties":{},"geometry":{"type":"Polygon","coordinates":[[[54.389079,24.50324],[54.388971,24.503238],[54.38897,24.503292],[54.389133,24.50332],[54.38924,24.503322],[54.389242,24.503268],[54.389079,24.50324]]]}},{"type":"Feature","properties":{},"geometry":{"type":"Polygon","coordinates":[[[54.388574,24.503299],[54.388581,24.503349],[54.388744,24.503378],[54.388959,24.503353],[54.388952,24.503303],[54.388789,24.503274],[54.388574,24.503299]]]}},{"type":"Feature","properties":{},"geometry":{"type":"Polygon","coordinates":[[[54.387821,24.503576],[54.387832,24.503617],[54.387995,24.503646],[54.38806,24.503632],[54.388048,24.50359],[54.387885,24.503562],[54.387821,24.503576]]]}},{"type":"Feature","properties":{},"geometry":{"type":"Polygon","coordinates":[[[54.387554,24.504018],[54.387521,24.504012],[54.387519,24.503969],[54.387356,24.503941],[54.387238,24.503955],[54.387244,24.503997],[54.387328,24.50402],[54.387243,24.504005],[54.387199,24.504011],[54.387207,24.504058],[54.387493,24.504101],[54.387557,24.504098],[54.387554,24.504018]]]}},{"type":"Feature","properties":{},"geometry":{"type":"Polygon","coordinates":[[[54.389085,24.506992],[54.38899,24.506999],[54.388993,24.507033],[54.389156,24.507062],[54.389251,24.507055],[54.389248,24.507021],[54.389085,24.506992]]]}},{"type":"Feature","properties":{},"geometry":{"type":"Polygon","coordinates":[[[54.390718,24.482472],[54.390417,24.48243],[54.3904,24.482553],[54.390697,24.482594],[54.390718,24.482472]]]}},{"type":"Feature","properties":{},"geometry":{"type":"Polygon","coordinates":[[[54.39087,24.482839],[54.390732,24.483074],[54.39096,24.483187],[54.391503,24.483283],[54.39158,24.48316],[54.39149,24.483096],[54.391556,24.482988],[54.391667,24.483003],[54.391742,24.482883],[54.391509,24.482769],[54.391317,24.482736],[54.391195,24.48268],[54.391142,24.482671],[54.391149,24.48266],[54.390942,24.482565],[54.390779,24.482536],[54.390666,24.482736],[54.390518,24.482654],[54.390355,24.482625],[54.390298,24.482706],[54.390547,24.482844],[54.39071,24.482873],[54.390762,24.48279],[54.39087,24.482839]]]}},{"type":"Feature","properties":{},"geometry":{"type":"Polygon","coordinates":[[[54.390062,24.482824],[54.389997,24.482755],[54.389835,24.482726],[54.389745,24.482796],[54.389809,24.482865],[54.389972,24.482894],[54.390062,24.482824]]]}},{"type":"Feature","properties":{},"geometry":{"type":"Polygon","coordinates":[[[54.392212,24.483326],[54.392375,24.483354],[54.392476,24.48318],[54.392379,24.483134],[54.39226,24.483113],[54.392281,24.483077],[54.392174,24.483027],[54.391879,24.482977],[54.391859,24.483014],[54.391955,24.483061],[54.392096,24.4831],[54.392044,24.48319],[54.392152,24.483223],[54.392119,24.483283],[54.392212,24.483326]]]}},{"type":"Feature","properties":{},"geometry":{"type":"Polygon","coordinates":[[[54.391627,24.483427],[54.391532,24.483387],[54.391369,24.483358],[54.391354,24.483388],[54.391449,24.483428],[54.391612,24.483457],[54.391627,24.483427]]]}},{"type":"Feature","properties":{},"geometry":{"type":"Polygon","coordinates":[[[54.391253,24.483581],[54.391324,24.483594],[54.391408,24.483498],[54.391224,24.483358],[54.390681,24.483263],[54.390472,24.483469],[54.390677,24.483615],[54.391077,24.483686],[54.391023,24.483732],[54.391161,24.483867],[54.391324,24.483896],[54.391411,24.48382],[54.391274,24.483685],[54.391247,24.48368],[54.3913,24.483619],[54.391253,24.483581]]]}},{"type":"Feature","properties":{},"geometry":{"type":"Polygon","coordinates":[[[54.390608,24.48434],[54.390517,24.484418],[54.390636,24.484534],[54.390799,24.484563],[54.39089,24.484485],[54.390771,24.484369],[54.390608,24.48434]]]}},{"type":"Feature","properties":{},"geometry":{"type":"Polygon","coordinates":[[[54.393577,24.487632],[54.393123,24.487552],[54.392698,24.487896],[54.392743,24.487942],[54.392668,24.487949],[54.392706,24.488305],[54.392603,24.488432],[54.392468,24.488446],[54.39248,24.488546],[54.39241,24.488553],[54.39211,24.488498],[54.392093,24.488584],[54.392011,24.488569],[54.391921,24.488904],[54.39226,24.488952],[54.392453,24.489048],[54.39259,24.48917],[54.39255,24.489174],[54.392562,24.489274],[54.392412,24.489288],[54.392453,24.48964],[54.39261,24.489667],[54.392622,24.489769],[54.392759,24.489793],[54.392696,24.49005],[54.392653,24.490142],[54.392563,24.490252],[54.392526,24.490245],[54.392394,24.490325],[54.392146,24.490439],[54.39194,24.490475],[54.391781,24.490475],[54.391532,24.490429],[54.391517,24.490466],[54.391531,24.490541],[54.391496,24.490564],[54.391448,24.490674],[54.39152,24.490743],[54.391739,24.490786],[54.392099,24.490898],[54.392303,24.490933],[54.392336,24.490904],[54.392366,24.490961],[54.39257,24.490997],[54.392867,24.490958],[54.393097,24.491094],[54.393301,24.49113],[54.393333,24.491087],[54.393431,24.491146],[54.393635,24.491188],[54.393593,24.491239],[54.392937,24.491124],[54.392881,24.491188],[54.392869,24.491091],[54.392055,24.490948],[54.391354,24.491021],[54.391384,24.491259],[54.390654,24.491131],[54.39018,24.491192],[54.390267,24.491745],[54.391941,24.49204],[54.392094,24.492087],[54.394184,24.492454],[54.394285,24.492338],[54.39419,24.492269],[54.394233,24.49222],[54.39414,24.492153],[54.394583,24.492231],[54.394624,24.49218],[54.394752,24.492202],[54.394827,24.492108],[54.394752,24.492059],[54.394815,24.491978],[54.394662,24.491877],[54.39399,24.491759],[54.394042,24.491697],[54.395132,24.491889],[54.395234,24.491772],[54.395139,24.491703],[54.395182,24.491654],[54.394932,24.491475],[54.394317,24.491366],[54.394392,24.491277],[54.395386,24.491452],[54.395487,24.491335],[54.395392,24.491267],[54.395435,24.491218],[54.395186,24.491038],[54.394667,24.490947],[54.394688,24.490921],[54.395424,24.49105],[54.395626,24.490818],[54.395387,24.490647],[54.394977,24.490574],[54.395053,24.490483],[54.394882,24.49037],[54.394774,24.490351],[54.394547,24.490365],[54.394388,24.49039],[54.39425,24.490446],[54.393922,24.490389],[54.393978,24.490318],[54.393923,24.489998],[54.394481,24.490096],[54.394669,24.490078],[54.394653,24.489933],[54.394745,24.489924],[54.394704,24.489573],[54.3946,24.489554],[54.394592,24.489484],[54.393349,24.489265],[54.393715,24.489217],[54.394398,24.489338],[54.394585,24.489319],[54.394572,24.489206],[54.394664,24.489197],[54.394622,24.488843],[54.394517,24.488825],[54.394508,24.488755],[54.393176,24.488521],[54.393708,24.488472],[54.393681,24.488223],[54.394793,24.488419],[54.394849,24.488374],[54.394968,24.488395],[54.395185,24.488219],[54.395111,24.488144],[54.395209,24.488065],[54.395036,24.487889],[54.394807,24.487559],[54.394986,24.48759],[54.39537,24.487249],[54.395338,24.487219],[54.395256,24.487186],[54.39315,24.486823],[54.393024,24.486841],[54.392975,24.486884],[54.393017,24.486924],[54.392872,24.487053],[54.392911,24.487089],[54.39287,24.487126],[54.392992,24.48724],[54.393859,24.487392],[54.393577,24.487632]],[[54.392773,24.491312],[54.392759,24.491329],[54.393,24.491502],[54.393339,24.491573],[54.393366,24.491649],[54.39294,24.491574],[54.392934,24.491532],[54.392502,24.491456],[54.392488,24.491342],[54.392773,24.491312]]]}},{"type":"Feature","properties":{},"geometry":{"type":"Polygon","coordinates":[[[54.390487,24.491992],[54.389906,24.49207],[54.389968,24.492456],[54.392288,24.492864],[54.39287,24.492786],[54.392808,24.492401],[54.390487,24.491992]]]}},{"type":"Feature","properties":{},"geometry":{"type":"Polygon","coordinates":[[[54.390693,24.492868],[54.390587,24.492771],[54.390424,24.492743],[54.390236,24.492913],[54.390342,24.49301],[54.390505,24.493039],[54.390693,24.492868]]]}},{"type":"Feature","properties":{},"geometry":{"type":"Polygon","coordinates":[[[54.392767,24.494395],[54.392802,24.494635],[54.393345,24.49473],[54.393613,24.494698],[54.393582,24.494482],[54.393519,24.494471],[54.393515,24.494441],[54.392972,24.494346],[54.392824,24.494364],[54.392828,24.494388],[54.392767,24.494395]]]}},{"type":"Feature","properties":{},"geometry":{"type":"Polygon","coordinates":[[[54.391861,24.4953],[54.391927,24.495937],[54.392741,24.49608],[54.392797,24.496038],[54.393508,24.495968],[54.393739,24.496008],[54.393864,24.495994],[54.394069,24.495811],[54.394285,24.495786],[54.3942,24.495176],[54.393386,24.495033],[54.392818,24.495099],[54.39283,24.495185],[54.392758,24.495172],[54.391861,24.4953]]]}},{"type":"Feature","properties":{},"geometry":{"type":"Polygon","coordinates":[[[54.390508,24.496321],[54.390643,24.496328],[54.39063,24.496099],[54.390616,24.496097],[54.390627,24.496096],[54.390576,24.495677],[54.389761,24.495533],[54.389412,24.495569],[54.389451,24.495889],[54.389333,24.495889],[54.389342,24.495964],[54.389359,24.495967],[54.389391,24.49622],[54.390205,24.496364],[54.390509,24.496344],[54.390508,24.496321]],[[54.390401,24.496236],[54.390402,24.496252],[54.390377,24.496247],[54.390401,24.496236]]]}},{"type":"Feature","properties":{},"geometry":{"type":"Polygon","coordinates":[[[54.391378,24.49695],[54.391379,24.496966],[54.391259,24.496956],[54.391258,24.49699],[54.391421,24.497019],[54.391663,24.497013],[54.391661,24.496974],[54.391499,24.496945],[54.391378,24.49695]]]}},{"type":"Feature","properties":{},"geometry":{"type":"Polygon","coordinates":[[[54.394542,24.496821],[54.393728,24.496678],[54.393496,24.496963],[54.393576,24.497247],[54.393827,24.497365],[54.394641,24.497508],[54.394769,24.497442],[54.394885,24.497348],[54.394874,24.497274],[54.394918,24.497211],[54.394997,24.497172],[54.39503,24.497114],[54.394542,24.496821]]]}},{"type":"Feature","properties":{},"geometry":{"type":"Polygon","coordinates":[[[54.391499,24.497052],[54.391445,24.497061],[54.391452,24.497099],[54.391615,24.497128],[54.39167,24.497118],[54.391662,24.49708],[54.391499,24.497052]]]}},{"type":"Feature","properties":{},"geometry":{"type":"Polygon","coordinates":[[[54.391304,24.497146],[54.391309,24.497052],[54.391146,24.497023],[54.391023,24.497022],[54.391021,24.497116],[54.391184,24.497144],[54.391304,24.497146]]]}},{"type":"Feature","properties":{},"geometry":{"type":"Polygon","coordinates":[[[54.391345,24.497181],[54.391182,24.497152],[54.391069,24.497149],[54.391067,24.497212],[54.39123,24.497241],[54.391343,24.497244],[54.391345,24.497181]]]}},{"type":"Feature","properties":{},"geometry":{"type":"Polygon","coordinates":[[[54.389162,24.497728],[54.389255,24.497784],[54.391497,24.498179],[54.391913,24.49816],[54.391881,24.497941],[54.391505,24.497815],[54.389263,24.497421],[54.389126,24.497488],[54.389162,24.497728]]]}},{"type":"Feature","properties":{},"geometry":{"type":"Polygon","coordinates":[[[54.393355,24.498117],[54.39315,24.498087],[54.393147,24.498168],[54.393352,24.498198],[54.393355,24.498117]]]}},{"type":"Feature","properties":{},"geometry":{"type":"Polygon","coordinates":[[[54.392651,24.498517],[54.392807,24.499522],[54.393621,24.499665],[54.39537,24.499471],[54.39526,24.498664],[54.395136,24.498542],[54.394321,24.498399],[54.392651,24.498517]]]}},{"type":"Feature","properties":{},"geometry":{"type":"Polygon","coordinates":[[[54.39202,24.503592],[54.391928,24.503605],[54.391936,24.503654],[54.392099,24.503682],[54.392191,24.50367],[54.392183,24.503621],[54.39202,24.503592]]]}},{"type":"Feature","properties":{},"geometry":{"type":"Polygon","coordinates":[[[54.392391,24.503733],[54.3923,24.503734],[54.3923,24.503783],[54.392463,24.503812],[54.392554,24.503811],[54.392554,24.503762],[54.392391,24.503733]]]}},{"type":"Feature","properties":{},"geometry":{"type":"Polygon","coordinates":[[[54.392105,24.5037],[54.391942,24.503708],[54.391948,24.503811],[54.392111,24.503839],[54.392274,24.503831],[54.392268,24.503729],[54.392105,24.5037]]]}},{"type":"Feature","properties":{},"geometry":{"type":"Polygon","coordinates":[[[54.391634,24.504401],[54.391667,24.504676],[54.39221,24.504771],[54.392653,24.504727],[54.39262,24.504452],[54.392327,24.504401],[54.392504,24.504401],[54.392497,24.504299],[54.392592,24.504285],[54.39258,24.504249],[54.392492,24.504234],[54.392488,24.504165],[54.392297,24.504138],[54.392294,24.504112],[54.392379,24.504127],[54.39259,24.504102],[54.392558,24.503881],[54.392395,24.503852],[54.392184,24.503877],[54.392188,24.503902],[54.391729,24.503821],[54.391621,24.503831],[54.391679,24.504336],[54.391897,24.504375],[54.391634,24.504401]]]}},{"type":"Feature","properties":{},"geometry":{"type":"Polygon","coordinates":[[[54.392065,24.50483],[54.39201,24.504834],[54.392018,24.504914],[54.392181,24.504943],[54.392236,24.504938],[54.392228,24.504858],[54.392065,24.50483]]]}},{"type":"Feature","properties":{},"geometry":{"type":"Polygon","coordinates":[[[54.3924,24.504786],[54.39229,24.504797],[54.392319,24.505045],[54.392482,24.505074],[54.392592,24.505063],[54.392563,24.504815],[54.3924,24.504786]]]}},{"type":"Feature","properties":{},"geometry":{"type":"Polygon","coordinates":[[[54.392773,24.505636],[54.392737,24.505136],[54.392194,24.50504],[54.391979,24.505053],[54.392015,24.505553],[54.392558,24.505648],[54.392773,24.505636]]]}},{"type":"Feature","properties":{},"geometry":{"type":"Polygon","coordinates":[[[54.389993,24.505205],[54.38945,24.505109],[54.389252,24.505122],[54.389299,24.505716],[54.389842,24.505811],[54.390056,24.505797],[54.389993,24.505205]]]}},{"type":"Feature","properties":{},"geometry":{"type":"Polygon","coordinates":[[[54.392007,24.506958],[54.392013,24.507041],[54.392556,24.507137],[54.392741,24.507125],[54.392715,24.506783],[54.392172,24.506687],[54.391987,24.506699],[54.391997,24.50683],[54.391925,24.506817],[54.391863,24.50683],[54.391859,24.506801],[54.391697,24.506772],[54.391607,24.506781],[54.391613,24.506827],[54.391776,24.506856],[54.391818,24.506851],[54.391824,24.506876],[54.391717,24.506868],[54.391725,24.506929],[54.391888,24.506957],[54.391923,24.506945],[54.392007,24.506958]]]}},{"type":"Feature","properties":{},"geometry":{"type":"Polygon","coordinates":[[[54.391651,24.507026],[54.391653,24.507115],[54.391816,24.507144],[54.391942,24.507142],[54.39194,24.507053],[54.391777,24.507024],[54.391651,24.507026]]]}},{"type":"Feature","properties":{},"geometry":{"type":"Polygon","coordinates":[[[54.392822,24.507123],[54.392741,24.507132],[54.392748,24.507186],[54.392911,24.507214],[54.392992,24.507205],[54.392985,24.507152],[54.392822,24.507123]]]}},{"type":"Feature","properties":{},"geometry":{"type":"Polygon","coordinates":[[[54.391391,24.507232],[54.390988,24.507256],[54.390998,24.507395],[54.391541,24.50749],[54.391944,24.507466],[54.391934,24.507327],[54.391391,24.507232]]]}},{"type":"Feature","properties":{},"geometry":{"type":"Polygon","coordinates":[[[54.391017,24.507402],[54.390884,24.507401],[54.390883,24.507481],[54.391046,24.50751],[54.391179,24.507511],[54.39118,24.507431],[54.391017,24.507402]]]}},{"type":"Feature","properties":{},"geometry":{"type":"Polygon","coordinates":[[[54.392808,24.50871],[54.39297,24.508739],[54.393216,24.508734],[54.393217,24.5087],[54.393054,24.508671],[54.392807,24.50868],[54.392808,24.50871]]]}},{"type":"Feature","properties":{},"geometry":{"type":"Polygon","coordinates":[[[54.392366,24.509469],[54.392473,24.509644],[54.392831,24.509707],[54.3929,24.509749],[54.393063,24.509778],[54.393081,24.509751],[54.393287,24.509787],[54.393625,24.509616],[54.393613,24.509596],[54.393795,24.509504],[54.393749,24.509429],[54.393855,24.509448],[54.393889,24.50943],[54.393853,24.509371],[54.393697,24.509343],[54.393575,24.509145],[54.393658,24.509149],[54.393655,24.509094],[54.393441,24.509067],[54.393443,24.509104],[54.392749,24.508982],[54.392554,24.509081],[54.392691,24.509304],[54.392366,24.509469]]]}},{"type":"Feature","properties":{},"geometry":{"type":"Polygon","coordinates":[[[54.393936,24.509749],[54.393868,24.509778],[54.393914,24.509865],[54.394077,24.509894],[54.394173,24.509852],[54.394128,24.509765],[54.394102,24.509761],[54.394119,24.509751],[54.394018,24.509606],[54.393855,24.509577],[54.393815,24.5096],[54.393915,24.509745],[54.393936,24.509749]]]}},{"type":"Feature","properties":{},"geometry":{"type":"Polygon","coordinates":[[[54.393711,24.509962],[54.39383,24.509983],[54.393685,24.510046],[54.393708,24.510089],[54.39366,24.51008],[54.393602,24.5101],[54.393623,24.510154],[54.393786,24.510183],[54.393845,24.510163],[54.39383,24.510125],[54.393854,24.51013],[54.393873,24.510164],[54.394036,24.510193],[54.394055,24.510184],[54.39409,24.510213],[54.394253,24.510242],[54.394351,24.510146],[54.39429,24.510095],[54.394127,24.510066],[54.394025,24.510071],[54.394195,24.509998],[54.394163,24.509938],[54.394001,24.50991],[54.393909,24.509949],[54.393748,24.509921],[54.393706,24.509926],[54.393711,24.509962]]]}},{"type":"Feature","properties":{},"geometry":{"type":"Polygon","coordinates":[[[54.406255,24.479987],[54.40643,24.479895],[54.406373,24.479805],[54.406264,24.479786],[54.406176,24.479648],[54.405362,24.479505],[54.405113,24.479636],[54.405169,24.479724],[54.404962,24.479833],[54.404999,24.479891],[54.404923,24.479932],[54.404985,24.48003],[54.40501,24.480034],[54.405091,24.480163],[54.405905,24.480306],[54.406324,24.480095],[54.406255,24.479987]]]}},{"type":"Feature","properties":{},"geometry":{"type":"Polygon","coordinates":[[[54.406836,24.48],[54.406771,24.479935],[54.406609,24.479907],[54.406516,24.479983],[54.40658,24.480047],[54.406743,24.480076],[54.406836,24.48]]]}},{"type":"Feature","properties":{},"geometry":{"type":"Polygon","coordinates":[[[54.405509,24.480423],[54.405537,24.480468],[54.405763,24.480517],[54.405894,24.480646],[54.406437,24.480741],[54.406583,24.480618],[54.406405,24.480444],[54.406444,24.48045],[54.406479,24.480403],[54.406415,24.480364],[54.406484,24.480376],[54.406523,24.480297],[54.406404,24.480249],[54.406241,24.48022],[54.406203,24.480298],[54.406186,24.480296],[54.40614,24.480358],[54.405748,24.480289],[54.405691,24.480337],[54.405765,24.480411],[54.405752,24.480422],[54.405585,24.480386],[54.405509,24.480423]]]}},{"type":"Feature","properties":{},"geometry":{"type":"Polygon","coordinates":[[[54.405239,24.480777],[54.405221,24.480755],[54.405389,24.480784],[54.405508,24.480697],[54.405367,24.480537],[54.404359,24.480367],[54.40426,24.480439],[54.404168,24.480423],[54.403937,24.480593],[54.404133,24.480815],[54.404947,24.480958],[54.40511,24.480854],[54.405129,24.480857],[54.405239,24.480777]]]}},{"type":"Feature","properties":{},"geometry":{"type":"Polygon","coordinates":[[[54.404714,24.481136],[54.404697,24.481102],[54.404534,24.481073],[54.404478,24.481097],[54.404495,24.481131],[54.404658,24.48116],[54.404714,24.481136]]]}},{"type":"Feature","properties":{},"geometry":{"type":"Polygon","coordinates":[[[54.403917,24.481584],[54.404445,24.481313],[54.404282,24.481036],[54.403468,24.480893],[54.402858,24.481167],[54.403102,24.48144],[54.403917,24.481584]]]}},{"type":"Feature","properties":{},"geometry":{"type":"Polygon","coordinates":[[[54.404066,24.482045],[54.404115,24.482129],[54.404151,24.482135],[54.404196,24.482225],[54.405417,24.48244],[54.405651,24.482324],[54.405622,24.482223],[54.405588,24.482217],[54.405572,24.482142],[54.40588,24.482196],[54.405921,24.482171],[54.406059,24.482371],[54.406322,24.482418],[54.40627,24.482449],[54.406007,24.482403],[54.405831,24.482499],[54.406165,24.483008],[54.406708,24.483103],[54.406884,24.483008],[54.40655,24.482498],[54.406521,24.482493],[54.406486,24.482446],[54.407416,24.48261],[54.407605,24.482539],[54.407647,24.482408],[54.407249,24.481963],[54.406433,24.481819],[54.406456,24.481804],[54.406244,24.481517],[54.406178,24.481406],[54.404957,24.481191],[54.40478,24.481294],[54.404701,24.481363],[54.404778,24.481451],[54.404624,24.481424],[54.4044,24.481537],[54.404359,24.481585],[54.40438,24.481639],[54.404482,24.481731],[54.404177,24.481678],[54.404069,24.481783],[54.40404,24.481905],[54.404066,24.482045]]]}},{"type":"Feature","properties":{},"geometry":{"type":"Polygon","coordinates":[[[54.403079,24.482706],[54.402754,24.48227],[54.402483,24.482222],[54.402374,24.482266],[54.402377,24.482242],[54.402019,24.48219],[54.40115,24.483106],[54.40115,24.483223],[54.401192,24.483286],[54.401638,24.483375],[54.401836,24.48329],[54.402151,24.483205],[54.402427,24.483212],[54.402824,24.483348],[54.403095,24.483396],[54.403021,24.483179],[54.403255,24.483046],[54.403079,24.482706]]]}},{"type":"Feature","properties":{},"geometry":{"type":"Polygon","coordinates":[[[54.402525,24.485122],[54.403137,24.485657],[54.403951,24.4858],[54.404147,24.485609],[54.404367,24.485274],[54.404472,24.48503],[54.404542,24.48481],[54.404541,24.484683],[54.405619,24.484873],[54.405743,24.48448],[54.40506,24.48436],[54.405703,24.48437],[54.405703,24.483852],[54.405455,24.483133],[54.404641,24.482989],[54.404312,24.483122],[54.404504,24.483769],[54.404125,24.483874],[54.404179,24.484215],[54.404209,24.484221],[54.403674,24.484156],[54.403627,24.484364],[54.402937,24.484308],[54.402805,24.484755],[54.402712,24.484931],[54.402525,24.485122]]]}},{"type":"Feature","properties":{},"geometry":{"type":"Polygon","coordinates":[[[54.399929,24.48598],[54.399817,24.486158],[54.399506,24.486473],[54.399355,24.486649],[54.399822,24.486978],[54.39994,24.487015],[54.400754,24.487158],[54.400866,24.487117],[54.401207,24.486363],[54.400743,24.486123],[54.399929,24.48598]]]}},{"type":"Feature","properties":{},"geometry":{"type":"Polygon","coordinates":[[[54.404417,24.486697],[54.404408,24.486649],[54.40406,24.486285],[54.404023,24.48626],[54.403616,24.486188],[54.403563,24.486182],[54.402827,24.486536],[54.403037,24.487088],[54.40307,24.487122],[54.40353,24.487207],[54.403767,24.487123],[54.404122,24.486933],[54.40439,24.486736],[54.404417,24.486697]]]}},{"type":"Feature","properties":{},"geometry":{"type":"Polygon","coordinates":[[[54.406127,24.487642],[54.405832,24.487429],[54.404963,24.487276],[54.404817,24.487449],[54.405114,24.487669],[54.405983,24.487822],[54.406127,24.487642]]]}},{"type":"Feature","properties":{},"geometry":{"type":"Polygon","coordinates":[[[54.400111,24.487303],[54.399543,24.486934],[54.398968,24.486502],[54.398154,24.486359],[54.39692,24.487708],[54.39806,24.488563],[54.399381,24.489256],[54.400152,24.48957],[54.400943,24.48974],[54.401757,24.489883],[54.4026,24.489943],[54.40288,24.489596],[54.402625,24.488136],[54.401773,24.487981],[54.401144,24.487765],[54.400111,24.487303]]]}},{"type":"Feature","properties":{},"geometry":{"type":"Polygon","coordinates":[[[54.407768,24.488343],[54.407555,24.488306],[54.407598,24.488281],[54.407318,24.487873],[54.406504,24.48773],[54.405683,24.488194],[54.405962,24.488602],[54.406125,24.488631],[54.406089,24.488652],[54.406369,24.48906],[54.407183,24.489203],[54.407589,24.488973],[54.407562,24.488934],[54.407644,24.488949],[54.40802,24.488719],[54.407768,24.488343]]]}},{"type":"Feature","properties":{},"geometry":{"type":"Polygon","coordinates":[[[54.400402,24.490694],[54.400362,24.490428],[54.399819,24.490333],[54.399515,24.490371],[54.399555,24.490637],[54.400098,24.490732],[54.400402,24.490694]]]}},{"type":"Feature","properties":{},"geometry":{"type":"Polygon","coordinates":[[[54.398461,24.491812],[54.398335,24.491826],[54.398378,24.492147],[54.398541,24.492176],[54.398667,24.492158],[54.398624,24.49184],[54.398461,24.491812]]]}},{"type":"Feature","properties":{},"geometry":{"type":"Polygon","coordinates":[[[54.39859,24.492197],[54.398593,24.492223],[54.398439,24.492196],[54.398362,24.492204],[54.398407,24.492533],[54.39857,24.492562],[54.398647,24.492553],[54.39863,24.492434],[54.398781,24.49246],[54.399095,24.49242],[54.399082,24.49232],[54.398919,24.492291],[54.39884,24.492301],[54.398825,24.492216],[54.398662,24.492187],[54.39859,24.492197]]]}},{"type":"Feature","properties":{},"geometry":{"type":"Polygon","coordinates":[[[54.396062,24.492332],[54.395111,24.492162],[54.395045,24.492461],[54.395997,24.492631],[54.396062,24.492332]]]}},{"type":"Feature","properties":{},"geometry":{"type":"Polygon","coordinates":[[[54.405585,24.492482],[54.404967,24.492677],[54.404399,24.492992],[54.404048,24.493255],[54.404,24.493312],[54.403604,24.493242],[54.403563,24.493305],[54.403482,24.493291],[54.403233,24.493315],[54.40318,24.493405],[54.402889,24.493366],[54.402545,24.493401],[54.402548,24.493424],[54.401346,24.493212],[54.401077,24.493633],[54.401184,24.49369],[54.401265,24.493704],[54.401227,24.493764],[54.40131,24.493807],[54.402483,24.494014],[54.402507,24.49421],[54.403181,24.494328],[54.403231,24.494355],[54.404045,24.494498],[54.404185,24.494278],[54.404124,24.494246],[54.404349,24.493892],[54.407332,24.494417],[54.407807,24.494706],[54.407854,24.494838],[54.408004,24.495026],[54.408282,24.495173],[54.408349,24.495185],[54.408026,24.495661],[54.406894,24.495031],[54.40669,24.494995],[54.406585,24.495286],[54.406392,24.495263],[54.40635,24.49524],[54.406187,24.495211],[54.406142,24.495279],[54.406209,24.495316],[54.406363,24.495343],[54.406323,24.495377],[54.406433,24.495484],[54.40651,24.495497],[54.406489,24.49561],[54.406432,24.495599],[54.406448,24.495591],[54.406395,24.495503],[54.406232,24.495475],[54.406149,24.495516],[54.406185,24.495577],[54.40434,24.495261],[54.404239,24.495279],[54.404192,24.495327],[54.404191,24.495375],[54.40379,24.495308],[54.403677,24.495326],[54.403561,24.49538],[54.403449,24.495454],[54.403343,24.495591],[54.403343,24.495684],[54.403406,24.495728],[54.406631,24.496295],[54.40679,24.496278],[54.406898,24.496231],[54.406982,24.496173],[54.407174,24.496207],[54.407704,24.496253],[54.408004,24.496344],[54.408207,24.49638],[54.408227,24.496343],[54.408742,24.496429],[54.408833,24.496427],[54.4089,24.496399],[54.408918,24.496381],[54.408932,24.49632],[54.408856,24.496195],[54.408693,24.496072],[54.408481,24.495984],[54.408504,24.495925],[54.408263,24.495794],[54.408642,24.495236],[54.409261,24.495341],[54.409621,24.495322],[54.409964,24.495229],[54.409867,24.495048],[54.409653,24.494565],[54.40954,24.494014],[54.409518,24.493451],[54.409564,24.493205],[54.409532,24.493029],[54.406279,24.492457],[54.406355,24.492421],[54.406247,24.492254],[54.406073,24.492223],[54.405585,24.492482]],[[54.406573,24.495317],[54.406564,24.495342],[54.4064,24.495312],[54.406384,24.495325],[54.406397,24.495305],[54.406573,24.495317]]]}},{"type":"Feature","properties":{},"geometry":{"type":"Polygon","coordinates":[[[54.399835,24.492792],[54.399104,24.492877],[54.399158,24.493263],[54.399973,24.493406],[54.400704,24.493321],[54.400649,24.492935],[54.399835,24.492792]]]}},{"type":"Feature","properties":{},"geometry":{"type":"Polygon","coordinates":[[[54.402673,24.497496],[54.403924,24.497716],[54.403954,24.49778],[54.40377,24.497748],[54.403691,24.497775],[54.40365,24.497827],[54.403726,24.49808],[54.403068,24.498351],[54.402877,24.498317],[54.402781,24.498333],[54.402708,24.498362],[54.402549,24.498473],[54.402406,24.498637],[54.402404,24.498668],[54.399481,24.498154],[54.39937,24.498153],[54.399201,24.498194],[54.399087,24.498259],[54.398981,24.498367],[54.398942,24.498432],[54.398997,24.498468],[54.399022,24.498502],[54.399035,24.498547],[54.399027,24.498606],[54.401963,24.499122],[54.401955,24.499144],[54.401661,24.49933],[54.4016,24.499342],[54.401587,24.49937],[54.401594,24.499406],[54.401661,24.499491],[54.401713,24.499523],[54.402583,24.499685],[54.402589,24.499844],[54.402621,24.49985],[54.402642,24.499871],[54.402616,24.499899],[54.40262,24.499921],[54.402691,24.499966],[54.404184,24.500229],[54.404266,24.500233],[54.404266,24.500248],[54.404483,24.500286],[54.404761,24.500267],[54.405188,24.500172],[54.405667,24.499947],[54.405928,24.49974],[54.406255,24.499347],[54.406373,24.499138],[54.406474,24.49889],[54.406529,24.498602],[54.406545,24.49833],[54.406522,24.498107],[54.406444,24.497802],[54.405426,24.497613],[54.405574,24.497814],[54.405654,24.497982],[54.405705,24.498253],[54.405713,24.49847],[54.405702,24.498675],[54.405665,24.498829],[54.405574,24.498997],[54.405496,24.4991],[54.405377,24.499211],[54.405118,24.499166],[54.405252,24.499057],[54.405358,24.498901],[54.40544,24.498736],[54.405445,24.498549],[54.405429,24.498461],[54.40539,24.498454],[54.405412,24.498398],[54.405332,24.498066],[54.405283,24.498019],[54.405209,24.498001],[54.404487,24.497874],[54.404599,24.497783],[54.404892,24.497434],[54.405251,24.496952],[54.405413,24.496686],[54.405411,24.496392],[54.404485,24.49605],[54.404146,24.49599],[54.404092,24.496138],[54.402217,24.495808],[54.40202,24.496304],[54.402383,24.496424],[54.403191,24.496566],[54.403186,24.496577],[54.402919,24.49653],[54.402748,24.496946],[54.403051,24.49705],[54.402735,24.496994],[54.402475,24.497104],[54.402673,24.497496]],[[54.404249,24.499324],[54.404288,24.499422],[54.404371,24.499484],[54.40484,24.499566],[54.404786,24.499583],[54.403947,24.499435],[54.403931,24.499469],[54.403842,24.499457],[54.40373,24.499479],[54.403689,24.499522],[54.403717,24.499599],[54.403588,24.499577],[54.403634,24.499578],[54.403672,24.499531],[54.403644,24.499465],[54.403558,24.499379],[54.403107,24.499294],[54.403167,24.499287],[54.403283,24.499245],[54.403441,24.499124],[54.404191,24.499256],[54.404197,24.499315],[54.404249,24.499324]],[[54.404479,24.498599],[54.403863,24.498491],[54.404068,24.498379],[54.404139,24.498302],[54.404548,24.498374],[54.404526,24.498524],[54.404479,24.498599]]]}},{"type":"Feature","properties":{},"geometry":{"type":"Polygon","coordinates":[[[54.406805,24.497122],[54.407067,24.497049],[54.407344,24.497081],[54.407345,24.497062],[54.408709,24.497309],[54.40953,24.496918],[54.409385,24.496689],[54.408041,24.496452],[54.407578,24.49666],[54.407016,24.496574],[54.407008,24.496701],[54.406901,24.496682],[54.406661,24.496684],[54.406661,24.496696],[54.406607,24.496686],[54.406418,24.496731],[54.406113,24.496677],[54.405786,24.496758],[54.405806,24.496827],[54.405734,24.496876],[54.405814,24.496964],[54.405845,24.49697],[54.405889,24.497128],[54.406432,24.497223],[54.40674,24.497142],[54.406733,24.497109],[54.406805,24.497122]]]}},{"type":"Feature","properties":{},"geometry":{"type":"Polygon","coordinates":[[[54.406,24.497594],[54.406014,24.497532],[54.406053,24.497539],[54.406089,24.497391],[54.405991,24.497374],[54.406007,24.497326],[54.405257,24.497192],[54.405197,24.497453],[54.406,24.497594]]]}},{"type":"Feature","properties":{},"geometry":{"type":"Polygon","coordinates":[[[54.396129,24.498519],[54.39591,24.498489],[54.395908,24.498554],[54.396127,24.498585],[54.396129,24.498519]]]}},{"type":"Feature","properties":{},"geometry":{"type":"Polygon","coordinates":[[[54.395371,24.499798],[54.395257,24.499815],[54.395284,24.499969],[54.395447,24.499997],[54.395562,24.49998],[54.395534,24.499827],[54.395371,24.499798]]]}},{"type":"Feature","properties":{},"geometry":{"type":"Polygon","coordinates":[[[54.39511,24.499974],[54.395078,24.49998],[54.395101,24.500084],[54.395264,24.500113],[54.395296,24.500107],[54.395273,24.500002],[54.39511,24.499974]]]}},{"type":"Feature","properties":{},"geometry":{"type":"Polygon","coordinates":[[[54.394706,24.500308],[54.394711,24.500335],[54.394674,24.500329],[54.394108,24.500407],[54.39425,24.501255],[54.395064,24.501399],[54.39563,24.50132],[54.395488,24.500472],[54.394924,24.500373],[54.394916,24.50033],[54.394753,24.500301],[54.394706,24.500308]]]}},{"type":"Feature","properties":{},"geometry":{"type":"Polygon","coordinates":[[[54.395747,24.501897],[54.395498,24.501866],[54.395495,24.501969],[54.395744,24.502],[54.395747,24.501897]]]}},{"type":"Feature","properties":{},"geometry":{"type":"Polygon","coordinates":[[[54.394627,24.502068],[54.394678,24.502376],[54.395492,24.502519],[54.395924,24.502461],[54.395873,24.502153],[54.395059,24.502009],[54.394627,24.502068]]]}},{"type":"Feature","properties":{},"geometry":{"type":"Polygon","coordinates":[[[54.405925,24.504564],[54.405978,24.50473],[54.406141,24.504759],[54.406233,24.504739],[54.406184,24.50457],[54.406021,24.504542],[54.405925,24.504564]]]}},{"type":"Feature","properties":{},"geometry":{"type":"Polygon","coordinates":[[[54.397311,24.504655],[54.397238,24.504658],[54.397244,24.50476],[54.397407,24.504788],[54.397479,24.504785],[54.397473,24.504684],[54.397311,24.504655]]]}},{"type":"Feature","properties":{},"geometry":{"type":"Polygon","coordinates":[[[54.406793,24.505817],[54.406828,24.505695],[54.406787,24.505553],[54.406674,24.505453],[54.406573,24.505435],[54.406344,24.50524],[54.40553,24.505097],[54.405395,24.505228],[54.405181,24.50519],[54.405013,24.505359],[54.404842,24.505329],[54.404748,24.505644],[54.404949,24.505693],[54.405492,24.505789],[54.405515,24.505713],[54.406702,24.505922],[54.406793,24.505817]]]}},{"type":"Feature","properties":{},"geometry":{"type":"Polygon","coordinates":[[[54.405504,24.506377],[54.407336,24.506699],[54.407629,24.506391],[54.407472,24.506231],[54.405639,24.505909],[54.405451,24.505916],[54.405179,24.505828],[54.404636,24.505733],[54.404521,24.50603],[54.404816,24.506125],[54.405282,24.506207],[54.405504,24.506377]]]}},{"type":"Feature","properties":{},"geometry":{"type":"Polygon","coordinates":[[[54.405345,24.506365],[54.405066,24.506279],[54.404523,24.506183],[54.40443,24.506432],[54.404709,24.506518],[54.405252,24.506613],[54.405345,24.506365]]]}},{"type":"Feature","properties":{},"geometry":{"type":"Polygon","coordinates":[[[54.403364,24.507844],[54.40476,24.50809],[54.404677,24.508165],[54.404978,24.508463],[54.404539,24.508385],[54.404421,24.508493],[54.404818,24.508885],[54.405894,24.509074],[54.405757,24.509206],[54.406,24.509431],[54.405508,24.509345],[54.405479,24.509369],[54.404187,24.509141],[54.404151,24.509181],[54.403941,24.509144],[54.403815,24.509313],[54.403964,24.509457],[54.405253,24.509684],[54.405269,24.509669],[54.405418,24.509695],[54.405483,24.5096],[54.405711,24.509809],[54.407014,24.510038],[54.407179,24.509921],[54.406952,24.509707],[54.407446,24.509794],[54.40758,24.509657],[54.40733,24.509422],[54.407784,24.509501],[54.4079,24.509383],[54.407538,24.50905],[54.406235,24.508821],[54.406139,24.508907],[54.405938,24.508709],[54.406377,24.508786],[54.406489,24.508672],[54.406101,24.508289],[54.406645,24.508385],[54.406757,24.508271],[54.406367,24.507886],[54.405538,24.50774],[54.405862,24.507159],[54.405855,24.507079],[54.405593,24.506955],[54.405164,24.50688],[54.405237,24.506716],[54.404948,24.50662],[54.404405,24.506524],[54.404331,24.506733],[54.403965,24.506669],[54.403901,24.50668],[54.403269,24.507779],[54.403364,24.507844]],[[54.406344,24.509145],[54.406349,24.50915],[54.406124,24.50911],[54.406144,24.50909],[54.406181,24.509117],[54.406344,24.509145]],[[54.405268,24.508083],[54.40534,24.508154],[54.405102,24.508112],[54.405268,24.508083]]]}},{"type":"Feature","properties":{},"geometry":{"type":"Polygon","coordinates":[[[54.406132,24.510775],[54.406235,24.510793],[54.406273,24.510839],[54.406048,24.510959],[54.405836,24.510922],[54.405393,24.51117],[54.405357,24.511273],[54.405491,24.511662],[54.405568,24.511728],[54.406382,24.511872],[54.406643,24.511846],[54.406922,24.511672],[54.407107,24.511705],[54.407305,24.511605],[54.407432,24.51152],[54.407642,24.51183],[54.408457,24.511973],[54.40895,24.511696],[54.408845,24.51154],[54.409192,24.511602],[54.409672,24.511336],[54.409455,24.511011],[54.408904,24.510914],[54.409042,24.510838],[54.408998,24.510773],[54.409153,24.510798],[54.409228,24.51076],[54.409243,24.510684],[54.409185,24.510624],[54.408961,24.510592],[54.408908,24.510622],[54.408888,24.510693],[54.40746,24.510442],[54.407016,24.510687],[54.406522,24.5106],[54.406487,24.51055],[54.406524,24.510524],[54.406565,24.510262],[54.406429,24.510139],[54.406255,24.510108],[54.406015,24.51031],[54.40591,24.510382],[54.405773,24.510449],[54.405645,24.51049],[54.405391,24.510514],[54.405154,24.510676],[54.404972,24.510861],[54.405019,24.510899],[54.405111,24.510931],[54.405285,24.510962],[54.40559,24.51097],[54.405791,24.510912],[54.406132,24.510775]],[[54.407552,24.511434],[54.407397,24.51124],[54.407778,24.511307],[54.407552,24.511434]],[[54.408266,24.511291],[54.408179,24.511276],[54.408204,24.511259],[54.408048,24.511069],[54.408232,24.511093],[54.40816,24.511134],[54.408266,24.511291]]]}},{"type":"Feature","properties":{},"geometry":{"type":"Polygon","coordinates":[[[54.39634,24.51071],[54.396883,24.510805],[54.397139,24.510517],[54.396934,24.510367],[54.396391,24.510271],[54.396138,24.510557],[54.39634,24.51071]]]}},{"type":"Feature","properties":{},"geometry":{"type":"Polygon","coordinates":[[[54.405894,24.512054],[54.405881,24.511799],[54.40466,24.511585],[54.404233,24.511616],[54.404256,24.511867],[54.404289,24.511909],[54.405539,24.512127],[54.405563,24.512123],[54.405595,24.512085],[54.40583,24.512127],[54.405882,24.512107],[54.405894,24.512054]]]}},{"type":"Feature","properties":{},"geometry":{"type":"Polygon","coordinates":[[[54.41028,24.479856],[54.410211,24.479923],[54.410361,24.480052],[54.410524,24.48008],[54.410593,24.480014],[54.410443,24.479885],[54.41028,24.479856]]]}},{"type":"Feature","properties":{},"geometry":{"type":"Polygon","coordinates":[[[54.410764,24.481913],[54.411307,24.482009],[54.411484,24.481839],[54.411116,24.48152],[54.410573,24.481425],[54.4104,24.481591],[54.410481,24.481661],[54.410742,24.481713],[54.410778,24.481745],[54.410743,24.481738],[54.410713,24.481767],[54.410736,24.481786],[54.410679,24.48184],[54.410764,24.481913]]]}},{"type":"Feature","properties":{},"geometry":{"type":"Polygon","coordinates":[[[54.40924,24.482855],[54.409144,24.482858],[54.409149,24.482973],[54.409312,24.483001],[54.409408,24.482998],[54.409403,24.482883],[54.40924,24.482855]]]}},{"type":"Feature","properties":{},"geometry":{"type":"Polygon","coordinates":[[[54.407273,24.484843],[54.407492,24.484954],[54.407594,24.484972],[54.407621,24.485007],[54.408489,24.48516],[54.408602,24.485076],[54.408354,24.484799],[54.408829,24.484883],[54.409038,24.484742],[54.408793,24.48444],[54.407925,24.484287],[54.407715,24.484428],[54.407943,24.484709],[54.407465,24.484625],[54.40726,24.484778],[54.407273,24.484843]]]}},{"type":"Feature","properties":{},"geometry":{"type":"Polygon","coordinates":[[[54.409483,24.485191],[54.409473,24.485209],[54.409321,24.485182],[54.409246,24.485268],[54.40907,24.485338],[54.408984,24.485421],[54.408948,24.485515],[54.408947,24.485564],[54.408838,24.485545],[54.408759,24.485606],[54.4088,24.485649],[54.408864,24.485661],[54.409044,24.485923],[54.409131,24.485998],[54.409484,24.48606],[54.409624,24.486071],[54.409707,24.486047],[54.409782,24.485972],[54.410151,24.486606],[54.410504,24.486668],[54.410863,24.4865],[54.410363,24.485619],[54.410402,24.485593],[54.410413,24.48552],[54.410404,24.485468],[54.410388,24.485446],[54.410261,24.485424],[54.410362,24.485422],[54.410404,24.485395],[54.410434,24.485322],[54.410573,24.485267],[54.410611,24.485325],[54.410774,24.485354],[54.410882,24.485296],[54.410832,24.485218],[54.410736,24.485201],[54.410978,24.485104],[54.410804,24.484786],[54.410451,24.484724],[54.409483,24.485191]]]}},{"type":"Feature","properties":{},"geometry":{"type":"Polygon","coordinates":[[[54.406583,24.485536],[54.40655,24.485584],[54.406655,24.485643],[54.406745,24.485659],[54.40683,24.485726],[54.407698,24.485879],[54.407889,24.48568],[54.407828,24.485631],[54.407779,24.485623],[54.407564,24.485445],[54.407268,24.485393],[54.407336,24.485327],[54.407262,24.485263],[54.407099,24.485235],[54.406987,24.485343],[54.406696,24.485292],[54.40651,24.485486],[54.406583,24.485536]]]}},{"type":"Feature","properties":{},"geometry":{"type":"Polygon","coordinates":[[[54.4077,24.485931],[54.407651,24.485895],[54.407488,24.485866],[54.407394,24.485969],[54.407442,24.486005],[54.407605,24.486034],[54.4077,24.485931]]]}},{"type":"Feature","properties":{},"geometry":{"type":"Polygon","coordinates":[[[54.409363,24.48769],[54.409247,24.487364],[54.408433,24.487221],[54.40807,24.487504],[54.40752,24.487867],[54.407822,24.48835],[54.408637,24.488493],[54.409511,24.488057],[54.40936,24.487784],[54.409234,24.487762],[54.409363,24.48769]]]}},{"type":"Feature","properties":{},"geometry":{"type":"Polygon","coordinates":[[[54.409737,24.488213],[54.409742,24.488262],[54.409607,24.488273],[54.409612,24.488321],[54.409324,24.488349],[54.409369,24.488784],[54.410183,24.488928],[54.410529,24.488898],[54.410603,24.488997],[54.410219,24.488929],[54.409661,24.488981],[54.409673,24.489088],[54.410091,24.489162],[54.410122,24.48944],[54.409591,24.489347],[54.409442,24.489361],[54.409512,24.489947],[54.410326,24.49009],[54.410885,24.490035],[54.41087,24.489907],[54.410445,24.489832],[54.410414,24.48957],[54.410674,24.489615],[54.410826,24.489601],[54.4108,24.489369],[54.410858,24.489379],[54.410899,24.48945],[54.411158,24.489499],[54.411141,24.489576],[54.41212,24.489755],[54.412169,24.489569],[54.412803,24.48968],[54.412956,24.4896],[54.412923,24.48955],[54.413136,24.489455],[54.413189,24.489335],[54.413261,24.489348],[54.413305,24.489173],[54.412655,24.488956],[54.412659,24.488899],[54.41288,24.488938],[54.413489,24.488848],[54.413445,24.488556],[54.412631,24.488412],[54.412575,24.488419],[54.412558,24.488398],[54.412671,24.488048],[54.412969,24.488101],[54.413104,24.487954],[54.412745,24.487759],[54.411701,24.487575],[54.411428,24.487562],[54.41143,24.487581],[54.411343,24.487565],[54.411054,24.487639],[54.410767,24.487813],[54.410599,24.487987],[54.410757,24.488098],[54.411114,24.488161],[54.411213,24.48833],[54.411156,24.488495],[54.410874,24.488445],[54.410862,24.48833],[54.410048,24.488187],[54.409737,24.488213]]]}},{"type":"Feature","properties":{},"geometry":{"type":"Polygon","coordinates":[[[54.406858,24.490242],[54.406798,24.490263],[54.406826,24.490344],[54.406989,24.490373],[54.407054,24.490352],[54.407021,24.490271],[54.406858,24.490242]]]}},{"type":"Feature","properties":{},"geometry":{"type":"Polygon","coordinates":[[[54.40987,24.490934],[54.410413,24.49103],[54.410699,24.491033],[54.410706,24.490766],[54.410163,24.49067],[54.410057,24.49067],[54.410055,24.490717],[54.409873,24.490722],[54.40987,24.490934]]]}},{"type":"Feature","properties":{},"geometry":{"type":"Polygon","coordinates":[[[54.408873,24.491154],[54.408796,24.491151],[54.408786,24.491205],[54.408784,24.491266],[54.408845,24.491277],[54.408845,24.491294],[54.409007,24.491323],[54.409219,24.491329],[54.409221,24.491262],[54.409268,24.491263],[54.409272,24.491156],[54.409109,24.491127],[54.408874,24.491121],[54.408873,24.491154]]]}},{"type":"Feature","properties":{},"geometry":{"type":"Polygon","coordinates":[[[54.410549,24.491956],[54.411364,24.492099],[54.41186,24.492132],[54.411931,24.491223],[54.411117,24.49108],[54.410621,24.491047],[54.410603,24.491271],[54.410287,24.491216],[54.409914,24.491203],[54.409901,24.491527],[54.410444,24.491622],[54.410575,24.491627],[54.410549,24.491956]]]}},{"type":"Feature","properties":{},"geometry":{"type":"Polygon","coordinates":[[[54.409251,24.495747],[54.40896,24.495978],[54.409064,24.496097],[54.408983,24.496152],[54.409093,24.496293],[54.410179,24.496484],[54.410343,24.49638],[54.410247,24.496256],[54.410263,24.496242],[54.410552,24.496292],[54.410775,24.496187],[54.410614,24.495998],[54.409251,24.495747]]]}},{"type":"Feature","properties":{},"geometry":{"type":"Polygon","coordinates":[[[54.407889,24.497312],[54.407933,24.497323],[54.408096,24.497352],[54.408151,24.49732],[54.408105,24.497266],[54.408002,24.497236],[54.407839,24.497207],[54.407796,24.497247],[54.407889,24.497312]]]}},{"type":"Feature","properties":{},"geometry":{"type":"Polygon","coordinates":[[[54.408992,24.498391],[54.409383,24.498324],[54.409415,24.497947],[54.409165,24.497863],[54.408324,24.497715],[54.408149,24.497782],[54.408151,24.498243],[54.408992,24.498391]]]}},{"type":"Feature","properties":{},"geometry":{"type":"Polygon","coordinates":[[[54.409796,24.498728],[54.409934,24.498874],[54.410748,24.499018],[54.410993,24.499029],[54.410991,24.498656],[54.41101,24.498769],[54.411825,24.498912],[54.411943,24.498902],[54.412125,24.498673],[54.412019,24.498054],[54.412041,24.498045],[54.41181,24.4975],[54.411496,24.497386],[54.410682,24.497242],[54.410588,24.497279],[54.410658,24.497458],[54.410171,24.497372],[54.409984,24.497417],[54.40981,24.497565],[54.409796,24.498728]]]}},{"type":"Feature","properties":{},"geometry":{"type":"Polygon","coordinates":[[[54.408441,24.499373],[54.408676,24.499435],[54.408535,24.499897],[54.408485,24.50011],[54.408527,24.500238],[54.408618,24.500305],[54.409613,24.500479],[54.409746,24.500476],[54.409871,24.500412],[54.409926,24.500296],[54.409975,24.49974],[54.410012,24.49951],[54.409978,24.499439],[54.4099,24.49938],[54.40935,24.499283],[54.409382,24.499166],[54.409435,24.498769],[54.408923,24.498682],[54.408924,24.498611],[54.408689,24.498571],[54.408673,24.498631],[54.408684,24.498666],[54.408515,24.498654],[54.408527,24.499008],[54.408441,24.499373]]]}},{"type":"Feature","properties":{},"geometry":{"type":"Polygon","coordinates":[[[54.407862,24.500984],[54.407901,24.501016],[54.408063,24.501044],[54.408114,24.500971],[54.408147,24.500887],[54.407922,24.500847],[54.407891,24.500879],[54.40789,24.500925],[54.407862,24.500984]]]}},{"type":"Feature","properties":{},"geometry":{"type":"Polygon","coordinates":[[[54.408114,24.502577],[54.408295,24.5021],[54.408404,24.501889],[54.408752,24.50195],[54.409021,24.501962],[54.409339,24.501953],[54.40943,24.501922],[54.409545,24.501851],[54.409589,24.501721],[54.410333,24.501852],[54.410433,24.501853],[54.410432,24.501791],[54.410568,24.501791],[54.410573,24.501566],[54.410542,24.50156],[54.410544,24.501523],[54.409322,24.501308],[54.409216,24.501305],[54.409215,24.501362],[54.408791,24.501288],[54.407909,24.501328],[54.407865,24.501655],[54.40789,24.501717],[54.407211,24.501597],[54.406882,24.502259],[54.4073,24.502434],[54.408114,24.502577]]]}},{"type":"Feature","properties":{},"geometry":{"type":"Polygon","coordinates":[[[54.407077,24.502897],[54.406953,24.503048],[54.407016,24.503084],[54.407179,24.503113],[54.40731,24.502996],[54.407335,24.502994],[54.407403,24.502885],[54.407182,24.502842],[54.407129,24.502906],[54.407077,24.502897]]]}},{"type":"Feature","properties":{},"geometry":{"type":"Polygon","coordinates":[[[54.40678,24.503316],[54.406717,24.503335],[54.406754,24.503456],[54.406917,24.503485],[54.406997,24.503468],[54.406943,24.503344],[54.40678,24.503316]]]}},{"type":"Feature","properties":{},"geometry":{"type":"Polygon","coordinates":[[[54.410673,24.504204],[54.410705,24.504046],[54.409979,24.503919],[54.410053,24.503863],[54.40972,24.503497],[54.408431,24.50327],[54.408287,24.503379],[54.408619,24.503745],[54.408932,24.5038],[54.408912,24.5039],[54.410673,24.504204]]]}},{"type":"Feature","properties":{},"geometry":{"type":"Polygon","coordinates":[[[54.407134,24.50368],[54.406874,24.50362],[54.406822,24.503777],[54.407074,24.503829],[54.407134,24.50368]]]}},{"type":"Feature","properties":{},"geometry":{"type":"Polygon","coordinates":[[[54.40961,24.504393],[54.409259,24.504094],[54.407359,24.503759],[54.407154,24.50402],[54.407449,24.504358],[54.409349,24.504692],[54.40961,24.504393]]]}},{"type":"Feature","properties":{},"geometry":{"type":"Polygon","coordinates":[[[54.406525,24.504539],[54.406363,24.50451],[54.406269,24.504508],[54.406265,24.504651],[54.406428,24.504679],[54.406523,24.504681],[54.406525,24.504539]]]}},{"type":"Feature","properties":{},"geometry":{"type":"Polygon","coordinates":[[[54.409587,24.506114],[54.409672,24.506021],[54.409717,24.505908],[54.409719,24.505787],[54.40968,24.50568],[54.409606,24.50559],[54.409506,24.505526],[54.409388,24.505493],[54.408573,24.50535],[54.40845,24.505352],[54.408334,24.505389],[54.408236,24.505457],[54.408167,24.50555],[54.408133,24.505658],[54.40814,24.505779],[54.40819,24.50589],[54.408279,24.50598],[54.408396,24.506037],[54.409342,24.506198],[54.409472,24.506175],[54.409587,24.506114]]]}},{"type":"Feature","properties":{},"geometry":{"type":"Polygon","coordinates":[[[54.408028,24.505741],[54.407703,24.505696],[54.407705,24.50579],[54.408033,24.505842],[54.408028,24.505741]]]}},{"type":"Feature","properties":{},"geometry":{"type":"Polygon","coordinates":[[[54.410732,24.506708],[54.410747,24.506615],[54.410678,24.506576],[54.410546,24.50654],[54.410003,24.506444],[54.409828,24.506465],[54.409756,24.506516],[54.409755,24.506565],[54.409792,24.506634],[54.40984,24.506644],[54.409959,24.506707],[54.410588,24.506808],[54.410773,24.506792],[54.410797,24.506728],[54.410732,24.506708]]]}},{"type":"Feature","properties":{},"geometry":{"type":"Polygon","coordinates":[[[54.406919,24.506861],[54.406788,24.506838],[54.406692,24.506926],[54.406724,24.50696],[54.406618,24.507051],[54.406652,24.507088],[54.406546,24.507173],[54.406889,24.507491],[54.407019,24.507514],[54.40712,24.507428],[54.407102,24.50741],[54.407193,24.507333],[54.407231,24.50734],[54.407333,24.507251],[54.406919,24.506861]]]}},{"type":"Feature","properties":{},"geometry":{"type":"Polygon","coordinates":[[[54.406438,24.507341],[54.406558,24.507492],[54.406721,24.507521],[54.406764,24.507492],[54.406644,24.507341],[54.406482,24.507313],[54.406438,24.507341]]]}},{"type":"Feature","properties":{},"geometry":{"type":"Polygon","coordinates":[[[54.41011,24.507998],[54.410185,24.50796],[54.410332,24.507855],[54.410313,24.507789],[54.410232,24.507775],[54.410204,24.507719],[54.409697,24.50763],[54.409692,24.507556],[54.409481,24.507344],[54.408939,24.507249],[54.408744,24.507417],[54.409105,24.507779],[54.409294,24.507812],[54.409282,24.507842],[54.409311,24.507885],[54.409384,24.507924],[54.409927,24.508019],[54.41011,24.507998]]]}},{"type":"Feature","properties":{},"geometry":{"type":"Polygon","coordinates":[[[54.407201,24.507774],[54.407167,24.507749],[54.407004,24.50772],[54.406974,24.507753],[54.407008,24.507779],[54.407171,24.507807],[54.407201,24.507774]]]}},{"type":"Feature","properties":{},"geometry":{"type":"Polygon","coordinates":[[[54.408714,24.507829],[54.408717,24.507891],[54.408683,24.507892],[54.408688,24.507998],[54.40889,24.508025],[54.408889,24.507995],[54.408918,24.507994],[54.408925,24.507856],[54.408714,24.507829]]]}},{"type":"Feature","properties":{},"geometry":{"type":"Polygon","coordinates":[[[54.40932,24.508159],[54.409278,24.508116],[54.409115,24.508087],[54.409026,24.508161],[54.409068,24.508204],[54.409231,24.508233],[54.40932,24.508159]]]}},{"type":"Feature","properties":{},"geometry":{"type":"Polygon","coordinates":[[[54.409334,24.508542],[54.409273,24.508456],[54.409187,24.508441],[54.409158,24.5084],[54.408615,24.508304],[54.408471,24.508389],[54.408518,24.508454],[54.408444,24.508513],[54.408462,24.508538],[54.408426,24.50856],[54.408457,24.508602],[54.409057,24.508711],[54.409117,24.508675],[54.409097,24.508646],[54.409158,24.508646],[54.409334,24.508542]]]}},{"type":"Feature","properties":{},"geometry":{"type":"Polygon","coordinates":[[[54.407615,24.508841],[54.407587,24.508811],[54.407425,24.508783],[54.40736,24.508832],[54.407387,24.508862],[54.40755,24.50889],[54.407615,24.508841]]]}},{"type":"Feature","properties":{},"geometry":{"type":"Polygon","coordinates":[[[54.407545,24.50894],[54.407493,24.508984],[54.407649,24.509137],[54.407812,24.509166],[54.407864,24.509122],[54.407708,24.508969],[54.407545,24.50894]]]}},{"type":"Feature","properties":{},"geometry":{"type":"Polygon","coordinates":[[[54.41019,24.509994],[54.410005,24.509826],[54.409462,24.50973],[54.409119,24.510043],[54.409304,24.510211],[54.409847,24.510306],[54.41019,24.509994]]]}},{"type":"Feature","properties":{},"geometry":{"type":"Polygon","coordinates":[[[54.409424,24.510739],[54.409388,24.51076],[54.409457,24.510862],[54.41,24.510958],[54.410232,24.510827],[54.41007,24.510927],[54.410108,24.510979],[54.410058,24.510998],[54.410069,24.511015],[54.410001,24.511003],[54.409931,24.511036],[54.409973,24.511109],[54.410136,24.511137],[54.410205,24.511104],[54.410183,24.511065],[54.410255,24.511078],[54.410308,24.511057],[54.410506,24.510935],[54.41043,24.510834],[54.410267,24.510805],[54.410233,24.510827],[54.410205,24.510785],[54.410239,24.510791],[54.41027,24.510774],[54.410248,24.510742],[54.410303,24.51071],[54.410208,24.510574],[54.410045,24.510545],[54.409964,24.510602],[54.409553,24.51053],[54.409357,24.510641],[54.409424,24.510739]]]}},{"type":"Feature","properties":{},"geometry":{"type":"Polygon","coordinates":[[[54.4078,24.511885],[54.407748,24.511895],[54.407759,24.511944],[54.407922,24.511973],[54.407975,24.511962],[54.407963,24.511913],[54.4078,24.511885]]]}},{"type":"Feature","properties":{},"geometry":{"type":"Polygon","coordinates":[[[54.412378,24.481741],[54.411835,24.481646],[54.411659,24.481921],[54.41202,24.482112],[54.412563,24.482207],[54.412739,24.481932],[54.412378,24.481741]]]}},{"type":"Feature","properties":{},"geometry":{"type":"Polygon","coordinates":[[[54.41143,24.482077],[54.411398,24.482052],[54.411236,24.482023],[54.411157,24.482103],[54.411188,24.482129],[54.411351,24.482158],[54.41143,24.482077]]]}},{"type":"Feature","properties":{},"geometry":{"type":"Polygon","coordinates":[[[54.411468,24.48562],[54.411454,24.485589],[54.411291,24.48556],[54.411187,24.485601],[54.411202,24.485632],[54.411243,24.485639],[54.411212,24.48565],[54.411251,24.485747],[54.411414,24.485776],[54.411471,24.485757],[54.411432,24.48566],[54.411388,24.485652],[54.411468,24.48562]]]}},{"type":"Feature","properties":{},"geometry":{"type":"Polygon","coordinates":[[[54.413086,24.48768],[54.413256,24.48771],[54.413524,24.4877],[54.413521,24.487621],[54.413488,24.487616],[54.413484,24.487529],[54.413516,24.487528],[54.413513,24.487454],[54.413399,24.487434],[54.413388,24.487195],[54.412846,24.4871],[54.41274,24.487104],[54.412741,24.487131],[54.412564,24.487138],[54.412641,24.487356],[54.412711,24.487369],[54.412713,24.487614],[54.412825,24.487634],[54.412851,24.487723],[54.413014,24.487751],[54.4131,24.487731],[54.413086,24.48768]]]}},{"type":"Feature","properties":{},"geometry":{"type":"Polygon","coordinates":[[[54.415509,24.487653],[54.41545,24.487656],[54.415453,24.4877],[54.415615,24.487729],[54.415674,24.487726],[54.415671,24.487682],[54.415509,24.487653]]]}},{"type":"Feature","properties":{},"geometry":{"type":"Polygon","coordinates":[[[54.41458,24.487676],[54.41458,24.48772],[54.414644,24.487731],[54.414644,24.488118],[54.415187,24.488213],[54.41537,24.488213],[54.41537,24.487962],[54.415619,24.487955],[54.415751,24.487968],[54.415745,24.487771],[54.415835,24.487787],[54.415843,24.487916],[54.415924,24.48793],[54.415845,24.487932],[54.415847,24.487988],[54.41601,24.488017],[54.416173,24.488012],[54.416187,24.488262],[54.416073,24.488248],[54.416071,24.488329],[54.415983,24.488324],[54.415987,24.48836],[54.41607,24.488375],[54.416069,24.48846],[54.416232,24.488489],[54.416527,24.488493],[54.416527,24.488456],[54.416694,24.488479],[54.416696,24.488436],[54.416274,24.488375],[54.416276,24.488293],[54.416314,24.4883],[54.416316,24.488336],[54.416479,24.488365],[54.416526,24.488363],[54.416523,24.488315],[54.41665,24.48833],[54.416652,24.488295],[54.416749,24.488305],[54.416748,24.488248],[54.416712,24.488242],[54.41675,24.488241],[54.416746,24.488148],[54.416664,24.488133],[54.416665,24.488042],[54.416594,24.48803],[54.416595,24.488018],[54.416666,24.48802],[54.416665,24.487971],[54.416502,24.487943],[54.41628,24.487946],[54.416279,24.487996],[54.416245,24.487992],[54.416244,24.487954],[54.416145,24.487937],[54.416262,24.487931],[54.416254,24.487801],[54.415941,24.48774],[54.415692,24.487718],[54.41569,24.487756],[54.415582,24.487737],[54.415467,24.487744],[54.415076,24.487676],[54.41458,24.487676]],[[54.416543,24.488234],[54.416543,24.488246],[54.416501,24.488229],[54.416543,24.488234]],[[54.41592,24.487781],[54.415885,24.487783],[54.415886,24.487775],[54.41592,24.487781]]]}},{"type":"Feature","properties":{},"geometry":{"type":"Polygon","coordinates":[[[54.413424,24.487862],[54.413356,24.487864],[54.413359,24.487926],[54.413522,24.487954],[54.41359,24.487952],[54.413587,24.48789],[54.413424,24.487862]]]}},{"type":"Feature","properties":{},"geometry":{"type":"Polygon","coordinates":[[[54.415155,24.488286],[54.415156,24.488369],[54.415319,24.488397],[54.415436,24.488396],[54.415435,24.488327],[54.415439,24.488358],[54.415602,24.488387],[54.415696,24.488385],[54.415695,24.488336],[54.415567,24.488314],[54.415566,24.488298],[54.415714,24.488311],[54.41571,24.4882],[54.415547,24.488171],[54.415485,24.488173],[54.415488,24.488279],[54.415403,24.488263],[54.415309,24.488267],[54.41531,24.488291],[54.415155,24.488286]]]}},{"type":"Feature","properties":{},"geometry":{"type":"Polygon","coordinates":[[[54.414972,24.488235],[54.414809,24.488206],[54.414676,24.488202],[54.414673,24.488298],[54.414836,24.488326],[54.414968,24.48833],[54.414972,24.488235]]]}},{"type":"Feature","properties":{},"geometry":{"type":"Polygon","coordinates":[[[54.414813,24.488327],[54.414689,24.48833],[54.414693,24.488449],[54.414856,24.488478],[54.414979,24.488475],[54.414976,24.488355],[54.414813,24.488327]]]}},{"type":"Feature","properties":{},"geometry":{"type":"Polygon","coordinates":[[[54.415432,24.488438],[54.41525,24.488409],[54.415249,24.488455],[54.415431,24.488484],[54.415432,24.488438]]]}},{"type":"Feature","properties":{},"geometry":{"type":"Polygon","coordinates":[[[54.4153,24.488615],[54.415302,24.488664],[54.415465,24.488693],[54.415545,24.48869],[54.415543,24.488642],[54.41538,24.488613],[54.4153,24.488615]]]}},{"type":"Feature","properties":{},"geometry":{"type":"Polygon","coordinates":[[[54.41606,24.488853],[54.416064,24.488961],[54.416257,24.488988],[54.416252,24.488881],[54.41606,24.488853]]]}},{"type":"Feature","properties":{},"geometry":{"type":"Polygon","coordinates":[[[54.415836,24.488813],[54.415843,24.489013],[54.416065,24.48904],[54.416058,24.48884],[54.415836,24.488813]]]}},{"type":"Feature","properties":{},"geometry":{"type":"Polygon","coordinates":[[[54.415457,24.488823],[54.415461,24.489023],[54.415683,24.489051],[54.415679,24.488851],[54.415457,24.488823]]]}},{"type":"Feature","properties":{},"geometry":{"type":"Polygon","coordinates":[[[54.415722,24.489146],[54.415876,24.489139],[54.415873,24.489095],[54.41571,24.489066],[54.415556,24.489076],[54.415559,24.489118],[54.415722,24.489146]]]}},{"type":"Feature","properties":{},"geometry":{"type":"Polygon","coordinates":[[[54.415835,24.489171],[54.415621,24.489141],[54.415619,24.489221],[54.415833,24.489251],[54.415835,24.489171]]]}},{"type":"Feature","properties":{},"geometry":{"type":"Polygon","coordinates":[[[54.414873,24.489428],[54.414878,24.489581],[54.415421,24.489677],[54.416292,24.489655],[54.41629,24.489586],[54.416269,24.489582],[54.416267,24.489502],[54.415724,24.489406],[54.414873,24.489428]]]}},{"type":"Feature","properties":{},"geometry":{"type":"Polygon","coordinates":[[[54.410721,24.489707],[54.410672,24.489711],[54.410676,24.489753],[54.410839,24.489782],[54.410888,24.489778],[54.410884,24.489736],[54.410721,24.489707]]]}},{"type":"Feature","properties":{},"geometry":{"type":"Polygon","coordinates":[[[54.412335,24.489916],[54.412265,24.48992],[54.41227,24.489983],[54.412432,24.490011],[54.412502,24.490007],[54.412498,24.489945],[54.412335,24.489916]]]}},{"type":"Feature","properties":{},"geometry":{"type":"Polygon","coordinates":[[[54.410985,24.490633],[54.410889,24.490632],[54.410888,24.490685],[54.411051,24.490713],[54.411147,24.490714],[54.411148,24.490662],[54.410985,24.490633]]]}},{"type":"Feature","properties":{},"geometry":{"type":"Polygon","coordinates":[[[54.412916,24.491132],[54.413395,24.491138],[54.413397,24.490975],[54.413114,24.490925],[54.413116,24.49081],[54.413411,24.490814],[54.413413,24.490645],[54.412599,24.490502],[54.412109,24.490496],[54.412102,24.490989],[54.412916,24.491132]]]}},{"type":"Feature","properties":{},"geometry":{"type":"Polygon","coordinates":[[[54.411148,24.490951],[54.411223,24.490949],[54.411221,24.490892],[54.411198,24.490888],[54.411224,24.490888],[54.411224,24.490795],[54.410992,24.490766],[54.410992,24.490859],[54.411019,24.490864],[54.410984,24.490865],[54.410985,24.490922],[54.411148,24.490951]]]}},{"type":"Feature","properties":{},"geometry":{"type":"Polygon","coordinates":[[[54.412875,24.491187],[54.412667,24.491157],[54.412665,24.491196],[54.412874,24.491226],[54.412875,24.491187]]]}},{"type":"Feature","properties":{},"geometry":{"type":"Polygon","coordinates":[[[54.412023,24.491671],[54.411945,24.491668],[54.411944,24.491698],[54.412107,24.491726],[54.412185,24.491729],[54.412186,24.491699],[54.412023,24.491671]]]}},{"type":"Feature","properties":{},"geometry":{"type":"Polygon","coordinates":[[[54.411709,24.492296],[54.411546,24.492267],[54.411418,24.492264],[54.411416,24.492351],[54.411578,24.49238],[54.411706,24.492383],[54.411709,24.492296]]]}},{"type":"Feature","properties":{},"geometry":{"type":"Polygon","coordinates":[[[54.411992,24.492432],[54.41181,24.49243],[54.411809,24.492528],[54.411972,24.492557],[54.412154,24.492558],[54.412155,24.492461],[54.411992,24.492432]]]}},{"type":"Feature","properties":{},"geometry":{"type":"Polygon","coordinates":[[[54.415103,24.496914],[54.41501,24.49686],[54.414847,24.496831],[54.414737,24.496989],[54.414829,24.497043],[54.414992,24.497071],[54.415103,24.496914]]]}},{"type":"Feature","properties":{},"geometry":{"type":"Polygon","coordinates":[[[54.412606,24.502901],[54.412691,24.503047],[54.413098,24.503119],[54.41317,24.503099],[54.41329,24.502809],[54.413379,24.502328],[54.412899,24.502033],[54.412741,24.501881],[54.412655,24.501769],[54.412574,24.501625],[54.412526,24.501486],[54.412119,24.501414],[54.411575,24.501401],[54.41161,24.501601],[54.411657,24.501735],[54.41173,24.501918],[54.411815,24.502075],[54.411967,24.502283],[54.412222,24.502584],[54.412467,24.502749],[54.412606,24.502901]]]}},{"type":"Feature","properties":{},"geometry":{"type":"Polygon","coordinates":[[[54.415526,24.502419],[54.415338,24.502388],[54.415334,24.502448],[54.415522,24.502478],[54.415526,24.502419]]]}},{"type":"Feature","properties":{},"geometry":{"type":"Polygon","coordinates":[[[54.411855,24.502805],[54.411957,24.502748],[54.411796,24.502509],[54.4117,24.502492],[54.411742,24.502449],[54.411529,24.502276],[54.411366,24.502247],[54.411294,24.50232],[54.411507,24.502493],[54.411585,24.502507],[54.411531,24.502537],[54.411692,24.502776],[54.411855,24.502805]]]}},{"type":"Feature","properties":{},"geometry":{"type":"Polygon","coordinates":[[[54.411356,24.502864],[54.411354,24.502702],[54.411224,24.502679],[54.411155,24.502628],[54.411149,24.502248],[54.410335,24.502105],[54.410133,24.502101],[54.410099,24.502695],[54.410913,24.502838],[54.411356,24.502864]]]}},{"type":"Feature","properties":{},"geometry":{"type":"Polygon","coordinates":[[[54.415305,24.502575],[54.415227,24.502578],[54.415229,24.502612],[54.415247,24.502615],[54.415232,24.502615],[54.415232,24.502653],[54.415466,24.502682],[54.415466,24.502644],[54.415434,24.502638],[54.415469,24.502637],[54.415468,24.502603],[54.415305,24.502575]]]}},{"type":"Feature","properties":{},"geometry":{"type":"Polygon","coordinates":[[[54.411512,24.502535],[54.4113,24.502506],[54.411297,24.502629],[54.411509,24.502659],[54.411512,24.502535]]]}},{"type":"Feature","properties":{},"geometry":{"type":"Polygon","coordinates":[[[54.415497,24.502843],[54.415446,24.502834],[54.415465,24.502832],[54.41546,24.502789],[54.415524,24.5028],[54.415522,24.502828],[54.415685,24.502856],[54.415811,24.502861],[54.415815,24.502783],[54.415652,24.502755],[54.415526,24.50275],[54.415525,24.502769],[54.415402,24.502751],[54.4154,24.502768],[54.415295,24.502749],[54.415233,24.502756],[54.41524,24.50281],[54.415295,24.502819],[54.415276,24.502822],[54.415284,24.502872],[54.415447,24.502901],[54.415505,24.502893],[54.415497,24.502843]]]}},{"type":"Feature","properties":{},"geometry":{"type":"Polygon","coordinates":[[[54.411494,24.502731],[54.41141,24.502767],[54.411486,24.502918],[54.411649,24.502947],[54.411733,24.502911],[54.411657,24.50276],[54.411494,24.502731]]]}},{"type":"Feature","properties":{},"geometry":{"type":"Polygon","coordinates":[[[54.415728,24.503421],[54.415472,24.50339],[54.415469,24.503445],[54.415726,24.503477],[54.415728,24.503421]]]}},{"type":"Feature","properties":{},"geometry":{"type":"Polygon","coordinates":[[[54.415647,24.50353],[54.41565,24.503613],[54.415855,24.50364],[54.415852,24.503558],[54.415647,24.50353]]]}},{"type":"Feature","properties":{},"geometry":{"type":"Polygon","coordinates":[[[54.413868,24.504136],[54.41309,24.503999],[54.412932,24.504156],[54.413109,24.504309],[54.414331,24.504524],[54.414508,24.504375],[54.414325,24.504224],[54.414844,24.504316],[54.414903,24.504266],[54.41533,24.504341],[54.415424,24.504263],[54.415811,24.504331],[54.415988,24.504182],[54.415792,24.50402],[54.415236,24.503923],[54.415154,24.504003],[54.414443,24.503878],[54.414391,24.503929],[54.413862,24.503836],[54.413703,24.503993],[54.413868,24.504136]]]}},{"type":"Feature","properties":{},"geometry":{"type":"Polygon","coordinates":[[[54.415441,24.504421],[54.415278,24.504393],[54.415238,24.504433],[54.414945,24.504382],[54.414786,24.504539],[54.414964,24.504692],[54.415629,24.504809],[54.415806,24.50466],[54.41561,24.504498],[54.415485,24.504476],[54.415441,24.504421]]]}},{"type":"Feature","properties":{},"geometry":{"type":"Polygon","coordinates":[[[54.415332,24.505067],[54.415428,24.504987],[54.415232,24.504826],[54.414762,24.504743],[54.414671,24.504668],[54.413803,24.504516],[54.413644,24.504673],[54.413821,24.504826],[54.414405,24.504928],[54.41449,24.505002],[54.415313,24.505155],[54.415377,24.50511],[54.415332,24.505067]]]}},{"type":"Feature","properties":{},"geometry":{"type":"Polygon","coordinates":[[[54.415621,24.504901],[54.415574,24.504937],[54.415631,24.504998],[54.415794,24.505027],[54.415841,24.50499],[54.415784,24.50493],[54.415621,24.504901]]]}},{"type":"Feature","properties":{},"geometry":{"type":"Polygon","coordinates":[[[54.411043,24.506943],[54.410977,24.506911],[54.410435,24.506816],[54.410408,24.506861],[54.410304,24.506842],[54.41025,24.506898],[54.410189,24.507011],[54.410183,24.507171],[54.410226,24.507244],[54.410823,24.507348],[54.410904,24.507326],[54.410922,24.507285],[54.41101,24.507189],[54.411043,24.506943]]]}},{"type":"Feature","properties":{},"geometry":{"type":"Polygon","coordinates":[[[54.41065,24.508568],[54.410646,24.508668],[54.410809,24.508696],[54.411097,24.508706],[54.4111,24.508608],[54.410938,24.508579],[54.41065,24.508568]]]}},{"type":"Feature","properties":{},"geometry":{"type":"Polygon","coordinates":[[[54.410764,24.50924],[54.411307,24.509336],[54.411395,24.509338],[54.411393,24.509424],[54.411282,24.509404],[54.410561,24.509421],[54.410564,24.509515],[54.410727,24.509544],[54.411448,24.509523],[54.411446,24.50946],[54.411673,24.509482],[54.411678,24.509265],[54.41148,24.509235],[54.411482,24.509147],[54.411694,24.509167],[54.411703,24.508958],[54.41154,24.508929],[54.411417,24.508925],[54.411415,24.508971],[54.410944,24.508889],[54.410774,24.508884],[54.410764,24.50924]]]}},{"type":"Feature","properties":{},"geometry":{"type":"Polygon","coordinates":[[[54.410535,24.509036],[54.410537,24.509132],[54.410762,24.50916],[54.41076,24.509063],[54.410535,24.509036]]]}},{"type":"Feature","properties":{},"geometry":{"type":"Polygon","coordinates":[[[54.411192,24.509612],[54.411093,24.509652],[54.41117,24.509809],[54.411333,24.509838],[54.411432,24.509798],[54.411355,24.509641],[54.411192,24.509612]]]}},{"type":"Feature","properties":{},"geometry":{"type":"Polygon","coordinates":[[[54.410637,24.510739],[54.410584,24.510715],[54.410421,24.510687],[54.410395,24.510735],[54.410448,24.510758],[54.410611,24.510787],[54.410637,24.510739]]]}},{"type":"Feature","properties":{},"geometry":{"type":"Polygon","coordinates":[[[54.41871,24.480014],[54.418704,24.480049],[54.41878,24.480063],[54.418779,24.480102],[54.41898,24.480132],[54.418981,24.480071],[54.41871,24.480014]]]}},{"type":"Feature","properties":{},"geometry":{"type":"Polygon","coordinates":[[[54.42066,24.480236],[54.420406,24.480204],[54.420399,24.480335],[54.420658,24.480379],[54.420901,24.480388],[54.420903,24.480342],[54.420657,24.480295],[54.42066,24.480236]]]}},{"type":"Feature","properties":{},"geometry":{"type":"Polygon","coordinates":[[[54.419993,24.480828],[54.419767,24.480794],[54.41976,24.480848],[54.419987,24.480883],[54.419993,24.480828]]]}},{"type":"Feature","properties":{},"geometry":{"type":"Polygon","coordinates":[[[54.419717,24.481815],[54.41992,24.481851],[54.419688,24.481827],[54.419671,24.481962],[54.420155,24.482024],[54.420171,24.481895],[54.420534,24.481943],[54.420514,24.482065],[54.420987,24.482135],[54.421007,24.482012],[54.420597,24.48195],[54.4206,24.481927],[54.420707,24.481946],[54.421032,24.481962],[54.42104,24.48183],[54.420877,24.481801],[54.42062,24.481788],[54.420078,24.481692],[54.41974,24.481652],[54.419738,24.481668],[54.419258,24.481602],[54.419256,24.481618],[54.418897,24.481569],[54.418735,24.481532],[54.418416,24.481496],[54.418397,24.48163],[54.418801,24.481686],[54.418797,24.481714],[54.41896,24.481742],[54.4193,24.481784],[54.419305,24.481751],[54.419718,24.481805],[54.419717,24.481815]]]}},{"type":"Feature","properties":{},"geometry":{"type":"Polygon","coordinates":[[[54.418855,24.481855],[54.418868,24.481775],[54.418674,24.481733],[54.418672,24.481686],[54.418509,24.481657],[54.418381,24.481662],[54.418387,24.481802],[54.41855,24.481831],[54.418679,24.481826],[54.418855,24.481855]]]}},{"type":"Feature","properties":{},"geometry":{"type":"Polygon","coordinates":[[[54.418575,24.48192],[54.418573,24.481898],[54.418366,24.481872],[54.418368,24.481894],[54.418575,24.48192]]]}},{"type":"Feature","properties":{},"geometry":{"type":"Polygon","coordinates":[[[54.419131,24.481919],[54.419113,24.482047],[54.418832,24.482012],[54.418837,24.481991],[54.418638,24.481956],[54.418622,24.482026],[54.418709,24.482042],[54.4187,24.482104],[54.418331,24.482055],[54.418312,24.482182],[54.418798,24.482252],[54.4188,24.482233],[54.41921,24.482305],[54.419204,24.482364],[54.419002,24.482328],[54.418297,24.482256],[54.418279,24.482388],[54.418654,24.482441],[54.418651,24.482461],[54.418271,24.482418],[54.418254,24.482552],[54.418743,24.482614],[54.418751,24.482546],[54.419127,24.482596],[54.419131,24.482568],[54.419517,24.482608],[54.419816,24.482661],[54.420026,24.482682],[54.420023,24.482709],[54.420186,24.482738],[54.420407,24.48276],[54.420398,24.482826],[54.420871,24.48289],[54.420888,24.482769],[54.420521,24.482717],[54.420522,24.482703],[54.42036,24.482675],[54.420157,24.482654],[54.420159,24.482638],[54.420895,24.482727],[54.420916,24.482582],[54.420754,24.482553],[54.420165,24.482497],[54.419615,24.482402],[54.41962,24.482353],[54.419855,24.482394],[54.420926,24.482526],[54.420945,24.482404],[54.420207,24.482293],[54.420209,24.482272],[54.420954,24.482361],[54.420967,24.48224],[54.420494,24.482183],[54.420487,24.482244],[54.420107,24.48219],[54.420105,24.482202],[54.4198,24.482149],[54.4198,24.482139],[54.420207,24.482195],[54.420227,24.482069],[54.420444,24.482109],[54.420468,24.48202],[54.420378,24.481999],[54.420215,24.481971],[54.420191,24.482058],[54.419744,24.481995],[54.419617,24.481992],[54.419455,24.481957],[54.419131,24.481919]],[[54.419334,24.482109],[54.419204,24.482086],[54.419206,24.482066],[54.419494,24.482104],[54.419336,24.482094],[54.419334,24.482109]]]}},{"type":"Feature","properties":{},"geometry":{"type":"Polygon","coordinates":[[[54.419514,24.482659],[54.419029,24.48259],[54.419015,24.482677],[54.418794,24.482632],[54.418766,24.482718],[54.419026,24.482773],[54.419041,24.482728],[54.419494,24.482791],[54.419514,24.482659]]]}},{"type":"Feature","properties":{},"geometry":{"type":"Polygon","coordinates":[[[54.420123,24.482738],[54.419639,24.48267],[54.419619,24.482801],[54.420103,24.48287],[54.420123,24.482738]]]}},{"type":"Feature","properties":{},"geometry":{"type":"Polygon","coordinates":[[[54.41869,24.482911],[54.4187,24.482913],[54.418694,24.482966],[54.418857,24.482995],[54.419189,24.483025],[54.4192,24.482923],[54.419544,24.482961],[54.419541,24.482989],[54.41951,24.482986],[54.419497,24.483106],[54.41966,24.483134],[54.419984,24.483163],[54.419986,24.483146],[54.420348,24.483187],[54.420344,24.483223],[54.420507,24.483251],[54.420826,24.483278],[54.420839,24.483149],[54.420676,24.483121],[54.420424,24.4831],[54.420428,24.483072],[54.420835,24.483127],[54.420852,24.483007],[54.420381,24.482941],[54.42037,24.483021],[54.420011,24.482958],[54.420021,24.482886],[54.419082,24.482766],[54.41907,24.482858],[54.41885,24.482836],[54.418851,24.482817],[54.418713,24.482793],[54.418722,24.482713],[54.418559,24.482684],[54.418233,24.482656],[54.418219,24.482792],[54.418597,24.482839],[54.418596,24.482857],[54.418203,24.482832],[54.418198,24.482954],[54.418361,24.482982],[54.418686,24.482995],[54.41869,24.482911]]]}},{"type":"Feature","properties":{},"geometry":{"type":"Polygon","coordinates":[[[54.420388,24.482858],[54.420137,24.482801],[54.420102,24.482892],[54.420354,24.482948],[54.420388,24.482858]]]}},{"type":"Feature","properties":{},"geometry":{"type":"Polygon","coordinates":[[[54.417161,24.487695],[54.417075,24.487695],[54.417076,24.487741],[54.417239,24.487769],[54.417325,24.487769],[54.417324,24.487723],[54.417161,24.487695]]]}},{"type":"Feature","properties":{},"geometry":{"type":"Polygon","coordinates":[[[54.416725,24.488369],[54.416532,24.488339],[54.416531,24.488378],[54.416723,24.488408],[54.416725,24.488369]]]}},{"type":"Feature","properties":{},"geometry":{"type":"Polygon","coordinates":[[[54.419695,24.489319],[54.419694,24.489265],[54.419532,24.489236],[54.419167,24.489239],[54.419168,24.489278],[54.419331,24.489307],[54.419433,24.489303],[54.419433,24.489294],[54.419592,24.48932],[54.419695,24.489319]]]}},{"type":"Feature","properties":{},"geometry":{"type":"Polygon","coordinates":[[[54.418914,24.489272],[54.418825,24.489276],[54.418831,24.4894],[54.418994,24.489429],[54.419083,24.489425],[54.419077,24.489301],[54.418914,24.489272]]]}},{"type":"Feature","properties":{},"geometry":{"type":"Polygon","coordinates":[[[54.419661,24.489381],[54.419498,24.489352],[54.419394,24.48935],[54.419391,24.489452],[54.419554,24.489481],[54.419658,24.489483],[54.419661,24.489381]]]}},{"type":"Feature","properties":{},"geometry":{"type":"Polygon","coordinates":[[[54.41902,24.489508],[54.418994,24.489511],[54.419003,24.489583],[54.419166,24.489612],[54.419193,24.489609],[54.419183,24.489537],[54.41902,24.489508]]]}},{"type":"Feature","properties":{},"geometry":{"type":"Polygon","coordinates":[[[54.419521,24.489745],[54.4194,24.489747],[54.419401,24.489793],[54.419564,24.489821],[54.419685,24.489819],[54.419684,24.489774],[54.419521,24.489745]]]}},{"type":"Feature","properties":{},"geometry":{"type":"Polygon","coordinates":[[[54.419218,24.490155],[54.419223,24.490259],[54.419076,24.490248],[54.419077,24.490282],[54.41924,24.490311],[54.419315,24.490309],[54.419315,24.490292],[54.419438,24.490303],[54.419436,24.490273],[54.419579,24.490298],[54.419662,24.490293],[54.419659,24.490172],[54.419448,24.490145],[54.41945,24.490225],[54.419434,24.490225],[54.419432,24.490181],[54.419218,24.490155]]]}},{"type":"Feature","properties":{},"geometry":{"type":"Polygon","coordinates":[[[54.416711,24.501994],[54.417254,24.502089],[54.41747,24.501885],[54.41724,24.501685],[54.416697,24.50159],[54.41662,24.501662],[54.416677,24.501723],[54.416638,24.501806],[54.416516,24.501854],[54.416563,24.501887],[54.416409,24.5019],[54.416411,24.501946],[54.416574,24.501975],[54.41667,24.501971],[54.416711,24.501994]]]}},{"type":"Feature","properties":{},"geometry":{"type":"Polygon","coordinates":[[[54.417619,24.50236],[54.41759,24.502323],[54.417427,24.502294],[54.417385,24.502322],[54.417414,24.502359],[54.417577,24.502387],[54.417619,24.50236]]]}},{"type":"Feature","properties":{},"geometry":{"type":"Polygon","coordinates":[[[54.418011,24.50235],[54.418055,24.502443],[54.418218,24.502471],[54.41842,24.502393],[54.418376,24.5023],[54.418213,24.502271],[54.418011,24.50235]]]}},{"type":"Feature","properties":{},"geometry":{"type":"Polygon","coordinates":[[[54.417885,24.502453],[54.417722,24.502424],[54.417698,24.50245],[54.417745,24.502486],[54.417908,24.502514],[54.417932,24.502489],[54.417885,24.502453]]]}},{"type":"Feature","properties":{},"geometry":{"type":"Polygon","coordinates":[[[54.417504,24.502442],[54.417341,24.502413],[54.417258,24.502413],[54.417258,24.502528],[54.4175,24.502562],[54.417504,24.502442]]]}},{"type":"Feature","properties":{},"geometry":{"type":"Polygon","coordinates":[[[54.416996,24.502652],[54.416995,24.502628],[54.416832,24.502599],[54.416729,24.502601],[54.41673,24.502625],[54.416893,24.502654],[54.416996,24.502652]]]}},{"type":"Feature","properties":{},"geometry":{"type":"Polygon","coordinates":[[[54.417239,24.502682],[54.416957,24.50269],[54.416782,24.502674],[54.416779,24.502734],[54.41706,24.502794],[54.417302,24.502785],[54.417302,24.502767],[54.417408,24.502771],[54.417402,24.50271],[54.417239,24.502682]]]}},{"type":"Feature","properties":{},"geometry":{"type":"Polygon","coordinates":[[[54.417374,24.50306],[54.417104,24.503027],[54.417102,24.50307],[54.417372,24.503102],[54.417374,24.50306]]]}},{"type":"Feature","properties":{},"geometry":{"type":"Polygon","coordinates":[[[54.417302,24.503108],[54.417298,24.503198],[54.417461,24.503227],[54.417605,24.503229],[54.417604,24.503168],[54.417526,24.503154],[54.417526,24.503139],[54.417302,24.503108]]]}},{"type":"Feature","properties":{},"geometry":{"type":"Polygon","coordinates":[[[54.417501,24.50354],[54.417494,24.503757],[54.41769,24.503787],[54.417698,24.50357],[54.417501,24.50354]]]}}]}