{"type":"FeatureCollection","features":[{"type":"Feature","properties":{},"geometry":{"type":"Polygon","coordinates":[[[55.132637,25.068297],[55.133037,25.06827],[55.132974,25.068393],[55.133162,25.068473],[55.133421,25.068456],[55.133417,25.068498],[55.133439,25.06854],[55.13351,25.068604],[55.133997,25.068576],[55.133753,25.068786],[55.133907,25.068931],[55.13505,25.068855],[55.135319,25.068623],[55.135165,25.068478],[55.134095,25.068549],[55.134256,25.068385],[55.134199,25.068302],[55.134158,25.068269],[55.134271,25.068051],[55.134082,25.067971],[55.133696,25.067997],[55.133724,25.067912],[55.133533,25.067859],[55.13327,25.067877],[55.133309,25.067722],[55.133109,25.067681],[55.132002,25.067755],[55.131909,25.068126],[55.132108,25.068167],[55.13248,25.068143],[55.132446,25.068244],[55.132637,25.068297]]]}},{"type":"Feature","properties":{},"geometry":{"type":"Polygon","coordinates":[[[55.128715,25.06865],[55.128524,25.068663],[55.128259,25.068724],[55.128355,25.069068],[55.12829,25.069072],[55.128212,25.068827],[55.128104,25.068834],[55.127727,25.069151],[55.12789,25.069655],[55.127998,25.069648],[55.128439,25.069531],[55.128432,25.06951],[55.128502,25.069506],[55.128722,25.069451],[55.128638,25.069172],[55.129501,25.069115],[55.129534,25.06921],[55.129678,25.069201],[55.129828,25.069128],[55.130317,25.068657],[55.130504,25.068535],[55.130462,25.068433],[55.130681,25.068377],[55.130649,25.068282],[55.13116,25.068186],[55.131195,25.068148],[55.1312,25.068087],[55.131176,25.068039],[55.131051,25.067996],[55.130653,25.067947],[55.130395,25.067964],[55.130384,25.068002],[55.129777,25.068042],[55.12958,25.068096],[55.129598,25.068149],[55.129315,25.068168],[55.129118,25.068222],[55.12916,25.068347],[55.128843,25.068368],[55.128639,25.068424],[55.128715,25.06865]],[[55.129853,25.068568],[55.130149,25.068549],[55.129842,25.068788],[55.129814,25.068689],[55.129887,25.068669],[55.129853,25.068568]]]}},{"type":"Feature","properties":{},"geometry":{"type":"Polygon","coordinates":[[[55.128111,25.068194],[55.128159,25.068154],[55.12809,25.068086],[55.127982,25.068093],[55.127934,25.068133],[55.128003,25.068202],[55.128111,25.068194]]]}},{"type":"Feature","properties":{},"geometry":{"type":"Polygon","coordinates":[[[55.13045,25.068756],[55.130285,25.068857],[55.130426,25.069047],[55.130932,25.069006],[55.131057,25.06893],[55.130996,25.068848],[55.13104,25.068856],[55.131294,25.068839],[55.131516,25.06886],[55.131639,25.068897],[55.131709,25.068935],[55.131833,25.068927],[55.131828,25.068952],[55.131865,25.068959],[55.131853,25.069012],[55.131899,25.069021],[55.131889,25.069068],[55.132097,25.069107],[55.132205,25.0691],[55.13221,25.069075],[55.132279,25.06907],[55.132287,25.069034],[55.132338,25.069031],[55.132364,25.068917],[55.132312,25.068907],[55.132315,25.068895],[55.132368,25.068892],[55.13255,25.068926],[55.132658,25.068919],[55.132675,25.068825],[55.132589,25.068817],[55.132665,25.068812],[55.132701,25.068746],[55.132491,25.068664],[55.132496,25.068371],[55.132397,25.068341],[55.132071,25.068343],[55.131171,25.068412],[55.131192,25.068486],[55.13094,25.068521],[55.13088,25.068584],[55.130858,25.068662],[55.130807,25.068594],[55.130512,25.068613],[55.130396,25.068684],[55.13045,25.068756]]]}},{"type":"Feature","properties":{},"geometry":{"type":"Polygon","coordinates":[[[55.130194,25.06958],[55.130101,25.069289],[55.130089,25.069289],[55.130151,25.069236],[55.130055,25.069136],[55.129947,25.069143],[55.129914,25.069171],[55.129927,25.069188],[55.129893,25.069215],[55.129913,25.069238],[55.129805,25.069308],[55.129565,25.069371],[55.129674,25.06971],[55.129969,25.06969],[55.130051,25.069669],[55.130194,25.06958]]]}},{"type":"Feature","properties":{},"geometry":{"type":"Polygon","coordinates":[[[55.129053,25.069379],[55.129016,25.06923],[55.128852,25.069249],[55.128889,25.069398],[55.129053,25.069379]]]}},{"type":"Feature","properties":{},"geometry":{"type":"Polygon","coordinates":[[[55.129354,25.069929],[55.129592,25.069866],[55.129481,25.069525],[55.129186,25.069545],[55.128948,25.069608],[55.129059,25.069949],[55.129354,25.069929]]]}},{"type":"Feature","properties":{},"geometry":{"type":"Polygon","coordinates":[[[55.128714,25.070085],[55.129022,25.070004],[55.128927,25.069705],[55.128632,25.069725],[55.128323,25.069806],[55.128418,25.070104],[55.128714,25.070085]]]}},{"type":"Feature","properties":{},"geometry":{"type":"Polygon","coordinates":[[[55.127943,25.069844],[55.127686,25.069908],[55.127788,25.07017],[55.127874,25.070228],[55.128169,25.070209],[55.128281,25.07017],[55.128303,25.070073],[55.128239,25.069825],[55.127943,25.069844]]]}},{"type":"Feature","properties":{},"geometry":{"type":"Polygon","coordinates":[[[55.129462,25.070745],[55.129458,25.070867],[55.129845,25.070867],[55.129849,25.070746],[55.129462,25.070745]]]}},{"type":"Feature","properties":{},"geometry":{"type":"Polygon","coordinates":[[[55.130802,25.071612],[55.130815,25.071575],[55.130892,25.07157],[55.130846,25.071668],[55.13106,25.071751],[55.131546,25.071719],[55.131382,25.071867],[55.131593,25.072057],[55.131378,25.07203],[55.130701,25.072075],[55.130634,25.072044],[55.130238,25.071978],[55.12974,25.072026],[55.129362,25.072097],[55.129011,25.072207],[55.128932,25.072411],[55.129601,25.073059],[55.12931,25.073058],[55.129079,25.072797],[55.128971,25.072805],[55.128237,25.073419],[55.128496,25.073657],[55.128604,25.07365],[55.128761,25.073529],[55.129133,25.073504],[55.129211,25.073442],[55.129297,25.073532],[55.129777,25.0735],[55.129931,25.07338],[55.129972,25.07342],[55.129964,25.073502],[55.129895,25.073569],[55.13,25.073672],[55.129809,25.07383],[55.129851,25.073875],[55.129959,25.073867],[55.130734,25.073228],[55.130786,25.0732],[55.130942,25.07319],[55.130446,25.073583],[55.130451,25.073835],[55.130495,25.073888],[55.130197,25.07412],[55.130094,25.074015],[55.129986,25.074022],[55.129875,25.074112],[55.129909,25.074147],[55.129791,25.074242],[55.129955,25.074409],[55.130063,25.074401],[55.130203,25.074289],[55.130532,25.074638],[55.13064,25.074631],[55.130758,25.07454],[55.130515,25.074282],[55.13055,25.07428],[55.130662,25.074183],[55.131194,25.074758],[55.131264,25.074753],[55.131348,25.074834],[55.131338,25.074913],[55.131771,25.075381],[55.131879,25.075374],[55.131893,25.075362],[55.131972,25.075434],[55.131607,25.07571],[55.131786,25.075904],[55.131894,25.075897],[55.132117,25.075728],[55.132414,25.076033],[55.13252,25.076026],[55.132618,25.076129],[55.132559,25.076178],[55.133373,25.077034],[55.132952,25.077378],[55.133062,25.077488],[55.133292,25.077484],[55.133356,25.077431],[55.133299,25.077374],[55.133526,25.077188],[55.133884,25.077543],[55.134328,25.07753],[55.134474,25.077415],[55.13465,25.077403],[55.134265,25.077719],[55.134235,25.077834],[55.135042,25.078618],[55.135477,25.079068],[55.135469,25.079074],[55.135703,25.079302],[55.135811,25.079295],[55.136274,25.078905],[55.137433,25.078828],[55.137451,25.078845],[55.137559,25.078838],[55.137583,25.078818],[55.13783,25.078802],[55.137827,25.078602],[55.137535,25.078605],[55.136551,25.07867],[55.136595,25.078634],[55.137477,25.078572],[55.137504,25.078601],[55.137612,25.078594],[55.137659,25.078559],[55.137928,25.078542],[55.137908,25.078557],[55.138041,25.078701],[55.139661,25.078593],[55.139938,25.078384],[55.139805,25.078239],[55.138983,25.078294],[55.138849,25.07813],[55.138493,25.078154],[55.138395,25.078075],[55.138348,25.078078],[55.138322,25.078057],[55.138139,25.07808],[55.138155,25.078141],[55.138196,25.078174],[55.137454,25.078223],[55.137388,25.078267],[55.137381,25.078199],[55.137227,25.078209],[55.13716,25.078128],[55.137131,25.07813],[55.137016,25.078208],[55.137028,25.078222],[55.13648,25.078259],[55.136457,25.078219],[55.136527,25.078214],[55.136495,25.077852],[55.137512,25.077775],[55.137474,25.077457],[55.137755,25.077438],[55.137739,25.077248],[55.13753,25.077262],[55.137712,25.077119],[55.137397,25.07679],[55.137696,25.07668],[55.137634,25.076552],[55.137861,25.076537],[55.138131,25.076318],[55.137954,25.07614],[55.136778,25.076218],[55.136585,25.076026],[55.137276,25.07598],[55.13756,25.075778],[55.137382,25.075574],[55.136267,25.075648],[55.136148,25.075577],[55.136157,25.075544],[55.136054,25.075522],[55.135913,25.075438],[55.13574,25.075449],[55.135726,25.075493],[55.134993,25.075542],[55.134927,25.075793],[55.135209,25.075854],[55.135553,25.075831],[55.135479,25.075884],[55.135656,25.076088],[55.136455,25.076034],[55.136371,25.076104],[55.136505,25.076236],[55.13644,25.07624],[55.136423,25.076254],[55.135136,25.07634],[55.135094,25.076314],[55.135101,25.076184],[55.134733,25.076169],[55.134515,25.076183],[55.134155,25.076118],[55.134605,25.076089],[55.134639,25.075671],[55.134441,25.075657],[55.13447,25.075644],[55.134554,25.075497],[55.134862,25.075477],[55.134768,25.075658],[55.134902,25.075682],[55.134916,25.075635],[55.134897,25.07563],[55.134911,25.075585],[55.134963,25.075589],[55.134979,25.075535],[55.13496,25.07553],[55.13497,25.075497],[55.135011,25.075498],[55.13502,25.075466],[55.135087,25.075462],[55.135129,25.075391],[55.135362,25.075439],[55.135382,25.075373],[55.135274,25.075347],[55.13597,25.0753],[55.13605,25.075116],[55.135752,25.075009],[55.134313,25.075104],[55.134271,25.0752],[55.133712,25.075237],[55.13359,25.075445],[55.132912,25.07549],[55.132771,25.075357],[55.133271,25.075324],[55.133323,25.075286],[55.133376,25.075282],[55.133452,25.075203],[55.133473,25.07522],[55.133581,25.075213],[55.133747,25.075009],[55.133659,25.074936],[55.133769,25.074929],[55.133754,25.074952],[55.134085,25.075133],[55.134193,25.075126],[55.134285,25.074987],[55.134133,25.074905],[55.13452,25.074879],[55.134677,25.07472],[55.134575,25.074639],[55.133689,25.074698],[55.133608,25.074727],[55.133535,25.074776],[55.133492,25.07484],[55.133561,25.074887],[55.133489,25.074892],[55.133422,25.074964],[55.133039,25.074989],[55.132997,25.074949],[55.133003,25.074814],[55.133076,25.074769],[55.133027,25.074698],[55.133057,25.074696],[55.133275,25.074564],[55.133219,25.074491],[55.134051,25.074436],[55.134246,25.074323],[55.134175,25.074231],[55.134191,25.074226],[55.134113,25.074009],[55.133305,25.074063],[55.133224,25.073853],[55.133101,25.073865],[55.133105,25.073812],[55.133833,25.073764],[55.134081,25.07373],[55.134037,25.073469],[55.133004,25.073538],[55.132792,25.073567],[55.132651,25.073558],[55.132018,25.0736],[55.131979,25.073324],[55.132733,25.073274],[55.13279,25.07337],[55.13396,25.073292],[55.134279,25.073139],[55.134167,25.072947],[55.133217,25.07301],[55.132988,25.072793],[55.133187,25.072665],[55.133843,25.072621],[55.134146,25.072428],[55.134028,25.072275],[55.133568,25.072306],[55.133755,25.072158],[55.133621,25.072019],[55.132887,25.072068],[55.13284,25.072017],[55.132555,25.072022],[55.132274,25.072283],[55.132241,25.072248],[55.131658,25.072287],[55.131692,25.07207],[55.131654,25.072065],[55.132158,25.072032],[55.132349,25.071859],[55.132289,25.071805],[55.133149,25.071748],[55.133466,25.071507],[55.133261,25.071285],[55.132154,25.071359],[55.131837,25.0716],[55.131904,25.071672],[55.131624,25.071691],[55.131781,25.071361],[55.131568,25.071278],[55.131407,25.071288],[55.131439,25.071167],[55.131257,25.071127],[55.130854,25.071154],[55.13086,25.07108],[55.130653,25.071066],[55.129843,25.071119],[55.129842,25.071138],[55.129808,25.071018],[55.129052,25.071069],[55.128719,25.071118],[55.128724,25.071148],[55.12835,25.071173],[55.128348,25.071192],[55.128201,25.071201],[55.12799,25.071373],[55.128209,25.071617],[55.128269,25.071661],[55.128405,25.071721],[55.128579,25.071759],[55.128666,25.071766],[55.129498,25.07171],[55.129821,25.071618],[55.130062,25.071586],[55.130077,25.071477],[55.13019,25.07147],[55.13036,25.071503],[55.130347,25.071554],[55.13053,25.071594],[55.13064,25.071586],[55.130635,25.071601],[55.130694,25.071619],[55.130802,25.071612]],[[55.132206,25.074518],[55.132814,25.074477],[55.132821,25.074374],[55.133101,25.074356],[55.13314,25.074407],[55.133046,25.074414],[55.132834,25.074545],[55.132882,25.074611],[55.132856,25.074613],[55.132713,25.074698],[55.132744,25.074748],[55.132565,25.074741],[55.132312,25.074758],[55.132206,25.074518]],[[55.133018,25.073896],[55.132947,25.073923],[55.133008,25.074083],[55.132784,25.074098],[55.132537,25.074179],[55.132093,25.074208],[55.132054,25.07396],[55.133018,25.073896]],[[55.131237,25.072891],[55.131308,25.072886],[55.131267,25.072921],[55.131237,25.072891]],[[55.130177,25.073498],[55.130203,25.073496],[55.130219,25.073513],[55.130103,25.073608],[55.130076,25.07358],[55.130177,25.073498]],[[55.130283,25.074178],[55.130267,25.074191],[55.130256,25.07418],[55.130283,25.074178]],[[55.130466,25.074087],[55.130529,25.074059],[55.130534,25.074078],[55.130504,25.074124],[55.130454,25.074154],[55.130466,25.074087]],[[55.13176,25.0757],[55.131822,25.075763],[55.131815,25.075768],[55.13176,25.0757]],[[55.136321,25.077367],[55.136686,25.077343],[55.136687,25.077362],[55.136322,25.077386],[55.136321,25.077367]],[[55.137039,25.076592],[55.136591,25.076766],[55.136616,25.076827],[55.136536,25.076833],[55.136516,25.076793],[55.136401,25.07683],[55.136406,25.076841],[55.135859,25.076878],[55.135831,25.076834],[55.135766,25.076808],[55.136607,25.076752],[55.136807,25.076607],[55.137039,25.076592]],[[55.135072,25.077059],[55.134909,25.07707],[55.135106,25.0769],[55.135286,25.076888],[55.135072,25.077059]],[[55.134229,25.075643],[55.134095,25.07565],[55.134102,25.075527],[55.134304,25.075514],[55.134229,25.075643]]]}},{"type":"Feature","properties":{},"geometry":{"type":"Polygon","coordinates":[[[55.127411,25.07264],[55.127515,25.072745],[55.12775,25.07286],[55.127783,25.07298],[55.12805,25.073242],[55.128107,25.073239],[55.128696,25.072736],[55.128292,25.07228],[55.127855,25.072294],[55.127411,25.07264]]]}},{"type":"Feature","properties":{},"geometry":{"type":"Polygon","coordinates":[[[55.129234,25.073957],[55.128874,25.07397],[55.128874,25.074053],[55.128976,25.074088],[55.128976,25.07418],[55.129051,25.074205],[55.129202,25.074198],[55.129234,25.073957]]]}},{"type":"Feature","properties":{},"geometry":{"type":"Polygon","coordinates":[[[55.128331,25.074167],[55.128328,25.074046],[55.128147,25.074055],[55.12815,25.074176],[55.128331,25.074167]]]}},{"type":"Feature","properties":{},"geometry":{"type":"Polygon","coordinates":[[[55.128264,25.074395],[55.128328,25.074344],[55.128274,25.074288],[55.128166,25.074295],[55.128102,25.074345],[55.128156,25.074402],[55.128264,25.074395]]]}},{"type":"Feature","properties":{},"geometry":{"type":"Polygon","coordinates":[[[55.129746,25.074723],[55.129697,25.074674],[55.129742,25.074671],[55.129905,25.074545],[55.129761,25.074391],[55.129653,25.074399],[55.129524,25.074498],[55.12947,25.074444],[55.129559,25.074372],[55.129404,25.074216],[55.129296,25.074223],[55.128642,25.074752],[55.129054,25.075173],[55.129162,25.075166],[55.129746,25.074723]]]}},{"type":"Feature","properties":{},"geometry":{"type":"Polygon","coordinates":[[[55.128693,25.074703],[55.128761,25.074653],[55.128682,25.074565],[55.128574,25.074572],[55.128506,25.074622],[55.128585,25.07471],[55.128693,25.074703]]]}},{"type":"Feature","properties":{},"geometry":{"type":"Polygon","coordinates":[[[55.130794,25.075029],[55.130937,25.07492],[55.130733,25.074702],[55.130704,25.074704],[55.130561,25.074813],[55.130765,25.075031],[55.130794,25.075029]]]}},{"type":"Feature","properties":{},"geometry":{"type":"Polygon","coordinates":[[[55.130325,25.075451],[55.130433,25.075444],[55.130549,25.07535],[55.130624,25.075345],[55.130716,25.075274],[55.130593,25.075143],[55.130485,25.07515],[55.130434,25.075189],[55.130384,25.075187],[55.130499,25.075094],[55.130032,25.074621],[55.129924,25.074629],[55.129714,25.074799],[55.129818,25.074904],[55.129706,25.074981],[55.130029,25.075331],[55.130137,25.075324],[55.130226,25.075269],[55.130181,25.075305],[55.130325,25.075451]]]}},{"type":"Feature","properties":{},"geometry":{"type":"Polygon","coordinates":[[[55.13108,25.075502],[55.131155,25.075501],[55.131256,25.075523],[55.131364,25.075516],[55.131452,25.075436],[55.131481,25.075434],[55.131519,25.075402],[55.131207,25.075073],[55.131099,25.07508],[55.130847,25.075265],[55.13108,25.075502]]]}},{"type":"Feature","properties":{},"geometry":{"type":"Polygon","coordinates":[[[55.129273,25.075526],[55.129501,25.075517],[55.129498,25.075296],[55.129336,25.075304],[55.129337,25.075334],[55.12927,25.075338],[55.129273,25.075526]]]}},{"type":"Feature","properties":{},"geometry":{"type":"Polygon","coordinates":[[[55.129752,25.075397],[55.129644,25.075404],[55.129592,25.075469],[55.129661,25.075516],[55.129769,25.075509],[55.129822,25.075444],[55.129752,25.075397]]]}},{"type":"Feature","properties":{},"geometry":{"type":"Polygon","coordinates":[[[55.130232,25.075627],[55.130218,25.075616],[55.130229,25.075599],[55.130174,25.075571],[55.130025,25.07558],[55.129949,25.075621],[55.12998,25.075646],[55.129966,25.075665],[55.129986,25.07567],[55.130153,25.075666],[55.130232,25.075627]]]}},{"type":"Feature","properties":{},"geometry":{"type":"Polygon","coordinates":[[[55.129674,25.075707],[55.129725,25.075656],[55.129608,25.075559],[55.1295,25.075567],[55.129449,25.075617],[55.129566,25.075714],[55.129674,25.075707]]]}},{"type":"Feature","properties":{},"geometry":{"type":"Polygon","coordinates":[[[55.130747,25.075973],[55.13089,25.076117],[55.130998,25.07611],[55.131113,25.076023],[55.131014,25.075881],[55.130933,25.075886],[55.13095,25.075882],[55.130937,25.075806],[55.130944,25.075722],[55.130983,25.075645],[55.131012,25.075618],[55.130904,25.075504],[55.130796,25.075511],[55.130734,25.075559],[55.130663,25.075485],[55.130555,25.075492],[55.130417,25.075596],[55.130582,25.075775],[55.130516,25.075824],[55.13058,25.075889],[55.130633,25.075886],[55.130681,25.075931],[55.130868,25.075903],[55.130747,25.075973]]]}},{"type":"Feature","properties":{},"geometry":{"type":"Polygon","coordinates":[[[55.129238,25.07577],[55.129278,25.075718],[55.129166,25.075646],[55.129058,25.075653],[55.129018,25.075704],[55.12913,25.075777],[55.129238,25.07577]]]}},{"type":"Feature","properties":{},"geometry":{"type":"Polygon","coordinates":[[[55.130316,25.075842],[55.130343,25.075808],[55.130353,25.075766],[55.130342,25.075706],[55.130291,25.075679],[55.130183,25.075687],[55.130148,25.075736],[55.130157,25.075759],[55.130128,25.07577],[55.130101,25.075853],[55.130137,25.075857],[55.130141,25.075881],[55.13026,25.075872],[55.130316,25.075842]]]}},{"type":"Feature","properties":{},"geometry":{"type":"Polygon","coordinates":[[[55.130306,25.07608],[55.130295,25.076166],[55.130485,25.076167],[55.130496,25.076081],[55.130306,25.07608]]]}},{"type":"Feature","properties":{},"geometry":{"type":"Polygon","coordinates":[[[55.131787,25.075943],[55.131679,25.075951],[55.131621,25.075995],[55.131621,25.076063],[55.131551,25.076162],[55.131716,25.076332],[55.131824,25.076325],[55.131844,25.07631],[55.131924,25.076395],[55.132032,25.076388],[55.132164,25.076281],[55.131787,25.075943]]]}},{"type":"Feature","properties":{},"geometry":{"type":"Polygon","coordinates":[[[55.131363,25.076642],[55.131401,25.076639],[55.131486,25.076731],[55.131594,25.076724],[55.131774,25.076587],[55.131702,25.07644],[55.131514,25.076251],[55.131425,25.076253],[55.131328,25.076229],[55.131257,25.076233],[55.131316,25.076144],[55.131195,25.076065],[55.131041,25.076086],[55.130924,25.076179],[55.131066,25.076323],[55.131186,25.076306],[55.131138,25.076406],[55.131177,25.076501],[55.131288,25.076605],[55.131324,25.076602],[55.131363,25.076642]]]}},{"type":"Feature","properties":{},"geometry":{"type":"Polygon","coordinates":[[[55.132475,25.076852],[55.132603,25.076755],[55.132294,25.076421],[55.132186,25.076428],[55.132058,25.076526],[55.132367,25.076859],[55.132475,25.076852]]]}},{"type":"Feature","properties":{},"geometry":{"type":"Polygon","coordinates":[[[55.130709,25.076817],[55.13086,25.076967],[55.130968,25.07696],[55.13117,25.076792],[55.131094,25.076716],[55.131122,25.076693],[55.131058,25.076629],[55.13095,25.076636],[55.130814,25.076748],[55.130792,25.076749],[55.130709,25.076817]]]}},{"type":"Feature","properties":{},"geometry":{"type":"Polygon","coordinates":[[[55.132027,25.076661],[55.131994,25.076663],[55.131956,25.076622],[55.131848,25.076629],[55.131665,25.076767],[55.131749,25.076866],[55.131716,25.076889],[55.131755,25.076973],[55.131721,25.077003],[55.1318,25.077105],[55.131992,25.077093],[55.132183,25.07695],[55.132113,25.076874],[55.132168,25.076819],[55.132027,25.076661]]]}},{"type":"Feature","properties":{},"geometry":{"type":"Polygon","coordinates":[[[55.13144,25.076886],[55.131458,25.076872],[55.131444,25.076861],[55.131456,25.076844],[55.1314,25.076816],[55.131251,25.076825],[55.131175,25.076866],[55.131206,25.076891],[55.131193,25.07691],[55.131212,25.076915],[55.131365,25.076913],[55.13144,25.076886]]]}},{"type":"Feature","properties":{},"geometry":{"type":"Polygon","coordinates":[[[55.131538,25.077086],[55.131565,25.077051],[55.131574,25.07701],[55.131563,25.076949],[55.131513,25.076923],[55.131405,25.07693],[55.13137,25.076979],[55.131379,25.077003],[55.131349,25.077013],[55.131323,25.077096],[55.131358,25.0771],[55.131363,25.077124],[55.131482,25.077115],[55.131538,25.077086]]]}},{"type":"Feature","properties":{},"geometry":{"type":"Polygon","coordinates":[[[55.131857,25.077253],[55.132087,25.077507],[55.132195,25.0775],[55.132254,25.077465],[55.13237,25.077501],[55.132478,25.077494],[55.132579,25.077381],[55.132372,25.077187],[55.132209,25.077118],[55.132101,25.077125],[55.131857,25.077253]]]}},{"type":"Feature","properties":{},"geometry":{"type":"Polygon","coordinates":[[[55.13075,25.077201],[55.130889,25.077364],[55.130868,25.077379],[55.130907,25.077424],[55.130963,25.077421],[55.131062,25.077536],[55.13117,25.077529],[55.131332,25.077415],[55.131036,25.077069],[55.130928,25.077077],[55.13075,25.077201]]]}},{"type":"Feature","properties":{},"geometry":{"type":"Polygon","coordinates":[[[55.132603,25.078704],[55.132599,25.078683],[55.13274,25.078659],[55.132712,25.078525],[55.13279,25.078512],[55.132771,25.078419],[55.132364,25.078477],[55.132336,25.078429],[55.132295,25.07841],[55.132101,25.078424],[55.13205,25.078506],[55.132057,25.078595],[55.132085,25.078621],[55.13213,25.07863],[55.132339,25.078604],[55.132366,25.078733],[55.132603,25.078704]]]}},{"type":"Feature","properties":{},"geometry":{"type":"Polygon","coordinates":[[[55.128955,25.092281],[55.128847,25.092288],[55.128537,25.092892],[55.129531,25.093309],[55.129639,25.093302],[55.129948,25.092699],[55.128955,25.092281]]]}},{"type":"Feature","properties":{},"geometry":{"type":"Polygon","coordinates":[[[55.130913,25.093101],[55.130805,25.093108],[55.130619,25.093467],[55.130806,25.093547],[55.130914,25.09354],[55.131101,25.093181],[55.130913,25.093101]]]}},{"type":"Feature","properties":{},"geometry":{"type":"Polygon","coordinates":[[[55.131985,25.093557],[55.131877,25.093564],[55.131568,25.094167],[55.132561,25.094585],[55.132669,25.094578],[55.132978,25.093974],[55.131985,25.093557]]]}},{"type":"Feature","properties":{},"geometry":{"type":"Polygon","coordinates":[[[55.13382,25.069144],[55.133967,25.069006],[55.133433,25.068542],[55.133212,25.068557],[55.133065,25.068695],[55.133599,25.069159],[55.13382,25.069144]]]}},{"type":"Feature","properties":{},"geometry":{"type":"Polygon","coordinates":[[[55.135076,25.069132],[55.135106,25.069101],[55.135064,25.069066],[55.134956,25.069073],[55.134925,25.069104],[55.134968,25.069139],[55.135076,25.069132]]]}},{"type":"Feature","properties":{},"geometry":{"type":"Polygon","coordinates":[[[55.135527,25.06919],[55.134973,25.069227],[55.134608,25.069518],[55.134762,25.069677],[55.135315,25.06964],[55.135681,25.06935],[55.135527,25.06919]]]}},{"type":"Feature","properties":{},"geometry":{"type":"Polygon","coordinates":[[[55.133318,25.070135],[55.133576,25.070117],[55.133724,25.069998],[55.134278,25.069961],[55.134315,25.069929],[55.134331,25.069945],[55.134552,25.06993],[55.134687,25.069815],[55.134244,25.069345],[55.134023,25.06936],[55.133877,25.069477],[55.13393,25.069531],[55.133377,25.069568],[55.13343,25.069525],[55.133389,25.069483],[55.133489,25.069476],[55.133664,25.069334],[55.133503,25.06917],[55.133244,25.069188],[55.133078,25.069323],[55.133122,25.069367],[55.133017,25.069376],[55.132804,25.069549],[55.132857,25.069603],[55.132487,25.069627],[55.132217,25.069811],[55.132221,25.069903],[55.132263,25.070035],[55.132397,25.070086],[55.133218,25.070032],[55.133318,25.070135]]]}},{"type":"Feature","properties":{},"geometry":{"type":"Polygon","coordinates":[[[55.133501,25.070364],[55.13355,25.070414],[55.133112,25.070447],[55.132892,25.070636],[55.132892,25.070681],[55.132918,25.070728],[55.133005,25.070791],[55.134159,25.070715],[55.134397,25.070523],[55.134397,25.070474],[55.13437,25.070416],[55.134294,25.070365],[55.134018,25.070378],[55.134714,25.070331],[55.134835,25.070465],[55.135141,25.070454],[55.135275,25.070343],[55.135182,25.070245],[55.135382,25.070086],[55.135832,25.070056],[55.136169,25.069786],[55.136048,25.069663],[55.13591,25.069651],[55.135392,25.069685],[55.135123,25.069889],[55.135231,25.070003],[55.135149,25.07007],[55.13511,25.07003],[55.135112,25.069985],[55.135065,25.069984],[55.135047,25.069966],[55.133903,25.070042],[55.133501,25.070364]]]}},{"type":"Feature","properties":{},"geometry":{"type":"Polygon","coordinates":[[[55.135145,25.070498],[55.135177,25.070531],[55.135158,25.070546],[55.135218,25.070606],[55.135206,25.070616],[55.134604,25.070656],[55.134522,25.070699],[55.134328,25.070712],[55.134176,25.070771],[55.134131,25.070809],[55.134111,25.070884],[55.135391,25.070788],[55.135417,25.070816],[55.135403,25.070829],[55.135518,25.070921],[55.135555,25.070919],[55.135636,25.071],[55.135838,25.070986],[55.135848,25.070929],[55.135928,25.070862],[55.13585,25.070787],[55.135897,25.070783],[55.136201,25.070546],[55.136546,25.070523],[55.136682,25.070474],[55.136786,25.070399],[55.136845,25.070337],[55.13689,25.070272],[55.13692,25.070186],[55.136833,25.070101],[55.136098,25.07015],[55.136008,25.070055],[55.1359,25.070062],[55.135439,25.070423],[55.135459,25.070444],[55.135295,25.070455],[55.135259,25.070486],[55.135145,25.070498]]]}},{"type":"Feature","properties":{},"geometry":{"type":"Polygon","coordinates":[[[55.132829,25.070628],[55.13292,25.070552],[55.132784,25.070419],[55.132676,25.070426],[55.132585,25.070502],[55.132721,25.070635],[55.132829,25.070628]]]}},{"type":"Feature","properties":{},"geometry":{"type":"Polygon","coordinates":[[[55.134976,25.07124],[55.134886,25.071313],[55.135004,25.071431],[55.135373,25.071407],[55.135565,25.071249],[55.135183,25.070866],[55.134814,25.07089],[55.134623,25.071046],[55.134732,25.071154],[55.134881,25.071144],[55.134976,25.07124]]]}},{"type":"Feature","properties":{},"geometry":{"type":"Polygon","coordinates":[[[55.134062,25.071415],[55.13421,25.071391],[55.13431,25.071341],[55.134475,25.071154],[55.134572,25.071086],[55.134437,25.071079],[55.134462,25.071062],[55.134434,25.071033],[55.134173,25.07105],[55.133991,25.070859],[55.133883,25.070866],[55.133558,25.071116],[55.133563,25.071239],[55.133687,25.071275],[55.13372,25.071323],[55.133659,25.07143],[55.133712,25.071519],[55.133887,25.07152],[55.133966,25.071493],[55.134062,25.071415]]]}},{"type":"Feature","properties":{},"geometry":{"type":"Polygon","coordinates":[[[55.136049,25.072595],[55.136514,25.073154],[55.136884,25.073129],[55.136736,25.073343],[55.136899,25.073513],[55.137129,25.073498],[55.137077,25.073543],[55.137131,25.073595],[55.13736,25.073585],[55.137467,25.073492],[55.13745,25.073477],[55.137821,25.073452],[55.138059,25.073253],[55.13798,25.073169],[55.138065,25.073101],[55.138018,25.073054],[55.138056,25.073063],[55.138378,25.073041],[55.138391,25.073065],[55.138289,25.073144],[55.138324,25.073184],[55.138249,25.073241],[55.138361,25.07336],[55.138533,25.073349],[55.138461,25.073411],[55.138526,25.073473],[55.138612,25.073468],[55.13848,25.073576],[55.138446,25.073603],[55.138229,25.073382],[55.138272,25.073353],[55.138231,25.073302],[55.138019,25.073323],[55.137803,25.073499],[55.138187,25.073899],[55.138326,25.07389],[55.138426,25.07399],[55.13857,25.073981],[55.139028,25.073606],[55.139045,25.073447],[55.138934,25.073322],[55.139427,25.073289],[55.139616,25.073144],[55.139679,25.07314],[55.13968,25.073036],[55.13964,25.073013],[55.139531,25.072903],[55.138767,25.072954],[55.138982,25.07278],[55.138734,25.072482],[55.138545,25.072494],[55.138586,25.072455],[55.138405,25.072272],[55.138312,25.072278],[55.138159,25.072137],[55.138842,25.072092],[55.139403,25.07188],[55.139384,25.071831],[55.139441,25.071826],[55.139534,25.071766],[55.139564,25.071667],[55.139549,25.071617],[55.139516,25.071573],[55.139426,25.07153],[55.139437,25.071368],[55.139387,25.071315],[55.137406,25.071446],[55.137566,25.07132],[55.137447,25.071196],[55.136928,25.07123],[55.136556,25.071525],[55.136676,25.071649],[55.136858,25.071636],[55.136537,25.071896],[55.136123,25.071923],[55.136526,25.071598],[55.136104,25.071161],[55.135846,25.071178],[55.135679,25.071311],[55.135797,25.071433],[55.13546,25.071455],[55.134999,25.071821],[55.135092,25.071956],[55.135203,25.072017],[55.135691,25.071985],[55.135563,25.07207],[55.136049,25.072595]],[[55.138777,25.073332],[55.138749,25.073355],[55.138729,25.073336],[55.138777,25.073332]]]}},{"type":"Feature","properties":{},"geometry":{"type":"Polygon","coordinates":[[[55.134917,25.071654],[55.135056,25.071484],[55.134941,25.071377],[55.134572,25.071402],[55.134387,25.071492],[55.134161,25.071674],[55.134044,25.071829],[55.134148,25.071936],[55.134517,25.071912],[55.134724,25.071812],[55.134917,25.071654]]]}},{"type":"Feature","properties":{},"geometry":{"type":"Polygon","coordinates":[[[55.13263,25.077297],[55.132738,25.07729],[55.132953,25.077131],[55.132653,25.076808],[55.132545,25.076815],[55.13242,25.076908],[55.132488,25.076988],[55.1324,25.077052],[55.13263,25.077297]]]}},{"type":"Feature","properties":{},"geometry":{"type":"Polygon","coordinates":[[[55.133442,25.077783],[55.133695,25.077651],[55.133468,25.077422],[55.13341,25.077425],[55.133196,25.077593],[55.133385,25.077787],[55.133442,25.077783]]]}},{"type":"Feature","properties":{},"geometry":{"type":"Polygon","coordinates":[[[55.132664,25.077828],[55.132843,25.077694],[55.132672,25.077512],[55.132564,25.077519],[55.132384,25.077658],[55.132556,25.077835],[55.132664,25.077828]]]}},{"type":"Feature","properties":{},"geometry":{"type":"Polygon","coordinates":[[[55.132924,25.077988],[55.132966,25.078039],[55.133074,25.078032],[55.133237,25.077928],[55.133105,25.077795],[55.133061,25.077798],[55.13297,25.077704],[55.132862,25.077711],[55.132677,25.077851],[55.132924,25.077988]]]}},{"type":"Feature","properties":{},"geometry":{"type":"Polygon","coordinates":[[[55.133758,25.078],[55.133135,25.078089],[55.132788,25.078352],[55.133211,25.078785],[55.133319,25.078778],[55.133717,25.078482],[55.133606,25.078355],[55.133894,25.078127],[55.133758,25.078]]]}},{"type":"Feature","properties":{},"geometry":{"type":"Polygon","coordinates":[[[55.133658,25.07891],[55.1338,25.079059],[55.134146,25.079036],[55.13421,25.078986],[55.134285,25.079065],[55.13463,25.079042],[55.134841,25.078877],[55.134754,25.078785],[55.134861,25.078778],[55.134996,25.078672],[55.134688,25.07835],[55.134342,25.078372],[55.133658,25.07891]]]}},{"type":"Feature","properties":{},"geometry":{"type":"Polygon","coordinates":[[[55.133484,25.079436],[55.133314,25.079578],[55.133432,25.079695],[55.13354,25.079688],[55.133749,25.079514],[55.133673,25.079439],[55.133607,25.079443],[55.133592,25.079429],[55.133484,25.079436]]]}},{"type":"Feature","properties":{},"geometry":{"type":"Polygon","coordinates":[[[55.134439,25.080853],[55.134547,25.080761],[55.135063,25.08133],[55.135149,25.081324],[55.135838,25.080788],[55.135958,25.08078],[55.13516,25.081437],[55.135299,25.08158],[55.13553,25.081565],[55.13592,25.081247],[55.136166,25.081492],[55.135657,25.081881],[55.135801,25.082028],[55.136031,25.082013],[55.137198,25.081034],[55.136856,25.080695],[55.137009,25.080583],[55.138098,25.081772],[55.138298,25.081822],[55.138406,25.081815],[55.138926,25.081423],[55.139015,25.081417],[55.138376,25.081887],[55.138391,25.082097],[55.139561,25.083296],[55.139887,25.083305],[55.140158,25.083088],[55.140811,25.083044],[55.140636,25.083181],[55.140611,25.083215],[55.140576,25.083307],[55.140582,25.083383],[55.141303,25.084125],[55.14156,25.084108],[55.141472,25.084178],[55.141905,25.084625],[55.141991,25.084619],[55.142299,25.084375],[55.142011,25.084078],[55.142118,25.08407],[55.142344,25.084321],[55.142731,25.084331],[55.142903,25.084319],[55.142871,25.084079],[55.142851,25.084022],[55.143212,25.083998],[55.14345,25.083808],[55.143325,25.08368],[55.143596,25.083454],[55.143466,25.083327],[55.143011,25.083357],[55.142953,25.083296],[55.143003,25.0832],[55.143013,25.083084],[55.143033,25.083068],[55.14302,25.083055],[55.143085,25.08288],[55.143055,25.082865],[55.142864,25.082863],[55.142532,25.082773],[55.142424,25.08278],[55.14238,25.082872],[55.14157,25.082926],[55.14154,25.082895],[55.141432,25.082902],[55.141393,25.082938],[55.141359,25.08294],[55.14154,25.082793],[55.141355,25.082601],[55.141247,25.082608],[55.141091,25.082743],[55.141081,25.082656],[55.140656,25.082685],[55.140797,25.08257],[55.141836,25.082501],[55.141891,25.082559],[55.141999,25.082552],[55.142029,25.082535],[55.142045,25.082569],[55.142035,25.08261],[55.142115,25.08269],[55.142188,25.082698],[55.143223,25.082629],[55.143258,25.082571],[55.143322,25.08251],[55.143381,25.082483],[55.143344,25.082456],[55.143368,25.082435],[55.143301,25.082367],[55.143262,25.082362],[55.142226,25.08243],[55.142201,25.082452],[55.14217,25.082196],[55.140984,25.082275],[55.140994,25.082184],[55.141515,25.082149],[55.141577,25.082219],[55.141685,25.082212],[55.141762,25.082169],[55.141747,25.082134],[55.141881,25.082125],[55.142053,25.081993],[55.141876,25.081805],[55.143269,25.081711],[55.143342,25.081656],[55.143393,25.081512],[55.143372,25.081378],[55.143309,25.081363],[55.142017,25.081449],[55.141962,25.081519],[55.141412,25.081556],[55.141286,25.081653],[55.141214,25.081675],[55.141241,25.081707],[55.141227,25.081728],[55.141312,25.081812],[55.140774,25.081848],[55.140706,25.081745],[55.140565,25.081611],[55.141262,25.081564],[55.14159,25.081287],[55.141577,25.081275],[55.141657,25.08127],[55.141753,25.081208],[55.141725,25.08105],[55.141737,25.080833],[55.1418,25.080644],[55.141964,25.080633],[55.142287,25.080377],[55.142138,25.080222],[55.140662,25.080321],[55.140458,25.080482],[55.139316,25.080558],[55.139306,25.080553],[55.139795,25.080516],[55.139935,25.080343],[55.139663,25.08016],[55.139535,25.080096],[55.139427,25.080087],[55.138539,25.080146],[55.138151,25.079918],[55.1383,25.079908],[55.138391,25.079697],[55.138065,25.079581],[55.13771,25.079605],[55.137581,25.079507],[55.137473,25.079514],[55.136942,25.07993],[55.13695,25.07987],[55.136727,25.079791],[55.136663,25.079796],[55.137024,25.079534],[55.136947,25.079454],[55.137086,25.079477],[55.137489,25.07945],[55.13762,25.079372],[55.137159,25.078927],[55.137004,25.078874],[55.136601,25.078901],[55.136467,25.078959],[55.136401,25.078954],[55.135787,25.079444],[55.135883,25.079521],[55.135978,25.079505],[55.136103,25.079542],[55.136345,25.079552],[55.136411,25.079599],[55.136429,25.079735],[55.13652,25.07978],[55.136511,25.079806],[55.135831,25.079851],[55.135809,25.079832],[55.135882,25.079774],[55.135511,25.07939],[55.134269,25.079473],[55.134092,25.079614],[55.134462,25.079997],[55.135296,25.079942],[55.134433,25.080635],[55.134477,25.080683],[55.134396,25.080688],[55.134267,25.080799],[55.134331,25.08086],[55.134439,25.080853]],[[55.142097,25.082494],[55.142088,25.08248],[55.142178,25.082472],[55.142029,25.082535],[55.142097,25.082494]],[[55.136575,25.079263],[55.136553,25.079276],[55.13648,25.079234],[55.136411,25.079237],[55.136388,25.079215],[55.136416,25.079146],[55.136396,25.079106],[55.136399,25.079074],[55.136432,25.079083],[55.136488,25.079162],[55.136577,25.079192],[55.136587,25.07923],[55.136575,25.079263]]]}},{"type":"Feature","properties":{},"geometry":{"type":"Polygon","coordinates":[[[55.133808,25.079846],[55.133794,25.079792],[55.133537,25.079831],[55.133551,25.079885],[55.133808,25.079846]]]}},{"type":"Feature","properties":{},"geometry":{"type":"Polygon","coordinates":[[[55.133456,25.079929],[55.133502,25.079896],[55.133467,25.079855],[55.133359,25.079863],[55.133313,25.079896],[55.133348,25.079936],[55.133456,25.079929]]]}},{"type":"Feature","properties":{},"geometry":{"type":"Polygon","coordinates":[[[55.134946,25.081849],[55.135059,25.081669],[55.134947,25.081612],[55.134839,25.081619],[55.134826,25.08164],[55.134709,25.081642],[55.13459,25.081833],[55.134754,25.081918],[55.134813,25.081914],[55.134767,25.081953],[55.134902,25.082083],[55.13501,25.082076],[55.135098,25.082002],[55.134962,25.081872],[55.134878,25.081877],[55.134838,25.081856],[55.134946,25.081849]]]}},{"type":"Feature","properties":{},"geometry":{"type":"Polygon","coordinates":[[[55.135526,25.082442],[55.135634,25.082435],[55.13574,25.082355],[55.135687,25.082296],[55.135816,25.0822],[55.135565,25.081927],[55.135457,25.081934],[55.135301,25.082051],[55.135231,25.08198],[55.135123,25.081987],[55.134916,25.082152],[55.135087,25.082327],[55.135195,25.08232],[55.135219,25.0823],[55.135343,25.082428],[55.135451,25.082421],[55.135483,25.082395],[55.135526,25.082442]]]}},{"type":"Feature","properties":{},"geometry":{"type":"Polygon","coordinates":[[[55.135285,25.082529],[55.13531,25.082569],[55.135279,25.082584],[55.135309,25.082633],[55.135417,25.082625],[55.135496,25.082586],[55.135442,25.082497],[55.135334,25.082505],[55.135285,25.082529]]]}},{"type":"Feature","properties":{},"geometry":{"type":"Polygon","coordinates":[[[55.135349,25.082705],[55.135241,25.082712],[55.135176,25.082766],[55.135213,25.082803],[55.135321,25.082796],[55.135387,25.082742],[55.135349,25.082705]]]}},{"type":"Feature","properties":{},"geometry":{"type":"Polygon","coordinates":[[[55.133286,25.094205],[55.133178,25.094212],[55.133165,25.094256],[55.133231,25.094272],[55.133339,25.094265],[55.133353,25.094221],[55.133286,25.094205]]]}},{"type":"Feature","properties":{},"geometry":{"type":"Polygon","coordinates":[[[55.133898,25.094929],[55.13379,25.094936],[55.13373,25.095054],[55.133888,25.09512],[55.133996,25.095113],[55.134056,25.094994],[55.133898,25.094929]]]}},{"type":"Feature","properties":{},"geometry":{"type":"Polygon","coordinates":[[[55.134312,25.095293],[55.134486,25.095367],[55.134594,25.09536],[55.13475,25.095063],[55.134576,25.094988],[55.134468,25.094995],[55.134312,25.095293]]]}},{"type":"Feature","properties":{},"geometry":{"type":"Polygon","coordinates":[[[55.138749,25.068565],[55.1387,25.068639],[55.138693,25.068698],[55.138707,25.068757],[55.138742,25.06881],[55.138794,25.068849],[55.138858,25.068871],[55.138927,25.068873],[55.139395,25.068842],[55.139404,25.068881],[55.139437,25.068922],[55.139519,25.068962],[55.140577,25.068892],[55.140307,25.068965],[55.140556,25.069068],[55.139472,25.06914],[55.139198,25.069341],[55.139468,25.069642],[55.140728,25.069558],[55.140787,25.069515],[55.140913,25.069559],[55.140945,25.069639],[55.140353,25.069679],[55.140104,25.069858],[55.140352,25.07014],[55.140898,25.070103],[55.140886,25.070114],[55.14094,25.070168],[55.140972,25.070166],[55.141002,25.070201],[55.140982,25.070216],[55.141043,25.070286],[55.141074,25.070284],[55.141087,25.070299],[55.14277,25.070187],[55.142848,25.070122],[55.142996,25.069947],[55.142984,25.069857],[55.142955,25.069824],[55.142909,25.069812],[55.141814,25.069883],[55.141833,25.069867],[55.141751,25.069768],[55.141857,25.069761],[55.141668,25.069177],[55.142029,25.069075],[55.14166,25.068936],[55.141634,25.068862],[55.141681,25.068797],[55.141687,25.068815],[55.141795,25.068808],[55.141893,25.06878],[55.141867,25.068703],[55.141741,25.068715],[55.141817,25.06861],[55.141637,25.068622],[55.141436,25.068688],[55.141385,25.068658],[55.141318,25.068346],[55.139539,25.068461],[55.13978,25.068299],[55.13953,25.067994],[55.138283,25.068077],[55.137958,25.068296],[55.138209,25.068601],[55.138749,25.068565]],[[55.14119,25.069623],[55.141221,25.069538],[55.141364,25.069611],[55.14119,25.069623]]]}},{"type":"Feature","properties":{},"geometry":{"type":"Polygon","coordinates":[[[55.139112,25.071156],[55.139056,25.070998],[55.138917,25.070787],[55.138659,25.070532],[55.138565,25.070457],[55.13842,25.070374],[55.138272,25.070379],[55.138261,25.070454],[55.138396,25.070731],[55.138503,25.070879],[55.138637,25.07102],[55.138803,25.071149],[55.138911,25.071212],[55.138986,25.071241],[55.139094,25.071234],[55.139112,25.071156]]]}},{"type":"Feature","properties":{},"geometry":{"type":"Polygon","coordinates":[[[55.136442,25.070713],[55.13607,25.071007],[55.13619,25.071131],[55.137371,25.071052],[55.137743,25.070758],[55.137623,25.070634],[55.136442,25.070713]]]}},{"type":"Feature","properties":{},"geometry":{"type":"Polygon","coordinates":[[[55.137853,25.073976],[55.138022,25.073839],[55.137719,25.073534],[55.137431,25.073553],[55.137262,25.073691],[55.137565,25.073996],[55.137853,25.073976]]]}},{"type":"Feature","properties":{},"geometry":{"type":"Polygon","coordinates":[[[55.136735,25.074267],[55.136937,25.074254],[55.137272,25.073966],[55.137137,25.073836],[55.136935,25.07385],[55.136707,25.074045],[55.136735,25.074267]]]}},{"type":"Feature","properties":{},"geometry":{"type":"Polygon","coordinates":[[[55.13795,25.074043],[55.137669,25.074261],[55.13781,25.074405],[55.137766,25.074436],[55.13783,25.074504],[55.138612,25.074452],[55.138798,25.074646],[55.139979,25.074568],[55.140194,25.074381],[55.139941,25.074115],[55.139431,25.074149],[55.139215,25.073911],[55.139107,25.073918],[55.138831,25.074137],[55.138797,25.0741],[55.138852,25.074058],[55.138786,25.073988],[55.13795,25.074043]]]}},{"type":"Feature","properties":{},"geometry":{"type":"Polygon","coordinates":[[[55.137627,25.074377],[55.137339,25.074396],[55.136988,25.074689],[55.137114,25.074812],[55.137402,25.074793],[55.137753,25.0745],[55.137627,25.074377]]]}},{"type":"Feature","properties":{},"geometry":{"type":"Polygon","coordinates":[[[55.138539,25.075579],[55.139039,25.075546],[55.139094,25.075565],[55.139453,25.075542],[55.139444,25.075547],[55.139682,25.075856],[55.139886,25.075843],[55.139463,25.076086],[55.139299,25.076465],[55.139291,25.076518],[55.139319,25.076706],[55.139388,25.076931],[55.139519,25.07714],[55.139599,25.077237],[55.139762,25.077318],[55.140096,25.077364],[55.13973,25.077627],[55.139837,25.077749],[55.141024,25.07767],[55.14094,25.077725],[55.141073,25.077892],[55.140884,25.078009],[55.140747,25.078224],[55.140819,25.078315],[55.140356,25.078345],[55.140292,25.078355],[55.140235,25.078382],[55.14019,25.078425],[55.140163,25.078478],[55.140157,25.078537],[55.140172,25.078594],[55.140207,25.078644],[55.140258,25.07868],[55.140319,25.0787],[55.140545,25.07869],[55.140629,25.078767],[55.140737,25.07876],[55.140822,25.078672],[55.140903,25.078666],[55.14069,25.078831],[55.140783,25.0789],[55.14081,25.078898],[55.141015,25.079109],[55.140991,25.079132],[55.141019,25.079147],[55.140998,25.079176],[55.141069,25.079176],[55.141093,25.079228],[55.141133,25.079225],[55.141149,25.079249],[55.141824,25.079204],[55.142076,25.079009],[55.142014,25.078991],[55.14204,25.078955],[55.142017,25.078948],[55.141993,25.078902],[55.141936,25.078905],[55.1419,25.078877],[55.141725,25.078889],[55.141645,25.078803],[55.142395,25.078753],[55.142702,25.078499],[55.142559,25.078357],[55.141703,25.078414],[55.141543,25.078547],[55.141241,25.078567],[55.141271,25.078493],[55.141266,25.078435],[55.141241,25.07838],[55.141197,25.078337],[55.14114,25.078308],[55.140988,25.078304],[55.141124,25.078215],[55.141152,25.078171],[55.141221,25.078126],[55.141243,25.078091],[55.14117,25.078],[55.141268,25.077936],[55.141298,25.077952],[55.141406,25.077945],[55.141481,25.077896],[55.1415,25.077866],[55.141429,25.077777],[55.141359,25.077741],[55.141251,25.077748],[55.141233,25.07776],[55.141155,25.077661],[55.141901,25.077612],[55.141757,25.077721],[55.141796,25.077764],[55.141825,25.077762],[55.141912,25.077855],[55.14202,25.077848],[55.14236,25.077589],[55.142492,25.077573],[55.143238,25.077036],[55.143095,25.076959],[55.142164,25.077021],[55.142056,25.076918],[55.141948,25.076925],[55.141828,25.077018],[55.141837,25.076999],[55.141811,25.076899],[55.141764,25.076828],[55.141699,25.076767],[55.141601,25.076715],[55.141493,25.076722],[55.141356,25.076796],[55.141347,25.076221],[55.141166,25.075865],[55.140958,25.07561],[55.141307,25.07539],[55.141069,25.07508],[55.140363,25.075127],[55.140174,25.074888],[55.140066,25.074895],[55.139721,25.075128],[55.139259,25.07515],[55.139411,25.075042],[55.139272,25.074883],[55.137895,25.074975],[55.137603,25.075183],[55.137741,25.075342],[55.138374,25.0753],[55.13832,25.075538],[55.138539,25.075579]]]}},{"type":"Feature","properties":{},"geometry":{"type":"Polygon","coordinates":[[[55.138149,25.075643],[55.138041,25.07565],[55.138035,25.075671],[55.138079,25.075681],[55.138187,25.075673],[55.138193,25.075653],[55.138149,25.075643]]]}},{"type":"Feature","properties":{},"geometry":{"type":"Polygon","coordinates":[[[55.136912,25.077972],[55.136868,25.077854],[55.13676,25.077861],[55.136698,25.077881],[55.136748,25.077996],[55.136912,25.077972]]]}},{"type":"Feature","properties":{},"geometry":{"type":"Polygon","coordinates":[[[55.139534,25.078826],[55.138139,25.078919],[55.137855,25.079138],[55.137995,25.079287],[55.13939,25.079194],[55.139674,25.078975],[55.139534,25.078826]]]}},{"type":"Feature","properties":{},"geometry":{"type":"Polygon","coordinates":[[[55.136999,25.082004],[55.137238,25.082252],[55.137208,25.082276],[55.137232,25.082301],[55.137143,25.082372],[55.13717,25.0824],[55.137011,25.082525],[55.13729,25.082816],[55.137401,25.082808],[55.137411,25.082819],[55.137385,25.08284],[55.137426,25.082883],[55.137407,25.082898],[55.137529,25.083026],[55.137558,25.083024],[55.137585,25.083052],[55.137547,25.083071],[55.137698,25.083283],[55.137883,25.083271],[55.138054,25.083171],[55.138023,25.083127],[55.138082,25.083093],[55.138413,25.083445],[55.138412,25.083503],[55.138336,25.083597],[55.138262,25.083602],[55.138148,25.083743],[55.138376,25.083822],[55.13833,25.083857],[55.138355,25.08387],[55.138309,25.083914],[55.138806,25.084395],[55.138863,25.084391],[55.139504,25.083884],[55.139432,25.083809],[55.13948,25.083772],[55.13943,25.08372],[55.13948,25.083669],[55.139193,25.083344],[55.139135,25.083347],[55.13908,25.083393],[55.139046,25.083361],[55.138989,25.083365],[55.138886,25.083441],[55.138859,25.083415],[55.139145,25.083179],[55.138617,25.082654],[55.138432,25.082666],[55.138361,25.082725],[55.138183,25.082737],[55.138111,25.082796],[55.138159,25.082844],[55.138143,25.082857],[55.138111,25.082823],[55.13804,25.082827],[55.137873,25.08265],[55.138003,25.082549],[55.137959,25.082503],[55.13778,25.082512],[55.137617,25.082342],[55.137647,25.082318],[55.137269,25.081925],[55.13714,25.081933],[55.137261,25.081839],[55.136974,25.081537],[55.136879,25.081543],[55.136857,25.08152],[55.136749,25.081527],[55.136725,25.081545],[55.136662,25.081549],[55.136458,25.081708],[55.13642,25.081711],[55.13626,25.081836],[55.136395,25.081978],[55.136503,25.08197],[55.136819,25.081724],[55.137028,25.081944],[55.13708,25.081941],[55.136999,25.082004]]]}},{"type":"Feature","properties":{},"geometry":{"type":"Polygon","coordinates":[[[55.136705,25.082239],[55.136702,25.082307],[55.136922,25.082304],[55.136926,25.082236],[55.136705,25.082239]]]}},{"type":"Feature","properties":{},"geometry":{"type":"Polygon","coordinates":[[[55.137365,25.083659],[55.137473,25.083652],[55.137483,25.083592],[55.137622,25.083586],[55.137617,25.083517],[55.137665,25.083511],[55.13766,25.083483],[55.137762,25.083476],[55.137883,25.083413],[55.137846,25.083342],[55.137738,25.083349],[55.137613,25.083402],[55.137642,25.083459],[55.137613,25.083461],[55.137607,25.08338],[55.137548,25.08338],[55.137525,25.083319],[55.137412,25.083327],[55.137374,25.083288],[55.137269,25.083295],[55.137197,25.083224],[55.137089,25.083232],[55.13702,25.08329],[55.137111,25.083377],[55.137228,25.083361],[55.137286,25.083482],[55.137283,25.083647],[55.137365,25.083659]]]}},{"type":"Feature","properties":{},"geometry":{"type":"Polygon","coordinates":[[[55.136634,25.083412],[55.136701,25.083392],[55.136669,25.083303],[55.136561,25.08331],[55.136494,25.08333],[55.136526,25.083419],[55.136634,25.083412]]]}},{"type":"Feature","properties":{},"geometry":{"type":"Polygon","coordinates":[[[55.136568,25.083566],[55.13648,25.083635],[55.136499,25.083655],[55.136398,25.083734],[55.136534,25.083877],[55.136642,25.083869],[55.136894,25.083673],[55.136762,25.083533],[55.136654,25.08354],[55.136625,25.083562],[55.136568,25.083566]]]}},{"type":"Feature","properties":{},"geometry":{"type":"Polygon","coordinates":[[[55.138021,25.084143],[55.137972,25.084024],[55.137864,25.084031],[55.137798,25.084053],[55.137847,25.084172],[55.137955,25.084165],[55.138021,25.084143]]]}},{"type":"Feature","properties":{},"geometry":{"type":"Polygon","coordinates":[[[55.137826,25.084281],[55.137765,25.084233],[55.137657,25.08424],[55.137629,25.084269],[55.137689,25.084318],[55.137797,25.08431],[55.137826,25.084281]]]}},{"type":"Feature","properties":{},"geometry":{"type":"Polygon","coordinates":[[[55.138715,25.084591],[55.138688,25.084593],[55.138572,25.084687],[55.138622,25.084737],[55.138649,25.084735],[55.138765,25.084641],[55.138715,25.084591]]]}},{"type":"Feature","properties":{},"geometry":{"type":"Polygon","coordinates":[[[55.137974,25.084834],[55.138024,25.084802],[55.137967,25.084726],[55.137859,25.084734],[55.137808,25.084765],[55.137866,25.084841],[55.137974,25.084834]]]}},{"type":"Feature","properties":{},"geometry":{"type":"Polygon","coordinates":[[[55.138575,25.085037],[55.138564,25.084971],[55.138519,25.084947],[55.138439,25.084958],[55.138407,25.084996],[55.138409,25.08504],[55.138462,25.08508],[55.138517,25.085078],[55.138575,25.085037]]]}},{"type":"Feature","properties":{},"geometry":{"type":"Polygon","coordinates":[[[55.137961,25.086278],[55.137853,25.086285],[55.137795,25.086389],[55.137905,25.08644],[55.138013,25.086433],[55.138072,25.086329],[55.137961,25.086278]]]}},{"type":"Feature","properties":{},"geometry":{"type":"Polygon","coordinates":[[[55.138747,25.087499],[55.138795,25.087585],[55.138903,25.087578],[55.139228,25.087429],[55.139022,25.087061],[55.138914,25.087068],[55.13859,25.087216],[55.138623,25.087276],[55.138579,25.087279],[55.1382,25.0875],[55.138253,25.087577],[55.138361,25.08757],[55.138414,25.08754],[55.138435,25.087572],[55.138543,25.087565],[55.138659,25.0875],[55.138747,25.087499]]]}},{"type":"Feature","properties":{},"geometry":{"type":"Polygon","coordinates":[[[55.138462,25.087909],[55.138506,25.087886],[55.138475,25.087836],[55.138367,25.087843],[55.138322,25.087866],[55.138354,25.087916],[55.138462,25.087909]]]}},{"type":"Feature","properties":{},"geometry":{"type":"Polygon","coordinates":[[[55.137345,25.088526],[55.137334,25.088622],[55.137475,25.088618],[55.137486,25.088522],[55.137345,25.088526]]]}},{"type":"Feature","properties":{},"geometry":{"type":"Polygon","coordinates":[[[55.137714,25.088714],[55.13777,25.088672],[55.13768,25.088574],[55.137572,25.088582],[55.137516,25.088624],[55.137606,25.088721],[55.137714,25.088714]]]}},{"type":"Feature","properties":{},"geometry":{"type":"Polygon","coordinates":[[[55.137519,25.088976],[55.137586,25.08893],[55.137534,25.088867],[55.137426,25.088875],[55.137359,25.08892],[55.137411,25.088983],[55.137519,25.088976]]]}},{"type":"Feature","properties":{},"geometry":{"type":"Polygon","coordinates":[[[55.138281,25.089046],[55.138365,25.088988],[55.138348,25.088968],[55.13839,25.088939],[55.138361,25.088905],[55.138253,25.088912],[55.138127,25.088999],[55.138173,25.089054],[55.138281,25.089046]]]}},{"type":"Feature","properties":{},"geometry":{"type":"Polygon","coordinates":[[[55.138634,25.089077],[55.138526,25.089084],[55.138238,25.08927],[55.1383,25.089349],[55.138408,25.089341],[55.138696,25.089155],[55.138634,25.089077]]]}},{"type":"Feature","properties":{},"geometry":{"type":"Polygon","coordinates":[[[55.137755,25.089634],[55.138197,25.089332],[55.137866,25.088935],[55.137758,25.088942],[55.137316,25.089244],[55.137647,25.089641],[55.137755,25.089634]]]}},{"type":"Feature","properties":{},"geometry":{"type":"Polygon","coordinates":[[[55.137042,25.089599],[55.136769,25.089485],[55.136661,25.089493],[55.136618,25.089576],[55.136675,25.089599],[55.136654,25.089601],[55.136638,25.089636],[55.136742,25.089674],[55.136839,25.089668],[55.136892,25.089689],[55.137,25.089682],[55.137042,25.089599]]]}},{"type":"Feature","properties":{},"geometry":{"type":"Polygon","coordinates":[[[55.138944,25.090213],[55.139052,25.090206],[55.139172,25.089951],[55.138987,25.08988],[55.138894,25.089886],[55.138918,25.08983],[55.138314,25.089612],[55.138206,25.089619],[55.138093,25.089877],[55.138697,25.090095],[55.138784,25.090089],[55.138759,25.090142],[55.138944,25.090213]]]}},{"type":"Feature","properties":{},"geometry":{"type":"Polygon","coordinates":[[[55.138843,25.090431],[55.138951,25.090424],[55.139003,25.090294],[55.138643,25.090176],[55.138647,25.090166],[55.138588,25.090143],[55.13848,25.09015],[55.138443,25.09023],[55.138504,25.090253],[55.13848,25.090312],[55.138843,25.090431]]]}},{"type":"Feature","properties":{},"geometry":{"type":"Polygon","coordinates":[[[55.138076,25.090834],[55.138191,25.090775],[55.138179,25.09074],[55.138299,25.090632],[55.138161,25.090501],[55.138053,25.090508],[55.137946,25.090603],[55.137846,25.090643],[55.137859,25.09066],[55.137701,25.090731],[55.137627,25.090736],[55.137538,25.090793],[55.137563,25.090845],[55.137487,25.090885],[55.137543,25.090979],[55.137498,25.091022],[55.137535,25.091056],[55.137514,25.091075],[55.137581,25.091139],[55.137745,25.091137],[55.137931,25.090962],[55.137896,25.090885],[55.137989,25.09084],[55.138076,25.090834]]]}},{"type":"Feature","properties":{},"geometry":{"type":"Polygon","coordinates":[[[55.137278,25.09101],[55.137212,25.09091],[55.137104,25.090917],[55.136871,25.09104],[55.136927,25.091134],[55.137035,25.091127],[55.137086,25.091109],[55.137108,25.091158],[55.137216,25.09115],[55.137274,25.091124],[55.137248,25.091078],[55.137138,25.091085],[55.137278,25.09101]]]}},{"type":"Feature","properties":{},"geometry":{"type":"Polygon","coordinates":[[[55.137297,25.094398],[55.137337,25.094382],[55.137351,25.09435],[55.137251,25.094204],[55.137109,25.094113],[55.136925,25.094036],[55.136603,25.094036],[55.136424,25.094081],[55.136274,25.094159],[55.136124,25.094369],[55.136131,25.094399],[55.136166,25.094415],[55.136625,25.094402],[55.136674,25.094356],[55.136748,25.094355],[55.13681,25.09441],[55.137297,25.094398]]]}},{"type":"Feature","properties":{},"geometry":{"type":"Polygon","coordinates":[[[55.137498,25.094815],[55.137546,25.094709],[55.137105,25.094543],[55.136997,25.09455],[55.136949,25.094655],[55.13739,25.094822],[55.137498,25.094815]]]}},{"type":"Feature","properties":{},"geometry":{"type":"Polygon","coordinates":[[[55.138011,25.095049],[55.137933,25.094971],[55.13785,25.094976],[55.1379,25.094928],[55.137746,25.094798],[55.137638,25.094805],[55.137534,25.094907],[55.137688,25.095037],[55.13776,25.095032],[55.137736,25.095051],[55.137874,25.095188],[55.137982,25.095181],[55.138026,25.095144],[55.137968,25.095085],[55.138011,25.095049]]]}},{"type":"Feature","properties":{},"geometry":{"type":"Polygon","coordinates":[[[55.139076,25.069863],[55.139133,25.069832],[55.139059,25.069722],[55.138951,25.069729],[55.138894,25.06976],[55.138968,25.06987],[55.139076,25.069863]]]}},{"type":"Feature","properties":{},"geometry":{"type":"Polygon","coordinates":[[[55.139836,25.070502],[55.139925,25.070439],[55.139865,25.07037],[55.139757,25.070378],[55.139669,25.070441],[55.139728,25.070509],[55.139836,25.070502]]]}},{"type":"Feature","properties":{},"geometry":{"type":"Polygon","coordinates":[[[55.142286,25.070836],[55.142494,25.070707],[55.142286,25.070433],[55.140963,25.070521],[55.140755,25.070651],[55.140963,25.070924],[55.142286,25.070836]]]}},{"type":"Feature","properties":{},"geometry":{"type":"Polygon","coordinates":[[[55.141544,25.071543],[55.141649,25.07166],[55.142963,25.071572],[55.143263,25.071351],[55.143069,25.071134],[55.142182,25.071193],[55.142072,25.071065],[55.140848,25.071147],[55.140647,25.071289],[55.140903,25.071586],[55.141544,25.071543]]]}},{"type":"Feature","properties":{},"geometry":{"type":"Polygon","coordinates":[[[55.141102,25.07204],[55.140994,25.072048],[55.140908,25.072118],[55.14095,25.072159],[55.141058,25.072152],[55.141144,25.072082],[55.141102,25.07204]]]}},{"type":"Feature","properties":{},"geometry":{"type":"Polygon","coordinates":[[[55.139076,25.076373],[55.139181,25.07634],[55.139245,25.076258],[55.139244,25.076157],[55.139218,25.076112],[55.139148,25.076061],[55.139064,25.076046],[55.138821,25.076062],[55.138719,25.076096],[55.138656,25.076179],[55.138659,25.07628],[55.138726,25.07636],[55.138833,25.076389],[55.139076,25.076373]]]}},{"type":"Feature","properties":{},"geometry":{"type":"Polygon","coordinates":[[[55.14167,25.077814],[55.141669,25.077789],[55.14152,25.077798],[55.141522,25.077823],[55.14167,25.077814]]]}},{"type":"Feature","properties":{},"geometry":{"type":"Polygon","coordinates":[[[55.142661,25.07928],[55.143222,25.079242],[55.143439,25.079065],[55.143449,25.079075],[55.143557,25.079068],[55.143658,25.078979],[55.143905,25.079208],[55.144013,25.0792],[55.144214,25.079022],[55.144149,25.078963],[55.144487,25.07894],[55.144687,25.078762],[55.144494,25.078584],[55.143682,25.078638],[55.143434,25.078858],[55.143398,25.078821],[55.142672,25.078869],[55.142617,25.078841],[55.142477,25.078847],[55.141658,25.079486],[55.141735,25.079559],[55.141567,25.07969],[55.141747,25.079858],[55.142201,25.079816],[55.142518,25.079593],[55.142389,25.079471],[55.142661,25.07928]]]}},{"type":"Feature","properties":{},"geometry":{"type":"Polygon","coordinates":[[[55.140485,25.079433],[55.139243,25.079515],[55.139031,25.079786],[55.139169,25.079924],[55.140411,25.079841],[55.140688,25.079575],[55.140485,25.079433]]]}},{"type":"Feature","properties":{},"geometry":{"type":"Polygon","coordinates":[[[55.139369,25.0841],[55.139278,25.084147],[55.139158,25.084238],[55.139121,25.084289],[55.139108,25.084352],[55.139012,25.084435],[55.139116,25.084534],[55.139404,25.084515],[55.139497,25.084432],[55.139947,25.084402],[55.140088,25.084352],[55.140115,25.08435],[55.140172,25.084394],[55.140237,25.084513],[55.140253,25.08461],[55.140237,25.084692],[55.140199,25.084762],[55.140202,25.084825],[55.140276,25.084882],[55.140339,25.084885],[55.14031,25.084892],[55.140624,25.085191],[55.140591,25.085215],[55.14047,25.085223],[55.140388,25.085254],[55.140356,25.085283],[55.140322,25.085355],[55.140315,25.08534],[55.140207,25.085347],[55.140144,25.085371],[55.140207,25.085505],[55.140315,25.085498],[55.14036,25.085481],[55.140399,25.085512],[55.140484,25.085538],[55.140973,25.085506],[55.141024,25.085488],[55.141066,25.085458],[55.141111,25.085372],[55.141102,25.085296],[55.141077,25.085249],[55.141754,25.084715],[55.141469,25.084418],[55.141361,25.084425],[55.141107,25.084625],[55.14114,25.084659],[55.141116,25.084679],[55.14124,25.084807],[55.14109,25.084925],[55.141126,25.084962],[55.141109,25.084976],[55.14085,25.084709],[55.140893,25.084706],[55.140887,25.084559],[55.140926,25.084549],[55.140886,25.084434],[55.1408,25.084299],[55.140894,25.084225],[55.140795,25.084125],[55.140609,25.084137],[55.140444,25.08406],[55.140156,25.084079],[55.140145,25.084092],[55.140108,25.084051],[55.14003,25.084056],[55.139985,25.084021],[55.140072,25.084015],[55.14061,25.083586],[55.140373,25.083342],[55.140265,25.083349],[55.139727,25.083778],[55.139895,25.083952],[55.139837,25.083907],[55.139549,25.083926],[55.139369,25.0841]]]}},{"type":"Feature","properties":{},"geometry":{"type":"Polygon","coordinates":[[[55.140118,25.085135],[55.140107,25.085086],[55.140088,25.085067],[55.140038,25.085054],[55.139962,25.085075],[55.13994,25.085141],[55.139969,25.08518],[55.140014,25.085194],[55.140089,25.085178],[55.140118,25.085135]]]}},{"type":"Feature","properties":{},"geometry":{"type":"Polygon","coordinates":[[[55.139446,25.085612],[55.139516,25.085567],[55.13954,25.085496],[55.139512,25.085426],[55.139443,25.085384],[55.139402,25.08538],[55.139294,25.085387],[55.139217,25.085415],[55.139173,25.085481],[55.139172,25.085522],[55.139213,25.085593],[55.139294,25.085624],[55.139446,25.085612]]]}},{"type":"Feature","properties":{},"geometry":{"type":"Polygon","coordinates":[[[55.140229,25.085969],[55.140305,25.085906],[55.140223,25.085826],[55.140115,25.085833],[55.14004,25.085896],[55.140121,25.085976],[55.140229,25.085969]]]}},{"type":"Feature","properties":{},"geometry":{"type":"Polygon","coordinates":[[[55.141066,25.086301],[55.141094,25.086358],[55.141163,25.08643],[55.14122,25.086426],[55.141276,25.08638],[55.141316,25.086426],[55.141429,25.086481],[55.141487,25.086477],[55.14177,25.086275],[55.141194,25.085622],[55.141216,25.085607],[55.141155,25.085537],[55.141125,25.085539],[55.141112,25.085525],[55.141054,25.085529],[55.140788,25.085733],[55.140896,25.085858],[55.140824,25.085911],[55.141036,25.086157],[55.141114,25.086173],[55.141066,25.086259],[55.141066,25.086301]]]}},{"type":"Feature","properties":{},"geometry":{"type":"Polygon","coordinates":[[[55.139246,25.086162],[55.139061,25.08617],[55.139063,25.08645],[55.139434,25.086441],[55.139431,25.08611],[55.139246,25.086118],[55.139246,25.086162]]]}},{"type":"Feature","properties":{},"geometry":{"type":"Polygon","coordinates":[[[55.139775,25.086425],[55.13929,25.086756],[55.139362,25.086842],[55.13947,25.086835],[55.13985,25.086575],[55.139838,25.086561],[55.139942,25.086489],[55.139883,25.086418],[55.139775,25.086425]]]}},{"type":"Feature","properties":{},"geometry":{"type":"Polygon","coordinates":[[[55.139251,25.086754],[55.139245,25.086602],[55.139303,25.086599],[55.1393,25.086517],[55.138907,25.08653],[55.138916,25.086777],[55.139066,25.086771],[55.139065,25.08676],[55.139251,25.086754]]]}},{"type":"Feature","properties":{},"geometry":{"type":"Polygon","coordinates":[[[55.140827,25.086935],[55.14087,25.086898],[55.140896,25.08685],[55.140903,25.086797],[55.14089,25.086745],[55.140858,25.0867],[55.140811,25.086668],[55.140754,25.086652],[55.140587,25.086662],[55.140496,25.086711],[55.140454,25.086799],[55.140479,25.086893],[55.140513,25.08693],[55.140611,25.086967],[55.140773,25.086956],[55.140827,25.086935]]]}},{"type":"Feature","properties":{},"geometry":{"type":"Polygon","coordinates":[[[55.139848,25.087016],[55.140022,25.087015],[55.140129,25.086933],[55.140008,25.086823],[55.1399,25.08683],[55.1398,25.086887],[55.139799,25.086963],[55.139848,25.087016]]]}},{"type":"Feature","properties":{},"geometry":{"type":"Polygon","coordinates":[[[55.13944,25.087249],[55.139562,25.087158],[55.139424,25.087005],[55.139316,25.087013],[55.139194,25.087103],[55.139332,25.087256],[55.13944,25.087249]]]}},{"type":"Feature","properties":{},"geometry":{"type":"Polygon","coordinates":[[[55.139908,25.087599],[55.140124,25.087584],[55.140211,25.087522],[55.140872,25.087478],[55.141391,25.087098],[55.141283,25.086976],[55.140601,25.087013],[55.140523,25.086975],[55.140307,25.086989],[55.139733,25.087399],[55.139908,25.087599]]]}},{"type":"Feature","properties":{},"geometry":{"type":"Polygon","coordinates":[[[55.141826,25.087909],[55.141872,25.08788],[55.141826,25.087822],[55.141718,25.087829],[55.141672,25.087859],[55.141718,25.087917],[55.141826,25.087909]]]}},{"type":"Feature","properties":{},"geometry":{"type":"Polygon","coordinates":[[[55.138737,25.088115],[55.138848,25.088079],[55.13883,25.088034],[55.138722,25.088041],[55.138611,25.088077],[55.138629,25.088122],[55.138737,25.088115]]]}},{"type":"Feature","properties":{},"geometry":{"type":"Polygon","coordinates":[[[55.138808,25.088725],[55.138916,25.088718],[55.139119,25.088592],[55.139049,25.088498],[55.138834,25.088495],[55.138695,25.088596],[55.138723,25.088627],[55.138747,25.088625],[55.138737,25.088632],[55.138808,25.088725]]]}},{"type":"Feature","properties":{},"geometry":{"type":"Polygon","coordinates":[[[55.141174,25.088449],[55.14068,25.088894],[55.140789,25.088992],[55.140897,25.088985],[55.140963,25.088926],[55.140918,25.088882],[55.141026,25.088875],[55.141393,25.088544],[55.141282,25.088442],[55.141174,25.088449]]]}},{"type":"Feature","properties":{},"geometry":{"type":"Polygon","coordinates":[[[55.139065,25.089618],[55.138957,25.089626],[55.1389,25.089659],[55.139048,25.089842],[55.139156,25.089834],[55.139213,25.089797],[55.139065,25.089618]]]}},{"type":"Feature","properties":{},"geometry":{"type":"Polygon","coordinates":[[[55.139477,25.090021],[55.139456,25.090003],[55.139348,25.09001],[55.139331,25.090026],[55.139351,25.090043],[55.139459,25.090036],[55.139477,25.090021]]]}},{"type":"Feature","properties":{},"geometry":{"type":"Polygon","coordinates":[[[55.138586,25.090394],[55.138478,25.090401],[55.138421,25.090519],[55.13864,25.090605],[55.138748,25.090598],[55.138805,25.09048],[55.138586,25.090394]]]}},{"type":"Feature","properties":{},"geometry":{"type":"Polygon","coordinates":[[[55.142706,25.068803],[55.144124,25.068709],[55.144156,25.068688],[55.144198,25.068685],[55.144251,25.068649],[55.144158,25.068495],[55.144104,25.068441],[55.144039,25.068417],[55.143958,25.06841],[55.143052,25.068471],[55.142938,25.068342],[55.14283,25.068349],[55.142751,25.068406],[55.142822,25.068486],[55.142541,25.068505],[55.142446,25.068575],[55.142493,25.068705],[55.142597,25.068776],[55.142706,25.068803]]]}},{"type":"Feature","properties":{},"geometry":{"type":"Polygon","coordinates":[[[55.142229,25.069246],[55.142298,25.0693],[55.14238,25.069417],[55.143073,25.069371],[55.143188,25.069459],[55.143287,25.069511],[55.144757,25.06941],[55.144821,25.069371],[55.144868,25.06931],[55.144814,25.069194],[55.144619,25.069033],[55.14451,25.069041],[55.144552,25.068999],[55.144508,25.068962],[55.144401,25.068969],[55.144331,25.068906],[55.144277,25.06891],[55.144251,25.068877],[55.142541,25.068991],[55.142411,25.06905],[55.142229,25.069246]]]}},{"type":"Feature","properties":{},"geometry":{"type":"Polygon","coordinates":[[[55.145855,25.069609],[55.144195,25.069719],[55.143814,25.07],[55.144007,25.070215],[55.145668,25.070105],[55.146049,25.069824],[55.145855,25.069609]]]}},{"type":"Feature","properties":{},"geometry":{"type":"Polygon","coordinates":[[[55.145436,25.070905],[55.145492,25.070901],[55.145852,25.070621],[55.145471,25.070209],[55.145363,25.070216],[55.144999,25.070516],[55.145074,25.070593],[55.143719,25.070683],[55.143449,25.070891],[55.143714,25.071174],[55.144824,25.071101],[55.14508,25.071365],[55.145188,25.071358],[55.145535,25.071082],[55.145394,25.070937],[55.145436,25.070905]]]}},{"type":"Feature","properties":{},"geometry":{"type":"Polygon","coordinates":[[[55.142377,25.072272],[55.142495,25.072335],[55.142652,25.072324],[55.142563,25.072352],[55.142579,25.072394],[55.142687,25.072387],[55.142781,25.072358],[55.142765,25.072317],[55.142907,25.072307],[55.143096,25.072514],[55.144199,25.072441],[55.144472,25.072236],[55.144253,25.071997],[55.143751,25.07203],[55.143632,25.071903],[55.14496,25.071815],[55.14527,25.071586],[55.145079,25.071374],[55.143706,25.071465],[55.143396,25.071694],[55.143571,25.071888],[55.14296,25.071929],[55.142856,25.071806],[55.141506,25.071895],[55.141308,25.072032],[55.141519,25.072283],[55.142327,25.072229],[55.142377,25.072272]]]}},{"type":"Feature","properties":{},"geometry":{"type":"Polygon","coordinates":[[[55.143667,25.072529],[55.142419,25.072612],[55.142146,25.072817],[55.142365,25.073056],[55.143693,25.072968],[55.143966,25.072762],[55.143788,25.072568],[55.143817,25.072527],[55.143784,25.072509],[55.143676,25.072516],[55.143667,25.072529]]]}},{"type":"Feature","properties":{},"geometry":{"type":"Polygon","coordinates":[[[55.145186,25.073337],[55.145206,25.073304],[55.145149,25.073276],[55.145041,25.073283],[55.145021,25.073316],[55.145078,25.073344],[55.145186,25.073337]]]}},{"type":"Feature","properties":{},"geometry":{"type":"Polygon","coordinates":[[[55.143934,25.074168],[55.143993,25.074226],[55.145305,25.074138],[55.14549,25.073983],[55.145716,25.073958],[55.145711,25.073932],[55.14553,25.07395],[55.145739,25.073923],[55.14573,25.073847],[55.14566,25.073847],[55.145657,25.073813],[55.145549,25.073821],[55.145412,25.073687],[55.144554,25.073744],[55.144505,25.073693],[55.14325,25.073777],[55.143045,25.07394],[55.143306,25.07421],[55.143934,25.074168]]]}},{"type":"Feature","properties":{},"geometry":{"type":"Polygon","coordinates":[[[55.14301,25.073976],[55.142902,25.073983],[55.142756,25.074104],[55.142797,25.074144],[55.142905,25.074137],[55.143051,25.074016],[55.14301,25.073976]]]}},{"type":"Feature","properties":{},"geometry":{"type":"Polygon","coordinates":[[[55.145352,25.07526],[55.145094,25.075434],[55.145281,25.075661],[55.146631,25.075571],[55.146894,25.075393],[55.14675,25.075225],[55.146807,25.075221],[55.146877,25.075171],[55.146804,25.075088],[55.14686,25.075049],[55.146827,25.075011],[55.147001,25.074999],[55.147262,25.074804],[55.147034,25.074554],[55.146186,25.07461],[55.146071,25.074489],[55.145329,25.074538],[55.145121,25.074331],[55.143866,25.074414],[55.143638,25.074602],[55.143907,25.074869],[55.144544,25.074827],[55.14471,25.075003],[55.14537,25.074959],[55.145497,25.075099],[55.146549,25.075029],[55.146673,25.075172],[55.145352,25.07526]]]}},{"type":"Feature","properties":{},"geometry":{"type":"Polygon","coordinates":[[[55.144117,25.075123],[55.144082,25.075153],[55.144214,25.07528],[55.144322,25.075272],[55.144367,25.075234],[55.144271,25.07514],[55.144251,25.075142],[55.144225,25.075116],[55.144117,25.075123]]]}},{"type":"Feature","properties":{},"geometry":{"type":"Polygon","coordinates":[[[55.145109,25.075313],[55.145146,25.075289],[55.145123,25.07526],[55.145015,25.075267],[55.144978,25.075291],[55.145001,25.07532],[55.145109,25.075313]]]}},{"type":"Feature","properties":{},"geometry":{"type":"Polygon","coordinates":[[[55.144895,25.075479],[55.144787,25.075486],[55.144776,25.07553],[55.144829,25.07554],[55.144937,25.075533],[55.144948,25.075489],[55.144895,25.075479]]]}},{"type":"Feature","properties":{},"geometry":{"type":"Polygon","coordinates":[[[55.145266,25.076456],[55.145329,25.07648],[55.145438,25.076483],[55.146053,25.076442],[55.146124,25.076522],[55.146196,25.076518],[55.146289,25.076599],[55.146317,25.076597],[55.146434,25.076502],[55.147481,25.076432],[55.147748,25.076237],[55.147581,25.076049],[55.146756,25.076104],[55.146659,25.076006],[55.14628,25.076031],[55.146241,25.07599],[55.146171,25.075985],[55.146142,25.075987],[55.146069,25.076045],[55.145466,25.076085],[55.145414,25.076032],[55.145385,25.076034],[55.145092,25.076267],[55.145266,25.076456]]]}},{"type":"Feature","properties":{},"geometry":{"type":"Polygon","coordinates":[[[55.144736,25.076238],[55.144787,25.076196],[55.144655,25.076065],[55.144547,25.076072],[55.144496,25.076114],[55.144628,25.076245],[55.144736,25.076238]]]}},{"type":"Feature","properties":{},"geometry":{"type":"Polygon","coordinates":[[[55.142948,25.077819],[55.142899,25.077767],[55.14273,25.077776],[55.142588,25.077874],[55.142589,25.077918],[55.142291,25.078142],[55.142329,25.078183],[55.142273,25.078209],[55.142374,25.078316],[55.142529,25.078308],[55.142721,25.07816],[55.14272,25.078119],[55.142771,25.078116],[55.142952,25.077976],[55.142948,25.077819]]]}},{"type":"Feature","properties":{},"geometry":{"type":"Polygon","coordinates":[[[55.144162,25.078288],[55.144078,25.078202],[55.143114,25.078259],[55.142913,25.078412],[55.143079,25.078568],[55.143173,25.078561],[55.143344,25.078727],[55.143452,25.07872],[55.143668,25.078537],[55.14366,25.078529],[55.143889,25.078514],[55.144162,25.078288]]]}},{"type":"Feature","properties":{},"geometry":{"type":"Polygon","coordinates":[[[55.143086,25.079344],[55.142796,25.079617],[55.142951,25.079752],[55.14358,25.07971],[55.143431,25.07981],[55.143457,25.079842],[55.143413,25.079871],[55.143454,25.07992],[55.14314,25.079941],[55.14294,25.080118],[55.143153,25.080316],[55.143309,25.080541],[55.143455,25.080712],[55.143669,25.080858],[55.143836,25.080943],[55.143944,25.080935],[55.14426,25.080784],[55.144371,25.080714],[55.145348,25.080649],[55.145314,25.080689],[55.145355,25.080717],[55.145432,25.080712],[55.145556,25.080836],[55.146294,25.080787],[55.14645,25.0807],[55.14652,25.080636],[55.146573,25.080557],[55.146439,25.080423],[55.145899,25.080459],[55.145951,25.080419],[55.145924,25.080391],[55.146099,25.080379],[55.146236,25.080255],[55.146182,25.080168],[55.146112,25.080093],[55.145942,25.079986],[55.145222,25.080034],[55.14523,25.080027],[55.145207,25.080004],[55.145458,25.079787],[55.145309,25.079647],[55.144751,25.079684],[55.144439,25.079955],[55.144587,25.080095],[55.144719,25.080086],[55.144685,25.080129],[55.144748,25.080171],[55.144856,25.080163],[55.144894,25.080116],[55.144837,25.080078],[55.144879,25.080075],[55.144973,25.080164],[55.145067,25.080157],[55.145179,25.080262],[55.144341,25.080318],[55.144076,25.080526],[55.143856,25.080654],[55.14361,25.080401],[55.143481,25.080294],[55.144098,25.080253],[55.144299,25.080076],[55.144085,25.079878],[55.143596,25.079911],[55.143651,25.079874],[55.143673,25.0799],[55.143781,25.079892],[55.143866,25.079832],[55.143828,25.079789],[55.143812,25.07979],[55.143831,25.079774],[55.143768,25.079698],[55.144545,25.079658],[55.144906,25.079378],[55.144798,25.079263],[55.144481,25.079284],[55.144419,25.079218],[55.144357,25.079225],[55.144386,25.079195],[55.144308,25.079113],[55.14425,25.079117],[55.144078,25.079252],[55.144101,25.079277],[55.143086,25.079344]]]}},{"type":"Feature","properties":{},"geometry":{"type":"Polygon","coordinates":[[[55.143791,25.080348],[55.143836,25.080396],[55.143814,25.080414],[55.14386,25.080462],[55.143968,25.080455],[55.144042,25.080396],[55.143949,25.080301],[55.143841,25.080308],[55.143791,25.080348]]]}},{"type":"Feature","properties":{},"geometry":{"type":"Polygon","coordinates":[[[55.142287,25.082013],[55.142158,25.082085],[55.142174,25.082132],[55.142303,25.082161],[55.143595,25.082075],[55.143689,25.082065],[55.143815,25.082007],[55.143807,25.081946],[55.143691,25.081917],[55.142287,25.082013]]]}},{"type":"Feature","properties":{},"geometry":{"type":"Polygon","coordinates":[[[55.144698,25.082166],[55.143762,25.082228],[55.143695,25.082286],[55.14367,25.082264],[55.143616,25.082268],[55.143438,25.082415],[55.143491,25.082461],[55.143433,25.082509],[55.143031,25.083175],[55.143252,25.083272],[55.143535,25.083213],[55.143691,25.082701],[55.144573,25.082642],[55.144902,25.082361],[55.144698,25.082166]]]}},{"type":"Feature","properties":{},"geometry":{"type":"Polygon","coordinates":[[[55.144442,25.082899],[55.144399,25.083017],[55.144481,25.083109],[55.146047,25.083005],[55.146241,25.082865],[55.146109,25.082716],[55.144542,25.08282],[55.144442,25.082899]]]}},{"type":"Feature","properties":{},"geometry":{"type":"Polygon","coordinates":[[[55.144645,25.08323],[55.144758,25.083351],[55.144199,25.083388],[55.143991,25.083583],[55.144143,25.083716],[55.144221,25.08371],[55.144195,25.083717],[55.144232,25.083834],[55.14434,25.083827],[55.14454,25.083775],[55.144514,25.083691],[55.145024,25.083657],[55.145127,25.08356],[55.145875,25.08351],[55.146057,25.083359],[55.145907,25.083211],[55.144949,25.083274],[55.144838,25.083159],[55.14473,25.083166],[55.144645,25.08323]]]}},{"type":"Feature","properties":{},"geometry":{"type":"Polygon","coordinates":[[[55.143387,25.084142],[55.143495,25.084135],[55.143557,25.084028],[55.143541,25.084021],[55.143582,25.083949],[55.143476,25.083899],[55.143368,25.083906],[55.143265,25.084084],[55.143387,25.084142]]]}},{"type":"Feature","properties":{},"geometry":{"type":"Polygon","coordinates":[[[55.142592,25.085587],[55.142679,25.085527],[55.142763,25.08506],[55.142803,25.084979],[55.142272,25.084873],[55.142128,25.084883],[55.141947,25.085022],[55.142448,25.085597],[55.142592,25.085587]]]}},{"type":"Feature","properties":{},"geometry":{"type":"Polygon","coordinates":[[[55.144847,25.085663],[55.144962,25.085655],[55.145218,25.085447],[55.14506,25.08491],[55.144964,25.084878],[55.144849,25.084886],[55.144421,25.085233],[55.144847,25.085663]]]}},{"type":"Feature","properties":{},"geometry":{"type":"Polygon","coordinates":[[[55.142171,25.085891],[55.142482,25.085661],[55.141977,25.085101],[55.141891,25.085107],[55.14158,25.085337],[55.142085,25.085897],[55.142171,25.085891]]]}},{"type":"Feature","properties":{},"geometry":{"type":"Polygon","coordinates":[[[55.143932,25.085129],[55.143914,25.085143],[55.143889,25.085117],[55.143803,25.085123],[55.143457,25.085396],[55.143484,25.085423],[55.14343,25.085466],[55.143869,25.085922],[55.143812,25.085967],[55.144084,25.08625],[55.14417,25.086244],[55.144729,25.085833],[55.144018,25.085123],[55.143932,25.085129]]]}},{"type":"Feature","properties":{},"geometry":{"type":"Polygon","coordinates":[[[55.143009,25.0862],[55.143153,25.086381],[55.143441,25.086679],[55.143528,25.086674],[55.143895,25.086383],[55.143157,25.085619],[55.143071,25.085624],[55.142956,25.085715],[55.143009,25.0862]]]}},{"type":"Feature","properties":{},"geometry":{"type":"Polygon","coordinates":[[[55.142885,25.087198],[55.142922,25.087165],[55.142815,25.087066],[55.142707,25.087074],[55.142669,25.087107],[55.142777,25.087206],[55.142885,25.087198]]]}},{"type":"Feature","properties":{},"geometry":{"type":"Polygon","coordinates":[[[55.142395,25.0876],[55.142798,25.08728],[55.142406,25.086874],[55.142298,25.086881],[55.141895,25.087201],[55.142287,25.087607],[55.142395,25.0876]]]}},{"type":"Feature","properties":{},"geometry":{"type":"Polygon","coordinates":[[[55.14298,25.087358],[55.142932,25.087308],[55.142824,25.087315],[55.14278,25.087349],[55.142828,25.0874],[55.142936,25.087393],[55.14298,25.087358]]]}},{"type":"Feature","properties":{},"geometry":{"type":"Polygon","coordinates":[[[55.145258,25.087751],[55.145147,25.087704],[55.145039,25.087711],[55.14502,25.087748],[55.145131,25.087795],[55.145239,25.087788],[55.145258,25.087751]]]}},{"type":"Feature","properties":{},"geometry":{"type":"Polygon","coordinates":[[[55.14349,25.087839],[55.143382,25.087846],[55.143242,25.088017],[55.143308,25.088062],[55.143416,25.088054],[55.143556,25.087883],[55.14349,25.087839]]]}},{"type":"Feature","properties":{},"geometry":{"type":"Polygon","coordinates":[[[55.143962,25.088075],[55.14382,25.087916],[55.143712,25.087923],[55.143456,25.08811],[55.143701,25.088385],[55.143686,25.088395],[55.143825,25.088551],[55.143933,25.088543],[55.143967,25.088519],[55.144001,25.088558],[55.144109,25.08855],[55.144419,25.088324],[55.144204,25.088084],[55.144125,25.088089],[55.144092,25.088052],[55.143984,25.088059],[55.143962,25.088075]]]}},{"type":"Feature","properties":{},"geometry":{"type":"Polygon","coordinates":[[[55.143213,25.088329],[55.143265,25.088279],[55.143185,25.08821],[55.143077,25.088217],[55.143025,25.088267],[55.143105,25.088336],[55.143213,25.088329]]]}},{"type":"Feature","properties":{},"geometry":{"type":"Polygon","coordinates":[[[55.144552,25.088806],[55.144846,25.088627],[55.144618,25.08832],[55.14451,25.088328],[55.144216,25.088506],[55.144444,25.088813],[55.144552,25.088806]]]}},{"type":"Feature","properties":{},"geometry":{"type":"Polygon","coordinates":[[[55.142855,25.088727],[55.14296,25.088641],[55.142871,25.088551],[55.142763,25.088558],[55.142657,25.088644],[55.142747,25.088734],[55.142855,25.088727]]]}},{"type":"Feature","properties":{},"geometry":{"type":"Polygon","coordinates":[[[55.143194,25.089068],[55.143489,25.088835],[55.143209,25.088544],[55.143101,25.088551],[55.142806,25.088784],[55.143086,25.089075],[55.143194,25.089068]]]}},{"type":"Feature","properties":{},"geometry":{"type":"Polygon","coordinates":[[[55.143782,25.088938],[55.143566,25.088952],[55.143236,25.089212],[55.143533,25.089511],[55.143681,25.089501],[55.143598,25.089566],[55.144534,25.090534],[55.14475,25.090519],[55.144989,25.090326],[55.145472,25.090294],[55.1456,25.090232],[55.145393,25.089938],[55.14561,25.089776],[55.145305,25.089441],[55.145681,25.089463],[55.145789,25.089456],[55.145815,25.089101],[55.145427,25.089078],[55.145319,25.089085],[55.145294,25.089428],[55.145149,25.089269],[55.144976,25.08928],[55.14476,25.089441],[55.144322,25.08947],[55.144191,25.089336],[55.144535,25.08931],[55.144657,25.089156],[55.144645,25.08915],[55.144797,25.089053],[55.144727,25.088963],[55.144619,25.08897],[55.144491,25.089052],[55.144443,25.089002],[55.143888,25.089039],[55.143782,25.088938]],[[55.144849,25.089888],[55.144739,25.089895],[55.144702,25.089857],[55.144814,25.08985],[55.144849,25.089888]]]}},{"type":"Feature","properties":{},"geometry":{"type":"Polygon","coordinates":[[[55.143295,25.089103],[55.143187,25.08911],[55.143129,25.089162],[55.143162,25.089192],[55.14327,25.089185],[55.143328,25.089133],[55.143295,25.089103]]]}},{"type":"Feature","properties":{},"geometry":{"type":"Polygon","coordinates":[[[55.142784,25.089354],[55.142828,25.089338],[55.142812,25.089302],[55.142704,25.089309],[55.14266,25.089326],[55.142676,25.089361],[55.142784,25.089354]]]}},{"type":"Feature","properties":{},"geometry":{"type":"Polygon","coordinates":[[[55.142821,25.089407],[55.1428,25.089383],[55.142692,25.08939],[55.142655,25.089417],[55.142726,25.089489],[55.142834,25.089481],[55.142905,25.089431],[55.142881,25.089403],[55.142821,25.089407]]]}},{"type":"Feature","properties":{},"geometry":{"type":"Polygon","coordinates":[[[55.144406,25.090722],[55.144298,25.090729],[55.144238,25.090803],[55.144302,25.090846],[55.14441,25.090839],[55.14447,25.090765],[55.144406,25.090722]]]}},{"type":"Feature","properties":{},"geometry":{"type":"Polygon","coordinates":[[[55.142986,25.093179],[55.143274,25.093463],[55.143562,25.093444],[55.143944,25.093126],[55.14438,25.093097],[55.144496,25.093076],[55.144575,25.093014],[55.144575,25.092965],[55.144503,25.092897],[55.144375,25.092884],[55.144223,25.092895],[55.144438,25.092716],[55.144886,25.092686],[55.145002,25.092664],[55.145081,25.092603],[55.145081,25.092554],[55.145009,25.092486],[55.144881,25.092473],[55.144717,25.092484],[55.144948,25.092291],[55.145409,25.092261],[55.145525,25.092239],[55.145604,25.092177],[55.145604,25.092129],[55.145532,25.092061],[55.145404,25.092048],[55.145196,25.092062],[55.144921,25.091791],[55.144633,25.09181],[55.142986,25.093179]]]}},{"type":"Feature","properties":{},"geometry":{"type":"Polygon","coordinates":[[[55.142925,25.093337],[55.142817,25.093344],[55.140991,25.094817],[55.141219,25.09505],[55.141327,25.095042],[55.143154,25.09357],[55.142925,25.093337]]]}},{"type":"Feature","properties":{},"geometry":{"type":"Polygon","coordinates":[[[55.144912,25.068173],[55.144851,25.068257],[55.144882,25.068275],[55.14487,25.068294],[55.145034,25.068469],[55.145062,25.068467],[55.145072,25.068488],[55.146133,25.068418],[55.146396,25.068716],[55.146524,25.068795],[55.14578,25.068844],[55.145761,25.068873],[55.145729,25.068875],[55.145672,25.068942],[55.145693,25.068961],[55.145631,25.069044],[55.145663,25.069062],[55.14565,25.069081],[55.145815,25.069257],[55.145842,25.069255],[55.145852,25.069276],[55.147472,25.069168],[55.147593,25.069148],[55.14768,25.069105],[55.14767,25.069087],[55.147715,25.069064],[55.147612,25.068916],[55.147401,25.068736],[55.146887,25.068771],[55.146876,25.068719],[55.146645,25.068577],[55.146484,25.068395],[55.146813,25.06836],[55.146899,25.068318],[55.146889,25.068299],[55.146905,25.068292],[55.146921,25.068299],[55.147037,25.068702],[55.147148,25.06875],[55.147256,25.068743],[55.147359,25.068716],[55.14737,25.068541],[55.147241,25.068134],[55.146923,25.067995],[55.146926,25.067946],[55.146873,25.067923],[55.146945,25.067904],[55.146818,25.067503],[55.14671,25.06751],[55.146582,25.067543],[55.146679,25.067866],[55.146667,25.067889],[55.146493,25.067934],[55.14648,25.067958],[55.14641,25.067963],[55.146422,25.067895],[55.146157,25.067594],[55.146031,25.067604],[55.146021,25.067663],[55.145989,25.067627],[55.146025,25.067579],[55.146436,25.067508],[55.1465,25.067422],[55.146589,25.067416],[55.146616,25.067262],[55.146512,25.067247],[55.146574,25.066891],[55.146508,25.066581],[55.146316,25.066463],[55.146191,25.066445],[55.146083,25.066452],[55.145915,25.066677],[55.145926,25.066733],[55.145862,25.066779],[55.145754,25.066764],[55.145646,25.066771],[55.145589,25.067097],[55.14578,25.068005],[55.145,25.068057],[55.144981,25.068086],[55.144948,25.068088],[55.144892,25.068155],[55.144912,25.068173]]]}},{"type":"Feature","properties":{},"geometry":{"type":"Polygon","coordinates":[[[55.147155,25.070605],[55.147256,25.070518],[55.147233,25.070495],[55.147295,25.070491],[55.147393,25.070414],[55.147344,25.070363],[55.147433,25.070357],[55.147531,25.070281],[55.147503,25.070251],[55.14757,25.070247],[55.147668,25.07017],[55.147644,25.070146],[55.147731,25.07014],[55.14793,25.06999],[55.147873,25.069929],[55.147978,25.069922],[55.148075,25.069846],[55.148065,25.069835],[55.148089,25.069834],[55.148187,25.069757],[55.14814,25.069709],[55.148234,25.069703],[55.14833,25.069624],[55.14838,25.069621],[55.148478,25.069544],[55.148448,25.069513],[55.148493,25.069511],[55.14859,25.069434],[55.148549,25.06939],[55.148622,25.069385],[55.148719,25.069309],[55.148706,25.069295],[55.148777,25.069291],[55.148875,25.069214],[55.148841,25.069179],[55.148918,25.069174],[55.149016,25.069097],[55.14899,25.06907],[55.149037,25.069067],[55.149135,25.068991],[55.149104,25.068959],[55.149169,25.068954],[55.149266,25.068878],[55.149256,25.068867],[55.149309,25.068863],[55.149407,25.068786],[55.149374,25.068752],[55.149438,25.068748],[55.149536,25.068671],[55.149449,25.06858],[55.149341,25.068587],[55.149243,25.068664],[55.149276,25.068698],[55.149212,25.068702],[55.149114,25.068779],[55.149125,25.06879],[55.149071,25.068794],[55.148974,25.06887],[55.149004,25.068902],[55.14894,25.068907],[55.148842,25.068983],[55.148868,25.06901],[55.14882,25.069014],[55.148723,25.06909],[55.148756,25.069125],[55.14868,25.06913],[55.148582,25.069207],[55.148595,25.06922],[55.148524,25.069225],[55.148426,25.069301],[55.148468,25.069345],[55.148395,25.06935],[55.148298,25.069427],[55.148327,25.069458],[55.148283,25.069461],[55.148186,25.069539],[55.148136,25.069542],[55.148039,25.069619],[55.148085,25.069667],[55.147992,25.069673],[55.147894,25.06975],[55.147904,25.06976],[55.14788,25.069762],[55.147783,25.069838],[55.147837,25.069896],[55.147733,25.069903],[55.147536,25.070056],[55.147559,25.07008],[55.147473,25.070086],[55.147375,25.070163],[55.147403,25.070192],[55.147336,25.070197],[55.147238,25.070273],[55.147286,25.070323],[55.147196,25.070329],[55.147099,25.070406],[55.14711,25.070418],[55.147039,25.070423],[55.146939,25.070511],[55.147047,25.070613],[55.147155,25.070605]]]}},{"type":"Feature","properties":{},"geometry":{"type":"Polygon","coordinates":[[[55.147176,25.070256],[55.147068,25.070264],[55.147032,25.070318],[55.14706,25.070333],[55.147168,25.070326],[55.147204,25.070271],[55.147176,25.070256]]]}},{"type":"Feature","properties":{},"geometry":{"type":"Polygon","coordinates":[[[55.147204,25.070774],[55.147192,25.070641],[55.146923,25.070661],[55.146935,25.070793],[55.147204,25.070774]]]}},{"type":"Feature","properties":{},"geometry":{"type":"Polygon","coordinates":[[[55.147393,25.070894],[55.147406,25.070954],[55.14764,25.070924],[55.147615,25.070812],[55.147381,25.070842],[55.147387,25.070868],[55.147279,25.070784],[55.147171,25.070791],[55.147088,25.070878],[55.147214,25.070976],[55.147322,25.070969],[55.147393,25.070894]]]}},{"type":"Feature","properties":{},"geometry":{"type":"Polygon","coordinates":[[[55.146215,25.071506],[55.146241,25.071533],[55.146218,25.071551],[55.146382,25.071724],[55.146428,25.071721],[55.146438,25.071733],[55.146546,25.071725],[55.146785,25.071541],[55.146758,25.071513],[55.146797,25.071492],[55.146564,25.071263],[55.146456,25.07127],[55.146432,25.071289],[55.14646,25.071317],[55.146215,25.071506]]]}},{"type":"Feature","properties":{},"geometry":{"type":"Polygon","coordinates":[[[55.144994,25.071952],[55.145041,25.071997],[55.144721,25.072266],[55.145061,25.072599],[55.145614,25.072562],[55.145632,25.072548],[55.146057,25.072519],[55.146261,25.072728],[55.146307,25.072725],[55.146277,25.07275],[55.146538,25.07301],[55.146646,25.073003],[55.146826,25.072854],[55.146813,25.072841],[55.146888,25.072836],[55.147024,25.072729],[55.146769,25.072463],[55.146701,25.072467],[55.146753,25.072426],[55.14663,25.072299],[55.146522,25.072306],[55.146436,25.072371],[55.146277,25.072382],[55.146519,25.072179],[55.146171,25.07182],[55.146251,25.071758],[55.146007,25.0715],[55.145933,25.071505],[55.145979,25.07147],[55.145873,25.071355],[55.145765,25.071362],[55.145722,25.071395],[55.145692,25.071397],[55.14564,25.071443],[55.145694,25.071494],[55.145735,25.071491],[55.14561,25.071585],[55.145494,25.071584],[55.145451,25.071616],[55.145388,25.07162],[55.144994,25.071952]]]}},{"type":"Feature","properties":{},"geometry":{"type":"Polygon","coordinates":[[[55.146867,25.07195],[55.1468,25.072],[55.146816,25.072067],[55.146758,25.072071],[55.146758,25.072121],[55.146792,25.072124],[55.146772,25.072168],[55.146713,25.072224],[55.146733,25.072241],[55.146693,25.072256],[55.14673,25.072331],[55.146811,25.072325],[55.146719,25.072357],[55.146829,25.072471],[55.147002,25.072447],[55.147107,25.072351],[55.147192,25.072243],[55.147172,25.072207],[55.147195,25.072137],[55.147195,25.07208],[55.147189,25.072004],[55.147178,25.072005],[55.147129,25.0719],[55.147109,25.071902],[55.147096,25.071869],[55.146943,25.07187],[55.146968,25.071849],[55.146927,25.071808],[55.14686,25.071812],[55.146988,25.071714],[55.146869,25.071587],[55.146761,25.071594],[55.146563,25.071745],[55.146683,25.071873],[55.14675,25.071868],[55.146651,25.071944],[55.146657,25.071998],[55.1468,25.07199],[55.146889,25.071915],[55.146912,25.071947],[55.146867,25.07195]]]}},{"type":"Feature","properties":{},"geometry":{"type":"Polygon","coordinates":[[[55.147133,25.072394],[55.14715,25.072407],[55.146982,25.07256],[55.147033,25.072615],[55.147141,25.072608],[55.147547,25.072284],[55.14736,25.072087],[55.147252,25.072094],[55.147216,25.072123],[55.147201,25.072245],[55.147133,25.072394]]]}},{"type":"Feature","properties":{},"geometry":{"type":"Polygon","coordinates":[[[55.146428,25.073215],[55.146473,25.073196],[55.146459,25.07317],[55.146572,25.073119],[55.146543,25.073078],[55.146447,25.073084],[55.146506,25.073038],[55.146264,25.072788],[55.146191,25.072793],[55.146022,25.072618],[55.146045,25.072617],[55.146088,25.072579],[55.146028,25.072523],[55.14592,25.07253],[55.145877,25.072568],[55.145913,25.072602],[55.145892,25.072604],[55.145628,25.072814],[55.146091,25.07329],[55.146199,25.073283],[55.146306,25.073197],[55.14632,25.073222],[55.146428,25.073215]],[[55.146361,25.073153],[55.146369,25.073164],[55.146346,25.073165],[55.146361,25.073153]]]}},{"type":"Feature","properties":{},"geometry":{"type":"Polygon","coordinates":[[[55.147242,25.074294],[55.14735,25.074287],[55.147568,25.074118],[55.147616,25.074115],[55.147701,25.074048],[55.147053,25.073363],[55.146945,25.07337],[55.146587,25.073648],[55.14672,25.073789],[55.146674,25.073825],[55.146785,25.073943],[55.146893,25.073936],[55.146985,25.073865],[55.147051,25.073935],[55.147159,25.073928],[55.147175,25.073945],[55.14696,25.074112],[55.147053,25.07421],[55.147156,25.074204],[55.147242,25.074294]]]}},{"type":"Feature","properties":{},"geometry":{"type":"Polygon","coordinates":[[[55.146781,25.074185],[55.146821,25.07415],[55.146782,25.074114],[55.146674,25.074121],[55.146634,25.074155],[55.146673,25.074192],[55.146781,25.074185]]]}},{"type":"Feature","properties":{},"geometry":{"type":"Polygon","coordinates":[[[55.145812,25.074176],[55.14581,25.07422],[55.145966,25.074214],[55.145967,25.07417],[55.145812,25.074176]]]}},{"type":"Feature","properties":{},"geometry":{"type":"Polygon","coordinates":[[[55.147122,25.075425],[55.147161,25.075402],[55.147134,25.075365],[55.147026,25.075372],[55.146987,25.075395],[55.147014,25.075432],[55.147122,25.075425]]]}},{"type":"Feature","properties":{},"geometry":{"type":"Polygon","coordinates":[[[55.146986,25.07591],[55.14698,25.075875],[55.146804,25.075891],[55.14681,25.075927],[55.146986,25.07591]]]}},{"type":"Feature","properties":{},"geometry":{"type":"Polygon","coordinates":[[[55.147317,25.076646],[55.146577,25.076688],[55.145967,25.076736],[55.145854,25.076851],[55.145825,25.07692],[55.145854,25.07704],[55.145978,25.077182],[55.146615,25.07714],[55.146846,25.077367],[55.149,25.077237],[55.14912,25.07716],[55.149256,25.076998],[55.149252,25.076945],[55.149219,25.076908],[55.148114,25.076982],[55.148081,25.076951],[55.148126,25.076948],[55.148316,25.076765],[55.148229,25.07669],[55.148121,25.076697],[55.147936,25.076885],[55.147565,25.076909],[55.147317,25.076646]]]}},{"type":"Feature","properties":{},"geometry":{"type":"Polygon","coordinates":[[[55.145658,25.076931],[55.14555,25.076938],[55.145498,25.076978],[55.14553,25.077012],[55.145638,25.077005],[55.14569,25.076964],[55.145658,25.076931]]]}},{"type":"Feature","properties":{},"geometry":{"type":"Polygon","coordinates":[[[55.146441,25.077839],[55.146561,25.077744],[55.146331,25.077504],[55.146223,25.077511],[55.146102,25.077607],[55.146333,25.077846],[55.146441,25.077839]]]}},{"type":"Feature","properties":{},"geometry":{"type":"Polygon","coordinates":[[[55.147046,25.077797],[55.146938,25.077804],[55.146742,25.077966],[55.146783,25.078007],[55.146891,25.078],[55.147088,25.077838],[55.147046,25.077797]]]}},{"type":"Feature","properties":{},"geometry":{"type":"Polygon","coordinates":[[[55.146984,25.078388],[55.147089,25.078302],[55.146823,25.078031],[55.146715,25.078039],[55.146609,25.078124],[55.146876,25.078395],[55.146984,25.078388]]]}},{"type":"Feature","properties":{},"geometry":{"type":"Polygon","coordinates":[[[55.147115,25.081124],[55.147223,25.081116],[55.147332,25.081016],[55.14729,25.08098],[55.147302,25.080967],[55.146901,25.08062],[55.146654,25.080637],[55.146658,25.080749],[55.147115,25.081124]]]}},{"type":"Feature","properties":{},"geometry":{"type":"Polygon","coordinates":[[[55.146871,25.080961],[55.146294,25.081],[55.146141,25.081126],[55.145082,25.081197],[55.14489,25.081303],[55.144748,25.081465],[55.144736,25.081545],[55.144804,25.081612],[55.145884,25.08154],[55.145983,25.081496],[55.146166,25.081364],[55.146197,25.081396],[55.146429,25.08138],[55.146538,25.081494],[55.146646,25.081487],[55.146798,25.081367],[55.146782,25.08135],[55.147044,25.081134],[55.146871,25.080961]]]}},{"type":"Feature","properties":{},"geometry":{"type":"Polygon","coordinates":[[[55.147526,25.081457],[55.146977,25.081493],[55.1467,25.081699],[55.146848,25.081863],[55.147397,25.081827],[55.147674,25.081622],[55.147526,25.081457]]]}},{"type":"Feature","properties":{},"geometry":{"type":"Polygon","coordinates":[[[55.146684,25.081624],[55.146576,25.081631],[55.146493,25.081677],[55.146518,25.081715],[55.146626,25.081708],[55.14671,25.081662],[55.146684,25.081624]]]}},{"type":"Feature","properties":{},"geometry":{"type":"Polygon","coordinates":[[[55.145129,25.081993],[55.145432,25.082304],[55.145476,25.082324],[55.14564,25.082318],[55.145692,25.082298],[55.146019,25.082033],[55.146125,25.082026],[55.146415,25.081779],[55.146288,25.081648],[55.145791,25.081681],[55.145749,25.081638],[55.14555,25.081657],[55.145129,25.081993]]]}},{"type":"Feature","properties":{},"geometry":{"type":"Polygon","coordinates":[[[55.146534,25.083386],[55.146751,25.083501],[55.147027,25.083549],[55.147164,25.083555],[55.147362,25.083539],[55.147455,25.083522],[55.147537,25.083469],[55.147581,25.083485],[55.148364,25.083433],[55.148528,25.083695],[55.149645,25.08362],[55.149973,25.083452],[55.149808,25.083189],[55.14883,25.083254],[55.148848,25.083214],[55.148937,25.083208],[55.149063,25.083146],[55.149034,25.083098],[55.148985,25.083082],[55.148945,25.083017],[55.148909,25.08302],[55.14886,25.082967],[55.148752,25.082974],[55.148694,25.083005],[55.14781,25.083062],[55.147716,25.082979],[55.147597,25.082987],[55.147442,25.082859],[55.147334,25.082866],[55.147172,25.083015],[55.146939,25.08303],[55.146742,25.082845],[55.146711,25.082739],[55.146711,25.082674],[55.146728,25.082662],[55.147742,25.082594],[55.147865,25.082561],[55.147924,25.082619],[55.148036,25.082608],[55.148099,25.082672],[55.147935,25.082807],[55.148017,25.082889],[55.148047,25.082887],[55.148126,25.082918],[55.148239,25.082912],[55.148455,25.082737],[55.148371,25.082653],[55.148413,25.082619],[55.148154,25.08236],[55.148065,25.082368],[55.148071,25.082358],[55.147962,25.082312],[55.147938,25.082207],[55.147784,25.082217],[55.147568,25.082012],[55.147513,25.082016],[55.147367,25.081879],[55.14731,25.081882],[55.147136,25.082033],[55.147222,25.082115],[55.147279,25.082111],[55.147324,25.082071],[55.147383,25.082126],[55.147324,25.082177],[55.147394,25.082243],[55.14675,25.082286],[55.146672,25.082306],[55.146605,25.08234],[55.146546,25.082393],[55.146481,25.082487],[55.146438,25.08249],[55.146305,25.082645],[55.146261,25.082718],[55.146243,25.082794],[55.146261,25.08292],[55.146299,25.082917],[55.146339,25.083072],[55.146392,25.083192],[55.146534,25.083386]]]}},{"type":"Feature","properties":{},"geometry":{"type":"Polygon","coordinates":[[[55.146103,25.084],[55.146452,25.083905],[55.146385,25.083703],[55.145079,25.08379],[55.144731,25.083885],[55.144798,25.084086],[55.146103,25.084]]]}},{"type":"Feature","properties":{},"geometry":{"type":"Polygon","coordinates":[[[55.146419,25.084243],[55.146349,25.084233],[55.144702,25.084343],[55.144625,25.084707],[55.14469,25.084721],[55.146405,25.084607],[55.146466,25.084583],[55.146516,25.084543],[55.14655,25.084491],[55.146564,25.084431],[55.146556,25.084371],[55.146528,25.084316],[55.146482,25.084272],[55.146419,25.084243]]]}},{"type":"Feature","properties":{},"geometry":{"type":"Polygon","coordinates":[[[55.145492,25.087668],[55.146691,25.087588],[55.146728,25.087632],[55.145994,25.087681],[55.145721,25.087939],[55.145993,25.088176],[55.146352,25.088152],[55.146224,25.088254],[55.146476,25.088515],[55.146648,25.088504],[55.146499,25.088641],[55.146782,25.088893],[55.147972,25.088814],[55.148053,25.088888],[55.147533,25.088923],[55.147219,25.089164],[55.14729,25.089296],[55.147395,25.089353],[55.147829,25.089324],[55.147601,25.089506],[55.147874,25.089786],[55.148233,25.089762],[55.148019,25.08992],[55.148262,25.090191],[55.149832,25.090086],[55.149492,25.090345],[55.149516,25.090371],[55.148794,25.090419],[55.148506,25.090635],[55.148761,25.090913],[55.148916,25.090903],[55.148885,25.09095],[55.148875,25.091003],[55.148888,25.091064],[55.148924,25.091116],[55.148987,25.091157],[55.149049,25.09117],[55.150979,25.091039],[55.151047,25.091005],[55.15109,25.090955],[55.15111,25.090888],[55.151093,25.090808],[55.151053,25.090761],[55.151552,25.090728],[55.152193,25.09023],[55.151957,25.089978],[55.154219,25.089828],[55.154568,25.089569],[55.154575,25.089412],[55.154288,25.089117],[55.151604,25.089296],[55.151506,25.089195],[55.151542,25.089167],[55.151756,25.089144],[55.151849,25.089104],[55.151832,25.089065],[55.15189,25.089052],[55.151881,25.089012],[55.151908,25.089037],[55.152016,25.08903],[55.152138,25.088922],[55.152175,25.08887],[55.151941,25.08875],[55.151833,25.088757],[55.151737,25.088848],[55.151767,25.08887],[55.151709,25.08891],[55.151508,25.088957],[55.151511,25.089109],[55.151447,25.089043],[55.151363,25.089048],[55.15134,25.089025],[55.149415,25.089153],[55.149636,25.088983],[55.149583,25.088926],[55.150714,25.088851],[55.151127,25.088521],[55.151259,25.088512],[55.151591,25.08825],[55.151327,25.087976],[55.150931,25.088002],[55.151015,25.08794],[55.150957,25.087876],[55.151004,25.08784],[55.150587,25.087379],[55.148982,25.087485],[55.149066,25.087424],[55.150381,25.087336],[55.150453,25.087245],[55.150541,25.087203],[55.150439,25.086975],[55.150215,25.086836],[55.149828,25.086862],[55.150373,25.086461],[55.150412,25.086458],[55.150532,25.086187],[55.150137,25.086044],[55.148613,25.086155],[55.148649,25.086131],[55.148518,25.085969],[55.148542,25.085954],[55.148428,25.085813],[55.148401,25.085814],[55.148386,25.085795],[55.148421,25.085772],[55.148202,25.085517],[55.148036,25.085518],[55.147988,25.08555],[55.148011,25.085578],[55.147985,25.085595],[55.148048,25.08565],[55.148028,25.085664],[55.148064,25.085709],[55.148088,25.085708],[55.148134,25.085765],[55.14815,25.085764],[55.148203,25.085852],[55.148257,25.085856],[55.148211,25.085886],[55.148247,25.085931],[55.148297,25.085932],[55.148249,25.085964],[55.148281,25.086003],[55.148296,25.086002],[55.148322,25.086034],[55.148375,25.086031],[55.148385,25.086044],[55.148331,25.08608],[55.148404,25.086169],[55.147296,25.086243],[55.146939,25.0864],[55.146486,25.08643],[55.146458,25.086476],[55.146467,25.086517],[55.145187,25.086602],[55.144904,25.086813],[55.145098,25.087027],[55.14461,25.087059],[55.144314,25.087342],[55.144295,25.087458],[55.145015,25.08765],[55.145436,25.087622],[55.145492,25.087668]],[[55.150297,25.089625],[55.150433,25.089616],[55.150349,25.089683],[55.150297,25.089625]]]}},{"type":"Feature","properties":{},"geometry":{"type":"Polygon","coordinates":[[[55.14674,25.090043],[55.146632,25.09005],[55.146298,25.090317],[55.146551,25.090577],[55.146659,25.090569],[55.146993,25.090302],[55.14674,25.090043]]]}},{"type":"Feature","properties":{},"geometry":{"type":"Polygon","coordinates":[[[55.146295,25.090801],[55.14627,25.090821],[55.146305,25.090857],[55.14623,25.090862],[55.146098,25.090732],[55.145882,25.090747],[55.144933,25.091532],[55.14524,25.091837],[55.145456,25.091822],[55.145617,25.091689],[55.145885,25.091671],[55.146029,25.091828],[55.146081,25.091829],[55.146045,25.091832],[55.145979,25.091882],[55.145951,25.091884],[55.145827,25.091976],[55.145894,25.092057],[55.14588,25.092086],[55.145844,25.092088],[55.145774,25.092038],[55.145666,25.092045],[55.145628,25.092071],[55.145652,25.092099],[55.145673,25.092098],[55.145661,25.092107],[55.145686,25.092135],[55.145794,25.092127],[55.145828,25.092102],[55.145825,25.092127],[55.145863,25.092142],[55.145971,25.092135],[55.14616,25.091998],[55.146144,25.091978],[55.146174,25.091976],[55.146242,25.091929],[55.146214,25.091895],[55.146299,25.09189],[55.146379,25.091829],[55.14634,25.091788],[55.146363,25.09177],[55.146245,25.091641],[55.1462,25.091639],[55.146503,25.091386],[55.146389,25.091274],[55.14666,25.091256],[55.146979,25.09099],[55.146809,25.090824],[55.146455,25.090847],[55.146403,25.090794],[55.146295,25.090801]]]}},{"type":"Feature","properties":{},"geometry":{"type":"Polygon","coordinates":[[[55.145459,25.091847],[55.145351,25.091854],[55.145237,25.091932],[55.145298,25.092005],[55.145406,25.091998],[55.14552,25.091921],[55.145459,25.091847]]]}},{"type":"Feature","properties":{},"geometry":{"type":"Polygon","coordinates":[[[55.145736,25.091987],[55.145715,25.091965],[55.145607,25.091973],[55.14557,25.092001],[55.145591,25.092023],[55.145699,25.092016],[55.145736,25.091987]]]}},{"type":"Feature","properties":{},"geometry":{"type":"Polygon","coordinates":[[[55.145865,25.092476],[55.145757,25.092483],[55.145714,25.092546],[55.145754,25.092569],[55.145862,25.092562],[55.145905,25.092499],[55.145865,25.092476]]]}},{"type":"Feature","properties":{},"geometry":{"type":"Polygon","coordinates":[[[55.145958,25.092577],[55.14585,25.092584],[55.145716,25.092713],[55.145779,25.092766],[55.145887,25.092759],[55.146021,25.09263],[55.145958,25.092577]]]}},{"type":"Feature","properties":{},"geometry":{"type":"Polygon","coordinates":[[[55.14672,25.092842],[55.14676,25.092815],[55.146726,25.092774],[55.146618,25.092781],[55.146578,25.092809],[55.146612,25.092849],[55.14672,25.092842]]]}},{"type":"Feature","properties":{},"geometry":{"type":"Polygon","coordinates":[[[55.146483,25.092997],[55.14651,25.092971],[55.146483,25.092947],[55.146375,25.092954],[55.146347,25.092979],[55.146375,25.093004],[55.146483,25.092997]]]}},{"type":"Feature","properties":{},"geometry":{"type":"Polygon","coordinates":[[[55.146849,25.093087],[55.146676,25.093268],[55.146861,25.093413],[55.146969,25.093406],[55.147138,25.093223],[55.147112,25.09312],[55.147044,25.093064],[55.146849,25.093087]]]}},{"type":"Feature","properties":{},"geometry":{"type":"Polygon","coordinates":[[[55.148147,25.068168],[55.148291,25.068134],[55.148159,25.067679],[55.148051,25.067686],[55.147906,25.067721],[55.148039,25.068175],[55.148147,25.068168]]]}},{"type":"Feature","properties":{},"geometry":{"type":"Polygon","coordinates":[[[55.148491,25.068183],[55.148383,25.068191],[55.148364,25.068246],[55.14842,25.068262],[55.148528,25.068255],[55.148547,25.0682],[55.148491,25.068183]]]}},{"type":"Feature","properties":{},"geometry":{"type":"Polygon","coordinates":[[[55.148021,25.068245],[55.148012,25.068562],[55.148296,25.068559],[55.148306,25.068242],[55.148021,25.068245]]]}},{"type":"Feature","properties":{},"geometry":{"type":"Polygon","coordinates":[[[55.148125,25.068586],[55.148017,25.068593],[55.147887,25.068903],[55.148063,25.068964],[55.148171,25.068956],[55.148301,25.068647],[55.148125,25.068586]]]}},{"type":"Feature","properties":{},"geometry":{"type":"Polygon","coordinates":[[[55.147463,25.069816],[55.148051,25.069359],[55.147973,25.069277],[55.148019,25.069274],[55.148066,25.069236],[55.148049,25.069219],[55.148116,25.069214],[55.148154,25.069193],[55.148174,25.069213],[55.148282,25.069206],[55.14872,25.068843],[55.14869,25.068814],[55.148747,25.06881],[55.14942,25.068279],[55.149307,25.068161],[55.149199,25.068168],[55.148525,25.068699],[55.148552,25.068726],[55.148491,25.06873],[55.148053,25.069094],[55.148097,25.069137],[55.148031,25.069141],[55.147975,25.069173],[55.147999,25.069209],[55.147929,25.069214],[55.147885,25.06925],[55.147836,25.069253],[55.147247,25.06971],[55.147355,25.069823],[55.147463,25.069816]]]}},{"type":"Feature","properties":{},"geometry":{"type":"Polygon","coordinates":[[[55.147741,25.070285],[55.147697,25.070317],[55.147732,25.070356],[55.147769,25.070354],[55.147833,25.070425],[55.147941,25.070418],[55.148015,25.070363],[55.148068,25.070415],[55.148113,25.070412],[55.148105,25.070431],[55.148149,25.070446],[55.148257,25.070439],[55.14827,25.07041],[55.148189,25.070396],[55.148892,25.069839],[55.148699,25.069635],[55.148509,25.06964],[55.148215,25.069861],[55.147829,25.070181],[55.147905,25.070256],[55.147741,25.070285]]]}},{"type":"Feature","properties":{},"geometry":{"type":"Polygon","coordinates":[[[55.148414,25.070519],[55.148515,25.070512],[55.148604,25.070431],[55.148567,25.070398],[55.148662,25.070392],[55.148737,25.070312],[55.148785,25.070309],[55.148875,25.070231],[55.148836,25.070194],[55.148881,25.070191],[55.148983,25.070109],[55.148865,25.069988],[55.148757,25.069995],[55.148655,25.070077],[55.148688,25.070111],[55.148635,25.070114],[55.148546,25.070192],[55.148565,25.07021],[55.148504,25.070214],[55.148425,25.070291],[55.148453,25.070315],[55.148366,25.070321],[55.148277,25.070401],[55.1484,25.070513],[55.148353,25.070494],[55.148245,25.070502],[55.148195,25.070605],[55.148378,25.070679],[55.148486,25.070671],[55.148537,25.070569],[55.148414,25.070519]]]}},{"type":"Feature","properties":{},"geometry":{"type":"Polygon","coordinates":[[[55.147786,25.07059],[55.1479,25.070501],[55.147828,25.070426],[55.147624,25.070441],[55.147569,25.070484],[55.147678,25.070597],[55.147786,25.07059]]]}},{"type":"Feature","properties":{},"geometry":{"type":"Polygon","coordinates":[[[55.147688,25.070599],[55.14758,25.070606],[55.147522,25.070706],[55.147656,25.07077],[55.147764,25.070762],[55.147822,25.070662],[55.147688,25.070599]]]}},{"type":"Feature","properties":{},"geometry":{"type":"Polygon","coordinates":[[[55.148467,25.070825],[55.148469,25.070684],[55.14823,25.07069],[55.148229,25.070831],[55.148467,25.070825]]]}},{"type":"Feature","properties":{},"geometry":{"type":"Polygon","coordinates":[[[55.148504,25.070995],[55.148616,25.070955],[55.14856,25.070825],[55.148452,25.070832],[55.14834,25.070872],[55.148396,25.071002],[55.148504,25.070995]]]}},{"type":"Feature","properties":{},"geometry":{"type":"Polygon","coordinates":[[[55.147817,25.071097],[55.147918,25.071091],[55.147979,25.071043],[55.147976,25.071064],[55.148111,25.071076],[55.148219,25.071069],[55.148232,25.070943],[55.148098,25.070931],[55.14799,25.070938],[55.147986,25.070972],[55.147919,25.070901],[55.147811,25.070909],[55.147707,25.07099],[55.147809,25.071097],[55.147561,25.071094],[55.147549,25.071234],[55.147726,25.071246],[55.147834,25.071239],[55.147846,25.071099],[55.147817,25.071097]]]}},{"type":"Feature","properties":{},"geometry":{"type":"Polygon","coordinates":[[[55.148361,25.071075],[55.148253,25.071082],[55.14812,25.071183],[55.148197,25.071265],[55.148305,25.071258],[55.148437,25.071157],[55.148361,25.071075]]]}},{"type":"Feature","properties":{},"geometry":{"type":"Polygon","coordinates":[[[55.147799,25.071282],[55.147691,25.071289],[55.147552,25.071403],[55.147659,25.071511],[55.147767,25.071504],[55.147907,25.07139],[55.147799,25.071282]]]}},{"type":"Feature","properties":{},"geometry":{"type":"Polygon","coordinates":[[[55.148538,25.071854],[55.148646,25.071847],[55.148768,25.071746],[55.148678,25.071657],[55.148606,25.071662],[55.148653,25.071623],[55.148565,25.071534],[55.148464,25.071541],[55.148517,25.071496],[55.148439,25.07142],[55.148378,25.071424],[55.148417,25.071396],[55.148336,25.071306],[55.148228,25.071313],[55.148094,25.071413],[55.148175,25.071502],[55.148248,25.071497],[55.148216,25.071524],[55.148294,25.071601],[55.148392,25.071594],[55.148336,25.07164],[55.148425,25.071729],[55.148498,25.071724],[55.148448,25.071765],[55.148538,25.071854]]]}},{"type":"Feature","properties":{},"geometry":{"type":"Polygon","coordinates":[[[55.14801,25.07174],[55.148094,25.071669],[55.147999,25.071576],[55.147891,25.071583],[55.147807,25.071653],[55.147902,25.071747],[55.14801,25.07174]]]}},{"type":"Feature","properties":{},"geometry":{"type":"Polygon","coordinates":[[[55.148272,25.07195],[55.148344,25.071895],[55.148257,25.071803],[55.148149,25.07181],[55.148045,25.07189],[55.148132,25.071982],[55.148231,25.071975],[55.148167,25.072026],[55.148247,25.07211],[55.148355,25.072103],[55.148451,25.072027],[55.148371,25.071944],[55.148272,25.07195]]]}},{"type":"Feature","properties":{},"geometry":{"type":"Polygon","coordinates":[[[55.148119,25.074383],[55.148264,25.074271],[55.148341,25.074266],[55.14838,25.074236],[55.148355,25.07421],[55.148378,25.074208],[55.148454,25.074149],[55.148401,25.074093],[55.148293,25.0741],[55.147972,25.074349],[55.148011,25.07439],[55.148119,25.074383]]]}},{"type":"Feature","properties":{},"geometry":{"type":"Polygon","coordinates":[[[55.147862,25.074831],[55.147828,25.074788],[55.14797,25.074695],[55.147914,25.074625],[55.147806,25.074632],[55.14775,25.074668],[55.147669,25.074681],[55.14766,25.074669],[55.147552,25.074676],[55.147453,25.074735],[55.14748,25.074774],[55.147528,25.074771],[55.147459,25.074816],[55.147485,25.074848],[55.147462,25.074863],[55.14756,25.074985],[55.147668,25.074978],[55.147811,25.074885],[55.1478,25.074872],[55.147862,25.074831]]]}},{"type":"Feature","properties":{},"geometry":{"type":"Polygon","coordinates":[[[55.148238,25.075512],[55.148143,25.075419],[55.148035,25.075426],[55.147979,25.075474],[55.148073,25.075567],[55.148181,25.07556],[55.148238,25.075512]]]}},{"type":"Feature","properties":{},"geometry":{"type":"Polygon","coordinates":[[[55.147822,25.077933],[55.147878,25.077902],[55.147858,25.077873],[55.14775,25.07788],[55.147694,25.077912],[55.147714,25.077941],[55.147822,25.077933]]]}},{"type":"Feature","properties":{},"geometry":{"type":"Polygon","coordinates":[[[55.147601,25.08015],[55.147824,25.080247],[55.147909,25.080266],[55.148055,25.080254],[55.148031,25.080155],[55.147886,25.07997],[55.147661,25.079781],[55.147374,25.079616],[55.147272,25.079572],[55.147213,25.079557],[55.147016,25.079577],[55.147027,25.079637],[55.147209,25.079873],[55.147378,25.080016],[55.147601,25.08015]]]}},{"type":"Feature","properties":{},"geometry":{"type":"Polygon","coordinates":[[[55.147905,25.083869],[55.147904,25.083927],[55.14792,25.083927],[55.14792,25.083951],[55.147883,25.083954],[55.147883,25.083984],[55.147867,25.083985],[55.147866,25.08404],[55.148121,25.084033],[55.148122,25.083959],[55.148168,25.083955],[55.148168,25.08393],[55.148189,25.083929],[55.148175,25.083845],[55.148195,25.083844],[55.148196,25.083739],[55.14817,25.083738],[55.148164,25.083687],[55.148186,25.083685],[55.148186,25.083656],[55.148162,25.083656],[55.148162,25.083626],[55.148073,25.083625],[55.148073,25.083599],[55.147893,25.083606],[55.147893,25.083642],[55.147926,25.083642],[55.147926,25.083657],[55.147909,25.083658],[55.147909,25.083714],[55.147931,25.083715],[55.147931,25.08374],[55.147911,25.083741],[55.14791,25.083848],[55.147977,25.083848],[55.147977,25.083864],[55.147905,25.083869]]]}},{"type":"Feature","properties":{},"geometry":{"type":"Polygon","coordinates":[[[55.148134,25.084414],[55.148202,25.084505],[55.148266,25.084501],[55.148238,25.084519],[55.148297,25.084591],[55.148405,25.084583],[55.148506,25.084535],[55.14846,25.084457],[55.148413,25.084461],[55.148407,25.084451],[55.148423,25.084443],[55.148368,25.084349],[55.148339,25.084351],[55.148331,25.084338],[55.148354,25.084327],[55.148243,25.084137],[55.148227,25.084138],[55.148214,25.084117],[55.148191,25.084118],[55.148153,25.084054],[55.148045,25.084061],[55.147922,25.084108],[55.147956,25.084164],[55.147974,25.084163],[55.147986,25.084183],[55.148015,25.084181],[55.148024,25.084197],[55.148003,25.084207],[55.148126,25.084393],[55.14818,25.084389],[55.148134,25.084414]]]}},{"type":"Feature","properties":{},"geometry":{"type":"Polygon","coordinates":[[[55.147972,25.085389],[55.147949,25.085436],[55.14798,25.085449],[55.147964,25.085479],[55.148011,25.085498],[55.148193,25.085481],[55.148258,25.085351],[55.148237,25.085341],[55.148282,25.085338],[55.148345,25.085213],[55.148405,25.085209],[55.148427,25.085166],[55.148498,25.085161],[55.148498,25.085178],[55.148532,25.08519],[55.148633,25.085194],[55.148631,25.085224],[55.148794,25.08523],[55.148916,25.085275],[55.149024,25.085267],[55.149122,25.085046],[55.14863,25.085026],[55.148632,25.084981],[55.148417,25.084985],[55.148414,25.08504],[55.148454,25.085042],[55.148454,25.08505],[55.14833,25.08505],[55.148285,25.085086],[55.148205,25.085091],[55.148184,25.085134],[55.148203,25.085146],[55.14814,25.08515],[55.14813,25.08517],[55.148103,25.085172],[55.148081,25.085215],[55.148136,25.085238],[55.148075,25.085242],[55.14805,25.085293],[55.148085,25.085308],[55.148026,25.085312],[55.147987,25.085388],[55.147972,25.085389]]]}},{"type":"Feature","properties":{},"geometry":{"type":"Polygon","coordinates":[[[55.147762,25.085429],[55.147759,25.085392],[55.147545,25.085407],[55.147549,25.085445],[55.147475,25.085517],[55.147484,25.085616],[55.147569,25.085675],[55.147573,25.085712],[55.147786,25.085697],[55.147783,25.085661],[55.147849,25.08559],[55.14784,25.085491],[55.147762,25.085429]]]}},{"type":"Feature","properties":{},"geometry":{"type":"Polygon","coordinates":[[[55.146477,25.091463],[55.146423,25.091581],[55.146481,25.091598],[55.146585,25.091591],[55.146606,25.091615],[55.146564,25.091697],[55.146579,25.091727],[55.146605,25.09174],[55.146723,25.091732],[55.146716,25.09174],[55.147187,25.092222],[55.147253,25.092218],[55.14743,25.092399],[55.147572,25.09239],[55.14752,25.092397],[55.147411,25.092489],[55.147541,25.092615],[55.147649,25.092608],[55.147757,25.092517],[55.147643,25.092405],[55.147715,25.092401],[55.147745,25.092429],[55.147853,25.092422],[55.147949,25.092335],[55.147906,25.09229],[55.147982,25.09225],[55.147728,25.091969],[55.1477,25.091901],[55.147593,25.091891],[55.147495,25.091857],[55.147452,25.091818],[55.14755,25.091708],[55.147517,25.091679],[55.14764,25.091671],[55.1479,25.091485],[55.147982,25.091304],[55.147893,25.091212],[55.147821,25.091217],[55.147837,25.091205],[55.147829,25.091195],[55.147868,25.091193],[55.147916,25.091155],[55.147848,25.091085],[55.14774,25.091092],[55.147716,25.091111],[55.147657,25.09105],[55.147549,25.091057],[55.147526,25.091075],[55.147547,25.091098],[55.147516,25.091122],[55.147616,25.09122],[55.147553,25.091234],[55.146858,25.091281],[55.146597,25.091388],[55.146477,25.091463]]]}},{"type":"Feature","properties":{},"geometry":{"type":"Polygon","coordinates":[[[55.147961,25.091714],[55.148006,25.09176],[55.148073,25.091756],[55.148093,25.091776],[55.148056,25.091806],[55.148215,25.091967],[55.148286,25.091965],[55.148345,25.092024],[55.148453,25.092017],[55.148489,25.091987],[55.14842,25.091917],[55.148372,25.09192],[55.148413,25.091888],[55.148253,25.091726],[55.14823,25.091728],[55.148192,25.09169],[55.148332,25.091577],[55.148286,25.091531],[55.148178,25.091538],[55.147961,25.091714]]]}},{"type":"Feature","properties":{},"geometry":{"type":"Polygon","coordinates":[[[55.147746,25.092936],[55.147963,25.092922],[55.14799,25.092943],[55.147936,25.092991],[55.148066,25.093124],[55.148163,25.093117],[55.148229,25.093197],[55.14808,25.093355],[55.148359,25.093601],[55.148618,25.093583],[55.148653,25.093553],[55.148664,25.093564],[55.148575,25.093643],[55.148695,25.093778],[55.148769,25.093773],[55.148846,25.093863],[55.148682,25.094012],[55.148809,25.094125],[55.149068,25.094107],[55.14998,25.093352],[55.14953,25.09294],[55.149271,25.092957],[55.149032,25.09316],[55.149053,25.093087],[55.149139,25.093006],[55.148992,25.09287],[55.148857,25.092879],[55.148691,25.092834],[55.14918,25.092489],[55.148769,25.092073],[55.148509,25.09209],[55.148015,25.09247],[55.147985,25.092472],[55.148053,25.092414],[55.148021,25.092384],[55.147913,25.092391],[55.147791,25.092495],[55.147823,25.092525],[55.14786,25.092523],[55.147593,25.092798],[55.147746,25.092936]]]}},{"type":"Feature","properties":{},"geometry":{"type":"Polygon","coordinates":[[[55.147802,25.093315],[55.147802,25.093289],[55.14763,25.093295],[55.14763,25.093322],[55.147802,25.093315]]]}},{"type":"Feature","properties":{},"geometry":{"type":"Polygon","coordinates":[[[55.14775,25.093455],[55.147697,25.093395],[55.147622,25.0934],[55.14764,25.093384],[55.147573,25.093324],[55.147465,25.093331],[55.147397,25.093393],[55.147418,25.093412],[55.147582,25.093407],[55.147506,25.093462],[55.147559,25.093522],[55.147667,25.093515],[55.14775,25.093455]]]}},{"type":"Feature","properties":{},"geometry":{"type":"Polygon","coordinates":[[[55.148083,25.09386],[55.148184,25.093804],[55.148058,25.093618],[55.14795,25.093626],[55.14785,25.093681],[55.147975,25.093867],[55.148083,25.09386]]]}},{"type":"Feature","properties":{},"geometry":{"type":"Polygon","coordinates":[[[55.147196,25.093905],[55.147191,25.093939],[55.147325,25.093935],[55.14733,25.093901],[55.147196,25.093905]]]}},{"type":"Feature","properties":{},"geometry":{"type":"Polygon","coordinates":[[[55.149234,25.069164],[55.14918,25.069208],[55.149224,25.069252],[55.149089,25.069263],[55.149035,25.069308],[55.149059,25.069332],[55.148955,25.069341],[55.148908,25.069379],[55.148866,25.069382],[55.148821,25.069417],[55.14886,25.069459],[55.148967,25.069452],[55.149012,25.069497],[55.14912,25.06949],[55.149212,25.069415],[55.149254,25.069412],[55.14936,25.069315],[55.149399,25.069312],[55.149506,25.069216],[55.14956,25.069213],[55.149672,25.069121],[55.149637,25.069087],[55.149681,25.069084],[55.149741,25.069034],[55.149858,25.069034],[55.149901,25.068992],[55.14987,25.068967],[55.149841,25.068969],[55.149918,25.068905],[55.149845,25.068832],[55.149642,25.068848],[55.149612,25.068872],[55.149502,25.068877],[55.149425,25.068949],[55.149468,25.068974],[55.149534,25.069052],[55.149395,25.069064],[55.149341,25.069108],[55.149384,25.069151],[55.149234,25.069164]],[[55.149611,25.068926],[55.149604,25.068929],[55.149615,25.068919],[55.149611,25.068926]]]}},{"type":"Feature","properties":{},"geometry":{"type":"Polygon","coordinates":[[[55.149247,25.069714],[55.149355,25.069707],[55.149446,25.069626],[55.14943,25.069612],[55.149524,25.069605],[55.149615,25.069524],[55.149594,25.069504],[55.149648,25.069501],[55.149739,25.069419],[55.149728,25.069409],[55.149779,25.069406],[55.14987,25.069325],[55.149853,25.069309],[55.149929,25.069304],[55.15002,25.069223],[55.149991,25.069196],[55.150047,25.069192],[55.150138,25.069111],[55.150049,25.069029],[55.149941,25.069037],[55.14985,25.069118],[55.149879,25.069145],[55.149823,25.069148],[55.149732,25.06923],[55.149749,25.069245],[55.149673,25.06925],[55.149582,25.069332],[55.149593,25.069342],[55.149542,25.069345],[55.149451,25.069426],[55.149472,25.069446],[55.149418,25.06945],[55.149327,25.069531],[55.149343,25.069545],[55.149249,25.069552],[55.149158,25.069633],[55.149247,25.069714]]]}},{"type":"Feature","properties":{},"geometry":{"type":"Polygon","coordinates":[[[55.14885,25.069544],[55.148742,25.069551],[55.148728,25.06958],[55.14878,25.0696],[55.148888,25.069593],[55.148902,25.069565],[55.14885,25.069544]]]}},{"type":"Feature","properties":{},"geometry":{"type":"Polygon","coordinates":[[[55.148988,25.069756],[55.149149,25.069718],[55.149113,25.069593],[55.149005,25.0696],[55.148844,25.069638],[55.14888,25.069763],[55.148988,25.069756]]]}},{"type":"Feature","properties":{},"geometry":{"type":"Polygon","coordinates":[[[55.149318,25.069817],[55.149365,25.069786],[55.149329,25.069741],[55.149221,25.069749],[55.149174,25.06978],[55.14921,25.069824],[55.149318,25.069817]]]}},{"type":"Feature","properties":{},"geometry":{"type":"Polygon","coordinates":[[[55.149462,25.070013],[55.149354,25.07002],[55.149258,25.070103],[55.149346,25.070187],[55.149454,25.07018],[55.14955,25.070096],[55.149462,25.070013]]]}},{"type":"Feature","properties":{},"geometry":{"type":"Polygon","coordinates":[[[55.149183,25.070278],[55.149075,25.070285],[55.148926,25.070402],[55.149007,25.070486],[55.149115,25.070479],[55.149264,25.070362],[55.149183,25.070278]]]}},{"type":"Feature","properties":{},"geometry":{"type":"Polygon","coordinates":[[[55.149397,25.070854],[55.149486,25.070848],[55.149462,25.070869],[55.149541,25.070949],[55.149649,25.070942],[55.149766,25.070847],[55.149687,25.070766],[55.149596,25.070772],[55.149631,25.070744],[55.149531,25.070643],[55.149492,25.070645],[55.14952,25.070624],[55.149439,25.070538],[55.149369,25.070543],[55.149435,25.07049],[55.149348,25.070401],[55.14924,25.070408],[55.149098,25.070522],[55.149185,25.070611],[55.149251,25.070607],[55.149239,25.070616],[55.149296,25.070677],[55.149224,25.070696],[55.149247,25.070731],[55.14933,25.070726],[55.149296,25.070753],[55.149397,25.070854]]]}},{"type":"Feature","properties":{},"geometry":{"type":"Polygon","coordinates":[[[55.148951,25.070698],[55.149071,25.070597],[55.148902,25.070434],[55.148794,25.070441],[55.148674,25.070542],[55.148745,25.07061],[55.148679,25.070615],[55.148625,25.070651],[55.14868,25.070718],[55.148788,25.070711],[55.148824,25.070687],[55.148843,25.070705],[55.148951,25.070698]]]}},{"type":"Feature","properties":{},"geometry":{"type":"Polygon","coordinates":[[[55.148831,25.070778],[55.148816,25.070726],[55.148653,25.070746],[55.148667,25.070797],[55.148831,25.070778]]]}},{"type":"Feature","properties":{},"geometry":{"type":"Polygon","coordinates":[[[55.149143,25.070808],[55.14906,25.070727],[55.148952,25.070734],[55.148815,25.070848],[55.148898,25.07093],[55.149006,25.070923],[55.149025,25.070907],[55.149058,25.070995],[55.149166,25.070988],[55.149304,25.070945],[55.149261,25.070832],[55.149153,25.070839],[55.149079,25.070862],[55.149143,25.070808]]]}},{"type":"Feature","properties":{},"geometry":{"type":"Polygon","coordinates":[[[55.148569,25.071146],[55.148686,25.071101],[55.148629,25.070983],[55.148521,25.07099],[55.148405,25.071036],[55.148461,25.071154],[55.148569,25.071146]]]}},{"type":"Feature","properties":{},"geometry":{"type":"Polygon","coordinates":[[[55.149203,25.071065],[55.149095,25.071073],[55.14902,25.071177],[55.149153,25.071255],[55.149261,25.071248],[55.149336,25.071144],[55.149203,25.071065]]]}},{"type":"Feature","properties":{},"geometry":{"type":"Polygon","coordinates":[[[55.149126,25.07136],[55.149112,25.071259],[55.148877,25.07128],[55.14888,25.071304],[55.148806,25.071256],[55.148728,25.071261],[55.148738,25.071257],[55.148684,25.071148],[55.148576,25.071155],[55.148458,25.071203],[55.148512,25.071312],[55.14862,25.071305],[55.148687,25.071278],[55.148627,25.071353],[55.148753,25.071436],[55.148861,25.071429],[55.148898,25.071381],[55.149126,25.07136]]]}},{"type":"Feature","properties":{},"geometry":{"type":"Polygon","coordinates":[[[55.149467,25.07227],[55.149535,25.072266],[55.149486,25.07231],[55.149574,25.072392],[55.149682,25.072385],[55.149773,25.072303],[55.149685,25.072222],[55.149616,25.072226],[55.149666,25.072182],[55.149577,25.0721],[55.149515,25.072104],[55.149562,25.072063],[55.149473,25.071981],[55.149381,25.071987],[55.149449,25.071927],[55.14936,25.071845],[55.149286,25.07185],[55.149323,25.071817],[55.149234,25.071736],[55.149126,25.071743],[55.149035,25.071825],[55.149124,25.071906],[55.149198,25.071901],[55.149161,25.071934],[55.14925,25.072015],[55.149342,25.072009],[55.149274,25.07207],[55.149363,25.072151],[55.149425,25.072147],[55.149378,25.072189],[55.149467,25.07227]]]}},{"type":"Feature","properties":{},"geometry":{"type":"Polygon","coordinates":[[[55.149283,25.072485],[55.149262,25.072504],[55.14919,25.072508],[55.149148,25.072538],[55.149187,25.072584],[55.149282,25.072578],[55.14932,25.072613],[55.149428,25.072606],[55.149519,25.072524],[55.14943,25.072443],[55.149327,25.07245],[55.149379,25.072403],[55.14929,25.072321],[55.149201,25.072327],[55.149285,25.072252],[55.149196,25.072171],[55.149137,25.072175],[55.149173,25.072143],[55.149084,25.072061],[55.149038,25.072064],[55.148952,25.071986],[55.148844,25.071993],[55.148753,25.072075],[55.148842,25.072156],[55.148888,25.072153],[55.148974,25.072232],[55.149033,25.072228],[55.148997,25.072259],[55.149086,25.072341],[55.149175,25.072335],[55.149091,25.07241],[55.14918,25.072491],[55.149283,25.072485]]]}},{"type":"Feature","properties":{},"geometry":{"type":"Polygon","coordinates":[[[55.148575,25.072482],[55.148632,25.072435],[55.148677,25.072432],[55.148734,25.072385],[55.148784,25.072382],[55.148829,25.072345],[55.148782,25.072298],[55.148732,25.072301],[55.148695,25.072265],[55.148657,25.072267],[55.148701,25.072234],[55.148603,25.072127],[55.148495,25.072135],[55.148358,25.072237],[55.148456,25.072344],[55.148502,25.072341],[55.148485,25.072355],[55.148501,25.072371],[55.148467,25.072373],[55.148403,25.072426],[55.148467,25.072489],[55.148575,25.072482]]]}},{"type":"Feature","properties":{},"geometry":{"type":"Polygon","coordinates":[[[55.148834,25.072605],[55.14892,25.072535],[55.148819,25.072432],[55.148711,25.072439],[55.148624,25.072509],[55.148726,25.072612],[55.148834,25.072605]]]}},{"type":"Feature","properties":{},"geometry":{"type":"Polygon","coordinates":[[[55.149296,25.0731],[55.149452,25.072988],[55.149363,25.072888],[55.14926,25.072895],[55.149304,25.072858],[55.149217,25.072772],[55.149151,25.072777],[55.149201,25.072743],[55.149119,25.072645],[55.149011,25.072652],[55.148878,25.072743],[55.14896,25.072841],[55.149041,25.072836],[55.148993,25.072876],[55.149081,25.072962],[55.149171,25.072955],[55.1491,25.073007],[55.149188,25.073107],[55.149296,25.0731]]]}},{"type":"Feature","properties":{},"geometry":{"type":"Polygon","coordinates":[[[55.148017,25.07502],[55.148092,25.075097],[55.148074,25.075112],[55.148183,25.075223],[55.148166,25.075237],[55.148191,25.075262],[55.148165,25.075282],[55.148252,25.07535],[55.148239,25.075361],[55.148268,25.075391],[55.14833,25.075407],[55.148433,25.075511],[55.148462,25.075509],[55.148512,25.07556],[55.148493,25.075576],[55.14854,25.075624],[55.148648,25.075616],[55.148714,25.075563],[55.148704,25.075552],[55.148894,25.0754],[55.148943,25.07545],[55.148919,25.075469],[55.148961,25.075512],[55.149005,25.075509],[55.149045,25.075551],[55.149153,25.075543],[55.149642,25.075156],[55.149462,25.07497],[55.149354,25.074977],[55.149144,25.075144],[55.149089,25.075086],[55.149442,25.074806],[55.149265,25.074624],[55.149157,25.074631],[55.148704,25.07499],[55.148694,25.074979],[55.149221,25.07456],[55.149033,25.074366],[55.148925,25.074373],[55.148573,25.074652],[55.148526,25.074603],[55.148802,25.074384],[55.148775,25.074356],[55.148854,25.074293],[55.148701,25.074135],[55.148593,25.074142],[55.148079,25.07455],[55.148136,25.074609],[55.148104,25.074635],[55.14815,25.074682],[55.148197,25.074679],[55.148232,25.074715],[55.148331,25.074709],[55.148413,25.074793],[55.148361,25.074835],[55.14856,25.075039],[55.148324,25.074804],[55.148216,25.074811],[55.147971,25.075007],[55.147986,25.075022],[55.148017,25.07502]],[[55.148786,25.075266],[55.14885,25.075262],[55.148933,25.075348],[55.148895,25.075378],[55.148786,25.075266]]]}},{"type":"Feature","properties":{},"geometry":{"type":"Polygon","coordinates":[[[55.149408,25.076449],[55.1493,25.076457],[55.149273,25.076482],[55.14929,25.076497],[55.149398,25.07649],[55.149425,25.076464],[55.149408,25.076449]]]}},{"type":"Feature","properties":{},"geometry":{"type":"Polygon","coordinates":[[[55.149049,25.077997],[55.14787,25.078075],[55.14774,25.078178],[55.147785,25.078225],[55.147733,25.078266],[55.147893,25.078431],[55.148604,25.078383],[55.148686,25.078468],[55.150263,25.078356],[55.150369,25.078272],[55.150333,25.078234],[55.150406,25.078176],[55.150281,25.078047],[55.150178,25.078053],[55.15014,25.078014],[55.149234,25.078074],[55.149191,25.078029],[55.149087,25.078036],[55.149049,25.077997]]]}},{"type":"Feature","properties":{},"geometry":{"type":"Polygon","coordinates":[[[55.149619,25.079169],[55.150029,25.079141],[55.150069,25.079179],[55.151275,25.079099],[55.151341,25.079045],[55.15138,25.079042],[55.151472,25.078952],[55.151381,25.078734],[55.150175,25.078814],[55.150035,25.078897],[55.149886,25.078907],[55.149951,25.078855],[55.149826,25.078726],[55.149723,25.078733],[55.149685,25.078693],[55.148506,25.078772],[55.148375,25.078875],[55.148421,25.078922],[55.148369,25.078963],[55.148528,25.079128],[55.149098,25.07909],[55.149278,25.07928],[55.149377,25.079293],[55.149485,25.079285],[55.149592,25.079217],[55.149619,25.079169]]]}},{"type":"Feature","properties":{},"geometry":{"type":"Polygon","coordinates":[[[55.148905,25.079717],[55.148797,25.079724],[55.148777,25.079779],[55.148832,25.079796],[55.14894,25.079789],[55.14896,25.079734],[55.148905,25.079717]]]}},{"type":"Feature","properties":{},"geometry":{"type":"Polygon","coordinates":[[[55.148929,25.084372],[55.149136,25.084667],[55.149737,25.084627],[55.149743,25.084636],[55.149715,25.084649],[55.149758,25.084724],[55.149866,25.084717],[55.149991,25.084658],[55.149964,25.084611],[55.150802,25.084556],[55.151114,25.084375],[55.150907,25.084081],[55.149828,25.084152],[55.14984,25.084137],[55.149784,25.084072],[55.149806,25.084061],[55.149756,25.083975],[55.149741,25.083976],[55.149727,25.083952],[55.149711,25.083921],[55.149727,25.083914],[55.149701,25.08387],[55.149679,25.083872],[55.149666,25.083851],[55.14968,25.083844],[55.149652,25.083798],[55.149544,25.083806],[55.149425,25.083865],[55.149589,25.084168],[55.149542,25.084172],[55.149371,25.083892],[55.148606,25.083943],[55.148256,25.084118],[55.148432,25.084405],[55.148929,25.084372]]]}},{"type":"Feature","properties":{},"geometry":{"type":"Polygon","coordinates":[[[55.14976,25.085572],[55.149698,25.085722],[55.149722,25.085731],[55.149659,25.085886],[55.149784,25.085937],[55.149892,25.08593],[55.149917,25.085879],[55.149904,25.085874],[55.149917,25.085849],[55.149904,25.085844],[55.149912,25.085827],[55.149937,25.085825],[55.149961,25.085777],[55.149943,25.08577],[55.149964,25.085729],[55.149945,25.085721],[55.149985,25.085638],[55.149968,25.085631],[55.149979,25.085609],[55.149958,25.085601],[55.150011,25.08553],[55.150023,25.085483],[55.149997,25.085473],[55.150002,25.085462],[55.150766,25.085412],[55.150895,25.085152],[55.150537,25.085007],[55.149205,25.085095],[55.149081,25.085345],[55.148531,25.085381],[55.1484,25.085649],[55.14877,25.085798],[55.149652,25.08574],[55.149739,25.085564],[55.14976,25.085572]]]}},{"type":"Feature","properties":{},"geometry":{"type":"Polygon","coordinates":[[[55.148127,25.093984],[55.148194,25.09398],[55.148217,25.094004],[55.148316,25.093997],[55.148349,25.094035],[55.148325,25.094036],[55.148285,25.094069],[55.148304,25.094087],[55.14827,25.09409],[55.148244,25.09411],[55.148308,25.094177],[55.148416,25.09417],[55.148442,25.094149],[55.148404,25.094109],[55.148439,25.094107],[55.148623,25.093976],[55.148539,25.093882],[55.148468,25.093887],[55.148362,25.093769],[55.148254,25.093777],[55.148172,25.093837],[55.148271,25.093948],[55.148227,25.093921],[55.148119,25.093928],[55.148093,25.09395],[55.148127,25.093984]]]}},{"type":"Feature","properties":{},"geometry":{"type":"Polygon","coordinates":[[[55.148656,25.094174],[55.148758,25.094103],[55.148679,25.094011],[55.148571,25.094018],[55.14847,25.094089],[55.148548,25.094181],[55.148656,25.094174]]]}},{"type":"Feature","properties":{},"geometry":{"type":"Polygon","coordinates":[[[55.148373,25.094464],[55.148265,25.094472],[55.148255,25.094495],[55.148289,25.094508],[55.148397,25.0945],[55.148408,25.094477],[55.148373,25.094464]]]}},{"type":"Feature","properties":{},"geometry":{"type":"Polygon","coordinates":[[[55.150238,25.06808],[55.150302,25.068035],[55.150388,25.068029],[55.150436,25.067989],[55.1504,25.067954],[55.150298,25.06796],[55.150247,25.067901],[55.150139,25.067909],[55.150038,25.067981],[55.15013,25.068088],[55.150238,25.06808]]]}},{"type":"Feature","properties":{},"geometry":{"type":"Polygon","coordinates":[[[55.150357,25.068259],[55.150358,25.068117],[55.150102,25.068123],[55.1501,25.068265],[55.150357,25.068259]]]}},{"type":"Feature","properties":{},"geometry":{"type":"Polygon","coordinates":[[[55.149818,25.068515],[55.149941,25.068485],[55.149909,25.068375],[55.149801,25.068382],[55.149677,25.068412],[55.14971,25.068523],[55.149818,25.068515]]]}},{"type":"Feature","properties":{},"geometry":{"type":"Polygon","coordinates":[[[55.149566,25.068571],[55.149689,25.068541],[55.149656,25.068431],[55.149548,25.068438],[55.149425,25.068468],[55.149458,25.068578],[55.149566,25.068571]]]}},{"type":"Feature","properties":{},"geometry":{"type":"Polygon","coordinates":[[[55.150298,25.068883],[55.150396,25.068806],[55.150308,25.068715],[55.150238,25.06872],[55.150296,25.068674],[55.150209,25.068582],[55.150138,25.068587],[55.15017,25.068562],[55.150083,25.068471],[55.149975,25.068478],[55.149877,25.068554],[55.149965,25.068645],[55.150036,25.068641],[55.150003,25.068666],[55.150091,25.068757],[55.150161,25.068753],[55.150103,25.068799],[55.15019,25.06889],[55.150298,25.068883]]]}},{"type":"Feature","properties":{},"geometry":{"type":"Polygon","coordinates":[[[55.150092,25.069721],[55.150202,25.069629],[55.150176,25.069603],[55.150227,25.0696],[55.150466,25.069409],[55.150353,25.069299],[55.150245,25.069306],[55.150192,25.069351],[55.15023,25.069389],[55.150221,25.069397],[55.150116,25.069404],[55.150063,25.069449],[55.150102,25.069487],[55.150062,25.06952],[55.149982,25.069526],[55.149928,25.06957],[55.149967,25.069608],[55.14991,25.069656],[55.149984,25.069728],[55.150092,25.069721]]]}},{"type":"Feature","properties":{},"geometry":{"type":"Polygon","coordinates":[[[55.150226,25.069656],[55.150132,25.069734],[55.150213,25.069813],[55.150313,25.069807],[55.150277,25.069837],[55.150361,25.069919],[55.150469,25.069911],[55.150585,25.069813],[55.1505,25.069732],[55.150402,25.069738],[55.150414,25.069728],[55.150334,25.069649],[55.150226,25.069656]]]}},{"type":"Feature","properties":{},"geometry":{"type":"Polygon","coordinates":[[[55.149803,25.069749],[55.149695,25.069756],[55.149604,25.069837],[55.149626,25.069857],[55.149559,25.069862],[55.149463,25.069945],[55.149552,25.070029],[55.14966,25.070022],[55.149756,25.069938],[55.149732,25.069916],[55.1498,25.069911],[55.149891,25.06983],[55.149803,25.069749]]]}},{"type":"Feature","properties":{},"geometry":{"type":"Polygon","coordinates":[[[55.150281,25.070319],[55.150383,25.070312],[55.150501,25.070278],[55.150465,25.070176],[55.150357,25.070183],[55.150239,25.070217],[55.150252,25.070254],[55.150169,25.070219],[55.150086,25.070224],[55.150129,25.070187],[55.15004,25.070104],[55.149952,25.070109],[55.150033,25.070039],[55.149945,25.069955],[55.149837,25.069963],[55.149741,25.070046],[55.149829,25.07013],[55.149917,25.070124],[55.149836,25.070194],[55.149924,25.070278],[55.150042,25.070262],[55.150007,25.07033],[55.150141,25.070387],[55.150249,25.07038],[55.150281,25.070319]]]}},{"type":"Feature","properties":{},"geometry":{"type":"Polygon","coordinates":[[[55.149862,25.070708],[55.14997,25.0707],[55.150066,25.070617],[55.149977,25.070533],[55.149885,25.070539],[55.149937,25.070495],[55.149848,25.070411],[55.149772,25.070416],[55.149825,25.07037],[55.149737,25.070286],[55.149685,25.070289],[55.149718,25.07026],[55.14963,25.070177],[55.149522,25.070184],[55.149426,25.070267],[55.149514,25.070351],[55.149566,25.070347],[55.149533,25.070376],[55.149621,25.07046],[55.149698,25.070455],[55.149644,25.070501],[55.149733,25.070585],[55.149825,25.070579],[55.149773,25.070624],[55.149862,25.070708]]]}},{"type":"Feature","properties":{},"geometry":{"type":"Polygon","coordinates":[[[55.149625,25.07142],[55.149673,25.071384],[55.149634,25.071341],[55.149526,25.071348],[55.149478,25.071384],[55.149517,25.071427],[55.149625,25.07142]]]}},{"type":"Feature","properties":{},"geometry":{"type":"Polygon","coordinates":[[[55.149773,25.071748],[55.149699,25.071753],[55.149752,25.071706],[55.149663,25.071624],[55.149569,25.07163],[55.149621,25.071584],[55.149532,25.071503],[55.149424,25.07151],[55.149333,25.071591],[55.149422,25.071673],[55.149516,25.071666],[55.149464,25.071713],[55.149553,25.071794],[55.149627,25.071789],[55.149574,25.071837],[55.149663,25.071918],[55.149771,25.071911],[55.149862,25.07183],[55.149773,25.071748]]]}},{"type":"Feature","properties":{},"geometry":{"type":"Polygon","coordinates":[[[55.149945,25.071848],[55.149837,25.071855],[55.149746,25.071936],[55.149835,25.072018],[55.149945,25.072008],[55.150022,25.072078],[55.15013,25.072071],[55.150221,25.07199],[55.150133,25.071908],[55.150022,25.071918],[55.149945,25.071848]]]}},{"type":"Feature","properties":{},"geometry":{"type":"Polygon","coordinates":[[[55.14987,25.072312],[55.149762,25.072319],[55.149671,25.0724],[55.14976,25.072482],[55.149868,25.072475],[55.149958,25.072393],[55.14987,25.072312]]]}},{"type":"Feature","properties":{},"geometry":{"type":"Polygon","coordinates":[[[55.150079,25.072443],[55.149971,25.07245],[55.14988,25.072531],[55.149969,25.072613],[55.150077,25.072606],[55.150168,25.072524],[55.150079,25.072443]]]}},{"type":"Feature","properties":{},"geometry":{"type":"Polygon","coordinates":[[[55.149666,25.072504],[55.149558,25.072511],[55.149467,25.072592],[55.149556,25.072674],[55.149664,25.072666],[55.149755,25.072585],[55.149666,25.072504]]]}},{"type":"Feature","properties":{},"geometry":{"type":"Polygon","coordinates":[[[55.149875,25.072652],[55.149767,25.072659],[55.149676,25.07274],[55.149765,25.072822],[55.149873,25.072815],[55.149964,25.072733],[55.149875,25.072652]]]}},{"type":"Feature","properties":{},"geometry":{"type":"Polygon","coordinates":[[[55.149684,25.072893],[55.149576,25.072901],[55.149564,25.072943],[55.149689,25.07295],[55.149644,25.072991],[55.149733,25.073072],[55.149841,25.073065],[55.149932,25.072984],[55.149843,25.072902],[55.149684,25.072893]]]}},{"type":"Feature","properties":{},"geometry":{"type":"Polygon","coordinates":[[[55.150128,25.073082],[55.150169,25.073053],[55.150121,25.072996],[55.150013,25.073004],[55.149972,25.073032],[55.15002,25.073089],[55.150128,25.073082]]]}},{"type":"Feature","properties":{},"geometry":{"type":"Polygon","coordinates":[[[55.149513,25.073033],[55.149405,25.07304],[55.149314,25.073122],[55.149403,25.073203],[55.149511,25.073196],[55.149602,25.073115],[55.149513,25.073033]]]}},{"type":"Feature","properties":{},"geometry":{"type":"Polygon","coordinates":[[[55.149892,25.073471],[55.149983,25.073389],[55.149956,25.073365],[55.150049,25.073359],[55.150109,25.07331],[55.150132,25.073333],[55.15024,25.073325],[55.150333,25.073247],[55.150324,25.073239],[55.150408,25.073233],[55.150512,25.073145],[55.150499,25.073133],[55.150544,25.07313],[55.150648,25.073039],[55.150547,25.072945],[55.150439,25.072952],[55.150336,25.073042],[55.150371,25.073075],[55.150328,25.073078],[55.150227,25.073163],[55.150137,25.073169],[55.15008,25.073218],[55.15003,25.073167],[55.149922,25.073174],[55.149827,25.07325],[55.149885,25.073308],[55.149786,25.073315],[55.149695,25.073396],[55.149784,25.073478],[55.149892,25.073471]]]}},{"type":"Feature","properties":{},"geometry":{"type":"Polygon","coordinates":[[[55.14991,25.073512],[55.149802,25.073519],[55.149711,25.0736],[55.1498,25.073682],[55.149908,25.073675],[55.149999,25.073593],[55.14991,25.073512]]]}},{"type":"Feature","properties":{},"geometry":{"type":"Polygon","coordinates":[[[55.149955,25.073655],[55.149864,25.073736],[55.149953,25.073818],[55.150061,25.073811],[55.150098,25.073777],[55.150151,25.073825],[55.150259,25.073818],[55.150338,25.073747],[55.150407,25.073743],[55.150498,25.073661],[55.150468,25.073634],[55.150557,25.073629],[55.150645,25.073549],[55.150699,25.073546],[55.150791,25.073472],[55.150685,25.073363],[55.150736,25.07341],[55.150844,25.073403],[55.150935,25.073321],[55.150902,25.073291],[55.150946,25.073288],[55.151037,25.073207],[55.151005,25.073178],[55.151056,25.073174],[55.151147,25.073093],[55.151089,25.07304],[55.151182,25.073033],[55.151273,25.072952],[55.151184,25.07287],[55.151076,25.072878],[55.150985,25.072959],[55.151043,25.073012],[55.15095,25.073019],[55.150903,25.073061],[55.150795,25.073067],[55.150745,25.073096],[55.150776,25.073139],[55.150838,25.073135],[55.150787,25.07318],[55.150674,25.073179],[55.150619,25.073208],[55.150649,25.073254],[55.150736,25.073248],[55.150647,25.073328],[55.150681,25.073359],[55.150573,25.073366],[55.150481,25.07344],[55.150509,25.073469],[55.150451,25.073473],[55.15036,25.073554],[55.150389,25.073581],[55.150301,25.073587],[55.150222,25.073658],[55.150153,25.073662],[55.150115,25.073696],[55.150063,25.073648],[55.149955,25.073655]],[[55.150775,25.073238],[55.150781,25.073244],[55.15076,25.073245],[55.150775,25.073238]],[[55.15089,25.073128],[55.150891,25.073129],[55.150888,25.07313],[55.15089,25.073128]]]}},{"type":"Feature","properties":{},"geometry":{"type":"Polygon","coordinates":[[[55.149576,25.07617],[55.149468,25.076177],[55.149412,25.076222],[55.149441,25.076252],[55.149549,25.076245],[55.149606,25.0762],[55.149576,25.07617]]]}},{"type":"Feature","properties":{},"geometry":{"type":"Polygon","coordinates":[[[55.150097,25.076237],[55.149989,25.076244],[55.149849,25.076361],[55.149892,25.076403],[55.15,25.076396],[55.150139,25.076279],[55.150097,25.076237]]]}},{"type":"Feature","properties":{},"geometry":{"type":"Polygon","coordinates":[[[55.149494,25.076375],[55.149386,25.076382],[55.149342,25.076417],[55.149368,25.076443],[55.149476,25.076436],[55.149519,25.076401],[55.149494,25.076375]]]}},{"type":"Feature","properties":{},"geometry":{"type":"Polygon","coordinates":[[[55.149317,25.083729],[55.149209,25.083736],[55.149183,25.083823],[55.14928,25.083846],[55.149388,25.083838],[55.149413,25.083752],[55.149317,25.083729]]]}},{"type":"Feature","properties":{},"geometry":{"type":"Polygon","coordinates":[[[55.149635,25.086008],[55.149597,25.085938],[55.149489,25.085945],[55.149409,25.08598],[55.149447,25.086051],[55.149555,25.086044],[55.149635,25.086008]]]}},{"type":"Feature","properties":{},"geometry":{"type":"Polygon","coordinates":[[[55.150771,25.068247],[55.150872,25.068175],[55.150811,25.068104],[55.150859,25.068101],[55.150961,25.068029],[55.15095,25.068016],[55.150995,25.068014],[55.151096,25.067941],[55.151004,25.067835],[55.150896,25.067842],[55.150794,25.067914],[55.150805,25.067926],[55.15076,25.067929],[55.150659,25.068001],[55.15072,25.068072],[55.150672,25.068075],[55.15057,25.068147],[55.150663,25.068254],[55.150771,25.068247]]]}},{"type":"Feature","properties":{},"geometry":{"type":"Polygon","coordinates":[[[55.150884,25.068279],[55.150782,25.068351],[55.150875,25.068458],[55.150983,25.068451],[55.151084,25.068379],[55.15107,25.068363],[55.151118,25.06836],[55.15122,25.068288],[55.151203,25.068269],[55.151243,25.068266],[55.151344,25.068194],[55.151337,25.068186],[55.151394,25.068163],[55.151382,25.068146],[55.151489,25.068074],[55.151472,25.068054],[55.151539,25.06805],[55.151641,25.067978],[55.151548,25.067871],[55.15144,25.067878],[55.151339,25.06795],[55.151355,25.06797],[55.151289,25.067974],[55.151187,25.068046],[55.151224,25.068089],[55.151144,25.068094],[55.151042,25.068167],[55.151058,25.068185],[55.151019,25.068188],[55.150917,25.06826],[55.150931,25.068276],[55.150884,25.068279]]]}},{"type":"Feature","properties":{},"geometry":{"type":"Polygon","coordinates":[[[55.15045,25.068423],[55.150489,25.068392],[55.150402,25.068301],[55.150294,25.068308],[55.150197,25.068384],[55.150284,25.068475],[55.150347,25.068471],[55.150308,25.068502],[55.150395,25.068593],[55.150503,25.068586],[55.150601,25.06851],[55.150514,25.068418],[55.15045,25.068423]]]}},{"type":"Feature","properties":{},"geometry":{"type":"Polygon","coordinates":[[[55.150822,25.068788],[55.15088,25.0689],[55.150988,25.068893],[55.151121,25.068836],[55.151069,25.068737],[55.15112,25.068788],[55.151228,25.068781],[55.151463,25.068596],[55.151427,25.06856],[55.151479,25.068557],[55.15159,25.068464],[55.151627,25.068462],[55.151738,25.06837],[55.151726,25.068358],[55.151754,25.068356],[55.151866,25.068265],[55.151847,25.068246],[55.151896,25.068243],[55.151998,25.068159],[55.152017,25.068158],[55.152128,25.068067],[55.152102,25.068041],[55.152144,25.068038],[55.152256,25.067946],[55.152183,25.067873],[55.151979,25.067889],[55.151925,25.067934],[55.151989,25.067998],[55.151852,25.06801],[55.151798,25.068054],[55.151829,25.068086],[55.151731,25.068095],[55.151677,25.068139],[55.151733,25.068196],[55.151589,25.068208],[55.151535,25.068252],[55.151585,25.068303],[55.151461,25.068313],[55.151407,25.068357],[55.151447,25.068397],[55.151314,25.068408],[55.15126,25.068452],[55.151334,25.068527],[55.151187,25.068539],[55.151133,25.068583],[55.151172,25.068623],[55.151063,25.068633],[55.151023,25.068666],[55.150923,25.068672],[55.150866,25.068697],[55.150897,25.068756],[55.150822,25.068788]]]}},{"type":"Feature","properties":{},"geometry":{"type":"Polygon","coordinates":[[[55.150696,25.068677],[55.150736,25.068646],[55.150649,25.068554],[55.150541,25.068562],[55.150443,25.068638],[55.150531,25.068729],[55.1506,25.068725],[55.15056,25.068756],[55.150647,25.068847],[55.150755,25.06884],[55.150853,25.068763],[55.150766,25.068672],[55.150696,25.068677]]]}},{"type":"Feature","properties":{},"geometry":{"type":"Polygon","coordinates":[[[55.150626,25.069232],[55.150567,25.069278],[55.150655,25.069369],[55.150723,25.069364],[55.150683,25.069393],[55.150777,25.069499],[55.150885,25.069492],[55.150973,25.069428],[55.150879,25.069322],[55.150807,25.069327],[55.15086,25.069285],[55.150773,25.069194],[55.150682,25.0692],[55.15074,25.069154],[55.150653,25.069063],[55.150636,25.069064],[55.150656,25.069049],[55.150569,25.068958],[55.150511,25.068962],[55.150548,25.068932],[55.150461,25.068841],[55.150353,25.068848],[55.150256,25.068925],[55.150343,25.069016],[55.1504,25.069012],[55.150363,25.069041],[55.15045,25.069133],[55.150467,25.069132],[55.150447,25.069147],[55.150535,25.069238],[55.150626,25.069232]]]}},{"type":"Feature","properties":{},"geometry":{"type":"Polygon","coordinates":[[[55.150774,25.070017],[55.150882,25.070009],[55.150917,25.069964],[55.1509,25.069953],[55.150921,25.069952],[55.150956,25.069906],[55.150906,25.069874],[55.150798,25.069881],[55.150762,25.069927],[55.150779,25.069938],[55.150759,25.069939],[55.150724,25.069985],[55.150774,25.070017]]]}},{"type":"Feature","properties":{},"geometry":{"type":"Polygon","coordinates":[[[55.150562,25.069995],[55.150454,25.070002],[55.150383,25.070129],[55.150509,25.070187],[55.150617,25.07018],[55.150688,25.070053],[55.150562,25.069995]]]}},{"type":"Feature","properties":{},"geometry":{"type":"Polygon","coordinates":[[[55.15129,25.070231],[55.151182,25.070238],[55.151123,25.070339],[55.151235,25.070394],[55.151343,25.070386],[55.151403,25.070286],[55.15129,25.070231]]]}},{"type":"Feature","properties":{},"geometry":{"type":"Polygon","coordinates":[[[55.15121,25.070403],[55.151102,25.070411],[55.151042,25.070511],[55.151155,25.070566],[55.151263,25.070559],[55.151323,25.070458],[55.15121,25.070403]]]}},{"type":"Feature","properties":{},"geometry":{"type":"Polygon","coordinates":[[[55.151183,25.070569],[55.151075,25.070576],[55.151016,25.070677],[55.151128,25.070731],[55.151236,25.070724],[55.151296,25.070623],[55.151183,25.070569]]]}},{"type":"Feature","properties":{},"geometry":{"type":"Polygon","coordinates":[[[55.151595,25.070807],[55.151703,25.070799],[55.151763,25.070699],[55.15165,25.070644],[55.151542,25.070651],[55.151483,25.070751],[55.151403,25.070712],[55.151295,25.070719],[55.151235,25.07082],[55.151348,25.070875],[55.151456,25.070867],[55.151515,25.070768],[55.151595,25.070807]]]}},{"type":"Feature","properties":{},"geometry":{"type":"Polygon","coordinates":[[[55.150969,25.070921],[55.150861,25.070928],[55.150801,25.071029],[55.150914,25.071084],[55.151022,25.071076],[55.151041,25.071044],[55.151152,25.071098],[55.15126,25.071091],[55.15132,25.07099],[55.151207,25.070935],[55.151099,25.070942],[55.15108,25.070975],[55.150969,25.070921]]]}},{"type":"Feature","properties":{},"geometry":{"type":"Polygon","coordinates":[[[55.150818,25.071076],[55.15071,25.071083],[55.150651,25.071184],[55.150763,25.071239],[55.150871,25.071232],[55.150931,25.071131],[55.150818,25.071076]]]}},{"type":"Feature","properties":{},"geometry":{"type":"Polygon","coordinates":[[[55.151524,25.071146],[55.151411,25.071091],[55.151303,25.071098],[55.151243,25.071199],[55.151282,25.071218],[55.151156,25.071224],[55.151153,25.071273],[55.15131,25.071267],[55.151311,25.071232],[55.151356,25.071254],[55.151464,25.071246],[55.151524,25.071146]]]}},{"type":"Feature","properties":{},"geometry":{"type":"Polygon","coordinates":[[[55.151355,25.071302],[55.151247,25.071309],[55.151187,25.07141],[55.1513,25.071465],[55.151408,25.071458],[55.151468,25.071357],[55.151355,25.071302]]]}},{"type":"Feature","properties":{},"geometry":{"type":"Polygon","coordinates":[[[55.150834,25.071365],[55.150726,25.071373],[55.150667,25.071474],[55.15078,25.071528],[55.150888,25.071521],[55.150947,25.07142],[55.150834,25.071365]]]}},{"type":"Feature","properties":{},"geometry":{"type":"Polygon","coordinates":[[[55.151293,25.071467],[55.151185,25.071475],[55.151125,25.071575],[55.151238,25.07163],[55.151346,25.071623],[55.151406,25.071522],[55.151293,25.071467]]]}},{"type":"Feature","properties":{},"geometry":{"type":"Polygon","coordinates":[[[55.150545,25.071816],[55.15045,25.071822],[55.150391,25.071923],[55.150503,25.071978],[55.150611,25.07197],[55.150671,25.07187],[55.150591,25.071831],[55.150686,25.071825],[55.150746,25.071724],[55.150658,25.071681],[55.150761,25.071674],[55.150821,25.071573],[55.150708,25.071518],[55.1506,25.071526],[55.150541,25.071627],[55.150629,25.071669],[55.150525,25.071676],[55.150466,25.071777],[55.150545,25.071816]]]}},{"type":"Feature","properties":{},"geometry":{"type":"Polygon","coordinates":[[[55.151379,25.071621],[55.151271,25.071628],[55.151245,25.071679],[55.1513,25.071702],[55.151408,25.071695],[55.151434,25.071644],[55.151379,25.071621]]]}},{"type":"Feature","properties":{},"geometry":{"type":"Polygon","coordinates":[[[55.150398,25.071928],[55.15029,25.071935],[55.150199,25.072016],[55.150288,25.072098],[55.150396,25.072091],[55.150487,25.072009],[55.150398,25.071928]]]}},{"type":"Feature","properties":{},"geometry":{"type":"Polygon","coordinates":[[[55.15124,25.071983],[55.151132,25.07199],[55.151112,25.072087],[55.151226,25.072106],[55.151292,25.072102],[55.151275,25.072125],[55.151324,25.072154],[55.151432,25.072147],[55.151465,25.072102],[55.151416,25.072073],[55.151338,25.072078],[55.151354,25.072002],[55.15124,25.071983]]]}},{"type":"Feature","properties":{},"geometry":{"type":"Polygon","coordinates":[[[55.150944,25.07198],[55.150836,25.071987],[55.150777,25.072088],[55.150889,25.072143],[55.150997,25.072136],[55.151057,25.072035],[55.150944,25.07198]]]}},{"type":"Feature","properties":{},"geometry":{"type":"Polygon","coordinates":[[[55.150829,25.072145],[55.150721,25.072152],[55.150661,25.072253],[55.150774,25.072308],[55.150882,25.072301],[55.150942,25.0722],[55.150829,25.072145]]]}},{"type":"Feature","properties":{},"geometry":{"type":"Polygon","coordinates":[[[55.150836,25.072697],[55.150944,25.07269],[55.151004,25.072589],[55.150982,25.072578],[55.151062,25.072573],[55.151122,25.072472],[55.151077,25.07245],[55.151166,25.072444],[55.151226,25.072343],[55.15118,25.072321],[55.15126,25.072315],[55.15132,25.072215],[55.151207,25.07216],[55.151099,25.072167],[55.15104,25.072268],[55.151086,25.07229],[55.151005,25.072296],[55.150946,25.072397],[55.150991,25.072419],[55.150901,25.072425],[55.150841,25.072525],[55.150863,25.072536],[55.150783,25.072541],[55.150723,25.072642],[55.150836,25.072697]]]}},{"type":"Feature","properties":{},"geometry":{"type":"Polygon","coordinates":[[[55.150653,25.072258],[55.150545,25.072265],[55.150454,25.072347],[55.150507,25.072396],[55.150421,25.072402],[55.150331,25.072483],[55.150419,25.072564],[55.150527,25.072557],[55.150618,25.072476],[55.150565,25.072427],[55.150651,25.072421],[55.150742,25.07234],[55.150653,25.072258]]]}},{"type":"Feature","properties":{},"geometry":{"type":"Polygon","coordinates":[[[55.151255,25.072705],[55.151158,25.072711],[55.151099,25.072812],[55.151211,25.072867],[55.151319,25.07286],[55.151379,25.072759],[55.15136,25.072749],[55.151456,25.072743],[55.15151,25.072653],[55.151539,25.072651],[55.151599,25.07255],[55.151486,25.072495],[55.151378,25.072502],[55.151345,25.072559],[55.15124,25.072566],[55.151211,25.07261],[55.151274,25.072629],[55.151235,25.072696],[55.151255,25.072705]]]}},{"type":"Feature","properties":{},"geometry":{"type":"Polygon","coordinates":[[[55.150339,25.072506],[55.150231,25.072513],[55.15014,25.072595],[55.150229,25.072676],[55.150337,25.072669],[55.150428,25.072588],[55.150339,25.072506]]]}},{"type":"Feature","properties":{},"geometry":{"type":"Polygon","coordinates":[[[55.150741,25.07266],[55.150633,25.072668],[55.150573,25.072768],[55.150686,25.072823],[55.150794,25.072816],[55.150853,25.072715],[55.150741,25.07266]]]}},{"type":"Feature","properties":{},"geometry":{"type":"Polygon","coordinates":[[[55.150811,25.072821],[55.150703,25.072828],[55.150666,25.072867],[55.150702,25.072895],[55.15081,25.072888],[55.150847,25.07285],[55.150811,25.072821]]]}},{"type":"Feature","properties":{},"geometry":{"type":"Polygon","coordinates":[[[55.151169,25.073982],[55.151226,25.073978],[55.151316,25.073896],[55.151284,25.073868],[55.151329,25.073865],[55.15142,25.073785],[55.151367,25.073735],[55.151441,25.073731],[55.151533,25.07365],[55.151521,25.073639],[55.151587,25.073635],[55.151679,25.073554],[55.151635,25.073513],[55.151722,25.073507],[55.151813,25.073426],[55.151779,25.073395],[55.15183,25.073391],[55.151922,25.073311],[55.151883,25.073275],[55.151917,25.073272],[55.152009,25.073192],[55.151966,25.073152],[55.152022,25.073148],[55.152114,25.073067],[55.152061,25.073018],[55.152138,25.073013],[55.152209,25.072917],[55.152105,25.072853],[55.151997,25.072861],[55.151925,25.072957],[55.151977,25.072988],[55.151917,25.072992],[55.151826,25.073073],[55.151869,25.073113],[55.151813,25.073117],[55.151721,25.073197],[55.15176,25.073233],[55.151725,25.073236],[55.151634,25.073317],[55.151668,25.073348],[55.151622,25.073351],[55.151601,25.073334],[55.151493,25.073341],[55.151446,25.073387],[55.15149,25.073424],[55.151539,25.07342],[55.151525,25.073432],[55.151569,25.073473],[55.151483,25.073479],[55.151391,25.07356],[55.151403,25.073571],[55.151337,25.073575],[55.151245,25.073656],[55.151298,25.073705],[55.151224,25.07371],[55.151132,25.07379],[55.151164,25.07382],[55.151118,25.073823],[55.151028,25.073905],[55.151042,25.073918],[55.150989,25.073921],[55.150896,25.074001],[55.150984,25.074084],[55.151092,25.074077],[55.151184,25.073997],[55.151169,25.073982]]]}},{"type":"Feature","properties":{},"geometry":{"type":"Polygon","coordinates":[[[55.150919,25.074077],[55.150811,25.074084],[55.150777,25.074196],[55.150899,25.074227],[55.151007,25.074219],[55.151041,25.074108],[55.150919,25.074077]]]}},{"type":"Feature","properties":{},"geometry":{"type":"Polygon","coordinates":[[[55.150509,25.074269],[55.15051,25.074422],[55.150721,25.074414],[55.150721,25.074312],[55.150852,25.074305],[55.150852,25.07426],[55.150509,25.074269]]]}},{"type":"Feature","properties":{},"geometry":{"type":"Polygon","coordinates":[[[55.150889,25.074452],[55.151008,25.074413],[55.150964,25.074304],[55.150856,25.074311],[55.150737,25.074351],[55.150781,25.074459],[55.150889,25.074452]]]}},{"type":"Feature","properties":{},"geometry":{"type":"Polygon","coordinates":[[[55.151095,25.074427],[55.150987,25.074434],[55.150975,25.074458],[55.15092,25.074462],[55.15087,25.074564],[55.150971,25.074604],[55.151079,25.074597],[55.151132,25.07449],[55.151173,25.074595],[55.151281,25.074587],[55.151402,25.074548],[55.151359,25.07444],[55.151251,25.074447],[55.151134,25.074486],[55.151151,25.07445],[55.151095,25.074427]]]}},{"type":"Feature","properties":{},"geometry":{"type":"Polygon","coordinates":[[[55.151382,25.076511],[55.151318,25.076515],[55.151169,25.076358],[55.149832,25.076447],[55.149655,25.076584],[55.149829,25.076768],[55.149796,25.076793],[55.149864,25.076865],[55.151201,25.076776],[55.15145,25.076583],[55.151382,25.076511]]]}},{"type":"Feature","properties":{},"geometry":{"type":"Polygon","coordinates":[[[55.151221,25.077765],[55.152558,25.077676],[55.152826,25.077462],[55.15274,25.077375],[55.152674,25.077379],[55.15254,25.077241],[55.152007,25.077277],[55.152056,25.077236],[55.151799,25.07698],[55.15138,25.077008],[55.151324,25.076947],[55.149686,25.077056],[55.149405,25.077269],[55.149592,25.077472],[55.150428,25.077417],[55.150511,25.077499],[55.151035,25.077464],[55.151021,25.077476],[55.151196,25.077654],[55.151149,25.077691],[55.151221,25.077765]]]}},{"type":"Feature","properties":{},"geometry":{"type":"Polygon","coordinates":[[[55.151491,25.079911],[55.15153,25.079952],[55.153141,25.079845],[55.153454,25.079599],[55.15327,25.079401],[55.152275,25.079467],[55.152138,25.079329],[55.150998,25.079405],[55.150918,25.079323],[55.15081,25.07933],[55.150729,25.079395],[55.150755,25.079422],[55.150698,25.079425],[55.150576,25.079569],[55.149957,25.07961],[55.149688,25.079793],[55.149918,25.080061],[55.15121,25.079975],[55.151274,25.079925],[55.151491,25.079911]]]}},{"type":"Feature","properties":{},"geometry":{"type":"Polygon","coordinates":[[[55.150254,25.08052],[55.150492,25.080327],[55.150245,25.080078],[55.150137,25.080085],[55.149899,25.080278],[55.150146,25.080528],[55.150254,25.08052]]]}},{"type":"Feature","properties":{},"geometry":{"type":"Polygon","coordinates":[[[55.150438,25.093795],[55.150478,25.093763],[55.150443,25.093726],[55.150335,25.093733],[55.150294,25.093766],[55.15033,25.093802],[55.150438,25.093795]]]}},{"type":"Feature","properties":{},"geometry":{"type":"Polygon","coordinates":[[[55.149792,25.094493],[55.149801,25.094512],[55.149787,25.094518],[55.149873,25.094673],[55.149973,25.094666],[55.150008,25.094739],[55.149915,25.094776],[55.150008,25.094969],[55.149942,25.094995],[55.149957,25.095027],[55.14986,25.095066],[55.149897,25.095144],[55.149854,25.095161],[55.149952,25.095364],[55.149989,25.095361],[55.150007,25.095399],[55.150137,25.095391],[55.150148,25.095416],[55.150194,25.095413],[55.150267,25.095564],[55.150298,25.095562],[55.150426,25.095827],[55.150327,25.095866],[55.150402,25.096021],[55.150439,25.096018],[55.150468,25.096079],[55.150528,25.096075],[55.15055,25.096122],[55.150775,25.096107],[55.150854,25.096076],[55.150729,25.095817],[55.150812,25.095785],[55.1509,25.095779],[55.151069,25.095712],[55.150965,25.095495],[55.15106,25.095457],[55.151033,25.0954],[55.151161,25.095349],[55.151058,25.095136],[55.151087,25.095124],[55.151015,25.094975],[55.15079,25.09499],[55.150739,25.09501],[55.150786,25.095107],[55.15059,25.095182],[55.150557,25.095114],[55.150677,25.095067],[55.150638,25.094986],[55.150483,25.094997],[55.150456,25.094942],[55.150671,25.094857],[55.150697,25.094911],[55.150922,25.094896],[55.150979,25.094874],[55.150905,25.094718],[55.150877,25.09472],[55.15083,25.094624],[55.150805,25.094626],[55.15077,25.094555],[55.150795,25.094545],[55.150657,25.094259],[55.150432,25.094274],[55.150219,25.094358],[55.150211,25.094341],[55.149952,25.094363],[55.149919,25.094295],[55.149694,25.09431],[55.14953,25.094375],[55.149434,25.094381],[55.149361,25.094423],[55.149283,25.094281],[55.149058,25.094296],[55.148926,25.094349],[55.149039,25.094541],[55.149084,25.094538],[55.149106,25.094582],[55.149575,25.094551],[55.149657,25.094518],[55.149792,25.094493]]]}},{"type":"Feature","properties":{},"geometry":{"type":"Polygon","coordinates":[[[55.151902,25.069565],[55.151865,25.069568],[55.151907,25.069496],[55.151795,25.069441],[55.151713,25.069447],[55.151752,25.069382],[55.151639,25.069327],[55.151531,25.069334],[55.151471,25.069435],[55.151584,25.06949],[55.151665,25.069484],[55.151627,25.069549],[55.15174,25.069604],[55.151777,25.069602],[55.151734,25.069673],[55.151847,25.069728],[55.151955,25.069721],[55.152015,25.06962],[55.151902,25.069565]]]}},{"type":"Feature","properties":{},"geometry":{"type":"Polygon","coordinates":[[[55.151535,25.069794],[55.151427,25.069801],[55.151367,25.069902],[55.15148,25.069956],[55.151588,25.069949],[55.151647,25.069848],[55.151535,25.069794]]]}},{"type":"Feature","properties":{},"geometry":{"type":"Polygon","coordinates":[[[55.151673,25.07022],[55.151785,25.070275],[55.151893,25.070267],[55.151953,25.070166],[55.151859,25.070121],[55.151955,25.070114],[55.152015,25.070013],[55.151931,25.069973],[55.15203,25.069966],[55.15209,25.069865],[55.151977,25.069811],[55.151869,25.069818],[55.151809,25.069919],[55.151893,25.069959],[55.151794,25.069966],[55.151762,25.070019],[55.151684,25.070025],[55.151657,25.070081],[55.151707,25.070101],[55.151793,25.070095],[55.151828,25.070113],[55.151732,25.070119],[55.151673,25.07022]]]}},{"type":"Feature","properties":{},"geometry":{"type":"Polygon","coordinates":[[[55.151467,25.069954],[55.151359,25.069961],[55.1513,25.070062],[55.151381,25.070102],[55.151338,25.070104],[55.151278,25.070205],[55.151391,25.07026],[55.151499,25.070253],[55.151559,25.070152],[55.151477,25.070112],[55.151521,25.070109],[55.15158,25.070009],[55.151467,25.069954]]]}},{"type":"Feature","properties":{},"geometry":{"type":"Polygon","coordinates":[[[55.152162,25.070168],[55.152054,25.070175],[55.151995,25.070276],[55.152107,25.07033],[55.152215,25.070323],[55.152275,25.070222],[55.152162,25.070168]]]}},{"type":"Feature","properties":{},"geometry":{"type":"Polygon","coordinates":[[[55.151768,25.070301],[55.15166,25.070308],[55.1516,25.070409],[55.151713,25.070464],[55.151821,25.070457],[55.151881,25.070356],[55.151768,25.070301]]]}},{"type":"Feature","properties":{},"geometry":{"type":"Polygon","coordinates":[[[55.152092,25.07036],[55.151984,25.070367],[55.151925,25.070468],[55.152037,25.070522],[55.152145,25.070515],[55.152205,25.070414],[55.152092,25.07036]]]}},{"type":"Feature","properties":{},"geometry":{"type":"Polygon","coordinates":[[[55.151668,25.070479],[55.151608,25.070579],[55.151721,25.070634],[55.151829,25.070627],[55.151889,25.070526],[55.151776,25.070471],[55.151668,25.070479]]]}},{"type":"Feature","properties":{},"geometry":{"type":"Polygon","coordinates":[[[55.152038,25.070573],[55.151978,25.070674],[55.152091,25.070729],[55.152199,25.070722],[55.152259,25.070621],[55.152146,25.070566],[55.152038,25.070573]]]}},{"type":"Feature","properties":{},"geometry":{"type":"Polygon","coordinates":[[[55.152009,25.07069],[55.151901,25.070697],[55.151842,25.070798],[55.151954,25.070853],[55.152062,25.070846],[55.152122,25.070745],[55.152009,25.07069]]]}},{"type":"Feature","properties":{},"geometry":{"type":"Polygon","coordinates":[[[55.151921,25.070845],[55.151813,25.070853],[55.151753,25.070954],[55.151866,25.071008],[55.151974,25.071001],[55.152033,25.0709],[55.151921,25.070845]]]}},{"type":"Feature","properties":{},"geometry":{"type":"Polygon","coordinates":[[[55.151557,25.070993],[55.151449,25.071],[55.151432,25.071043],[55.151546,25.071079],[55.151654,25.071072],[55.151671,25.071029],[55.151557,25.070993]]]}},{"type":"Feature","properties":{},"geometry":{"type":"Polygon","coordinates":[[[55.151651,25.071301],[55.151719,25.071329],[55.151683,25.071317],[55.151575,25.071324],[55.151558,25.071366],[55.151597,25.071379],[55.151532,25.071383],[55.151521,25.07141],[55.151537,25.071415],[55.151531,25.07143],[55.151567,25.071442],[55.151524,25.071445],[55.151506,25.071484],[55.151527,25.071492],[55.151507,25.071538],[55.151537,25.071549],[55.151522,25.071584],[55.151618,25.071619],[55.151726,25.071612],[55.151756,25.071542],[55.151797,25.07154],[55.151822,25.071482],[55.151777,25.071465],[55.151709,25.071466],[55.151759,25.071463],[55.151773,25.071428],[55.151748,25.07141],[55.151849,25.071396],[55.151871,25.071343],[55.151836,25.071331],[55.151849,25.07133],[55.151879,25.071269],[55.151944,25.071265],[55.151969,25.071214],[55.15191,25.07119],[55.151834,25.071195],[55.151796,25.07118],[55.151899,25.071173],[55.151928,25.071112],[55.151993,25.071108],[55.152018,25.071057],[55.15196,25.071034],[55.151884,25.071039],[55.151823,25.071015],[55.151715,25.071022],[55.151696,25.071061],[55.151718,25.07107],[55.151701,25.071144],[55.151768,25.071172],[55.151666,25.071178],[55.151646,25.071218],[55.151669,25.071227],[55.15165,25.071266],[55.151665,25.071272],[55.151651,25.071301]]]}},{"type":"Feature","properties":{},"geometry":{"type":"Polygon","coordinates":[[[55.152103,25.071455],[55.151995,25.071462],[55.151936,25.071563],[55.151958,25.071574],[55.151925,25.071577],[55.151866,25.071678],[55.151978,25.071732],[55.152086,25.071725],[55.152146,25.071624],[55.152123,25.071613],[55.152156,25.071611],[55.152216,25.07151],[55.152103,25.071455]]]}},{"type":"Feature","properties":{},"geometry":{"type":"Polygon","coordinates":[[[55.151605,25.07167],[55.151544,25.071646],[55.151436,25.071653],[55.151417,25.071693],[55.151439,25.071702],[55.151422,25.071776],[55.151512,25.071812],[55.15162,25.071805],[55.151649,25.071744],[55.151715,25.07174],[55.151739,25.071689],[55.151681,25.071665],[55.151605,25.07167]]]}},{"type":"Feature","properties":{},"geometry":{"type":"Polygon","coordinates":[[[55.151966,25.071754],[55.151858,25.071761],[55.151799,25.071862],[55.151911,25.071917],[55.152019,25.07191],[55.152079,25.071809],[55.151966,25.071754]]]}},{"type":"Feature","properties":{},"geometry":{"type":"Polygon","coordinates":[[[55.151809,25.072239],[55.151861,25.072235],[55.151921,25.072134],[55.151813,25.072082],[55.15192,25.072075],[55.15198,25.071974],[55.151867,25.071919],[55.151759,25.071926],[55.151699,25.072027],[55.151807,25.07208],[55.1517,25.072087],[55.15164,25.072188],[55.151661,25.072198],[55.151609,25.072201],[55.151549,25.072302],[55.151662,25.072357],[55.15177,25.072349],[55.15183,25.072249],[55.151809,25.072239]]]}},{"type":"Feature","properties":{},"geometry":{"type":"Polygon","coordinates":[[[55.151615,25.072349],[55.151507,25.072357],[55.151447,25.072457],[55.15156,25.072512],[55.151668,25.072505],[55.151728,25.072404],[55.151615,25.072349]]]}},{"type":"Feature","properties":{},"geometry":{"type":"Polygon","coordinates":[[[55.151637,25.073951],[55.151576,25.073955],[55.151486,25.074037],[55.151521,25.074069],[55.151446,25.074074],[55.151356,25.074157],[55.151445,25.074237],[55.151553,25.07423],[55.151643,25.074148],[55.151608,25.074116],[55.151683,25.074111],[55.151773,25.074029],[55.151741,25.074],[55.151802,25.073996],[55.151892,25.073913],[55.15186,25.073885],[55.151945,25.073879],[55.152035,25.073797],[55.151989,25.073756],[55.152064,25.073751],[55.152154,25.073669],[55.152102,25.073621],[55.152206,25.073615],[55.152287,25.073525],[55.152189,25.073452],[55.152081,25.07346],[55.152,25.073549],[55.152053,25.073589],[55.151956,25.073595],[55.151866,25.073677],[55.151912,25.073718],[55.151838,25.073723],[55.151747,25.073805],[55.151779,25.073834],[55.151695,25.07384],[55.151605,25.073922],[55.151637,25.073951]]]}},{"type":"Feature","properties":{},"geometry":{"type":"Polygon","coordinates":[[[55.151936,25.07426],[55.151828,25.074267],[55.151742,25.074304],[55.151803,25.074421],[55.151855,25.074418],[55.151864,25.074435],[55.151972,25.074428],[55.152014,25.074409],[55.151998,25.074379],[55.152118,25.074374],[55.152127,25.074338],[55.152177,25.074335],[55.152203,25.074226],[55.152095,25.074205],[55.151987,25.074212],[55.151963,25.074311],[55.151936,25.07426]]]}},{"type":"Feature","properties":{},"geometry":{"type":"Polygon","coordinates":[[[55.15144,25.074293],[55.151332,25.0743],[55.151298,25.074412],[55.15142,25.074442],[55.151528,25.074435],[55.151562,25.074323],[55.15144,25.074293]]]}},{"type":"Feature","properties":{},"geometry":{"type":"Polygon","coordinates":[[[55.151927,25.074555],[55.151928,25.074502],[55.151868,25.074501],[55.151869,25.074457],[55.151637,25.074463],[55.151636,25.07456],[55.151927,25.074555]]]}},{"type":"Feature","properties":{},"geometry":{"type":"Polygon","coordinates":[[[55.151507,25.074586],[55.151399,25.074593],[55.15136,25.074634],[55.151404,25.074669],[55.151512,25.074662],[55.151551,25.074621],[55.151507,25.074586]]]}},{"type":"Feature","properties":{},"geometry":{"type":"Polygon","coordinates":[[[55.151589,25.074761],[55.15189,25.074729],[55.151874,25.074624],[55.15161,25.074651],[55.151618,25.074702],[55.151581,25.074707],[55.151589,25.074761]]]}},{"type":"Feature","properties":{},"geometry":{"type":"Polygon","coordinates":[[[55.152084,25.074845],[55.152001,25.074851],[55.152035,25.074797],[55.151989,25.074773],[55.151817,25.074779],[55.151762,25.074866],[55.151857,25.074915],[55.151953,25.074909],[55.151936,25.074952],[55.152038,25.074985],[55.152146,25.074977],[55.152185,25.074878],[55.152084,25.074845]]]}},{"type":"Feature","properties":{},"geometry":{"type":"Polygon","coordinates":[[[55.15162,25.074859],[55.151512,25.074866],[55.151492,25.074916],[55.15155,25.074935],[55.151658,25.074928],[55.151678,25.074877],[55.15162,25.074859]]]}},{"type":"Feature","properties":{},"geometry":{"type":"Polygon","coordinates":[[[55.152466,25.07643],[55.152897,25.076571],[55.153005,25.076564],[55.15301,25.076552],[55.153118,25.076588],[55.15303,25.076807],[55.15349,25.076958],[55.153598,25.076951],[55.153657,25.076804],[55.153602,25.076786],[55.153665,25.076627],[55.153249,25.076491],[55.153305,25.076352],[55.152464,25.076076],[55.152381,25.076082],[55.152388,25.076065],[55.152066,25.07596],[55.151958,25.075967],[55.151916,25.076074],[55.151986,25.076098],[55.151905,25.076103],[55.151849,25.076243],[55.15179,25.076247],[55.151737,25.076378],[55.152191,25.076527],[55.152299,25.07652],[55.15237,25.076341],[55.152486,25.07638],[55.152466,25.07643]],[[55.152312,25.076194],[55.152263,25.076178],[55.15232,25.076174],[55.152312,25.076194]]]}},{"type":"Feature","properties":{},"geometry":{"type":"Polygon","coordinates":[[[55.152562,25.077847],[55.151131,25.077942],[55.150827,25.078173],[55.151027,25.07839],[55.151803,25.078338],[55.151916,25.078459],[55.153356,25.078363],[55.153591,25.07818],[55.153347,25.077921],[55.152672,25.077966],[55.152562,25.077847]]]}},{"type":"Feature","properties":{},"geometry":{"type":"Polygon","coordinates":[[[55.152029,25.078692],[55.152017,25.078636],[55.151842,25.078654],[55.151853,25.078711],[55.152029,25.078692]]]}},{"type":"Feature","properties":{},"geometry":{"type":"Polygon","coordinates":[[[55.152414,25.080577],[55.152668,25.080372],[55.152386,25.080086],[55.151432,25.080149],[55.151178,25.080355],[55.15146,25.080641],[55.152414,25.080577]]]}},{"type":"Feature","properties":{},"geometry":{"type":"Polygon","coordinates":[[[55.151296,25.087866],[55.151526,25.08785],[55.151887,25.087561],[55.151265,25.086924],[55.151034,25.086939],[55.150673,25.087229],[55.151296,25.087866]]]}},{"type":"Feature","properties":{},"geometry":{"type":"Polygon","coordinates":[[[55.151486,25.088073],[55.151498,25.088121],[55.152075,25.088729],[55.153477,25.088635],[55.153621,25.088515],[55.153664,25.088459],[55.153694,25.088264],[55.153672,25.088186],[55.153145,25.087658],[55.151742,25.087751],[55.151517,25.087923],[55.151486,25.088073]]]}},{"type":"Feature","properties":{},"geometry":{"type":"Polygon","coordinates":[[[55.151757,25.088551],[55.151649,25.088558],[55.151549,25.08861],[55.151576,25.088652],[55.151684,25.088645],[55.151783,25.088593],[55.151757,25.088551]]]}},{"type":"Feature","properties":{},"geometry":{"type":"Polygon","coordinates":[[[55.151454,25.088983],[55.151578,25.088883],[55.15168,25.088877],[55.151731,25.088836],[55.151659,25.088759],[55.151564,25.088766],[55.151641,25.088704],[55.151606,25.088668],[55.151498,25.088676],[55.151199,25.088918],[55.151234,25.088954],[55.15132,25.088948],[55.151311,25.088955],[55.151346,25.08899],[55.151454,25.088983]],[[55.151532,25.088814],[55.151502,25.088816],[55.15152,25.088802],[55.151532,25.088814]]]}},{"type":"Feature","properties":{},"geometry":{"type":"Polygon","coordinates":[[[55.15205,25.092238],[55.152014,25.09224],[55.151977,25.092289],[55.152042,25.09233],[55.152078,25.092327],[55.152115,25.092278],[55.15205,25.092238]]]}},{"type":"Feature","properties":{},"geometry":{"type":"Polygon","coordinates":[[[55.151477,25.092689],[55.151835,25.092568],[55.151594,25.091983],[55.151342,25.092],[55.150984,25.092121],[55.151225,25.092706],[55.151477,25.092689]]]}},{"type":"Feature","properties":{},"geometry":{"type":"Polygon","coordinates":[[[55.152376,25.09325],[55.151947,25.092783],[55.151695,25.0928],[55.151455,25.092987],[55.151884,25.093468],[55.152136,25.093452],[55.152376,25.09325]]]}},{"type":"Feature","properties":{},"geometry":{"type":"Polygon","coordinates":[[[55.151473,25.093379],[55.151442,25.093403],[55.151455,25.093417],[55.151491,25.093414],[55.151521,25.093391],[55.151509,25.093377],[55.151473,25.093379]]]}}]}