{"type":"FeatureCollection","features":[{"type":"Feature","properties":{},"geometry":{"type":"Polygon","coordinates":[[[54.378661,24.480088],[54.378831,24.479933],[54.378693,24.479808],[54.377972,24.479898],[54.377802,24.480053],[54.377823,24.480073],[54.377772,24.480079],[54.377588,24.480247],[54.377729,24.480376],[54.37845,24.480285],[54.378635,24.480118],[54.37861,24.480095],[54.378661,24.480088]]]}},{"type":"Feature","properties":{},"geometry":{"type":"Polygon","coordinates":[[[54.37808,24.48035],[54.377359,24.48044],[54.377176,24.48061],[54.377215,24.480645],[54.377169,24.480651],[54.377,24.480804],[54.37712,24.480914],[54.377841,24.480823],[54.37801,24.48067],[54.377988,24.48065],[54.378037,24.480644],[54.37822,24.480473],[54.37808,24.48035]]]}},{"type":"Feature","properties":{},"geometry":{"type":"Polygon","coordinates":[[[54.378279,24.481103],[54.378394,24.481088],[54.378266,24.48123],[54.378382,24.481318],[54.37821,24.481527],[54.378243,24.481549],[54.37818,24.481557],[54.377956,24.481831],[54.378018,24.481873],[54.377181,24.481977],[54.377052,24.482135],[54.377313,24.482312],[54.377899,24.482238],[54.378071,24.482355],[54.378232,24.482334],[54.378262,24.482355],[54.378648,24.482306],[54.378685,24.482262],[54.378532,24.482159],[54.378601,24.48215],[54.378629,24.482116],[54.378788,24.482096],[54.379013,24.481822],[54.378986,24.481804],[54.379041,24.481797],[54.379266,24.481523],[54.379183,24.481467],[54.379082,24.481479],[54.378908,24.481355],[54.379787,24.481244],[54.379835,24.481192],[54.379933,24.481272],[54.37987,24.48128],[54.379704,24.481476],[54.37986,24.481586],[54.379342,24.481651],[54.379166,24.481854],[54.379409,24.482028],[54.379429,24.482026],[54.379419,24.482037],[54.379662,24.482211],[54.379691,24.482207],[54.379678,24.482222],[54.37975,24.482274],[54.379629,24.482412],[54.379679,24.482448],[54.379944,24.482415],[54.379995,24.482451],[54.3799,24.482463],[54.379784,24.482591],[54.378623,24.482737],[54.378405,24.482999],[54.378492,24.483059],[54.3784,24.48307],[54.378333,24.48315],[54.378267,24.483158],[54.378176,24.483266],[54.378213,24.483292],[54.378122,24.4834],[54.378216,24.483465],[54.376294,24.483712],[54.376154,24.483884],[54.376177,24.484101],[54.376491,24.484313],[54.376654,24.484292],[54.376677,24.484315],[54.376703,24.484404],[54.376738,24.484442],[54.376791,24.484467],[54.376894,24.484461],[54.37693,24.484489],[54.377549,24.484411],[54.377594,24.484442],[54.377644,24.484436],[54.377622,24.484462],[54.377805,24.484592],[54.377843,24.484587],[54.377827,24.484606],[54.378011,24.484738],[54.378062,24.484731],[54.37804,24.484757],[54.378219,24.484884],[54.378275,24.484877],[54.37825,24.484908],[54.378437,24.485035],[54.378484,24.485029],[54.378465,24.485051],[54.378656,24.485189],[54.378694,24.485185],[54.378678,24.485203],[54.378785,24.485279],[54.37869,24.485391],[54.378872,24.485513],[54.378828,24.485564],[54.379009,24.485691],[54.379057,24.485685],[54.379026,24.485721],[54.379214,24.485858],[54.379565,24.485814],[54.379548,24.485833],[54.379623,24.485889],[54.379554,24.485898],[54.379459,24.486006],[54.379637,24.486136],[54.379995,24.486091],[54.379972,24.486118],[54.380349,24.486388],[54.380761,24.486336],[54.380804,24.486287],[54.380856,24.486325],[54.381268,24.486273],[54.381425,24.486095],[54.381403,24.486079],[54.381435,24.486075],[54.381587,24.485901],[54.381572,24.48589],[54.381603,24.485886],[54.381751,24.485714],[54.381721,24.485692],[54.381762,24.485687],[54.38191,24.485521],[54.381879,24.485498],[54.381926,24.485493],[54.382081,24.485317],[54.381937,24.485212],[54.381525,24.485264],[54.381371,24.485439],[54.38141,24.485468],[54.381363,24.485474],[54.381215,24.48564],[54.381245,24.485661],[54.3812,24.485667],[54.381071,24.485816],[54.38104,24.485793],[54.380654,24.485841],[54.380604,24.485896],[54.38066,24.485938],[54.380995,24.485896],[54.380882,24.486026],[54.380903,24.486041],[54.380872,24.486045],[54.380789,24.48614],[54.380496,24.485937],[54.380449,24.485943],[54.380275,24.485807],[54.380228,24.485813],[54.380255,24.485783],[54.380077,24.485651],[54.380033,24.485656],[54.380053,24.485633],[54.379864,24.485497],[54.379813,24.485503],[54.379835,24.485477],[54.379738,24.485408],[54.380684,24.48529],[54.380667,24.4853],[54.380738,24.485393],[54.381125,24.485345],[54.381194,24.4853],[54.381123,24.485207],[54.380994,24.485224],[54.381299,24.484858],[54.381158,24.48476],[54.380379,24.484858],[54.380272,24.484767],[54.379885,24.484816],[54.379839,24.484866],[54.379884,24.4849],[54.379385,24.484963],[54.379277,24.485081],[54.3792,24.485025],[54.379162,24.48503],[54.379186,24.485003],[54.378995,24.484865],[54.37894,24.484872],[54.378957,24.484851],[54.37877,24.484724],[54.378719,24.484731],[54.378742,24.484704],[54.378563,24.484576],[54.378513,24.484583],[54.378538,24.484554],[54.378354,24.484422],[54.378315,24.484426],[54.378333,24.484405],[54.378223,24.484327],[54.378484,24.484294],[54.378417,24.484373],[54.379006,24.484799],[54.379161,24.484779],[54.379172,24.484875],[54.379493,24.484852],[54.380679,24.484703],[54.38067,24.484714],[54.380782,24.484789],[54.38207,24.484628],[54.382291,24.484353],[54.382169,24.484271],[54.382043,24.484287],[54.382105,24.484207],[54.382456,24.484163],[54.382481,24.4841],[54.38236,24.48406],[54.382204,24.48408],[54.382216,24.484064],[54.382561,24.484021],[54.382617,24.483965],[54.382451,24.483829],[54.382363,24.48384],[54.382391,24.483809],[54.382115,24.4836],[54.382724,24.483523],[54.382689,24.483564],[54.382829,24.483664],[54.382881,24.483657],[54.382824,24.483724],[54.382964,24.483824],[54.383376,24.483772],[54.383524,24.483601],[54.383495,24.48358],[54.38355,24.483573],[54.383698,24.483402],[54.383674,24.483385],[54.383719,24.483379],[54.383867,24.483208],[54.383838,24.483187],[54.383886,24.483181],[54.384034,24.48301],[54.384011,24.482994],[54.384052,24.482989],[54.3842,24.482817],[54.384179,24.482803],[54.384215,24.482798],[54.384363,24.482627],[54.384338,24.482609],[54.384378,24.482604],[54.384526,24.482433],[54.384504,24.482417],[54.38455,24.482411],[54.384698,24.48224],[54.384673,24.482223],[54.384715,24.482217],[54.384863,24.482046],[54.384829,24.482021],[54.384876,24.482016],[54.385024,24.481844],[54.384906,24.48176],[54.385091,24.481737],[54.385239,24.481566],[54.38522,24.481553],[54.385245,24.481549],[54.385394,24.481378],[54.385254,24.481278],[54.384829,24.481331],[54.384606,24.481177],[54.384552,24.481184],[54.384608,24.48112],[54.384371,24.480951],[54.38431,24.480958],[54.384323,24.480943],[54.384086,24.480774],[54.384049,24.480779],[54.38406,24.480767],[54.384039,24.480753],[54.384241,24.480727],[54.384229,24.480742],[54.384467,24.48091],[54.384879,24.480859],[54.384991,24.480728],[54.384753,24.48056],[54.384719,24.480564],[54.384736,24.480545],[54.384491,24.480366],[54.384451,24.480371],[54.38447,24.48035],[54.384225,24.480171],[54.384199,24.480174],[54.384211,24.480161],[54.383966,24.479982],[54.383933,24.479986],[54.383946,24.479972],[54.383701,24.479792],[54.38288,24.479895],[54.382851,24.479873],[54.382817,24.479878],[54.382827,24.479867],[54.382591,24.479691],[54.381632,24.479811],[54.381497,24.47971],[54.38044,24.479842],[54.380394,24.479808],[54.380007,24.479857],[54.379913,24.479962],[54.379973,24.480007],[54.378961,24.480133],[54.378778,24.480353],[54.37894,24.480465],[54.379329,24.480416],[54.379282,24.480468],[54.379378,24.48054],[54.378163,24.480692],[54.37792,24.480979],[54.378047,24.481068],[54.378202,24.481049],[54.378279,24.481103]],[[54.382037,24.483905],[54.38201,24.483919],[54.382019,24.483907],[54.382037,24.483905]],[[54.381404,24.483453],[54.381402,24.483452],[54.381405,24.483451],[54.381404,24.483453]],[[54.382025,24.481265],[54.381967,24.481272],[54.381838,24.481181],[54.381893,24.481174],[54.382025,24.481265]],[[54.380074,24.480726],[54.380208,24.48057],[54.380272,24.480564],[54.380229,24.480613],[54.38034,24.480687],[54.380291,24.480745],[54.380372,24.480802],[54.380276,24.480815],[54.380193,24.480913],[54.379977,24.48094],[54.379909,24.481021],[54.379724,24.480881],[54.379606,24.480896],[54.379711,24.480772],[54.380074,24.480726]],[[54.37844,24.48182],[54.378567,24.481665],[54.378582,24.481676],[54.378674,24.481664],[54.378572,24.481789],[54.378599,24.481807],[54.378544,24.481814],[54.378516,24.481848],[54.378469,24.481816],[54.37844,24.48182]],[[54.379094,24.483973],[54.379144,24.48391],[54.379902,24.483815],[54.379917,24.483826],[54.379785,24.483842],[54.379761,24.483922],[54.379792,24.483941],[54.379786,24.483961],[54.379711,24.48397],[54.37968,24.48401],[54.379428,24.484042],[54.379465,24.483997],[54.379377,24.483937],[54.379094,24.483973]],[[54.380999,24.483628],[54.38096,24.483669],[54.380987,24.483691],[54.380461,24.483757],[54.380446,24.483747],[54.38083,24.483699],[54.380929,24.483582],[54.380999,24.483628]],[[54.381005,24.483166],[54.381026,24.48318],[54.381004,24.483208],[54.381201,24.483329],[54.381156,24.483383],[54.381253,24.48345],[54.381014,24.48348],[54.381095,24.483384],[54.380861,24.483221],[54.380895,24.483181],[54.381005,24.483166]],[[54.380217,24.482659],[54.380381,24.482638],[54.380459,24.482544],[54.380599,24.482527],[54.380496,24.482648],[54.380085,24.482695],[54.380196,24.482681],[54.380217,24.482659]],[[54.378259,24.48378],[54.378341,24.483769],[54.378319,24.483795],[54.378282,24.4838],[54.378259,24.48378]],[[54.383341,24.483078],[54.383386,24.483072],[54.383334,24.483133],[54.383363,24.483153],[54.383315,24.483159],[54.383167,24.48333],[54.383191,24.483348],[54.383101,24.483359],[54.383176,24.483271],[54.383167,24.483265],[54.383184,24.483263],[54.383341,24.483078]],[[54.383568,24.482388],[54.383511,24.482395],[54.383533,24.482368],[54.383432,24.482297],[54.38348,24.482327],[54.383866,24.482278],[54.383893,24.482239],[54.384101,24.482213],[54.384254,24.482029],[54.384205,24.481995],[54.384299,24.481983],[54.384453,24.4818],[54.38441,24.48177],[54.3845,24.481759],[54.384551,24.481698],[54.384656,24.481773],[54.384471,24.481796],[54.384324,24.481967],[54.384358,24.481992],[54.384311,24.481998],[54.384163,24.482169],[54.384188,24.482187],[54.384146,24.482192],[54.383998,24.482363],[54.38402,24.482378],[54.383973,24.482384],[54.383826,24.482555],[54.383851,24.482573],[54.383811,24.482578],[54.383663,24.48275],[54.383684,24.482765],[54.383617,24.482773],[54.383804,24.482554],[54.383568,24.482388]],[[54.383782,24.480335],[54.383808,24.480332],[54.383796,24.480345],[54.383922,24.480437],[54.383665,24.480469],[54.383565,24.480398],[54.383178,24.480447],[54.38335,24.480257],[54.383246,24.480179],[54.38355,24.480141],[54.383537,24.480156],[54.383782,24.480335]]]}},{"type":"Feature","properties":{},"geometry":{"type":"Polygon","coordinates":[[[54.37798,24.482348],[54.376048,24.48259],[54.375676,24.483041],[54.375947,24.483226],[54.377879,24.482984],[54.378251,24.482533],[54.37798,24.482348]]]}},{"type":"Feature","properties":{},"geometry":{"type":"Polygon","coordinates":[[[54.37878,24.486211],[54.378835,24.48614],[54.378537,24.485947],[54.376606,24.486189],[54.375974,24.486997],[54.376249,24.487175],[54.376719,24.487116],[54.376612,24.487238],[54.376699,24.4873],[54.37685,24.487281],[54.376923,24.487335],[54.376838,24.487432],[54.376893,24.487472],[54.376846,24.487526],[54.377033,24.487662],[54.377118,24.487651],[54.377032,24.487749],[54.377178,24.487855],[54.376828,24.488254],[54.376013,24.488357],[54.375956,24.488424],[54.376756,24.488981],[54.378043,24.488819],[54.3781,24.488752],[54.377836,24.488567],[54.37789,24.488561],[54.37808,24.488344],[54.379057,24.488221],[54.379183,24.488063],[54.37906,24.487982],[54.379217,24.487962],[54.379254,24.487922],[54.379153,24.487845],[54.378767,24.487894],[54.37873,24.487934],[54.378743,24.487944],[54.378391,24.487988],[54.378447,24.487925],[54.379207,24.48783],[54.37933,24.487689],[54.3793,24.487667],[54.379473,24.48747],[54.379192,24.487267],[54.379523,24.487225],[54.379544,24.487195],[54.379885,24.487152],[54.379917,24.487111],[54.379905,24.487104],[54.379954,24.487063],[54.379914,24.487033],[54.379985,24.487024],[54.380018,24.486985],[54.380054,24.486981],[54.380082,24.486937],[54.379948,24.486866],[54.379721,24.486895],[54.379606,24.486803],[54.379219,24.486852],[54.37913,24.486945],[54.379294,24.487076],[54.379441,24.487057],[54.379428,24.487071],[54.379442,24.487082],[54.379413,24.487086],[54.379382,24.487127],[54.379458,24.487175],[54.379127,24.487219],[54.379086,24.48719],[54.37903,24.487197],[54.378887,24.487093],[54.37899,24.486976],[54.378791,24.486831],[54.378411,24.486879],[54.378587,24.486668],[54.378541,24.48664],[54.378395,24.486658],[54.378422,24.486623],[54.378795,24.486577],[54.378817,24.486542],[54.378744,24.486504],[54.378491,24.486536],[54.3786,24.486519],[54.37882,24.486237],[54.37878,24.486211]],[[54.377699,24.486993],[54.377942,24.486962],[54.377843,24.487076],[54.377666,24.487098],[54.37763,24.487072],[54.377699,24.486993]]]}},{"type":"Feature","properties":{},"geometry":{"type":"Polygon","coordinates":[[[54.377778,24.488857],[54.37773,24.488913],[54.377932,24.489055],[54.378318,24.489006],[54.378366,24.48895],[54.378164,24.488808],[54.377778,24.488857]]]}},{"type":"Feature","properties":{},"geometry":{"type":"Polygon","coordinates":[[[54.377334,24.490901],[54.377375,24.490929],[54.376458,24.491044],[54.376309,24.49122],[54.376377,24.491268],[54.376037,24.49131],[54.375892,24.491481],[54.376027,24.491576],[54.377965,24.491339],[54.377597,24.491385],[54.377578,24.491407],[54.37579,24.491631],[54.375606,24.491845],[54.375844,24.492014],[54.377296,24.491832],[54.377286,24.491844],[54.377544,24.492017],[54.377934,24.491968],[54.377905,24.492002],[54.37809,24.492132],[54.378256,24.492111],[54.378523,24.492156],[54.379155,24.492077],[54.379108,24.49213],[54.379168,24.492174],[54.378814,24.492218],[54.378767,24.492274],[54.37856,24.4923],[54.378469,24.492409],[54.378586,24.49249],[54.3784,24.492712],[54.378702,24.492921],[54.379033,24.492879],[54.379216,24.493006],[54.379263,24.493],[54.379234,24.493035],[54.379366,24.493126],[54.379261,24.493251],[54.379474,24.493398],[54.379903,24.493344],[54.379878,24.493374],[54.380034,24.493482],[54.380006,24.493485],[54.379916,24.493594],[54.380011,24.493659],[54.379902,24.493789],[54.38021,24.494002],[54.380666,24.493944],[54.380541,24.493967],[54.380308,24.494249],[54.380234,24.494196],[54.379902,24.494237],[54.3798,24.494163],[54.379318,24.494224],[54.379134,24.494108],[54.379063,24.494117],[54.379079,24.494086],[54.379541,24.494028],[54.379712,24.493834],[54.378641,24.493079],[54.378349,24.493115],[54.378141,24.492959],[54.374921,24.493362],[54.374736,24.493569],[54.374945,24.493725],[54.375574,24.493646],[54.375776,24.493792],[54.375919,24.493774],[54.37586,24.493847],[54.376078,24.493994],[54.376196,24.49398],[54.376147,24.494039],[54.376192,24.494071],[54.37543,24.494166],[54.375227,24.494407],[54.37544,24.494555],[54.375974,24.494488],[54.37603,24.494528],[54.375869,24.494548],[54.375758,24.494678],[54.375878,24.494763],[54.375864,24.494779],[54.376021,24.494893],[54.375908,24.495024],[54.37612,24.495175],[54.376773,24.495093],[54.376647,24.495116],[54.376483,24.495306],[54.376546,24.495351],[54.37644,24.495364],[54.376277,24.495553],[54.376415,24.495652],[54.376604,24.495628],[54.376559,24.495683],[54.374584,24.495931],[54.374326,24.496236],[54.374545,24.496389],[54.375104,24.496318],[54.37497,24.496484],[54.375185,24.49663],[54.376761,24.496432],[54.376879,24.496512],[54.375524,24.496682],[54.375407,24.496825],[54.375675,24.497006],[54.375901,24.496978],[54.376105,24.49712],[54.376665,24.49705],[54.376734,24.4971],[54.378327,24.4969],[54.378295,24.496939],[54.378497,24.497077],[54.379876,24.496904],[54.379762,24.49704],[54.380219,24.497356],[54.380528,24.497317],[54.380932,24.496834],[54.380857,24.496781],[54.381073,24.496754],[54.381237,24.496554],[54.381176,24.496512],[54.381299,24.496497],[54.38146,24.496299],[54.381382,24.496247],[54.381515,24.49623],[54.381675,24.496032],[54.381604,24.495985],[54.381737,24.495968],[54.381897,24.49577],[54.381682,24.495626],[54.381546,24.495643],[54.381615,24.495559],[54.3814,24.495415],[54.380462,24.495533],[54.380546,24.495434],[54.380745,24.495409],[54.380931,24.495189],[54.3808,24.495098],[54.380692,24.495112],[54.380798,24.494986],[54.380594,24.494844],[54.380137,24.494901],[54.380043,24.494834],[54.380023,24.494837],[54.380062,24.49479],[54.380678,24.494713],[54.38074,24.494642],[54.38095,24.494793],[54.381089,24.494776],[54.381029,24.494845],[54.38124,24.494997],[54.382335,24.49486],[54.382614,24.494958],[54.382048,24.495614],[54.382068,24.495627],[54.382046,24.495652],[54.382062,24.495678],[54.382052,24.495692],[54.381982,24.495701],[54.381926,24.495763],[54.381957,24.495797],[54.381941,24.495815],[54.381864,24.495829],[54.38113,24.496713],[54.382141,24.497408],[54.381664,24.497468],[54.381445,24.497744],[54.381997,24.498108],[54.383929,24.497866],[54.384015,24.497758],[54.383883,24.497654],[54.383911,24.497619],[54.383771,24.497526],[54.383867,24.497404],[54.383596,24.497226],[54.383082,24.49729],[54.383123,24.497241],[54.383076,24.497209],[54.38322,24.497039],[54.383828,24.496962],[54.383972,24.496876],[54.383957,24.496858],[54.384103,24.496767],[54.384058,24.496667],[54.384036,24.496558],[54.384069,24.496469],[54.384185,24.496334],[54.384434,24.496298],[54.384421,24.496245],[54.384237,24.496268],[54.384134,24.496202],[54.3839,24.496231],[54.384196,24.49588],[54.384223,24.495877],[54.384283,24.495807],[54.384266,24.495795],[54.38461,24.495405],[54.384588,24.495391],[54.384573,24.495221],[54.384451,24.495136],[54.384422,24.495139],[54.384375,24.495108],[54.384068,24.494992],[54.384407,24.494949],[54.384364,24.495056],[54.384704,24.495285],[54.3872,24.494972],[54.387202,24.495017],[54.387291,24.495013],[54.387299,24.495174],[54.389342,24.494927],[54.389308,24.494223],[54.39017,24.494115],[54.390121,24.493761],[54.389193,24.493869],[54.389235,24.493825],[54.389231,24.49374],[54.389181,24.4937],[54.389216,24.493696],[54.389214,24.493647],[54.389112,24.493651],[54.389108,24.493557],[54.389031,24.493561],[54.387099,24.493803],[54.387107,24.494045],[54.384654,24.494353],[54.384541,24.494626],[54.384279,24.49431],[54.38536,24.494175],[54.385517,24.493985],[54.384727,24.493442],[54.383501,24.493596],[54.383778,24.493254],[54.383695,24.493192],[54.383841,24.493185],[54.384153,24.49341],[54.386085,24.493168],[54.386313,24.492575],[54.386034,24.492377],[54.386208,24.492355],[54.386267,24.492254],[54.386236,24.492187],[54.386149,24.492098],[54.386123,24.491932],[54.386123,24.491795],[54.386277,24.491775],[54.386347,24.491691],[54.386237,24.491616],[54.386457,24.491498],[54.386623,24.4913],[54.386144,24.490945],[54.386297,24.490926],[54.386342,24.490856],[54.386304,24.490835],[54.386313,24.490821],[54.386213,24.490767],[54.385948,24.4908],[54.385526,24.490487],[54.384779,24.490581],[54.384845,24.490505],[54.384874,24.490501],[54.385029,24.490322],[54.384998,24.490299],[54.385021,24.490296],[54.385186,24.490111],[54.385054,24.490014],[54.384484,24.490085],[54.384465,24.490071],[54.384784,24.490031],[54.384896,24.4899],[54.384723,24.489777],[54.384701,24.48978],[54.38471,24.489769],[54.384496,24.489626],[54.384465,24.48963],[54.38448,24.489612],[54.384317,24.489501],[54.385379,24.489367],[54.385396,24.489348],[54.385431,24.489343],[54.385397,24.48939],[54.384753,24.48947],[54.384635,24.489627],[54.384903,24.489822],[54.385505,24.489746],[54.385679,24.489869],[54.385754,24.489859],[54.385722,24.489895],[54.385809,24.489959],[54.386196,24.489911],[54.386232,24.489871],[54.386143,24.489808],[54.386067,24.489817],[54.386101,24.489776],[54.385975,24.489687],[54.386191,24.48966],[54.38632,24.489485],[54.386041,24.489309],[54.385896,24.489327],[54.385917,24.489299],[54.385846,24.489256],[54.385701,24.489274],[54.385766,24.489201],[54.385688,24.489141],[54.385908,24.489113],[54.385949,24.489071],[54.385906,24.489036],[54.385846,24.489044],[54.385961,24.488914],[54.386116,24.488895],[54.386206,24.488671],[54.386244,24.488629],[54.386462,24.488501],[54.386385,24.488388],[54.386261,24.488403],[54.386334,24.488328],[54.386082,24.488145],[54.385438,24.488225],[54.385454,24.488208],[54.385512,24.488201],[54.385607,24.488099],[54.385564,24.488067],[54.385602,24.488027],[54.385504,24.487955],[54.385516,24.487929],[54.38697,24.487746],[54.386947,24.487591],[54.387091,24.487433],[54.387264,24.487411],[54.387253,24.487282],[54.387069,24.487297],[54.386903,24.487165],[54.386943,24.487126],[54.386854,24.487055],[54.3865,24.487099],[54.386544,24.487055],[54.386453,24.486984],[54.386067,24.487032],[54.385952,24.487159],[54.385963,24.487167],[54.384922,24.487297],[54.384677,24.487572],[54.384597,24.487519],[54.38429,24.487557],[54.384378,24.487458],[54.384408,24.487479],[54.384795,24.48743],[54.384873,24.487343],[54.384808,24.487298],[54.384421,24.487346],[54.384348,24.487431],[54.384311,24.487406],[54.384374,24.487398],[54.384446,24.487315],[54.384423,24.487299],[54.38446,24.487295],[54.384536,24.487209],[54.384513,24.487193],[54.38455,24.487188],[54.384621,24.487109],[54.384603,24.487096],[54.385453,24.486989],[54.385516,24.486706],[54.385113,24.486646],[54.383825,24.486808],[54.383816,24.486853],[54.383737,24.48693],[54.383767,24.486952],[54.383716,24.486958],[54.383648,24.487036],[54.383677,24.487056],[54.383627,24.487063],[54.383558,24.487142],[54.383585,24.487161],[54.383538,24.487167],[54.383468,24.487247],[54.383497,24.487268],[54.383447,24.487274],[54.383386,24.487357],[54.383109,24.487392],[54.383101,24.487385],[54.383279,24.487209],[54.38318,24.487133],[54.382956,24.487161],[54.383074,24.487043],[54.382985,24.486973],[54.382654,24.487014],[54.382635,24.486999],[54.382726,24.48691],[54.382764,24.486935],[54.38315,24.486887],[54.383201,24.486825],[54.383157,24.486794],[54.382799,24.486839],[54.382814,24.486824],[54.38272,24.486746],[54.381432,24.486908],[54.381162,24.487181],[54.381516,24.487476],[54.381745,24.487447],[54.381631,24.487564],[54.381987,24.487856],[54.382439,24.4878],[54.382379,24.48786],[54.382435,24.487909],[54.382399,24.487945],[54.382355,24.487951],[54.382235,24.488071],[54.382336,24.488152],[54.382423,24.488142],[54.382579,24.488271],[54.383343,24.488175],[54.383083,24.488474],[54.383239,24.488589],[54.383199,24.488634],[54.383448,24.488812],[54.384074,24.488734],[54.384053,24.488758],[54.384152,24.488827],[54.384216,24.488819],[54.384548,24.489057],[54.384754,24.489032],[54.384718,24.48911],[54.384228,24.489171],[54.384079,24.489339],[54.383973,24.489266],[54.383551,24.489319],[54.383703,24.48914],[54.383583,24.489056],[54.38294,24.489136],[54.38279,24.489031],[54.382748,24.489036],[54.38277,24.48901],[54.382708,24.488966],[54.383196,24.488905],[54.383289,24.488795],[54.382878,24.488517],[54.382728,24.488536],[54.382775,24.488484],[54.382664,24.488401],[54.382041,24.488479],[54.382127,24.48838],[54.382112,24.488369],[54.382156,24.488364],[54.382315,24.488179],[54.382197,24.488095],[54.381578,24.488173],[54.381541,24.488146],[54.382036,24.488084],[54.382133,24.487976],[54.381912,24.487812],[54.381294,24.48789],[54.381247,24.487943],[54.381192,24.487905],[54.380367,24.488008],[54.380331,24.488052],[54.379956,24.488099],[54.379798,24.488301],[54.379265,24.488368],[54.379114,24.48857],[54.379085,24.488574],[54.378929,24.488761],[54.379092,24.488873],[54.379281,24.488849],[54.379476,24.488991],[54.379759,24.488956],[54.379747,24.488971],[54.37914,24.489047],[54.379113,24.48908],[54.378614,24.489142],[54.378451,24.489322],[54.378601,24.489434],[54.379789,24.489285],[54.379767,24.489311],[54.379287,24.489371],[54.379185,24.48949],[54.379394,24.489636],[54.379423,24.489633],[54.379471,24.489671],[54.379324,24.489689],[54.379304,24.489712],[54.37908,24.48974],[54.379105,24.489712],[54.379075,24.48969],[54.378689,24.489738],[54.378641,24.489795],[54.377531,24.489935],[54.377325,24.490176],[54.377428,24.490249],[54.376902,24.490315],[54.37674,24.49051],[54.376875,24.490602],[54.37675,24.490618],[54.376595,24.4908],[54.376728,24.490893],[54.37741,24.490808],[54.377334,24.490901]],[[54.383517,24.493063],[54.383505,24.493054],[54.381895,24.493256],[54.382008,24.493128],[54.381994,24.493118],[54.382533,24.493051],[54.382641,24.492917],[54.382425,24.492772],[54.382311,24.492787],[54.382347,24.492747],[54.382737,24.492698],[54.382896,24.492513],[54.382865,24.492491],[54.382925,24.492484],[54.38308,24.492305],[54.382945,24.492208],[54.382363,24.492281],[54.382339,24.492265],[54.382289,24.492271],[54.382311,24.492244],[54.382121,24.492116],[54.382036,24.492127],[54.382094,24.492056],[54.381904,24.491929],[54.382062,24.491909],[54.38212,24.49195],[54.382375,24.491918],[54.382278,24.492033],[54.38243,24.49214],[54.383563,24.491998],[54.383722,24.491798],[54.383749,24.491795],[54.383896,24.491606],[54.383914,24.491604],[54.384004,24.491502],[54.384268,24.491682],[54.384187,24.491692],[54.384121,24.491773],[54.384158,24.491798],[54.384127,24.491802],[54.384099,24.491836],[54.384381,24.492034],[54.384574,24.49201],[54.384551,24.492029],[54.384599,24.492076],[54.38367,24.492192],[54.383614,24.49226],[54.383547,24.492268],[54.383486,24.492315],[54.383416,24.492419],[54.383483,24.492456],[54.383463,24.49248],[54.383529,24.492524],[54.38341,24.492539],[54.383236,24.492746],[54.383389,24.492857],[54.383358,24.492861],[54.383322,24.492896],[54.383395,24.492958],[54.383509,24.492944],[54.383568,24.492987],[54.383531,24.492991],[54.383517,24.493063]],[[54.380229,24.492787],[54.380158,24.492738],[54.380336,24.492716],[54.380252,24.492811],[54.380204,24.492817],[54.380229,24.492787]],[[54.379884,24.491985],[54.379872,24.491999],[54.379771,24.492011],[54.379749,24.492036],[54.379824,24.492092],[54.379788,24.492096],[54.379672,24.492012],[54.379884,24.491985]],[[54.381621,24.491573],[54.381711,24.491636],[54.382215,24.491572],[54.382195,24.491595],[54.382264,24.491644],[54.382185,24.491654],[54.382108,24.4916],[54.381491,24.491678],[54.381424,24.49163],[54.381587,24.49161],[54.381621,24.491573]],[[54.380615,24.491127],[54.38065,24.491086],[54.380478,24.490965],[54.380685,24.490939],[54.380794,24.490813],[54.380989,24.490949],[54.381162,24.490928],[54.381127,24.490968],[54.381257,24.491059],[54.381462,24.491034],[54.381412,24.491094],[54.381422,24.491101],[54.381295,24.491117],[54.381126,24.491309],[54.381215,24.491374],[54.381086,24.49139],[54.3807,24.491116],[54.380615,24.491127]],[[54.380748,24.490585],[54.380799,24.490579],[54.380778,24.490603],[54.380912,24.490697],[54.380884,24.490701],[54.380864,24.490724],[54.380733,24.490631],[54.380151,24.490704],[54.38,24.4906],[54.3802,24.490575],[54.380366,24.490379],[54.38025,24.490298],[54.379675,24.49037],[54.379653,24.490355],[54.378933,24.490445],[54.3789,24.490422],[54.379798,24.49031],[54.379963,24.490114],[54.379847,24.490032],[54.379488,24.490077],[54.379596,24.48995],[54.380539,24.489831],[54.380659,24.489696],[54.380476,24.489561],[54.380846,24.489514],[54.380895,24.489458],[54.38101,24.489443],[54.380784,24.489701],[54.380794,24.489709],[54.380676,24.489724],[54.380536,24.48989],[54.380657,24.489974],[54.380959,24.489937],[54.380883,24.490022],[54.38091,24.490042],[54.380867,24.490047],[54.380728,24.49021],[54.38084,24.49029],[54.381107,24.490256],[54.381086,24.490281],[54.380644,24.490337],[54.38055,24.490446],[54.380748,24.490585]],[[54.381446,24.488638],[54.381432,24.488628],[54.381457,24.488625],[54.381446,24.488638]],[[54.378444,24.491571],[54.378121,24.491612],[54.378149,24.491579],[54.378472,24.491539],[54.378444,24.491571]],[[54.379529,24.490948],[54.37925,24.490983],[54.379269,24.490962],[54.379664,24.490912],[54.379641,24.490939],[54.379529,24.490948]],[[54.380792,24.494579],[54.380755,24.494552],[54.380823,24.494543],[54.380792,24.494579]],[[54.381298,24.490158],[54.381353,24.490093],[54.381423,24.490142],[54.381298,24.490158]],[[54.384528,24.487974],[54.38472,24.487749],[54.384758,24.487744],[54.384878,24.487832],[54.384887,24.487929],[54.384528,24.487974]],[[54.38402,24.48948],[54.384022,24.489481],[54.384019,24.489481],[54.38402,24.48948]],[[54.384104,24.491121],[54.383863,24.491151],[54.384296,24.491093],[54.384209,24.491196],[54.384104,24.491121]]]}},{"type":"Feature","properties":{},"geometry":{"type":"Polygon","coordinates":[[[54.376634,24.49267],[54.376519,24.492799],[54.37677,24.492984],[54.378007,24.492829],[54.378121,24.492701],[54.377871,24.492515],[54.376634,24.49267]]]}},{"type":"Feature","properties":{},"geometry":{"type":"Polygon","coordinates":[[[54.378303,24.497708],[54.378523,24.49768],[54.3788,24.49737],[54.3786,24.497223],[54.378315,24.497258],[54.37842,24.497141],[54.378156,24.496946],[54.376713,24.497126],[54.376606,24.497246],[54.376869,24.49744],[54.376436,24.497494],[54.37616,24.497804],[54.376327,24.497928],[54.376211,24.497942],[54.376016,24.49816],[54.376134,24.498247],[54.378194,24.497989],[54.378389,24.49777],[54.378303,24.497708]]]}},{"type":"Feature","properties":{},"geometry":{"type":"Polygon","coordinates":[[[54.376637,24.498412],[54.376673,24.498436],[54.375878,24.498536],[54.375703,24.498733],[54.375838,24.498831],[54.377898,24.498573],[54.377977,24.498471],[54.378201,24.498634],[54.378498,24.498596],[54.378587,24.498653],[54.378362,24.498681],[54.378292,24.498704],[54.37831,24.498751],[54.37876,24.498695],[54.378713,24.498754],[54.378355,24.498799],[54.378241,24.498921],[54.37833,24.498988],[54.378158,24.49901],[54.378077,24.499092],[54.378139,24.499143],[54.378595,24.499077],[54.378635,24.499036],[54.378556,24.498971],[54.378728,24.498949],[54.378813,24.498858],[54.378909,24.498921],[54.379296,24.498873],[54.379405,24.498736],[54.37919,24.498593],[54.379098,24.498605],[54.379131,24.498562],[54.379072,24.498525],[54.379489,24.498472],[54.37965,24.498288],[54.379415,24.498117],[54.378131,24.498278],[54.378263,24.4981],[54.378171,24.498025],[54.376832,24.498193],[54.376637,24.498412]],[[54.378015,24.498336],[54.378085,24.498327],[54.378052,24.498364],[54.378015,24.498336]]]}},{"type":"Feature","properties":{},"geometry":{"type":"Polygon","coordinates":[[[54.377974,24.501545],[54.378174,24.501332],[54.377961,24.501167],[54.375095,24.501526],[54.374895,24.501738],[54.375108,24.501904],[54.377974,24.501545]]]}},{"type":"Feature","properties":{},"geometry":{"type":"Polygon","coordinates":[[[54.377836,24.502074],[54.378036,24.50187],[54.37789,24.501751],[54.375957,24.501993],[54.375757,24.502197],[54.375903,24.502316],[54.377836,24.502074]]]}},{"type":"Feature","properties":{},"geometry":{"type":"Polygon","coordinates":[[[54.377996,24.502449],[54.378186,24.502251],[54.378018,24.502117],[54.375571,24.502423],[54.37538,24.502621],[54.375518,24.502731],[54.375409,24.502745],[54.375305,24.502868],[54.375507,24.50301],[54.377954,24.502704],[54.378059,24.502581],[54.37789,24.502462],[54.377996,24.502449]]]}},{"type":"Feature","properties":{},"geometry":{"type":"Polygon","coordinates":[[[54.376987,24.510185],[54.376827,24.510274],[54.377079,24.51065],[54.378367,24.510488],[54.378656,24.510337],[54.378806,24.510318],[54.379035,24.510192],[54.379006,24.51015],[54.379145,24.510132],[54.379792,24.509788],[54.379746,24.509715],[54.379942,24.509691],[54.380178,24.509563],[54.379918,24.509156],[54.37863,24.509318],[54.378378,24.509442],[54.378393,24.509464],[54.376658,24.509682],[54.37587,24.50995],[54.376071,24.510263],[54.377273,24.510112],[54.377296,24.510146],[54.376987,24.510185]]]}},{"type":"Feature","properties":{},"geometry":{"type":"Polygon","coordinates":[[[54.379244,24.486282],[54.37927,24.486243],[54.379211,24.486209],[54.378824,24.486258],[54.378798,24.486296],[54.378858,24.48633],[54.379244,24.486282]]]}},{"type":"Feature","properties":{},"geometry":{"type":"Polygon","coordinates":[[[54.379185,24.486646],[54.379148,24.486706],[54.37919,24.486728],[54.379577,24.486679],[54.379614,24.486619],[54.379571,24.486597],[54.379185,24.486646]]]}},{"type":"Feature","properties":{},"geometry":{"type":"Polygon","coordinates":[[[54.378725,24.499322],[54.378666,24.499399],[54.378686,24.499411],[54.378722,24.499407],[54.378696,24.49944],[54.379035,24.499654],[54.379697,24.499571],[54.379682,24.499628],[54.379894,24.499675],[54.380018,24.49966],[54.38004,24.499704],[54.380254,24.499715],[54.381059,24.499614],[54.381148,24.499551],[54.381169,24.499561],[54.381556,24.499512],[54.381588,24.499455],[54.381525,24.499426],[54.381199,24.499467],[54.381157,24.499399],[54.381096,24.499407],[54.381037,24.499295],[54.381459,24.49904],[54.381441,24.499015],[54.381799,24.49897],[54.381927,24.498916],[54.381895,24.498638],[54.381815,24.498526],[54.381286,24.498381],[54.380481,24.498482],[54.380337,24.498564],[54.380263,24.498574],[54.379823,24.498846],[54.379944,24.499021],[54.379889,24.499056],[54.378902,24.499179],[54.3788,24.499313],[54.378725,24.499322]]]}},{"type":"Feature","properties":{},"geometry":{"type":"Polygon","coordinates":[[[54.378474,24.507735],[54.379762,24.507573],[54.379757,24.507281],[54.379536,24.507284],[54.378248,24.507446],[54.378249,24.507555],[54.37823,24.507557],[54.378233,24.507738],[54.378474,24.507735]]]}},{"type":"Feature","properties":{},"geometry":{"type":"Polygon","coordinates":[[[54.378369,24.508468],[54.378371,24.508572],[54.378867,24.508521],[54.378864,24.508417],[54.378369,24.508468]]]}},{"type":"Feature","properties":{},"geometry":{"type":"Polygon","coordinates":[[[54.378142,24.508618],[54.378144,24.508728],[54.378603,24.508678],[54.378601,24.508569],[54.378142,24.508618]]]}},{"type":"Feature","properties":{},"geometry":{"type":"Polygon","coordinates":[[[54.38079,24.485537],[54.380404,24.485586],[54.380376,24.485745],[54.380558,24.485772],[54.380945,24.485723],[54.380973,24.485564],[54.38079,24.485537]]]}},{"type":"Feature","properties":{},"geometry":{"type":"Polygon","coordinates":[[[54.381558,24.487756],[54.381656,24.48764],[54.381469,24.48751],[54.380747,24.487601],[54.38073,24.487621],[54.379883,24.487728],[54.379721,24.48792],[54.379888,24.488036],[54.381022,24.487894],[54.381088,24.487815],[54.381558,24.487756]]]}},{"type":"Feature","properties":{},"geometry":{"type":"Polygon","coordinates":[[[54.380769,24.511968],[54.382367,24.511768],[54.382751,24.511343],[54.382504,24.511152],[54.382984,24.511092],[54.383375,24.510679],[54.382681,24.51014],[54.380749,24.510383],[54.380368,24.510797],[54.380448,24.510861],[54.379962,24.510922],[54.379577,24.511344],[54.380038,24.511702],[54.380031,24.511711],[54.381032,24.512536],[54.381238,24.51251],[54.381318,24.512427],[54.380769,24.511968]]]}},{"type":"Feature","properties":{},"geometry":{"type":"Polygon","coordinates":[[[54.380028,24.511878],[54.379822,24.511904],[54.379337,24.51238],[54.379447,24.512465],[54.379653,24.512439],[54.380141,24.511968],[54.380028,24.511878]]]}},{"type":"Feature","properties":{},"geometry":{"type":"Polygon","coordinates":[[[54.381936,24.484661],[54.381549,24.48471],[54.381498,24.484765],[54.381578,24.484826],[54.381947,24.48478],[54.381903,24.484832],[54.381931,24.484851],[54.381886,24.484857],[54.381734,24.485032],[54.381874,24.485133],[54.382286,24.485081],[54.382438,24.484906],[54.38241,24.484886],[54.382458,24.48488],[54.382604,24.484706],[54.382589,24.484696],[54.382616,24.484693],[54.382762,24.484523],[54.38274,24.484508],[54.382772,24.484504],[54.382918,24.484328],[54.38291,24.484322],[54.382928,24.48432],[54.383081,24.484148],[54.382936,24.484042],[54.382524,24.484093],[54.382371,24.484265],[54.38239,24.484279],[54.382366,24.484282],[54.382219,24.484458],[54.382235,24.484469],[54.382207,24.484473],[54.382061,24.484643],[54.382077,24.484655],[54.382049,24.484658],[54.382003,24.484713],[54.381936,24.484661]]]}},{"type":"Feature","properties":{},"geometry":{"type":"Polygon","coordinates":[[[54.382177,24.499232],[54.382207,24.49919],[54.382211,24.499118],[54.382177,24.499062],[54.382139,24.499038],[54.382084,24.499027],[54.381647,24.499084],[54.381603,24.49911],[54.381567,24.499173],[54.381574,24.499242],[54.381603,24.499281],[54.381667,24.499313],[54.382134,24.499258],[54.382177,24.499232]]]}},{"type":"Feature","properties":{},"geometry":{"type":"Polygon","coordinates":[[[54.38161,24.509225],[54.381223,24.509273],[54.381177,24.509326],[54.381224,24.509361],[54.381611,24.509312],[54.381657,24.509259],[54.38161,24.509225]]]}},{"type":"Feature","properties":{},"geometry":{"type":"Polygon","coordinates":[[[54.381182,24.51012],[54.381081,24.510161],[54.381116,24.510232],[54.381503,24.510184],[54.381604,24.510143],[54.381569,24.510072],[54.381182,24.51012]]]}},{"type":"Feature","properties":{},"geometry":{"type":"Polygon","coordinates":[[[54.384495,24.484167],[54.384478,24.484154],[54.384503,24.484128],[54.384471,24.484102],[54.384084,24.484151],[54.383998,24.48424],[54.384047,24.484279],[54.384434,24.484231],[54.384495,24.484167]]]}},{"type":"Feature","properties":{},"geometry":{"type":"Polygon","coordinates":[[[54.382734,24.486399],[54.382823,24.486454],[54.382851,24.48645],[54.383103,24.486657],[54.384027,24.486541],[54.384255,24.486737],[54.385543,24.486575],[54.385722,24.486403],[54.385539,24.486245],[54.385464,24.486255],[54.385502,24.486217],[54.385451,24.486177],[54.385364,24.486188],[54.385373,24.48618],[54.385332,24.486138],[54.385017,24.486175],[54.385139,24.486051],[54.384782,24.485761],[54.384624,24.485781],[54.384706,24.485695],[54.384357,24.485404],[54.384204,24.485423],[54.384215,24.485411],[54.38416,24.485367],[54.384194,24.485335],[54.384235,24.48533],[54.38436,24.485202],[54.384344,24.485189],[54.384443,24.485177],[54.384549,24.485072],[54.38441,24.484958],[54.383122,24.485119],[54.383017,24.485224],[54.383033,24.485237],[54.382992,24.485277],[54.382966,24.485281],[54.382842,24.485406],[54.382854,24.485414],[54.382819,24.485453],[54.382793,24.485457],[54.38268,24.485565],[54.382811,24.485676],[54.382545,24.485709],[54.382283,24.485981],[54.382638,24.486273],[54.382716,24.486264],[54.382642,24.486362],[54.382706,24.486402],[54.382734,24.486399]]]}},{"type":"Feature","properties":{},"geometry":{"type":"Polygon","coordinates":[[[54.383287,24.497106],[54.383235,24.49717],[54.383298,24.497213],[54.383685,24.497165],[54.383737,24.497101],[54.383674,24.497057],[54.383287,24.497106]]]}},{"type":"Feature","properties":{},"geometry":{"type":"Polygon","coordinates":[[[54.381505,24.504687],[54.381505,24.504715],[54.381476,24.504719],[54.381476,24.504738],[54.381385,24.504749],[54.381389,24.505152],[54.381691,24.505149],[54.383623,24.504907],[54.383622,24.504863],[54.383705,24.504852],[54.383696,24.504052],[54.383864,24.504031],[54.383861,24.503897],[54.383612,24.503912],[54.383611,24.5039],[54.387675,24.503391],[54.388232,24.503194],[54.388072,24.503066],[54.388041,24.50307],[54.387896,24.50273],[54.388079,24.502413],[54.388897,24.502337],[54.38938,24.502276],[54.389359,24.502056],[54.389548,24.502032],[54.389583,24.502304],[54.388154,24.502464],[54.388259,24.503295],[54.389691,24.503141],[54.389697,24.503188],[54.390448,24.503125],[54.391157,24.503036],[54.3911,24.502522],[54.391418,24.50248],[54.391247,24.501054],[54.391921,24.500969],[54.391889,24.500727],[54.391216,24.500802],[54.39098,24.498843],[54.389169,24.499056],[54.389175,24.499104],[54.388005,24.4992],[54.387522,24.499261],[54.387526,24.499296],[54.386775,24.499375],[54.384843,24.499617],[54.384836,24.499748],[54.384892,24.49989],[54.38294,24.500135],[54.382891,24.50018],[54.382833,24.500202],[54.382508,24.500267],[54.382404,24.500317],[54.382392,24.500351],[54.382404,24.500394],[54.382475,24.500437],[54.382758,24.500449],[54.385044,24.500163],[54.385303,24.500451],[54.385368,24.500503],[54.383886,24.500689],[54.383898,24.500812],[54.383866,24.500816],[54.383878,24.50094],[54.383905,24.500938],[54.383916,24.501048],[54.38419,24.501026],[54.384238,24.50142],[54.384345,24.501409],[54.384349,24.501441],[54.386859,24.50113],[54.386861,24.501149],[54.385965,24.501261],[54.385978,24.50139],[54.386879,24.501296],[54.386927,24.501688],[54.386022,24.501802],[54.386032,24.501891],[54.384472,24.502087],[54.384475,24.502117],[54.384356,24.502132],[54.384388,24.502482],[54.384177,24.502508],[54.384191,24.502634],[54.384156,24.502638],[54.384169,24.502751],[54.384201,24.502748],[54.384214,24.502866],[54.384847,24.502808],[54.386819,24.502561],[54.386792,24.502593],[54.386891,24.502693],[54.38691,24.502733],[54.386833,24.502903],[54.38694,24.502938],[54.38702,24.503116],[54.38294,24.503627],[54.382939,24.50368],[54.382726,24.503707],[54.382702,24.503832],[54.383033,24.50379],[54.383034,24.503808],[54.381538,24.503996],[54.381546,24.504682],[54.381505,24.504687]],[[54.389459,24.501341],[54.389474,24.50146],[54.389302,24.501481],[54.389295,24.501406],[54.389319,24.501359],[54.389459,24.501341]],[[54.38941,24.500962],[54.389232,24.500985],[54.389208,24.500967],[54.389191,24.500838],[54.389391,24.500813],[54.38941,24.500962]],[[54.388804,24.500152],[54.389065,24.500119],[54.389054,24.500028],[54.389286,24.499999],[54.389317,24.500238],[54.389126,24.500261],[54.389113,24.500147],[54.388807,24.500174],[54.388804,24.500152]],[[54.387839,24.50016],[54.388341,24.50011],[54.388343,24.50013],[54.387841,24.500174],[54.387839,24.50016]]]}},{"type":"Feature","properties":{},"geometry":{"type":"Polygon","coordinates":[[[54.3829,24.508219],[54.382513,24.508268],[54.38246,24.508295],[54.38248,24.508328],[54.382867,24.50828],[54.38292,24.508253],[54.3829,24.508219]]]}},{"type":"Feature","properties":{},"geometry":{"type":"Polygon","coordinates":[[[54.386304,24.4821],[54.386312,24.482163],[54.386898,24.482089],[54.386893,24.482028],[54.386304,24.4821]]]}},{"type":"Feature","properties":{},"geometry":{"type":"Polygon","coordinates":[[[54.387203,24.482327],[54.385271,24.482569],[54.384765,24.483178],[54.385156,24.483452],[54.387087,24.483209],[54.387599,24.482609],[54.387203,24.482327]]]}},{"type":"Feature","properties":{},"geometry":{"type":"Polygon","coordinates":[[[54.387919,24.485113],[54.387533,24.485161],[54.387457,24.485231],[54.387507,24.485277],[54.387894,24.485229],[54.38797,24.485159],[54.387919,24.485113]]]}},{"type":"Feature","properties":{},"geometry":{"type":"Polygon","coordinates":[[[54.389659,24.485745],[54.389615,24.485699],[54.389693,24.485636],[54.389584,24.485525],[54.389198,24.485574],[54.389057,24.485688],[54.389209,24.485844],[54.389596,24.485795],[54.389659,24.485745]]]}},{"type":"Feature","properties":{},"geometry":{"type":"Polygon","coordinates":[[[54.387364,24.48671],[54.386978,24.486759],[54.386879,24.486868],[54.386926,24.486904],[54.38704,24.48689],[54.386994,24.48694],[54.387083,24.487006],[54.387469,24.486958],[54.387539,24.486882],[54.387449,24.486816],[54.387334,24.486831],[54.38741,24.486744],[54.387364,24.48671]]]}},{"type":"Feature","properties":{},"geometry":{"type":"Polygon","coordinates":[[[54.386964,24.490038],[54.3869,24.490036],[54.386513,24.490084],[54.386511,24.490127],[54.386576,24.49013],[54.386962,24.490082],[54.386964,24.490038]]]}},{"type":"Feature","properties":{},"geometry":{"type":"Polygon","coordinates":[[[54.386569,24.490165],[54.386449,24.490305],[54.386671,24.490464],[54.387058,24.490415],[54.387178,24.490277],[54.386955,24.490116],[54.386569,24.490165]]]}},{"type":"Feature","properties":{},"geometry":{"type":"Polygon","coordinates":[[[54.386321,24.493105],[54.386316,24.493124],[54.38629,24.493127],[54.385873,24.49384],[54.386055,24.49391],[54.387987,24.493667],[54.388156,24.493383],[54.39287,24.492786],[54.392844,24.492622],[54.394184,24.492454],[54.394285,24.492338],[54.394203,24.492279],[54.394752,24.492202],[54.394827,24.492108],[54.394752,24.492059],[54.394815,24.491978],[54.394752,24.491936],[54.395132,24.491889],[54.395234,24.491772],[54.395139,24.491703],[54.395182,24.491654],[54.394973,24.491504],[54.395386,24.491452],[54.395487,24.491335],[54.395392,24.491267],[54.395435,24.491218],[54.395235,24.491074],[54.395424,24.49105],[54.395626,24.490818],[54.395387,24.490647],[54.394862,24.490712],[54.395053,24.490483],[54.394882,24.49037],[54.394655,24.490384],[54.394239,24.490441],[54.394094,24.4905],[54.393966,24.490656],[54.393842,24.490574],[54.393734,24.490551],[54.39384,24.490494],[54.393978,24.490318],[54.393952,24.490168],[54.394669,24.490078],[54.394653,24.489936],[54.394745,24.489924],[54.394704,24.489573],[54.394603,24.489582],[54.394592,24.489484],[54.389998,24.490054],[54.390009,24.49015],[54.38986,24.490169],[54.389901,24.49052],[54.390054,24.490505],[54.39007,24.490649],[54.392162,24.490393],[54.391924,24.490509],[54.391736,24.490465],[54.391253,24.490525],[54.391238,24.490562],[54.391252,24.490637],[54.391217,24.49066],[54.391168,24.49077],[54.391241,24.49084],[54.391459,24.490882],[54.39182,24.490994],[54.392039,24.490966],[54.392087,24.491058],[54.392508,24.491008],[54.389752,24.491353],[54.389551,24.491586],[54.38979,24.491757],[54.390273,24.491697],[54.390278,24.491733],[54.390374,24.491723],[54.390274,24.491837],[54.390308,24.491861],[54.387051,24.492272],[54.387137,24.492825],[54.389766,24.492495],[54.389701,24.492578],[54.389025,24.492662],[54.388847,24.492868],[54.388882,24.492893],[54.388406,24.492953],[54.388344,24.492845],[54.388319,24.492834],[54.386358,24.49308],[54.386321,24.493105]]]}},{"type":"Feature","properties":{},"geometry":{"type":"Polygon","coordinates":[[[54.387772,24.495862],[54.387845,24.495855],[54.387853,24.495918],[54.388496,24.495844],[54.388485,24.495747],[54.388404,24.495755],[54.388398,24.495709],[54.388299,24.495719],[54.388296,24.49569],[54.387759,24.495754],[54.387772,24.495862]]]}},{"type":"Feature","properties":{},"geometry":{"type":"Polygon","coordinates":[[[54.384711,24.498625],[54.386049,24.498462],[54.386052,24.498481],[54.386178,24.498472],[54.38618,24.498485],[54.386049,24.49855],[54.38607,24.498694],[54.386032,24.498699],[54.386077,24.499053],[54.38711,24.498946],[54.390974,24.498461],[54.390951,24.49828],[54.391913,24.49816],[54.391881,24.497941],[54.391505,24.497815],[54.38765,24.498299],[54.387646,24.498262],[54.388313,24.498178],[54.388299,24.498067],[54.388782,24.498006],[54.388705,24.497421],[54.388971,24.497388],[54.388962,24.497309],[54.388982,24.497306],[54.38896,24.497113],[54.388935,24.497116],[54.388926,24.497036],[54.388658,24.497062],[54.388649,24.496995],[54.388009,24.497054],[54.387068,24.497168],[54.387055,24.497067],[54.387325,24.497035],[54.387311,24.496928],[54.38704,24.496954],[54.387027,24.496852],[54.388417,24.496678],[54.388405,24.496592],[54.390005,24.496393],[54.390122,24.496393],[54.390643,24.496328],[54.39063,24.496099],[54.390582,24.496102],[54.390627,24.496096],[54.390576,24.495677],[54.388294,24.495954],[54.388298,24.495988],[54.385642,24.49631],[54.385734,24.497003],[54.385991,24.496974],[54.386034,24.497298],[54.384569,24.497482],[54.384711,24.498625]]]}},{"type":"Feature","properties":{},"geometry":{"type":"Polygon","coordinates":[[[54.384421,24.497102],[54.384035,24.49715],[54.38396,24.497244],[54.38403,24.49729],[54.384416,24.497242],[54.384491,24.497147],[54.384421,24.497102]]]}},{"type":"Feature","properties":{},"geometry":{"type":"Polygon","coordinates":[[[54.38924,24.503322],[54.389242,24.503268],[54.389134,24.503267],[54.38835,24.503376],[54.388357,24.503426],[54.38924,24.503322]]]}},{"type":"Feature","properties":{},"geometry":{"type":"Polygon","coordinates":[[[54.38806,24.503632],[54.388048,24.50359],[54.387598,24.503653],[54.387609,24.503695],[54.38806,24.503632]]]}},{"type":"Feature","properties":{},"geometry":{"type":"Polygon","coordinates":[[[54.387014,24.504033],[54.38702,24.504074],[54.387525,24.504011],[54.387519,24.503969],[54.387014,24.504033]]]}},{"type":"Feature","properties":{},"geometry":{"type":"Polygon","coordinates":[[[54.387105,24.50412],[54.387107,24.504149],[54.387171,24.504146],[54.387557,24.504098],[54.387554,24.504018],[54.386975,24.504088],[54.386983,24.504135],[54.387105,24.50412]]]}},{"type":"Feature","properties":{},"geometry":{"type":"Polygon","coordinates":[[[54.388766,24.507076],[54.388769,24.50711],[54.389251,24.507055],[54.389248,24.507021],[54.388766,24.507076]]]}},{"type":"Feature","properties":{},"geometry":{"type":"Polygon","coordinates":[[[54.389809,24.482389],[54.389422,24.482437],[54.389386,24.482503],[54.389516,24.482563],[54.389903,24.482514],[54.389939,24.482448],[54.389809,24.482389]]]}},{"type":"Feature","properties":{},"geometry":{"type":"Polygon","coordinates":[[[54.39058,24.482459],[54.390194,24.482507],[54.390177,24.482631],[54.390311,24.482643],[54.390697,24.482594],[54.390718,24.482472],[54.39058,24.482459]]]}},{"type":"Feature","properties":{},"geometry":{"type":"Polygon","coordinates":[[[54.390132,24.482703],[54.390075,24.482783],[54.390319,24.482919],[54.390222,24.482931],[54.389987,24.483331],[54.390215,24.483444],[54.391503,24.483283],[54.39158,24.48316],[54.39149,24.483096],[54.391536,24.483019],[54.391667,24.483003],[54.391742,24.482883],[54.391509,24.482769],[54.391417,24.482781],[54.391195,24.48268],[54.391132,24.482688],[54.391149,24.48266],[54.391062,24.48262],[54.391024,24.482625],[54.391035,24.482607],[54.390942,24.482565],[54.390555,24.482613],[54.390529,24.48266],[54.390132,24.482703]]]}},{"type":"Feature","properties":{},"geometry":{"type":"Polygon","coordinates":[[[54.389997,24.482755],[54.389611,24.482803],[54.389521,24.482873],[54.389586,24.482942],[54.389972,24.482894],[54.390062,24.482824],[54.389997,24.482755]]]}},{"type":"Feature","properties":{},"geometry":{"type":"Polygon","coordinates":[[[54.391895,24.48336],[54.391989,24.483403],[54.392375,24.483354],[54.392476,24.48318],[54.392379,24.483134],[54.392318,24.483142],[54.392258,24.483115],[54.392281,24.483077],[54.392174,24.483027],[54.392106,24.483035],[54.392042,24.483006],[54.391656,24.483054],[54.391635,24.483092],[54.391731,24.483138],[54.391773,24.483133],[54.391874,24.483174],[54.39182,24.483267],[54.391874,24.483291],[54.391938,24.483283],[54.391895,24.48336]]]}},{"type":"Feature","properties":{},"geometry":{"type":"Polygon","coordinates":[[[54.391411,24.48382],[54.391274,24.483685],[54.391239,24.483689],[54.3913,24.483619],[54.391276,24.4836],[54.391324,24.483594],[54.391408,24.483498],[54.39139,24.483485],[54.391612,24.483457],[54.391627,24.483427],[54.391532,24.483387],[54.3913,24.483416],[54.391224,24.483358],[54.389936,24.48352],[54.389727,24.483726],[54.389932,24.483872],[54.390861,24.483756],[54.3908,24.483809],[54.390938,24.483945],[54.391324,24.483896],[54.391411,24.48382]]]}},{"type":"Feature","properties":{},"geometry":{"type":"Polygon","coordinates":[[[54.390385,24.484417],[54.390293,24.484495],[54.390412,24.484611],[54.390799,24.484563],[54.39089,24.484485],[54.390771,24.484369],[54.390385,24.484417]]]}},{"type":"Feature","properties":{},"geometry":{"type":"Polygon","coordinates":[[[54.390237,24.487829],[54.390279,24.487868],[54.390133,24.487998],[54.390173,24.488034],[54.390131,24.488071],[54.390253,24.488184],[54.392611,24.487889],[54.392433,24.48804],[54.392389,24.488045],[54.392392,24.488074],[54.392266,24.488181],[54.39231,24.488231],[54.390496,24.488458],[54.390071,24.488802],[54.390254,24.488988],[54.391694,24.488808],[54.391642,24.489001],[54.391821,24.489009],[54.392015,24.489063],[54.389916,24.489326],[54.389928,24.489422],[54.389779,24.489441],[54.38982,24.489789],[54.389973,24.489773],[54.389987,24.489891],[54.394585,24.489319],[54.394572,24.489208],[54.394664,24.489197],[54.394622,24.488843],[54.39452,24.488853],[54.394508,24.488755],[54.393131,24.488923],[54.393043,24.488846],[54.393017,24.488786],[54.39301,24.488722],[54.393024,24.488658],[54.393034,24.48864],[54.394968,24.488395],[54.395185,24.488219],[54.395111,24.488144],[54.395209,24.488065],[54.395036,24.487889],[54.394841,24.487609],[54.394986,24.48759],[54.39537,24.487249],[54.395338,24.487219],[54.395256,24.487186],[54.395144,24.487174],[54.390286,24.487785],[54.390237,24.487829]]]}},{"type":"Feature","properties":{},"geometry":{"type":"Polygon","coordinates":[[[54.392022,24.494652],[54.392057,24.494892],[54.393613,24.494698],[54.393582,24.494482],[54.393522,24.49449],[54.393515,24.494441],[54.392079,24.494621],[54.392082,24.494644],[54.392022,24.494652]]]}},{"type":"Feature","properties":{},"geometry":{"type":"Polygon","coordinates":[[[54.390744,24.495685],[54.390809,24.496323],[54.3918,24.496198],[54.391807,24.496251],[54.393864,24.495994],[54.394066,24.495814],[54.394285,24.495786],[54.3942,24.495176],[54.3917,24.495484],[54.39171,24.495549],[54.390744,24.495685]]]}},{"type":"Feature","properties":{},"geometry":{"type":"Polygon","coordinates":[[[54.391035,24.497033],[54.391034,24.497068],[54.391045,24.497068],[54.390799,24.497099],[54.390797,24.497193],[54.390917,24.497195],[54.391225,24.497156],[54.391229,24.497176],[54.39167,24.497118],[54.391662,24.49708],[54.391308,24.497125],[54.391309,24.497057],[54.391663,24.497013],[54.391661,24.496974],[54.391422,24.496985],[54.391035,24.497033]]]}},{"type":"Feature","properties":{},"geometry":{"type":"Polygon","coordinates":[[[54.391232,24.497178],[54.390846,24.497226],[54.390844,24.49729],[54.390956,24.497292],[54.391343,24.497244],[54.391345,24.497181],[54.391232,24.497178]]]}},{"type":"Feature","properties":{},"geometry":{"type":"Polygon","coordinates":[[[54.394542,24.496821],[54.39261,24.497064],[54.392378,24.497348],[54.392458,24.497633],[54.392709,24.49775],[54.394641,24.497508],[54.394769,24.497442],[54.394885,24.497348],[54.394874,24.497274],[54.394918,24.497211],[54.394997,24.497172],[54.39503,24.497114],[54.394542,24.496821]]]}},{"type":"Feature","properties":{},"geometry":{"type":"Polygon","coordinates":[[[54.389215,24.497652],[54.389217,24.4977],[54.389156,24.497708],[54.389162,24.497854],[54.38975,24.497793],[54.389743,24.497623],[54.389684,24.497625],[54.389683,24.497601],[54.389215,24.497652]]]}},{"type":"Feature","properties":{},"geometry":{"type":"Polygon","coordinates":[[[54.392926,24.498165],[54.392924,24.498245],[54.393352,24.498198],[54.393355,24.498117],[54.392926,24.498165]]]}},{"type":"Feature","properties":{},"geometry":{"type":"Polygon","coordinates":[[[54.391534,24.498902],[54.391689,24.499907],[54.393438,24.499714],[54.39537,24.499471],[54.39526,24.498664],[54.395136,24.498542],[54.393466,24.49866],[54.391534,24.498902]]]}},{"type":"Feature","properties":{},"geometry":{"type":"Polygon","coordinates":[[[54.392191,24.50367],[54.392183,24.503621],[54.391705,24.503682],[54.391713,24.503731],[54.392191,24.50367]]]}},{"type":"Feature","properties":{},"geometry":{"type":"Polygon","coordinates":[[[54.392077,24.503856],[54.392168,24.503859],[54.392554,24.503811],[54.392554,24.503762],[54.392271,24.503787],[54.392268,24.503729],[54.391718,24.503785],[54.391725,24.503888],[54.392077,24.503856]]]}},{"type":"Feature","properties":{},"geometry":{"type":"Polygon","coordinates":[[[54.390876,24.504088],[54.390934,24.504593],[54.392504,24.504401],[54.392497,24.504307],[54.392592,24.504285],[54.39258,24.504249],[54.392494,24.50426],[54.392488,24.504165],[54.392302,24.504181],[54.392297,24.504138],[54.39259,24.504102],[54.392558,24.503881],[54.390876,24.504088]]]}},{"type":"Feature","properties":{},"geometry":{"type":"Polygon","coordinates":[[[54.390889,24.504658],[54.390922,24.504933],[54.392653,24.504727],[54.39262,24.504452],[54.390889,24.504658]]]}},{"type":"Feature","properties":{},"geometry":{"type":"Polygon","coordinates":[[[54.391485,24.505797],[54.392773,24.505636],[54.392737,24.505136],[54.392434,24.50516],[54.392431,24.505083],[54.392592,24.505063],[54.392563,24.504815],[54.391786,24.504911],[54.391794,24.504991],[54.392076,24.504958],[54.392094,24.505112],[54.391822,24.505153],[54.391824,24.505236],[54.391234,24.50531],[54.39127,24.50581],[54.391485,24.505797]]]}},{"type":"Feature","properties":{},"geometry":{"type":"Polygon","coordinates":[[[54.389795,24.505218],[54.388507,24.505379],[54.388554,24.505973],[54.388768,24.505959],[54.390056,24.505797],[54.389993,24.505205],[54.389795,24.505218]]]}},{"type":"Feature","properties":{},"geometry":{"type":"Polygon","coordinates":[[[54.391384,24.506858],[54.39139,24.506904],[54.391865,24.506847],[54.391859,24.506801],[54.391384,24.506858]]]}},{"type":"Feature","properties":{},"geometry":{"type":"Polygon","coordinates":[[[54.391242,24.506956],[54.391268,24.507298],[54.391453,24.507287],[54.392741,24.507125],[54.392715,24.506783],[54.39253,24.506794],[54.391242,24.506956]]]}},{"type":"Feature","properties":{},"geometry":{"type":"Polygon","coordinates":[[[54.392518,24.507209],[54.392525,24.507263],[54.392992,24.507205],[54.392985,24.507152],[54.392518,24.507209]]]}},{"type":"Feature","properties":{},"geometry":{"type":"Polygon","coordinates":[[[54.391531,24.507352],[54.390243,24.507513],[54.390253,24.507652],[54.390656,24.507627],[54.391944,24.507466],[54.391934,24.507327],[54.391531,24.507352]]]}},{"type":"Feature","properties":{},"geometry":{"type":"Polygon","coordinates":[[[54.392829,24.508782],[54.393216,24.508734],[54.393217,24.5087],[54.393104,24.508696],[54.392583,24.508757],[54.392584,24.508788],[54.392829,24.508782]]]}},{"type":"Feature","properties":{},"geometry":{"type":"Polygon","coordinates":[[[54.391248,24.509855],[54.391355,24.51003],[54.393287,24.509787],[54.393625,24.509616],[54.393613,24.509596],[54.393795,24.509504],[54.393767,24.509459],[54.393855,24.509448],[54.393889,24.50943],[54.393853,24.509371],[54.393723,24.509387],[54.393583,24.509158],[54.393658,24.509149],[54.393655,24.509094],[54.393604,24.509096],[54.393218,24.509144],[54.393219,24.509168],[54.391631,24.509368],[54.391436,24.509466],[54.391573,24.50969],[54.391248,24.509855]]]}},{"type":"Feature","properties":{},"geometry":{"type":"Polygon","coordinates":[[[54.394077,24.509894],[54.394173,24.509852],[54.394128,24.509765],[54.394084,24.509771],[54.394119,24.509751],[54.394058,24.50966],[54.394037,24.509663],[54.394052,24.509655],[54.394018,24.509606],[54.393632,24.509654],[54.393591,24.509677],[54.393625,24.509726],[54.393646,24.509723],[54.393631,24.509732],[54.393692,24.509823],[54.393733,24.509817],[54.393645,24.509855],[54.39369,24.509942],[54.394077,24.509894]]]}},{"type":"Feature","properties":{},"geometry":{"type":"Polygon","coordinates":[[[54.393649,24.510242],[54.393788,24.510224],[54.393866,24.51029],[54.394253,24.510242],[54.394351,24.510146],[54.39429,24.510095],[54.394085,24.510111],[54.394067,24.510079],[54.393983,24.510089],[54.394195,24.509998],[54.394163,24.509938],[54.393914,24.50997],[54.393911,24.50995],[54.393482,24.510004],[54.393488,24.510039],[54.393723,24.51001],[54.393462,24.510123],[54.393477,24.510152],[54.393378,24.510177],[54.3934,24.510231],[54.393628,24.510202],[54.393649,24.510242]]]}},{"type":"Feature","properties":{},"geometry":{"type":"Polygon","coordinates":[[[54.406318,24.480086],[54.406357,24.480125],[54.406743,24.480076],[54.406836,24.48],[54.406771,24.479935],[54.406385,24.479984],[54.406299,24.480056],[54.406255,24.479987],[54.40643,24.479895],[54.406373,24.479805],[54.40627,24.479818],[54.406281,24.479812],[54.406176,24.479648],[54.404244,24.47989],[54.403995,24.480022],[54.404051,24.48011],[54.403844,24.480219],[54.403881,24.480277],[54.403805,24.480317],[54.403868,24.480416],[54.403888,24.480413],[54.403974,24.480548],[54.405905,24.480306],[54.406324,24.480095],[54.406318,24.480086]]]}},{"type":"Feature","properties":{},"geometry":{"type":"Polygon","coordinates":[[[54.405748,24.480415],[54.405361,24.480463],[54.405286,24.480501],[54.405292,24.48051],[54.405185,24.480524],[54.405173,24.48051],[54.403241,24.480753],[54.403188,24.480792],[54.403051,24.480809],[54.402819,24.480978],[54.403011,24.481196],[54.402351,24.481278],[54.401741,24.481552],[54.401985,24.481826],[54.403917,24.481584],[54.404445,24.481313],[54.404376,24.481195],[54.404658,24.48116],[54.404714,24.481136],[54.404697,24.481102],[54.404347,24.481146],[54.404286,24.481041],[54.404947,24.480958],[54.405101,24.480861],[54.405149,24.480903],[54.406437,24.480741],[54.406583,24.480618],[54.406416,24.480454],[54.406444,24.48045],[54.406479,24.480403],[54.406443,24.480381],[54.406484,24.480376],[54.406523,24.480297],[54.406404,24.480249],[54.406017,24.480297],[54.405982,24.48037],[54.405963,24.480373],[54.40592,24.480431],[54.405769,24.48045],[54.405748,24.480415]]]}},{"type":"Feature","properties":{},"geometry":{"type":"Polygon","coordinates":[[[54.402377,24.482242],[54.402291,24.482238],[54.401647,24.482319],[54.400777,24.483234],[54.400778,24.483352],[54.400819,24.483415],[54.400994,24.483455],[54.401638,24.483375],[54.401826,24.483294],[54.401926,24.483296],[54.402451,24.483477],[54.403095,24.483396],[54.403021,24.483179],[54.403255,24.483046],[54.403092,24.482731],[54.403888,24.482631],[54.403962,24.482731],[54.404082,24.482833],[54.404196,24.483014],[54.405175,24.482891],[54.405342,24.483147],[54.403523,24.483375],[54.403194,24.483507],[54.403386,24.484155],[54.403007,24.484259],[54.403052,24.484539],[54.401819,24.484694],[54.401688,24.485141],[54.401595,24.485316],[54.401408,24.485508],[54.40202,24.486043],[54.403951,24.4858],[54.404147,24.485609],[54.404246,24.485473],[54.404367,24.485274],[54.404477,24.485016],[54.405619,24.484873],[54.405743,24.48448],[54.405276,24.484424],[54.405703,24.48437],[54.405703,24.483852],[54.405497,24.483255],[54.406708,24.483103],[54.406884,24.483008],[54.406683,24.482702],[54.407416,24.48261],[54.407605,24.482539],[54.407647,24.482408],[54.407249,24.481963],[54.406004,24.482119],[54.40612,24.482046],[54.406053,24.481973],[54.406228,24.481951],[54.406456,24.481804],[54.406244,24.481517],[54.406178,24.481406],[54.403281,24.481769],[54.403103,24.481873],[54.403025,24.481941],[54.403065,24.481988],[54.402948,24.482003],[54.402724,24.482115],[54.402683,24.482163],[54.402717,24.482229],[54.402501,24.482256],[54.402447,24.482308],[54.402367,24.482318],[54.402377,24.482242]]]}},{"type":"Feature","properties":{},"geometry":{"type":"Polygon","coordinates":[[[54.40406,24.486285],[54.404023,24.48626],[54.403971,24.486254],[54.403005,24.486375],[54.402268,24.486729],[54.402478,24.487281],[54.402512,24.487315],[54.402564,24.487329],[54.40353,24.487207],[54.403767,24.487123],[54.404122,24.486933],[54.40439,24.486736],[54.404417,24.486697],[54.404408,24.486649],[54.40406,24.486285]]]}},{"type":"Feature","properties":{},"geometry":{"type":"Polygon","coordinates":[[[54.398264,24.489642],[54.399034,24.489956],[54.399825,24.490126],[54.400668,24.490186],[54.4026,24.489943],[54.40288,24.489596],[54.402625,24.488136],[54.402288,24.488086],[54.401773,24.487981],[54.401144,24.487765],[54.400111,24.487303],[54.400028,24.487249],[54.400754,24.487158],[54.400866,24.487117],[54.401207,24.486363],[54.400743,24.486123],[54.398811,24.486366],[54.398705,24.486535],[54.397036,24.486745],[54.395802,24.488094],[54.396942,24.488948],[54.398264,24.489642]]]}},{"type":"Feature","properties":{},"geometry":{"type":"Polygon","coordinates":[[[54.405983,24.487822],[54.406127,24.487642],[54.405832,24.487429],[54.403771,24.487688],[54.403625,24.487861],[54.403922,24.488081],[54.405983,24.487822]]]}},{"type":"Feature","properties":{},"geometry":{"type":"Polygon","coordinates":[[[54.407929,24.488582],[54.408637,24.488493],[54.409511,24.488057],[54.40936,24.487784],[54.409147,24.487811],[54.409363,24.48769],[54.409247,24.487364],[54.407315,24.487607],[54.4069,24.487925],[54.405386,24.488115],[54.404565,24.48858],[54.404845,24.488988],[54.405119,24.488954],[54.404972,24.489037],[54.405251,24.489445],[54.407183,24.489203],[54.407589,24.488973],[54.407578,24.488957],[54.407644,24.488949],[54.40802,24.488719],[54.407929,24.488582]]]}},{"type":"Feature","properties":{},"geometry":{"type":"Polygon","coordinates":[[[54.400402,24.490694],[54.400362,24.490428],[54.39877,24.490628],[54.39881,24.490894],[54.400402,24.490694]]]}},{"type":"Feature","properties":{},"geometry":{"type":"Polygon","coordinates":[[[54.398112,24.491903],[54.398155,24.492224],[54.398667,24.492158],[54.398624,24.49184],[54.398112,24.491903]]]}},{"type":"Feature","properties":{},"geometry":{"type":"Polygon","coordinates":[[[54.398602,24.492224],[54.398139,24.492281],[54.398184,24.49261],[54.398647,24.492553],[54.398636,24.492479],[54.399095,24.49242],[54.399082,24.49232],[54.398848,24.492349],[54.398825,24.492216],[54.398604,24.492243],[54.398602,24.492224]]]}},{"type":"Feature","properties":{},"geometry":{"type":"Polygon","coordinates":[[[54.395653,24.492258],[54.394365,24.492419],[54.3943,24.492718],[54.394709,24.492793],[54.395997,24.492631],[54.396062,24.492332],[54.395653,24.492258]]]}},{"type":"Feature","properties":{},"geometry":{"type":"Polygon","coordinates":[[[54.404929,24.493051],[54.4055,24.493536],[54.404496,24.493662],[54.404554,24.493571],[54.404527,24.493557],[54.404581,24.493471],[54.404418,24.493385],[54.402486,24.493628],[54.402468,24.493656],[54.401427,24.493787],[54.401436,24.493857],[54.401341,24.493869],[54.401352,24.493958],[54.398622,24.4943],[54.398625,24.494326],[54.398425,24.494351],[54.398433,24.494416],[54.398266,24.494437],[54.397997,24.494858],[54.398104,24.494915],[54.398151,24.494909],[54.398186,24.494927],[54.398147,24.494989],[54.39823,24.495032],[54.401712,24.494595],[54.401762,24.494629],[54.401432,24.495027],[54.401674,24.495188],[54.407023,24.494517],[54.406911,24.494626],[54.406863,24.494826],[54.406863,24.494991],[54.406878,24.495033],[54.406411,24.495091],[54.406356,24.495243],[54.405963,24.495288],[54.405918,24.495356],[54.405985,24.495393],[54.406316,24.495352],[54.406309,24.495373],[54.406176,24.495389],[54.4061,24.495454],[54.406178,24.49553],[54.406008,24.495552],[54.405925,24.495593],[54.405978,24.495682],[54.406025,24.495676],[54.40598,24.495775],[54.405884,24.495787],[54.405838,24.495852],[54.405864,24.495867],[54.406121,24.495835],[54.406184,24.495849],[54.406162,24.495972],[54.404765,24.496155],[54.404485,24.49605],[54.40368,24.496151],[54.403626,24.496298],[54.401102,24.496615],[54.400958,24.496666],[54.399032,24.496907],[54.398835,24.497404],[54.399198,24.497523],[54.400854,24.497315],[54.400736,24.497587],[54.400948,24.497668],[54.400988,24.497663],[54.401104,24.497702],[54.400444,24.497785],[54.400183,24.497895],[54.400382,24.498286],[54.403469,24.497899],[54.403553,24.498081],[54.404358,24.49798],[54.404633,24.497742],[54.404712,24.497756],[54.405441,24.497664],[54.40546,24.497675],[54.405128,24.497716],[54.405276,24.497916],[54.405356,24.498085],[54.405408,24.498382],[54.405332,24.498066],[54.405283,24.498019],[54.405209,24.498001],[54.404096,24.498141],[54.404018,24.498119],[54.404122,24.498105],[54.404135,24.498077],[54.404083,24.498057],[54.403696,24.498105],[54.403683,24.498133],[54.403495,24.498156],[54.403286,24.498242],[54.401796,24.49843],[54.401716,24.498457],[54.401676,24.498509],[54.401686,24.498571],[54.40175,24.498722],[54.401755,24.49882],[54.401782,24.49889],[54.401839,24.498926],[54.402025,24.498914],[54.402021,24.498974],[54.397336,24.499562],[54.397167,24.499603],[54.397054,24.499668],[54.396947,24.499776],[54.396908,24.499841],[54.396963,24.499877],[54.396988,24.499911],[54.397001,24.499956],[54.396994,24.500015],[54.397159,24.50004],[54.39929,24.499774],[54.399316,24.499852],[54.399375,24.499902],[54.399533,24.499905],[54.399892,24.49986],[54.399616,24.500035],[54.399551,24.500049],[54.399538,24.500077],[54.399545,24.500113],[54.399612,24.500199],[54.399706,24.500247],[54.402235,24.49993],[54.400538,24.500154],[54.400534,24.500189],[54.400568,24.500215],[54.400527,24.500228],[54.40054,24.500551],[54.400568,24.500553],[54.400593,24.500578],[54.400567,24.500606],[54.400599,24.500651],[54.400642,24.500674],[54.400701,24.500679],[54.401258,24.500611],[54.401287,24.500636],[54.401324,24.500639],[54.403968,24.500308],[54.403967,24.500351],[54.404246,24.500331],[54.404761,24.500267],[54.405188,24.500172],[54.405667,24.499947],[54.405928,24.49974],[54.406255,24.499347],[54.406373,24.499138],[54.406474,24.49889],[54.406529,24.498602],[54.406545,24.49833],[54.406522,24.498107],[54.406444,24.497802],[54.405771,24.497677],[54.408709,24.497309],[54.40953,24.496918],[54.409385,24.496689],[54.408239,24.496832],[54.408007,24.496757],[54.410179,24.496484],[54.410343,24.49638],[54.410299,24.496324],[54.410552,24.496292],[54.410775,24.496187],[54.410614,24.495998],[54.41043,24.496021],[54.410337,24.495938],[54.408784,24.496133],[54.408628,24.49604],[54.408481,24.495984],[54.408504,24.495925],[54.408263,24.495794],[54.408487,24.495464],[54.409621,24.495322],[54.409964,24.495229],[54.409867,24.495048],[54.409653,24.494565],[54.40954,24.494014],[54.409518,24.493451],[54.409564,24.493205],[54.409532,24.493029],[54.406475,24.493413],[54.406118,24.493117],[54.406346,24.493088],[54.406476,24.49296],[54.406379,24.492879],[54.406008,24.492925],[54.406315,24.492642],[54.406142,24.492521],[54.406355,24.492421],[54.406247,24.492254],[54.405835,24.492305],[54.404964,24.492767],[54.404929,24.493051]],[[54.405368,24.496934],[54.405241,24.496966],[54.405301,24.49687],[54.407553,24.496587],[54.407574,24.496612],[54.407504,24.496659],[54.405368,24.496934]],[[54.405002,24.4973],[54.405087,24.497181],[54.40514,24.49737],[54.404922,24.497398],[54.405002,24.4973]],[[54.40539,24.498837],[54.405367,24.498932],[54.405276,24.499099],[54.405198,24.499202],[54.405008,24.499377],[54.403668,24.499546],[54.403644,24.499465],[54.403577,24.499397],[54.403693,24.499382],[54.403959,24.49939],[54.40468,24.499299],[54.404893,24.499256],[54.405087,24.49919],[54.405252,24.499057],[54.40539,24.498837]],[[54.403434,24.498931],[54.403429,24.498854],[54.403525,24.498726],[54.404113,24.498652],[54.40405,24.498762],[54.403985,24.498819],[54.403605,24.498867],[54.403434,24.498931]],[[54.405411,24.49846],[54.405388,24.498458],[54.405409,24.498406],[54.405411,24.49846]],[[54.407975,24.495526],[54.407922,24.495604],[54.4078,24.495535],[54.407975,24.495526]]]}},{"type":"Feature","properties":{},"geometry":{"type":"Polygon","coordinates":[[[54.397987,24.493263],[54.398041,24.493648],[54.400704,24.493321],[54.400649,24.492935],[54.397987,24.493263]]]}},{"type":"Feature","properties":{},"geometry":{"type":"Polygon","coordinates":[[[54.395686,24.498566],[54.395684,24.498631],[54.396127,24.498585],[54.396129,24.498519],[54.395686,24.498566]]]}},{"type":"Feature","properties":{},"geometry":{"type":"Polygon","coordinates":[[[54.395296,24.500107],[54.395277,24.500019],[54.395562,24.49998],[54.395534,24.499827],[54.395033,24.499892],[54.395058,24.500029],[54.394854,24.500057],[54.394877,24.500161],[54.395296,24.500107]]]}},{"type":"Feature","properties":{},"geometry":{"type":"Polygon","coordinates":[[[54.394482,24.500385],[54.394503,24.500499],[54.394937,24.500444],[54.394916,24.50033],[54.394482,24.500385]]]}},{"type":"Feature","properties":{},"geometry":{"type":"Polygon","coordinates":[[[54.39299,24.500793],[54.393132,24.501641],[54.39563,24.50132],[54.395488,24.500472],[54.39299,24.500793]]]}},{"type":"Feature","properties":{},"geometry":{"type":"Polygon","coordinates":[[[54.395661,24.501895],[54.395275,24.501943],[54.395272,24.502046],[54.395357,24.502048],[54.395744,24.502],[54.395747,24.501897],[54.395661,24.501895]]]}},{"type":"Feature","properties":{},"geometry":{"type":"Polygon","coordinates":[[[54.393509,24.502454],[54.39356,24.502762],[54.395924,24.502461],[54.395873,24.502153],[54.393509,24.502454]]]}},{"type":"Feature","properties":{},"geometry":{"type":"Polygon","coordinates":[[[54.397015,24.504736],[54.39702,24.504837],[54.397479,24.504785],[54.397473,24.504684],[54.397015,24.504736]]]}},{"type":"Feature","properties":{},"geometry":{"type":"Polygon","coordinates":[[[54.405359,24.506221],[54.405412,24.506084],[54.406702,24.505922],[54.406793,24.505817],[54.406828,24.505695],[54.406787,24.505553],[54.406674,24.505453],[54.406604,24.505461],[54.406344,24.50524],[54.404412,24.505482],[54.404337,24.505556],[54.404097,24.505586],[54.404038,24.505783],[54.403132,24.505897],[54.402886,24.506144],[54.403159,24.506366],[54.403779,24.506289],[54.404071,24.506383],[54.405359,24.506221]]]}},{"type":"Feature","properties":{},"geometry":{"type":"Polygon","coordinates":[[[54.40359,24.507207],[54.401665,24.507451],[54.401034,24.508551],[54.401128,24.508616],[54.403183,24.508358],[54.403157,24.508381],[54.403404,24.508625],[54.403007,24.508675],[54.402889,24.508782],[54.403071,24.508962],[54.402751,24.509003],[54.402633,24.50911],[54.403029,24.509502],[54.405889,24.509143],[54.405957,24.509194],[54.406344,24.509146],[54.406384,24.509101],[54.406299,24.509036],[54.406182,24.50905],[54.406232,24.508999],[54.406057,24.508827],[54.406377,24.508786],[54.406489,24.508672],[54.406248,24.508435],[54.406645,24.508385],[54.406757,24.508271],[54.406367,24.507886],[54.405389,24.508008],[54.405862,24.507159],[54.405855,24.507079],[54.405593,24.506955],[54.405104,24.507017],[54.405121,24.506977],[54.407336,24.506699],[54.407604,24.506417],[54.409472,24.506175],[54.409587,24.506114],[54.409672,24.506021],[54.409717,24.505908],[54.409719,24.505787],[54.40968,24.50568],[54.409606,24.50559],[54.409506,24.505526],[54.409388,24.505493],[54.409265,24.505495],[54.407332,24.505738],[54.407216,24.505775],[54.407118,24.505843],[54.407049,24.505936],[54.407015,24.506044],[54.407022,24.506164],[54.407066,24.506262],[54.4053,24.506483],[54.405345,24.506365],[54.405066,24.506279],[54.403778,24.506441],[54.403686,24.506686],[54.402896,24.506785],[54.402681,24.507009],[54.402989,24.507245],[54.403518,24.507181],[54.40359,24.507207]]]}},{"type":"Feature","properties":{},"geometry":{"type":"Polygon","coordinates":[[[54.407458,24.509542],[54.407784,24.509501],[54.4079,24.509383],[54.407681,24.509182],[54.407812,24.509166],[54.407864,24.509122],[54.407708,24.508969],[54.407322,24.509018],[54.40727,24.509061],[54.40729,24.509081],[54.404446,24.509438],[54.404405,24.509475],[54.402171,24.509755],[54.402045,24.509923],[54.402194,24.510068],[54.402319,24.510052],[54.402358,24.510079],[54.40402,24.50987],[54.404071,24.509918],[54.40372,24.509962],[54.40356,24.510094],[54.403923,24.510426],[54.407014,24.510038],[54.407179,24.509921],[54.407091,24.509838],[54.407446,24.509794],[54.40758,24.509657],[54.407458,24.509542]]]}},{"type":"Feature","properties":{},"geometry":{"type":"Polygon","coordinates":[[[54.406266,24.510799],[54.406547,24.510635],[54.406487,24.51055],[54.406524,24.510524],[54.406565,24.510262],[54.406429,24.510139],[54.406017,24.510191],[54.405776,24.510392],[54.405672,24.510465],[54.405535,24.510532],[54.405446,24.51056],[54.405152,24.510597],[54.404916,24.510758],[54.404734,24.510943],[54.40478,24.510981],[54.404873,24.511014],[54.405178,24.511022],[54.40559,24.51097],[54.406007,24.510831],[54.406266,24.510799]]]}},{"type":"Feature","properties":{},"geometry":{"type":"Polygon","coordinates":[[[54.395595,24.510967],[54.396883,24.510805],[54.397139,24.510517],[54.396934,24.510367],[54.395646,24.510528],[54.395392,24.510814],[54.395595,24.510967]]]}},{"type":"Feature","properties":{},"geometry":{"type":"Polygon","coordinates":[[[54.405859,24.512123],[54.405892,24.512081],[54.405888,24.51194],[54.406315,24.511887],[54.406305,24.511892],[54.406524,24.512215],[54.408457,24.511973],[54.40895,24.511696],[54.40891,24.511637],[54.409192,24.511602],[54.409672,24.511336],[54.409464,24.511025],[54.409902,24.51097],[54.409846,24.511005],[54.409882,24.511053],[54.409708,24.511113],[54.409749,24.511186],[54.410136,24.511137],[54.410205,24.511104],[54.410195,24.511086],[54.410308,24.511057],[54.410506,24.510935],[54.41043,24.510834],[54.41016,24.510868],[54.410221,24.510834],[54.410611,24.510787],[54.410637,24.510739],[54.410584,24.510715],[54.410257,24.510756],[54.410248,24.510742],[54.410303,24.51071],[54.410208,24.510574],[54.409821,24.510623],[54.409739,24.510671],[54.409242,24.510733],[54.409243,24.510684],[54.409212,24.510639],[54.409124,24.51062],[54.408737,24.510669],[54.408685,24.510699],[54.408665,24.510741],[54.407861,24.510842],[54.407704,24.510853],[54.407694,24.510841],[54.404151,24.511286],[54.40406,24.511348],[54.404262,24.511593],[54.404239,24.511659],[54.404346,24.51197],[54.402557,24.512195],[54.402589,24.512472],[54.402641,24.512491],[54.402883,24.512461],[54.402931,24.51249],[54.405859,24.512123]],[[54.408515,24.511129],[54.408663,24.511047],[54.408702,24.511105],[54.408515,24.511129]]]}},{"type":"Feature","properties":{},"geometry":{"type":"Polygon","coordinates":[[[54.410056,24.479934],[54.409987,24.48],[54.410137,24.480129],[54.410524,24.48008],[54.410593,24.480014],[54.410443,24.479885],[54.410056,24.479934]]]}},{"type":"Feature","properties":{},"geometry":{"type":"Polygon","coordinates":[[[54.411275,24.482369],[54.412563,24.482207],[54.412739,24.481932],[54.412378,24.481741],[54.411467,24.481856],[54.411484,24.481839],[54.411116,24.48152],[54.409828,24.481682],[54.409655,24.481848],[54.409736,24.481918],[54.409906,24.481897],[54.409881,24.48192],[54.409926,24.481958],[54.409975,24.481952],[54.410033,24.482002],[54.409934,24.482097],[54.410019,24.48217],[54.410998,24.482047],[54.410914,24.482178],[54.411275,24.482369]]]}},{"type":"Feature","properties":{},"geometry":{"type":"Polygon","coordinates":[[[54.40892,24.482935],[54.408925,24.48305],[54.409408,24.482998],[54.409403,24.482883],[54.40892,24.482935]]]}},{"type":"Feature","properties":{},"geometry":{"type":"Polygon","coordinates":[[[54.405504,24.485704],[54.405318,24.485897],[54.405377,24.485945],[54.405397,24.485942],[54.405638,24.486138],[54.407698,24.485879],[54.407889,24.48568],[54.407828,24.485631],[54.407795,24.485635],[54.407564,24.485445],[54.407163,24.485495],[54.407336,24.485327],[54.407313,24.485307],[54.408489,24.48516],[54.408602,24.485076],[54.408469,24.484928],[54.408829,24.484883],[54.409038,24.484742],[54.408793,24.48444],[54.406733,24.484699],[54.406523,24.48484],[54.406645,24.484989],[54.406273,24.485036],[54.406068,24.48519],[54.406081,24.485254],[54.4063,24.485366],[54.40638,24.485355],[54.406429,24.485418],[54.406816,24.48537],[54.406617,24.485564],[54.405504,24.485704]]]}},{"type":"Feature","properties":{},"geometry":{"type":"Polygon","coordinates":[[[54.410863,24.4865],[54.410363,24.485619],[54.410402,24.485593],[54.410413,24.48552],[54.410404,24.485468],[54.410388,24.485446],[54.41025,24.485463],[54.41025,24.485436],[54.410362,24.485422],[54.410393,24.485402],[54.410774,24.485354],[54.410882,24.485296],[54.410832,24.485218],[54.410632,24.485243],[54.410978,24.485104],[54.410804,24.484786],[54.409967,24.484891],[54.409086,24.485318],[54.408836,24.485349],[54.408762,24.485435],[54.408586,24.485505],[54.408499,24.485588],[54.408463,24.485682],[54.408461,24.485868],[54.40848,24.485961],[54.40856,24.48609],[54.408647,24.486165],[54.408787,24.486176],[54.409283,24.486113],[54.409667,24.486773],[54.410504,24.486668],[54.410863,24.4865]]]}},{"type":"Feature","properties":{},"geometry":{"type":"Polygon","coordinates":[[[54.407651,24.485895],[54.407265,24.485943],[54.40717,24.486046],[54.407219,24.486083],[54.407605,24.486034],[54.4077,24.485931],[54.407651,24.485895]]]}},{"type":"Feature","properties":{},"geometry":{"type":"Polygon","coordinates":[[[54.40849,24.488659],[54.408494,24.488699],[54.408206,24.488735],[54.408251,24.48917],[54.408719,24.48913],[54.409397,24.489045],[54.409387,24.489094],[54.409242,24.489113],[54.409215,24.489174],[54.409233,24.489198],[54.408916,24.489238],[54.408928,24.489346],[54.409334,24.489308],[54.409353,24.489483],[54.40933,24.489496],[54.40936,24.489544],[54.409368,24.489616],[54.408324,24.489747],[54.408394,24.490332],[54.408953,24.490277],[54.410885,24.490035],[54.410872,24.489923],[54.412803,24.48968],[54.412956,24.4896],[54.412923,24.48955],[54.413136,24.489455],[54.413179,24.489358],[54.413261,24.489348],[54.413305,24.489173],[54.412676,24.488963],[54.413489,24.488848],[54.413445,24.488556],[54.412861,24.488626],[54.412817,24.488588],[54.412627,24.488612],[54.412595,24.488585],[54.412673,24.488545],[54.412558,24.488398],[54.41264,24.488142],[54.412969,24.488101],[54.413104,24.487954],[54.412805,24.48779],[54.413524,24.4877],[54.413521,24.487621],[54.413488,24.487622],[54.413484,24.487532],[54.413516,24.487528],[54.413513,24.487454],[54.413245,24.487464],[54.411957,24.487626],[54.411962,24.487733],[54.410225,24.487951],[54.410088,24.487983],[54.409936,24.488025],[54.40965,24.488199],[54.409482,24.488373],[54.409624,24.488473],[54.408619,24.488599],[54.408623,24.488642],[54.40849,24.488659]]]}},{"type":"Feature","properties":{},"geometry":{"type":"Polygon","coordinates":[[[54.406634,24.490319],[54.406575,24.490341],[54.406603,24.490421],[54.406989,24.490373],[54.407054,24.490352],[54.407021,24.490271],[54.406634,24.490319]]]}},{"type":"Feature","properties":{},"geometry":{"type":"Polygon","coordinates":[[[54.408622,24.491345],[54.408621,24.491372],[54.408833,24.491377],[54.409219,24.491329],[54.409221,24.491269],[54.409268,24.491263],[54.40927,24.491193],[54.409411,24.491195],[54.410699,24.491033],[54.410706,24.490766],[54.4106,24.490766],[54.409312,24.490927],[54.409311,24.490956],[54.409128,24.490979],[54.409125,24.491152],[54.409037,24.491149],[54.408651,24.491198],[54.40865,24.491219],[54.408572,24.491229],[54.40856,24.491343],[54.408622,24.491345]]]}},{"type":"Feature","properties":{},"geometry":{"type":"Polygon","coordinates":[[[54.41186,24.492132],[54.411888,24.491766],[54.412185,24.491729],[54.412186,24.491699],[54.412108,24.491697],[54.411892,24.491724],[54.411923,24.491323],[54.412442,24.491258],[54.412442,24.491273],[54.412487,24.491274],[54.412874,24.491226],[54.412874,24.491204],[54.413395,24.491138],[54.413397,24.490975],[54.413113,24.490971],[54.413115,24.490851],[54.413411,24.490814],[54.413413,24.490645],[54.412924,24.490639],[54.411224,24.490853],[54.411224,24.490795],[54.410768,24.490844],[54.410768,24.490937],[54.410804,24.490937],[54.41076,24.490942],[54.410762,24.490999],[54.41099,24.490979],[54.410986,24.491247],[54.410552,24.491301],[54.410457,24.491298],[54.409169,24.49146],[54.409156,24.491784],[54.409475,24.491795],[54.409432,24.492342],[54.409928,24.492374],[54.41186,24.492132]]]}},{"type":"Feature","properties":{},"geometry":{"type":"Polygon","coordinates":[[[54.40786,24.498881],[54.407871,24.499235],[54.407794,24.499601],[54.407683,24.499615],[54.407616,24.499662],[54.407417,24.500282],[54.407368,24.500496],[54.407409,24.500624],[54.407501,24.500691],[54.407681,24.500721],[54.407814,24.500719],[54.409746,24.500476],[54.409871,24.500412],[54.409926,24.500296],[54.409975,24.49974],[54.410012,24.49951],[54.409978,24.499439],[54.4099,24.49938],[54.409787,24.499363],[54.409315,24.49941],[54.409364,24.499233],[54.411943,24.498902],[54.412125,24.498673],[54.412019,24.498054],[54.412041,24.498045],[54.41181,24.4975],[54.411496,24.497386],[54.409564,24.497628],[54.409471,24.497665],[54.409486,24.497703],[54.409053,24.497758],[54.408866,24.497803],[54.408731,24.497918],[54.407169,24.498114],[54.406994,24.498181],[54.406996,24.498641],[54.408687,24.498429],[54.408684,24.498621],[54.408466,24.498648],[54.40845,24.498708],[54.40848,24.498803],[54.40786,24.498881]]]}},{"type":"Feature","properties":{},"geometry":{"type":"Polygon","coordinates":[[[54.407666,24.501003],[54.407638,24.501061],[54.407677,24.501093],[54.408063,24.501044],[54.408114,24.500971],[54.408147,24.500887],[54.408085,24.500876],[54.407698,24.500924],[54.407668,24.500956],[54.407666,24.501003]]]}},{"type":"Feature","properties":{},"geometry":{"type":"Polygon","coordinates":[[[54.409605,24.501431],[54.408723,24.501471],[54.406791,24.501714],[54.406762,24.501899],[54.406093,24.501983],[54.405764,24.502645],[54.406182,24.502819],[54.408114,24.502577],[54.408287,24.502123],[54.410433,24.501853],[54.410432,24.501808],[54.410568,24.501791],[54.410573,24.501566],[54.410542,24.501564],[54.410544,24.501523],[54.410437,24.50152],[54.409606,24.501625],[54.409605,24.501431]]]}},{"type":"Feature","properties":{},"geometry":{"type":"Polygon","coordinates":[[[54.411206,24.502883],[54.411262,24.502995],[54.411649,24.502947],[54.411733,24.502911],[54.41169,24.502825],[54.411728,24.502821],[54.411908,24.502941],[54.411978,24.503013],[54.412047,24.503094],[54.412132,24.50324],[54.413098,24.503119],[54.41317,24.503099],[54.41329,24.502809],[54.413379,24.502328],[54.412899,24.502033],[54.412741,24.501881],[54.412655,24.501769],[54.412574,24.501625],[54.412526,24.501486],[54.411982,24.501472],[54.411016,24.501594],[54.411052,24.501794],[54.411099,24.501928],[54.411171,24.502111],[54.411284,24.502307],[54.41115,24.502323],[54.411149,24.502248],[54.410947,24.502245],[54.409015,24.502487],[54.408981,24.503081],[54.409424,24.503107],[54.411206,24.502883]],[[54.411425,24.502789],[54.411355,24.502798],[54.411354,24.502702],[54.411275,24.502688],[54.411351,24.502679],[54.411425,24.502789]],[[54.411152,24.502464],[54.411269,24.502559],[54.411154,24.502573],[54.411152,24.502464]]]}},{"type":"Feature","properties":{},"geometry":{"type":"Polygon","coordinates":[[[54.40692,24.502966],[54.406853,24.502974],[54.406729,24.503125],[54.406792,24.503161],[54.407179,24.503113],[54.407308,24.502997],[54.407335,24.502994],[54.407403,24.502885],[54.407345,24.502871],[54.406958,24.502919],[54.40692,24.502966]]]}},{"type":"Feature","properties":{},"geometry":{"type":"Polygon","coordinates":[[[54.406557,24.503393],[54.406493,24.503412],[54.406531,24.503533],[54.406997,24.503468],[54.406943,24.503344],[54.406557,24.503393]]]}},{"type":"Feature","properties":{},"geometry":{"type":"Polygon","coordinates":[[[54.407036,24.503648],[54.40665,24.503697],[54.406599,24.503854],[54.406687,24.503877],[54.407074,24.503829],[54.407134,24.50368],[54.407036,24.503648]]]}},{"type":"Feature","properties":{},"geometry":{"type":"Polygon","coordinates":[[[54.40972,24.503497],[54.406661,24.503881],[54.406517,24.503989],[54.40685,24.504356],[54.409909,24.503972],[54.410053,24.503863],[54.40972,24.503497]]]}},{"type":"Feature","properties":{},"geometry":{"type":"Polygon","coordinates":[[[54.409349,24.504692],[54.40961,24.504393],[54.409554,24.504345],[54.410673,24.504204],[54.410705,24.504046],[54.410233,24.503968],[54.404751,24.504659],[54.404546,24.50492],[54.404841,24.505258],[54.409349,24.504692]]]}},{"type":"Feature","properties":{},"geometry":{"type":"Polygon","coordinates":[[[54.410732,24.506708],[54.410747,24.506615],[54.410678,24.506576],[54.410546,24.50654],[54.409083,24.506722],[54.40901,24.506773],[54.40901,24.506823],[54.409047,24.506891],[54.409095,24.506901],[54.409214,24.506964],[54.4093,24.50697],[54.410773,24.506792],[54.410797,24.506728],[54.410732,24.506708]]]}},{"type":"Feature","properties":{},"geometry":{"type":"Polygon","coordinates":[[[54.407019,24.507514],[54.40712,24.507428],[54.407102,24.50741],[54.407177,24.507347],[54.407231,24.50734],[54.407333,24.507251],[54.406919,24.506861],[54.406609,24.5069],[54.406513,24.506988],[54.406545,24.507021],[54.406439,24.507113],[54.406473,24.50715],[54.406367,24.507235],[54.406501,24.507359],[54.406258,24.50739],[54.406215,24.507418],[54.406334,24.507569],[54.406681,24.507526],[54.40671,24.507553],[54.407019,24.507514]]]}},{"type":"Feature","properties":{},"geometry":{"type":"Polygon","coordinates":[[[54.408549,24.508068],[54.408537,24.5081],[54.408566,24.508142],[54.408638,24.508181],[54.41011,24.507998],[54.410332,24.507855],[54.410313,24.507789],[54.410244,24.507798],[54.410204,24.507719],[54.409706,24.507773],[54.409692,24.507556],[54.409634,24.507498],[54.410823,24.507348],[54.410904,24.507326],[54.410922,24.507285],[54.41101,24.507189],[54.411043,24.506943],[54.410977,24.506911],[54.409689,24.507073],[54.409683,24.507084],[54.409559,24.507099],[54.409505,24.507155],[54.409444,24.507268],[54.409441,24.50735],[54.408193,24.507506],[54.407999,24.507674],[54.40836,24.508036],[54.408462,24.508023],[54.408465,24.508075],[54.408549,24.508068]]]}},{"type":"Feature","properties":{},"geometry":{"type":"Polygon","coordinates":[[[54.407167,24.507749],[54.40678,24.507797],[54.406751,24.50783],[54.406785,24.507856],[54.407171,24.507807],[54.407201,24.507774],[54.407167,24.507749]]]}},{"type":"Feature","properties":{},"geometry":{"type":"Polygon","coordinates":[[[54.409278,24.508116],[54.408891,24.508164],[54.408802,24.508239],[54.408845,24.508281],[54.409231,24.508233],[54.40932,24.508159],[54.409278,24.508116]]]}},{"type":"Feature","properties":{},"geometry":{"type":"Polygon","coordinates":[[[54.409158,24.508646],[54.409334,24.508542],[54.409273,24.508456],[54.409204,24.508465],[54.409158,24.5084],[54.407869,24.508562],[54.407726,24.508646],[54.407772,24.508712],[54.407699,24.50877],[54.407717,24.508796],[54.407681,24.508817],[54.407712,24.50886],[54.407756,24.508854],[54.407769,24.508872],[54.409057,24.508711],[54.409117,24.508675],[54.409102,24.508653],[54.409158,24.508646]]]}},{"type":"Feature","properties":{},"geometry":{"type":"Polygon","coordinates":[[[54.40755,24.50889],[54.407615,24.508841],[54.407587,24.508811],[54.407201,24.50886],[54.407136,24.50891],[54.407163,24.508939],[54.40755,24.50889]]]}},{"type":"Feature","properties":{},"geometry":{"type":"Polygon","coordinates":[[[54.410005,24.509826],[54.408717,24.509987],[54.408374,24.5103],[54.408559,24.510468],[54.409847,24.510306],[54.41019,24.509994],[54.410005,24.509826]]]}},{"type":"Feature","properties":{},"geometry":{"type":"Polygon","coordinates":[[[54.411365,24.485661],[54.411468,24.48562],[54.411454,24.485589],[54.411067,24.485638],[54.410963,24.485678],[54.410978,24.485709],[54.411365,24.485661]]]}},{"type":"Feature","properties":{},"geometry":{"type":"Polygon","coordinates":[[[54.411046,24.485708],[54.410989,24.485727],[54.411027,24.485824],[54.411414,24.485776],[54.411471,24.485757],[54.411432,24.48566],[54.411046,24.485708]]]}},{"type":"Feature","properties":{},"geometry":{"type":"Polygon","coordinates":[[[54.411896,24.487614],[54.412112,24.487604],[54.4134,24.487443],[54.413388,24.487195],[54.411995,24.487361],[54.411996,24.487373],[54.411819,24.487395],[54.411896,24.487614]]]}},{"type":"Feature","properties":{},"geometry":{"type":"Polygon","coordinates":[[[54.413899,24.487977],[54.413899,24.488375],[54.414082,24.488375],[54.414451,24.488328],[54.41445,24.488375],[54.414582,24.488379],[54.414968,24.48833],[54.414971,24.488263],[54.41537,24.488213],[54.41537,24.488016],[54.415619,24.487985],[54.415846,24.487981],[54.415621,24.488009],[54.415623,24.488065],[54.415859,24.488059],[54.416056,24.488034],[54.416056,24.488059],[54.415949,24.488073],[54.415962,24.488311],[54.415849,24.488325],[54.415848,24.48839],[54.415759,24.488401],[54.415763,24.488437],[54.415847,24.488428],[54.415845,24.488537],[54.41614,24.488542],[54.416694,24.488479],[54.416696,24.488436],[54.416527,24.488449],[54.416528,24.488432],[54.416723,24.488408],[54.416725,24.488369],[54.416348,24.488411],[54.416349,24.488388],[54.416327,24.488388],[54.416526,24.488363],[54.416525,24.488346],[54.416749,24.488305],[54.416748,24.488248],[54.416503,24.488274],[54.41675,24.488241],[54.416746,24.488148],[54.416603,24.488148],[54.416669,24.488133],[54.416665,24.488042],[54.416594,24.488046],[54.416594,24.488029],[54.416666,24.48802],[54.416665,24.487971],[54.416443,24.487975],[54.416245,24.488],[54.416244,24.487954],[54.41603,24.48796],[54.416262,24.487931],[54.416254,24.487801],[54.415997,24.487814],[54.415748,24.487846],[54.416102,24.487798],[54.416103,24.487769],[54.415886,24.487779],[54.415887,24.487747],[54.415855,24.487746],[54.415614,24.487771],[54.415312,24.487771],[54.415674,24.487726],[54.415671,24.487682],[54.415226,24.487734],[54.415229,24.487771],[54.415123,24.487771],[54.413835,24.487933],[54.413835,24.487977],[54.413899,24.487977]]]}},{"type":"Feature","properties":{},"geometry":{"type":"Polygon","coordinates":[[[54.413133,24.487942],[54.413135,24.488003],[54.41359,24.487952],[54.413587,24.48789],[54.413133,24.487942]]]}},{"type":"Feature","properties":{},"geometry":{"type":"Polygon","coordinates":[[[54.414466,24.488407],[54.414469,24.488526],[54.414593,24.488523],[54.414979,24.488475],[54.414978,24.488445],[54.415216,24.488423],[54.415216,24.488435],[54.41531,24.488434],[54.415696,24.488385],[54.415695,24.488336],[54.415435,24.488359],[54.415435,24.488347],[54.415714,24.488311],[54.41571,24.4882],[54.415261,24.48825],[54.415264,24.488321],[54.414976,24.488357],[54.414852,24.488358],[54.414466,24.488407]]]}},{"type":"Feature","properties":{},"geometry":{"type":"Polygon","coordinates":[[[54.415432,24.488438],[54.415412,24.488438],[54.415026,24.488486],[54.415025,24.488533],[54.415431,24.488484],[54.415432,24.488438]]]}},{"type":"Feature","properties":{},"geometry":{"type":"Polygon","coordinates":[[[54.415076,24.488693],[54.415078,24.488741],[54.415545,24.48869],[54.415543,24.488642],[54.415076,24.488693]]]}},{"type":"Feature","properties":{},"geometry":{"type":"Polygon","coordinates":[[[54.415233,24.4889],[54.415237,24.489101],[54.415619,24.489059],[54.41562,24.48909],[54.415679,24.489088],[54.416065,24.48904],[54.416064,24.489012],[54.416257,24.488988],[54.416252,24.488881],[54.41606,24.488902],[54.416058,24.48884],[54.415679,24.488881],[54.415679,24.488851],[54.415233,24.4889]]]}},{"type":"Feature","properties":{},"geometry":{"type":"Polygon","coordinates":[[[54.415876,24.489139],[54.415873,24.489095],[54.415333,24.489154],[54.415335,24.489195],[54.415876,24.489139]]]}},{"type":"Feature","properties":{},"geometry":{"type":"Polygon","coordinates":[[[54.415398,24.489218],[54.415395,24.489298],[54.415833,24.489251],[54.415835,24.489171],[54.415398,24.489218]]]}},{"type":"Feature","properties":{},"geometry":{"type":"Polygon","coordinates":[[[54.415416,24.489523],[54.414128,24.489685],[54.414133,24.489839],[54.415004,24.489817],[54.416292,24.489655],[54.41629,24.489586],[54.416269,24.489586],[54.416267,24.489502],[54.415416,24.489523]]]}},{"type":"Feature","properties":{},"geometry":{"type":"Polygon","coordinates":[[[54.412042,24.489997],[54.412046,24.49006],[54.412502,24.490007],[54.412498,24.489945],[54.412042,24.489997]]]}},{"type":"Feature","properties":{},"geometry":{"type":"Polygon","coordinates":[[[54.411052,24.490661],[54.410665,24.490709],[54.410665,24.490762],[54.410761,24.490763],[54.411147,24.490714],[54.411148,24.490662],[54.411052,24.490661]]]}},{"type":"Feature","properties":{},"geometry":{"type":"Polygon","coordinates":[[[54.411581,24.492292],[54.411195,24.492341],[54.411192,24.492429],[54.411319,24.492432],[54.411706,24.492383],[54.411709,24.492296],[54.411581,24.492292]]]}},{"type":"Feature","properties":{},"geometry":{"type":"Polygon","coordinates":[[[54.411973,24.492459],[54.411586,24.492508],[54.411585,24.492605],[54.411768,24.492607],[54.412154,24.492558],[54.412155,24.492461],[54.411973,24.492459]]]}},{"type":"Feature","properties":{},"geometry":{"type":"Polygon","coordinates":[[[54.41501,24.49686],[54.414624,24.496908],[54.414513,24.497066],[54.414605,24.49712],[54.414992,24.497071],[54.415103,24.496914],[54.41501,24.49686]]]}},{"type":"Feature","properties":{},"geometry":{"type":"Polygon","coordinates":[[[54.415114,24.502466],[54.41511,24.502525],[54.415522,24.502478],[54.415526,24.502419],[54.415114,24.502466]]]}},{"type":"Feature","properties":{},"geometry":{"type":"Polygon","coordinates":[[[54.415004,24.502656],[54.415005,24.502689],[54.41505,24.502687],[54.415008,24.502692],[54.415008,24.50273],[54.415466,24.502682],[54.415466,24.502644],[54.415414,24.502644],[54.415469,24.502637],[54.415468,24.502603],[54.415004,24.502656]]]}},{"type":"Feature","properties":{},"geometry":{"type":"Polygon","coordinates":[[[54.415052,24.502899],[54.415061,24.502949],[54.415811,24.502861],[54.415815,24.502783],[54.415565,24.502779],[54.41546,24.502793],[54.415458,24.502778],[54.41501,24.502833],[54.415016,24.502887],[54.415301,24.502853],[54.415301,24.502867],[54.415052,24.502899]]]}},{"type":"Feature","properties":{},"geometry":{"type":"Polygon","coordinates":[[[54.415635,24.503418],[54.415248,24.503467],[54.415246,24.503522],[54.41534,24.503525],[54.415726,24.503477],[54.415728,24.503421],[54.415635,24.503418]]]}},{"type":"Feature","properties":{},"geometry":{"type":"Polygon","coordinates":[[[54.415423,24.503607],[54.415426,24.50369],[54.415855,24.50364],[54.415852,24.503558],[54.415423,24.503607]]]}},{"type":"Feature","properties":{},"geometry":{"type":"Polygon","coordinates":[[[54.415365,24.504022],[54.415424,24.504009],[54.415415,24.503972],[54.415028,24.504021],[54.414969,24.504033],[54.414978,24.50407],[54.415365,24.504022]]]}},{"type":"Feature","properties":{},"geometry":{"type":"Polygon","coordinates":[[[54.414331,24.504524],[54.414411,24.504457],[54.41444,24.504453],[54.414491,24.504496],[54.415811,24.504331],[54.415988,24.504182],[54.415792,24.50402],[54.41543,24.504059],[54.415408,24.504032],[54.415325,24.504042],[54.415311,24.504031],[54.414917,24.504081],[54.414826,24.504005],[54.412539,24.504293],[54.412387,24.504455],[54.411414,24.504578],[54.411255,24.504735],[54.411432,24.504888],[54.414331,24.504524]]]}},{"type":"Feature","properties":{},"geometry":{"type":"Polygon","coordinates":[[[54.415441,24.504421],[54.415054,24.50447],[54.41501,24.504506],[54.415059,24.504557],[54.415445,24.504508],[54.41549,24.504472],[54.415441,24.504421]]]}},{"type":"Feature","properties":{},"geometry":{"type":"Polygon","coordinates":[[[54.414927,24.505204],[54.415313,24.505155],[54.415377,24.50511],[54.415342,24.505069],[54.415328,24.505071],[54.41537,24.505035],[54.415408,24.505075],[54.415794,24.505027],[54.415841,24.50499],[54.415784,24.50493],[54.415415,24.504976],[54.415266,24.504854],[54.415629,24.504809],[54.415806,24.50466],[54.41561,24.504498],[54.414032,24.504697],[54.413972,24.504756],[54.412611,24.504927],[54.412452,24.505084],[54.412629,24.505237],[54.41333,24.505149],[54.41327,24.505209],[54.413447,24.505362],[54.414906,24.505179],[54.414927,24.505204]]]}},{"type":"Feature","properties":{},"geometry":{"type":"Polygon","coordinates":[[[54.410813,24.508596],[54.410426,24.508645],[54.410422,24.508745],[54.410711,24.508754],[54.411097,24.508706],[54.4111,24.508608],[54.410813,24.508596]]]}},{"type":"Feature","properties":{},"geometry":{"type":"Polygon","coordinates":[[[54.410029,24.509142],[54.410018,24.509498],[54.410188,24.509502],[54.411172,24.509378],[54.411171,24.509439],[54.410723,24.509449],[54.410337,24.509498],[54.41034,24.509592],[54.411061,24.509572],[54.411673,24.509482],[54.411678,24.509265],[54.411479,24.509273],[54.411481,24.509193],[54.411694,24.509167],[54.411703,24.508958],[54.41158,24.508954],[54.410029,24.509142]]]}},{"type":"Feature","properties":{},"geometry":{"type":"Polygon","coordinates":[[[54.410968,24.50969],[54.41087,24.50973],[54.410947,24.509886],[54.411333,24.509838],[54.411432,24.509798],[54.411355,24.509641],[54.410968,24.50969]]]}},{"type":"Feature","properties":{},"geometry":{"type":"Polygon","coordinates":[[[54.418939,24.480052],[54.418873,24.480042],[54.418487,24.480091],[54.418481,24.480127],[54.418557,24.480135],[54.418556,24.48018],[54.418593,24.48018],[54.41898,24.480132],[54.418981,24.480071],[54.418944,24.48007],[54.418939,24.480052]]]}},{"type":"Feature","properties":{},"geometry":{"type":"Polygon","coordinates":[[[54.42066,24.480236],[54.420569,24.480232],[54.420183,24.480281],[54.420176,24.480413],[54.420515,24.480437],[54.420901,24.480388],[54.420903,24.480342],[54.420695,24.480334],[54.420696,24.480302],[54.420657,24.480301],[54.42066,24.480236]]]}},{"type":"Feature","properties":{},"geometry":{"type":"Polygon","coordinates":[[[54.419987,24.480883],[54.419993,24.480828],[54.419929,24.480822],[54.419543,24.480871],[54.419537,24.480925],[54.419601,24.480931],[54.419987,24.480883]]]}},{"type":"Feature","properties":{},"geometry":{"type":"Polygon","coordinates":[[[54.418907,24.481996],[54.418902,24.482031],[54.418827,24.482036],[54.418837,24.481991],[54.418801,24.481985],[54.418414,24.482033],[54.418401,24.482096],[54.418108,24.482133],[54.418092,24.48226],[54.417967,24.482276],[54.41794,24.48247],[54.418099,24.482489],[54.418047,24.482495],[54.418042,24.482541],[54.417924,24.482556],[54.417904,24.482741],[54.418008,24.48275],[54.417995,24.482869],[54.418177,24.482885],[54.41798,24.482909],[54.417974,24.483031],[54.418299,24.483044],[54.418473,24.483022],[54.418471,24.483043],[54.418803,24.483073],[54.419189,24.483025],[54.419191,24.483007],[54.419301,24.482993],[54.419295,24.483033],[54.419416,24.483047],[54.419286,24.483063],[54.419282,24.483102],[54.418806,24.483162],[54.418788,24.483324],[54.419126,24.483355],[54.420128,24.483229],[54.420121,24.4833],[54.42044,24.483326],[54.420826,24.483278],[54.420839,24.483149],[54.420728,24.48314],[54.420835,24.483127],[54.420852,24.483007],[54.420544,24.48297],[54.420213,24.483011],[54.420094,24.483],[54.420004,24.483011],[54.420007,24.482992],[54.420354,24.482948],[54.420363,24.482925],[54.420485,24.482939],[54.420871,24.48289],[54.420888,24.482769],[54.42072,24.482749],[54.420895,24.482727],[54.420916,24.482582],[54.420683,24.482557],[54.420926,24.482526],[54.420945,24.482404],[54.42078,24.482383],[54.420954,24.482361],[54.420967,24.48224],[54.420657,24.482212],[54.420429,24.48224],[54.42009,24.48221],[54.420207,24.482195],[54.420216,24.482138],[54.420293,24.482128],[54.420291,24.482142],[54.4206,24.482184],[54.420987,24.482135],[54.421007,24.482012],[54.420828,24.481988],[54.421032,24.481962],[54.42104,24.48183],[54.420715,24.481813],[54.420615,24.481826],[54.420621,24.481788],[54.420283,24.481748],[54.4202,24.481758],[54.420202,24.48172],[54.42007,24.481706],[54.419737,24.481748],[54.419748,24.48167],[54.419421,24.481631],[54.41932,24.481644],[54.419322,24.48163],[54.418982,24.481589],[54.418893,24.4816],[54.418898,24.481561],[54.418579,24.481524],[54.418192,24.481573],[54.418174,24.481707],[54.418298,24.481722],[54.418157,24.481739],[54.418163,24.48188],[54.418432,24.481862],[54.418427,24.481898],[54.418469,24.481904],[54.418855,24.481855],[54.41886,24.481826],[54.419027,24.481818],[54.419342,24.481855],[54.419678,24.481813],[54.419708,24.48182],[54.418995,24.481909],[54.418984,24.481986],[54.418907,24.481996]],[[54.420453,24.482001],[54.420032,24.482039],[54.420155,24.482024],[54.420157,24.482006],[54.420321,24.481994],[54.420453,24.482001]],[[54.419406,24.482812],[54.419362,24.482807],[54.419407,24.482802],[54.419406,24.482812]],[[54.420183,24.482845],[54.420106,24.482854],[54.420111,24.482818],[54.420187,24.482812],[54.420183,24.482845]]]}},{"type":"Feature","properties":{},"geometry":{"type":"Polygon","coordinates":[[[54.418143,24.481949],[54.418144,24.481971],[54.418575,24.48192],[54.418573,24.481898],[54.418143,24.481949]]]}},{"type":"Feature","properties":{},"geometry":{"type":"Polygon","coordinates":[[[54.416852,24.487773],[54.416852,24.487818],[54.417325,24.487769],[54.417324,24.487723],[54.416852,24.487773]]]}},{"type":"Feature","properties":{},"geometry":{"type":"Polygon","coordinates":[[[54.41933,24.489268],[54.418601,24.489353],[54.418607,24.489478],[54.419083,24.489425],[54.419079,24.489348],[54.419205,24.489343],[54.419205,24.489368],[54.419309,24.489367],[54.419695,24.489319],[54.419694,24.489265],[54.41954,24.489273],[54.41954,24.489259],[54.41933,24.489268]]]}},{"type":"Feature","properties":{},"geometry":{"type":"Polygon","coordinates":[[[54.419557,24.489378],[54.41917,24.489427],[54.419167,24.489529],[54.419272,24.489532],[54.419658,24.489483],[54.419661,24.489381],[54.419557,24.489378]]]}},{"type":"Feature","properties":{},"geometry":{"type":"Polygon","coordinates":[[[54.41877,24.489588],[54.41878,24.489661],[54.419193,24.489609],[54.419183,24.489537],[54.41877,24.489588]]]}},{"type":"Feature","properties":{},"geometry":{"type":"Polygon","coordinates":[[[54.419563,24.489776],[54.419176,24.489825],[54.419178,24.48987],[54.419298,24.489867],[54.419685,24.489819],[54.419684,24.489774],[54.419563,24.489776]]]}},{"type":"Feature","properties":{},"geometry":{"type":"Polygon","coordinates":[[[54.418854,24.490359],[54.418929,24.490357],[54.41919,24.490334],[54.419192,24.490346],[54.419276,24.490341],[54.419662,24.490293],[54.419659,24.490172],[54.419433,24.490196],[54.419432,24.490181],[54.419381,24.490183],[54.418995,24.490232],[54.418998,24.490307],[54.418852,24.490325],[54.418854,24.490359]]]}},{"type":"Feature","properties":{},"geometry":{"type":"Polygon","coordinates":[[[54.415771,24.502111],[54.415966,24.502251],[54.417254,24.502089],[54.41747,24.501885],[54.41724,24.501685],[54.415952,24.501847],[54.415875,24.501919],[54.415931,24.50198],[54.415893,24.502063],[54.415771,24.502111]]]}},{"type":"Feature","properties":{},"geometry":{"type":"Polygon","coordinates":[[[54.417577,24.502387],[54.417619,24.50236],[54.41759,24.502323],[54.417203,24.502371],[54.417161,24.502399],[54.417191,24.502436],[54.417577,24.502387]]]}},{"type":"Feature","properties":{},"geometry":{"type":"Polygon","coordinates":[[[54.417804,24.502463],[54.417502,24.502501],[54.417504,24.502442],[54.417034,24.50249],[54.417034,24.502605],[54.417114,24.502611],[54.4175,24.502562],[54.417501,24.502547],[54.417521,24.502563],[54.418218,24.502471],[54.41842,24.502393],[54.418376,24.5023],[54.41799,24.502349],[54.417788,24.502427],[54.417804,24.502463]]]}},{"type":"Feature","properties":{},"geometry":{"type":"Polygon","coordinates":[[[54.416506,24.502678],[54.416506,24.502703],[54.416996,24.502652],[54.416995,24.502628],[54.416506,24.502678]]]}},{"type":"Feature","properties":{},"geometry":{"type":"Polygon","coordinates":[[[54.417054,24.502721],[54.417054,24.502707],[54.416945,24.502702],[54.416558,24.502751],[54.416555,24.502811],[54.416672,24.502814],[54.416674,24.502842],[54.416916,24.502834],[54.417408,24.502771],[54.417402,24.50271],[54.417054,24.502721]]]}},{"type":"Feature","properties":{},"geometry":{"type":"Polygon","coordinates":[[[54.417372,24.503102],[54.417374,24.50306],[54.417267,24.503056],[54.41688,24.503104],[54.416879,24.503147],[54.416986,24.503151],[54.417372,24.503102]]]}},{"type":"Feature","properties":{},"geometry":{"type":"Polygon","coordinates":[[[54.417078,24.503185],[54.417075,24.503275],[54.417218,24.503278],[54.417605,24.503229],[54.417604,24.503168],[54.417525,24.503173],[54.417526,24.503139],[54.417078,24.503185]]]}},{"type":"Feature","properties":{},"geometry":{"type":"Polygon","coordinates":[[[54.417277,24.503617],[54.41727,24.503834],[54.41769,24.503787],[54.417698,24.50357],[54.417277,24.503617]]]}}]}