{"type":"FeatureCollection","features":[{"type":"Feature","properties":{},"geometry":{"type":"Polygon","coordinates":[[[54.378693,24.479808],[54.378523,24.479963],[54.378605,24.48006],[54.378743,24.480186],[54.378913,24.480031],[54.378831,24.479933],[54.378693,24.479808]]]}},{"type":"Feature","properties":{},"geometry":{"type":"Polygon","coordinates":[[[54.378309,24.480157],[54.378391,24.480254],[54.378532,24.480383],[54.378717,24.480215],[54.378635,24.480118],[54.378493,24.479989],[54.378309,24.480157]]]}},{"type":"Feature","properties":{},"geometry":{"type":"Polygon","coordinates":[[[54.37822,24.480473],[54.37808,24.48035],[54.377897,24.48052],[54.377979,24.480618],[54.378119,24.480742],[54.378302,24.480571],[54.37822,24.480473]]]}},{"type":"Feature","properties":{},"geometry":{"type":"Polygon","coordinates":[[[54.37789,24.48056],[54.377721,24.480713],[54.377923,24.480921],[54.378092,24.480768],[54.37789,24.48056]]]}},{"type":"Feature","properties":{},"geometry":{"type":"Polygon","coordinates":[[[54.378863,24.481163],[54.378907,24.481216],[54.379096,24.481345],[54.379187,24.481235],[54.379143,24.481182],[54.378954,24.481053],[54.378863,24.481163]]]}},{"type":"Feature","properties":{},"geometry":{"type":"Polygon","coordinates":[[[54.379183,24.481467],[54.37913,24.481532],[54.379091,24.481485],[54.378912,24.481357],[54.378948,24.481313],[54.378904,24.481261],[54.378821,24.481205],[54.378597,24.481479],[54.378641,24.481531],[54.378723,24.481587],[54.378788,24.481508],[54.37901,24.481678],[54.378958,24.481741],[54.379002,24.481793],[54.379085,24.481849],[54.37931,24.481575],[54.379266,24.481523],[54.379183,24.481467]]]}},{"type":"Feature","properties":{},"geometry":{"type":"Polygon","coordinates":[[[54.378724,24.482309],[54.378747,24.482325],[54.378876,24.482168],[54.378846,24.482132],[54.379057,24.481874],[54.379013,24.481822],[54.37893,24.481766],[54.378737,24.482002],[54.378508,24.481843],[54.378693,24.481617],[54.378649,24.481564],[54.378567,24.481508],[54.378342,24.481782],[54.378429,24.481864],[54.37834,24.481973],[54.378447,24.482101],[54.37834,24.482028],[54.378235,24.482156],[54.378279,24.482208],[54.378501,24.482359],[54.378569,24.482275],[54.378692,24.482359],[54.378724,24.482309]]]}},{"type":"Feature","properties":{},"geometry":{"type":"Polygon","coordinates":[[[54.37798,24.482348],[54.377608,24.482798],[54.377827,24.48306],[54.378099,24.483246],[54.378471,24.482795],[54.378251,24.482533],[54.37798,24.482348]]]}},{"type":"Feature","properties":{},"geometry":{"type":"Polygon","coordinates":[[[54.378562,24.483217],[54.378606,24.48327],[54.378882,24.483465],[54.378974,24.483357],[54.37893,24.483304],[54.378654,24.483109],[54.378562,24.483217]]]}},{"type":"Feature","properties":{},"geometry":{"type":"Polygon","coordinates":[[[54.379067,24.483488],[54.379038,24.483604],[54.379082,24.483656],[54.379195,24.483679],[54.379224,24.483563],[54.37918,24.483511],[54.379067,24.483488]]]}},{"type":"Feature","properties":{},"geometry":{"type":"Polygon","coordinates":[[[54.379284,24.483697],[54.379393,24.483805],[54.37948,24.483722],[54.379371,24.483614],[54.379284,24.483697]]]}},{"type":"Feature","properties":{},"geometry":{"type":"Polygon","coordinates":[[[54.378109,24.483859],[54.378329,24.484121],[54.378643,24.484332],[54.378706,24.484247],[54.37889,24.484462],[54.378942,24.484486],[54.378986,24.484488],[54.379018,24.48446],[54.379082,24.484508],[54.379265,24.484292],[54.37929,24.484309],[54.379361,24.484223],[54.379343,24.484201],[54.379366,24.484173],[54.379353,24.484154],[54.379398,24.484184],[54.379509,24.484049],[54.379465,24.483997],[54.379377,24.483937],[54.379294,24.484038],[54.379088,24.483792],[54.379023,24.48375],[54.378936,24.483735],[54.378904,24.483748],[54.378871,24.483726],[54.378846,24.483753],[54.378765,24.483677],[54.378708,24.483743],[54.378629,24.48365],[54.37834,24.48345],[54.378295,24.483509],[54.378225,24.48347],[54.378086,24.483642],[54.378109,24.483859]],[[54.378559,24.483868],[54.378676,24.483947],[54.378585,24.484049],[54.37861,24.484081],[54.378487,24.483945],[54.378559,24.483868]]]}},{"type":"Feature","properties":{},"geometry":{"type":"Polygon","coordinates":[[[54.379252,24.483725],[54.379192,24.483834],[54.379236,24.483886],[54.379275,24.483904],[54.379336,24.483795],[54.379292,24.483743],[54.379252,24.483725]]]}},{"type":"Feature","properties":{},"geometry":{"type":"Polygon","coordinates":[[[54.379121,24.485187],[54.379329,24.485339],[54.379378,24.485398],[54.379553,24.48552],[54.379571,24.485499],[54.379632,24.485572],[54.380018,24.485865],[54.380028,24.485853],[54.380184,24.485969],[54.380206,24.485946],[54.380262,24.486013],[54.380808,24.486392],[54.380924,24.486261],[54.380877,24.486206],[54.380689,24.486067],[54.380683,24.486074],[54.380496,24.485937],[54.380474,24.485962],[54.380255,24.485783],[54.379655,24.48535],[54.379634,24.485374],[54.379585,24.485315],[54.379422,24.485201],[54.379186,24.485003],[54.378995,24.484865],[54.378982,24.48488],[54.378957,24.484851],[54.378765,24.484731],[54.378333,24.484405],[54.37815,24.484275],[54.378141,24.484285],[54.377927,24.484123],[54.377814,24.484257],[54.377861,24.484313],[54.378059,24.48444],[54.379121,24.485187]]]}},{"type":"Feature","properties":{},"geometry":{"type":"Polygon","coordinates":[[[54.379455,24.484439],[54.379375,24.484536],[54.379419,24.484588],[54.37953,24.484664],[54.37961,24.484567],[54.379566,24.484514],[54.379455,24.484439]]]}},{"type":"Feature","properties":{},"geometry":{"type":"Polygon","coordinates":[[[54.379112,24.484557],[54.379156,24.484609],[54.379437,24.484803],[54.379513,24.48471],[54.379469,24.484658],[54.379188,24.484464],[54.379112,24.484557]]]}},{"type":"Feature","properties":{},"geometry":{"type":"Polygon","coordinates":[[[54.379314,24.486296],[54.37927,24.486243],[54.379211,24.486209],[54.379184,24.486248],[54.379228,24.4863],[54.379288,24.486334],[54.379314,24.486296]]]}},{"type":"Feature","properties":{},"geometry":{"type":"Polygon","coordinates":[[[54.378835,24.48614],[54.378537,24.485947],[54.377906,24.486755],[54.378126,24.487016],[54.3784,24.487194],[54.378756,24.48674],[54.378819,24.486781],[54.37904,24.486499],[54.379008,24.486461],[54.379055,24.486401],[54.378835,24.48614]]]}},{"type":"Feature","properties":{},"geometry":{"type":"Polygon","coordinates":[[[54.377511,24.488312],[54.37757,24.488382],[54.377301,24.488195],[54.377244,24.488263],[54.377391,24.488437],[54.37819,24.488994],[54.37822,24.488958],[54.378362,24.489059],[54.37841,24.489003],[54.378366,24.48895],[54.378164,24.488808],[54.378156,24.488818],[54.3781,24.488752],[54.377984,24.488671],[54.378887,24.487641],[54.3793,24.487941],[54.379424,24.487801],[54.3794,24.487772],[54.379566,24.487582],[54.379473,24.48747],[54.379086,24.48719],[54.379061,24.487219],[54.379005,24.487178],[54.379084,24.487087],[54.37899,24.486976],[54.378791,24.486831],[54.378406,24.487271],[54.378264,24.487168],[54.378217,24.487222],[54.378178,24.487176],[54.378058,24.487089],[54.378,24.487155],[54.377885,24.487071],[54.377786,24.487185],[54.377747,24.487157],[54.377805,24.487091],[54.377712,24.486979],[54.377627,24.486917],[54.377437,24.487134],[54.37753,24.487246],[54.377617,24.487309],[54.377685,24.48723],[54.377724,24.487258],[54.377662,24.487329],[54.377706,24.487381],[54.37767,24.487423],[54.377764,24.487534],[54.37788,24.487619],[54.377857,24.487645],[54.377979,24.487778],[54.377511,24.488312]],[[54.377828,24.488539],[54.377911,24.48862],[54.377815,24.488553],[54.377828,24.488539]]]}},{"type":"Feature","properties":{},"geometry":{"type":"Polygon","coordinates":[[[54.379116,24.487885],[54.37916,24.487938],[54.379261,24.488015],[54.379298,24.487974],[54.379254,24.487922],[54.379153,24.487845],[54.379116,24.487885]]]}},{"type":"Feature","properties":{},"geometry":{"type":"Polygon","coordinates":[[[54.379329,24.488238],[54.379183,24.488063],[54.378962,24.487917],[54.378836,24.488075],[54.378982,24.488249],[54.379203,24.488396],[54.379329,24.488238]]]}},{"type":"Feature","properties":{},"geometry":{"type":"Polygon","coordinates":[[[54.379075,24.48969],[54.379025,24.489745],[54.379099,24.48982],[54.379149,24.489764],[54.379075,24.48969]]]}},{"type":"Feature","properties":{},"geometry":{"type":"Polygon","coordinates":[[[54.378899,24.489859],[54.378974,24.489934],[54.379014,24.489887],[54.378939,24.489813],[54.378899,24.489859]]]}},{"type":"Feature","properties":{},"geometry":{"type":"Polygon","coordinates":[[[54.378904,24.490239],[54.37915,24.490532],[54.379295,24.490631],[54.379457,24.490436],[54.379211,24.490143],[54.379065,24.490043],[54.378904,24.490239]]]}},{"type":"Feature","properties":{},"geometry":{"type":"Polygon","coordinates":[[[54.378753,24.491018],[54.378904,24.490831],[54.379023,24.490914],[54.379178,24.490732],[54.378943,24.490452],[54.378811,24.490359],[54.378656,24.490542],[54.378731,24.490631],[54.378627,24.490562],[54.378467,24.490759],[54.378596,24.490913],[54.378753,24.491018]]]}},{"type":"Feature","properties":{},"geometry":{"type":"Polygon","coordinates":[[[54.379089,24.491414],[54.379115,24.491385],[54.379137,24.491401],[54.379191,24.491337],[54.379174,24.491317],[54.379238,24.491244],[54.379163,24.491154],[54.379259,24.491222],[54.379416,24.491039],[54.379387,24.491004],[54.379474,24.491068],[54.379498,24.49104],[54.379574,24.491104],[54.379628,24.49104],[54.379559,24.49097],[54.379646,24.490872],[54.379517,24.490718],[54.379368,24.490611],[54.379197,24.490806],[54.379251,24.490872],[54.379183,24.490823],[54.379026,24.491007],[54.379101,24.491095],[54.379008,24.491028],[54.378859,24.491198],[54.378964,24.491324],[54.379089,24.491414]]]}},{"type":"Feature","properties":{},"geometry":{"type":"Polygon","coordinates":[[[54.378267,24.490974],[54.378489,24.49124],[54.37863,24.491338],[54.378779,24.491162],[54.378556,24.490897],[54.378416,24.490798],[54.378267,24.490974]]]}},{"type":"Feature","properties":{},"geometry":{"type":"Polygon","coordinates":[[[54.378055,24.49121],[54.378302,24.491503],[54.378437,24.491598],[54.378582,24.491427],[54.378336,24.491134],[54.378201,24.491039],[54.378055,24.49121]]]}},{"type":"Feature","properties":{},"geometry":{"type":"Polygon","coordinates":[[[54.378677,24.491413],[54.378817,24.49158],[54.378937,24.491666],[54.379094,24.491483],[54.378954,24.491315],[54.378833,24.49123],[54.378677,24.491413]]]}},{"type":"Feature","properties":{},"geometry":{"type":"Polygon","coordinates":[[[54.377954,24.49136],[54.37777,24.491574],[54.378016,24.491867],[54.378254,24.492036],[54.378438,24.491823],[54.378192,24.491529],[54.377954,24.49136]]]}},{"type":"Feature","properties":{},"geometry":{"type":"Polygon","coordinates":[[[54.379464,24.491687],[54.379612,24.491515],[54.379527,24.491414],[54.379628,24.491487],[54.379778,24.491316],[54.379728,24.491256],[54.379803,24.49131],[54.379953,24.491139],[54.379847,24.491013],[54.37973,24.490928],[54.37958,24.491099],[54.379642,24.491173],[54.379567,24.491119],[54.379417,24.49129],[54.379503,24.491392],[54.379397,24.491317],[54.37925,24.49149],[54.379309,24.491561],[54.379229,24.491503],[54.379071,24.491684],[54.379211,24.491852],[54.379356,24.491956],[54.379514,24.491774],[54.379405,24.491645],[54.379464,24.491687]]]}},{"type":"Feature","properties":{},"geometry":{"type":"Polygon","coordinates":[[[54.378549,24.491855],[54.378807,24.492028],[54.378822,24.49201],[54.379008,24.49214],[54.379095,24.492037],[54.379001,24.491926],[54.378888,24.491846],[54.378792,24.491733],[54.378534,24.49156],[54.37842,24.491702],[54.378549,24.491855]]]}},{"type":"Feature","properties":{},"geometry":{"type":"Polygon","coordinates":[[[54.378796,24.493671],[54.379004,24.493821],[54.379023,24.4938],[54.379087,24.493876],[54.379306,24.494024],[54.379322,24.494006],[54.379374,24.494068],[54.379593,24.494222],[54.379607,24.494206],[54.379689,24.49429],[54.379626,24.494363],[54.379767,24.494531],[54.379973,24.49468],[54.380147,24.49448],[54.379982,24.494295],[54.380042,24.494226],[54.379712,24.493834],[54.378641,24.493079],[54.378477,24.493265],[54.37835,24.493114],[54.378165,24.492977],[54.378262,24.492868],[54.378121,24.492701],[54.377871,24.492515],[54.377756,24.492644],[54.377897,24.492812],[54.378123,24.492979],[54.377956,24.493166],[54.378322,24.493602],[54.378371,24.493638],[54.378333,24.493829],[54.378356,24.493857],[54.378609,24.493894],[54.378653,24.493654],[54.378639,24.493637],[54.378705,24.493563],[54.378796,24.493671]]]}},{"type":"Feature","properties":{},"geometry":{"type":"Polygon","coordinates":[[[54.378254,24.493585],[54.378204,24.493644],[54.378248,24.493697],[54.378312,24.493741],[54.378362,24.493681],[54.378318,24.493629],[54.378254,24.493585]]]}},{"type":"Feature","properties":{},"geometry":{"type":"Polygon","coordinates":[[[54.37826,24.493813],[54.378216,24.493761],[54.378155,24.49374],[54.378141,24.493775],[54.378184,24.493828],[54.378246,24.493848],[54.37826,24.493813]]]}},{"type":"Feature","properties":{},"geometry":{"type":"Polygon","coordinates":[[[54.379085,24.495143],[54.379045,24.495191],[54.378851,24.49496],[54.378708,24.494858],[54.378652,24.494922],[54.378473,24.494709],[54.37828,24.49457],[54.378269,24.494582],[54.378228,24.494534],[54.378036,24.494394],[54.377925,24.494521],[54.37816,24.4948],[54.378352,24.49494],[54.378363,24.494927],[54.378404,24.494975],[54.378598,24.495113],[54.378778,24.495327],[54.378921,24.495429],[54.379065,24.495263],[54.379154,24.495369],[54.3793,24.495469],[54.379458,24.495278],[54.379407,24.495218],[54.379524,24.495301],[54.379685,24.495112],[54.37951,24.494903],[54.379368,24.494802],[54.379269,24.494918],[54.378808,24.494349],[54.378606,24.494205],[54.378561,24.494258],[54.378521,24.494211],[54.378311,24.49406],[54.378293,24.494081],[54.378219,24.493992],[54.378006,24.493843],[54.377803,24.494084],[54.378096,24.494433],[54.378309,24.494581],[54.378421,24.494448],[54.378458,24.494492],[54.378667,24.494643],[54.378711,24.494592],[54.378645,24.494681],[54.378957,24.495052],[54.379085,24.495143]],[[54.37927,24.495084],[54.379278,24.495076],[54.379305,24.495108],[54.37927,24.495084]]]}},{"type":"Feature","properties":{},"geometry":{"type":"Polygon","coordinates":[[[54.379658,24.494602],[54.379365,24.494253],[54.379134,24.494108],[54.379118,24.494129],[54.379085,24.494091],[54.378863,24.493933],[54.378687,24.494138],[54.378981,24.494487],[54.379203,24.494644],[54.379238,24.494604],[54.379279,24.494653],[54.379509,24.494798],[54.379658,24.494602]]]}},{"type":"Feature","properties":{},"geometry":{"type":"Polygon","coordinates":[[[54.377732,24.495222],[54.377861,24.495375],[54.378052,24.49551],[54.378158,24.495386],[54.378029,24.495232],[54.377838,24.495097],[54.377732,24.495222]]]}},{"type":"Feature","properties":{},"geometry":{"type":"Polygon","coordinates":[[[54.378338,24.495295],[54.378572,24.495574],[54.37871,24.495672],[54.378873,24.495484],[54.378639,24.495205],[54.378501,24.495106],[54.378338,24.495295]]]}},{"type":"Feature","properties":{},"geometry":{"type":"Polygon","coordinates":[[[54.378302,24.495359],[54.378159,24.495537],[54.378347,24.49576],[54.378475,24.495846],[54.378618,24.495669],[54.378431,24.495445],[54.378302,24.495359]]]}},{"type":"Feature","properties":{},"geometry":{"type":"Polygon","coordinates":[[[54.378984,24.496403],[54.378617,24.495967],[54.378401,24.495821],[54.378361,24.49587],[54.378184,24.49566],[54.377965,24.495507],[54.377707,24.495812],[54.378092,24.49627],[54.378311,24.496423],[54.378394,24.496324],[54.378556,24.496516],[54.378772,24.496662],[54.378801,24.496627],[54.378994,24.496857],[54.379261,24.497039],[54.379373,24.4969],[54.379007,24.496464],[54.37896,24.496431],[54.378984,24.496403]]]}},{"type":"Feature","properties":{},"geometry":{"type":"Polygon","coordinates":[[[54.379092,24.496385],[54.379203,24.496463],[54.379114,24.496569],[54.37948,24.497006],[54.379692,24.497153],[54.379808,24.497014],[54.379962,24.497129],[54.380073,24.497002],[54.380107,24.497043],[54.380563,24.497359],[54.380968,24.496876],[54.380932,24.496834],[54.380476,24.496518],[54.380154,24.496903],[54.379933,24.49664],[54.37996,24.496658],[54.380143,24.496436],[54.380305,24.496556],[54.380488,24.496333],[54.380402,24.49623],[54.380443,24.496259],[54.380642,24.49602],[54.380348,24.495671],[54.380222,24.495584],[54.380024,24.495823],[54.379703,24.495443],[54.379556,24.495346],[54.379395,24.495548],[54.379494,24.495667],[54.379369,24.495584],[54.379234,24.495743],[54.379564,24.496136],[54.37967,24.496211],[54.379598,24.496299],[54.379701,24.496422],[54.379682,24.496408],[54.379547,24.496562],[54.379501,24.496507],[54.379435,24.496461],[54.379474,24.496414],[54.379522,24.496464],[54.379584,24.496412],[54.379528,24.496348],[54.379562,24.496306],[54.379416,24.496131],[54.37915,24.49595],[54.379114,24.495994],[54.379047,24.495915],[54.378842,24.495769],[54.378707,24.495926],[54.379092,24.496385]],[[54.379756,24.495971],[54.379833,24.496022],[54.379816,24.496043],[54.379756,24.495971]],[[54.379836,24.49607],[54.37992,24.496171],[54.379813,24.496098],[54.379836,24.49607]]]}},{"type":"Feature","properties":{},"geometry":{"type":"Polygon","coordinates":[[[54.378156,24.496946],[54.378049,24.497065],[54.378213,24.497261],[54.378426,24.497418],[54.378324,24.497533],[54.37857,24.497826],[54.378769,24.497973],[54.379046,24.497663],[54.3788,24.49737],[54.3786,24.497223],[54.378543,24.497287],[54.37842,24.497141],[54.378156,24.496946]]]}},{"type":"Feature","properties":{},"geometry":{"type":"Polygon","coordinates":[[[54.377977,24.498244],[54.378129,24.498425],[54.378249,24.498507],[54.378415,24.498281],[54.378364,24.49822],[54.378429,24.498268],[54.378623,24.49805],[54.37836,24.497749],[54.378415,24.497687],[54.378274,24.49752],[54.378023,24.497334],[54.377916,24.497454],[54.378057,24.497621],[54.37822,24.497741],[54.378077,24.497902],[54.3782,24.498048],[54.378171,24.498025],[54.377977,24.498244]]]}},{"type":"Feature","properties":{},"geometry":{"type":"Polygon","coordinates":[[[54.378918,24.498593],[54.379098,24.498708],[54.37908,24.49873],[54.379124,24.498782],[54.37934,24.498925],[54.379449,24.498789],[54.379405,24.498736],[54.37919,24.498593],[54.379174,24.498613],[54.379131,24.498562],[54.378948,24.498445],[54.378874,24.498541],[54.378918,24.498593]]]}},{"type":"Feature","properties":{},"geometry":{"type":"Polygon","coordinates":[[[54.377764,24.498474],[54.377998,24.498754],[54.378133,24.498852],[54.378292,24.498647],[54.378057,24.498368],[54.377939,24.498278],[54.377764,24.498474]]]}},{"type":"Feature","properties":{},"geometry":{"type":"Polygon","coordinates":[[[54.378811,24.498732],[54.378748,24.498633],[54.378678,24.498656],[54.378739,24.498753],[54.378627,24.498872],[54.378671,24.498925],[54.378772,24.499002],[54.378885,24.49888],[54.378841,24.498827],[54.378745,24.498753],[54.378811,24.498732]]]}},{"type":"Feature","properties":{},"geometry":{"type":"Polygon","coordinates":[[[54.378639,24.499129],[54.378679,24.499089],[54.378544,24.498962],[54.378463,24.499043],[54.37857,24.499146],[54.37861,24.499105],[54.378639,24.499129]]]}},{"type":"Feature","properties":{},"geometry":{"type":"Polygon","coordinates":[[[54.377761,24.501379],[54.378087,24.501767],[54.3783,24.501933],[54.3785,24.501721],[54.378174,24.501332],[54.377961,24.501167],[54.377761,24.501379]]]}},{"type":"Feature","properties":{},"geometry":{"type":"Polygon","coordinates":[[[54.377689,24.501955],[54.377916,24.502222],[54.377828,24.502314],[54.378041,24.502568],[54.377856,24.502438],[54.377752,24.502561],[54.37803,24.502893],[54.378233,24.503035],[54.378337,24.502912],[54.378128,24.502663],[54.378274,24.50278],[54.378465,24.502583],[54.378159,24.50223],[54.378256,24.502132],[54.378036,24.50187],[54.37789,24.501751],[54.377689,24.501955]]]}},{"type":"Feature","properties":{},"geometry":{"type":"Polygon","coordinates":[[[54.378755,24.50842],[54.378758,24.508523],[54.378802,24.508576],[54.378911,24.508573],[54.378908,24.50847],[54.378864,24.508417],[54.378755,24.50842]]]}},{"type":"Feature","properties":{},"geometry":{"type":"Polygon","coordinates":[[[54.378529,24.50857],[54.37853,24.508679],[54.378574,24.508732],[54.378647,24.508731],[54.378645,24.508621],[54.378601,24.508569],[54.378529,24.50857]]]}},{"type":"Feature","properties":{},"geometry":{"type":"Polygon","coordinates":[[[54.3789,24.510459],[54.37882,24.510335],[54.378952,24.510493],[54.379181,24.510367],[54.378877,24.509923],[54.378937,24.509889],[54.37881,24.509701],[54.378591,24.509439],[54.377802,24.509708],[54.378003,24.51002],[54.378227,24.51028],[54.378367,24.510488],[54.378514,24.510663],[54.378674,24.510574],[54.378642,24.510526],[54.378683,24.510576],[54.3789,24.510459]],[[54.378409,24.510183],[54.378407,24.510181],[54.378632,24.510057],[54.378742,24.510221],[54.378616,24.510072],[54.378409,24.510183]]]}},{"type":"Feature","properties":{},"geometry":{"type":"Polygon","coordinates":[[[54.380026,24.480057],[54.379795,24.480325],[54.379839,24.480377],[54.379918,24.480433],[54.379931,24.480417],[54.380108,24.480551],[54.380002,24.480674],[54.380046,24.480726],[54.380118,24.480778],[54.380359,24.480499],[54.380249,24.480391],[54.380374,24.480478],[54.380634,24.480185],[54.380537,24.480094],[54.380623,24.479999],[54.380579,24.479946],[54.380394,24.479808],[54.380299,24.479913],[54.380343,24.479966],[54.380504,24.480085],[54.380457,24.480139],[54.380411,24.480083],[54.380249,24.479972],[54.380118,24.480129],[54.380026,24.480057]],[[54.380095,24.480227],[54.380116,24.480252],[54.38009,24.480233],[54.380095,24.480227]]]}},{"type":"Feature","properties":{},"geometry":{"type":"Polygon","coordinates":[[[54.379668,24.480419],[54.379712,24.480472],[54.379985,24.480677],[54.380043,24.480613],[54.379999,24.480561],[54.379726,24.480356],[54.379668,24.480419]]]}},{"type":"Feature","properties":{},"geometry":{"type":"Polygon","coordinates":[[[54.379354,24.480992],[54.379482,24.481081],[54.379559,24.48099],[54.37959,24.481028],[54.379553,24.481068],[54.3797,24.481243],[54.379934,24.481419],[54.380104,24.481231],[54.379958,24.481057],[54.379839,24.480968],[54.379978,24.480804],[54.379832,24.480629],[54.379687,24.480528],[54.379588,24.480644],[54.379555,24.480604],[54.37945,24.480531],[54.379208,24.480817],[54.379354,24.480992]]]}},{"type":"Feature","properties":{},"geometry":{"type":"Polygon","coordinates":[[[54.380676,24.481484],[54.380841,24.481288],[54.380798,24.481235],[54.380637,24.481123],[54.380626,24.481136],[54.380557,24.481078],[54.380578,24.481053],[54.380553,24.481023],[54.380706,24.481121],[54.38074,24.481161],[54.3809,24.481274],[54.381066,24.481077],[54.381022,24.481025],[54.380857,24.480919],[54.380823,24.480878],[54.380663,24.480766],[54.380497,24.480962],[54.380523,24.480993],[54.380486,24.480968],[54.380458,24.481003],[54.38047,24.481017],[54.380447,24.481001],[54.380281,24.481198],[54.380325,24.48125],[54.380676,24.481484]]]}},{"type":"Feature","properties":{},"geometry":{"type":"Polygon","coordinates":[[[54.381608,24.482593],[54.381785,24.48239],[54.381686,24.482273],[54.381819,24.482371],[54.381943,24.482232],[54.381829,24.482096],[54.381956,24.48219],[54.38208,24.482051],[54.381933,24.481876],[54.381693,24.481698],[54.381568,24.481837],[54.381682,24.481973],[54.381297,24.481697],[54.381173,24.481836],[54.381268,24.481948],[54.380256,24.481232],[54.38009,24.481428],[54.380134,24.48148],[54.380474,24.481716],[54.3806,24.481867],[54.381608,24.482593]]]}},{"type":"Feature","properties":{},"geometry":{"type":"Polygon","coordinates":[[[54.379725,24.481675],[54.379659,24.481753],[54.379703,24.481805],[54.379806,24.481877],[54.379872,24.481799],[54.379828,24.481747],[54.379725,24.481675]]]}},{"type":"Feature","properties":{},"geometry":{"type":"Polygon","coordinates":[[[54.380016,24.482363],[54.38011,24.482452],[54.380259,24.482282],[54.380165,24.482194],[54.380016,24.482363]]]}},{"type":"Feature","properties":{},"geometry":{"type":"Polygon","coordinates":[[[54.380339,24.482625],[54.380425,24.48269],[54.380507,24.4826],[54.380463,24.482548],[54.380286,24.482414],[54.380106,24.482613],[54.38015,24.482666],[54.38024,24.482733],[54.380339,24.482625]]]}},{"type":"Feature","properties":{},"geometry":{"type":"Polygon","coordinates":[[[54.379911,24.482575],[54.379693,24.482837],[54.379839,24.483012],[54.380029,24.483142],[54.380193,24.482961],[54.380186,24.482953],[54.380247,24.48288],[54.380146,24.482737],[54.379911,24.482575]]]}},{"type":"Feature","properties":{},"geometry":{"type":"Polygon","coordinates":[[[54.380203,24.483708],[54.380247,24.48376],[54.380632,24.484024],[54.380697,24.483945],[54.380653,24.483893],[54.380273,24.483625],[54.380203,24.483708]]]}},{"type":"Feature","properties":{},"geometry":{"type":"Polygon","coordinates":[[[54.380928,24.484865],[54.380943,24.484835],[54.380693,24.484546],[54.380577,24.484469],[54.380553,24.484492],[54.380475,24.484441],[54.380371,24.484317],[54.3799,24.483983],[54.379704,24.484211],[54.379851,24.484386],[54.380321,24.48472],[54.380444,24.484577],[54.38046,24.484713],[54.380607,24.484888],[54.380928,24.484865]],[[54.380062,24.484262],[54.380225,24.484375],[54.380168,24.484443],[54.380005,24.48433],[54.380062,24.484262]]]}},{"type":"Feature","properties":{},"geometry":{"type":"Polygon","coordinates":[[[54.380226,24.484818],[54.38027,24.48487],[54.380382,24.484955],[54.380428,24.484904],[54.380385,24.484852],[54.380272,24.484767],[54.380226,24.484818]]]}},{"type":"Feature","properties":{},"geometry":{"type":"Polygon","coordinates":[[[54.380417,24.484945],[54.380461,24.484997],[54.380596,24.485095],[54.380662,24.485018],[54.380618,24.484966],[54.380484,24.484868],[54.380417,24.484945]]]}},{"type":"Feature","properties":{},"geometry":{"type":"Polygon","coordinates":[[[54.380209,24.48486],[54.380016,24.485069],[54.380027,24.485116],[54.38012,24.485227],[54.380164,24.485237],[54.380178,24.485226],[54.380267,24.485318],[54.380413,24.485425],[54.38061,24.485199],[54.380516,24.485087],[54.380209,24.48486]]]}},{"type":"Feature","properties":{},"geometry":{"type":"Polygon","coordinates":[[[54.379571,24.486597],[54.379534,24.486657],[54.379578,24.48671],[54.379621,24.486732],[54.379658,24.486671],[54.379614,24.486619],[54.379571,24.486597]]]}},{"type":"Feature","properties":{},"geometry":{"type":"Polygon","coordinates":[[[54.379516,24.486896],[54.37956,24.486949],[54.379724,24.487079],[54.379814,24.486986],[54.37977,24.486934],[54.379606,24.486803],[54.379516,24.486896]]]}},{"type":"Feature","properties":{},"geometry":{"type":"Polygon","coordinates":[[[54.380098,24.487033],[54.380126,24.486989],[54.380082,24.486937],[54.379948,24.486866],[54.379927,24.486899],[54.379968,24.486948],[54.379913,24.486908],[54.379879,24.486946],[54.379923,24.486998],[54.380029,24.487077],[54.380063,24.487038],[54.379976,24.486955],[54.380098,24.487033]]]}},{"type":"Feature","properties":{},"geometry":{"type":"Polygon","coordinates":[[[54.379961,24.487163],[54.379937,24.487136],[54.379962,24.487155],[54.379998,24.487116],[54.379954,24.487063],[54.37985,24.486984],[54.379814,24.487023],[54.379856,24.487073],[54.3798,24.487038],[54.379768,24.487079],[54.379812,24.487131],[54.379929,24.487205],[54.379961,24.487163]]]}},{"type":"Feature","properties":{},"geometry":{"type":"Polygon","coordinates":[[[54.379489,24.487206],[54.379567,24.487277],[54.379593,24.487239],[54.379516,24.487168],[54.379489,24.487206]]]}},{"type":"Feature","properties":{},"geometry":{"type":"Polygon","coordinates":[[[54.380469,24.488885],[54.38057,24.488764],[54.380641,24.488849],[54.380853,24.489004],[54.380867,24.488988],[54.38103,24.489101],[54.381041,24.489089],[54.381238,24.48924],[54.381341,24.489128],[54.381248,24.489016],[54.381055,24.48887],[54.381044,24.488882],[54.380698,24.488604],[54.380795,24.488482],[54.380713,24.488384],[54.380739,24.488402],[54.380902,24.488202],[54.38082,24.488104],[54.380677,24.488008],[54.380515,24.488208],[54.380542,24.48824],[54.380501,24.488213],[54.380344,24.488411],[54.38039,24.488467],[54.380321,24.488419],[54.380166,24.488606],[54.380306,24.488773],[54.380469,24.488885]]]}},{"type":"Feature","properties":{},"geometry":{"type":"Polygon","coordinates":[[[54.380176,24.48887],[54.380126,24.488931],[54.380194,24.489],[54.380163,24.489036],[54.380292,24.48919],[54.380499,24.489334],[54.380522,24.489307],[54.380551,24.489341],[54.380928,24.489612],[54.381026,24.4895],[54.380944,24.489402],[54.380566,24.489131],[54.380557,24.489141],[54.380481,24.489049],[54.380273,24.488905],[54.380253,24.488929],[54.380176,24.48887]]]}},{"type":"Feature","properties":{},"geometry":{"type":"Polygon","coordinates":[[[54.380197,24.489644],[54.380211,24.489627],[54.380408,24.489768],[54.380466,24.489836],[54.380668,24.489985],[54.380788,24.48985],[54.380659,24.489696],[54.380458,24.489547],[54.380427,24.489581],[54.380081,24.489332],[54.38014,24.489267],[54.38,24.489099],[54.37985,24.488987],[54.379687,24.489167],[54.379828,24.489335],[54.379909,24.489396],[54.379989,24.489497],[54.380197,24.489644]]]}},{"type":"Feature","properties":{},"geometry":{"type":"Polygon","coordinates":[[[54.37994,24.490847],[54.380224,24.491043],[54.380336,24.490908],[54.380184,24.490727],[54.3799,24.49053],[54.379891,24.490541],[54.37985,24.490493],[54.379668,24.490365],[54.379733,24.490289],[54.379798,24.490367],[54.379915,24.490449],[54.380081,24.490254],[54.379963,24.490114],[54.379847,24.490032],[54.379809,24.490077],[54.379649,24.489887],[54.379385,24.489702],[54.37918,24.489944],[54.379391,24.490195],[54.37964,24.49037],[54.37955,24.490476],[54.379655,24.490602],[54.379847,24.490736],[54.37994,24.490847]]]}},{"type":"Feature","properties":{},"geometry":{"type":"Polygon","coordinates":[[[54.38025,24.490298],[54.380084,24.490494],[54.380189,24.490619],[54.380305,24.490701],[54.380471,24.490505],[54.380366,24.490379],[54.38025,24.490298]]]}},{"type":"Feature","properties":{},"geometry":{"type":"Polygon","coordinates":[[[54.381682,24.491886],[54.38153,24.491705],[54.3807,24.491116],[54.380687,24.49113],[54.38065,24.491086],[54.38045,24.490946],[54.38035,24.491064],[54.380456,24.49119],[54.380658,24.491327],[54.380742,24.491426],[54.381572,24.492015],[54.381682,24.491886]]]}},{"type":"Feature","properties":{},"geometry":{"type":"Polygon","coordinates":[[[54.379818,24.491429],[54.379651,24.491618],[54.37978,24.491772],[54.379917,24.491871],[54.380021,24.491768],[54.380014,24.49176],[54.380074,24.491692],[54.380039,24.491844],[54.380148,24.491974],[54.380136,24.491988],[54.380179,24.49204],[54.380348,24.492164],[54.38039,24.492128],[54.380188,24.492369],[54.380334,24.492544],[54.380479,24.492644],[54.380552,24.492731],[54.380853,24.49294],[54.381267,24.492447],[54.38107,24.492213],[54.381206,24.492051],[54.380737,24.491713],[54.3807,24.491757],[54.380532,24.491557],[54.380396,24.491446],[54.380306,24.491437],[54.380179,24.491281],[54.380041,24.491181],[54.379871,24.491376],[54.379999,24.491529],[54.380095,24.491598],[54.380077,24.491675],[54.379954,24.491528],[54.379818,24.491429]]]}},{"type":"Feature","properties":{},"geometry":{"type":"Polygon","coordinates":[[[54.37952,24.492079],[54.379567,24.492134],[54.380076,24.492504],[54.380171,24.492396],[54.380124,24.49234],[54.379615,24.49197],[54.37952,24.492079]]]}},{"type":"Feature","properties":{},"geometry":{"type":"Polygon","coordinates":[[[54.380267,24.493045],[54.380443,24.493166],[54.380524,24.493263],[54.380736,24.493409],[54.380777,24.49336],[54.380989,24.493516],[54.381063,24.493604],[54.381181,24.493686],[54.381279,24.493802],[54.381492,24.493949],[54.381464,24.493984],[54.381569,24.494109],[54.381711,24.494207],[54.381874,24.494011],[54.381769,24.493886],[54.381639,24.493796],[54.381563,24.493706],[54.381256,24.493494],[54.381244,24.493508],[54.380784,24.493173],[54.380773,24.493187],[54.380719,24.493122],[54.380506,24.492976],[54.38049,24.492995],[54.380451,24.492949],[54.380229,24.492787],[54.379385,24.492196],[54.379293,24.492306],[54.379387,24.492417],[54.379575,24.492547],[54.379585,24.492536],[54.379807,24.492701],[54.379813,24.492694],[54.379857,24.492745],[54.380232,24.493003],[54.380267,24.493045]]]}},{"type":"Feature","properties":{},"geometry":{"type":"Polygon","coordinates":[[[54.380793,24.494959],[54.381026,24.495128],[54.381142,24.494995],[54.380794,24.49458],[54.380561,24.494411],[54.380538,24.494438],[54.380487,24.494377],[54.380234,24.494196],[54.380117,24.49433],[54.380411,24.494679],[54.380664,24.494861],[54.380688,24.494833],[54.380793,24.494959]]]}},{"type":"Feature","properties":{},"geometry":{"type":"Polygon","coordinates":[[[54.380322,24.495422],[54.380242,24.495516],[54.380609,24.495952],[54.380755,24.496055],[54.380952,24.495823],[54.380595,24.495398],[54.380607,24.495384],[54.380296,24.495013],[54.380222,24.494961],[54.380077,24.494773],[54.37981,24.49457],[54.379653,24.494751],[54.379982,24.495144],[54.380139,24.495257],[54.380216,24.495349],[54.380322,24.495422]]]}},{"type":"Feature","properties":{},"geometry":{"type":"Polygon","coordinates":[[[54.379623,24.495283],[54.379916,24.495632],[54.380058,24.495733],[54.38022,24.495545],[54.379927,24.495196],[54.379785,24.495095],[54.379623,24.495283]]]}},{"type":"Feature","properties":{},"geometry":{"type":"Polygon","coordinates":[[[54.379415,24.498117],[54.379253,24.498302],[54.3794,24.498476],[54.379635,24.498647],[54.379797,24.498463],[54.37965,24.498288],[54.379415,24.498117]]]}},{"type":"Feature","properties":{},"geometry":{"type":"Polygon","coordinates":[[[54.380269,24.499068],[54.38019,24.499018],[54.380059,24.49919],[54.380013,24.49916],[54.379954,24.499237],[54.380131,24.499453],[54.38047,24.499667],[54.380512,24.499612],[54.380441,24.499528],[54.38046,24.499503],[54.380579,24.499636],[54.380791,24.499683],[54.380825,24.499587],[54.380937,24.499712],[54.381151,24.499723],[54.381311,24.49961],[54.381157,24.499399],[54.381129,24.499404],[54.381551,24.499149],[54.381248,24.49871],[54.381413,24.498613],[54.3817,24.498726],[54.381694,24.498807],[54.381799,24.49897],[54.38189,24.499079],[54.382019,24.499025],[54.381987,24.498747],[54.381815,24.498526],[54.381286,24.498381],[54.381087,24.498495],[54.381068,24.498473],[54.380628,24.498745],[54.380749,24.49892],[54.38062,24.499002],[54.380544,24.499301],[54.380495,24.499243],[54.380326,24.499136],[54.380269,24.499068]]]}},{"type":"Feature","properties":{},"geometry":{"type":"Polygon","coordinates":[[[54.37934,24.507547],[54.379384,24.507599],[54.379446,24.507599],[54.379445,24.507385],[54.379401,24.507332],[54.379298,24.507332],[54.379299,24.507452],[54.37934,24.507501],[54.37934,24.507547]]]}},{"type":"Feature","properties":{},"geometry":{"type":"Polygon","coordinates":[[[54.379521,24.507576],[54.379668,24.507751],[54.379908,24.507748],[54.379904,24.507456],[54.379757,24.507281],[54.379536,24.507284],[54.379537,24.507395],[54.379519,24.507396],[54.379521,24.507576]]]}},{"type":"Feature","properties":{},"geometry":{"type":"Polygon","coordinates":[[[54.379666,24.509281],[54.379942,24.509691],[54.380089,24.509865],[54.380324,24.509738],[54.380065,24.509331],[54.379918,24.509156],[54.379666,24.509281]]]}},{"type":"Feature","properties":{},"geometry":{"type":"Polygon","coordinates":[[[54.379861,24.50981],[54.379755,24.509645],[54.379535,24.509383],[54.378895,24.509724],[54.379001,24.50989],[54.379105,24.510013],[54.379077,24.510028],[54.379145,24.510132],[54.379291,24.510307],[54.379939,24.509962],[54.379841,24.509821],[54.379861,24.50981]]]}},{"type":"Feature","properties":{},"geometry":{"type":"Polygon","coordinates":[[[54.380028,24.511878],[54.379543,24.512354],[54.379676,24.512467],[54.380164,24.511996],[54.380028,24.511878]]]}},{"type":"Feature","properties":{},"geometry":{"type":"Polygon","coordinates":[[[54.381601,24.480552],[54.381663,24.480626],[54.382033,24.480873],[54.382074,24.480921],[54.382162,24.480986],[54.382235,24.480904],[54.382127,24.480805],[54.382184,24.480731],[54.382182,24.480811],[54.382226,24.480864],[54.38225,24.480864],[54.382231,24.481003],[54.382377,24.481178],[54.382543,24.481197],[54.382575,24.481236],[54.382764,24.481258],[54.382795,24.481038],[54.382782,24.481022],[54.382916,24.481122],[54.383099,24.480919],[54.382977,24.480773],[54.383114,24.480876],[54.383298,24.480672],[54.383188,24.480542],[54.383313,24.480635],[54.383496,24.480432],[54.38335,24.480257],[54.382591,24.479691],[54.382408,24.479894],[54.382554,24.480069],[54.382634,24.480128],[54.382454,24.480328],[54.382524,24.48041],[54.38244,24.480347],[54.382256,24.480551],[54.382404,24.480726],[54.382352,24.480728],[54.382354,24.480796],[54.382385,24.480832],[54.38231,24.480824],[54.382312,24.480751],[54.382268,24.480698],[54.38221,24.480697],[54.382069,24.480516],[54.381851,24.480354],[54.382022,24.480166],[54.381875,24.479991],[54.381497,24.47971],[54.381326,24.479899],[54.381489,24.480087],[54.381473,24.480105],[54.381285,24.479961],[54.381113,24.48015],[54.38126,24.480325],[54.381439,24.480459],[54.381457,24.48044],[54.381601,24.480552]],[[54.381699,24.480242],[54.381693,24.480249],[54.381656,24.480203],[54.381699,24.480242]],[[54.382848,24.480666],[54.382849,24.480664],[54.382855,24.480671],[54.382848,24.480666]],[[54.382913,24.480325],[54.382903,24.480336],[54.382793,24.48024],[54.382799,24.480234],[54.382913,24.480325]],[[54.382473,24.480778],[54.382475,24.480814],[54.382501,24.480846],[54.382455,24.480841],[54.382453,24.480778],[54.382419,24.480737],[54.382473,24.480778]],[[54.382558,24.480853],[54.382558,24.480842],[54.382576,24.480855],[54.382558,24.480853]]]}},{"type":"Feature","properties":{},"geometry":{"type":"Polygon","coordinates":[[[54.380843,24.4805],[54.380677,24.480697],[54.380721,24.480749],[54.380881,24.480861],[54.381047,24.480665],[54.381003,24.480613],[54.380843,24.4805]]]}},{"type":"Feature","properties":{},"geometry":{"type":"Polygon","coordinates":[[[54.38147,24.481327],[54.381735,24.481532],[54.382223,24.481875],[54.382412,24.48166],[54.382265,24.481485],[54.381527,24.480951],[54.381516,24.480963],[54.381265,24.480779],[54.381252,24.480794],[54.381223,24.480761],[54.381063,24.480649],[54.380897,24.480845],[54.380941,24.480897],[54.381082,24.480996],[54.381226,24.481175],[54.381461,24.481337],[54.38147,24.481327]]]}},{"type":"Feature","properties":{},"geometry":{"type":"Polygon","coordinates":[[[54.381127,24.481259],[54.381091,24.481329],[54.381135,24.481382],[54.381226,24.481421],[54.381262,24.48135],[54.381218,24.481298],[54.381127,24.481259]]]}},{"type":"Feature","properties":{},"geometry":{"type":"Polygon","coordinates":[[[54.381848,24.482759],[54.382083,24.482925],[54.382103,24.482902],[54.382142,24.482948],[54.382645,24.483293],[54.382865,24.483455],[54.382901,24.483498],[54.383137,24.483665],[54.383323,24.483446],[54.383294,24.483411],[54.38333,24.483437],[54.383517,24.483218],[54.383421,24.483104],[54.383552,24.483197],[54.383738,24.482978],[54.383592,24.482804],[54.383508,24.482745],[54.383525,24.482725],[54.383653,24.482815],[54.383839,24.482596],[54.383804,24.482554],[54.383568,24.482388],[54.383559,24.482398],[54.383298,24.482202],[54.383288,24.482213],[54.38326,24.482179],[54.383084,24.482069],[54.382901,24.481932],[54.382867,24.481971],[54.382733,24.481811],[54.382497,24.481645],[54.38231,24.481864],[54.382396,24.481966],[54.382282,24.481885],[54.382096,24.482104],[54.382133,24.482149],[54.382088,24.482117],[54.381902,24.482335],[54.381985,24.482434],[54.381887,24.482366],[54.381701,24.482584],[54.381848,24.482759]],[[54.382889,24.482686],[54.382703,24.482905],[54.382734,24.482942],[54.38231,24.482646],[54.38247,24.482458],[54.382433,24.482413],[54.382478,24.482445],[54.382664,24.482226],[54.382579,24.482124],[54.382693,24.482205],[54.382727,24.482165],[54.382861,24.482325],[54.383074,24.482469],[54.382915,24.482656],[54.383015,24.482775],[54.382889,24.482686]]]}},{"type":"Feature","properties":{},"geometry":{"type":"Polygon","coordinates":[[[54.381363,24.483006],[54.381314,24.483066],[54.381401,24.483147],[54.381391,24.48316],[54.381435,24.483212],[54.381569,24.483302],[54.381542,24.483334],[54.381586,24.483387],[54.381709,24.483471],[54.381789,24.483375],[54.381749,24.483328],[54.381769,24.483303],[54.381725,24.48325],[54.381363,24.483006]]]}},{"type":"Feature","properties":{},"geometry":{"type":"Polygon","coordinates":[[[54.381179,24.483435],[54.381212,24.483396],[54.381253,24.483425],[54.381319,24.483345],[54.381347,24.483365],[54.381441,24.483253],[54.381221,24.482991],[54.381104,24.482909],[54.381087,24.48293],[54.380654,24.482628],[54.380568,24.482731],[54.380603,24.482772],[54.38056,24.482824],[54.380593,24.482863],[54.38049,24.482986],[54.380394,24.482872],[54.380332,24.482828],[54.380054,24.483157],[54.380274,24.483419],[54.38105,24.48396],[54.381315,24.483646],[54.381129,24.483426],[54.381143,24.48341],[54.381179,24.483435]],[[54.380667,24.483415],[54.380913,24.483123],[54.380917,24.483126],[54.380667,24.483415]]]}},{"type":"Feature","properties":{},"geometry":{"type":"Polygon","coordinates":[[[54.381713,24.483735],[54.381381,24.483434],[54.381297,24.483519],[54.381371,24.483595],[54.381346,24.483621],[54.38139,24.483673],[54.381572,24.483819],[54.381432,24.484044],[54.381531,24.484162],[54.381468,24.484125],[54.381426,24.484184],[54.381646,24.484446],[54.381748,24.484512],[54.381771,24.484439],[54.38197,24.484567],[54.382105,24.484728],[54.382216,24.484802],[54.382437,24.484527],[54.382356,24.48443],[54.382501,24.484242],[54.382471,24.484206],[54.3825,24.484216],[54.382525,24.484152],[54.382481,24.4841],[54.38236,24.48406],[54.382356,24.48407],[54.382281,24.48398],[54.382157,24.483901],[54.382141,24.483922],[54.38205,24.483814],[54.381725,24.483605],[54.381768,24.483551],[54.381724,24.483499],[54.381653,24.483452],[54.381611,24.483506],[54.381655,24.483559],[54.381717,24.4836],[54.381693,24.48368],[54.38172,24.483711],[54.381713,24.483735]]]}},{"type":"Feature","properties":{},"geometry":{"type":"Polygon","coordinates":[[[54.38175,24.483461],[54.381794,24.483514],[54.382074,24.483676],[54.382382,24.483919],[54.382403,24.483896],[54.382604,24.484073],[54.38266,24.484017],[54.382617,24.483965],[54.382451,24.483829],[54.382427,24.483852],[54.382391,24.483809],[54.382123,24.483606],[54.382079,24.483554],[54.3818,24.483391],[54.38175,24.483461]]]}},{"type":"Feature","properties":{},"geometry":{"type":"Polygon","coordinates":[[[54.380738,24.483973],[54.380683,24.484044],[54.380773,24.484128],[54.380832,24.484059],[54.380738,24.483973]]]}},{"type":"Feature","properties":{},"geometry":{"type":"Polygon","coordinates":[[[54.381885,24.484717],[54.382008,24.48483],[54.382059,24.484774],[54.381936,24.484661],[54.381885,24.484717]]]}},{"type":"Feature","properties":{},"geometry":{"type":"Polygon","coordinates":[[[54.380844,24.485136],[54.38103,24.48537],[54.381115,24.485428],[54.381155,24.485381],[54.381168,24.485397],[54.381238,24.485353],[54.381209,24.485315],[54.381445,24.485032],[54.381299,24.484858],[54.381158,24.48476],[54.380844,24.485136]]]}},{"type":"Feature","properties":{},"geometry":{"type":"Polygon","coordinates":[[[54.381937,24.485212],[54.381783,24.485388],[54.38183,24.485444],[54.381973,24.485548],[54.382128,24.485373],[54.382081,24.485317],[54.381937,24.485212]]]}},{"type":"Feature","properties":{},"geometry":{"type":"Polygon","coordinates":[[[54.381776,24.485422],[54.381627,24.485588],[54.381674,24.485644],[54.381808,24.485743],[54.381957,24.485577],[54.38191,24.485521],[54.381776,24.485422]]]}},{"type":"Feature","properties":{},"geometry":{"type":"Polygon","coordinates":[[[54.38079,24.485537],[54.380762,24.485697],[54.380806,24.485749],[54.380989,24.485776],[54.381017,24.485616],[54.380973,24.485564],[54.38079,24.485537]]]}},{"type":"Feature","properties":{},"geometry":{"type":"Polygon","coordinates":[[[54.381464,24.485787],[54.381511,24.485842],[54.38165,24.485942],[54.381798,24.48577],[54.381751,24.485714],[54.381613,24.485615],[54.381464,24.485787]]]}},{"type":"Feature","properties":{},"geometry":{"type":"Polygon","coordinates":[[[54.38099,24.485848],[54.38109,24.485942],[54.38114,24.485887],[54.38104,24.485793],[54.38099,24.485848]]]}},{"type":"Feature","properties":{},"geometry":{"type":"Polygon","coordinates":[[[54.381446,24.4858],[54.381295,24.485975],[54.381341,24.48603],[54.381482,24.486131],[54.381633,24.485956],[54.381587,24.485901],[54.381446,24.4858]]]}},{"type":"Feature","properties":{},"geometry":{"type":"Polygon","coordinates":[[[54.381285,24.485993],[54.381128,24.486171],[54.381175,24.486227],[54.381315,24.486329],[54.381471,24.486151],[54.381425,24.486095],[54.381285,24.485993]]]}},{"type":"Feature","properties":{},"geometry":{"type":"Polygon","coordinates":[[[54.381371,24.487626],[54.381453,24.487724],[54.38164,24.487854],[54.381738,24.487738],[54.381656,24.48764],[54.381469,24.48751],[54.381371,24.487626]]]}},{"type":"Feature","properties":{},"geometry":{"type":"Polygon","coordinates":[[[54.381877,24.488506],[54.381932,24.488571],[54.382052,24.488658],[54.382209,24.488478],[54.382144,24.4884],[54.382249,24.488475],[54.382409,24.488291],[54.382315,24.488179],[54.382197,24.488095],[54.382038,24.48828],[54.382115,24.488371],[54.382008,24.488293],[54.381882,24.488437],[54.381804,24.488345],[54.381242,24.487939],[54.381312,24.487855],[54.381183,24.487701],[54.381016,24.487586],[54.380855,24.487778],[54.380984,24.487932],[54.381103,24.488015],[54.381196,24.488125],[54.381397,24.488256],[54.381437,24.488303],[54.381818,24.488573],[54.381877,24.488506]]]}},{"type":"Feature","properties":{},"geometry":{"type":"Polygon","coordinates":[[[54.381429,24.48953],[54.381596,24.489341],[54.381545,24.489281],[54.381606,24.489325],[54.381751,24.489158],[54.381695,24.489091],[54.381789,24.48916],[54.38195,24.48898],[54.381821,24.488827],[54.381684,24.488725],[54.381615,24.488802],[54.381524,24.488693],[54.381317,24.488546],[54.381296,24.488571],[54.381167,24.488476],[54.381113,24.488411],[54.380898,24.488256],[54.380789,24.48838],[54.380918,24.488534],[54.381284,24.488785],[54.381339,24.488851],[54.381507,24.488971],[54.381382,24.489114],[54.381432,24.489173],[54.381371,24.489128],[54.381204,24.489316],[54.381309,24.489442],[54.381429,24.48953]],[[54.381567,24.488975],[54.381574,24.488966],[54.381604,24.489003],[54.381567,24.488975]]]}},{"type":"Feature","properties":{},"geometry":{"type":"Polygon","coordinates":[[[54.381604,24.489607],[54.381463,24.489774],[54.381516,24.489837],[54.381441,24.489781],[54.381269,24.489973],[54.381313,24.490026],[54.381439,24.490119],[54.38161,24.489928],[54.38169,24.489984],[54.38183,24.489817],[54.381796,24.489776],[54.381829,24.4898],[54.38195,24.489658],[54.382062,24.489791],[54.38261,24.49018],[54.382552,24.490246],[54.38263,24.49034],[54.38255,24.490284],[54.382407,24.490454],[54.382447,24.490501],[54.382392,24.490464],[54.382316,24.490372],[54.381899,24.490082],[54.381806,24.490192],[54.381888,24.49029],[54.382091,24.490422],[54.382142,24.490483],[54.382283,24.490582],[54.382225,24.490651],[54.382258,24.49069],[54.382217,24.490661],[54.382086,24.490815],[54.382009,24.490723],[54.381847,24.490609],[54.38179,24.490542],[54.381593,24.490403],[54.381585,24.490412],[54.381365,24.490246],[54.381272,24.490356],[54.381354,24.490454],[54.381551,24.490592],[54.381559,24.490583],[54.381744,24.490724],[54.381824,24.49082],[54.382021,24.490959],[54.382083,24.490886],[54.38216,24.490978],[54.38229,24.491069],[54.382452,24.490878],[54.382429,24.49085],[54.382472,24.49088],[54.382632,24.490689],[54.382605,24.490656],[54.382646,24.490684],[54.382789,24.490515],[54.382665,24.490367],[54.382761,24.490437],[54.382922,24.490254],[54.382877,24.4902],[54.38296,24.49026],[54.383115,24.490082],[54.383009,24.489956],[54.382889,24.489869],[54.382734,24.490048],[54.382802,24.490129],[54.382742,24.490085],[54.382651,24.489977],[54.382046,24.489542],[54.382156,24.489419],[54.382099,24.489352],[54.3822,24.489422],[54.382208,24.489413],[54.382269,24.489485],[54.382662,24.489747],[54.382755,24.489637],[54.382673,24.48954],[54.382313,24.489289],[54.382353,24.489243],[54.382422,24.489291],[54.382468,24.489236],[54.382432,24.489193],[54.382543,24.489057],[54.382523,24.489033],[54.382722,24.489171],[54.382779,24.489238],[54.382947,24.489356],[54.382824,24.489324],[54.382781,24.48947],[54.382825,24.489522],[54.383024,24.489576],[54.383066,24.489439],[54.38319,24.489527],[54.38325,24.489456],[54.383326,24.489547],[54.383452,24.489635],[54.383613,24.489444],[54.383551,24.48937],[54.383627,24.489423],[54.383785,24.489238],[54.383703,24.48914],[54.383583,24.489056],[54.383425,24.489242],[54.383488,24.489316],[54.383405,24.489259],[54.383277,24.48941],[54.383201,24.489319],[54.382606,24.488894],[54.382688,24.488797],[54.38267,24.488775],[54.382736,24.488824],[54.382847,24.488701],[54.382925,24.488795],[54.383337,24.489072],[54.38343,24.488963],[54.383289,24.488795],[54.382878,24.488517],[54.382841,24.488561],[54.382775,24.488484],[54.382664,24.488401],[54.382496,24.488588],[54.382561,24.488666],[54.382479,24.488605],[54.382319,24.488797],[54.382401,24.488894],[54.382496,24.488961],[54.382479,24.488981],[54.382426,24.488917],[54.382313,24.48884],[54.382175,24.488997],[54.382315,24.489153],[54.382305,24.489165],[54.382256,24.489107],[54.382136,24.489022],[54.381974,24.489212],[54.382042,24.489293],[54.381938,24.48922],[54.381781,24.489403],[54.381792,24.489416],[54.381774,24.489404],[54.381608,24.489598],[54.381633,24.489628],[54.381604,24.489607]]]}},{"type":"Feature","properties":{},"geometry":{"type":"Polygon","coordinates":[[[54.381254,24.489999],[54.381114,24.490162],[54.381158,24.490214],[54.38127,24.490294],[54.38141,24.490131],[54.381366,24.490078],[54.381254,24.489999]]]}},{"type":"Feature","properties":{},"geometry":{"type":"Polygon","coordinates":[[[54.380733,24.490631],[54.380551,24.490844],[54.380656,24.490969],[54.380791,24.491065],[54.380973,24.490852],[54.380867,24.490726],[54.380733,24.490631]]]}},{"type":"Feature","properties":{},"geometry":{"type":"Polygon","coordinates":[[[54.381646,24.49132],[54.381464,24.491516],[54.381569,24.491642],[54.381692,24.491735],[54.381882,24.491533],[54.381777,24.491408],[54.381646,24.49132]]]}},{"type":"Feature","properties":{},"geometry":{"type":"Polygon","coordinates":[[[54.381442,24.492401],[54.381493,24.492462],[54.381427,24.492414],[54.381286,24.492573],[54.38133,24.492626],[54.38145,24.492714],[54.381587,24.49256],[54.381681,24.492623],[54.38173,24.492682],[54.382021,24.49287],[54.381905,24.492997],[54.382034,24.493151],[54.382172,24.493255],[54.382325,24.493085],[54.38223,24.492971],[54.382311,24.493031],[54.382368,24.492967],[54.382446,24.49306],[54.382662,24.493204],[54.38277,24.493071],[54.382641,24.492917],[54.382425,24.492772],[54.382409,24.492792],[54.382359,24.492732],[54.382245,24.492648],[54.38215,24.492755],[54.382101,24.492696],[54.382017,24.49264],[54.381915,24.492518],[54.381821,24.492455],[54.381833,24.49244],[54.381716,24.4923],[54.381594,24.492217],[54.381442,24.492401]]]}},{"type":"Feature","properties":{},"geometry":{"type":"Polygon","coordinates":[[[54.381109,24.492797],[54.380955,24.492971],[54.381061,24.493096],[54.381164,24.493172],[54.381287,24.493033],[54.381323,24.493076],[54.381649,24.493312],[54.381564,24.493408],[54.381657,24.49352],[54.381776,24.493607],[54.381795,24.493586],[54.381895,24.493706],[54.382115,24.493849],[54.382206,24.493733],[54.382077,24.493579],[54.381902,24.493465],[54.381939,24.493423],[54.381881,24.493354],[54.381968,24.493418],[54.382113,24.493254],[54.382008,24.493128],[54.381898,24.493048],[54.381763,24.4932],[54.381712,24.493139],[54.381401,24.492914],[54.381498,24.492804],[54.381392,24.492678],[54.381272,24.49259],[54.381131,24.49275],[54.381265,24.492897],[54.381248,24.492916],[54.381109,24.492797]],[[54.381807,24.493276],[54.381822,24.493294],[54.381804,24.49328],[54.381807,24.493276]]]}},{"type":"Feature","properties":{},"geometry":{"type":"Polygon","coordinates":[[[54.380707,24.493902],[54.380663,24.49385],[54.380595,24.493803],[54.380579,24.493825],[54.380623,24.493877],[54.38069,24.493924],[54.380707,24.493902]]]}},{"type":"Feature","properties":{},"geometry":{"type":"Polygon","coordinates":[[[54.380819,24.495561],[54.380981,24.495754],[54.381112,24.495845],[54.381273,24.495654],[54.381484,24.495905],[54.38146,24.495888],[54.3813,24.496087],[54.381593,24.496436],[54.381808,24.496579],[54.381968,24.496381],[54.381723,24.49609],[54.381753,24.4961],[54.381815,24.496174],[54.38203,24.496317],[54.38219,24.496119],[54.381897,24.49577],[54.381677,24.495632],[54.381615,24.495559],[54.3814,24.495415],[54.381263,24.495584],[54.381145,24.495445],[54.381164,24.495422],[54.380798,24.494986],[54.380594,24.494844],[54.380393,24.495082],[54.380759,24.495519],[54.380819,24.495561]]]}},{"type":"Feature","properties":{},"geometry":{"type":"Polygon","coordinates":[[[54.38146,24.496299],[54.381244,24.496155],[54.381084,24.496353],[54.381377,24.496702],[54.381593,24.496846],[54.381753,24.496648],[54.38146,24.496299]]]}},{"type":"Feature","properties":{},"geometry":{"type":"Polygon","coordinates":[[[54.381367,24.497103],[54.381531,24.496903],[54.381237,24.496554],[54.381035,24.496416],[54.381008,24.496448],[54.380931,24.496357],[54.380716,24.496213],[54.380556,24.496411],[54.380849,24.49676],[54.381064,24.496904],[54.381088,24.496875],[54.381164,24.496965],[54.381367,24.497103]]]}},{"type":"Feature","properties":{},"geometry":{"type":"Polygon","coordinates":[[[54.381525,24.499426],[54.381493,24.499483],[54.381537,24.499536],[54.3816,24.499565],[54.381632,24.499507],[54.381588,24.499455],[54.381525,24.499426]]]}},{"type":"Feature","properties":{},"geometry":{"type":"Polygon","coordinates":[[[54.380753,24.511641],[54.380762,24.511596],[54.38073,24.511559],[54.38074,24.511512],[54.380795,24.511574],[54.380838,24.511588],[54.380864,24.511522],[54.38082,24.51147],[54.380775,24.511462],[54.380742,24.511423],[54.380622,24.511403],[54.380589,24.511568],[54.380633,24.511621],[54.380753,24.511641]]]}},{"type":"Feature","properties":{},"geometry":{"type":"Polygon","coordinates":[[[54.380238,24.511685],[54.380261,24.511713],[54.381261,24.512538],[54.381341,24.512455],[54.381318,24.512427],[54.380313,24.511587],[54.380238,24.511685]]]}},{"type":"Feature","properties":{},"geometry":{"type":"Polygon","coordinates":[[[54.3822,24.479994],[54.382123,24.480087],[54.382167,24.48014],[54.38225,24.480196],[54.382327,24.480102],[54.382283,24.48005],[54.3822,24.479994]]]}},{"type":"Feature","properties":{},"geometry":{"type":"Polygon","coordinates":[[[54.383116,24.480968],[54.383262,24.481142],[54.383519,24.48132],[54.383647,24.481167],[54.3835,24.480992],[54.383244,24.480815],[54.383116,24.480968]]]}},{"type":"Feature","properties":{},"geometry":{"type":"Polygon","coordinates":[[[54.383394,24.481818],[54.383543,24.481951],[54.383512,24.481991],[54.383556,24.482044],[54.383597,24.48207],[54.383634,24.482023],[54.383577,24.481962],[54.38359,24.481949],[54.38372,24.482032],[54.383748,24.48206],[54.383703,24.482123],[54.383747,24.482175],[54.383792,24.482201],[54.383845,24.482127],[54.383982,24.482221],[54.383993,24.482207],[54.384247,24.482387],[54.384401,24.482204],[54.384254,24.482029],[54.384172,24.481972],[54.384179,24.481963],[54.384446,24.482158],[54.384599,24.481974],[54.384453,24.4818],[54.384371,24.481743],[54.384378,24.481735],[54.384647,24.481933],[54.3848,24.48175],[54.384654,24.481575],[54.384487,24.48146],[54.384477,24.481447],[54.384844,24.481705],[54.384998,24.481521],[54.384851,24.481347],[54.384727,24.481261],[54.384608,24.48112],[54.384371,24.480951],[54.38435,24.480975],[54.384086,24.480774],[54.384076,24.480786],[54.383839,24.48061],[54.383803,24.480567],[54.383565,24.480398],[54.383379,24.48062],[54.383505,24.48077],[54.383399,24.480859],[54.383539,24.481007],[54.383664,24.480902],[54.383639,24.480872],[54.383737,24.48094],[54.383782,24.480994],[54.384018,24.481156],[54.384026,24.481147],[54.384135,24.481232],[54.383982,24.481414],[54.384077,24.481528],[54.383953,24.48144],[54.383767,24.481661],[54.383864,24.481777],[54.382952,24.481149],[54.382799,24.481333],[54.382945,24.481507],[54.383394,24.481818]]]}},{"type":"Feature","properties":{},"geometry":{"type":"Polygon","coordinates":[[[54.382447,24.482495],[54.382491,24.482548],[54.382561,24.48259],[54.382623,24.482506],[54.382579,24.482454],[54.382509,24.482411],[54.382447,24.482495]]]}},{"type":"Feature","properties":{},"geometry":{"type":"Polygon","coordinates":[[[54.383384,24.483501],[54.383236,24.483672],[54.383283,24.483728],[54.383423,24.483828],[54.383571,24.483657],[54.383524,24.483601],[54.383384,24.483501]]]}},{"type":"Feature","properties":{},"geometry":{"type":"Polygon","coordinates":[[[54.382936,24.484042],[54.382784,24.484214],[54.382825,24.484263],[54.382778,24.484231],[54.382631,24.484407],[54.382678,24.484463],[54.382818,24.48456],[54.382965,24.484384],[54.382933,24.484345],[54.382975,24.484376],[54.383128,24.484204],[54.383081,24.484148],[54.382936,24.484042]]]}},{"type":"Feature","properties":{},"geometry":{"type":"Polygon","coordinates":[[[54.382762,24.484523],[54.382619,24.484421],[54.382473,24.484591],[54.382536,24.484659],[54.382461,24.484607],[54.382315,24.48478],[54.382362,24.484836],[54.382505,24.484936],[54.382651,24.484762],[54.382606,24.484708],[54.382663,24.484749],[54.382808,24.484579],[54.382762,24.484523]]]}},{"type":"Feature","properties":{},"geometry":{"type":"Polygon","coordinates":[[[54.382146,24.48498],[54.382193,24.485036],[54.382333,24.485137],[54.382485,24.484962],[54.382438,24.484906],[54.382298,24.484805],[54.382146,24.48498]]]}},{"type":"Feature","properties":{},"geometry":{"type":"Polygon","coordinates":[[[54.383253,24.486458],[54.383269,24.486436],[54.383297,24.486453],[54.383344,24.48639],[54.3833,24.486337],[54.383102,24.486215],[54.383028,24.486314],[54.383072,24.486366],[54.383136,24.486406],[54.383147,24.486392],[54.383253,24.486458]]]}},{"type":"Feature","properties":{},"geometry":{"type":"Polygon","coordinates":[[[54.383157,24.486794],[54.383105,24.486857],[54.383194,24.486939],[54.383245,24.486877],[54.383157,24.486794]]]}},{"type":"Feature","properties":{},"geometry":{"type":"Polygon","coordinates":[[[54.38318,24.487133],[54.383164,24.48715],[54.383074,24.487043],[54.382985,24.486973],[54.38296,24.486998],[54.382814,24.486824],[54.38272,24.486746],[54.38245,24.48702],[54.382597,24.487195],[54.38295,24.487489],[54.382973,24.487466],[54.383066,24.487577],[54.383273,24.487747],[54.38323,24.487791],[54.383274,24.487843],[54.383447,24.487985],[54.383604,24.487825],[54.383561,24.487774],[54.383614,24.487817],[54.383523,24.487909],[54.383669,24.488084],[54.383774,24.488169],[54.383821,24.488118],[54.384014,24.488284],[54.38403,24.488268],[54.384132,24.488352],[54.384277,24.488186],[54.384233,24.488134],[54.384158,24.488081],[54.384018,24.487922],[54.384055,24.487884],[54.383908,24.487709],[54.383768,24.487597],[54.383741,24.487625],[54.383447,24.487349],[54.38342,24.487377],[54.383279,24.487209],[54.38318,24.487133]],[[54.383695,24.487733],[54.383714,24.487756],[54.383664,24.487806],[54.383643,24.487789],[54.383614,24.487817],[54.383695,24.487733]],[[54.382813,24.487146],[54.382811,24.487144],[54.382916,24.487042],[54.382813,24.487146]]]}},{"type":"Feature","properties":{},"geometry":{"type":"Polygon","coordinates":[[[54.381815,24.487921],[54.381885,24.488005],[54.382106,24.488168],[54.382203,24.488059],[54.382133,24.487976],[54.381912,24.487812],[54.381815,24.487921]]]}},{"type":"Feature","properties":{},"geometry":{"type":"Polygon","coordinates":[[[54.383129,24.490041],[54.383285,24.48986],[54.383216,24.489778],[54.383324,24.489854],[54.383455,24.4897],[54.383349,24.489574],[54.383226,24.489488],[54.383096,24.489642],[54.383176,24.489737],[54.383072,24.489663],[54.382916,24.489845],[54.38301,24.489956],[54.383129,24.490041]]]}},{"type":"Feature","properties":{},"geometry":{"type":"Polygon","coordinates":[[[54.382694,24.490773],[54.382545,24.490952],[54.382588,24.491004],[54.382531,24.490962],[54.382362,24.491154],[54.382503,24.491321],[54.382647,24.491427],[54.382676,24.491393],[54.38277,24.491505],[54.382973,24.491647],[54.38309,24.491514],[54.382961,24.491361],[54.382804,24.491248],[54.382816,24.491235],[54.382754,24.491161],[54.382824,24.49121],[54.382898,24.491121],[54.383003,24.491247],[54.383142,24.491347],[54.383211,24.49127],[54.383301,24.491377],[54.383359,24.491418],[54.383329,24.491453],[54.383458,24.491606],[54.383601,24.491709],[54.383608,24.491701],[54.383641,24.491741],[54.383577,24.491696],[54.383487,24.491801],[54.383376,24.491668],[54.383183,24.491529],[54.383061,24.49167],[54.38319,24.491824],[54.383383,24.491962],[54.383428,24.49191],[54.38354,24.492044],[54.383692,24.492151],[54.383858,24.491956],[54.383814,24.491904],[54.383878,24.491948],[54.384031,24.491763],[54.383998,24.491724],[54.384043,24.491757],[54.384206,24.491574],[54.384177,24.491541],[54.384216,24.491568],[54.38438,24.49138],[54.384251,24.491226],[54.384104,24.491121],[54.383987,24.491256],[54.383881,24.49113],[54.383453,24.490834],[54.383446,24.490842],[54.383266,24.490704],[54.383328,24.49063],[54.383199,24.490477],[54.383048,24.490373],[54.382886,24.490566],[54.382938,24.490627],[54.382864,24.490577],[54.382713,24.490759],[54.382769,24.490825],[54.382694,24.490773]],[[54.383223,24.490949],[54.383435,24.491097],[54.383442,24.491089],[54.383469,24.491121],[54.383857,24.491389],[54.383765,24.491491],[54.383648,24.491352],[54.383285,24.49109],[54.38327,24.491107],[54.383184,24.491004],[54.383071,24.490925],[54.383136,24.490845],[54.383223,24.490949]],[[54.383095,24.490775],[54.383105,24.490782],[54.383103,24.490785],[54.383095,24.490775]],[[54.38295,24.491003],[54.382917,24.490964],[54.382958,24.490992],[54.38295,24.491003]],[[54.383767,24.491517],[54.383776,24.491507],[54.383808,24.491545],[54.383767,24.491517]]]}},{"type":"Feature","properties":{},"geometry":{"type":"Polygon","coordinates":[[[54.382108,24.4916],[54.381932,24.491807],[54.382061,24.491961],[54.382203,24.492061],[54.382379,24.491854],[54.38225,24.4917],[54.382108,24.4916]]]}},{"type":"Feature","properties":{},"geometry":{"type":"Polygon","coordinates":[[[54.382174,24.492152],[54.382094,24.492056],[54.381834,24.491882],[54.381723,24.492019],[54.381851,24.492173],[54.382111,24.492347],[54.382123,24.492332],[54.382546,24.492626],[54.382634,24.492518],[54.382529,24.492392],[54.382174,24.492152]]]}},{"type":"Feature","properties":{},"geometry":{"type":"Polygon","coordinates":[[[54.382945,24.492208],[54.38279,24.492387],[54.382931,24.492554],[54.383066,24.492651],[54.383221,24.492472],[54.38308,24.492305],[54.382945,24.492208]]]}},{"type":"Feature","properties":{},"geometry":{"type":"Polygon","coordinates":[[[54.382775,24.492427],[54.382616,24.492611],[54.382744,24.492764],[54.382866,24.492851],[54.383025,24.492667],[54.382896,24.492513],[54.382775,24.492427]]]}},{"type":"Feature","properties":{},"geometry":{"type":"Polygon","coordinates":[[[54.383689,24.494054],[54.383524,24.493858],[54.383312,24.493706],[54.383301,24.493719],[54.383233,24.493638],[54.383021,24.493486],[54.38285,24.493683],[54.383015,24.49388],[54.383226,24.494031],[54.383238,24.494018],[54.383306,24.4941],[54.383517,24.494251],[54.383689,24.494054]]]}},{"type":"Feature","properties":{},"geometry":{"type":"Polygon","coordinates":[[[54.382918,24.494149],[54.383083,24.494346],[54.383295,24.494498],[54.383466,24.4943],[54.383301,24.494104],[54.38309,24.493952],[54.382918,24.494149]]]}},{"type":"Feature","properties":{},"geometry":{"type":"Polygon","coordinates":[[[54.382876,24.4942],[54.382705,24.494397],[54.38287,24.494593],[54.383081,24.494745],[54.383253,24.494548],[54.383088,24.494352],[54.382876,24.4942]]]}},{"type":"Feature","properties":{},"geometry":{"type":"Polygon","coordinates":[[[54.382359,24.494262],[54.382187,24.49446],[54.382352,24.494656],[54.382563,24.494808],[54.382581,24.494787],[54.382642,24.49486],[54.382854,24.495012],[54.383025,24.494814],[54.38286,24.494618],[54.382649,24.494466],[54.382631,24.494487],[54.38257,24.494414],[54.382359,24.494262]]]}},{"type":"Feature","properties":{},"geometry":{"type":"Polygon","coordinates":[[[54.382251,24.499243],[54.382255,24.49917],[54.382177,24.499062],[54.382139,24.499038],[54.382084,24.499027],[54.382033,24.499036],[54.38199,24.499062],[54.381963,24.499096],[54.381951,24.499147],[54.381961,24.499193],[54.382034,24.499285],[54.382127,24.49932],[54.382178,24.499311],[54.382221,24.499285],[54.382251,24.499243]]]}},{"type":"Feature","properties":{},"geometry":{"type":"Polygon","coordinates":[[[54.382733,24.504657],[54.382743,24.50478],[54.382786,24.504833],[54.382862,24.504828],[54.382853,24.504705],[54.382809,24.504652],[54.382733,24.504657]]]}},{"type":"Feature","properties":{},"geometry":{"type":"Polygon","coordinates":[[[54.38161,24.509225],[54.381563,24.509278],[54.381654,24.509365],[54.381701,24.509312],[54.38161,24.509225]]]}},{"type":"Feature","properties":{},"geometry":{"type":"Polygon","coordinates":[[[54.381468,24.510112],[54.381546,24.510236],[54.381647,24.510196],[54.381569,24.510072],[54.381468,24.510112]]]}},{"type":"Feature","properties":{},"geometry":{"type":"Polygon","coordinates":[[[54.381509,24.511102],[54.381729,24.511364],[54.382587,24.51203],[54.382971,24.511605],[54.382751,24.511343],[54.381894,24.510679],[54.381509,24.511102]]]}},{"type":"Feature","properties":{},"geometry":{"type":"Polygon","coordinates":[[[54.384926,24.480914],[54.385037,24.480784],[54.384991,24.480728],[54.383701,24.479792],[54.383582,24.479927],[54.383728,24.480102],[54.383973,24.480281],[54.384003,24.480247],[54.38439,24.480522],[54.384518,24.480676],[54.384763,24.480855],[54.384793,24.480821],[54.384926,24.480914]]]}},{"type":"Feature","properties":{},"geometry":{"type":"Polygon","coordinates":[[[54.384723,24.481946],[54.384575,24.482117],[54.384622,24.482173],[54.384762,24.482273],[54.38491,24.482102],[54.384863,24.482046],[54.384723,24.481946]]]}},{"type":"Feature","properties":{},"geometry":{"type":"Polygon","coordinates":[[[54.383939,24.482293],[54.383895,24.48224],[54.383826,24.482197],[54.383798,24.482235],[54.383841,24.482287],[54.38391,24.48233],[54.383939,24.482293]]]}},{"type":"Feature","properties":{},"geometry":{"type":"Polygon","coordinates":[[[54.384558,24.48214],[54.38441,24.482311],[54.384457,24.482367],[54.384597,24.482467],[54.384745,24.482296],[54.384698,24.48224],[54.384558,24.48214]]]}},{"type":"Feature","properties":{},"geometry":{"type":"Polygon","coordinates":[[[54.384238,24.482504],[54.384285,24.48256],[54.384424,24.48266],[54.384572,24.482489],[54.384526,24.482433],[54.384386,24.482333],[54.384238,24.482504]]]}},{"type":"Feature","properties":{},"geometry":{"type":"Polygon","coordinates":[[[54.384223,24.482527],[54.384075,24.482698],[54.384122,24.482754],[54.384262,24.482854],[54.38441,24.482683],[54.384363,24.482627],[54.384223,24.482527]]]}},{"type":"Feature","properties":{},"geometry":{"type":"Polygon","coordinates":[[[54.383932,24.483237],[54.38408,24.483066],[54.384043,24.483021],[54.384134,24.483086],[54.384282,24.482915],[54.3842,24.482817],[54.38406,24.482717],[54.383912,24.482889],[54.383985,24.482975],[54.383894,24.48291],[54.383746,24.483081],[54.383793,24.483137],[54.383932,24.483237]]]}},{"type":"Feature","properties":{},"geometry":{"type":"Polygon","coordinates":[[[54.383727,24.483108],[54.383579,24.483279],[54.383626,24.483335],[54.383766,24.483435],[54.383914,24.483264],[54.383867,24.483208],[54.383727,24.483108]]]}},{"type":"Feature","properties":{},"geometry":{"type":"Polygon","coordinates":[[[54.383558,24.483302],[54.38341,24.483473],[54.383492,24.483571],[54.383632,24.483671],[54.38378,24.4835],[54.383698,24.483402],[54.383558,24.483302]]]}},{"type":"Feature","properties":{},"geometry":{"type":"Polygon","coordinates":[[[54.384385,24.484192],[54.384478,24.484283],[54.384539,24.48422],[54.384525,24.484203],[54.384547,24.484181],[54.384471,24.484102],[54.384385,24.484192]]]}},{"type":"Feature","properties":{},"geometry":{"type":"Polygon","coordinates":[[[54.384305,24.485063],[54.384318,24.485078],[54.384266,24.48513],[54.384254,24.485119],[54.38413,24.485244],[54.384139,24.485255],[54.384094,24.485306],[54.38408,24.485295],[54.383967,24.485404],[54.384152,24.48561],[54.384087,24.485676],[54.384234,24.48585],[54.384327,24.485925],[54.384353,24.485897],[54.384495,24.486066],[54.38459,24.486144],[54.384604,24.486129],[54.384751,24.486275],[54.384921,24.486093],[54.384929,24.486099],[54.384783,24.486244],[54.38493,24.486418],[54.38502,24.486495],[54.385206,24.486306],[54.385294,24.486411],[54.385689,24.48675],[54.385868,24.486578],[54.385722,24.486403],[54.385451,24.486177],[54.385407,24.486219],[54.385332,24.486138],[54.385282,24.486184],[54.38524,24.486147],[54.385229,24.486158],[54.385139,24.486051],[54.384782,24.485761],[54.384771,24.485773],[54.384706,24.485695],[54.384424,24.48546],[54.384506,24.485376],[54.384491,24.485358],[54.384538,24.485308],[54.38459,24.485351],[54.384695,24.485247],[54.384549,24.485072],[54.38441,24.484958],[54.384305,24.485063]],[[54.384497,24.485739],[54.384506,24.485746],[54.384408,24.485837],[54.384497,24.485739]]]}},{"type":"Feature","properties":{},"geometry":{"type":"Polygon","coordinates":[[[54.384391,24.486004],[54.384301,24.485928],[54.384278,24.485952],[54.384186,24.485842],[54.384095,24.485772],[54.384071,24.485797],[54.383927,24.485626],[54.383833,24.485548],[54.38357,24.48582],[54.383717,24.485994],[54.384072,24.486286],[54.384089,24.486269],[54.384179,24.486377],[54.384537,24.48667],[54.384802,24.486398],[54.384655,24.486223],[54.384563,24.48615],[54.384537,24.486178],[54.384391,24.486004]],[[54.383929,24.485946],[54.383927,24.485945],[54.38398,24.485893],[54.383929,24.485946]],[[54.384398,24.486329],[54.384394,24.486326],[54.384518,24.486198],[54.384398,24.486329]]]}},{"type":"Feature","properties":{},"geometry":{"type":"Polygon","coordinates":[[[54.384665,24.487162],[54.384621,24.487109],[54.384433,24.486972],[54.384421,24.486985],[54.384381,24.486938],[54.384191,24.486806],[54.384124,24.486882],[54.384167,24.486934],[54.384356,24.487069],[54.384367,24.487057],[54.384408,24.487105],[54.384594,24.487241],[54.384665,24.487162]]]}},{"type":"Feature","properties":{},"geometry":{"type":"Polygon","coordinates":[[[54.384035,24.486988],[54.384079,24.48704],[54.384266,24.487174],[54.384278,24.487161],[54.384319,24.487211],[54.384504,24.487347],[54.38458,24.487261],[54.384536,24.487209],[54.384345,24.487076],[54.384333,24.487091],[54.384293,24.487043],[54.384102,24.48691],[54.384035,24.486988]]]}},{"type":"Feature","properties":{},"geometry":{"type":"Polygon","coordinates":[[[54.38449,24.487368],[54.384446,24.487315],[54.384257,24.487181],[54.384244,24.487195],[54.384204,24.487148],[54.384013,24.487014],[54.383944,24.487093],[54.383988,24.487146],[54.384177,24.48728],[54.384188,24.487268],[54.384228,24.487316],[54.384418,24.487451],[54.38449,24.487368]]]}},{"type":"Feature","properties":{},"geometry":{"type":"Polygon","coordinates":[[[54.38381,24.487356],[54.383977,24.487476],[54.383956,24.4875],[54.384103,24.487674],[54.384277,24.487802],[54.384296,24.487777],[54.384287,24.487753],[54.384346,24.487748],[54.384376,24.487778],[54.384441,24.487865],[54.384428,24.487881],[54.384339,24.487818],[54.384297,24.487867],[54.38452,24.488131],[54.384625,24.488206],[54.384927,24.487853],[54.384706,24.487592],[54.384597,24.487519],[54.384515,24.487614],[54.384381,24.487454],[54.383924,24.487119],[54.383855,24.487199],[54.383899,24.487251],[54.384067,24.487371],[54.38405,24.487392],[54.383834,24.487226],[54.383766,24.487304],[54.38381,24.487356]],[[54.384453,24.487714],[54.384462,24.487724],[54.38444,24.48775],[54.384428,24.487742],[54.384453,24.487714]]]}},{"type":"Feature","properties":{},"geometry":{"type":"Polygon","coordinates":[[[54.384143,24.488371],[54.384074,24.488454],[54.384118,24.488506],[54.38421,24.488571],[54.384284,24.488484],[54.384275,24.488473],[54.384434,24.488289],[54.38439,24.488237],[54.384297,24.488166],[54.384131,24.488356],[54.384143,24.488371]]]}},{"type":"Feature","properties":{},"geometry":{"type":"Polygon","coordinates":[[[54.384338,24.48848],[54.384428,24.488566],[54.384466,24.488525],[54.384374,24.488438],[54.384338,24.48848]]]}},{"type":"Feature","properties":{},"geometry":{"type":"Polygon","coordinates":[[[54.384606,24.488415],[54.384458,24.48859],[54.384501,24.488643],[54.384584,24.488699],[54.384733,24.488525],[54.384689,24.488473],[54.384606,24.488415]]]}},{"type":"Feature","properties":{},"geometry":{"type":"Polygon","coordinates":[[[54.38502,24.489011],[54.384976,24.488959],[54.384623,24.488707],[54.384601,24.488734],[54.384488,24.488651],[54.38444,24.48871],[54.384484,24.488762],[54.384582,24.488831],[54.384614,24.488794],[54.384978,24.48906],[54.38502,24.489011]]]}},{"type":"Feature","properties":{},"geometry":{"type":"Polygon","coordinates":[[[54.383973,24.489266],[54.383821,24.489448],[54.38388,24.489518],[54.383805,24.489468],[54.383658,24.489651],[54.383713,24.489716],[54.383642,24.489667],[54.383489,24.489849],[54.383539,24.489909],[54.383476,24.489865],[54.383325,24.490041],[54.383357,24.490079],[54.383308,24.490043],[54.383144,24.490229],[54.383273,24.490382],[54.383428,24.490496],[54.383592,24.49031],[54.383551,24.490261],[54.383614,24.490305],[54.383762,24.49013],[54.383708,24.490065],[54.383769,24.490108],[54.383916,24.489931],[54.383991,24.490019],[54.384202,24.490167],[54.384209,24.490159],[54.384628,24.490481],[54.384539,24.490585],[54.384589,24.490644],[54.384526,24.4906],[54.384497,24.490634],[54.384408,24.490528],[54.38396,24.490217],[54.383847,24.49035],[54.383976,24.490504],[54.384373,24.490779],[54.384426,24.490848],[54.384374,24.490812],[54.384217,24.490997],[54.384346,24.49115],[54.384473,24.491241],[54.384631,24.491055],[54.384576,24.49099],[54.384643,24.491037],[54.384803,24.490856],[54.384756,24.4908],[54.384816,24.490843],[54.384974,24.490657],[54.384923,24.490597],[54.385003,24.490654],[54.385158,24.490476],[54.385128,24.490439],[54.385162,24.490464],[54.385326,24.490278],[54.385186,24.490111],[54.385054,24.490014],[54.385022,24.49005],[54.384896,24.4899],[54.384246,24.489453],[54.38422,24.489488],[54.384116,24.489364],[54.383973,24.489266]],[[54.384782,24.490459],[54.384741,24.49043],[54.384749,24.490421],[54.384782,24.490459]],[[54.38422,24.489904],[54.384213,24.489913],[54.384036,24.489775],[54.384081,24.489719],[54.384025,24.489653],[54.384094,24.4897],[54.384161,24.489619],[54.384268,24.489747],[54.384888,24.490167],[54.384871,24.490186],[54.384918,24.490242],[54.384885,24.490218],[54.384772,24.490348],[54.384664,24.490219],[54.38422,24.489904]],[[54.383867,24.48986],[54.383863,24.489855],[54.383868,24.489858],[54.383867,24.48986]]]}},{"type":"Feature","properties":{},"geometry":{"type":"Polygon","coordinates":[[[54.383894,24.490662],[54.383867,24.49063],[54.383655,24.490481],[54.383543,24.490615],[54.383671,24.490768],[54.383883,24.490917],[54.38389,24.490908],[54.383917,24.49094],[54.384129,24.491089],[54.384242,24.490955],[54.384113,24.490802],[54.383901,24.490653],[54.383894,24.490662]]]}},{"type":"Feature","properties":{},"geometry":{"type":"Polygon","coordinates":[[[54.384427,24.49256],[54.384471,24.492612],[54.384563,24.492668],[54.384719,24.492799],[54.384775,24.492743],[54.384731,24.492691],[54.384655,24.492629],[54.384627,24.492657],[54.384553,24.492574],[54.384458,24.492517],[54.384427,24.49256]]]}},{"type":"Feature","properties":{},"geometry":{"type":"Polygon","coordinates":[[[54.383709,24.492848],[54.383825,24.492962],[54.383861,24.492927],[54.383745,24.492813],[54.383709,24.492848]]]}},{"type":"Feature","properties":{},"geometry":{"type":"Polygon","coordinates":[[[54.383918,24.492943],[54.383885,24.493112],[54.383929,24.493165],[54.384162,24.493202],[54.384195,24.493033],[54.384151,24.49298],[54.383918,24.492943]]]}},{"type":"Feature","properties":{},"geometry":{"type":"Polygon","coordinates":[[[54.383505,24.493054],[54.383214,24.493412],[54.383434,24.493673],[54.383719,24.49386],[54.383998,24.493515],[54.383778,24.493254],[54.383505,24.493054]]]}},{"type":"Feature","properties":{},"geometry":{"type":"Polygon","coordinates":[[[54.384161,24.494168],[54.384102,24.494241],[54.384075,24.494223],[54.384029,24.494279],[54.384051,24.494305],[54.383917,24.494469],[54.38389,24.494451],[54.383846,24.494506],[54.383867,24.49453],[54.383803,24.494609],[54.383987,24.494827],[54.384864,24.495133],[54.384915,24.495074],[54.384161,24.494168]]]}},{"type":"Feature","properties":{},"geometry":{"type":"Polygon","coordinates":[[[54.381935,24.496612],[54.382026,24.496721],[54.383069,24.497437],[54.383124,24.497371],[54.38317,24.497403],[54.383214,24.49735],[54.383178,24.497307],[54.383784,24.496587],[54.383765,24.496652],[54.383826,24.496834],[54.38377,24.496848],[54.383828,24.496962],[54.384048,24.497224],[54.384192,24.497138],[54.384177,24.497119],[54.384323,24.497029],[54.384278,24.496929],[54.384256,24.49682],[54.384288,24.49673],[54.38446,24.496532],[54.38424,24.49627],[54.384134,24.496202],[54.383887,24.496494],[54.383833,24.496529],[54.384299,24.495975],[54.384314,24.495986],[54.384375,24.495916],[54.384361,24.4959],[54.384701,24.495514],[54.384681,24.49549],[54.384665,24.49533],[54.384573,24.495221],[54.384451,24.495136],[54.38444,24.495151],[54.384375,24.495108],[54.383837,24.494904],[54.383796,24.494869],[54.383726,24.494872],[54.383484,24.494781],[54.382853,24.495513],[54.382868,24.495531],[54.382851,24.495551],[54.382867,24.495577],[54.382842,24.49561],[54.382787,24.4956],[54.382731,24.495662],[54.382761,24.495698],[54.382735,24.495725],[54.382707,24.495718],[54.382689,24.495739],[54.382669,24.495728],[54.381935,24.496612]]]}},{"type":"Feature","properties":{},"geometry":{"type":"Polygon","coordinates":[[[54.38435,24.496259],[54.384362,24.496312],[54.384406,24.496364],[54.384478,24.49635],[54.384465,24.496298],[54.384421,24.496245],[54.38435,24.496259]]]}},{"type":"Feature","properties":{},"geometry":{"type":"Polygon","coordinates":[[[54.383621,24.497122],[54.383665,24.497174],[54.383729,24.497217],[54.383781,24.497153],[54.383737,24.497101],[54.383674,24.497057],[54.383621,24.497122]]]}},{"type":"Feature","properties":{},"geometry":{"type":"Polygon","coordinates":[[[54.384149,24.498127],[54.384235,24.49802],[54.384021,24.497749],[54.384087,24.497666],[54.383867,24.497404],[54.383596,24.497226],[54.383377,24.497502],[54.383596,24.497763],[54.384149,24.498127]]]}},{"type":"Feature","properties":{},"geometry":{"type":"Polygon","coordinates":[[[54.383429,24.504342],[54.383302,24.504345],[54.383303,24.504399],[54.383347,24.504451],[54.383437,24.504449],[54.383437,24.504477],[54.383408,24.504477],[54.383408,24.504506],[54.383317,24.504507],[54.383321,24.50491],[54.383541,24.505171],[54.383843,24.505168],[54.383842,24.505115],[54.383925,24.505114],[54.383916,24.50426],[54.383831,24.504159],[54.38383,24.504084],[54.383908,24.504083],[54.383905,24.503949],[54.383861,24.503897],[54.383733,24.503899],[54.38361,24.503752],[54.38347,24.503754],[54.383473,24.504399],[54.383429,24.504342]]]}},{"type":"Feature","properties":{},"geometry":{"type":"Polygon","coordinates":[[[54.382846,24.508246],[54.382911,24.508332],[54.382964,24.508305],[54.3829,24.508219],[54.382846,24.508246]]]}},{"type":"Feature","properties":{},"geometry":{"type":"Polygon","coordinates":[[[54.3823,24.510555],[54.38252,24.510817],[54.383204,24.511354],[54.383595,24.510941],[54.383375,24.510679],[54.382681,24.51014],[54.3823,24.510555]]]}},{"type":"Feature","properties":{},"geometry":{"type":"Polygon","coordinates":[[[54.385254,24.481278],[54.385106,24.481449],[54.385151,24.481503],[54.385099,24.481466],[54.384951,24.481637],[54.384998,24.481693],[54.385137,24.481793],[54.385285,24.481622],[54.385276,24.48161],[54.385327,24.481647],[54.385476,24.481476],[54.385394,24.481378],[54.385254,24.481278]]]}},{"type":"Feature","properties":{},"geometry":{"type":"Polygon","coordinates":[[[54.384884,24.481744],[54.384736,24.481915],[54.384783,24.481971],[54.384922,24.482071],[54.38507,24.4819],[54.385024,24.481844],[54.384884,24.481744]]]}},{"type":"Feature","properties":{},"geometry":{"type":"Polygon","coordinates":[[[54.38669,24.482051],[54.386699,24.482115],[54.386743,24.482167],[54.386942,24.482142],[54.386937,24.48208],[54.386893,24.482028],[54.38669,24.482051]]]}},{"type":"Feature","properties":{},"geometry":{"type":"Polygon","coordinates":[[[54.389809,24.482389],[54.389772,24.482455],[54.389816,24.482507],[54.389947,24.482567],[54.389983,24.482501],[54.389939,24.482448],[54.389809,24.482389]]]}},{"type":"Feature","properties":{},"geometry":{"type":"Polygon","coordinates":[[[54.389997,24.482755],[54.389907,24.482825],[54.390016,24.482946],[54.390106,24.482876],[54.389997,24.482755]]]}},{"type":"Feature","properties":{},"geometry":{"type":"Polygon","coordinates":[[[54.387203,24.482327],[54.386697,24.482936],[54.386917,24.483197],[54.387307,24.483471],[54.387819,24.482871],[54.387599,24.482609],[54.387203,24.482327]]]}},{"type":"Feature","properties":{},"geometry":{"type":"Polygon","coordinates":[[[54.387843,24.485182],[54.387938,24.485281],[54.388014,24.485212],[54.387919,24.485113],[54.387843,24.485182]]]}},{"type":"Feature","properties":{},"geometry":{"type":"Polygon","coordinates":[[[54.389703,24.485797],[54.389662,24.485749],[54.389737,24.485689],[54.389584,24.485525],[54.389443,24.485639],[54.389639,24.485848],[54.389703,24.485797]]]}},{"type":"Feature","properties":{},"geometry":{"type":"Polygon","coordinates":[[[54.387364,24.48671],[54.387265,24.486819],[54.387356,24.486908],[54.387454,24.486797],[54.387364,24.48671]]]}},{"type":"Feature","properties":{},"geometry":{"type":"Polygon","coordinates":[[[54.387449,24.486816],[54.38738,24.486892],[54.387424,24.486944],[54.387513,24.48701],[54.387583,24.486935],[54.387539,24.486882],[54.387449,24.486816]]]}},{"type":"Feature","properties":{},"geometry":{"type":"Polygon","coordinates":[[[54.385113,24.486646],[54.385057,24.486927],[54.385204,24.487102],[54.3856,24.487164],[54.385663,24.48688],[54.385516,24.486706],[54.385113,24.486646]]]}},{"type":"Feature","properties":{},"geometry":{"type":"Polygon","coordinates":[[[54.386453,24.486984],[54.386339,24.48711],[54.386383,24.487163],[54.386469,24.487226],[54.386588,24.487107],[54.386453,24.486984]]]}},{"type":"Feature","properties":{},"geometry":{"type":"Polygon","coordinates":[[[54.384808,24.487298],[54.384731,24.487386],[54.384775,24.487438],[54.384839,24.487483],[54.384917,24.487396],[54.384873,24.487343],[54.384808,24.487298]]]}},{"type":"Feature","properties":{},"geometry":{"type":"Polygon","coordinates":[[[54.387334,24.487667],[54.387356,24.487688],[54.387484,24.487673],[54.387473,24.487544],[54.387253,24.487282],[54.387085,24.487296],[54.386943,24.487126],[54.386854,24.487055],[54.386515,24.487435],[54.386735,24.487697],[54.386836,24.487771],[54.387047,24.488022],[54.38719,24.488008],[54.387167,24.487853],[54.387334,24.487667]]]}},{"type":"Feature","properties":{},"geometry":{"type":"Polygon","coordinates":[[[54.38564,24.488508],[54.3857,24.48844],[54.385731,24.488462],[54.385827,24.488361],[54.385792,24.48832],[54.385822,24.488288],[54.385521,24.487933],[54.38542,24.487862],[54.385368,24.487918],[54.385317,24.487884],[54.385015,24.488232],[54.385351,24.488653],[54.3856,24.488831],[54.385762,24.488653],[54.38564,24.488508]]]}},{"type":"Feature","properties":{},"geometry":{"type":"Polygon","coordinates":[[[54.386127,24.489025],[54.386263,24.489069],[54.386353,24.488846],[54.386391,24.488804],[54.386608,24.488676],[54.386532,24.488562],[54.386334,24.488328],[54.386082,24.488145],[54.385948,24.4883],[54.386073,24.48845],[54.385883,24.488306],[54.38579,24.488408],[54.385936,24.488582],[54.38605,24.488667],[54.38598,24.488851],[54.386127,24.489025]],[[54.38615,24.488517],[54.386149,24.488518],[54.386145,24.488513],[54.38615,24.488517]]]}},{"type":"Feature","properties":{},"geometry":{"type":"Polygon","coordinates":[[[54.385056,24.488408],[54.385027,24.488464],[54.385071,24.488517],[54.385126,24.48854],[54.385155,24.488484],[54.385111,24.488432],[54.385056,24.488408]]]}},{"type":"Feature","properties":{},"geometry":{"type":"Polygon","coordinates":[[[54.384825,24.488689],[54.384869,24.488741],[54.385108,24.48891],[54.385185,24.488818],[54.385141,24.488766],[54.384904,24.488593],[54.384825,24.488689]]]}},{"type":"Feature","properties":{},"geometry":{"type":"Polygon","coordinates":[[[54.38572,24.488724],[54.38558,24.488884],[54.385624,24.488936],[54.385871,24.489118],[54.385884,24.489102],[54.385952,24.489166],[54.385993,24.489123],[54.385928,24.489054],[54.386009,24.488962],[54.385897,24.488858],[54.385813,24.488948],[54.385764,24.488909],[54.385835,24.488828],[54.385791,24.488776],[54.38572,24.488724]]]}},{"type":"Feature","properties":{},"geometry":{"type":"Polygon","coordinates":[[[54.385137,24.488882],[54.385181,24.488934],[54.385423,24.489114],[54.385267,24.48929],[54.385414,24.489464],[54.385525,24.489542],[54.385637,24.489413],[54.385606,24.489376],[54.38565,24.489325],[54.385749,24.489443],[54.385812,24.489488],[54.385839,24.489458],[54.385869,24.489476],[54.38596,24.489351],[54.385917,24.489299],[54.385846,24.489256],[54.38583,24.489277],[54.385766,24.489201],[54.385521,24.489014],[54.385568,24.488962],[54.385455,24.48886],[54.385374,24.48895],[54.38532,24.488909],[54.385392,24.48883],[54.385348,24.488778],[54.385276,24.488729],[54.385137,24.488882]]]}},{"type":"Feature","properties":{},"geometry":{"type":"Polygon","coordinates":[[[54.385265,24.489056],[54.385147,24.488972],[54.385098,24.489058],[54.385174,24.489144],[54.385236,24.489191],[54.385309,24.489108],[54.385265,24.489056]]]}},{"type":"Feature","properties":{},"geometry":{"type":"Polygon","coordinates":[[[54.385923,24.489465],[54.386069,24.48964],[54.386337,24.489835],[54.386466,24.489659],[54.38632,24.489485],[54.386041,24.489309],[54.385923,24.489465]]]}},{"type":"Feature","properties":{},"geometry":{"type":"Polygon","coordinates":[[[54.385595,24.48949],[54.385639,24.489543],[54.386109,24.489873],[54.386119,24.48986],[54.38624,24.489963],[54.386276,24.489924],[54.386232,24.489871],[54.386143,24.489808],[54.386135,24.489817],[54.386101,24.489776],[54.385634,24.489447],[54.385595,24.48949]]]}},{"type":"Feature","properties":{},"geometry":{"type":"Polygon","coordinates":[[[54.387222,24.490329],[54.387178,24.490277],[54.386978,24.490133],[54.387006,24.490134],[54.387008,24.490091],[54.386964,24.490038],[54.3869,24.490036],[54.386897,24.490079],[54.386942,24.490131],[54.386835,24.490257],[54.386879,24.490309],[54.387101,24.490468],[54.387222,24.490329]]]}},{"type":"Feature","properties":{},"geometry":{"type":"Polygon","coordinates":[[[54.386341,24.490978],[54.386386,24.490909],[54.386313,24.490821],[54.386213,24.490767],[54.386158,24.490851],[54.386202,24.490903],[54.386341,24.490978]]]}},{"type":"Feature","properties":{},"geometry":{"type":"Polygon","coordinates":[[[54.386369,24.491884],[54.386439,24.4918],[54.386358,24.491705],[54.386548,24.491607],[54.386715,24.491409],[54.386623,24.4913],[54.385526,24.490487],[54.384776,24.491378],[54.384868,24.491487],[54.3863,24.492465],[54.386359,24.492363],[54.386328,24.492296],[54.386238,24.492189],[54.386215,24.492041],[54.386215,24.491904],[54.386259,24.4918],[54.386369,24.491884]]]}},{"type":"Feature","properties":{},"geometry":{"type":"Polygon","coordinates":[[[54.384764,24.491526],[54.384814,24.491546],[54.384838,24.491499],[54.384794,24.491446],[54.384744,24.491426],[54.38472,24.491473],[54.384764,24.491526]]]}},{"type":"Feature","properties":{},"geometry":{"type":"Polygon","coordinates":[[[54.384769,24.491643],[54.384666,24.491539],[54.384628,24.491576],[54.384732,24.491679],[54.384769,24.491643]]]}},{"type":"Feature","properties":{},"geometry":{"type":"Polygon","coordinates":[[[54.384507,24.491724],[54.384551,24.491777],[54.384859,24.491988],[54.384925,24.491908],[54.384881,24.491855],[54.384574,24.491644],[54.384507,24.491724]]]}},{"type":"Feature","properties":{},"geometry":{"type":"Polygon","coordinates":[[[54.384485,24.491787],[54.384529,24.49184],[54.384811,24.492038],[54.38484,24.492004],[54.384796,24.491952],[54.384513,24.491754],[54.384485,24.491787]]]}},{"type":"Feature","properties":{},"geometry":{"type":"Polygon","coordinates":[[[54.385069,24.492119],[54.38501,24.492085],[54.384958,24.492031],[54.384879,24.492132],[54.384835,24.492107],[54.384774,24.492154],[54.384704,24.492257],[54.384851,24.492432],[54.385068,24.492554],[54.385149,24.492436],[54.385088,24.492363],[54.385152,24.492399],[54.385205,24.492358],[54.38524,24.492307],[54.38519,24.492248],[54.385323,24.492089],[54.385246,24.492015],[54.385214,24.492053],[54.385199,24.492034],[54.385295,24.491952],[54.385171,24.491822],[54.385115,24.491869],[54.385094,24.491848],[54.384938,24.491981],[54.385069,24.492119]],[[54.38515,24.49213],[54.385121,24.492165],[54.385109,24.492152],[54.385143,24.492123],[54.38515,24.49213]]]}},{"type":"Feature","properties":{},"geometry":{"type":"Polygon","coordinates":[[[54.385444,24.49236],[54.385342,24.492296],[54.385167,24.492504],[54.385387,24.492766],[54.386305,24.49343],[54.386533,24.492836],[54.386313,24.492575],[54.385551,24.492041],[54.385509,24.491985],[54.385466,24.491961],[54.385403,24.492058],[54.385481,24.492129],[54.385395,24.492238],[54.385472,24.492329],[54.385444,24.49236]]]}},{"type":"Feature","properties":{},"geometry":{"type":"Polygon","coordinates":[[[54.384797,24.492733],[54.384751,24.492798],[54.384795,24.492851],[54.384904,24.492916],[54.384951,24.492851],[54.384907,24.492799],[54.384797,24.492733]]]}},{"type":"Feature","properties":{},"geometry":{"type":"Polygon","coordinates":[[[54.388025,24.49386],[54.388207,24.493929],[54.388628,24.493219],[54.388563,24.493106],[54.388344,24.492845],[54.38829,24.492837],[54.388253,24.492863],[54.388243,24.492902],[54.388222,24.492885],[54.387805,24.493598],[54.388025,24.49386]]]}},{"type":"Feature","properties":{},"geometry":{"type":"Polygon","coordinates":[[[54.388542,24.493994],[54.388537,24.493956],[54.388493,24.493904],[54.38838,24.493917],[54.388385,24.493955],[54.388429,24.494007],[54.388542,24.493994]]]}},{"type":"Feature","properties":{},"geometry":{"type":"Polygon","coordinates":[[[54.388313,24.493964],[54.38828,24.494084],[54.388324,24.494136],[54.388382,24.494149],[54.388415,24.49403],[54.388371,24.493978],[54.388313,24.493964]]]}},{"type":"Feature","properties":{},"geometry":{"type":"Polygon","coordinates":[[[54.389049,24.494002],[54.389123,24.49409],[54.389101,24.494112],[54.389134,24.494774],[54.389229,24.494888],[54.389231,24.494932],[54.389451,24.495193],[54.389562,24.495189],[54.389526,24.494452],[54.389426,24.494318],[54.38944,24.494303],[54.38958,24.49447],[54.39039,24.494377],[54.390341,24.494022],[54.390121,24.493761],[54.389381,24.493846],[54.389214,24.493647],[54.389184,24.493649],[54.389108,24.493557],[54.389028,24.493564],[54.389049,24.494002]]]}},{"type":"Feature","properties":{},"geometry":{"type":"Polygon","coordinates":[[[54.385517,24.493985],[54.384727,24.493442],[54.384327,24.493925],[54.384803,24.494492],[54.385025,24.494644],[54.385267,24.494351],[54.385836,24.494742],[54.385994,24.494552],[54.385517,24.493985]]]}},{"type":"Feature","properties":{},"geometry":{"type":"Polygon","coordinates":[[[54.387649,24.493977],[54.387358,24.494681],[54.387699,24.495086],[54.388039,24.495316],[54.388167,24.495144],[54.388,24.494944],[54.388127,24.494636],[54.388321,24.4947],[54.388396,24.494518],[54.388056,24.494112],[54.387649,24.493977]]]}},{"type":"Feature","properties":{},"geometry":{"type":"Polygon","coordinates":[[[54.385429,24.49486],[54.385447,24.494836],[54.385403,24.494783],[54.385326,24.494734],[54.385299,24.494769],[54.385269,24.494751],[54.385134,24.494926],[54.385268,24.495048],[54.385355,24.495092],[54.385487,24.494921],[54.385429,24.49486]]]}},{"type":"Feature","properties":{},"geometry":{"type":"Polygon","coordinates":[[[54.388146,24.495705],[54.388159,24.495814],[54.388203,24.495866],[54.388239,24.495862],[54.388283,24.495921],[54.38854,24.495896],[54.388529,24.495799],[54.388485,24.495747],[54.388434,24.495752],[54.388398,24.495709],[54.388318,24.495717],[54.388296,24.49569],[54.388146,24.495705]]]}},{"type":"Feature","properties":{},"geometry":{"type":"Polygon","coordinates":[[[54.387574,24.496068],[54.387666,24.49676],[54.387886,24.497022],[54.388636,24.49694],[54.388544,24.496247],[54.388325,24.495985],[54.387574,24.496068]]]}},{"type":"Feature","properties":{},"geometry":{"type":"Polygon","coordinates":[[[54.386579,24.497389],[54.38654,24.497392],[54.386584,24.497755],[54.386629,24.497797],[54.386643,24.497912],[54.386615,24.497915],[54.386626,24.498009],[54.386672,24.498052],[54.38671,24.49836],[54.386674,24.498363],[54.386683,24.498432],[54.386719,24.498476],[54.386736,24.498474],[54.386772,24.498766],[54.386809,24.49881],[54.387181,24.498772],[54.387169,24.498673],[54.387338,24.498656],[54.387319,24.498492],[54.387779,24.498458],[54.387775,24.498425],[54.388063,24.498396],[54.388283,24.498657],[54.388432,24.498642],[54.388424,24.498579],[54.388449,24.498601],[54.388506,24.498592],[54.388536,24.498627],[54.388678,24.498613],[54.388618,24.498141],[54.388873,24.498115],[54.388817,24.497686],[54.389191,24.49765],[54.389182,24.49757],[54.389202,24.497568],[54.38918,24.497375],[54.38915,24.497339],[54.389146,24.497298],[54.388926,24.497036],[54.388702,24.497057],[54.388649,24.496995],[54.388009,24.497054],[54.387604,24.497104],[54.387617,24.497215],[54.387546,24.49722],[54.38752,24.497188],[54.387153,24.497228],[54.387133,24.497072],[54.387337,24.497049],[54.387323,24.496942],[54.387311,24.496928],[54.387116,24.496947],[54.387031,24.496296],[54.38694,24.496187],[54.386709,24.496212],[54.386851,24.497281],[54.38657,24.497309],[54.386579,24.497389]]]}},{"type":"Feature","properties":{},"geometry":{"type":"Polygon","coordinates":[[[54.384421,24.497102],[54.384347,24.497196],[54.38439,24.497248],[54.38446,24.497294],[54.384535,24.4972],[54.384491,24.497147],[54.384421,24.497102]]]}},{"type":"Feature","properties":{},"geometry":{"type":"Polygon","coordinates":[[[54.389542,24.49766],[54.389549,24.497806],[54.389593,24.497858],[54.389794,24.497846],[54.389787,24.497675],[54.389743,24.497623],[54.389703,24.497624],[54.389683,24.497601],[54.389601,24.497604],[54.389604,24.497657],[54.389542,24.49766]]]}},{"type":"Feature","properties":{},"geometry":{"type":"Polygon","coordinates":[[[54.38686,24.498918],[54.386817,24.498866],[54.386647,24.498885],[54.386653,24.498939],[54.386697,24.498991],[54.386865,24.498974],[54.38686,24.498918]]]}},{"type":"Feature","properties":{},"geometry":{"type":"Polygon","coordinates":[[[54.388104,24.500121],[54.388133,24.500156],[54.388026,24.500164],[54.387947,24.499537],[54.387727,24.499275],[54.386775,24.499375],[54.386768,24.499506],[54.386877,24.499783],[54.386944,24.499887],[54.387164,24.500148],[54.387455,24.500471],[54.387679,24.500649],[54.387756,24.500641],[54.38807,24.50087],[54.387919,24.500905],[54.388012,24.50105],[54.388047,24.501141],[54.388102,24.501206],[54.388226,24.501085],[54.388295,24.501641],[54.388112,24.501492],[54.38812,24.501571],[54.388053,24.501752],[54.388108,24.501817],[54.388144,24.501821],[54.388134,24.501871],[54.387938,24.502083],[54.387908,24.50206],[54.387837,24.502137],[54.387865,24.502171],[54.387597,24.502492],[54.387684,24.502595],[54.387613,24.502521],[54.387477,24.502822],[54.38755,24.50291],[54.387617,24.502932],[54.387665,24.503036],[54.387577,24.503046],[54.387576,24.503105],[54.387363,24.503126],[54.387339,24.50325],[54.387867,24.503878],[54.388062,24.503852],[54.388203,24.504019],[54.38876,24.503822],[54.388232,24.503194],[54.388077,24.503071],[54.387981,24.502846],[54.38818,24.502506],[54.388172,24.50246],[54.388509,24.502428],[54.388664,24.502613],[54.388742,24.503235],[54.388797,24.5033],[54.39001,24.503173],[54.389946,24.502661],[54.389961,24.502679],[54.390062,24.502671],[54.39009,24.502705],[54.390229,24.502694],[54.390225,24.502655],[54.390347,24.502645],[54.390406,24.5031],[54.390486,24.503195],[54.391238,24.503132],[54.391181,24.502618],[54.391499,24.502576],[54.391071,24.49902],[54.391413,24.498985],[54.391369,24.498631],[54.390929,24.498107],[54.389896,24.498215],[54.389941,24.498568],[54.390241,24.498926],[54.389877,24.498968],[54.389968,24.499683],[54.389518,24.499724],[54.389457,24.499151],[54.389403,24.499085],[54.388005,24.4992],[54.388104,24.500121]],[[54.389997,24.499929],[54.390124,24.500913],[54.389567,24.500249],[54.38945,24.500261],[54.389421,24.500227],[54.389282,24.500242],[54.389287,24.500282],[54.389177,24.500293],[54.389168,24.500212],[54.389116,24.50015],[54.389107,24.500077],[54.389552,24.500038],[54.389544,24.499961],[54.389555,24.499974],[54.389997,24.499929]],[[54.389403,24.502015],[54.389641,24.502298],[54.389433,24.50232],[54.389403,24.502015]],[[54.389707,24.501363],[54.389797,24.50147],[54.389883,24.501462],[54.389908,24.501492],[54.390068,24.501475],[54.390064,24.501442],[54.39019,24.50143],[54.390279,24.502116],[54.389737,24.501471],[54.389618,24.50148],[54.389594,24.501451],[54.389464,24.501461],[54.389467,24.501497],[54.389353,24.501506],[54.38935,24.501472],[54.389411,24.501351],[54.389499,24.501315],[54.389634,24.501331],[54.389707,24.501363]],[[54.38883,24.50012],[54.388832,24.50012],[54.388833,24.500123],[54.38883,24.50012]],[[54.38885,24.50016],[54.388858,24.500169],[54.388852,24.50017],[54.38885,24.50016]],[[54.38927,24.500935],[54.38926,24.500832],[54.389436,24.501041],[54.389335,24.501049],[54.389278,24.50102],[54.389259,24.501006],[54.389251,24.500937],[54.38927,24.500935]]]}},{"type":"Feature","properties":{},"geometry":{"type":"Polygon","coordinates":[[[54.389134,24.503267],[54.389133,24.50332],[54.389177,24.503373],[54.389284,24.503374],[54.389285,24.503321],[54.389242,24.503268],[54.389134,24.503267]]]}},{"type":"Feature","properties":{},"geometry":{"type":"Polygon","coordinates":[[[54.389003,24.503406],[54.388996,24.503355],[54.388952,24.503303],[54.388737,24.503327],[54.388744,24.503378],[54.388787,24.50343],[54.389003,24.503406]]]}},{"type":"Feature","properties":{},"geometry":{"type":"Polygon","coordinates":[[[54.387519,24.503969],[54.3874,24.503984],[54.387407,24.504026],[54.387451,24.504078],[54.387492,24.504073],[54.387493,24.504101],[54.387537,24.504153],[54.387601,24.50415],[54.387597,24.50407],[54.387519,24.503969]]]}},{"type":"Feature","properties":{},"geometry":{"type":"Polygon","coordinates":[[[54.387362,24.50404],[54.38737,24.504086],[54.387414,24.504139],[54.387458,24.504132],[54.38745,24.504086],[54.387406,24.504034],[54.387362,24.50404]]]}},{"type":"Feature","properties":{},"geometry":{"type":"Polygon","coordinates":[[[54.389295,24.507107],[54.389292,24.507073],[54.389248,24.507021],[54.389152,24.507028],[54.389156,24.507062],[54.389199,24.507114],[54.389295,24.507107]]]}},{"type":"Feature","properties":{},"geometry":{"type":"Polygon","coordinates":[[[54.39058,24.482459],[54.390563,24.482582],[54.390607,24.482634],[54.390741,24.482647],[54.390762,24.482524],[54.390718,24.482472],[54.39058,24.482459]]]}},{"type":"Feature","properties":{},"geometry":{"type":"Polygon","coordinates":[[[54.391191,24.482839],[54.39115,24.482902],[54.391194,24.482954],[54.391239,24.482977],[54.391272,24.482923],[54.391386,24.48298],[54.391315,24.483101],[54.391056,24.482942],[54.390997,24.483025],[54.391041,24.483077],[54.391282,24.48322],[54.391299,24.483198],[54.391422,24.483344],[54.391527,24.483396],[54.391516,24.483417],[54.39156,24.483469],[54.391655,24.483509],[54.391671,24.483479],[54.391651,24.483455],[54.391726,24.483334],[54.391652,24.483245],[54.391711,24.483148],[54.391757,24.483172],[54.391767,24.483154],[54.391814,24.483177],[54.391889,24.483058],[54.391742,24.482883],[54.391509,24.482769],[54.391479,24.482821],[54.391462,24.482801],[54.391195,24.48268],[54.391183,24.482701],[54.391149,24.48266],[54.391062,24.48262],[54.391056,24.482632],[54.391035,24.482607],[54.390942,24.482565],[54.390825,24.482772],[54.390869,24.482824],[54.390955,24.482868],[54.390966,24.482851],[54.390991,24.48288],[54.391072,24.482919],[54.391164,24.482761],[54.391199,24.482802],[54.39126,24.482832],[54.39124,24.482868],[54.391191,24.482839]]]}},{"type":"Feature","properties":{},"geometry":{"type":"Polygon","coordinates":[[[54.390461,24.482735],[54.390505,24.482787],[54.390754,24.482925],[54.390809,24.482844],[54.390765,24.482792],[54.390518,24.482654],[54.390461,24.482735]]]}},{"type":"Feature","properties":{},"geometry":{"type":"Polygon","coordinates":[[[54.392282,24.483312],[54.392326,24.483364],[54.392419,24.483407],[54.39252,24.483232],[54.392476,24.48318],[54.392379,24.483134],[54.392354,24.483181],[54.392281,24.483077],[54.392174,24.483027],[54.392153,24.483065],[54.392042,24.483006],[54.392022,24.483043],[54.392065,24.483095],[54.392161,24.483142],[54.392178,24.483116],[54.392243,24.483155],[54.392207,24.483218],[54.392251,24.483271],[54.392294,24.48329],[54.392282,24.483312]]]}},{"type":"Feature","properties":{},"geometry":{"type":"Polygon","coordinates":[[[54.391554,24.483672],[54.391408,24.483498],[54.391224,24.483358],[54.391015,24.483564],[54.391161,24.483739],[54.391368,24.483948],[54.391455,24.483873],[54.391417,24.483827],[54.391447,24.483793],[54.391392,24.483728],[54.391405,24.483713],[54.391471,24.483768],[54.391554,24.483672]]]}},{"type":"Feature","properties":{},"geometry":{"type":"Polygon","coordinates":[[[54.39068,24.484447],[54.390843,24.484615],[54.390934,24.484537],[54.390771,24.484369],[54.39068,24.484447]]]}},{"type":"Feature","properties":{},"geometry":{"type":"Polygon","coordinates":[[[54.394275,24.4876],[54.394095,24.487756],[54.394111,24.487775],[54.394066,24.487813],[54.39474,24.488565],[54.394831,24.488494],[54.395128,24.488848],[54.39531,24.489034],[54.395421,24.488945],[54.395485,24.48901],[54.395702,24.488834],[54.395634,24.488754],[54.395726,24.48868],[54.395167,24.488022],[54.394966,24.487734],[54.39462,24.487343],[54.394572,24.487382],[54.394555,24.487364],[54.394369,24.487515],[54.394506,24.487677],[54.394424,24.487743],[54.394275,24.4876]]]}},{"type":"Feature","properties":{},"geometry":{"type":"Polygon","coordinates":[[[54.39497,24.487235],[54.395007,24.487279],[54.394866,24.487404],[54.394901,24.487445],[54.394864,24.487477],[54.395403,24.488118],[54.395525,24.488232],[54.395909,24.48789],[54.395338,24.487219],[54.395256,24.487186],[54.395144,24.487174],[54.395019,24.487192],[54.39497,24.487235]]]}},{"type":"Feature","properties":{},"geometry":{"type":"Polygon","coordinates":[[[54.392593,24.489084],[54.392743,24.489172],[54.392863,24.489287],[54.392941,24.489384],[54.393268,24.489253],[54.393327,24.489341],[54.393858,24.489271],[54.393805,24.488935],[54.39375,24.488869],[54.393172,24.488945],[54.393098,24.488906],[54.393072,24.488852],[54.393065,24.488787],[54.393079,24.488724],[54.393112,24.488666],[54.393161,24.48862],[54.393236,24.488583],[54.393762,24.488537],[54.393704,24.487983],[54.393649,24.487917],[54.392872,24.487985],[54.392909,24.488341],[54.392655,24.488656],[54.392483,24.488575],[54.392314,24.488534],[54.392295,24.488626],[54.392215,24.488605],[54.392125,24.48894],[54.39218,24.489006],[54.392442,24.489031],[54.392593,24.489084]]]}},{"type":"Feature","properties":{},"geometry":{"type":"Polygon","coordinates":[[[54.39419,24.488888],[54.394231,24.489235],[54.394451,24.489497],[54.39441,24.489501],[54.394421,24.489601],[54.394271,24.489615],[54.394312,24.489967],[54.394662,24.490384],[54.394497,24.490409],[54.394352,24.490468],[54.394074,24.490806],[54.394048,24.490748],[54.393938,24.490627],[54.393858,24.490583],[54.393895,24.490559],[54.394033,24.490383],[54.393946,24.489879],[54.393891,24.489814],[54.393513,24.489847],[54.393237,24.48969],[54.392995,24.489698],[54.392899,24.490086],[54.392856,24.490178],[54.392767,24.490289],[54.392729,24.490281],[54.392598,24.490361],[54.392349,24.490475],[54.392143,24.490511],[54.391935,24.490511],[54.391736,24.490465],[54.391721,24.490502],[54.391735,24.490577],[54.3917,24.4906],[54.391651,24.49071],[54.391779,24.490845],[54.391997,24.490887],[54.392358,24.490999],[54.392431,24.490935],[54.392537,24.490935],[54.392624,24.491063],[54.393039,24.491008],[54.393356,24.491195],[54.39344,24.491083],[54.39351,24.49116],[54.393603,24.491213],[54.393718,24.491238],[54.393441,24.491575],[54.393494,24.491719],[54.393523,24.491754],[54.393859,24.491986],[54.39496,24.490665],[54.394983,24.490694],[54.395171,24.490676],[54.395155,24.490531],[54.395247,24.490522],[54.395206,24.490171],[54.395,24.489925],[54.395087,24.489917],[54.395074,24.489804],[54.395166,24.489795],[54.395124,24.489441],[54.394622,24.488843],[54.394585,24.488847],[54.394508,24.488755],[54.394327,24.488773],[54.394339,24.488873],[54.39419,24.488888]]]}},{"type":"Feature","properties":{},"geometry":{"type":"Polygon","coordinates":[[[54.392169,24.491164],[54.39221,24.49149],[54.392429,24.491752],[54.392484,24.491746],[54.392547,24.492146],[54.392765,24.492406],[54.392226,24.492479],[54.392288,24.492864],[54.392915,24.49361],[54.393497,24.493532],[54.393434,24.493147],[54.393205,24.492874],[54.393579,24.492825],[54.393605,24.492625],[54.393549,24.492265],[54.392971,24.491577],[54.393115,24.491561],[54.393089,24.491353],[54.392869,24.491091],[54.392169,24.491164]]]}},{"type":"Feature","properties":{},"geometry":{"type":"Polygon","coordinates":[[[54.395293,24.492321],[54.395534,24.492495],[54.395568,24.492456],[54.395604,24.492482],[54.395588,24.492557],[54.395734,24.492731],[54.396143,24.492806],[54.396209,24.492507],[54.396062,24.492332],[54.395695,24.492265],[54.395182,24.491654],[54.394932,24.491475],[54.394754,24.49168],[54.395293,24.492321]]]}},{"type":"Feature","properties":{},"geometry":{"type":"Polygon","coordinates":[[[54.394529,24.491865],[54.394395,24.492033],[54.394466,24.492118],[54.394448,24.492141],[54.394986,24.492783],[54.395122,24.492872],[54.395195,24.492781],[54.395291,24.492844],[54.395365,24.49275],[54.395307,24.49268],[54.395354,24.49262],[54.394815,24.491978],[54.394662,24.491877],[54.394623,24.491927],[54.394529,24.491865]]]}},{"type":"Feature","properties":{},"geometry":{"type":"Polygon","coordinates":[[[54.394797,24.492892],[54.394233,24.49222],[54.393984,24.49204],[54.393805,24.492246],[54.39437,24.492917],[54.394611,24.493091],[54.394645,24.493052],[54.394748,24.493126],[54.39485,24.493009],[54.394774,24.492919],[54.394797,24.492892]]]}},{"type":"Feature","properties":{},"geometry":{"type":"Polygon","coordinates":[[[54.390587,24.492771],[54.390399,24.492942],[54.390549,24.493091],[54.390737,24.49292],[54.390587,24.492771]]]}},{"type":"Feature","properties":{},"geometry":{"type":"Polygon","coordinates":[[[54.393552,24.494486],[54.393515,24.494441],[54.393367,24.494459],[54.393371,24.494483],[54.39331,24.49449],[54.393345,24.49473],[54.393491,24.494905],[54.39376,24.494873],[54.393729,24.494657],[54.393582,24.494482],[54.393552,24.494486]]]}},{"type":"Feature","properties":{},"geometry":{"type":"Polygon","coordinates":[[[54.392741,24.49608],[54.392961,24.496342],[54.393017,24.4963],[54.393876,24.496215],[54.393869,24.496163],[54.393959,24.49627],[54.394084,24.496256],[54.394289,24.496073],[54.394505,24.496048],[54.39442,24.495438],[54.3942,24.495176],[54.393632,24.495242],[54.393657,24.495416],[54.393572,24.495316],[54.392676,24.495443],[54.392741,24.49608]]]}},{"type":"Feature","properties":{},"geometry":{"type":"Polygon","coordinates":[[[54.390224,24.496025],[54.390147,24.496033],[54.390156,24.496107],[54.390176,24.496131],[54.390205,24.496364],[54.390425,24.496625],[54.390609,24.496607],[54.390596,24.4965],[54.390668,24.496493],[54.390654,24.496382],[54.390847,24.496358],[54.390795,24.495938],[54.390576,24.495677],[54.390226,24.495712],[54.390228,24.495726],[54.390109,24.495729],[54.390113,24.495837],[54.390157,24.495889],[54.390247,24.495886],[54.390262,24.496071],[54.390224,24.496025]]]}},{"type":"Feature","properties":{},"geometry":{"type":"Polygon","coordinates":[[[54.389841,24.495821],[54.389862,24.495928],[54.389905,24.49598],[54.389999,24.495966],[54.389979,24.495859],[54.389935,24.495807],[54.389841,24.495821]]]}},{"type":"Feature","properties":{},"geometry":{"type":"Polygon","coordinates":[[[54.391541,24.496979],[54.391543,24.497018],[54.391587,24.49707],[54.391707,24.497065],[54.391705,24.497026],[54.391661,24.496974],[54.391541,24.496979]]]}},{"type":"Feature","properties":{},"geometry":{"type":"Polygon","coordinates":[[[54.391422,24.496985],[54.391421,24.497019],[54.391465,24.497071],[54.39154,24.497073],[54.391541,24.497039],[54.391497,24.496987],[54.391422,24.496985]]]}},{"type":"Feature","properties":{},"geometry":{"type":"Polygon","coordinates":[[[54.391714,24.49717],[54.391706,24.497133],[54.391662,24.49708],[54.391607,24.49709],[54.391615,24.497128],[54.391659,24.49718],[54.391714,24.49717]]]}},{"type":"Feature","properties":{},"geometry":{"type":"Polygon","coordinates":[[[54.391387,24.497296],[54.391388,24.497233],[54.391348,24.497185],[54.391353,24.497104],[54.391309,24.497052],[54.391186,24.49705],[54.391184,24.497144],[54.391231,24.497197],[54.39123,24.497241],[54.391274,24.497293],[54.391387,24.497296]]]}},{"type":"Feature","properties":{},"geometry":{"type":"Polygon","coordinates":[[[54.39461,24.497652],[54.394861,24.49777],[54.394989,24.497704],[54.395105,24.49761],[54.395094,24.497536],[54.395137,24.497473],[54.395217,24.497434],[54.39525,24.497375],[54.39503,24.497114],[54.394542,24.496821],[54.39431,24.497106],[54.39439,24.49739],[54.39461,24.497652]]]}},{"type":"Feature","properties":{},"geometry":{"type":"Polygon","coordinates":[[[54.393313,24.498116],[54.39331,24.498197],[54.393354,24.498249],[54.393396,24.49825],[54.393399,24.49817],[54.393355,24.498117],[54.393313,24.498116]]]}},{"type":"Feature","properties":{},"geometry":{"type":"Polygon","coordinates":[[[54.392102,24.498899],[54.392518,24.49888],[54.392486,24.498662],[54.391881,24.497941],[54.391505,24.497815],[54.391368,24.497883],[54.391404,24.498122],[54.392009,24.498843],[54.392102,24.498899]]]}},{"type":"Feature","properties":{},"geometry":{"type":"Polygon","coordinates":[[[54.393466,24.49866],[54.393621,24.499665],[54.393841,24.499927],[54.39559,24.499733],[54.39548,24.498925],[54.39526,24.498664],[54.395136,24.498542],[54.393466,24.49866]]]}},{"type":"Feature","properties":{},"geometry":{"type":"Polygon","coordinates":[[[54.394869,24.500337],[54.39489,24.500451],[54.394933,24.500503],[54.39498,24.500496],[54.39496,24.500382],[54.394916,24.50033],[54.394869,24.500337]]]}},{"type":"Feature","properties":{},"geometry":{"type":"Polygon","coordinates":[[[54.391889,24.500727],[54.391623,24.500751],[54.39166,24.500999],[54.391807,24.501173],[54.392068,24.501144],[54.392035,24.500901],[54.391889,24.500727]]]}},{"type":"Feature","properties":{},"geometry":{"type":"Polygon","coordinates":[[[54.392235,24.503722],[54.392227,24.503673],[54.392183,24.503621],[54.392091,24.503633],[54.392099,24.503682],[54.392143,24.503735],[54.392235,24.503722]]]}},{"type":"Feature","properties":{},"geometry":{"type":"Polygon","coordinates":[[[54.392598,24.503863],[54.392598,24.503814],[54.392554,24.503762],[54.392463,24.503763],[54.392463,24.503812],[54.392507,24.503864],[54.392598,24.503863]]]}},{"type":"Feature","properties":{},"geometry":{"type":"Polygon","coordinates":[[[54.392105,24.503737],[54.392111,24.503839],[54.392155,24.503892],[54.392318,24.503883],[54.392312,24.503781],[54.392268,24.503729],[54.392105,24.503737]]]}},{"type":"Feature","properties":{},"geometry":{"type":"Polygon","coordinates":[[[54.39221,24.504771],[54.392357,24.504946],[54.392465,24.504935],[54.392482,24.505074],[54.392526,24.505126],[54.392636,24.505115],[54.392613,24.50492],[54.392799,24.504902],[54.392766,24.504627],[54.39262,24.504452],[54.392461,24.504468],[54.39246,24.504458],[54.392548,24.504453],[54.392539,24.504322],[54.392567,24.504356],[54.392636,24.504337],[54.39258,24.504249],[54.392535,24.504262],[54.392532,24.504217],[54.392493,24.504171],[54.392634,24.504154],[54.392602,24.503933],[54.392558,24.503881],[54.392347,24.503906],[54.392365,24.504027],[54.392272,24.503917],[54.392164,24.503927],[54.392222,24.504432],[54.392268,24.504487],[54.392177,24.504496],[54.39221,24.504771]]]}},{"type":"Feature","properties":{},"geometry":{"type":"Polygon","coordinates":[[[54.392065,24.504132],[54.392109,24.504185],[54.39216,24.504182],[54.392148,24.50399],[54.392104,24.503938],[54.392054,24.50394],[54.392065,24.504132]]]}},{"type":"Feature","properties":{},"geometry":{"type":"Polygon","coordinates":[[[54.39209,24.504227],[54.392098,24.504395],[54.392142,24.504448],[54.392191,24.504446],[54.392183,24.504278],[54.392139,24.504225],[54.39209,24.504227]]]}},{"type":"Feature","properties":{},"geometry":{"type":"Polygon","coordinates":[[[54.392173,24.504863],[54.392181,24.504943],[54.392225,24.504995],[54.39228,24.504991],[54.392272,24.504911],[54.392228,24.504858],[54.392173,24.504863]]]}},{"type":"Feature","properties":{},"geometry":{"type":"Polygon","coordinates":[[[54.392319,24.505083],[54.392322,24.505193],[54.392366,24.505246],[54.392478,24.505243],[54.392475,24.505133],[54.392431,24.505081],[54.392319,24.505083]]]}},{"type":"Feature","properties":{},"geometry":{"type":"Polygon","coordinates":[[[54.392208,24.505104],[54.392211,24.505213],[54.392255,24.505266],[54.392313,24.505265],[54.39231,24.505156],[54.392266,24.505103],[54.392208,24.505104]]]}},{"type":"Feature","properties":{},"geometry":{"type":"Polygon","coordinates":[[[54.392522,24.505149],[54.392558,24.505648],[54.392705,24.505823],[54.392919,24.50581],[54.392883,24.50531],[54.392737,24.505136],[54.392522,24.505149]]]}},{"type":"Feature","properties":{},"geometry":{"type":"Polygon","coordinates":[[[54.389658,24.505614],[54.389702,24.505667],[54.389826,24.505659],[54.389805,24.505389],[54.389761,24.505337],[54.389699,24.505341],[54.389702,24.50538],[54.38964,24.505384],[54.389658,24.505614]]]}},{"type":"Feature","properties":{},"geometry":{"type":"Polygon","coordinates":[[[54.389988,24.505986],[54.390203,24.505972],[54.39014,24.505379],[54.389993,24.505205],[54.389795,24.505218],[54.389842,24.505811],[54.389988,24.505986]]]}},{"type":"Feature","properties":{},"geometry":{"type":"Polygon","coordinates":[[[54.391903,24.506853],[54.391859,24.506801],[54.39177,24.50681],[54.391776,24.506856],[54.39182,24.506908],[54.39188,24.506902],[54.391888,24.506957],[54.391932,24.50701],[54.391968,24.507006],[54.391959,24.506945],[54.391916,24.506892],[54.391903,24.506853]]]}},{"type":"Feature","properties":{},"geometry":{"type":"Polygon","coordinates":[[[54.391978,24.506869],[54.392001,24.506959],[54.392045,24.507011],[54.392111,24.506998],[54.392099,24.506949],[54.392142,24.50694],[54.392132,24.506898],[54.392088,24.506846],[54.391978,24.506869]]]}},{"type":"Feature","properties":{},"geometry":{"type":"Polygon","coordinates":[[[54.39253,24.506794],[54.392556,24.507137],[54.392703,24.507311],[54.392888,24.5073],[54.392862,24.506957],[54.392715,24.506783],[54.39253,24.506794]]]}},{"type":"Feature","properties":{},"geometry":{"type":"Polygon","coordinates":[[[54.391816,24.507144],[54.39186,24.507196],[54.391986,24.507194],[54.391984,24.507105],[54.39194,24.507053],[54.391814,24.507055],[54.391816,24.507144]]]}},{"type":"Feature","properties":{},"geometry":{"type":"Polygon","coordinates":[[[54.392911,24.507214],[54.392955,24.507267],[54.393036,24.507258],[54.393029,24.507204],[54.392985,24.507152],[54.392904,24.50716],[54.392911,24.507214]]]}},{"type":"Feature","properties":{},"geometry":{"type":"Polygon","coordinates":[[[54.392091,24.50764],[54.392081,24.507502],[54.391934,24.507327],[54.391531,24.507352],[54.391541,24.50749],[54.391688,24.507665],[54.392091,24.50764]]]}},{"type":"Feature","properties":{},"geometry":{"type":"Polygon","coordinates":[[[54.391047,24.507429],[54.391046,24.50751],[54.39109,24.507562],[54.391223,24.507564],[54.391224,24.507483],[54.39118,24.507431],[54.391047,24.507429]]]}},{"type":"Feature","properties":{},"geometry":{"type":"Polygon","coordinates":[[[54.393132,24.508789],[54.393132,24.508766],[54.393146,24.508783],[54.39326,24.508786],[54.393261,24.508752],[54.393217,24.5087],[54.393104,24.508696],[54.393102,24.508724],[54.393088,24.508707],[54.39297,24.508709],[54.39297,24.508739],[54.393014,24.508791],[54.393132,24.508789]]]}},{"type":"Feature","properties":{},"geometry":{"type":"Polygon","coordinates":[[[54.393604,24.509096],[54.393607,24.509151],[54.393651,24.509203],[54.393702,24.509201],[54.393699,24.509146],[54.393655,24.509094],[54.393604,24.509096]]]}},{"type":"Feature","properties":{},"geometry":{"type":"Polygon","coordinates":[[[54.393287,24.509433],[54.393355,24.509523],[54.393311,24.509483],[54.393096,24.509587],[54.393187,24.509721],[54.393231,24.5097],[54.393211,24.509663],[54.393287,24.509787],[54.393507,24.510049],[54.393845,24.509878],[54.393833,24.509858],[54.394015,24.509766],[54.393783,24.509387],[54.393563,24.509125],[54.393369,24.509224],[54.393446,24.509349],[54.393366,24.509245],[54.393317,24.509272],[54.393459,24.509471],[54.393406,24.509498],[54.393334,24.509406],[54.393287,24.509433]]]}},{"type":"Feature","properties":{},"geometry":{"type":"Polygon","coordinates":[[[54.393818,24.509388],[54.393899,24.5095],[54.393933,24.509482],[54.393853,24.509371],[54.393818,24.509388]]]}},{"type":"Feature","properties":{},"geometry":{"type":"Polygon","coordinates":[[[54.394163,24.509804],[54.394018,24.509606],[54.393978,24.509629],[54.394086,24.509783],[54.394031,24.509807],[54.394121,24.509946],[54.394217,24.509905],[54.394163,24.509804]]]}},{"type":"Feature","properties":{},"geometry":{"type":"Polygon","coordinates":[[[54.392992,24.509738],[54.393036,24.50979],[54.393107,24.50983],[54.393135,24.509789],[54.393091,24.509737],[54.393021,24.509696],[54.392992,24.509738]]]}},{"type":"Feature","properties":{},"geometry":{"type":"Polygon","coordinates":[[[54.39408,24.510245],[54.394155,24.510212],[54.394095,24.510112],[54.394239,24.51005],[54.394207,24.509991],[54.394163,24.509938],[54.393958,24.510027],[54.393954,24.510002],[54.393911,24.50995],[54.393869,24.509955],[54.393874,24.509991],[54.393921,24.510043],[54.393848,24.510074],[54.393879,24.510134],[54.393923,24.510186],[54.394011,24.510148],[54.39408,24.510245]]]}},{"type":"Feature","properties":{},"geometry":{"type":"Polygon","coordinates":[[[54.393764,24.510129],[54.393786,24.510183],[54.39383,24.510235],[54.393889,24.510215],[54.393867,24.510161],[54.393823,24.510109],[54.393764,24.510129]]]}},{"type":"Feature","properties":{},"geometry":{"type":"Polygon","coordinates":[[[54.394225,24.510094],[54.394156,24.51016],[54.394296,24.510294],[54.394395,24.510198],[54.39429,24.510095],[54.39426,24.510124],[54.394225,24.510094]]]}},{"type":"Feature","properties":{},"geometry":{"type":"Polygon","coordinates":[[[54.406771,24.479935],[54.406679,24.480012],[54.406787,24.480128],[54.406879,24.480052],[54.406771,24.479935]]]}},{"type":"Feature","properties":{},"geometry":{"type":"Polygon","coordinates":[[[54.40621,24.480601],[54.406361,24.480771],[54.406401,24.480737],[54.406583,24.480916],[54.406729,24.480793],[54.406583,24.480618],[54.406438,24.480476],[54.406488,24.480503],[54.406523,24.480455],[54.406486,24.480412],[54.406528,24.480429],[54.406566,24.480349],[54.406475,24.480249],[54.40665,24.480157],[54.406593,24.480067],[54.406373,24.479805],[54.406328,24.479829],[54.406176,24.479648],[54.405927,24.479779],[54.405983,24.479867],[54.405776,24.479976],[54.405813,24.480035],[54.405737,24.480075],[54.405905,24.480306],[54.40618,24.480621],[54.40621,24.480601]],[[54.406297,24.480516],[54.406274,24.480489],[54.406279,24.480487],[54.406297,24.480516]]]}},{"type":"Feature","properties":{},"geometry":{"type":"Polygon","coordinates":[[[54.405672,24.480452],[54.405743,24.480549],[54.405819,24.480512],[54.405748,24.480415],[54.405672,24.480452]]]}},{"type":"Feature","properties":{},"geometry":{"type":"Polygon","coordinates":[[[54.405588,24.481022],[54.405609,24.481046],[54.405728,24.480959],[54.405367,24.480537],[54.405263,24.480613],[54.405173,24.48051],[54.405027,24.480617],[54.404982,24.480566],[54.404751,24.480736],[54.405167,24.48122],[54.40534,24.481109],[54.405349,24.481119],[54.405459,24.481038],[54.405441,24.481017],[54.405505,24.480971],[54.405565,24.481039],[54.405588,24.481022]]]}},{"type":"Feature","properties":{},"geometry":{"type":"Polygon","coordinates":[[[54.404758,24.481188],[54.404697,24.481102],[54.40464,24.481125],[54.404702,24.481212],[54.404758,24.481188]]]}},{"type":"Feature","properties":{},"geometry":{"type":"Polygon","coordinates":[[[54.404136,24.481845],[54.404665,24.481575],[54.404502,24.481298],[54.404282,24.481036],[54.403673,24.48131],[54.404136,24.481845]]]}},{"type":"Feature","properties":{},"geometry":{"type":"Polygon","coordinates":[[[54.406001,24.481509],[54.405923,24.481577],[54.406007,24.481678],[54.406142,24.481883],[54.406471,24.482275],[54.406558,24.482344],[54.406786,24.482197],[54.406574,24.48191],[54.406508,24.481798],[54.406178,24.481406],[54.406001,24.481509]]]}},{"type":"Feature","properties":{},"geometry":{"type":"Polygon","coordinates":[[[54.405601,24.481854],[54.405786,24.482074],[54.405815,24.482137],[54.406144,24.482529],[54.40621,24.482589],[54.40645,24.482439],[54.406262,24.482215],[54.406176,24.482032],[54.405846,24.481639],[54.405621,24.481752],[54.40558,24.481799],[54.405601,24.481854]]]}},{"type":"Feature","properties":{},"geometry":{"type":"Polygon","coordinates":[[[54.405261,24.482119],[54.405287,24.48226],[54.405336,24.482344],[54.405747,24.482832],[54.405981,24.482717],[54.405951,24.482615],[54.405908,24.482564],[54.405871,24.482399],[54.405542,24.482007],[54.405398,24.481892],[54.40529,24.481997],[54.405261,24.482119]]]}},{"type":"Feature","properties":{},"geometry":{"type":"Polygon","coordinates":[[[54.406187,24.482779],[54.406393,24.482673],[54.406358,24.482617],[54.406394,24.482659],[54.40641,24.48265],[54.406708,24.483103],[54.406854,24.483278],[54.40703,24.483182],[54.406696,24.482673],[54.40655,24.482498],[54.406535,24.482506],[54.406485,24.482446],[54.40631,24.482553],[54.406349,24.482605],[54.406314,24.482564],[54.406107,24.48267],[54.406187,24.482779]]]}},{"type":"Feature","properties":{},"geometry":{"type":"Polygon","coordinates":[[[54.403328,24.483133],[54.403152,24.482794],[54.402754,24.48227],[54.402445,24.482395],[54.40245,24.482329],[54.402377,24.482242],[54.402291,24.482238],[54.401421,24.483154],[54.401422,24.483271],[54.401537,24.483421],[54.401711,24.483462],[54.401909,24.483377],[54.402224,24.483292],[54.402644,24.483303],[54.403168,24.483483],[54.403094,24.483266],[54.403328,24.483133]]]}},{"type":"Feature","properties":{},"geometry":{"type":"Polygon","coordinates":[[[54.40587,24.484631],[54.405922,24.484632],[54.405923,24.484114],[54.405675,24.483394],[54.405455,24.483133],[54.405126,24.483265],[54.405318,24.483913],[54.404939,24.484017],[54.404994,24.484359],[54.405023,24.484393],[54.404939,24.484734],[54.405302,24.485166],[54.405982,24.485305],[54.406106,24.484912],[54.40587,24.484631]]]}},{"type":"Feature","properties":{},"geometry":{"type":"Polygon","coordinates":[[[54.404692,24.485292],[54.404762,24.485072],[54.404759,24.484777],[54.40454,24.484515],[54.403751,24.484451],[54.40362,24.484898],[54.403526,24.485074],[54.40334,24.485265],[54.403559,24.485527],[54.404171,24.486062],[54.404367,24.485871],[54.404587,24.485535],[54.404692,24.485292]]]}},{"type":"Feature","properties":{},"geometry":{"type":"Polygon","coordinates":[[[54.406754,24.485552],[54.406713,24.485613],[54.406757,24.485665],[54.406862,24.485724],[54.406903,24.485663],[54.406859,24.48561],[54.406754,24.485552]]]}},{"type":"Feature","properties":{},"geometry":{"type":"Polygon","coordinates":[[[54.404411,24.486665],[54.40406,24.486285],[54.404023,24.48626],[54.403971,24.486254],[54.403234,24.486607],[54.403444,24.48716],[54.403587,24.487324],[54.40364,24.487338],[54.403877,24.487254],[54.404231,24.487063],[54.404499,24.486867],[54.404527,24.486828],[54.404518,24.48678],[54.404411,24.486665]],[[54.403843,24.486806],[54.403677,24.486886],[54.403664,24.486851],[54.404054,24.486653],[54.404072,24.486675],[54.403843,24.486806]]]}},{"type":"Feature","properties":{},"geometry":{"type":"Polygon","coordinates":[[[54.400169,24.486792],[54.400389,24.487054],[54.400856,24.487383],[54.400974,24.48742],[54.401086,24.487379],[54.401427,24.486624],[54.401207,24.486363],[54.400743,24.486123],[54.400631,24.486302],[54.400169,24.486792]]]}},{"type":"Feature","properties":{},"geometry":{"type":"Polygon","coordinates":[[[54.406362,24.487922],[54.406127,24.487642],[54.405832,24.487429],[54.405686,24.487602],[54.40592,24.487881],[54.406217,24.488101],[54.406362,24.487922]]]}},{"type":"Feature","properties":{},"geometry":{"type":"Polygon","coordinates":[[[54.402625,24.488136],[54.402288,24.488086],[54.401773,24.487981],[54.401144,24.487765],[54.400111,24.487303],[54.399543,24.486934],[54.398968,24.486502],[54.397734,24.487851],[54.397954,24.488113],[54.399094,24.488968],[54.400415,24.489661],[54.401186,24.489975],[54.401977,24.490145],[54.40282,24.490205],[54.4031,24.489857],[54.402845,24.488398],[54.402625,24.488136]]]}},{"type":"Feature","properties":{},"geometry":{"type":"Polygon","coordinates":[[[54.407864,24.48921],[54.40824,24.488981],[54.407988,24.488605],[54.407768,24.488343],[54.407704,24.488377],[54.407538,24.488135],[54.407318,24.487873],[54.406913,24.488103],[54.406973,24.488191],[54.406903,24.488107],[54.406497,24.488337],[54.406776,24.488745],[54.406996,24.489007],[54.407034,24.488986],[54.407183,24.489203],[54.407403,24.489465],[54.407809,24.489235],[54.407461,24.488745],[54.407485,24.488731],[54.407644,24.488949],[54.407864,24.48921]]]}},{"type":"Feature","properties":{},"geometry":{"type":"Polygon","coordinates":[[[54.400508,24.490603],[54.400362,24.490428],[54.400058,24.490467],[54.400098,24.490732],[54.400245,24.490907],[54.400549,24.490868],[54.400508,24.490603]]]}},{"type":"Feature","properties":{},"geometry":{"type":"Polygon","coordinates":[[[54.395185,24.490879],[54.395827,24.491642],[54.396066,24.491814],[54.396267,24.491582],[54.395626,24.490818],[54.395387,24.490647],[54.395185,24.490879]]]}},{"type":"Feature","properties":{},"geometry":{"type":"Polygon","coordinates":[[[54.395435,24.491218],[54.395186,24.491038],[54.395007,24.491243],[54.395546,24.491885],[54.395787,24.492058],[54.395821,24.492019],[54.395924,24.492094],[54.396026,24.491977],[54.39595,24.491886],[54.395974,24.491859],[54.395435,24.491218]]]}},{"type":"Feature","properties":{},"geometry":{"type":"Polygon","coordinates":[[[54.398646,24.492277],[54.398603,24.492226],[54.398711,24.49221],[54.398668,24.491893],[54.398624,24.49184],[54.398498,24.491854],[54.398541,24.492176],[54.398583,24.492226],[54.398525,24.492233],[54.39857,24.492562],[54.398614,24.492614],[54.39869,24.492606],[54.398646,24.492277]]]}},{"type":"Feature","properties":{},"geometry":{"type":"Polygon","coordinates":[[[54.398753,24.492225],[54.398781,24.49246],[54.398825,24.492513],[54.399139,24.492473],[54.399126,24.492372],[54.399082,24.49232],[54.398882,24.492345],[54.398869,24.492268],[54.398825,24.492216],[54.398753,24.492225]]]}},{"type":"Feature","properties":{},"geometry":{"type":"Polygon","coordinates":[[[54.406379,24.492879],[54.406249,24.493007],[54.40639,24.493141],[54.40652,24.493013],[54.406379,24.492879]]]}},{"type":"Feature","properties":{},"geometry":{"type":"Polygon","coordinates":[[[54.406247,24.492254],[54.405376,24.492715],[54.405341,24.492999],[54.405388,24.493055],[54.406247,24.493784],[54.406574,24.493512],[54.406527,24.493456],[54.406007,24.493025],[54.406362,24.492698],[54.406315,24.492642],[54.406209,24.492568],[54.406401,24.492477],[54.406247,24.492254]]]}},{"type":"Feature","properties":{},"geometry":{"type":"Polygon","coordinates":[[[54.399918,24.49302],[54.399973,24.493406],[54.400192,24.493668],[54.400923,24.493583],[54.400869,24.493197],[54.400649,24.492935],[54.399918,24.49302]]]}},{"type":"Feature","properties":{},"geometry":{"type":"Polygon","coordinates":[[[54.404003,24.494746],[54.404066,24.49474],[54.40409,24.494768],[54.404189,24.494758],[54.404184,24.494716],[54.404265,24.494759],[54.404321,24.494672],[54.404611,24.495017],[54.404683,24.495055],[54.40476,24.495147],[54.404843,24.495191],[54.405126,24.494747],[54.404594,24.494114],[54.404773,24.493833],[54.404753,24.493809],[54.404801,24.493733],[54.404581,24.493471],[54.404418,24.493385],[54.404364,24.49347],[54.404296,24.493434],[54.404047,24.493458],[54.403978,24.493577],[54.403873,24.493527],[54.40373,24.493542],[54.403703,24.493509],[54.403359,24.493544],[54.403368,24.493617],[54.403273,24.493627],[54.403326,24.494059],[54.403286,24.494063],[54.403322,24.494353],[54.403541,24.494615],[54.403706,24.494598],[54.403892,24.494818],[54.40401,24.494806],[54.404003,24.494746]]]}},{"type":"Feature","properties":{},"geometry":{"type":"Polygon","coordinates":[[[54.40635,24.49524],[54.406305,24.495308],[54.406349,24.49536],[54.406415,24.495397],[54.406461,24.495329],[54.406417,24.495276],[54.40635,24.49524]]]}},{"type":"Feature","properties":{},"geometry":{"type":"Polygon","coordinates":[[[54.406592,24.49537],[54.406643,24.495369],[54.406642,24.495341],[54.406598,24.495288],[54.406472,24.495298],[54.406475,24.495319],[54.406527,24.495371],[54.406486,24.495406],[54.40664,24.495565],[54.406716,24.495499],[54.406592,24.49537]]]}},{"type":"Feature","properties":{},"geometry":{"type":"Polygon","coordinates":[[[54.406392,24.495665],[54.406361,24.495724],[54.406405,24.495777],[54.40659,24.495855],[54.406661,24.495717],[54.406617,24.495665],[54.406485,24.495609],[54.406478,24.495622],[54.406395,24.495503],[54.406312,24.495545],[54.406392,24.495665]]]}},{"type":"Feature","properties":{},"geometry":{"type":"Polygon","coordinates":[[[54.40627,24.495738],[54.406224,24.495803],[54.406295,24.495871],[54.406341,24.495806],[54.40627,24.495738]]]}},{"type":"Feature","properties":{},"geometry":{"type":"Polygon","coordinates":[[[54.406246,24.496088],[54.406285,24.496095],[54.406283,24.496074],[54.40619,24.495968],[54.406167,24.495971],[54.406173,24.49601],[54.406246,24.496088]]]}},{"type":"Feature","properties":{},"geometry":{"type":"Polygon","coordinates":[[[54.406444,24.496218],[54.4064,24.496166],[54.406327,24.496131],[54.406312,24.496158],[54.406356,24.49621],[54.406429,24.496245],[54.406444,24.496218]]]}},{"type":"Feature","properties":{},"geometry":{"type":"Polygon","coordinates":[[[54.405411,24.496392],[54.404485,24.49605],[54.404158,24.496949],[54.403928,24.497053],[54.404358,24.49798],[54.404449,24.498089],[54.404535,24.498019],[54.404793,24.498326],[54.404941,24.498264],[54.404875,24.498333],[54.404851,24.498402],[54.404855,24.498473],[54.40483,24.498577],[54.404772,24.498671],[54.404698,24.498736],[54.404569,24.498791],[54.404451,24.498802],[54.404327,24.498776],[54.404234,24.498809],[54.404127,24.498878],[54.404166,24.498923],[54.404128,24.498955],[54.404065,24.498942],[54.404006,24.498969],[54.40397,24.499012],[54.403959,24.499091],[54.403992,24.499162],[54.404381,24.499625],[54.404594,24.499713],[54.40449,24.499725],[54.404487,24.499936],[54.404325,24.499746],[54.404214,24.499702],[54.404138,24.499698],[54.403493,24.49893],[54.403509,24.498879],[54.403602,24.498767],[54.403708,24.498696],[54.403685,24.498644],[54.403982,24.498529],[54.404122,24.498444],[54.404204,24.498356],[54.404227,24.498304],[54.404208,24.498272],[54.404222,24.498258],[54.404167,24.498192],[54.404081,24.49813],[54.404068,24.498147],[54.403978,24.498096],[54.403208,24.498413],[54.403016,24.498458],[54.402864,24.498563],[54.402757,24.498744],[54.40274,24.498873],[54.402759,24.498984],[54.402808,24.499042],[54.40277,24.499106],[54.402862,24.499215],[54.402856,24.499279],[54.403124,24.499598],[54.403093,24.499605],[54.40308,24.499633],[54.403115,24.499713],[54.403518,24.500193],[54.403609,24.500266],[54.403651,24.500282],[54.403685,24.500267],[54.40389,24.50051],[54.404055,24.500535],[54.404201,24.500518],[54.404344,24.500457],[54.404516,24.500663],[54.404587,24.500709],[54.404703,24.50071],[54.404739,24.500694],[54.404756,24.500668],[54.404732,24.500616],[54.404732,24.500342],[54.404766,24.50034],[54.40503,24.500654],[54.40509,24.500673],[54.405177,24.500637],[54.405247,24.500576],[54.405271,24.500591],[54.405353,24.500502],[54.405318,24.500462],[54.405343,24.500333],[54.405271,24.50023],[54.405398,24.500171],[54.40562,24.500435],[54.405741,24.500457],[54.405746,24.500432],[54.405861,24.500445],[54.405945,24.50042],[54.405975,24.500369],[54.405972,24.500333],[54.405717,24.500021],[54.405891,24.499885],[54.406124,24.500159],[54.406181,24.500192],[54.406242,24.500175],[54.406285,24.500097],[54.406305,24.500012],[54.406334,24.500011],[54.406342,24.499896],[54.40613,24.499643],[54.406314,24.499416],[54.406432,24.499208],[54.406532,24.49896],[54.406587,24.498672],[54.406603,24.4984],[54.40658,24.498177],[54.406503,24.497872],[54.406444,24.497802],[54.406152,24.497746],[54.406161,24.497705],[54.4062,24.497714],[54.406235,24.497565],[54.406089,24.497391],[54.406056,24.497386],[54.406007,24.497326],[54.4058,24.497287],[54.40574,24.497548],[54.405864,24.497696],[54.405643,24.497652],[54.405791,24.497852],[54.405871,24.49802],[54.405922,24.498291],[54.40592,24.498713],[54.405882,24.498867],[54.405791,24.499035],[54.405713,24.499138],[54.405618,24.499228],[54.405434,24.499008],[54.405517,24.498845],[54.405583,24.498924],[54.40564,24.49896],[54.405702,24.498964],[54.405777,24.498921],[54.405801,24.49886],[54.40572,24.498529],[54.405283,24.498019],[54.405209,24.498001],[54.405129,24.498028],[54.405089,24.49808],[54.4051,24.498143],[54.405071,24.498172],[54.405047,24.498153],[54.405031,24.49817],[54.404856,24.497825],[54.404801,24.49776],[54.404817,24.497742],[54.404891,24.497767],[54.404983,24.497544],[54.405035,24.497481],[54.405217,24.497541],[54.405291,24.497628],[54.405503,24.497709],[54.405717,24.4972],[54.405451,24.496883],[54.405504,24.496795],[54.405503,24.496501],[54.405411,24.496392]],[[54.404877,24.499559],[54.404739,24.499396],[54.404861,24.499377],[54.405054,24.499606],[54.404859,24.499663],[54.404888,24.49961],[54.404877,24.499559]]]}},{"type":"Feature","properties":{},"geometry":{"type":"Polygon","coordinates":[[[54.405897,24.496904],[54.406021,24.497045],[54.406088,24.496997],[54.405962,24.496854],[54.405897,24.496904]]]}},{"type":"Feature","properties":{},"geometry":{"type":"Polygon","coordinates":[[[54.407177,24.497183],[54.407162,24.4971],[54.407257,24.497213],[54.407384,24.497225],[54.407455,24.497309],[54.407501,24.497332],[54.407661,24.497314],[54.407789,24.497255],[54.407945,24.49727],[54.407962,24.497273],[54.408055,24.497368],[54.40814,24.497404],[54.408195,24.497372],[54.408133,24.497299],[54.408234,24.497314],[54.408321,24.49711],[54.408657,24.49751],[54.409072,24.497741],[54.409424,24.497573],[54.409597,24.497658],[54.409743,24.497696],[54.409904,24.497701],[54.409989,24.497656],[54.410003,24.497622],[54.409993,24.497559],[54.409847,24.497372],[54.409892,24.49735],[54.409747,24.49712],[54.409385,24.496689],[54.409304,24.496725],[54.408856,24.496195],[54.408693,24.496072],[54.408552,24.496009],[54.408559,24.49599],[54.408504,24.495925],[54.408312,24.49582],[54.408535,24.495492],[54.408577,24.49552],[54.408792,24.495276],[54.408866,24.495363],[54.409144,24.495511],[54.409444,24.495559],[54.409804,24.49554],[54.410147,24.495447],[54.410051,24.495267],[54.409922,24.495114],[54.409708,24.494631],[54.410084,24.494509],[54.410529,24.494391],[54.4105,24.494181],[54.409532,24.493029],[54.409064,24.493135],[54.408549,24.493307],[54.408054,24.493578],[54.407631,24.493885],[54.407294,24.494291],[54.408167,24.49533],[54.408329,24.495438],[54.408136,24.495723],[54.406894,24.495031],[54.406715,24.495524],[54.406613,24.496087],[54.406568,24.496158],[54.40656,24.496224],[54.406584,24.496272],[54.406995,24.496762],[54.406722,24.496827],[54.406732,24.496863],[54.406656,24.496773],[54.406329,24.496853],[54.406432,24.497223],[54.406579,24.497398],[54.406887,24.497317],[54.406856,24.497182],[54.406915,24.497252],[54.407177,24.497183]],[[54.408244,24.496834],[54.408035,24.496764],[54.407768,24.496697],[54.407426,24.496289],[54.407879,24.496328],[54.408262,24.496445],[54.408329,24.49632],[54.408843,24.496931],[54.408698,24.496996],[54.40838,24.496868],[54.408345,24.496954],[54.408244,24.496834]],[[54.40713,24.496923],[54.407132,24.496925],[54.407132,24.496933],[54.40713,24.496923]]]}},{"type":"Feature","properties":{},"geometry":{"type":"Polygon","coordinates":[[[54.404069,24.498085],[54.404113,24.498137],[54.404166,24.498158],[54.404179,24.49813],[54.404135,24.498077],[54.404083,24.498057],[54.404069,24.498085]]]}},{"type":"Feature","properties":{},"geometry":{"type":"Polygon","coordinates":[[[54.39607,24.498583],[54.396114,24.498635],[54.396171,24.498637],[54.396173,24.498571],[54.396129,24.498519],[54.396073,24.498517],[54.39607,24.498583]]]}},{"type":"Feature","properties":{},"geometry":{"type":"Polygon","coordinates":[[[54.395419,24.499844],[54.395447,24.499997],[54.395491,24.50005],[54.395606,24.500033],[54.395578,24.499879],[54.395534,24.499827],[54.395419,24.499844]]]}},{"type":"Feature","properties":{},"geometry":{"type":"Polygon","coordinates":[[[54.395241,24.500009],[54.395264,24.500113],[54.395308,24.500165],[54.39534,24.500159],[54.395317,24.500055],[54.395273,24.500002],[54.395241,24.500009]]]}},{"type":"Feature","properties":{},"geometry":{"type":"Polygon","coordinates":[[[54.394922,24.50055],[54.395064,24.501399],[54.395284,24.50166],[54.39585,24.501582],[54.395708,24.500734],[54.395488,24.500472],[54.394922,24.50055]]]}},{"type":"Feature","properties":{},"geometry":{"type":"Polygon","coordinates":[[[54.395658,24.501997],[54.395702,24.50205],[54.395788,24.502052],[54.395791,24.50195],[54.395747,24.501897],[54.395661,24.501895],[54.395658,24.501997]]]}},{"type":"Feature","properties":{},"geometry":{"type":"Polygon","coordinates":[[[54.395492,24.502519],[54.395712,24.502781],[54.396144,24.502722],[54.396093,24.502414],[54.395873,24.502153],[54.395441,24.502211],[54.395492,24.502519]]]}},{"type":"Feature","properties":{},"geometry":{"type":"Polygon","coordinates":[[[54.406432,24.504537],[54.406428,24.504679],[54.406472,24.504732],[54.406567,24.504734],[54.406569,24.504591],[54.406525,24.504539],[54.406432,24.504537]]]}},{"type":"Feature","properties":{},"geometry":{"type":"Polygon","coordinates":[[[54.406088,24.504593],[54.406141,24.504759],[54.406185,24.504811],[54.406277,24.504791],[54.406228,24.504623],[54.406184,24.50457],[54.406088,24.504593]]]}},{"type":"Feature","properties":{},"geometry":{"type":"Polygon","coordinates":[[[54.397401,24.504687],[54.397407,24.504788],[54.397451,24.504841],[54.397523,24.504837],[54.397517,24.504736],[54.397473,24.504684],[54.397401,24.504687]]]}},{"type":"Feature","properties":{},"geometry":{"type":"Polygon","coordinates":[[[54.407095,24.506394],[54.407028,24.506464],[54.407523,24.507053],[54.407831,24.507288],[54.408124,24.50698],[54.407629,24.506391],[54.407472,24.506231],[54.407244,24.506239],[54.407199,24.506286],[54.407231,24.506175],[54.407191,24.506033],[54.406787,24.505553],[54.406674,24.505453],[54.406636,24.505491],[54.406344,24.50524],[54.406082,24.505495],[54.406302,24.505757],[54.406584,24.505997],[54.406636,24.505947],[54.406831,24.506179],[54.407095,24.506394]]]}},{"type":"Feature","properties":{},"geometry":{"type":"Polygon","coordinates":[[[54.405586,24.505474],[54.405385,24.505424],[54.405291,24.505739],[54.405435,24.505911],[54.405179,24.505828],[54.405064,24.506126],[54.40521,24.5063],[54.405506,24.506395],[54.405621,24.506098],[54.405467,24.505921],[54.405639,24.505963],[54.405733,24.505648],[54.405586,24.505474]]]}},{"type":"Feature","properties":{},"geometry":{"type":"Polygon","coordinates":[[[54.405066,24.506279],[54.404973,24.506527],[54.405091,24.506667],[54.404948,24.50662],[54.404806,24.507019],[54.404952,24.507194],[54.405208,24.507286],[54.405383,24.50689],[54.405262,24.506746],[54.405398,24.506788],[54.405491,24.50654],[54.405345,24.506365],[54.405066,24.506279]]]}},{"type":"Feature","properties":{},"geometry":{"type":"Polygon","coordinates":[[[54.404404,24.507263],[54.404541,24.507406],[54.404574,24.507378],[54.404437,24.507235],[54.404404,24.507263]]]}},{"type":"Feature","properties":{},"geometry":{"type":"Polygon","coordinates":[[[54.405593,24.506955],[54.405529,24.506966],[54.404898,24.508066],[54.405338,24.508589],[54.405433,24.508654],[54.405796,24.508592],[54.406302,24.507682],[54.406294,24.507602],[54.405855,24.507079],[54.405593,24.506955]]]}},{"type":"Feature","properties":{},"geometry":{"type":"Polygon","coordinates":[[[54.40684,24.509091],[54.406489,24.508672],[54.406098,24.508287],[54.40598,24.508394],[54.406332,24.508813],[54.406729,24.509205],[54.40684,24.509091]]]}},{"type":"Feature","properties":{},"geometry":{"type":"Polygon","coordinates":[[[54.405842,24.508615],[54.405724,24.508722],[54.406076,24.509141],[54.406472,24.509533],[54.406584,24.509418],[54.406394,24.509191],[54.406428,24.509153],[54.406384,24.509101],[54.406299,24.509036],[54.40628,24.509056],[54.405842,24.508615]]]}},{"type":"Feature","properties":{},"geometry":{"type":"Polygon","coordinates":[[[54.405453,24.509954],[54.405601,24.510098],[54.405664,24.510041],[54.405766,24.510109],[54.405947,24.509847],[54.405598,24.509432],[54.405477,24.509367],[54.405383,24.509473],[54.405231,24.509371],[54.405105,24.509539],[54.405453,24.509954]]]}},{"type":"Feature","properties":{},"geometry":{"type":"Polygon","coordinates":[[[54.40626,24.51079],[54.406313,24.510855],[54.406594,24.510691],[54.406534,24.510606],[54.406571,24.51058],[54.406612,24.510317],[54.406429,24.510139],[54.406188,24.51034],[54.406084,24.510413],[54.405947,24.51048],[54.405819,24.510521],[54.405565,24.510545],[54.405328,24.510706],[54.405146,24.510891],[54.405239,24.510985],[54.405332,24.511018],[54.405637,24.511026],[54.405838,24.510968],[54.406118,24.510863],[54.40626,24.51079]]]}},{"type":"Feature","properties":{},"geometry":{"type":"Polygon","coordinates":[[[54.397285,24.510692],[54.397139,24.510517],[54.396934,24.510367],[54.396681,24.510653],[54.396827,24.510827],[54.39703,24.51098],[54.397285,24.510692]]]}},{"type":"Feature","properties":{},"geometry":{"type":"Polygon","coordinates":[[[54.406212,24.5125],[54.406222,24.512474],[54.406211,24.512192],[54.405881,24.511799],[54.405455,24.511831],[54.405488,24.512108],[54.405818,24.512501],[54.405869,24.51252],[54.40591,24.512502],[54.405953,24.512415],[54.405956,24.51235],[54.40599,24.512347],[54.40612,24.512501],[54.406159,24.512519],[54.406212,24.5125]]]}},{"type":"Feature","properties":{},"geometry":{"type":"Polygon","coordinates":[[[54.410374,24.479952],[54.410568,24.480133],[54.410637,24.480066],[54.410443,24.479885],[54.410374,24.479952]]]}},{"type":"Feature","properties":{},"geometry":{"type":"Polygon","coordinates":[[[54.410876,24.481795],[54.41096,24.481882],[54.410989,24.481853],[54.410906,24.481767],[54.410876,24.481795]]]}},{"type":"Feature","properties":{},"geometry":{"type":"Polygon","coordinates":[[[54.407782,24.483046],[54.407972,24.482975],[54.408014,24.482844],[54.407249,24.481963],[54.407183,24.482071],[54.407041,24.482137],[54.407181,24.482327],[54.407782,24.483046]]]}},{"type":"Feature","properties":{},"geometry":{"type":"Polygon","coordinates":[[[54.409307,24.482887],[54.409312,24.483001],[54.409355,24.483054],[54.409452,24.48305],[54.409447,24.482936],[54.409403,24.482883],[54.409307,24.482887]]]}},{"type":"Feature","properties":{},"geometry":{"type":"Polygon","coordinates":[[[54.408584,24.484581],[54.409063,24.485162],[54.409273,24.485021],[54.408793,24.48444],[54.408584,24.484581]]]}},{"type":"Feature","properties":{},"geometry":{"type":"Polygon","coordinates":[[[54.408376,24.485275],[54.408595,24.485386],[54.408653,24.485354],[54.408724,24.485439],[54.408837,24.485355],[54.408334,24.484777],[54.408129,24.484931],[54.408142,24.484996],[54.408376,24.485275]]]}},{"type":"Feature","properties":{},"geometry":{"type":"Polygon","coordinates":[[[54.409836,24.485253],[54.409801,24.485318],[54.409673,24.485244],[54.409599,24.48533],[54.409423,24.4854],[54.409337,24.485483],[54.4093,24.485577],[54.409298,24.485763],[54.409317,24.485856],[54.409397,24.485985],[54.409492,24.486099],[54.409579,24.486174],[54.40972,24.486184],[54.409802,24.48616],[54.409885,24.486077],[54.409932,24.485999],[54.409963,24.485885],[54.409956,24.485781],[54.409927,24.485677],[54.410504,24.486668],[54.4106,24.486782],[54.410959,24.486614],[54.410458,24.485733],[54.410497,24.485707],[54.410508,24.485634],[54.410499,24.485581],[54.410461,24.485533],[54.410499,24.485508],[54.410529,24.485436],[54.410765,24.485341],[54.410818,24.485406],[54.410926,24.485348],[54.41089,24.485291],[54.411073,24.485218],[54.410899,24.484899],[54.410804,24.484786],[54.409836,24.485253]]]}},{"type":"Feature","properties":{},"geometry":{"type":"Polygon","coordinates":[[[54.407262,24.485263],[54.406967,24.48555],[54.407086,24.485666],[54.40738,24.485379],[54.407262,24.485263]]]}},{"type":"Feature","properties":{},"geometry":{"type":"Polygon","coordinates":[[[54.409078,24.48566],[54.409001,24.485574],[54.408922,24.485635],[54.409007,24.48573],[54.409034,24.485709],[54.409173,24.485898],[54.409232,24.485863],[54.409151,24.485747],[54.409206,24.485715],[54.409136,24.485626],[54.409078,24.48566]]]}},{"type":"Feature","properties":{},"geometry":{"type":"Polygon","coordinates":[[[54.407623,24.485926],[54.407557,24.485997],[54.407649,24.486086],[54.407731,24.485997],[54.407933,24.486158],[54.408124,24.48596],[54.407889,24.48568],[54.407828,24.485631],[54.407809,24.485647],[54.407564,24.485445],[54.407378,24.485639],[54.407623,24.485926]]]}},{"type":"Feature","properties":{},"geometry":{"type":"Polygon","coordinates":[[[54.409583,24.487952],[54.409467,24.487626],[54.409247,24.487364],[54.408884,24.487647],[54.408334,24.48801],[54.408637,24.488493],[54.408857,24.488755],[54.409731,24.488319],[54.409579,24.488046],[54.409527,24.487983],[54.409583,24.487952]]]}},{"type":"Feature","properties":{},"geometry":{"type":"Polygon","coordinates":[[[54.410427,24.488464],[54.410138,24.488492],[54.410183,24.488928],[54.4103,24.489067],[54.410204,24.489076],[54.410216,24.489184],[54.410363,24.489358],[54.410643,24.489332],[54.410674,24.489615],[54.410821,24.48979],[54.410844,24.489788],[54.410883,24.489834],[54.410932,24.489831],[54.410922,24.48978],[54.410973,24.489776],[54.410908,24.489199],[54.410867,24.48915],[54.410858,24.48903],[54.411125,24.489007],[54.411082,24.488591],[54.410862,24.48833],[54.410551,24.488356],[54.410556,24.488405],[54.410422,24.488416],[54.410427,24.488464]]]}},{"type":"Feature","properties":{},"geometry":{"type":"Polygon","coordinates":[[[54.41109,24.490169],[54.41087,24.489907],[54.410646,24.489929],[54.410625,24.489752],[54.410405,24.48949],[54.410256,24.489504],[54.410326,24.49009],[54.410546,24.490351],[54.411105,24.490296],[54.41109,24.490169]]]}},{"type":"Feature","properties":{},"geometry":{"type":"Polygon","coordinates":[[[54.406961,24.490292],[54.406989,24.490373],[54.407033,24.490425],[54.407098,24.490404],[54.407064,24.490323],[54.407021,24.490271],[54.406961,24.490292]]]}},{"type":"Feature","properties":{},"geometry":{"type":"Polygon","coordinates":[[[54.410413,24.49103],[54.410559,24.491204],[54.410846,24.491208],[54.410853,24.49094],[54.410706,24.490766],[54.4106,24.490766],[54.410598,24.490812],[54.410416,24.490817],[54.410413,24.49103]]]}},{"type":"Feature","properties":{},"geometry":{"type":"Polygon","coordinates":[[[54.409316,24.491208],[54.409272,24.491156],[54.409037,24.491149],[54.409036,24.491182],[54.408959,24.49118],[54.408947,24.491294],[54.408991,24.491347],[54.409028,24.491348],[54.409051,24.491375],[54.409263,24.491381],[54.409265,24.491314],[54.409312,24.491315],[54.409316,24.491208]]]}},{"type":"Feature","properties":{},"geometry":{"type":"Polygon","coordinates":[[[54.410457,24.491298],[54.410444,24.491622],[54.41059,24.491797],[54.410963,24.49181],[54.410976,24.491486],[54.41083,24.491311],[54.410457,24.491298]]]}},{"type":"Feature","properties":{},"geometry":{"type":"Polygon","coordinates":[[[54.410337,24.495938],[54.410046,24.496169],[54.410148,24.49629],[54.410069,24.496343],[54.410472,24.496833],[54.410636,24.496729],[54.41054,24.496605],[54.4107,24.496469],[54.410845,24.496641],[54.411068,24.496536],[54.410614,24.495998],[54.410488,24.496072],[54.410337,24.495938]]]}},{"type":"Feature","properties":{},"geometry":{"type":"Polygon","coordinates":[[[54.409415,24.497947],[54.409165,24.497863],[54.40899,24.49793],[54.408992,24.498391],[54.409219,24.498661],[54.40961,24.498594],[54.409642,24.498217],[54.409415,24.497947]]]}},{"type":"Feature","properties":{},"geometry":{"type":"Polygon","coordinates":[[[54.408917,24.498827],[54.408958,24.49883],[54.408968,24.498663],[54.408924,24.498611],[54.408852,24.4986],[54.408836,24.49866],[54.408874,24.498774],[54.408917,24.498827]]]}},{"type":"Feature","properties":{},"geometry":{"type":"Polygon","coordinates":[[[54.409435,24.498769],[54.408993,24.498738],[54.409005,24.499092],[54.408919,24.499457],[54.409048,24.49961],[54.409405,24.499705],[54.409511,24.49932],[54.409564,24.498922],[54.409435,24.498769]]]}},{"type":"Feature","properties":{},"geometry":{"type":"Polygon","coordinates":[[[54.410091,24.500674],[54.410146,24.500558],[54.410195,24.500002],[54.410232,24.499772],[54.410198,24.499701],[54.409978,24.499439],[54.4099,24.49938],[54.409787,24.499363],[54.409615,24.499373],[54.409548,24.499419],[54.409498,24.499556],[54.409349,24.50004],[54.4093,24.500253],[54.409341,24.500381],[54.409561,24.500643],[54.409653,24.50071],[54.409833,24.500741],[54.409966,24.500738],[54.410091,24.500674]]]}},{"type":"Feature","properties":{},"geometry":{"type":"Polygon","coordinates":[[[54.408025,24.501013],[54.408107,24.501097],[54.408158,24.501023],[54.408191,24.500939],[54.408147,24.500887],[54.408085,24.500876],[54.408054,24.500908],[54.408053,24.500954],[54.408025,24.501013]]]}},{"type":"Feature","properties":{},"geometry":{"type":"Polygon","coordinates":[[[54.409605,24.501431],[54.408723,24.501471],[54.408679,24.501799],[54.408731,24.501922],[54.408972,24.502212],[54.40924,24.502224],[54.409559,24.502215],[54.40965,24.502184],[54.409765,24.502113],[54.409804,24.502008],[54.40983,24.501861],[54.409825,24.501692],[54.409605,24.501431]]]}},{"type":"Feature","properties":{},"geometry":{"type":"Polygon","coordinates":[[[54.410544,24.501523],[54.410437,24.50152],[54.410436,24.501607],[54.410335,24.501603],[54.410333,24.501852],[54.410663,24.502244],[54.410763,24.502246],[54.410762,24.502183],[54.410898,24.502184],[54.410903,24.501959],[54.410544,24.501523]]]}},{"type":"Feature","properties":{},"geometry":{"type":"Polygon","coordinates":[[[54.408025,24.50174],[54.407696,24.502403],[54.407916,24.502664],[54.408334,24.502838],[54.408515,24.502361],[54.408642,24.502119],[54.408422,24.501858],[54.408025,24.50174]]]}},{"type":"Feature","properties":{},"geometry":{"type":"Polygon","coordinates":[[[54.407515,24.502391],[54.407507,24.502438],[54.407551,24.50249],[54.407595,24.5025],[54.407651,24.502441],[54.407692,24.502366],[54.407648,24.502313],[54.407586,24.50231],[54.407515,24.502391]]]}},{"type":"Feature","properties":{},"geometry":{"type":"Polygon","coordinates":[[[54.407116,24.503077],[54.40716,24.503129],[54.407223,24.503165],[54.407354,24.503048],[54.407379,24.503046],[54.407447,24.502938],[54.407403,24.502885],[54.407345,24.502871],[54.407275,24.502956],[54.40724,24.502926],[54.407116,24.503077]]]}},{"type":"Feature","properties":{},"geometry":{"type":"Polygon","coordinates":[[[54.40688,24.503364],[54.406917,24.503485],[54.406961,24.503537],[54.407041,24.50352],[54.406987,24.503397],[54.406943,24.503344],[54.40688,24.503364]]]}},{"type":"Feature","properties":{},"geometry":{"type":"Polygon","coordinates":[[[54.407036,24.503648],[54.406985,24.503805],[54.407029,24.503858],[54.407118,24.503881],[54.407178,24.503732],[54.407134,24.50368],[54.407036,24.503648]]]}},{"type":"Feature","properties":{},"geometry":{"type":"Polygon","coordinates":[[[54.411021,24.504619],[54.411053,24.504461],[54.410705,24.504046],[54.410233,24.503968],[54.410215,24.504056],[54.40972,24.503497],[54.409576,24.503605],[54.409924,24.50402],[54.410257,24.504386],[54.410356,24.504311],[54.410549,24.504541],[54.411021,24.504619]]]}},{"type":"Feature","properties":{},"geometry":{"type":"Polygon","coordinates":[[[54.409054,24.504354],[54.409862,24.505302],[54.410123,24.505004],[54.40961,24.504393],[54.409259,24.504094],[54.409054,24.504354]]]}},{"type":"Feature","properties":{},"geometry":{"type":"Polygon","coordinates":[[[54.407866,24.505725],[54.407868,24.505818],[54.407912,24.505871],[54.408077,24.505895],[54.408072,24.505794],[54.408028,24.505741],[54.407866,24.505725]]]}},{"type":"Feature","properties":{},"geometry":{"type":"Polygon","coordinates":[[[54.409892,24.506283],[54.409937,24.506169],[54.409939,24.506049],[54.4099,24.505942],[54.409606,24.50559],[54.409506,24.505526],[54.409388,24.505493],[54.409265,24.505495],[54.409148,24.505532],[54.40905,24.505601],[54.408981,24.505693],[54.408947,24.505801],[54.408954,24.505922],[54.409005,24.506033],[54.409225,24.506295],[54.409314,24.506385],[54.409431,24.506442],[54.409562,24.50646],[54.409692,24.506437],[54.409807,24.506376],[54.409892,24.506283]]]}},{"type":"Feature","properties":{},"geometry":{"type":"Polygon","coordinates":[[[54.406919,24.506861],[54.406822,24.506949],[54.406852,24.506985],[54.406749,24.507074],[54.406781,24.507112],[54.406677,24.507196],[54.407054,24.507556],[54.407155,24.507469],[54.407139,24.507451],[54.407243,24.507362],[54.407266,24.507382],[54.407368,24.507293],[54.406919,24.506861]]]}},{"type":"Feature","properties":{},"geometry":{"type":"Polygon","coordinates":[[[54.406765,24.507573],[54.406808,24.507545],[54.406644,24.507341],[54.406601,24.50737],[54.406765,24.507573]]]}},{"type":"Feature","properties":{},"geometry":{"type":"Polygon","coordinates":[[[54.410073,24.508194],[54.410119,24.508178],[54.410256,24.508173],[54.410478,24.50803],[54.41046,24.507964],[54.410313,24.507789],[54.410271,24.507799],[54.410204,24.507719],[54.410122,24.507721],[54.40999,24.507756],[54.409856,24.507859],[54.409848,24.507878],[54.409839,24.507731],[54.409692,24.507556],[54.409481,24.507344],[54.409287,24.507513],[54.409434,24.507687],[54.409794,24.508049],[54.409856,24.508007],[54.409854,24.50798],[54.410001,24.508155],[54.410073,24.508194]]]}},{"type":"Feature","properties":{},"geometry":{"type":"Polygon","coordinates":[[[54.407137,24.507782],[54.407215,24.50786],[54.407245,24.507827],[54.407167,24.507749],[54.407137,24.507782]]]}},{"type":"Feature","properties":{},"geometry":{"type":"Polygon","coordinates":[[[54.408846,24.507921],[54.408851,24.508027],[54.408895,24.508079],[54.408934,24.508078],[54.408933,24.508047],[54.408962,24.508046],[54.408969,24.507908],[54.408925,24.507856],[54.408877,24.507857],[54.40888,24.50792],[54.408846,24.507921]]]}},{"type":"Feature","properties":{},"geometry":{"type":"Polygon","coordinates":[[[54.409278,24.508116],[54.409189,24.50819],[54.409275,24.508285],[54.409364,24.508211],[54.409278,24.508116]]]}},{"type":"Feature","properties":{},"geometry":{"type":"Polygon","coordinates":[[[54.407109,24.508689],[54.406757,24.508271],[54.406367,24.507886],[54.406249,24.507993],[54.4066,24.508412],[54.406997,24.508804],[54.407109,24.508689]]]}},{"type":"Feature","properties":{},"geometry":{"type":"Polygon","coordinates":[[[54.409481,24.508717],[54.409273,24.508456],[54.409227,24.508483],[54.409158,24.5084],[54.409014,24.508484],[54.409061,24.50855],[54.408987,24.508608],[54.409005,24.508634],[54.408969,24.508655],[54.409146,24.508872],[54.409178,24.508854],[54.409204,24.508885],[54.409264,24.508849],[54.409243,24.50882],[54.409284,24.508796],[54.409305,24.50882],[54.409481,24.508717]]]}},{"type":"Feature","properties":{},"geometry":{"type":"Polygon","coordinates":[[[54.407523,24.508861],[54.407594,24.508943],[54.407659,24.508893],[54.407587,24.508811],[54.407523,24.508861]]]}},{"type":"Feature","properties":{},"geometry":{"type":"Polygon","coordinates":[[[54.407656,24.509013],[54.407856,24.509218],[54.407908,24.509174],[54.407708,24.508969],[54.407656,24.509013]]]}},{"type":"Feature","properties":{},"geometry":{"type":"Polygon","coordinates":[[[54.407932,24.510076],[54.40758,24.509657],[54.40728,24.509375],[54.407318,24.509337],[54.40717,24.509197],[54.407129,24.509238],[54.407193,24.509307],[54.40706,24.509435],[54.407412,24.509854],[54.407798,24.510212],[54.407932,24.510076]]]}},{"type":"Feature","properties":{},"geometry":{"type":"Polygon","coordinates":[[[54.407416,24.509159],[54.407768,24.509578],[54.408135,24.50992],[54.408251,24.509802],[54.4079,24.509383],[54.407538,24.50905],[54.407416,24.509159]]]}},{"type":"Feature","properties":{},"geometry":{"type":"Polygon","coordinates":[[[54.406652,24.509706],[54.407003,24.510125],[54.407366,24.510457],[54.407531,24.51034],[54.407179,24.509921],[54.406811,24.509574],[54.406652,24.509706]]]}},{"type":"Feature","properties":{},"geometry":{"type":"Polygon","coordinates":[[[54.410005,24.509826],[54.409662,24.510138],[54.409808,24.510313],[54.409994,24.510481],[54.410337,24.510169],[54.41019,24.509994],[54.410005,24.509826]]]}},{"type":"Feature","properties":{},"geometry":{"type":"Polygon","coordinates":[[[54.410283,24.510844],[54.410314,24.510826],[54.410292,24.510795],[54.410347,24.510763],[54.410208,24.510574],[54.410122,24.510624],[54.410283,24.510844]]]}},{"type":"Feature","properties":{},"geometry":{"type":"Polygon","coordinates":[[[54.409291,24.510763],[54.409275,24.510712],[54.409212,24.510639],[54.409185,24.510624],[54.409095,24.510631],[54.409055,24.510675],[54.409048,24.510704],[54.409067,24.510761],[54.409134,24.510834],[54.409164,24.510847],[54.409251,24.510832],[54.409291,24.510763]]]}},{"type":"Feature","properties":{},"geometry":{"type":"Polygon","coordinates":[[[54.41018,24.51119],[54.410249,24.511157],[54.410214,24.511095],[54.410252,24.511073],[54.410299,24.51113],[54.410337,24.511109],[54.4103,24.511046],[54.410352,24.51111],[54.41055,24.510988],[54.41043,24.510834],[54.410314,24.510906],[54.410096,24.510626],[54.4099,24.510736],[54.409967,24.510835],[54.409931,24.510855],[54.41018,24.51119]]]}},{"type":"Feature","properties":{},"geometry":{"type":"Polygon","coordinates":[[[54.408207,24.510898],[54.408175,24.51086],[54.408017,24.510866],[54.408017,24.510883],[54.408006,24.510869],[54.407933,24.510865],[54.40793,24.510921],[54.407973,24.510973],[54.408046,24.510977],[54.408047,24.510956],[54.408063,24.510975],[54.408138,24.510973],[54.408137,24.510959],[54.408166,24.510965],[54.408194,24.511095],[54.408238,24.511147],[54.408316,24.511144],[54.408305,24.510889],[54.408261,24.510837],[54.408205,24.510839],[54.408207,24.510898]]]}},{"type":"Feature","properties":{},"geometry":{"type":"Polygon","coordinates":[[[54.408074,24.511007],[54.408064,24.511064],[54.408108,24.511117],[54.408157,24.511124],[54.408167,24.511067],[54.408124,24.511014],[54.408074,24.511007]]]}},{"type":"Feature","properties":{},"geometry":{"type":"Polygon","coordinates":[[[54.407603,24.510903],[54.408302,24.511745],[54.408457,24.511973],[54.408676,24.512235],[54.40917,24.511958],[54.408926,24.511604],[54.409122,24.511496],[54.409192,24.511602],[54.409412,24.511863],[54.409892,24.511597],[54.409675,24.511272],[54.409455,24.511011],[54.409288,24.511103],[54.408953,24.510705],[54.408422,24.510998],[54.408511,24.511131],[54.408719,24.511379],[54.40844,24.511536],[54.407855,24.510834],[54.407749,24.510907],[54.407694,24.510841],[54.407603,24.510903]]]}},{"type":"Feature","properties":{},"geometry":{"type":"Polygon","coordinates":[[[54.406305,24.511805],[54.406525,24.512067],[54.406602,24.512133],[54.406862,24.512107],[54.407245,24.511871],[54.407238,24.511861],[54.407327,24.511967],[54.407525,24.511867],[54.407774,24.511699],[54.40716,24.510943],[54.406743,24.511175],[54.406651,24.511065],[54.406208,24.511313],[54.406171,24.511417],[54.406305,24.511805]]]}},{"type":"Feature","properties":{},"geometry":{"type":"Polygon","coordinates":[[[54.408019,24.512014],[54.408007,24.511966],[54.407963,24.511913],[54.40791,24.511924],[54.407922,24.511973],[54.407966,24.512025],[54.408019,24.512014]]]}},{"type":"Feature","properties":{},"geometry":{"type":"Polygon","coordinates":[[[54.41125,24.481854],[54.411276,24.481884],[54.411222,24.481936],[54.411356,24.482095],[54.41132,24.482132],[54.411395,24.48221],[54.411436,24.482168],[54.411453,24.482183],[54.411631,24.482013],[54.411484,24.481839],[54.411116,24.48152],[54.410943,24.481686],[54.411089,24.481861],[54.41117,24.481931],[54.41125,24.481854]]]}},{"type":"Feature","properties":{},"geometry":{"type":"Polygon","coordinates":[[[54.412202,24.482016],[54.412349,24.482191],[54.412709,24.482382],[54.412885,24.482107],[54.412739,24.481932],[54.412378,24.481741],[54.412202,24.482016]]]}},{"type":"Feature","properties":{},"geometry":{"type":"Polygon","coordinates":[[[54.411512,24.485672],[54.411454,24.485589],[54.41135,24.48563],[54.411414,24.485776],[54.411457,24.485828],[54.411515,24.485809],[54.41146,24.485693],[54.411512,24.485672]]]}},{"type":"Feature","properties":{},"geometry":{"type":"Polygon","coordinates":[[[54.413663,24.487703],[54.41366,24.487629],[54.41354,24.487487],[54.413535,24.48737],[54.413388,24.487195],[54.413283,24.487199],[54.413284,24.487227],[54.413107,24.487233],[54.413184,24.487452],[54.413248,24.487527],[54.413256,24.48771],[54.413403,24.487884],[54.413671,24.487874],[54.413667,24.487796],[54.413633,24.487755],[54.413631,24.487704],[54.413663,24.487703]]]}},{"type":"Feature","properties":{},"geometry":{"type":"Polygon","coordinates":[[[54.412959,24.487562],[54.413014,24.487751],[54.413057,24.487804],[54.413144,24.487783],[54.41309,24.487593],[54.413046,24.487541],[54.412959,24.487562]]]}},{"type":"Feature","properties":{},"geometry":{"type":"Polygon","coordinates":[[[54.415187,24.488213],[54.415318,24.488369],[54.415319,24.488397],[54.415363,24.48845],[54.415412,24.488449],[54.415411,24.488484],[54.415455,24.488536],[54.415475,24.488537],[54.415476,24.48849],[54.415441,24.488449],[54.41548,24.488448],[54.415479,24.488387],[54.415602,24.488383],[54.415646,24.488439],[54.41574,24.488437],[54.415739,24.488389],[54.415719,24.488365],[54.415758,24.488364],[54.415754,24.488252],[54.41571,24.4882],[54.415648,24.488202],[54.415652,24.488313],[54.415671,24.488337],[54.415604,24.488338],[54.415566,24.488292],[54.415516,24.488294],[54.415516,24.488136],[54.415766,24.488136],[54.415765,24.488022],[54.415795,24.488021],[54.415789,24.487818],[54.415745,24.487766],[54.415717,24.487767],[54.415715,24.487734],[54.415671,24.487682],[54.415613,24.487685],[54.415615,24.487729],[54.415649,24.487769],[54.41563,24.487769],[54.41563,24.487785],[54.415619,24.487771],[54.415123,24.487771],[54.415123,24.487815],[54.415187,24.487892],[54.415187,24.488213]]]}},{"type":"Feature","properties":{},"geometry":{"type":"Polygon","coordinates":[[[54.415855,24.487746],[54.415853,24.48779],[54.415897,24.487843],[54.415929,24.487844],[54.415931,24.4878],[54.415887,24.487747],[54.415855,24.487746]]]}},{"type":"Feature","properties":{},"geometry":{"type":"Polygon","coordinates":[[[54.416054,24.488069],[54.416289,24.488063],[54.416288,24.488007],[54.416269,24.487985],[54.416306,24.487983],[54.416298,24.487853],[54.416254,24.487801],[54.416135,24.487807],[54.416103,24.487769],[54.415997,24.487765],[54.416012,24.487814],[54.415997,24.487814],[54.416006,24.487944],[54.416019,24.48796],[54.416008,24.487961],[54.41601,24.488017],[54.416054,24.488069]]]}},{"type":"Feature","properties":{},"geometry":{"type":"Polygon","coordinates":[[[54.413519,24.487893],[54.413522,24.487954],[54.413566,24.488007],[54.413634,24.488004],[54.413631,24.487943],[54.413587,24.48789],[54.413519,24.487893]]]}},{"type":"Feature","properties":{},"geometry":{"type":"Polygon","coordinates":[[[54.416335,24.488024],[54.416351,24.488306],[54.416395,24.488359],[54.416478,24.488355],[54.416523,24.488417],[54.41657,24.488415],[54.416543,24.488254],[54.41657,24.488286],[54.416598,24.488282],[54.416596,24.488328],[54.41664,24.48838],[54.416694,24.488383],[54.416694,24.488407],[54.416738,24.488459],[54.416767,24.48846],[54.416768,24.488421],[54.416725,24.488369],[54.416695,24.488368],[54.416698,24.488318],[54.416679,24.488296],[54.416706,24.488296],[54.41675,24.488357],[54.416792,24.488357],[54.41679,24.4882],[54.416746,24.488148],[54.416711,24.488149],[54.416709,24.488094],[54.416691,24.488073],[54.41671,24.488072],[54.416709,24.488024],[54.416665,24.487971],[54.416611,24.487972],[54.416612,24.487997],[54.416595,24.487977],[54.416443,24.487975],[54.416441,24.488051],[54.416416,24.48802],[54.416335,24.488024]]]}},{"type":"Feature","properties":{},"geometry":{"type":"Polygon","coordinates":[[[54.415023,24.488527],[54.41502,24.488408],[54.414998,24.488382],[54.415012,24.488382],[54.415016,24.488287],[54.414972,24.488235],[54.414839,24.488231],[54.414836,24.488326],[54.414863,24.488358],[54.414852,24.488358],[54.414856,24.488478],[54.4149,24.48853],[54.415023,24.488527]]]}},{"type":"Feature","properties":{},"geometry":{"type":"Polygon","coordinates":[[[54.416374,24.488418],[54.416349,24.488388],[54.416319,24.488388],[54.41632,24.488329],[54.416276,24.488277],[54.416236,24.488277],[54.416233,24.488423],[54.416187,24.488349],[54.416146,24.488352],[54.41615,24.488389],[54.416193,24.488441],[54.416233,24.488438],[54.416232,24.488489],[54.416276,24.488541],[54.416571,24.488546],[54.416572,24.488473],[54.416528,24.48842],[54.416374,24.488418]]]}},{"type":"Feature","properties":{},"geometry":{"type":"Polygon","coordinates":[[[54.416649,24.488477],[54.416693,24.48853],[54.416738,24.488532],[54.41674,24.488488],[54.416696,24.488436],[54.416652,24.488434],[54.416649,24.488477]]]}},{"type":"Feature","properties":{},"geometry":{"type":"Polygon","coordinates":[[[54.415587,24.488694],[54.415543,24.488642],[54.415463,24.488644],[54.415465,24.488693],[54.415509,24.488745],[54.415589,24.488743],[54.415587,24.488694]]]}},{"type":"Feature","properties":{},"geometry":{"type":"Polygon","coordinates":[[[54.411365,24.489198],[54.411262,24.489253],[54.411314,24.489336],[54.411534,24.489597],[54.41162,24.489549],[54.411805,24.489769],[54.411847,24.489753],[54.411933,24.489855],[54.412095,24.489886],[54.412175,24.489981],[54.41234,24.490017],[54.412505,24.489389],[54.412647,24.489384],[54.412803,24.48968],[54.413022,24.489942],[54.413176,24.489862],[54.413143,24.489811],[54.413356,24.489717],[54.413418,24.489578],[54.413481,24.489609],[54.413525,24.489435],[54.413297,24.48917],[54.413709,24.48911],[54.413665,24.488817],[54.413445,24.488556],[54.412861,24.488626],[54.412817,24.488588],[54.412798,24.488598],[54.412916,24.488231],[54.413095,24.488304],[54.413189,24.488362],[54.413324,24.488215],[54.413104,24.487954],[54.412745,24.487759],[54.412516,24.487718],[54.412242,24.487705],[54.412254,24.487824],[54.412157,24.487708],[54.411868,24.487782],[54.411582,24.487957],[54.411414,24.48813],[54.411634,24.488392],[54.411791,24.488503],[54.411963,24.488362],[54.412028,24.488474],[54.411938,24.488729],[54.411214,24.488505],[54.411171,24.4886],[54.411331,24.488791],[54.411319,24.488851],[54.411174,24.48887],[54.411147,24.488931],[54.411365,24.489198]],[[54.412339,24.488484],[54.412335,24.488484],[54.412201,24.488245],[54.412403,24.488206],[54.412391,24.488076],[54.412427,24.488119],[54.412339,24.488484]]]}},{"type":"Feature","properties":{},"geometry":{"type":"Polygon","coordinates":[[[54.416223,24.488882],[54.416227,24.488989],[54.416271,24.489042],[54.416301,24.48904],[54.416296,24.488933],[54.416252,24.488881],[54.416223,24.488882]]]}},{"type":"Feature","properties":{},"geometry":{"type":"Polygon","coordinates":[[[54.415999,24.488841],[54.416006,24.489041],[54.41605,24.489094],[54.416109,24.489092],[54.416102,24.488892],[54.416058,24.48884],[54.415999,24.488841]]]}},{"type":"Feature","properties":{},"geometry":{"type":"Polygon","coordinates":[[[54.41562,24.488852],[54.415624,24.489052],[54.415667,24.489104],[54.415726,24.489103],[54.415723,24.488903],[54.415679,24.488851],[54.41562,24.488852]]]}},{"type":"Feature","properties":{},"geometry":{"type":"Polygon","coordinates":[[[54.415876,24.489303],[54.415879,24.489223],[54.415855,24.489195],[54.41592,24.489191],[54.415917,24.489147],[54.415873,24.489095],[54.415719,24.489105],[54.415722,24.489146],[54.415766,24.489199],[54.415783,24.489198],[54.415782,24.48925],[54.415826,24.489302],[54.415876,24.489303]]]}},{"type":"Feature","properties":{},"geometry":{"type":"Polygon","coordinates":[[[54.415416,24.489523],[54.415421,24.489677],[54.415567,24.489851],[54.416438,24.48983],[54.416413,24.489676],[54.416267,24.489502],[54.415416,24.489523]]]}},{"type":"Feature","properties":{},"geometry":{"type":"Polygon","coordinates":[[[54.412428,24.489949],[54.412432,24.490011],[54.412476,24.490064],[54.412546,24.49006],[54.412542,24.489997],[54.412498,24.489945],[54.412428,24.489949]]]}},{"type":"Feature","properties":{},"geometry":{"type":"Polygon","coordinates":[[[54.411052,24.490661],[54.411051,24.490713],[54.411095,24.490766],[54.411191,24.490767],[54.411192,24.490714],[54.411148,24.490662],[54.411052,24.490661]]]}},{"type":"Feature","properties":{},"geometry":{"type":"Polygon","coordinates":[[[54.411267,24.491002],[54.411268,24.490847],[54.411224,24.490795],[54.411155,24.490795],[54.411148,24.490951],[54.411192,24.491003],[54.411267,24.491002]]]}},{"type":"Feature","properties":{},"geometry":{"type":"Polygon","coordinates":[[[54.412916,24.491132],[54.413136,24.491394],[54.413615,24.4914],[54.413617,24.491236],[54.413481,24.491074],[54.41363,24.491075],[54.413633,24.490907],[54.413413,24.490645],[54.412924,24.490639],[54.412916,24.491132]]]}},{"type":"Feature","properties":{},"geometry":{"type":"Polygon","coordinates":[[[54.412829,24.491185],[54.412828,24.491224],[54.412872,24.491277],[54.412917,24.491278],[54.412919,24.491239],[54.412875,24.491187],[54.412829,24.491185]]]}},{"type":"Feature","properties":{},"geometry":{"type":"Polygon","coordinates":[[[54.411185,24.491424],[54.411181,24.491501],[54.411225,24.491554],[54.411262,24.491555],[54.411266,24.491478],[54.411222,24.491426],[54.411185,24.491424]]]}},{"type":"Feature","properties":{},"geometry":{"type":"Polygon","coordinates":[[[54.411622,24.492432],[54.41175,24.492436],[54.411752,24.492372],[54.41208,24.492393],[54.41213,24.491753],[54.412151,24.491779],[54.412229,24.491781],[54.41223,24.491752],[54.412186,24.491699],[54.412134,24.491698],[54.412151,24.491484],[54.411931,24.491223],[54.411435,24.491191],[54.411364,24.492099],[54.411579,24.492356],[54.411578,24.49238],[54.411622,24.492432]]]}},{"type":"Feature","properties":{},"geometry":{"type":"Polygon","coordinates":[[[54.411973,24.492459],[54.411972,24.492557],[54.412016,24.492609],[54.412198,24.492611],[54.412199,24.492513],[54.412155,24.492461],[54.411973,24.492459]]]}},{"type":"Feature","properties":{},"geometry":{"type":"Polygon","coordinates":[[[54.41501,24.49686],[54.4149,24.497017],[54.414943,24.49707],[54.415036,24.497124],[54.415147,24.496966],[54.415103,24.496914],[54.41501,24.49686]]]}},{"type":"Feature","properties":{},"geometry":{"type":"Polygon","coordinates":[[[54.412163,24.499164],[54.412345,24.498934],[54.412239,24.498315],[54.412261,24.498306],[54.41203,24.497762],[54.41181,24.4975],[54.411496,24.497386],[54.411403,24.497422],[54.411699,24.498182],[54.411825,24.498912],[54.412044,24.499174],[54.412163,24.499164]]]}},{"type":"Feature","properties":{},"geometry":{"type":"Polygon","coordinates":[[[54.41061,24.498871],[54.410968,24.499279],[54.411212,24.499291],[54.411205,24.497777],[54.410985,24.497515],[54.410798,24.49756],[54.410624,24.497708],[54.41061,24.498871]]]}},{"type":"Feature","properties":{},"geometry":{"type":"Polygon","coordinates":[[[54.413208,24.503249],[54.41328,24.50323],[54.4134,24.50294],[54.413489,24.502459],[54.413379,24.502328],[54.412899,24.502033],[54.412777,24.501916],[54.412684,24.501756],[54.412636,24.501617],[54.412526,24.501486],[54.411982,24.501472],[54.412018,24.501673],[54.412065,24.501807],[54.412137,24.50199],[54.412222,24.502147],[54.412374,24.502354],[54.412739,24.502786],[54.412984,24.502951],[54.413208,24.503249]]]}},{"type":"Feature","properties":{},"geometry":{"type":"Polygon","coordinates":[[[54.415501,24.502417],[54.415496,24.502476],[54.41554,24.502529],[54.415566,24.50253],[54.41557,24.502471],[54.415526,24.502419],[54.415501,24.502417]]]}},{"type":"Feature","properties":{},"geometry":{"type":"Polygon","coordinates":[[[54.412001,24.5028],[54.411796,24.502509],[54.411758,24.50253],[54.411786,24.502501],[54.411742,24.502449],[54.411529,24.502276],[54.411457,24.502349],[54.411501,24.502401],[54.4117,24.502562],[54.411899,24.502857],[54.412001,24.5028]]]}},{"type":"Feature","properties":{},"geometry":{"type":"Polygon","coordinates":[[[54.415512,24.502656],[54.415468,24.502603],[54.41539,24.502607],[54.415395,24.502682],[54.415438,24.502734],[54.41551,24.502734],[54.415512,24.502656]]]}},{"type":"Feature","properties":{},"geometry":{"type":"Polygon","coordinates":[[[54.411463,24.502535],[54.41146,24.502658],[54.411504,24.50271],[54.411553,24.502711],[54.411556,24.502588],[54.411512,24.502535],[54.411463,24.502535]]]}},{"type":"Feature","properties":{},"geometry":{"type":"Polygon","coordinates":[[[54.411372,24.502725],[54.411369,24.50251],[54.411149,24.502248],[54.410947,24.502245],[54.410913,24.502838],[54.411133,24.5031],[54.411576,24.503126],[54.411573,24.502964],[54.411372,24.502725]]]}},{"type":"Feature","properties":{},"geometry":{"type":"Polygon","coordinates":[[[54.415561,24.502807],[54.415605,24.502859],[54.415658,24.502865],[54.415662,24.502837],[54.415618,24.502785],[54.415565,24.502779],[54.415561,24.502807]]]}},{"type":"Feature","properties":{},"geometry":{"type":"Polygon","coordinates":[[[54.415491,24.502953],[54.415549,24.502945],[54.41554,24.502895],[54.415458,24.502778],[54.415396,24.502784],[54.415403,24.502838],[54.415491,24.502953]]]}},{"type":"Feature","properties":{},"geometry":{"type":"Polygon","coordinates":[[[54.415685,24.502856],[54.415729,24.502909],[54.415855,24.502914],[54.415859,24.502836],[54.415815,24.502783],[54.415689,24.502779],[54.415685,24.502856]]]}},{"type":"Feature","properties":{},"geometry":{"type":"Polygon","coordinates":[[[54.411573,24.502795],[54.411649,24.502947],[54.411693,24.502999],[54.411777,24.502964],[54.411701,24.502812],[54.411657,24.50276],[54.411573,24.502795]]]}},{"type":"Feature","properties":{},"geometry":{"type":"Polygon","coordinates":[[[54.415635,24.503418],[54.415632,24.503473],[54.415676,24.503526],[54.41577,24.503529],[54.415772,24.503474],[54.415728,24.503421],[54.415635,24.503418]]]}},{"type":"Feature","properties":{},"geometry":{"type":"Polygon","coordinates":[[[54.415809,24.503559],[54.415813,24.503642],[54.415856,24.503694],[54.415899,24.503693],[54.415896,24.50361],[54.415852,24.503558],[54.415809,24.503559]]]}},{"type":"Feature","properties":{},"geometry":{"type":"Polygon","coordinates":[[[54.415468,24.504062],[54.415458,24.504025],[54.415415,24.503972],[54.415356,24.503984],[54.415383,24.504049],[54.415466,24.50415],[54.415491,24.504133],[54.415438,24.504068],[54.415468,24.504062]]]}},{"type":"Feature","properties":{},"geometry":{"type":"Polygon","coordinates":[[[54.41564,24.504033],[54.415568,24.504083],[54.415784,24.504356],[54.415961,24.504509],[54.416139,24.504361],[54.415988,24.504182],[54.415792,24.50402],[54.415704,24.504108],[54.41564,24.504033]]]}},{"type":"Feature","properties":{},"geometry":{"type":"Polygon","coordinates":[[[54.414667,24.504163],[54.414927,24.504472],[54.415104,24.504625],[54.415282,24.504477],[54.415022,24.504167],[54.414826,24.504005],[54.414667,24.504163]]]}},{"type":"Feature","properties":{},"geometry":{"type":"Polygon","coordinates":[[[54.415885,24.505043],[54.415843,24.504993],[54.415986,24.504874],[54.415806,24.50466],[54.41566,24.50454],[54.415742,24.504472],[54.415507,24.504192],[54.415311,24.504031],[54.415152,24.504188],[54.415387,24.504467],[54.415523,24.504585],[54.415451,24.504656],[54.415631,24.504869],[54.41574,24.504964],[54.415838,24.505079],[54.415885,24.505043]]]}},{"type":"Feature","properties":{},"geometry":{"type":"Polygon","coordinates":[[[54.415102,24.505109],[54.414868,24.50483],[54.414815,24.504787],[54.414838,24.504768],[54.414508,24.504375],[54.414312,24.504214],[54.414153,24.504371],[54.414532,24.504806],[54.414513,24.504826],[54.414747,24.505105],[54.414925,24.505258],[54.415102,24.505109]]]}},{"type":"Feature","properties":{},"geometry":{"type":"Polygon","coordinates":[[[54.415073,24.504983],[54.415278,24.505227],[54.415456,24.50538],[54.415633,24.505231],[54.415428,24.504987],[54.415232,24.504826],[54.415073,24.504983]]]}},{"type":"Feature","properties":{},"geometry":{"type":"Polygon","coordinates":[[[54.410546,24.50654],[54.410371,24.50656],[54.410298,24.506611],[54.410298,24.506661],[54.410335,24.50673],[54.410482,24.506904],[54.41053,24.506914],[54.410648,24.506977],[54.410734,24.506983],[54.410817,24.506968],[54.410732,24.507106],[54.410726,24.507266],[54.410769,24.50734],[54.410916,24.507514],[54.41097,24.507523],[54.41105,24.507501],[54.411069,24.507459],[54.411157,24.507363],[54.41119,24.507118],[54.411043,24.506943],[54.410977,24.506911],[54.410945,24.506966],[54.410922,24.50696],[54.410944,24.506902],[54.410887,24.506834],[54.410894,24.506789],[54.410747,24.506615],[54.410678,24.506576],[54.410546,24.50654]]]}},{"type":"Feature","properties":{},"geometry":{"type":"Polygon","coordinates":[[[54.410813,24.508596],[54.410809,24.508696],[54.410853,24.508749],[54.411004,24.508753],[54.411005,24.508743],[54.411014,24.508755],[54.411141,24.508758],[54.411144,24.50866],[54.4111,24.508608],[54.410973,24.508612],[54.410964,24.508601],[54.410813,24.508596]]]}},{"type":"Feature","properties":{},"geometry":{"type":"Polygon","coordinates":[[[54.411248,24.508984],[54.411234,24.509309],[54.411278,24.509362],[54.41133,24.509364],[54.411389,24.509434],[54.411062,24.509442],[54.411062,24.509455],[54.411049,24.50944],[54.410723,24.509449],[54.410727,24.509544],[54.410771,24.509596],[54.411097,24.509586],[54.411096,24.50957],[54.411108,24.509585],[54.411492,24.509575],[54.41149,24.509511],[54.411584,24.509514],[54.411599,24.509532],[54.411717,24.509534],[54.411721,24.509317],[54.411678,24.509265],[54.411631,24.509264],[54.411632,24.509215],[54.411738,24.509219],[54.411747,24.50901],[54.411703,24.508958],[54.41158,24.508954],[54.411574,24.509088],[54.411487,24.508984],[54.411317,24.50898],[54.411316,24.509004],[54.411302,24.508986],[54.411248,24.508984]]]}},{"type":"Feature","properties":{},"geometry":{"type":"Polygon","coordinates":[[[54.410698,24.509064],[54.4107,24.509161],[54.410744,24.509213],[54.410806,24.509212],[54.410804,24.509116],[54.41076,24.509063],[54.410698,24.509064]]]}},{"type":"Feature","properties":{},"geometry":{"type":"Polygon","coordinates":[[[54.411123,24.509147],[54.411122,24.509219],[54.411166,24.509272],[54.411214,24.509272],[54.411215,24.5092],[54.411171,24.509148],[54.411123,24.509147]]]}},{"type":"Feature","properties":{},"geometry":{"type":"Polygon","coordinates":[[[54.411256,24.509681],[54.411333,24.509838],[54.411377,24.50989],[54.411476,24.50985],[54.411399,24.509693],[54.411355,24.509641],[54.411256,24.509681]]]}},{"type":"Feature","properties":{},"geometry":{"type":"Polygon","coordinates":[[[54.410558,24.510764],[54.410602,24.510816],[54.410655,24.510839],[54.410681,24.510791],[54.410637,24.510739],[54.410584,24.510715],[54.410558,24.510764]]]}},{"type":"Feature","properties":{},"geometry":{"type":"Polygon","coordinates":[[[54.418873,24.480042],[54.418867,24.480078],[54.418911,24.48013],[54.418946,24.480135],[54.418986,24.480183],[54.419023,24.480184],[54.419025,24.480123],[54.418981,24.480071],[54.418873,24.480042]]]}},{"type":"Feature","properties":{},"geometry":{"type":"Polygon","coordinates":[[[54.420562,24.480364],[54.420606,24.480416],[54.420945,24.480441],[54.420947,24.480394],[54.420903,24.480342],[54.420724,24.480335],[54.42066,24.480236],[54.420569,24.480232],[54.420562,24.480364]]]}},{"type":"Feature","properties":{},"geometry":{"type":"Polygon","coordinates":[[[54.419929,24.480822],[54.419923,24.480877],[54.419967,24.480929],[54.420031,24.480935],[54.420037,24.480881],[54.419993,24.480828],[54.419929,24.480822]]]}},{"type":"Feature","properties":{},"geometry":{"type":"Polygon","coordinates":[[[54.418777,24.481877],[54.418773,24.481795],[54.418703,24.481722],[54.418923,24.481748],[54.418942,24.481613],[54.418898,24.481561],[54.418579,24.481524],[54.41856,24.481659],[54.418586,24.481689],[54.418544,24.481691],[54.41855,24.481831],[54.418594,24.481883],[54.418777,24.481877]]]}},{"type":"Feature","properties":{},"geometry":{"type":"Polygon","coordinates":[[[54.418982,24.481589],[54.41896,24.481742],[54.419004,24.481795],[54.419344,24.481836],[54.419366,24.481682],[54.419322,24.48163],[54.418982,24.481589]]]}},{"type":"Feature","properties":{},"geometry":{"type":"Polygon","coordinates":[[[54.419421,24.481631],[54.419401,24.481768],[54.419445,24.48182],[54.419772,24.481859],[54.419792,24.481722],[54.419748,24.48167],[54.419421,24.481631]]]}},{"type":"Feature","properties":{},"geometry":{"type":"Polygon","coordinates":[[[54.420064,24.481769],[54.420107,24.481821],[54.420244,24.481824],[54.420246,24.481773],[54.420202,24.48172],[54.42007,24.481706],[54.420064,24.481769]]]}},{"type":"Feature","properties":{},"geometry":{"type":"Polygon","coordinates":[[[54.418826,24.48177],[54.418813,24.48185],[54.418857,24.481902],[54.418899,24.481908],[54.418912,24.481828],[54.418868,24.481775],[54.418826,24.48177]]]}},{"type":"Feature","properties":{},"geometry":{"type":"Polygon","coordinates":[[[54.420397,24.482141],[54.420488,24.482162],[54.420506,24.482097],[54.4207,24.48212],[54.420721,24.482146],[54.421031,24.482187],[54.421051,24.482064],[54.420997,24.482011],[54.421076,24.482015],[54.421084,24.481882],[54.42104,24.48183],[54.420715,24.481813],[54.42071,24.481895],[54.420621,24.481788],[54.420283,24.481748],[54.42026,24.481911],[54.420367,24.482038],[54.420353,24.482089],[54.420397,24.482141]]]}},{"type":"Feature","properties":{},"geometry":{"type":"Polygon","coordinates":[[[54.418618,24.481973],[54.418617,24.481951],[54.418573,24.481898],[54.418529,24.481901],[54.41853,24.481923],[54.418574,24.481975],[54.418618,24.481973]]]}},{"type":"Feature","properties":{},"geometry":{"type":"Polygon","coordinates":[[[54.419879,24.482189],[54.419871,24.482254],[54.419844,24.482223],[54.419833,24.482169],[54.419881,24.482168],[54.419879,24.482072],[54.419835,24.482019],[54.419674,24.482022],[54.419676,24.482114],[54.419661,24.482112],[54.419648,24.482184],[54.419662,24.482212],[54.419637,24.482182],[54.419609,24.48218],[54.419595,24.482163],[54.419643,24.482169],[54.419662,24.482038],[54.419618,24.481986],[54.419294,24.481947],[54.419275,24.482078],[54.41931,24.48212],[54.419255,24.482114],[54.419228,24.482308],[54.419307,24.482402],[54.419212,24.482394],[54.419192,24.482579],[54.419229,24.482623],[54.419191,24.482619],[54.419171,24.48275],[54.419215,24.482803],[54.419243,24.482806],[54.41923,24.482912],[54.419205,24.482882],[54.418881,24.482853],[54.418851,24.482817],[54.418763,24.482813],[54.418757,24.482922],[54.4188,24.482975],[54.418859,24.482978],[54.418857,24.482995],[54.418901,24.483047],[54.419233,24.483077],[54.419247,24.48295],[54.419272,24.48298],[54.419595,24.483014],[54.419611,24.482881],[54.419568,24.482829],[54.41954,24.482826],[54.419549,24.482772],[54.419672,24.482783],[54.419692,24.482598],[54.419649,24.482548],[54.419653,24.482516],[54.419705,24.482522],[54.419733,24.482327],[54.419679,24.482258],[54.419707,24.482292],[54.419758,24.482281],[54.419864,24.48231],[54.419855,24.482394],[54.419921,24.482473],[54.41984,24.482465],[54.419816,24.482661],[54.419853,24.482704],[54.419802,24.482698],[54.419782,24.48283],[54.419809,24.482862],[54.4197,24.48285],[54.419682,24.482985],[54.419709,24.483018],[54.419673,24.483014],[54.41966,24.483134],[54.419704,24.483187],[54.420028,24.483215],[54.420041,24.483095],[54.420019,24.48307],[54.420047,24.483073],[54.420065,24.482938],[54.42004,24.482909],[54.420147,24.482922],[54.420157,24.482855],[54.420285,24.482868],[54.420265,24.48292],[54.420309,24.482973],[54.420398,24.483001],[54.420432,24.48291],[54.420388,24.482858],[54.420303,24.482831],[54.420307,24.482798],[54.420558,24.482823],[54.420566,24.482756],[54.42054,24.482725],[54.420575,24.482728],[54.420589,24.482597],[54.420545,24.482545],[54.420347,24.482527],[54.42035,24.4825],[54.420605,24.482531],[54.420624,24.482399],[54.420603,24.482374],[54.420621,24.482376],[54.420632,24.482314],[54.420588,24.482262],[54.42027,24.482219],[54.420261,24.482276],[54.420235,24.482245],[54.420251,24.482247],[54.420272,24.482117],[54.420228,24.482064],[54.420201,24.482061],[54.420215,24.481941],[54.420171,24.481889],[54.419851,24.481856],[54.419834,24.481991],[54.419878,24.482043],[54.419903,24.482046],[54.419887,24.482154],[54.41992,24.482193],[54.419879,24.482189]]]}},{"type":"Feature","properties":{},"geometry":{"type":"Polygon","coordinates":[[[54.418801,24.481985],[54.418785,24.482055],[54.418829,24.482107],[54.418865,24.482114],[54.418881,24.482043],[54.418837,24.481991],[54.418801,24.481985]]]}},{"type":"Feature","properties":{},"geometry":{"type":"Polygon","coordinates":[[[54.418884,24.482029],[54.418874,24.482108],[54.418917,24.48216],[54.41924,24.482196],[54.41925,24.482116],[54.419207,24.482064],[54.418884,24.482029]]]}},{"type":"Feature","properties":{},"geometry":{"type":"Polygon","coordinates":[[[54.418494,24.482084],[54.418475,24.482211],[54.418519,24.482263],[54.418841,24.482304],[54.418861,24.482177],[54.418817,24.482124],[54.418494,24.482084]]]}},{"type":"Feature","properties":{},"geometry":{"type":"Polygon","coordinates":[[[54.42097,24.482578],[54.420989,24.482456],[54.420949,24.482409],[54.420998,24.482413],[54.421011,24.482293],[54.420967,24.48224],[54.420657,24.482212],[54.420643,24.482332],[54.420674,24.482369],[54.420635,24.482364],[54.420616,24.482487],[54.42066,24.482539],[54.42097,24.482578]]]}},{"type":"Feature","properties":{},"geometry":{"type":"Polygon","coordinates":[[[54.418787,24.482666],[54.418803,24.482532],[54.418779,24.482503],[54.418809,24.482507],[54.418828,24.482374],[54.418784,24.482322],[54.41846,24.482285],[54.418442,24.482417],[54.41847,24.48245],[54.418434,24.482447],[54.418417,24.482581],[54.418461,24.482633],[54.418787,24.482666]]]}},{"type":"Feature","properties":{},"geometry":{"type":"Polygon","coordinates":[[[54.41918,24.482589],[54.41915,24.482554],[54.419186,24.482559],[54.419207,24.482425],[54.419163,24.482372],[54.418842,24.482331],[54.418821,24.482465],[54.418852,24.482501],[54.418814,24.482496],[54.418805,24.482555],[54.418849,24.482607],[54.419171,24.482648],[54.41918,24.482589]]]}},{"type":"Feature","properties":{},"geometry":{"type":"Polygon","coordinates":[[[54.420939,24.48278],[54.42096,24.482634],[54.420916,24.482582],[54.420606,24.482548],[54.420587,24.482694],[54.420624,24.482738],[54.420578,24.482733],[54.420561,24.482854],[54.420605,24.482907],[54.420915,24.482943],[54.420932,24.482821],[54.420893,24.482775],[54.420939,24.48278]]]}},{"type":"Feature","properties":{},"geometry":{"type":"Polygon","coordinates":[[[54.418957,24.482661],[54.418929,24.482747],[54.418973,24.482799],[54.41907,24.482826],[54.419098,24.48274],[54.419055,24.482687],[54.418957,24.482661]]]}},{"type":"Feature","properties":{},"geometry":{"type":"Polygon","coordinates":[[[54.41873,24.483048],[54.418736,24.482926],[54.418712,24.482897],[54.418752,24.482901],[54.418765,24.482765],[54.418722,24.482713],[54.418396,24.482685],[54.418382,24.482821],[54.418417,24.482863],[54.418366,24.482861],[54.418361,24.482982],[54.418405,24.483035],[54.41873,24.483048]]]}},{"type":"Feature","properties":{},"geometry":{"type":"Polygon","coordinates":[[[54.420094,24.483],[54.420075,24.483162],[54.420222,24.483337],[54.420561,24.483368],[54.420568,24.483305],[54.42087,24.48333],[54.420883,24.483202],[54.420862,24.483177],[54.420879,24.483179],[54.420896,24.483059],[54.420852,24.483007],[54.420544,24.48297],[54.420527,24.48309],[54.420557,24.483126],[54.42052,24.483123],[54.420519,24.483134],[54.420432,24.483032],[54.420094,24.483]]]}},{"type":"Feature","properties":{},"geometry":{"type":"Polygon","coordinates":[[[54.417368,24.487821],[54.417368,24.487776],[54.417324,24.487723],[54.417238,24.487724],[54.417239,24.487769],[54.417283,24.487822],[54.417368,24.487821]]]}},{"type":"Feature","properties":{},"geometry":{"type":"Polygon","coordinates":[[[54.419586,24.489353],[54.419583,24.489311],[54.41954,24.489259],[54.419482,24.489262],[54.419484,24.489303],[54.419528,24.489355],[54.419586,24.489353]]]}},{"type":"Feature","properties":{},"geometry":{"type":"Polygon","coordinates":[[[54.419477,24.489356],[54.419475,24.489317],[54.419432,24.489265],[54.41933,24.489268],[54.419331,24.489307],[54.419375,24.489359],[54.419477,24.489356]]]}},{"type":"Feature","properties":{},"geometry":{"type":"Polygon","coordinates":[[[54.419591,24.489266],[54.419592,24.48932],[54.419636,24.489372],[54.419739,24.489371],[54.419738,24.489317],[54.419694,24.489265],[54.419591,24.489266]]]}},{"type":"Feature","properties":{},"geometry":{"type":"Polygon","coordinates":[[[54.418987,24.489305],[54.418994,24.489429],[54.419038,24.489481],[54.419127,24.489478],[54.419121,24.489353],[54.419077,24.489301],[54.418987,24.489305]]]}},{"type":"Feature","properties":{},"geometry":{"type":"Polygon","coordinates":[[[54.419557,24.489378],[54.419554,24.489481],[54.419598,24.489533],[54.419702,24.489536],[54.419705,24.489433],[54.419661,24.489381],[54.419557,24.489378]]]}},{"type":"Feature","properties":{},"geometry":{"type":"Polygon","coordinates":[[[54.419157,24.48954],[54.419166,24.489612],[54.41921,24.489664],[54.419236,24.489661],[54.419227,24.489589],[54.419183,24.489537],[54.419157,24.48954]]]}},{"type":"Feature","properties":{},"geometry":{"type":"Polygon","coordinates":[[[54.419729,24.489871],[54.419727,24.489826],[54.419684,24.489774],[54.419563,24.489776],[54.419564,24.489821],[54.419608,24.489874],[54.419729,24.489871]]]}},{"type":"Feature","properties":{},"geometry":{"type":"Polygon","coordinates":[[[54.419706,24.490345],[54.419703,24.490225],[54.419659,24.490172],[54.419611,24.490173],[54.419613,24.490262],[54.419571,24.490258],[54.419579,24.490298],[54.419622,24.49035],[54.419706,24.490345]]]}},{"type":"Feature","properties":{},"geometry":{"type":"Polygon","coordinates":[[[54.419387,24.490305],[54.419431,24.490357],[54.419482,24.490355],[54.419476,24.490234],[54.419432,24.490181],[54.419381,24.490183],[54.419387,24.490305]]]}},{"type":"Feature","properties":{},"geometry":{"type":"Polygon","coordinates":[[[54.419359,24.490361],[54.419358,24.490327],[54.419314,24.490275],[54.419239,24.490277],[54.41924,24.490311],[54.419284,24.490363],[54.419359,24.490361]]]}},{"type":"Feature","properties":{},"geometry":{"type":"Polygon","coordinates":[[[54.416909,24.501975],[54.416894,24.501928],[54.41685,24.501875],[54.416805,24.501887],[54.41682,24.501934],[54.416864,24.501987],[54.416909,24.501975]]]}},{"type":"Feature","properties":{},"geometry":{"type":"Polygon","coordinates":[[[54.417205,24.502123],[54.4174,24.502264],[54.417617,24.50206],[54.41747,24.501885],[54.41724,24.501685],[54.417163,24.501757],[54.417217,24.501823],[54.417181,24.501902],[54.417059,24.501949],[54.417205,24.502123]]]}},{"type":"Feature","properties":{},"geometry":{"type":"Polygon","coordinates":[[[54.416802,24.502017],[54.416801,24.501968],[54.416757,24.501916],[54.416682,24.501917],[54.416683,24.501942],[54.416668,24.501925],[54.416572,24.501928],[54.416574,24.501975],[54.416617,24.502027],[54.416714,24.502024],[54.416713,24.502001],[54.416727,24.502018],[54.416802,24.502017]]]}},{"type":"Feature","properties":{},"geometry":{"type":"Polygon","coordinates":[[[54.417663,24.502412],[54.41759,24.502323],[54.417548,24.502351],[54.417621,24.50244],[54.417663,24.502412]]]}},{"type":"Feature","properties":{},"geometry":{"type":"Polygon","coordinates":[[[54.418218,24.502471],[54.418262,24.502524],[54.418464,24.502445],[54.41842,24.502352],[54.418376,24.5023],[54.418174,24.502378],[54.418218,24.502471]]]}},{"type":"Feature","properties":{},"geometry":{"type":"Polygon","coordinates":[[[54.417952,24.502567],[54.417976,24.502541],[54.417885,24.502453],[54.417861,24.502478],[54.417952,24.502567]]]}},{"type":"Feature","properties":{},"geometry":{"type":"Polygon","coordinates":[[[54.417421,24.502442],[54.417421,24.502556],[54.417465,24.502609],[54.417544,24.502614],[54.417548,24.502494],[54.417504,24.502442],[54.417421,24.502442]]]}},{"type":"Feature","properties":{},"geometry":{"type":"Polygon","coordinates":[[[54.417343,24.502764],[54.417299,24.502712],[54.417066,24.50272],[54.417054,24.502707],[54.417007,24.502705],[54.41704,24.502704],[54.417039,24.50268],[54.416995,24.502628],[54.416892,24.50263],[54.416893,24.502654],[54.416945,24.502706],[54.416942,24.502762],[54.416986,24.502815],[54.417081,24.502819],[54.417104,24.502846],[54.417346,24.502838],[54.417343,24.502764]]]}},{"type":"Feature","properties":{},"geometry":{"type":"Polygon","coordinates":[[[54.417344,24.502715],[54.417349,24.502775],[54.417393,24.502828],[54.417452,24.502823],[54.417446,24.502763],[54.417402,24.50271],[54.417344,24.502715]]]}},{"type":"Feature","properties":{},"geometry":{"type":"Polygon","coordinates":[[[54.417265,24.503098],[54.417309,24.503151],[54.417416,24.503154],[54.417418,24.503112],[54.417374,24.50306],[54.417267,24.503056],[54.417265,24.503098]]]}},{"type":"Feature","properties":{},"geometry":{"type":"Polygon","coordinates":[[[54.417465,24.503137],[54.417461,24.503227],[54.417505,24.503279],[54.417567,24.503281],[54.417568,24.503244],[54.417601,24.503282],[54.417649,24.503281],[54.417648,24.50322],[54.417604,24.503168],[54.417556,24.503174],[54.417526,24.503139],[54.417465,24.503137]]]}},{"type":"Feature","properties":{},"geometry":{"type":"Polygon","coordinates":[[[54.417657,24.503786],[54.4177,24.503838],[54.417734,24.503839],[54.417741,24.503622],[54.417698,24.50357],[54.417664,24.503569],[54.417657,24.503786]]]}}]}