{"type":"FeatureCollection","features":[{"type":"Feature","properties":{},"geometry":{"type":"Polygon","coordinates":[[[54.378592,24.480079],[54.378661,24.480088],[54.378831,24.479933],[54.378693,24.479808],[54.378452,24.479775],[54.378282,24.479929],[54.378322,24.479965],[54.378253,24.479956],[54.378068,24.480123],[54.37821,24.480252],[54.37845,24.480285],[54.378635,24.480118],[54.378592,24.480079]]]}},{"type":"Feature","properties":{},"geometry":{"type":"Polygon","coordinates":[[[54.37808,24.48035],[54.37784,24.480316],[54.377657,24.480487],[54.377712,24.480536],[54.37765,24.480527],[54.377481,24.48068],[54.377601,24.48079],[54.377841,24.480823],[54.37801,24.48067],[54.377972,24.480635],[54.378037,24.480644],[54.37822,24.480473],[54.37808,24.48035]]]}},{"type":"Feature","properties":{},"geometry":{"type":"Polygon","coordinates":[[[54.379021,24.480471],[54.378778,24.480758],[54.378906,24.480847],[54.379228,24.480894],[54.379124,24.481009],[54.379358,24.481185],[54.379787,24.481244],[54.379958,24.481057],[54.379724,24.480881],[54.379629,24.480868],[54.379832,24.480629],[54.379687,24.480528],[54.379258,24.480468],[54.37923,24.4805],[54.379021,24.480471]]]}},{"type":"Feature","properties":{},"geometry":{"type":"Polygon","coordinates":[[[54.378438,24.48149],[54.378213,24.481764],[54.378243,24.481785],[54.37804,24.481757],[54.377911,24.481914],[54.378154,24.482079],[54.378106,24.482138],[54.378328,24.482288],[54.378457,24.482306],[54.378489,24.482267],[54.37852,24.482288],[54.378648,24.482306],[54.378685,24.482262],[54.378499,24.482136],[54.378601,24.48215],[54.37866,24.482078],[54.378788,24.482096],[54.379013,24.481822],[54.378959,24.481785],[54.379041,24.481797],[54.379266,24.481523],[54.379183,24.481467],[54.379049,24.481455],[54.37889,24.481342],[54.378843,24.481335],[54.378904,24.481261],[54.378923,24.481275],[54.379052,24.481293],[54.379143,24.481182],[54.378954,24.481053],[54.378825,24.481035],[54.378734,24.481145],[54.378821,24.481205],[54.378692,24.481187],[54.378468,24.481461],[54.378531,24.481503],[54.378438,24.48149]],[[54.378646,24.481937],[54.378469,24.481816],[54.378445,24.481813],[54.378649,24.481564],[54.378586,24.481522],[54.378679,24.481535],[54.3787,24.48151],[54.378839,24.481609],[54.378914,24.48162],[54.37883,24.481723],[54.378883,24.481759],[54.378801,24.481748],[54.378646,24.481937]]]}},{"type":"Feature","properties":{},"geometry":{"type":"Polygon","coordinates":[[[54.378251,24.482533],[54.37798,24.482348],[54.377336,24.482259],[54.376964,24.482709],[54.377235,24.482895],[54.377879,24.482984],[54.378251,24.482533]]]}},{"type":"Feature","properties":{},"geometry":{"type":"Polygon","coordinates":[[[54.378525,24.483092],[54.378433,24.483199],[54.37871,24.483394],[54.378838,24.483412],[54.37893,24.483304],[54.378654,24.483109],[54.378525,24.483092]]]}},{"type":"Feature","properties":{},"geometry":{"type":"Polygon","coordinates":[[[54.378938,24.48347],[54.37891,24.483586],[54.379151,24.483627],[54.37918,24.483511],[54.378938,24.48347]]]}},{"type":"Feature","properties":{},"geometry":{"type":"Polygon","coordinates":[[[54.377465,24.48377],[54.377779,24.483981],[54.377967,24.484007],[54.377991,24.484073],[54.378026,24.484111],[54.378078,24.484135],[54.378862,24.484247],[54.379146,24.483911],[54.3791,24.483886],[54.3791,24.483833],[54.379231,24.483852],[54.379291,24.483745],[54.379349,24.483753],[54.379436,24.48367],[54.379371,24.483614],[54.379242,24.483596],[54.379155,24.483679],[54.3792,24.483718],[54.379123,24.483707],[54.379079,24.483786],[54.378976,24.483737],[54.378806,24.483713],[54.378765,24.483677],[54.378636,24.48366],[54.378613,24.483687],[54.378597,24.483685],[54.378629,24.48365],[54.37834,24.48345],[54.377696,24.48336],[54.377671,24.483393],[54.377581,24.483381],[54.377442,24.483553],[54.377465,24.48377]]]}},{"type":"Feature","properties":{},"geometry":{"type":"Polygon","coordinates":[[[54.378315,24.484686],[54.378494,24.484813],[54.378539,24.48482],[54.378524,24.484838],[54.378711,24.484965],[54.378749,24.48497],[54.37874,24.484981],[54.378931,24.485119],[54.378961,24.485123],[54.378953,24.485132],[54.379126,24.485256],[54.379102,24.485285],[54.379277,24.485408],[54.379331,24.485415],[54.379309,24.485441],[54.37949,24.485568],[54.379528,24.485573],[54.379506,24.485597],[54.379695,24.485734],[54.379831,24.485753],[54.379822,24.485762],[54.379957,24.485862],[54.379939,24.485882],[54.380118,24.486012],[54.38026,24.486032],[54.380247,24.486047],[54.380623,24.486317],[54.380761,24.486336],[54.380877,24.486206],[54.380496,24.485937],[54.380443,24.48593],[54.380275,24.485807],[54.380238,24.485802],[54.380255,24.485783],[54.380077,24.485651],[54.380042,24.485646],[54.380053,24.485633],[54.379864,24.485497],[54.379823,24.485491],[54.379835,24.485477],[54.379655,24.48535],[54.379566,24.485338],[54.379585,24.485315],[54.37941,24.485193],[54.379366,24.485187],[54.379388,24.485161],[54.3792,24.485025],[54.37917,24.485021],[54.379186,24.485003],[54.378995,24.484865],[54.378951,24.484859],[54.378957,24.484851],[54.37877,24.484724],[54.378729,24.484719],[54.378742,24.484704],[54.378563,24.484576],[54.378523,24.484571],[54.378538,24.484554],[54.378354,24.484422],[54.378323,24.484417],[54.378333,24.484405],[54.37815,24.484275],[54.378108,24.484269],[54.378118,24.484257],[54.377927,24.484123],[54.377789,24.484104],[54.377677,24.484238],[54.377869,24.484372],[54.377909,24.484377],[54.377897,24.484391],[54.37808,24.484521],[54.37811,24.484526],[54.378102,24.484535],[54.378286,24.484667],[54.378327,24.484673],[54.378315,24.484686]]]}},{"type":"Feature","properties":{},"geometry":{"type":"Polygon","coordinates":[[[54.37927,24.486243],[54.379211,24.486209],[54.379082,24.486192],[54.379055,24.48623],[54.379115,24.486264],[54.379244,24.486282],[54.37927,24.486243]]]}},{"type":"Feature","properties":{},"geometry":{"type":"Polygon","coordinates":[[[54.378541,24.48664],[54.378422,24.486624],[54.378513,24.486507],[54.378595,24.486518],[54.378666,24.486559],[54.378795,24.486577],[54.378817,24.486542],[54.378744,24.486504],[54.378624,24.486487],[54.37882,24.486237],[54.37878,24.486211],[54.378835,24.48614],[54.378537,24.485947],[54.377893,24.485858],[54.377262,24.486665],[54.377537,24.486843],[54.378181,24.486933],[54.3782,24.486908],[54.378232,24.486928],[54.378361,24.486946],[54.378587,24.486668],[54.378541,24.48664]]]}},{"type":"Feature","properties":{},"geometry":{"type":"Polygon","coordinates":[[[54.376872,24.488136],[54.376815,24.488203],[54.377614,24.48876],[54.378014,24.488815],[54.377988,24.488847],[54.37819,24.488988],[54.378318,24.489006],[54.378366,24.48895],[54.378164,24.488808],[54.378064,24.488795],[54.3781,24.488752],[54.37781,24.48855],[54.37789,24.488561],[54.378707,24.487628],[54.378932,24.487792],[54.379207,24.48783],[54.37933,24.487689],[54.3793,24.487667],[54.379473,24.48747],[54.379086,24.48719],[54.379005,24.487178],[54.378887,24.487093],[54.37899,24.486976],[54.378791,24.486831],[54.378516,24.486793],[54.378196,24.487159],[54.378145,24.487152],[54.378058,24.487089],[54.377658,24.48704],[54.377712,24.486979],[54.377627,24.486917],[54.377352,24.486879],[54.377162,24.487096],[54.377248,24.487159],[54.377473,24.487193],[54.377387,24.487291],[54.377443,24.487331],[54.377396,24.487384],[54.377583,24.48752],[54.37765,24.48753],[54.377582,24.487607],[54.377728,24.487713],[54.377304,24.488197],[54.376872,24.488136]]]}},{"type":"Feature","properties":{},"geometry":{"type":"Polygon","coordinates":[[[54.378987,24.487867],[54.379089,24.487944],[54.379217,24.487962],[54.379254,24.487922],[54.379153,24.487845],[54.379024,24.487827],[54.378987,24.487867]]]}},{"type":"Feature","properties":{},"geometry":{"type":"Polygon","coordinates":[[[54.378962,24.487917],[54.378533,24.487857],[54.378406,24.488015],[54.378627,24.488162],[54.379057,24.488221],[54.379183,24.488063],[54.378962,24.487917]]]}},{"type":"Feature","properties":{},"geometry":{"type":"Polygon","coordinates":[[[54.379338,24.49018],[54.379454,24.490262],[54.379798,24.49031],[54.379963,24.490114],[54.379847,24.490032],[54.37956,24.489993],[54.379649,24.489887],[54.379385,24.489702],[54.378767,24.489616],[54.378562,24.489858],[54.378766,24.490002],[54.378344,24.489943],[54.378182,24.490139],[54.378328,24.490238],[54.379049,24.490338],[54.379211,24.490143],[54.379127,24.490085],[54.379387,24.490122],[54.379338,24.49018]]]}},{"type":"Feature","properties":{},"geometry":{"type":"Polygon","coordinates":[[[54.377334,24.49111],[54.377469,24.491205],[54.37819,24.491305],[54.378336,24.491134],[54.37821,24.491046],[54.378407,24.491073],[54.378556,24.490897],[54.378482,24.490845],[54.378624,24.490864],[54.378784,24.490666],[54.378723,24.490626],[54.378789,24.490635],[54.378943,24.490452],[54.378811,24.490359],[54.378124,24.490264],[54.377969,24.490447],[54.378102,24.49054],[54.378212,24.490555],[54.378089,24.490707],[54.378176,24.490765],[54.377763,24.490708],[54.377614,24.490884],[54.377745,24.490976],[54.377479,24.490939],[54.377334,24.49111]]]}},{"type":"Feature","properties":{},"geometry":{"type":"Polygon","coordinates":[[[54.378659,24.491627],[54.378803,24.491731],[54.379215,24.491788],[54.379356,24.491626],[54.379415,24.491666],[54.379395,24.491755],[54.380455,24.491914],[54.380471,24.491829],[54.380515,24.491835],[54.380551,24.491633],[54.380516,24.491628],[54.380532,24.491557],[54.380396,24.491446],[54.380074,24.491401],[54.380179,24.491281],[54.380041,24.491181],[54.379737,24.491139],[54.379847,24.491013],[54.37973,24.490928],[54.379421,24.490885],[54.379271,24.491057],[54.379307,24.491083],[54.379292,24.491081],[54.379142,24.491252],[54.379193,24.491289],[54.379144,24.491282],[54.37909,24.491245],[54.379029,24.491237],[54.379133,24.491118],[54.379091,24.491088],[54.379154,24.491097],[54.379303,24.490908],[54.379345,24.490914],[54.379513,24.490722],[54.379625,24.4908],[54.380071,24.490861],[54.380184,24.490727],[54.379905,24.490534],[54.3802,24.490575],[54.380366,24.490379],[54.38025,24.490298],[54.379941,24.490255],[54.37978,24.490444],[54.379653,24.490355],[54.379344,24.490312],[54.379241,24.490434],[54.379393,24.490541],[54.379346,24.490607],[54.37899,24.490558],[54.378819,24.490754],[54.378867,24.490789],[54.378717,24.490964],[54.378759,24.490993],[54.378699,24.490985],[54.37855,24.491156],[54.378609,24.491199],[54.378421,24.491173],[54.378264,24.491356],[54.378384,24.491441],[54.378774,24.491495],[54.378659,24.491627]],[[54.379067,24.491344],[54.378975,24.491452],[54.379003,24.491471],[54.378839,24.491449],[54.37895,24.49132],[54.379067,24.491344]],[[54.3789,24.491277],[54.378918,24.49128],[54.378913,24.491286],[54.3789,24.491277]],[[54.379827,24.49052],[54.379844,24.4905],[54.379886,24.490529],[54.379827,24.49052]],[[54.379465,24.491366],[54.379482,24.491368],[54.379481,24.491377],[54.379465,24.491366]]]}},{"type":"Feature","properties":{},"geometry":{"type":"Polygon","coordinates":[[[54.379001,24.491926],[54.378816,24.491796],[54.378749,24.491787],[54.378792,24.491733],[54.378534,24.49156],[54.378163,24.491509],[54.377954,24.49136],[54.377233,24.49126],[54.377049,24.491474],[54.377287,24.491643],[54.378008,24.491743],[54.378071,24.491669],[54.3783,24.491822],[54.378467,24.491845],[54.378454,24.491861],[54.378639,24.49199],[54.378914,24.492028],[54.379001,24.491926]]]}},{"type":"Feature","properties":{},"geometry":{"type":"Polygon","coordinates":[[[54.377458,24.492458],[54.377344,24.492587],[54.377594,24.492772],[54.378007,24.492829],[54.378121,24.492701],[54.377871,24.492515],[54.377458,24.492458]]]}},{"type":"Feature","properties":{},"geometry":{"type":"Polygon","coordinates":[[[54.378121,24.493572],[54.378076,24.493627],[54.378139,24.493671],[54.37829,24.493691],[54.378264,24.493819],[54.378524,24.493857],[54.378573,24.493893],[54.378004,24.493814],[54.377982,24.49384],[54.377147,24.493725],[54.376945,24.493965],[54.377157,24.494113],[54.377573,24.494171],[54.377599,24.49419],[54.377583,24.494209],[54.377785,24.494352],[54.377894,24.494367],[54.377349,24.494299],[54.377238,24.494426],[54.377431,24.494565],[54.377505,24.494576],[54.377483,24.494601],[54.377675,24.49474],[54.378001,24.494786],[54.377857,24.494953],[54.377968,24.495032],[54.377814,24.495011],[54.37775,24.495085],[54.37746,24.495045],[54.377354,24.495169],[54.377545,24.495304],[54.377717,24.495328],[54.377612,24.495458],[54.376838,24.495351],[54.37658,24.495656],[54.376799,24.495809],[54.377174,24.495861],[54.377116,24.495931],[54.377332,24.496077],[54.378405,24.496226],[54.37857,24.496025],[54.378606,24.49603],[54.378557,24.49609],[54.378823,24.496271],[54.379329,24.496339],[54.379312,24.496357],[54.37767,24.49613],[54.377554,24.496272],[54.377821,24.496454],[54.378155,24.4965],[54.378252,24.496568],[54.379325,24.496717],[54.379342,24.496696],[54.379632,24.496736],[54.379827,24.496513],[54.379682,24.496408],[54.379511,24.496384],[54.379531,24.496367],[54.37974,24.496396],[54.37978,24.496348],[54.379912,24.496436],[54.380047,24.496455],[54.380012,24.496497],[54.380215,24.496635],[54.380258,24.496641],[54.379968,24.496987],[54.380425,24.497303],[54.380528,24.497317],[54.380932,24.496834],[54.380753,24.49671],[54.381073,24.496754],[54.381237,24.496554],[54.381116,24.496471],[54.381299,24.496497],[54.38146,24.496299],[54.381316,24.496203],[54.381515,24.49623],[54.381675,24.496032],[54.381539,24.495941],[54.381737,24.495968],[54.381897,24.49577],[54.381682,24.495626],[54.381572,24.495611],[54.381615,24.495559],[54.3814,24.495415],[54.380809,24.495333],[54.380931,24.495189],[54.3808,24.495098],[54.380713,24.495086],[54.380798,24.494986],[54.380594,24.494844],[54.380077,24.494772],[54.37985,24.494598],[54.380678,24.494713],[54.380794,24.49458],[54.380561,24.494411],[54.380468,24.494399],[54.380487,24.494377],[54.380234,24.494196],[54.379375,24.494077],[54.379273,24.494195],[54.379134,24.494108],[54.379077,24.4941],[54.379085,24.494091],[54.378865,24.493934],[54.379541,24.494028],[54.379712,24.493834],[54.378641,24.493079],[54.378225,24.493021],[54.378141,24.492959],[54.377068,24.49281],[54.376882,24.493017],[54.377091,24.493172],[54.377644,24.493249],[54.377708,24.493295],[54.377823,24.493311],[54.377792,24.49335],[54.37801,24.493497],[54.378105,24.493511],[54.378078,24.493542],[54.378121,24.493572]],[[54.38015,24.495909],[54.380348,24.495671],[54.380244,24.495599],[54.380389,24.495619],[54.380453,24.495543],[54.380596,24.495638],[54.380705,24.495653],[54.380663,24.495706],[54.380799,24.495797],[54.380601,24.495769],[54.380441,24.495968],[54.380584,24.496063],[54.380386,24.496036],[54.380291,24.496154],[54.379981,24.496111],[54.38014,24.495918],[54.380122,24.495906],[54.38015,24.495909]],[[54.378092,24.495596],[54.378287,24.495623],[54.378408,24.495708],[54.378899,24.495776],[54.378882,24.495798],[54.378842,24.495769],[54.37817,24.495676],[54.378184,24.49566],[54.378092,24.495596]],[[54.378395,24.495382],[54.378375,24.495407],[54.37845,24.495457],[54.378424,24.495453],[54.378431,24.495445],[54.378321,24.495372],[54.378395,24.495382]],[[54.378647,24.495163],[54.378751,24.495235],[54.378627,24.495217],[54.378639,24.495205],[54.378533,24.495129],[54.37866,24.495147],[54.378647,24.495163]],[[54.378776,24.49482],[54.37873,24.494874],[54.378708,24.494858],[54.378382,24.494813],[54.378418,24.494771],[54.378776,24.49482]],[[54.379285,24.494358],[54.37942,24.494455],[54.379515,24.494468],[54.379619,24.494543],[54.378844,24.494436],[54.378806,24.49448],[54.378708,24.494466],[54.378775,24.494388],[54.379216,24.494449],[54.379285,24.494358]]]}},{"type":"Feature","properties":{},"geometry":{"type":"Polygon","coordinates":[[[54.378216,24.493761],[54.378155,24.49374],[54.378026,24.493722],[54.378012,24.493757],[54.378202,24.493796],[54.378216,24.493761]]]}},{"type":"Feature","properties":{},"geometry":{"type":"Polygon","coordinates":[[[54.378375,24.497191],[54.37842,24.497141],[54.378156,24.496946],[54.377675,24.496879],[54.377568,24.496999],[54.377822,24.497186],[54.377727,24.497293],[54.37761,24.497277],[54.377504,24.497397],[54.377755,24.497582],[54.378523,24.49768],[54.3788,24.49737],[54.3786,24.497223],[54.378375,24.497191]]]}},{"type":"Feature","properties":{},"geometry":{"type":"Polygon","coordinates":[[[54.378389,24.49777],[54.378271,24.497684],[54.377584,24.497589],[54.37739,24.497807],[54.377507,24.497894],[54.378194,24.497989],[54.378389,24.49777]]]}},{"type":"Feature","properties":{},"geometry":{"type":"Polygon","coordinates":[[[54.378263,24.4981],[54.378171,24.498025],[54.377725,24.497963],[54.37753,24.498182],[54.377602,24.498231],[54.377252,24.498183],[54.377077,24.498379],[54.377211,24.498478],[54.377898,24.498573],[54.378057,24.498368],[54.377981,24.49831],[54.378096,24.498326],[54.378263,24.4981]]]}},{"type":"Feature","properties":{},"geometry":{"type":"Polygon","coordinates":[[[54.378619,24.498615],[54.37855,24.498638],[54.378568,24.498684],[54.378697,24.498702],[54.378767,24.498679],[54.378748,24.498633],[54.378619,24.498615]]]}},{"type":"Feature","properties":{},"geometry":{"type":"Polygon","coordinates":[[[54.378841,24.498827],[54.378741,24.498751],[54.378612,24.498733],[54.378498,24.498855],[54.3786,24.498932],[54.378728,24.498949],[54.378841,24.498827]]]}},{"type":"Feature","properties":{},"geometry":{"type":"Polygon","coordinates":[[[54.378526,24.499094],[54.378549,24.49907],[54.378595,24.499077],[54.378635,24.499036],[54.378544,24.498962],[54.378415,24.498944],[54.378335,24.499025],[54.378397,24.499076],[54.378526,24.499094]]]}},{"type":"Feature","properties":{},"geometry":{"type":"Polygon","coordinates":[[[54.378174,24.501332],[54.377961,24.501167],[54.377005,24.501034],[54.376806,24.501246],[54.377019,24.501412],[54.377974,24.501545],[54.378174,24.501332]]]}},{"type":"Feature","properties":{},"geometry":{"type":"Polygon","coordinates":[[[54.378036,24.50187],[54.37789,24.501751],[54.377245,24.501662],[54.377045,24.501865],[54.377191,24.501985],[54.377836,24.502074],[54.378036,24.50187]]]}},{"type":"Feature","properties":{},"geometry":{"type":"Polygon","coordinates":[[[54.378186,24.502251],[54.378018,24.502117],[54.377202,24.502004],[54.377012,24.502201],[54.37718,24.502336],[54.377996,24.502449],[54.378186,24.502251]]]}},{"type":"Feature","properties":{},"geometry":{"type":"Polygon","coordinates":[[[54.378059,24.502581],[54.377856,24.502438],[54.37704,24.502325],[54.376936,24.502448],[54.377139,24.502591],[54.377954,24.502704],[54.378059,24.502581]]]}},{"type":"Feature","properties":{},"geometry":{"type":"Polygon","coordinates":[[[54.3784,24.508552],[54.378402,24.508662],[54.378603,24.508678],[54.378601,24.508569],[54.3784,24.508552]]]}},{"type":"Feature","properties":{},"geometry":{"type":"Polygon","coordinates":[[[54.378806,24.510318],[54.379035,24.510192],[54.37898,24.51011],[54.379145,24.510132],[54.379792,24.509788],[54.379725,24.509683],[54.379459,24.509646],[54.379506,24.509621],[54.379513,24.509631],[54.379942,24.509691],[54.380178,24.509563],[54.379918,24.509156],[54.379489,24.509097],[54.379237,24.509221],[54.379326,24.509354],[54.378891,24.509294],[54.378598,24.50945],[54.378591,24.509439],[54.377947,24.50935],[54.377158,24.509619],[54.377359,24.509931],[54.377796,24.509992],[54.377685,24.510053],[54.377938,24.510429],[54.378367,24.510488],[54.378715,24.510306],[54.378806,24.510318]],[[54.378817,24.509864],[54.378838,24.509867],[54.378824,24.509875],[54.378817,24.509864]],[[54.378053,24.509993],[54.37816,24.509934],[54.378215,24.510015],[54.378053,24.509993]]]}},{"type":"Feature","properties":{},"geometry":{"type":"Polygon","coordinates":[[[54.38017,24.479896],[54.380355,24.480033],[54.380484,24.480051],[54.380579,24.479946],[54.380394,24.479808],[54.380265,24.47979],[54.38017,24.479896]]]}},{"type":"Feature","properties":{},"geometry":{"type":"Polygon","coordinates":[[[54.379788,24.480369],[54.37994,24.480484],[54.380013,24.480494],[54.379973,24.480541],[54.379726,24.480356],[54.379598,24.480338],[54.379539,24.480402],[54.379812,24.480607],[54.379904,24.48062],[54.379873,24.480656],[54.379945,24.480708],[54.380074,24.480726],[54.380315,24.480447],[54.380242,24.480395],[54.380166,24.480385],[54.380184,24.480363],[54.380222,24.48039],[54.380351,24.480408],[54.38059,24.480132],[54.380512,24.480076],[54.38038,24.480062],[54.380249,24.479972],[54.37982,24.479912],[54.379637,24.480132],[54.37975,24.48021],[54.379667,24.480307],[54.379745,24.480363],[54.379788,24.480369]]]}},{"type":"Feature","properties":{},"geometry":{"type":"Polygon","coordinates":[[[54.380521,24.48199],[54.380543,24.481993],[54.380536,24.482002],[54.381033,24.482359],[54.381373,24.482406],[54.381272,24.482525],[54.381508,24.482691],[54.381577,24.482701],[54.381566,24.482714],[54.381802,24.48288],[54.381839,24.482885],[54.381827,24.482899],[54.38234,24.483246],[54.382325,24.483264],[54.382561,24.483431],[54.38299,24.48349],[54.383176,24.483271],[54.383159,24.483259],[54.383184,24.483263],[54.38337,24.483044],[54.383324,24.483011],[54.383406,24.483023],[54.383592,24.482804],[54.383531,24.482761],[54.383617,24.482773],[54.383804,24.482554],[54.383568,24.482388],[54.383522,24.482381],[54.383533,24.482368],[54.383298,24.482202],[54.383246,24.482195],[54.38326,24.482179],[54.383087,24.482066],[54.383059,24.482062],[54.383069,24.482052],[54.382901,24.481932],[54.382658,24.481898],[54.382733,24.481811],[54.382497,24.481645],[54.382165,24.481599],[54.382265,24.481485],[54.382027,24.481316],[54.382004,24.481313],[54.382012,24.481305],[54.381774,24.481136],[54.381753,24.481133],[54.381764,24.48112],[54.381527,24.480951],[54.381503,24.480947],[54.381265,24.480779],[54.381214,24.480772],[54.381223,24.480761],[54.381063,24.480649],[54.380982,24.480637],[54.381003,24.480613],[54.380843,24.4805],[54.380714,24.480483],[54.380548,24.480679],[54.380709,24.480791],[54.380768,24.480799],[54.380747,24.480825],[54.380663,24.480766],[54.380534,24.480748],[54.380368,24.480945],[54.380381,24.480954],[54.380357,24.48095],[54.380319,24.480983],[54.380153,24.48118],[54.38022,24.481227],[54.380127,24.481214],[54.379961,24.48141],[54.380121,24.481522],[54.380025,24.481633],[54.380521,24.48199]],[[54.382138,24.482502],[54.382324,24.482283],[54.382299,24.482266],[54.382332,24.48227],[54.382408,24.48218],[54.382635,24.48233],[54.382701,24.482339],[54.382682,24.482361],[54.382715,24.482384],[54.382672,24.482378],[54.382486,24.482597],[54.382545,24.482639],[54.38246,24.482627],[54.382394,24.482704],[54.382181,24.482555],[54.382112,24.482545],[54.382123,24.482532],[54.382067,24.482492],[54.382138,24.482502]],[[54.381221,24.481686],[54.380868,24.481637],[54.380855,24.481651],[54.38063,24.481489],[54.380584,24.481483],[54.380595,24.481469],[54.380519,24.481416],[54.380632,24.481432],[54.380798,24.481235],[54.380758,24.481208],[54.380856,24.481221],[54.380935,24.481129],[54.381123,24.481259],[54.380998,24.481241],[54.380962,24.481312],[54.381053,24.48135],[54.381182,24.481368],[54.381203,24.481328],[54.381394,24.48146],[54.381424,24.481464],[54.381412,24.481478],[54.381648,24.481641],[54.381981,24.481687],[54.381881,24.481804],[54.381926,24.481836],[54.381868,24.481828],[54.381693,24.481698],[54.381263,24.481639],[54.381221,24.481686]],[[54.380409,24.481353],[54.380411,24.48135],[54.380418,24.481354],[54.380409,24.481353]],[[54.380605,24.481117],[54.380607,24.481119],[54.380604,24.481118],[54.380605,24.481117]],[[54.380589,24.481065],[54.38057,24.481087],[54.380528,24.481057],[54.380589,24.481065]],[[54.383314,24.482632],[54.383321,24.482623],[54.383339,24.482635],[54.383314,24.482632]]]}},{"type":"Feature","properties":{},"geometry":{"type":"Polygon","coordinates":[[[54.379828,24.481747],[54.379725,24.481675],[54.379596,24.481657],[54.37953,24.481735],[54.379633,24.481807],[54.379762,24.481825],[54.379828,24.481747]]]}},{"type":"Feature","properties":{},"geometry":{"type":"Polygon","coordinates":[[[54.380215,24.48223],[54.380165,24.482194],[54.380036,24.482176],[54.379887,24.482345],[54.379937,24.482382],[54.380066,24.4824],[54.380215,24.48223]]]}},{"type":"Feature","properties":{},"geometry":{"type":"Polygon","coordinates":[[[54.379453,24.482908],[54.379535,24.48292],[54.37941,24.483068],[54.380186,24.48361],[54.38083,24.483699],[54.381095,24.483384],[54.380861,24.483221],[54.380908,24.483166],[54.380959,24.483173],[54.380975,24.483155],[54.381033,24.483163],[54.381088,24.483098],[54.381127,24.483103],[54.381221,24.482991],[54.381104,24.482909],[54.381046,24.482902],[54.380654,24.482628],[54.38042,24.482596],[54.380463,24.482548],[54.380286,24.482414],[54.380158,24.482397],[54.379955,24.482605],[54.379911,24.482575],[54.379482,24.482516],[54.379264,24.482778],[54.379453,24.482908]]]}},{"type":"Feature","properties":{},"geometry":{"type":"Polygon","coordinates":[[[54.380144,24.483607],[54.380074,24.48369],[54.380459,24.483954],[54.380588,24.483971],[54.380653,24.483893],[54.380273,24.483625],[54.380144,24.483607]]]}},{"type":"Feature","properties":{},"geometry":{"type":"Polygon","coordinates":[[[54.380693,24.484546],[54.380577,24.484469],[54.380502,24.484459],[54.380451,24.484425],[54.380296,24.484404],[54.380371,24.484317],[54.3799,24.483983],[54.379471,24.483923],[54.379429,24.483973],[54.379377,24.483937],[54.379248,24.483919],[54.379033,24.484181],[54.379118,24.484239],[54.379247,24.484257],[54.379311,24.484177],[54.379746,24.484486],[54.380015,24.484523],[54.380031,24.484654],[54.38046,24.484713],[54.380781,24.484691],[54.380797,24.48466],[54.380673,24.484575],[54.380693,24.484546]],[[54.379299,24.484124],[54.379281,24.484145],[54.379276,24.484142],[54.379299,24.484124]]]}},{"type":"Feature","properties":{},"geometry":{"type":"Polygon","coordinates":[[[54.379566,24.484514],[54.379455,24.484439],[54.379326,24.484421],[54.379253,24.484509],[54.379188,24.484464],[54.37906,24.484447],[54.378983,24.484539],[54.379264,24.484732],[54.379393,24.48475],[54.379469,24.484658],[54.37938,24.484597],[54.379486,24.484611],[54.379566,24.484514]]]}},{"type":"Feature","properties":{},"geometry":{"type":"Polygon","coordinates":[[[54.379752,24.485078],[54.379823,24.485092],[54.379899,24.485168],[54.380044,24.485275],[54.380319,24.485313],[54.380467,24.485144],[54.38054,24.485194],[54.380936,24.485249],[54.380996,24.485327],[54.381125,24.485345],[54.381194,24.4853],[54.381123,24.485207],[54.381019,24.485193],[54.381299,24.484858],[54.381158,24.48476],[54.380728,24.484701],[54.380549,24.484916],[54.380484,24.484868],[54.380383,24.484854],[54.380272,24.484767],[54.380143,24.484749],[54.380097,24.4848],[54.380168,24.484854],[54.379935,24.484822],[54.379742,24.485031],[54.379752,24.485078]],[[54.380434,24.485026],[54.380455,24.485029],[54.380448,24.485037],[54.380434,24.485026]],[[54.380293,24.484921],[54.380251,24.484891],[54.380312,24.484899],[54.380293,24.484921]]]}},{"type":"Feature","properties":{},"geometry":{"type":"Polygon","coordinates":[[[54.379571,24.486597],[54.379442,24.486579],[54.379405,24.48664],[54.379448,24.486661],[54.379577,24.486679],[54.379614,24.486619],[54.379571,24.486597]]]}},{"type":"Feature","properties":{},"geometry":{"type":"Polygon","coordinates":[[[54.379551,24.487009],[54.379667,24.487025],[54.37964,24.487061],[54.379757,24.487134],[54.379885,24.487152],[54.379917,24.487111],[54.379898,24.4871],[54.379918,24.487102],[54.379954,24.487063],[54.379884,24.48701],[54.379985,24.487024],[54.380019,24.486986],[54.380002,24.486974],[54.380054,24.486981],[54.380082,24.486937],[54.379948,24.486866],[54.379819,24.486848],[54.379798,24.486881],[54.379825,24.486896],[54.379784,24.48689],[54.379755,24.486922],[54.379606,24.486803],[54.379477,24.486785],[54.379387,24.486879],[54.379551,24.487009]],[[54.379694,24.487012],[54.379712,24.487025],[54.379685,24.487022],[54.379694,24.487012]],[[54.379765,24.486939],[54.37982,24.48698],[54.379737,24.486968],[54.379765,24.486939]]]}},{"type":"Feature","properties":{},"geometry":{"type":"Polygon","coordinates":[[[54.37955,24.487187],[54.379516,24.487168],[54.379387,24.48715],[54.37936,24.487188],[54.379394,24.487207],[54.379523,24.487225],[54.37955,24.487187]]]}},{"type":"Feature","properties":{},"geometry":{"type":"Polygon","coordinates":[[[54.380616,24.488933],[54.38068,24.488942],[54.38087,24.489091],[54.381036,24.489114],[54.380895,24.489274],[54.381015,24.489361],[54.381324,24.489404],[54.38149,24.489216],[54.38146,24.489193],[54.3815,24.489199],[54.381646,24.489032],[54.381599,24.488998],[54.38166,24.489007],[54.381821,24.488827],[54.381684,24.488725],[54.381517,24.488702],[54.381524,24.488693],[54.381317,24.488546],[54.38125,24.488536],[54.381096,24.48843],[54.381113,24.488411],[54.380898,24.488256],[54.380717,24.488231],[54.38082,24.488104],[54.380677,24.488008],[54.380437,24.487975],[54.380274,24.488175],[54.380287,24.488184],[54.380089,24.488156],[54.379932,24.488354],[54.379953,24.488368],[54.379909,24.488362],[54.379753,24.488548],[54.379916,24.488661],[54.380189,24.488698],[54.3803,24.488779],[54.380423,24.488799],[54.380616,24.488933]],[[54.380738,24.488499],[54.380831,24.488574],[54.380786,24.488626],[54.380993,24.488774],[54.381191,24.488801],[54.381145,24.488853],[54.381217,24.488906],[54.381171,24.488958],[54.381055,24.48887],[54.381018,24.488865],[54.381024,24.488858],[54.380813,24.488721],[54.380831,24.488701],[54.380619,24.488546],[54.380478,24.488527],[54.380446,24.488505],[54.380497,24.488512],[54.380558,24.488435],[54.380626,24.488484],[54.380738,24.488499]]]}},{"type":"Feature","properties":{},"geometry":{"type":"Polygon","coordinates":[[[54.379425,24.489222],[54.37975,24.489267],[54.379666,24.489366],[54.379874,24.489513],[54.379911,24.489518],[54.380001,24.489583],[54.379959,24.48963],[54.380161,24.489779],[54.380539,24.489831],[54.380659,24.489696],[54.380458,24.489547],[54.380371,24.489535],[54.380237,24.489437],[54.38021,24.489434],[54.380008,24.48928],[54.379855,24.489259],[54.379981,24.48912],[54.380266,24.489166],[54.380228,24.48921],[54.380389,24.489326],[54.380422,24.48933],[54.380412,24.489342],[54.380605,24.489481],[54.380846,24.489514],[54.380944,24.489402],[54.38075,24.489262],[54.380717,24.489258],[54.380727,24.489247],[54.380566,24.489131],[54.380428,24.489112],[54.380481,24.489049],[54.380273,24.488905],[54.380215,24.488897],[54.380176,24.48887],[54.380047,24.488853],[54.380032,24.488872],[54.379896,24.488853],[54.37979,24.488979],[54.379438,24.48893],[54.379275,24.48911],[54.379425,24.489222]]]}},{"type":"Feature","properties":{},"geometry":{"type":"Polygon","coordinates":[[[54.37974,24.492319],[54.379688,24.49238],[54.37999,24.492589],[54.380634,24.492679],[54.381183,24.492023],[54.380737,24.491713],[54.380668,24.491704],[54.380472,24.491938],[54.380102,24.491887],[54.38005,24.491948],[54.380029,24.491945],[54.380007,24.49197],[54.380022,24.491982],[54.379874,24.492159],[54.379615,24.49197],[54.379478,24.491951],[54.379383,24.49206],[54.37974,24.492319]]]}},{"type":"Feature","properties":{},"geometry":{"type":"Polygon","coordinates":[[[54.379834,24.492847],[54.379872,24.492852],[54.379852,24.492876],[54.380053,24.493014],[54.380017,24.493057],[54.38023,24.493204],[54.380429,24.493231],[54.380636,24.493377],[54.380603,24.493417],[54.380766,24.49353],[54.380726,24.493577],[54.381034,24.49379],[54.381255,24.49382],[54.381155,24.493941],[54.381296,24.494039],[54.381605,24.494081],[54.381769,24.493886],[54.381627,24.493788],[54.381509,24.493772],[54.381563,24.493706],[54.381256,24.493494],[54.381227,24.49349],[54.381037,24.493356],[54.381005,24.493352],[54.381019,24.493335],[54.380784,24.493173],[54.380687,24.49316],[54.380719,24.493122],[54.380506,24.492976],[54.380436,24.492966],[54.380451,24.492949],[54.380251,24.492811],[54.380213,24.492806],[54.380229,24.492787],[54.380039,24.492656],[54.380008,24.492652],[54.380019,24.492639],[54.379824,24.492505],[54.379788,24.4925],[54.3798,24.492485],[54.379602,24.492348],[54.379559,24.492342],[54.379573,24.492326],[54.379385,24.492196],[54.37911,24.492158],[54.379018,24.492268],[54.379206,24.492397],[54.379249,24.492403],[54.37924,24.492414],[54.379415,24.492535],[54.379396,24.492558],[54.379591,24.492693],[54.379656,24.492702],[54.379644,24.492716],[54.379834,24.492847]]]}},{"type":"Feature","properties":{},"geometry":{"type":"Polygon","coordinates":[[[54.37965,24.498288],[54.379415,24.498117],[54.378986,24.498058],[54.378824,24.498242],[54.379059,24.498413],[54.379489,24.498472],[54.37965,24.498288]]]}},{"type":"Feature","properties":{},"geometry":{"type":"Polygon","coordinates":[[[54.379296,24.498873],[54.379405,24.498736],[54.37919,24.498593],[54.379115,24.498583],[54.379131,24.498562],[54.378948,24.498445],[54.378819,24.498427],[54.378745,24.498523],[54.378928,24.49864],[54.379001,24.49865],[54.378951,24.498712],[54.379167,24.498855],[54.379296,24.498873]]]}},{"type":"Feature","properties":{},"geometry":{"type":"Polygon","coordinates":[[[54.38019,24.499018],[54.379761,24.498958],[54.379645,24.49911],[54.379583,24.499101],[54.379525,24.499178],[54.379574,24.499194],[54.379555,24.499219],[54.379894,24.499433],[54.380222,24.499479],[54.380219,24.49949],[54.380577,24.499566],[54.380845,24.499603],[54.381059,24.499614],[54.38122,24.4995],[54.381157,24.499399],[54.381087,24.499389],[54.381037,24.499295],[54.381459,24.49904],[54.381157,24.498601],[54.381252,24.498545],[54.381436,24.498618],[54.381426,24.498769],[54.38153,24.498933],[54.381799,24.49897],[54.381927,24.498916],[54.381895,24.498638],[54.381815,24.498526],[54.381286,24.498381],[54.381018,24.498344],[54.380846,24.498442],[54.3808,24.498435],[54.380359,24.498708],[54.38048,24.498883],[54.380351,24.498965],[54.380311,24.499126],[54.380252,24.499089],[54.380269,24.499068],[54.38019,24.499018]]]}},{"type":"Feature","properties":{},"geometry":{"type":"Polygon","coordinates":[[[54.379092,24.507517],[54.379521,24.507576],[54.379762,24.507573],[54.379757,24.507281],[54.379328,24.507222],[54.379106,24.507225],[54.379108,24.507336],[54.379089,24.507336],[54.379092,24.507517]]]}},{"type":"Feature","properties":{},"geometry":{"type":"Polygon","coordinates":[[[54.378735,24.5084],[54.378626,24.508402],[54.378629,24.508505],[54.378758,24.508523],[54.378867,24.508521],[54.378864,24.508417],[54.378735,24.5084]]]}},{"type":"Feature","properties":{},"geometry":{"type":"Polygon","coordinates":[[[54.380141,24.511968],[54.380028,24.511878],[54.37996,24.511868],[54.379474,24.512344],[54.379584,24.51243],[54.379653,24.512439],[54.380141,24.511968]]]}},{"type":"Feature","properties":{},"geometry":{"type":"Polygon","coordinates":[[[54.381484,24.480657],[54.381914,24.480716],[54.381992,24.480615],[54.382062,24.480667],[54.382136,24.480678],[54.382056,24.480679],[54.382054,24.48078],[54.381828,24.480758],[54.381801,24.480944],[54.382003,24.480972],[54.381999,24.481002],[54.382617,24.481083],[54.382639,24.48093],[54.382737,24.480943],[54.382943,24.481086],[54.383372,24.481145],[54.3835,24.480992],[54.383433,24.480946],[54.383496,24.480954],[54.383706,24.481099],[54.383761,24.481106],[54.383798,24.481142],[54.383738,24.481134],[54.383552,24.481355],[54.383605,24.481392],[54.383523,24.48138],[54.383436,24.481484],[54.383191,24.481327],[54.383198,24.481319],[54.382952,24.481149],[54.382523,24.481089],[54.382369,24.481273],[54.38314,24.481802],[54.38317,24.481806],[54.383161,24.481818],[54.383383,24.481973],[54.383456,24.482004],[54.383583,24.482092],[54.383575,24.482105],[54.383671,24.482153],[54.384101,24.482213],[54.384254,24.482029],[54.384161,24.481964],[54.384299,24.481983],[54.384453,24.4818],[54.384367,24.481741],[54.3845,24.481759],[54.384654,24.481575],[54.384563,24.481512],[54.384698,24.481531],[54.384851,24.481347],[54.384606,24.481177],[54.384563,24.481171],[54.384608,24.48112],[54.384371,24.480951],[54.384323,24.480944],[54.384086,24.480774],[54.384056,24.48077],[54.383822,24.480598],[54.383781,24.480592],[54.383803,24.480567],[54.383565,24.480398],[54.38326,24.480356],[54.38335,24.480257],[54.383114,24.480081],[54.383064,24.480074],[54.383086,24.480049],[54.382591,24.479691],[54.382162,24.479631],[54.381978,24.479835],[54.382189,24.479992],[54.382071,24.479976],[54.381994,24.48007],[54.382077,24.480126],[54.382145,24.480135],[54.382025,24.480268],[54.382061,24.480295],[54.38201,24.480288],[54.381911,24.480398],[54.3817,24.480241],[54.381657,24.480235],[54.38167,24.480221],[54.381597,24.480166],[54.381703,24.480181],[54.381875,24.479991],[54.381696,24.479856],[54.381669,24.479853],[54.381677,24.479845],[54.381497,24.47971],[54.381068,24.47965],[54.380896,24.47984],[54.381005,24.479922],[54.380856,24.479901],[54.380684,24.480091],[54.380863,24.480225],[54.38091,24.480232],[54.381069,24.480351],[54.381118,24.480358],[54.381088,24.480392],[54.381484,24.480657]],[[54.382968,24.480701],[54.383039,24.480622],[54.383185,24.480723],[54.383233,24.480729],[54.383207,24.48076],[54.383294,24.480821],[54.383275,24.480836],[54.383244,24.480815],[54.382929,24.480771],[54.382953,24.480744],[54.382879,24.480689],[54.382968,24.480701]],[[54.38224,24.480014],[54.382264,24.480037],[54.382228,24.480013],[54.38224,24.480014]],[[54.382282,24.480051],[54.382322,24.48008],[54.382264,24.480072],[54.382282,24.480051]]]}},{"type":"Feature","properties":{},"geometry":{"type":"Polygon","coordinates":[[[54.381631,24.483449],[54.381525,24.483435],[54.381482,24.483489],[54.381552,24.483535],[54.381681,24.483553],[54.381721,24.483502],[54.3819,24.483607],[54.381941,24.483612],[54.381923,24.483632],[54.382209,24.483849],[54.382275,24.483858],[54.382266,24.483867],[54.382432,24.484003],[54.382561,24.484021],[54.382617,24.483965],[54.382451,24.483829],[54.382382,24.483819],[54.382391,24.483809],[54.382105,24.483592],[54.382057,24.483585],[54.382079,24.483554],[54.3818,24.483391],[54.3817,24.483377],[54.381745,24.483323],[54.381688,24.483284],[54.381725,24.48325],[54.381363,24.483006],[54.381234,24.482988],[54.381186,24.483048],[54.381284,24.483114],[54.381262,24.483142],[54.381456,24.483266],[54.381413,24.483316],[54.381536,24.483401],[54.381641,24.483416],[54.381621,24.483444],[54.381631,24.483449]]]}},{"type":"Feature","properties":{},"geometry":{"type":"Polygon","coordinates":[[[54.381073,24.483511],[54.381049,24.48359],[54.381079,24.48361],[54.381068,24.483648],[54.380999,24.483639],[54.380832,24.483868],[54.380788,24.483954],[54.380925,24.484043],[54.380824,24.484036],[54.380782,24.484095],[54.380885,24.484161],[54.381057,24.484185],[54.381292,24.484336],[54.381527,24.484368],[54.381589,24.484419],[54.381529,24.484494],[54.38164,24.484568],[54.38207,24.484628],[54.382291,24.484353],[54.382169,24.484271],[54.382066,24.484257],[54.38223,24.484047],[54.382206,24.484106],[54.382327,24.484145],[54.382456,24.484163],[54.382481,24.4841],[54.38236,24.48406],[54.382233,24.484042],[54.382281,24.48398],[54.382157,24.483901],[54.382029,24.483883],[54.38205,24.483814],[54.381717,24.4836],[54.381531,24.483574],[54.381444,24.48351],[54.381457,24.483497],[54.381381,24.483434],[54.381252,24.483416],[54.381169,24.483501],[54.381203,24.483529],[54.381073,24.483511]]]}},{"type":"Feature","properties":{},"geometry":{"type":"Polygon","coordinates":[[[54.380788,24.484007],[54.380738,24.483973],[54.380609,24.483956],[54.380554,24.484026],[54.3806,24.484058],[54.380729,24.484076],[54.380788,24.484007]]]}},{"type":"Feature","properties":{},"geometry":{"type":"Polygon","coordinates":[[[54.381157,24.485956],[54.381192,24.485981],[54.381147,24.485974],[54.380991,24.486152],[54.381131,24.486254],[54.381268,24.486273],[54.381425,24.486095],[54.381388,24.486069],[54.381435,24.486075],[54.381587,24.485901],[54.381558,24.48588],[54.381603,24.485886],[54.381751,24.485714],[54.381702,24.485679],[54.381762,24.485687],[54.38191,24.485521],[54.381858,24.485483],[54.381926,24.485493],[54.382081,24.485317],[54.381937,24.485212],[54.3818,24.485193],[54.381645,24.485369],[54.381705,24.485412],[54.381638,24.485403],[54.38149,24.485569],[54.381539,24.485605],[54.381475,24.485596],[54.381327,24.485767],[54.381354,24.485787],[54.381309,24.485781],[54.381157,24.485956]]]}},{"type":"Feature","properties":{},"geometry":{"type":"Polygon","coordinates":[[[54.380973,24.485564],[54.380662,24.485519],[54.380634,24.485679],[54.380945,24.485723],[54.380973,24.485564]]]}},{"type":"Feature","properties":{},"geometry":{"type":"Polygon","coordinates":[[[54.38104,24.485793],[54.380911,24.485775],[54.380861,24.48583],[54.380917,24.485872],[54.381046,24.48589],[54.381096,24.485835],[54.38104,24.485793]]]}},{"type":"Feature","properties":{},"geometry":{"type":"Polygon","coordinates":[[[54.381228,24.487477],[54.381131,24.487593],[54.381318,24.487723],[54.381558,24.487756],[54.381656,24.48764],[54.381469,24.48751],[54.381228,24.487477]]]}},{"type":"Feature","properties":{},"geometry":{"type":"Polygon","coordinates":[[[54.381404,24.488404],[54.381615,24.488434],[54.381729,24.488527],[54.38197,24.48856],[54.382127,24.48838],[54.382092,24.488355],[54.382156,24.488364],[54.382315,24.488179],[54.382197,24.488095],[54.382045,24.488074],[54.382133,24.487976],[54.381912,24.487812],[54.381706,24.487784],[54.381609,24.487893],[54.38183,24.488056],[54.381914,24.488067],[54.381763,24.488242],[54.381794,24.488264],[54.381767,24.48826],[54.381737,24.488295],[54.381622,24.48821],[54.381592,24.488206],[54.381605,24.488191],[54.38141,24.488056],[54.38138,24.488051],[54.381389,24.48804],[54.381192,24.487905],[54.381031,24.487883],[54.381183,24.487701],[54.381016,24.487586],[54.380638,24.487533],[54.380477,24.487726],[54.380644,24.487842],[54.380907,24.487878],[54.380827,24.487975],[54.380997,24.488091],[54.380976,24.488116],[54.38117,24.488252],[54.381231,24.48826],[54.381221,24.48827],[54.381404,24.488404]]]}},{"type":"Feature","properties":{},"geometry":{"type":"Polygon","coordinates":[[[54.381113,24.490226],[54.381031,24.490323],[54.381229,24.490461],[54.38127,24.490467],[54.381259,24.49048],[54.381445,24.49061],[54.381409,24.490652],[54.381607,24.49079],[54.381746,24.49081],[54.381875,24.4909],[54.382096,24.490931],[54.38195,24.491097],[54.382094,24.491202],[54.382321,24.491233],[54.382263,24.491299],[54.382466,24.491441],[54.382797,24.491487],[54.382683,24.491618],[54.382876,24.491756],[54.383079,24.491784],[54.383033,24.491838],[54.383186,24.491945],[54.383563,24.491998],[54.383729,24.491803],[54.383709,24.491789],[54.383749,24.491795],[54.383902,24.49161],[54.383888,24.4916],[54.383914,24.491604],[54.384077,24.491421],[54.384064,24.491412],[54.384087,24.491415],[54.384251,24.491226],[54.384104,24.491121],[54.383809,24.49108],[54.383453,24.490834],[54.383404,24.490827],[54.383419,24.49081],[54.383207,24.490662],[54.383061,24.490642],[54.383199,24.490477],[54.383048,24.490373],[54.382693,24.490323],[54.3828,24.490201],[54.382921,24.49029],[54.383299,24.490342],[54.383463,24.490156],[54.383449,24.490146],[54.383485,24.490151],[54.383633,24.489977],[54.383592,24.489947],[54.38364,24.489954],[54.383656,24.489934],[54.383696,24.489962],[54.383744,24.489968],[54.38373,24.489985],[54.383942,24.490134],[54.383968,24.490137],[54.383955,24.490151],[54.384161,24.490305],[54.384362,24.490333],[54.384352,24.490345],[54.384364,24.490353],[54.384319,24.490347],[54.384256,24.490422],[54.384196,24.49038],[54.384163,24.490375],[54.384172,24.490365],[54.38396,24.490217],[54.383582,24.490165],[54.38347,24.490298],[54.383681,24.490446],[54.383714,24.490451],[54.383705,24.490461],[54.383917,24.490609],[54.384077,24.490631],[54.384,24.490722],[54.383901,24.490653],[54.383852,24.490647],[54.383867,24.49063],[54.383655,24.490481],[54.383277,24.490429],[54.383165,24.490563],[54.383376,24.490711],[54.383425,24.490717],[54.383411,24.490735],[54.383622,24.490883],[54.383863,24.490916],[54.383839,24.490945],[54.383967,24.491035],[54.384345,24.491087],[54.384502,24.490902],[54.384467,24.490877],[54.384514,24.490883],[54.384674,24.490703],[54.384646,24.490684],[54.384687,24.490689],[54.384845,24.490504],[54.384833,24.490495],[54.384874,24.490501],[54.385029,24.490322],[54.384987,24.490292],[54.385021,24.490296],[54.385186,24.490111],[54.385054,24.490014],[54.384826,24.489982],[54.384896,24.4899],[54.384496,24.489626],[54.384471,24.489622],[54.38448,24.489612],[54.384246,24.489453],[54.384063,24.489428],[54.384116,24.489364],[54.383973,24.489266],[54.383635,24.489219],[54.383703,24.48914],[54.383583,24.489056],[54.383343,24.489023],[54.383185,24.489208],[54.38322,24.489233],[54.383165,24.489225],[54.383129,24.489268],[54.383004,24.489181],[54.38298,24.489177],[54.382987,24.489169],[54.38279,24.489031],[54.382756,24.489026],[54.38277,24.48901],[54.382573,24.488871],[54.382473,24.488857],[54.382593,24.488714],[54.382784,24.488848],[54.383196,24.488905],[54.383289,24.488795],[54.382878,24.488517],[54.38276,24.488501],[54.382775,24.488484],[54.382664,24.488401],[54.382286,24.488349],[54.382118,24.488536],[54.382211,24.488605],[54.382078,24.488763],[54.382157,24.488818],[54.381969,24.488792],[54.381832,24.488949],[54.381884,24.488987],[54.381826,24.488979],[54.381665,24.489169],[54.381688,24.489185],[54.381663,24.489182],[54.381333,24.48956],[54.381351,24.489572],[54.381295,24.489565],[54.381154,24.489731],[54.381269,24.489812],[54.38114,24.489955],[54.381187,24.48999],[54.381125,24.489981],[54.380985,24.490144],[54.381113,24.490226]],[[54.38179,24.490542],[54.381593,24.490403],[54.381552,24.490397],[54.381562,24.490385],[54.381365,24.490246],[54.381237,24.490228],[54.381366,24.490078],[54.381338,24.490059],[54.381395,24.490067],[54.381567,24.489875],[54.381536,24.489852],[54.381584,24.489858],[54.381718,24.489699],[54.381786,24.489729],[54.381774,24.489743],[54.381971,24.489881],[54.382027,24.489889],[54.382017,24.4899],[54.382215,24.490039],[54.382437,24.49007],[54.382311,24.490213],[54.382375,24.49026],[54.382172,24.490232],[54.382151,24.490257],[54.382089,24.49023],[54.382097,24.490221],[54.381899,24.490082],[54.381659,24.490049],[54.381566,24.490159],[54.381711,24.490261],[54.381681,24.490296],[54.381879,24.490435],[54.382008,24.490452],[54.381881,24.490603],[54.381906,24.49062],[54.38189,24.49064],[54.381812,24.490585],[54.38176,24.490577],[54.38179,24.490542]],[[54.381903,24.489486],[54.381977,24.489403],[54.382052,24.489455],[54.382149,24.489469],[54.382142,24.489477],[54.382339,24.489616],[54.38258,24.489649],[54.382673,24.48954],[54.382476,24.489401],[54.382447,24.489397],[54.382454,24.489388],[54.382257,24.489249],[54.382148,24.489234],[54.382192,24.489181],[54.382249,24.489221],[54.382378,24.489239],[54.382424,24.489184],[54.382339,24.489124],[54.382251,24.489112],[54.382201,24.489068],[54.382292,24.489081],[54.382375,24.48898],[54.382493,24.489063],[54.382456,24.489107],[54.382654,24.489246],[54.382677,24.489249],[54.38267,24.489257],[54.382751,24.489314],[54.382695,24.489306],[54.382652,24.489452],[54.382863,24.489508],[54.382786,24.489599],[54.382831,24.48963],[54.382797,24.489625],[54.382641,24.489807],[54.382691,24.489842],[54.38258,24.489827],[54.382526,24.489889],[54.382433,24.489835],[54.382443,24.489824],[54.382245,24.489685],[54.382212,24.489681],[54.382224,24.489667],[54.382026,24.489528],[54.381889,24.489509],[54.381902,24.489494],[54.381886,24.489483],[54.381903,24.489486]],[[54.383011,24.489421],[54.383077,24.489467],[54.383001,24.489457],[54.383011,24.489421]],[[54.382403,24.488901],[54.382365,24.488875],[54.382418,24.488883],[54.382403,24.488901]],[[54.38262,24.49113],[54.382801,24.491164],[54.382795,24.491171],[54.38302,24.491321],[54.382951,24.491401],[54.383094,24.491503],[54.383312,24.491533],[54.383266,24.491589],[54.383183,24.491529],[54.382853,24.491484],[54.382961,24.491361],[54.382759,24.491217],[54.382567,24.49119],[54.38262,24.49113]],[[54.383201,24.491079],[54.383126,24.491068],[54.383147,24.491044],[54.383201,24.491079]],[[54.382874,24.490853],[54.382917,24.490883],[54.382837,24.490872],[54.382814,24.490856],[54.382865,24.490863],[54.382874,24.490853]],[[54.382799,24.490127],[54.382809,24.490128],[54.382806,24.490132],[54.382799,24.490127]],[[54.382958,24.489919],[54.383002,24.489925],[54.382988,24.489941],[54.382958,24.489919]],[[54.383135,24.489814],[54.383141,24.489818],[54.383132,24.489817],[54.383135,24.489814]],[[54.383149,24.489719],[54.383174,24.489722],[54.383166,24.489731],[54.383149,24.489719]],[[54.382365,24.490728],[54.382366,24.490727],[54.382367,24.490728],[54.382365,24.490728]],[[54.382617,24.490331],[54.382657,24.490336],[54.382645,24.490351],[54.382617,24.490331]],[[54.382484,24.490526],[54.382484,24.490527],[54.382482,24.490526],[54.382484,24.490526]],[[54.382523,24.490524],[54.382533,24.490531],[54.382518,24.490529],[54.382523,24.490524]],[[54.384172,24.489898],[54.384186,24.48988],[54.383974,24.489732],[54.383833,24.489713],[54.383896,24.489635],[54.383984,24.489697],[54.384015,24.489701],[54.384006,24.489711],[54.384406,24.489979],[54.384598,24.490006],[54.384549,24.490062],[54.384522,24.490058],[54.384493,24.490091],[54.384457,24.490065],[54.384425,24.490061],[54.384432,24.490053],[54.38422,24.489904],[54.384172,24.489898]],[[54.383334,24.489532],[54.383318,24.489553],[54.383278,24.489525],[54.383334,24.489532]],[[54.383473,24.489416],[54.383485,24.489424],[54.383468,24.489422],[54.383473,24.489416]],[[54.383506,24.48932],[54.383502,24.489326],[54.383491,24.489318],[54.383506,24.48932]],[[54.383311,24.489619],[54.383314,24.489621],[54.38331,24.489621],[54.383311,24.489619]],[[54.383537,24.491272],[54.38349,24.491247],[54.383497,24.491238],[54.383475,24.491223],[54.38358,24.491237],[54.383567,24.49126],[54.383537,24.491272]]]}},{"type":"Feature","properties":{},"geometry":{"type":"Polygon","coordinates":[[[54.380867,24.490726],[54.380733,24.490631],[54.380424,24.490588],[54.380242,24.490801],[54.380376,24.490896],[54.380685,24.490939],[54.380867,24.490726]]]}},{"type":"Feature","properties":{},"geometry":{"type":"Polygon","coordinates":[[[54.381646,24.49132],[54.381337,24.491277],[54.381174,24.491453],[54.3807,24.491116],[54.380632,24.491107],[54.38065,24.491086],[54.38045,24.490946],[54.380141,24.490903],[54.380041,24.491021],[54.380191,24.491126],[54.380143,24.491183],[54.380973,24.491772],[54.38142,24.491834],[54.38153,24.491705],[54.381349,24.491577],[54.381587,24.49161],[54.381777,24.491408],[54.381646,24.49132]]]}},{"type":"Feature","properties":{},"geometry":{"type":"Polygon","coordinates":[[[54.381914,24.492309],[54.381954,24.492315],[54.381942,24.49233],[54.382132,24.492458],[54.382304,24.492482],[54.382238,24.492559],[54.382359,24.492645],[54.382737,24.492698],[54.382896,24.492513],[54.382838,24.492472],[54.382925,24.492484],[54.38308,24.492305],[54.382945,24.492208],[54.382533,24.492151],[54.382399,24.492305],[54.382339,24.492265],[54.382299,24.492259],[54.382311,24.492244],[54.382121,24.492116],[54.382052,24.492107],[54.382094,24.492056],[54.381834,24.491882],[54.381456,24.491829],[54.381345,24.491967],[54.381604,24.492141],[54.381741,24.49216],[54.381724,24.492182],[54.381914,24.492309]]]}},{"type":"Feature","properties":{},"geometry":{"type":"Polygon","coordinates":[[[54.380905,24.492769],[54.3808,24.492754],[54.380646,24.492928],[54.380749,24.493004],[54.381058,24.493046],[54.381074,24.493029],[54.381126,24.493052],[54.381119,24.493059],[54.381311,24.4932],[54.381425,24.493216],[54.381289,24.49337],[54.381421,24.493459],[54.381388,24.4935],[54.381608,24.493643],[54.381986,24.493695],[54.382077,24.493579],[54.381858,24.493436],[54.381748,24.493421],[54.381845,24.493311],[54.38181,24.493285],[54.381863,24.493292],[54.382008,24.493128],[54.381954,24.493089],[54.382043,24.493101],[54.382143,24.49299],[54.382533,24.493051],[54.382641,24.492917],[54.382425,24.492772],[54.382335,24.49276],[54.382359,24.492732],[54.382245,24.492648],[54.381974,24.492611],[54.381908,24.492567],[54.381879,24.492562],[54.381915,24.492518],[54.381718,24.492385],[54.381653,24.492376],[54.381716,24.4923],[54.381594,24.492217],[54.381251,24.49217],[54.381099,24.492354],[54.38122,24.492437],[54.381252,24.492441],[54.381157,24.492555],[54.381189,24.492579],[54.380963,24.492548],[54.380821,24.492707],[54.380905,24.492769]],[[54.381251,24.492838],[54.381392,24.492678],[54.38136,24.492655],[54.381406,24.492662],[54.381449,24.492613],[54.381485,24.492618],[54.381477,24.492627],[54.381669,24.492757],[54.381787,24.492773],[54.381801,24.492793],[54.381681,24.492776],[54.381527,24.492945],[54.381611,24.493008],[54.381589,24.493005],[54.381565,24.493031],[54.381495,24.492995],[54.381502,24.492988],[54.38131,24.492847],[54.381251,24.492838]]]}},{"type":"Feature","properties":{},"geometry":{"type":"Polygon","coordinates":[[[54.380466,24.493785],[54.38045,24.493807],[54.380518,24.493854],[54.380646,24.493871],[54.380663,24.49385],[54.380595,24.493803],[54.380466,24.493785]]]}},{"type":"Feature","properties":{},"geometry":{"type":"Polygon","coordinates":[[[54.381588,24.499455],[54.381525,24.499426],[54.381396,24.499408],[54.381364,24.499465],[54.381427,24.499495],[54.381556,24.499512],[54.381588,24.499455]]]}},{"type":"Feature","properties":{},"geometry":{"type":"Polygon","coordinates":[[[54.380794,24.511535],[54.38082,24.51147],[54.380736,24.51145],[54.380742,24.511423],[54.380493,24.511385],[54.38046,24.511551],[54.380709,24.511588],[54.380718,24.511544],[54.38068,24.511537],[54.380684,24.51152],[54.380794,24.511535]]]}},{"type":"Feature","properties":{},"geometry":{"type":"Polygon","coordinates":[[[54.380244,24.511578],[54.380169,24.511676],[54.381169,24.5125],[54.381238,24.51251],[54.381318,24.512427],[54.380313,24.511587],[54.380244,24.511578]]]}},{"type":"Feature","properties":{},"geometry":{"type":"Polygon","coordinates":[[[54.382509,24.482411],[54.38238,24.482393],[54.382318,24.482477],[54.382388,24.48252],[54.382517,24.482538],[54.382579,24.482454],[54.382509,24.482411]]]}},{"type":"Feature","properties":{},"geometry":{"type":"Polygon","coordinates":[[[54.382177,24.484761],[54.382226,24.484796],[54.38216,24.484786],[54.382009,24.484961],[54.382149,24.485062],[54.382286,24.485081],[54.382438,24.484906],[54.382388,24.484871],[54.382458,24.48488],[54.382604,24.484706],[54.382577,24.484688],[54.382616,24.484693],[54.382762,24.484523],[54.382726,24.484498],[54.382772,24.484504],[54.382918,24.484328],[54.382902,24.484316],[54.382928,24.48432],[54.383081,24.484148],[54.382936,24.484042],[54.382799,24.484022],[54.382646,24.484195],[54.382676,24.484217],[54.382641,24.484212],[54.382494,24.484388],[54.382523,24.484408],[54.382481,24.484402],[54.382335,24.484572],[54.382365,24.484593],[54.382324,24.484587],[54.382177,24.484761]]]}},{"type":"Feature","properties":{},"geometry":{"type":"Polygon","coordinates":[[[54.382015,24.484722],[54.381936,24.484661],[54.381807,24.484643],[54.381756,24.484699],[54.381836,24.48476],[54.381964,24.484778],[54.382015,24.484722]]]}},{"type":"Feature","properties":{},"geometry":{"type":"Polygon","coordinates":[[[54.382899,24.486296],[54.38308,24.486387],[54.383253,24.486401],[54.3833,24.486337],[54.383102,24.486215],[54.382974,24.486197],[54.382899,24.486296]]]}},{"type":"Feature","properties":{},"geometry":{"type":"Polygon","coordinates":[[[54.383201,24.486825],[54.383157,24.486794],[54.383028,24.486776],[54.382977,24.486839],[54.383021,24.486869],[54.38315,24.486887],[54.383201,24.486825]]]}},{"type":"Feature","properties":{},"geometry":{"type":"Polygon","coordinates":[[[54.38318,24.487133],[54.383008,24.487109],[54.383074,24.487043],[54.382985,24.486973],[54.382702,24.486933],[54.382814,24.486824],[54.38272,24.486746],[54.382291,24.486687],[54.382021,24.486961],[54.382375,24.487255],[54.382552,24.48728],[54.38249,24.487343],[54.382845,24.487635],[54.38319,24.487683],[54.383101,24.487773],[54.383139,24.487804],[54.383094,24.48785],[54.383195,24.487931],[54.383315,24.487948],[54.383438,24.48805],[54.383562,24.488067],[54.383602,24.488099],[54.383731,24.488117],[54.383755,24.488094],[54.383867,24.48811],[54.384023,24.487954],[54.384049,24.487972],[54.384469,24.48803],[54.384371,24.488142],[54.384527,24.488258],[54.384487,24.488302],[54.384736,24.488481],[54.38538,24.48857],[54.385492,24.488446],[54.385605,24.488531],[54.385648,24.488537],[54.385577,24.488722],[54.385455,24.48886],[54.385326,24.488842],[54.385288,24.488885],[54.385266,24.488868],[54.385348,24.488778],[54.385276,24.488729],[54.385147,24.488711],[54.385115,24.488747],[54.384904,24.488593],[54.384775,24.488575],[54.384696,24.488671],[54.384935,24.48884],[54.385019,24.488852],[54.385008,24.488864],[54.385134,24.488957],[54.385019,24.488954],[54.384969,24.48904],[54.384995,24.489053],[54.384838,24.48923],[54.384949,24.489308],[54.385379,24.489367],[54.385451,24.489284],[54.385572,24.489301],[54.385493,24.489406],[54.385531,24.489433],[54.385505,24.489429],[54.385466,24.489473],[54.385936,24.489802],[54.385996,24.489811],[54.385979,24.489829],[54.386067,24.489893],[54.386196,24.489911],[54.386232,24.489871],[54.386143,24.489808],[54.386082,24.489799],[54.386101,24.489776],[54.385874,24.489617],[54.386191,24.48966],[54.38632,24.489485],[54.386041,24.489309],[54.385901,24.48929],[54.385846,24.489256],[54.385731,24.48924],[54.385766,24.489201],[54.385515,24.48901],[54.385442,24.489],[54.385518,24.488916],[54.385698,24.489048],[54.385743,24.489054],[54.385736,24.489061],[54.385779,24.489096],[54.385908,24.489113],[54.385949,24.489071],[54.385906,24.489036],[54.385859,24.48903],[54.385965,24.488909],[54.385908,24.488866],[54.386116,24.488895],[54.386206,24.488671],[54.386244,24.488629],[54.386462,24.488501],[54.386385,24.488388],[54.386289,24.488374],[54.386334,24.488328],[54.386082,24.488145],[54.385653,24.488085],[54.385518,24.488241],[54.385542,24.488259],[54.385454,24.488247],[54.385409,24.488295],[54.38539,24.48828],[54.385466,24.488194],[54.385512,24.488201],[54.385607,24.488099],[54.385564,24.488067],[54.385602,24.488027],[54.385504,24.487955],[54.385521,24.487933],[54.38542,24.487862],[54.384776,24.487773],[54.384746,24.487805],[54.38468,24.487796],[54.38478,24.487679],[54.38469,24.487613],[54.384706,24.487592],[54.384597,24.487519],[54.384354,24.487485],[54.384381,24.487454],[54.384281,24.487386],[54.384374,24.487398],[54.384446,24.487315],[54.384406,24.487287],[54.38446,24.487295],[54.384536,24.487209],[54.384495,24.487181],[54.38455,24.487188],[54.384621,24.487109],[54.384433,24.486972],[54.38436,24.486962],[54.384381,24.486938],[54.384191,24.486806],[54.384062,24.486788],[54.383995,24.486864],[54.384048,24.486902],[54.383973,24.486892],[54.383906,24.48697],[54.383957,24.487006],[54.383885,24.486996],[54.383815,24.487076],[54.383864,24.48711],[54.383795,24.487101],[54.383726,24.487181],[54.383778,24.487218],[54.383705,24.487208],[54.383638,24.487286],[54.383652,24.487296],[54.383527,24.48744],[54.383701,24.487568],[54.384035,24.487614],[54.384012,24.487641],[54.384037,24.487659],[54.384021,24.487678],[54.383984,24.487672],[54.383943,24.487723],[54.384011,24.487772],[54.383909,24.487758],[54.383872,24.487803],[54.383829,24.48779],[54.383908,24.487709],[54.383768,24.487597],[54.383703,24.487588],[54.383552,24.487465],[54.383505,24.487458],[54.383537,24.487425],[54.383447,24.487349],[54.383175,24.487312],[54.383279,24.487209],[54.38318,24.487133]],[[54.384092,24.487281],[54.384097,24.487275],[54.384108,24.487283],[54.384092,24.487281]],[[54.384153,24.487112],[54.384169,24.487114],[54.384164,24.487119],[54.384153,24.487112]],[[54.384273,24.487066],[54.384275,24.487064],[54.384279,24.487067],[54.384273,24.487066]],[[54.384252,24.487015],[54.384241,24.487007],[54.384256,24.487009],[54.384252,24.487015]],[[54.384078,24.48722],[54.384073,24.487226],[54.384062,24.487218],[54.384078,24.48722]],[[54.384185,24.487169],[54.384189,24.487172],[54.384183,24.487171],[54.384185,24.487169]],[[54.38573,24.488882],[54.385711,24.488867],[54.385734,24.488842],[54.385763,24.488846],[54.38573,24.488882]]]}},{"type":"Feature","properties":{},"geometry":{"type":"Polygon","coordinates":[[[54.38225,24.4917],[54.382108,24.4916],[54.381731,24.491548],[54.381554,24.491755],[54.381696,24.491855],[54.382074,24.491907],[54.38225,24.4917]]]}},{"type":"Feature","properties":{},"geometry":{"type":"Polygon","coordinates":[[[54.382754,24.493905],[54.382607,24.493885],[54.382435,24.494082],[54.382532,24.494152],[54.382393,24.494133],[54.382289,24.494252],[54.381876,24.494195],[54.381704,24.494393],[54.381916,24.494545],[54.382026,24.49456],[54.381994,24.494597],[54.382206,24.494749],[54.382689,24.494816],[54.38286,24.494618],[54.382728,24.494523],[54.382916,24.494549],[54.383088,24.494352],[54.382991,24.494282],[54.38313,24.494301],[54.383301,24.494104],[54.383205,24.494035],[54.383352,24.494055],[54.383464,24.493926],[54.38536,24.494175],[54.385517,24.493985],[54.384727,24.493442],[54.383737,24.493305],[54.383778,24.493254],[54.383505,24.493054],[54.382861,24.492965],[54.38257,24.493323],[54.382766,24.49345],[54.382538,24.493419],[54.382367,24.493616],[54.382578,24.493768],[54.382702,24.493785],[54.382658,24.493836],[54.382754,24.493905]]]}},{"type":"Feature","properties":{},"geometry":{"type":"Polygon","coordinates":[[[54.382177,24.499232],[54.382207,24.49919],[54.382211,24.499118],[54.382177,24.499062],[54.382139,24.499038],[54.381955,24.499009],[54.381905,24.499018],[54.381861,24.499044],[54.381834,24.499078],[54.381822,24.499129],[54.381832,24.499175],[54.381861,24.499215],[54.381925,24.499247],[54.382084,24.499268],[54.382134,24.499258],[54.382177,24.499232]]]}},{"type":"Feature","properties":{},"geometry":{"type":"Polygon","coordinates":[[[54.383623,24.504907],[54.383622,24.504853],[54.383705,24.504852],[54.383696,24.504031],[54.383864,24.504031],[54.383861,24.503897],[54.383732,24.503879],[54.383611,24.503881],[54.38361,24.503752],[54.382966,24.503663],[54.382826,24.503665],[54.382834,24.504355],[54.382793,24.504356],[54.382793,24.504387],[54.382764,24.504388],[54.382764,24.504417],[54.382673,24.504418],[54.382675,24.504635],[54.382604,24.50464],[54.382614,24.504762],[54.382677,24.504771],[54.382677,24.50482],[54.383321,24.50491],[54.383623,24.504907]]]}},{"type":"Feature","properties":{},"geometry":{"type":"Polygon","coordinates":[[[54.381657,24.509259],[54.38161,24.509225],[54.381481,24.509207],[54.381434,24.50926],[54.381482,24.509294],[54.381611,24.509312],[54.381657,24.509259]]]}},{"type":"Feature","properties":{},"geometry":{"type":"Polygon","coordinates":[[[54.38144,24.510054],[54.381339,24.510094],[54.381374,24.510166],[54.381503,24.510184],[54.381604,24.510143],[54.381569,24.510072],[54.38144,24.510054]]]}},{"type":"Feature","properties":{},"geometry":{"type":"Polygon","coordinates":[[[54.382037,24.510051],[54.381656,24.510466],[54.38234,24.511003],[54.382984,24.511092],[54.383375,24.510679],[54.382681,24.51014],[54.382037,24.510051]]]}},{"type":"Feature","properties":{},"geometry":{"type":"Polygon","coordinates":[[[54.38125,24.51059],[54.380865,24.511013],[54.381723,24.511679],[54.382367,24.511768],[54.382751,24.511343],[54.381894,24.510679],[54.38125,24.51059]]]}},{"type":"Feature","properties":{},"geometry":{"type":"Polygon","coordinates":[[[54.384187,24.480621],[54.384509,24.480665],[54.384742,24.48084],[54.384879,24.480859],[54.384991,24.480728],[54.384753,24.48056],[54.384726,24.480556],[54.384736,24.480545],[54.384491,24.480366],[54.38446,24.480361],[54.38447,24.48035],[54.384204,24.480168],[54.384211,24.480161],[54.383966,24.479982],[54.38394,24.479978],[54.383701,24.479792],[54.383272,24.479733],[54.383152,24.479868],[54.383397,24.480047],[54.383749,24.480096],[54.384046,24.480324],[54.383942,24.480442],[54.384187,24.480621]]]}},{"type":"Feature","properties":{},"geometry":{"type":"Polygon","coordinates":[[[54.383895,24.48224],[54.383826,24.482197],[54.383698,24.482179],[54.383669,24.482217],[54.383738,24.48226],[54.383866,24.482278],[54.383895,24.48224]]]}},{"type":"Feature","properties":{},"geometry":{"type":"Polygon","coordinates":[[[54.383672,24.482855],[54.383743,24.482906],[54.383608,24.483062],[54.383659,24.483098],[54.38359,24.483089],[54.383442,24.48326],[54.383487,24.483292],[54.383318,24.483269],[54.38317,24.48344],[54.38324,24.48349],[54.383099,24.483653],[54.383238,24.483753],[54.383376,24.483772],[54.383524,24.483601],[54.383469,24.483562],[54.38355,24.483573],[54.383698,24.483402],[54.383653,24.48337],[54.383719,24.483379],[54.383867,24.483208],[54.383816,24.483172],[54.383886,24.483181],[54.384034,24.48301],[54.383992,24.48298],[54.384052,24.482989],[54.3842,24.482817],[54.384163,24.482791],[54.384215,24.482798],[54.384363,24.482627],[54.38432,24.482596],[54.384378,24.482604],[54.384526,24.482433],[54.384483,24.482402],[54.38455,24.482411],[54.384698,24.48224],[54.384654,24.482209],[54.384715,24.482217],[54.384863,24.482046],[54.384807,24.482006],[54.384876,24.482016],[54.385024,24.481844],[54.384884,24.481744],[54.384746,24.481725],[54.384598,24.481896],[54.384654,24.481936],[54.384586,24.481927],[54.384438,24.482098],[54.384482,24.48213],[54.384421,24.482121],[54.384273,24.482292],[54.384316,24.482323],[54.384248,24.482314],[54.3841,24.482485],[54.384144,24.482516],[54.384086,24.482508],[54.383938,24.482679],[54.383975,24.482706],[54.38382,24.482684],[54.383672,24.482855]]]}},{"type":"Feature","properties":{},"geometry":{"type":"Polygon","coordinates":[[[54.384495,24.484167],[54.384478,24.484154],[54.384503,24.484128],[54.384471,24.484102],[54.384342,24.484085],[54.384256,24.484174],[54.384305,24.484213],[54.384434,24.484231],[54.384495,24.484167]]]}},{"type":"Feature","properties":{},"geometry":{"type":"Polygon","coordinates":[[[54.383739,24.485535],[54.383404,24.485488],[54.383141,24.48576],[54.383496,24.486052],[54.383668,24.486076],[54.383603,24.486143],[54.383962,24.486436],[54.384391,24.486495],[54.384598,24.486282],[54.384879,24.486315],[54.385113,24.486516],[54.385543,24.486575],[54.385722,24.486403],[54.385539,24.486245],[54.385481,24.486237],[54.385502,24.486217],[54.385451,24.486177],[54.385358,24.486164],[54.385332,24.486138],[54.385086,24.486104],[54.385139,24.486051],[54.384782,24.485761],[54.384659,24.485744],[54.384706,24.485695],[54.384357,24.485404],[54.38416,24.485367],[54.384204,24.485326],[54.384235,24.48533],[54.38436,24.485202],[54.384341,24.485187],[54.384361,24.485165],[54.384443,24.485177],[54.384549,24.485072],[54.38441,24.484958],[54.383981,24.484898],[54.383876,24.485003],[54.383892,24.485016],[54.383845,24.485063],[54.383824,24.48506],[54.3837,24.485185],[54.383712,24.485193],[54.383672,24.485238],[54.383651,24.485236],[54.383538,24.485344],[54.383678,24.485462],[54.383795,24.485478],[54.383739,24.485535]],[[54.384286,24.486112],[54.384333,24.486063],[54.384459,24.486081],[54.38441,24.486129],[54.384286,24.486112]],[[54.383847,24.485704],[54.38403,24.48573],[54.383999,24.485759],[54.383818,24.485734],[54.383847,24.485704]]]}},{"type":"Feature","properties":{},"geometry":{"type":"Polygon","coordinates":[[[54.384256,24.488496],[54.384379,24.488513],[54.384329,24.488572],[54.384411,24.488629],[54.38454,24.488647],[54.384689,24.488473],[54.384606,24.488415],[54.384477,24.488397],[54.384416,24.488469],[54.384374,24.488438],[54.384246,24.488421],[54.384238,24.488429],[54.384229,24.488423],[54.38439,24.488237],[54.384297,24.488166],[54.384215,24.488155],[54.384233,24.488134],[54.384155,24.488079],[54.384027,24.488062],[54.383882,24.488228],[54.38396,24.488282],[54.384041,24.488294],[54.384002,24.488338],[54.384018,24.488349],[54.383945,24.488436],[54.384038,24.488501],[54.384166,24.488518],[54.384212,24.488464],[54.384256,24.488496]]]}},{"type":"Feature","properties":{},"geometry":{"type":"Polygon","coordinates":[[[54.384976,24.488959],[54.384623,24.488707],[54.384556,24.488698],[54.384488,24.488651],[54.384359,24.488633],[54.384311,24.488692],[54.38441,24.488761],[54.384503,24.488774],[54.384806,24.48899],[54.384934,24.489008],[54.384976,24.488959]]]}},{"type":"Feature","properties":{},"geometry":{"type":"Polygon","coordinates":[[[54.383616,24.492795],[54.38358,24.49283],[54.383652,24.492892],[54.383781,24.49291],[54.383817,24.492875],[54.383745,24.492813],[54.383616,24.492795]]]}},{"type":"Feature","properties":{},"geometry":{"type":"Polygon","coordinates":[[[54.384151,24.49298],[54.383789,24.492925],[54.383756,24.493095],[54.384118,24.49315],[54.384151,24.49298]]]}},{"type":"Feature","properties":{},"geometry":{"type":"Polygon","coordinates":[[[54.384731,24.494856],[54.384161,24.494168],[54.383625,24.494094],[54.383576,24.494154],[54.383538,24.494149],[54.383492,24.494205],[54.38352,24.494223],[54.383391,24.494382],[54.383354,24.494377],[54.38331,24.494431],[54.383336,24.494449],[54.383267,24.494535],[54.384144,24.494841],[54.384681,24.494915],[54.384731,24.494856]]]}},{"type":"Feature","properties":{},"geometry":{"type":"Polygon","coordinates":[[[54.381666,24.496575],[54.382709,24.497291],[54.382817,24.497306],[54.382733,24.497413],[54.383285,24.497777],[54.383929,24.497866],[54.384015,24.497758],[54.383883,24.497654],[54.383911,24.497619],[54.383771,24.497526],[54.383867,24.497404],[54.383596,24.497226],[54.383118,24.497159],[54.383341,24.496895],[54.383828,24.496962],[54.383972,24.496876],[54.383957,24.496858],[54.384103,24.496767],[54.384058,24.496667],[54.384036,24.496558],[54.384069,24.496469],[54.38423,24.496282],[54.384233,24.496294],[54.384362,24.496312],[54.384434,24.496298],[54.384421,24.496245],[54.384293,24.496228],[54.384221,24.496242],[54.384225,24.496261],[54.384134,24.496202],[54.383947,24.496176],[54.384201,24.495874],[54.384223,24.495877],[54.384283,24.495807],[54.384266,24.495795],[54.38461,24.495405],[54.384588,24.495391],[54.384573,24.495221],[54.384451,24.495136],[54.384408,24.49513],[54.383833,24.494902],[54.383796,24.494869],[54.383661,24.494847],[54.383484,24.494781],[54.383216,24.494743],[54.382585,24.495476],[54.382604,24.495489],[54.382583,24.495514],[54.382599,24.49554],[54.382576,24.49557],[54.382519,24.495562],[54.382462,24.495625],[54.382493,24.495659],[54.382469,24.495686],[54.382401,24.495691],[54.381666,24.496575]]]}},{"type":"Feature","properties":{},"geometry":{"type":"Polygon","coordinates":[[[54.383737,24.497101],[54.383674,24.497057],[54.383545,24.497039],[54.383492,24.497104],[54.383556,24.497147],[54.383685,24.497165],[54.383737,24.497101]]]}},{"type":"Feature","properties":{},"geometry":{"type":"Polygon","coordinates":[[[54.38292,24.508253],[54.3829,24.508219],[54.382771,24.508202],[54.382718,24.508228],[54.382738,24.508262],[54.382867,24.50828],[54.38292,24.508253]]]}},{"type":"Feature","properties":{},"geometry":{"type":"Polygon","coordinates":[[[54.385254,24.481278],[54.385013,24.481245],[54.384865,24.481416],[54.384941,24.48147],[54.384813,24.481618],[54.384953,24.481718],[54.385091,24.481737],[54.385239,24.481566],[54.385209,24.481544],[54.385245,24.481549],[54.385394,24.481378],[54.385254,24.481278]]]}},{"type":"Feature","properties":{},"geometry":{"type":"Polygon","coordinates":[[[54.386764,24.48201],[54.386561,24.482033],[54.38657,24.482097],[54.386699,24.482115],[54.386898,24.482089],[54.386893,24.482028],[54.386764,24.48201]]]}},{"type":"Feature","properties":{},"geometry":{"type":"Polygon","coordinates":[[[54.389939,24.482448],[54.389809,24.482389],[54.38968,24.482371],[54.389643,24.482437],[54.389774,24.482497],[54.389903,24.482514],[54.389939,24.482448]]]}},{"type":"Feature","properties":{},"geometry":{"type":"Polygon","coordinates":[[[54.387599,24.482609],[54.387203,24.482327],[54.386559,24.482238],[54.386053,24.482847],[54.386443,24.48312],[54.387087,24.483209],[54.387599,24.482609]]]}},{"type":"Feature","properties":{},"geometry":{"type":"Polygon","coordinates":[[[54.387919,24.485113],[54.387791,24.485095],[54.387714,24.485165],[54.387765,24.485211],[54.387894,24.485229],[54.38797,24.485159],[54.387919,24.485113]]]}},{"type":"Feature","properties":{},"geometry":{"type":"Polygon","coordinates":[[[54.389659,24.485745],[54.389615,24.485699],[54.389693,24.485636],[54.389584,24.485525],[54.389456,24.485507],[54.389314,24.485621],[54.389467,24.485778],[54.389596,24.485795],[54.389659,24.485745]]]}},{"type":"Feature","properties":{},"geometry":{"type":"Polygon","coordinates":[[[54.38741,24.486744],[54.387364,24.48671],[54.387236,24.486692],[54.387137,24.486801],[54.387184,24.486838],[54.387273,24.48685],[54.387251,24.486874],[54.38734,24.48694],[54.387469,24.486958],[54.387539,24.486882],[54.387449,24.486816],[54.387358,24.486804],[54.38741,24.486744]]]}},{"type":"Feature","properties":{},"geometry":{"type":"Polygon","coordinates":[[[54.385516,24.486706],[54.384684,24.486587],[54.384628,24.486868],[54.385453,24.486989],[54.385516,24.486706]]]}},{"type":"Feature","properties":{},"geometry":{"type":"Polygon","coordinates":[[[54.386947,24.487591],[54.387101,24.487421],[54.387264,24.487411],[54.387253,24.487282],[54.387007,24.487248],[54.386903,24.487165],[54.386943,24.487126],[54.386854,24.487055],[54.386478,24.487003],[54.386453,24.486984],[54.386325,24.486966],[54.386312,24.48698],[54.38621,24.486966],[54.385871,24.487346],[54.385969,24.487423],[54.38608,24.487438],[54.386165,24.487501],[54.386183,24.487671],[54.386827,24.48776],[54.38697,24.487746],[54.386947,24.487591]]]}},{"type":"Feature","properties":{},"geometry":{"type":"Polygon","coordinates":[[[54.384873,24.487343],[54.384808,24.487298],[54.384679,24.48728],[54.384603,24.487368],[54.384666,24.487412],[54.384795,24.48743],[54.384873,24.487343]]]}},{"type":"Feature","properties":{},"geometry":{"type":"Polygon","coordinates":[[[54.386964,24.490038],[54.386771,24.490018],[54.386769,24.490061],[54.386962,24.490082],[54.386964,24.490038]]]}},{"type":"Feature","properties":{},"geometry":{"type":"Polygon","coordinates":[[[54.386826,24.490099],[54.386706,24.490239],[54.386929,24.490397],[54.387058,24.490415],[54.387178,24.490277],[54.386955,24.490116],[54.386826,24.490099]]]}},{"type":"Feature","properties":{},"geometry":{"type":"Polygon","coordinates":[[[54.386297,24.490926],[54.386342,24.490856],[54.386304,24.490835],[54.386313,24.490821],[54.386213,24.490767],[54.386084,24.490749],[54.386029,24.490833],[54.386168,24.490908],[54.386297,24.490926]]]}},{"type":"Feature","properties":{},"geometry":{"type":"Polygon","coordinates":[[[54.386149,24.492098],[54.386123,24.491932],[54.386123,24.491795],[54.386139,24.491756],[54.386277,24.491775],[54.386347,24.491691],[54.386237,24.491616],[54.386457,24.491498],[54.386623,24.4913],[54.385526,24.490487],[54.385257,24.49045],[54.384508,24.491341],[54.384613,24.491413],[54.384592,24.491455],[54.384721,24.491487],[54.385404,24.491953],[54.385337,24.491944],[54.385299,24.492002],[54.385154,24.491982],[54.385251,24.4919],[54.385171,24.491822],[54.385042,24.491804],[54.385004,24.491836],[54.384965,24.49183],[54.384809,24.491963],[54.384856,24.492017],[54.384529,24.491971],[54.384461,24.492055],[54.384405,24.492047],[54.384345,24.492094],[54.384275,24.492198],[54.384492,24.49232],[54.384592,24.492334],[54.384523,24.492415],[54.385441,24.493079],[54.386085,24.493168],[54.386313,24.492575],[54.385953,24.49232],[54.386208,24.492355],[54.386267,24.492254],[54.386236,24.492187],[54.386149,24.492098]],[[54.385482,24.492028],[54.385491,24.492012],[54.385522,24.492033],[54.385482,24.492028]]]}},{"type":"Feature","properties":{},"geometry":{"type":"Polygon","coordinates":[[[54.3845,24.491558],[54.384559,24.491609],[54.384688,24.491627],[54.384726,24.491591],[54.384666,24.491539],[54.384537,24.491521],[54.3845,24.491558]]]}},{"type":"Feature","properties":{},"geometry":{"type":"Polygon","coordinates":[[[54.384445,24.491626],[54.384379,24.491706],[54.384431,24.491742],[54.384385,24.491736],[54.384356,24.491769],[54.384638,24.491968],[54.384767,24.491986],[54.384796,24.491952],[54.384761,24.491928],[54.384815,24.491935],[54.384881,24.491855],[54.384574,24.491644],[54.384445,24.491626]]]}},{"type":"Feature","properties":{},"geometry":{"type":"Polygon","coordinates":[[[54.384907,24.492799],[54.384797,24.492733],[54.384702,24.49272],[54.384731,24.492691],[54.384655,24.492629],[54.38458,24.492619],[54.384537,24.492595],[54.384553,24.492574],[54.384458,24.492517],[54.38433,24.492499],[54.384298,24.492542],[54.384406,24.492601],[54.384399,24.492607],[54.384546,24.492729],[54.384649,24.492743],[54.384622,24.49278],[54.384732,24.492846],[54.38486,24.492864],[54.384907,24.492799]]]}},{"type":"Feature","properties":{},"geometry":{"type":"Polygon","coordinates":[[[54.387609,24.492773],[54.387602,24.492799],[54.387578,24.492796],[54.387161,24.493509],[54.387343,24.493578],[54.387987,24.493667],[54.388409,24.492957],[54.388344,24.492845],[54.388319,24.492834],[54.387675,24.492745],[54.387609,24.492773]]]}},{"type":"Feature","properties":{},"geometry":{"type":"Polygon","coordinates":[[[54.389307,24.494201],[54.389361,24.494209],[54.39017,24.494115],[54.390121,24.493761],[54.389477,24.493672],[54.389186,24.493705],[54.389177,24.493698],[54.389216,24.493696],[54.389214,24.493647],[54.389111,24.493633],[54.389108,24.493557],[54.388464,24.493468],[54.388387,24.493472],[54.388404,24.493892],[54.388251,24.4939],[54.388256,24.493937],[54.388385,24.493955],[54.388448,24.493947],[54.388495,24.493984],[54.388457,24.494023],[54.38849,24.494685],[54.38858,24.494698],[54.388587,24.494843],[54.389231,24.494932],[54.389342,24.494927],[54.389307,24.494201]]]}},{"type":"Feature","properties":{},"geometry":{"type":"Polygon","coordinates":[[[54.388371,24.493978],[54.388184,24.493947],[54.388151,24.494066],[54.388338,24.494097],[54.388371,24.493978]]]}},{"type":"Feature","properties":{},"geometry":{"type":"Polygon","coordinates":[[[54.38636,24.494543],[54.3867,24.494772],[54.387698,24.49491],[54.387827,24.494738],[54.387628,24.494616],[54.387771,24.494266],[54.387981,24.494294],[54.388056,24.494112],[54.387649,24.493977],[54.38665,24.493839],[54.38636,24.494543]]]}},{"type":"Feature","properties":{},"geometry":{"type":"Polygon","coordinates":[[[54.385403,24.494783],[54.385326,24.494734],[54.385197,24.494716],[54.38518,24.494738],[54.385141,24.494733],[54.385005,24.494908],[54.385096,24.494978],[54.385182,24.495022],[54.385311,24.49504],[54.385443,24.494869],[54.385372,24.494824],[54.385403,24.494783]]]}},{"type":"Feature","properties":{},"geometry":{"type":"Polygon","coordinates":[[[54.388167,24.495672],[54.388017,24.495687],[54.38803,24.495796],[54.388105,24.495806],[54.388111,24.495851],[54.388239,24.495869],[54.388496,24.495844],[54.388485,24.495747],[54.388401,24.495735],[54.388398,24.495709],[54.388167,24.495672]]]}},{"type":"Feature","properties":{},"geometry":{"type":"Polygon","coordinates":[[[54.38768,24.495896],[54.38693,24.495979],[54.387022,24.496671],[54.387666,24.49676],[54.388417,24.496678],[54.388325,24.495985],[54.38768,24.495896]]]}},{"type":"Feature","properties":{},"geometry":{"type":"Polygon","coordinates":[[[54.388934,24.49711],[54.388926,24.497036],[54.388381,24.496958],[54.388282,24.496947],[54.387829,24.49699],[54.3871,24.496889],[54.387032,24.496896],[54.38694,24.496187],[54.386671,24.49615],[54.38644,24.496175],[54.386587,24.497282],[54.386462,24.497294],[54.386472,24.497374],[54.386433,24.497378],[54.386477,24.49774],[54.386517,24.497745],[54.386524,24.497798],[54.38623,24.497827],[54.386267,24.498138],[54.386583,24.498182],[54.386602,24.498345],[54.386567,24.498348],[54.386575,24.498417],[54.386625,24.498424],[54.386665,24.498751],[54.386772,24.498766],[54.387145,24.498729],[54.387124,24.498559],[54.387246,24.498547],[54.387222,24.498337],[54.387651,24.498305],[54.387637,24.498184],[54.387918,24.498223],[54.388068,24.498208],[54.388064,24.498178],[54.388172,24.498193],[54.388313,24.498178],[54.388297,24.498055],[54.388782,24.498006],[54.388704,24.497414],[54.388971,24.497388],[54.388962,24.497308],[54.388982,24.497306],[54.38896,24.497113],[54.388934,24.49711]]]}},{"type":"Feature","properties":{},"geometry":{"type":"Polygon","coordinates":[[[54.384491,24.497147],[54.384421,24.497102],[54.384292,24.497084],[54.384218,24.497178],[54.384287,24.497224],[54.384416,24.497242],[54.384491,24.497147]]]}},{"type":"Feature","properties":{},"geometry":{"type":"Polygon","coordinates":[[[54.391913,24.49816],[54.391881,24.497941],[54.391505,24.497815],[54.389732,24.49757],[54.389672,24.497599],[54.389473,24.497586],[54.389475,24.497639],[54.389413,24.497642],[54.38942,24.497788],[54.389549,24.497806],[54.389619,24.497798],[54.389631,24.497877],[54.389723,24.497933],[54.391497,24.498179],[54.391913,24.49816]]]}},{"type":"Feature","properties":{},"geometry":{"type":"Polygon","coordinates":[[[54.386821,24.498921],[54.386817,24.498866],[54.386688,24.498848],[54.386518,24.498867],[54.386524,24.498921],[54.386653,24.498939],[54.386821,24.498921]]]}},{"type":"Feature","properties":{},"geometry":{"type":"Polygon","coordinates":[[[54.389757,24.499869],[54.390077,24.50235],[54.389862,24.502372],[54.389851,24.502276],[54.389689,24.502254],[54.388476,24.502381],[54.388581,24.503212],[54.388742,24.503235],[54.389955,24.503108],[54.389887,24.502566],[54.390102,24.502542],[54.390169,24.503067],[54.390406,24.5031],[54.391157,24.503036],[54.3911,24.502522],[54.391418,24.50248],[54.391233,24.500939],[54.39166,24.500999],[54.391921,24.500969],[54.391889,24.500727],[54.391459,24.500667],[54.391203,24.500691],[54.39098,24.498843],[54.390744,24.49881],[54.389641,24.498935],[54.389733,24.49966],[54.389466,24.499684],[54.389403,24.499085],[54.389241,24.499063],[54.387844,24.499178],[54.387931,24.499999],[54.387817,24.499983],[54.387727,24.499275],[54.387083,24.499186],[54.386131,24.499286],[54.386126,24.499384],[54.385951,24.49936],[54.385903,24.499406],[54.385845,24.499427],[54.38552,24.499492],[54.385416,24.499542],[54.385403,24.499577],[54.385415,24.499619],[54.385486,24.499662],[54.386284,24.499773],[54.386591,24.50012],[54.386689,24.500197],[54.38669,24.500216],[54.386718,24.500221],[54.386728,24.500325],[54.387342,24.50041],[54.387748,24.500705],[54.387737,24.500706],[54.387754,24.500846],[54.387489,24.500869],[54.387502,24.500998],[54.387777,24.501036],[54.387803,24.501267],[54.387684,24.501276],[54.387695,24.501396],[54.387546,24.501409],[54.38756,24.501538],[54.38771,24.501559],[54.387726,24.501741],[54.387626,24.501727],[54.386989,24.501785],[54.387003,24.501911],[54.386968,24.501915],[54.386981,24.502028],[54.387014,24.502032],[54.387026,24.502142],[54.387531,24.502212],[54.387329,24.502455],[54.387388,24.502515],[54.387262,24.502793],[54.387369,24.502828],[54.387433,24.502969],[54.38626,24.502807],[54.386031,24.502832],[54.386031,24.502891],[54.385817,24.502912],[54.385793,24.503036],[54.386127,24.503082],[54.386129,24.503177],[54.387675,24.503391],[54.388232,24.503194],[54.388072,24.503066],[54.388037,24.503061],[54.387896,24.50273],[54.388088,24.502397],[54.38938,24.502276],[54.389354,24.502005],[54.389522,24.502028],[54.389661,24.502018],[54.389657,24.501978],[54.389783,24.501969],[54.389737,24.501471],[54.389295,24.50141],[54.389356,24.501286],[54.389438,24.501252],[54.389524,24.50129],[54.389685,24.501313],[54.389647,24.500933],[54.389486,24.500911],[54.389276,24.501018],[54.389208,24.500967],[54.389189,24.500819],[54.389186,24.500794],[54.38934,24.500815],[54.3895,24.500799],[54.389496,24.500766],[54.389628,24.500753],[54.389567,24.500249],[54.389118,24.500185],[54.389113,24.500147],[54.388977,24.500128],[54.389065,24.500119],[54.389052,24.500012],[54.389497,24.499972],[54.389489,24.499896],[54.389757,24.499869]],[[54.388801,24.500137],[54.388804,24.500138],[54.388802,24.500138],[54.388801,24.500137]]]}},{"type":"Feature","properties":{},"geometry":{"type":"Polygon","coordinates":[[[54.389005,24.503249],[54.389004,24.503302],[54.38924,24.503322],[54.389242,24.503268],[54.389005,24.503249]]]}},{"type":"Feature","properties":{},"geometry":{"type":"Polygon","coordinates":[[[54.388608,24.50331],[54.388615,24.50336],[54.388744,24.503378],[54.388959,24.503353],[54.388952,24.503303],[54.388823,24.503285],[54.388608,24.50331]]]}},{"type":"Feature","properties":{},"geometry":{"type":"Polygon","coordinates":[[[54.387855,24.503587],[54.387866,24.503628],[54.387995,24.503646],[54.38806,24.503632],[54.388048,24.50359],[54.387919,24.503572],[54.387855,24.503587]]]}},{"type":"Feature","properties":{},"geometry":{"type":"Polygon","coordinates":[[[54.387554,24.504018],[54.387516,24.504012],[54.387519,24.503969],[54.38739,24.503952],[54.387272,24.503966],[54.387278,24.504008],[54.387362,24.504027],[54.387233,24.504022],[54.387241,24.504069],[54.387557,24.504098],[54.387554,24.504018]]]}},{"type":"Feature","properties":{},"geometry":{"type":"Polygon","coordinates":[[[54.389119,24.507003],[54.389024,24.50701],[54.389027,24.507044],[54.389156,24.507062],[54.389251,24.507055],[54.389248,24.507021],[54.389119,24.507003]]]}},{"type":"Feature","properties":{},"geometry":{"type":"Polygon","coordinates":[[[54.390718,24.482472],[54.390452,24.482441],[54.390434,24.482564],[54.390697,24.482594],[54.390718,24.482472]]]}},{"type":"Feature","properties":{},"geometry":{"type":"Polygon","coordinates":[[[54.390821,24.482804],[54.390899,24.482849],[54.390991,24.482862],[54.390953,24.482928],[54.390928,24.482924],[54.390868,24.483007],[54.390897,24.483024],[54.390846,24.483111],[54.391074,24.483223],[54.391503,24.483283],[54.39158,24.48316],[54.39149,24.483096],[54.391554,24.482989],[54.391667,24.483003],[54.391742,24.482883],[54.391509,24.482769],[54.39134,24.482746],[54.391195,24.48268],[54.391141,24.482673],[54.391149,24.48266],[54.39103,24.482616],[54.391035,24.482607],[54.390942,24.482565],[54.390813,24.482547],[54.390697,24.482753],[54.390518,24.482654],[54.39039,24.482636],[54.390332,24.482717],[54.390581,24.482855],[54.39071,24.482873],[54.390765,24.482792],[54.390716,24.482764],[54.390821,24.482804]]]}},{"type":"Feature","properties":{},"geometry":{"type":"Polygon","coordinates":[[[54.390062,24.482824],[54.389997,24.482755],[54.389869,24.482737],[54.389779,24.482807],[54.389844,24.482876],[54.389972,24.482894],[54.390062,24.482824]]]}},{"type":"Feature","properties":{},"geometry":{"type":"Polygon","coordinates":[[[54.392246,24.483337],[54.392375,24.483354],[54.392476,24.48318],[54.392379,24.483134],[54.39226,24.483113],[54.392281,24.483077],[54.392174,24.483027],[54.391913,24.482988],[54.391893,24.483025],[54.391989,24.483072],[54.392064,24.483082],[54.39213,24.48311],[54.392078,24.4832],[54.392187,24.483232],[54.392153,24.483294],[54.392246,24.483337]]]}},{"type":"Feature","properties":{},"geometry":{"type":"Polygon","coordinates":[[[54.391627,24.483427],[54.391532,24.483387],[54.391403,24.483369],[54.391388,24.483399],[54.391483,24.483439],[54.391612,24.483457],[54.391627,24.483427]]]}},{"type":"Feature","properties":{},"geometry":{"type":"Polygon","coordinates":[[[54.391257,24.483584],[54.391324,24.483594],[54.391408,24.483498],[54.391224,24.483358],[54.390794,24.483299],[54.390585,24.483505],[54.390791,24.483651],[54.391112,24.483696],[54.391058,24.483742],[54.391195,24.483878],[54.391324,24.483896],[54.391411,24.48382],[54.391274,24.483685],[54.391246,24.483681],[54.3913,24.483619],[54.391257,24.483584]]]}},{"type":"Feature","properties":{},"geometry":{"type":"Polygon","coordinates":[[[54.390643,24.484351],[54.390551,24.484429],[54.39067,24.484545],[54.390799,24.484563],[54.39089,24.484485],[54.390771,24.484369],[54.390643,24.484351]]]}},{"type":"Feature","properties":{},"geometry":{"type":"Polygon","coordinates":[[[54.393908,24.487549],[54.393846,24.487541],[54.393669,24.487699],[54.393523,24.487679],[54.393229,24.487917],[54.392711,24.487962],[54.392748,24.488319],[54.392525,24.488595],[54.392389,24.488546],[54.392153,24.488511],[54.392136,24.488594],[54.392054,24.488583],[54.391964,24.488918],[54.39221,24.48894],[54.392377,24.488996],[54.392553,24.489104],[54.392725,24.489296],[54.392886,24.489319],[54.393107,24.48923],[54.393111,24.489253],[54.393272,24.489275],[54.393619,24.48923],[54.394398,24.489338],[54.394585,24.489319],[54.394572,24.489206],[54.394664,24.489197],[54.394622,24.488843],[54.394517,24.488829],[54.394508,24.488755],[54.3931,24.48856],[54.393182,24.488518],[54.393708,24.488472],[54.393686,24.488266],[54.394793,24.488419],[54.394844,24.488378],[54.394968,24.488395],[54.395185,24.488219],[54.395111,24.488144],[54.395209,24.488065],[54.395036,24.487889],[54.394812,24.487566],[54.394986,24.48759],[54.39537,24.487249],[54.395338,24.487219],[54.395256,24.487186],[54.393678,24.486968],[54.393567,24.486956],[54.393441,24.486973],[54.393392,24.487017],[54.393434,24.487056],[54.393289,24.487186],[54.393328,24.487222],[54.393287,24.487259],[54.393409,24.487372],[54.39395,24.487447],[54.39394,24.487455],[54.393975,24.487492],[54.393908,24.487549]]]}},{"type":"Feature","properties":{},"geometry":{"type":"Polygon","coordinates":[[[54.392437,24.490338],[54.392188,24.490452],[54.391982,24.490489],[54.391839,24.490489],[54.391575,24.490443],[54.39156,24.490479],[54.391574,24.490554],[54.391539,24.490578],[54.39149,24.490688],[54.391563,24.490757],[54.391781,24.490799],[54.392142,24.490911],[54.392303,24.490933],[54.392361,24.490883],[54.392409,24.490975],[54.39257,24.490997],[54.392883,24.490956],[54.39314,24.491107],[54.393301,24.49113],[54.393342,24.491075],[54.393459,24.491155],[54.393659,24.491193],[54.393582,24.491288],[54.393354,24.491256],[54.393176,24.491461],[54.393369,24.4916],[54.393406,24.491703],[54.392951,24.491646],[54.392934,24.491532],[54.392451,24.491465],[54.392502,24.49146],[54.392488,24.491342],[54.392896,24.4913],[54.392869,24.491091],[54.392225,24.491002],[54.391525,24.491075],[54.391558,24.491342],[54.39113,24.491282],[54.390657,24.491344],[54.390743,24.491897],[54.392282,24.49211],[54.392394,24.49219],[54.392503,24.492205],[54.392531,24.492226],[54.394184,24.492454],[54.394285,24.492338],[54.39419,24.492269],[54.394233,24.49222],[54.394169,24.492174],[54.394583,24.492231],[54.394621,24.492184],[54.394752,24.492202],[54.394827,24.492108],[54.394752,24.492059],[54.394815,24.491978],[54.394662,24.491877],[54.393971,24.491782],[54.394012,24.491733],[54.395132,24.491889],[54.395234,24.491772],[54.395139,24.491703],[54.395182,24.491654],[54.394932,24.491475],[54.3943,24.491387],[54.394364,24.491311],[54.395386,24.491452],[54.395487,24.491335],[54.395392,24.491267],[54.395435,24.491218],[54.395186,24.491038],[54.394652,24.490964],[54.394668,24.490946],[54.395424,24.49105],[54.395626,24.490818],[54.395387,24.490647],[54.394965,24.490588],[54.395053,24.490483],[54.394882,24.49037],[54.394796,24.490358],[54.394411,24.490397],[54.394266,24.490456],[54.39424,24.490488],[54.393883,24.490439],[54.393978,24.490318],[54.393926,24.490019],[54.394481,24.490096],[54.394669,24.490078],[54.394653,24.489933],[54.394745,24.489924],[54.394704,24.489573],[54.3946,24.489558],[54.394592,24.489484],[54.393121,24.48928],[54.392939,24.489298],[54.39295,24.489397],[54.392801,24.489412],[54.392832,24.489683],[54.392738,24.490064],[54.392695,24.490155],[54.392607,24.490264],[54.392568,24.490259],[54.392437,24.490338]]]}},{"type":"Feature","properties":{},"geometry":{"type":"Polygon","coordinates":[[[54.390972,24.492147],[54.390391,24.492225],[54.390453,24.49261],[54.392288,24.492864],[54.39287,24.492786],[54.392808,24.492401],[54.390972,24.492147]]]}},{"type":"Feature","properties":{},"geometry":{"type":"Polygon","coordinates":[[[54.390693,24.492868],[54.390587,24.492771],[54.390458,24.492753],[54.39027,24.492924],[54.390376,24.493021],[54.390505,24.493039],[54.390693,24.492868]]]}},{"type":"Feature","properties":{},"geometry":{"type":"Polygon","coordinates":[[[54.39288,24.494431],[54.392915,24.494671],[54.393345,24.49473],[54.393613,24.494698],[54.393582,24.494482],[54.393519,24.494474],[54.393515,24.494441],[54.393085,24.494382],[54.392938,24.4944],[54.392941,24.494424],[54.39288,24.494431]]]}},{"type":"Feature","properties":{},"geometry":{"type":"Polygon","coordinates":[[[54.392032,24.495354],[54.392097,24.495991],[54.392741,24.49608],[54.392797,24.496038],[54.393471,24.495971],[54.393739,24.496008],[54.393864,24.495994],[54.394069,24.495811],[54.394285,24.495786],[54.3942,24.495176],[54.393556,24.495087],[54.392988,24.495153],[54.393,24.495236],[54.392928,24.495226],[54.392032,24.495354]]]}},{"type":"Feature","properties":{},"geometry":{"type":"Polygon","coordinates":[[[54.390508,24.496324],[54.390643,24.496328],[54.39063,24.496099],[54.390614,24.496097],[54.390627,24.496096],[54.390576,24.495677],[54.389931,24.495588],[54.389582,24.495623],[54.389621,24.495941],[54.389503,24.495943],[54.389512,24.496018],[54.38953,24.496021],[54.389561,24.496274],[54.390205,24.496364],[54.390509,24.496344],[54.390508,24.496324]],[[54.390434,24.496233],[54.390436,24.49626],[54.390378,24.496252],[54.390376,24.496239],[54.390434,24.496233]]]}},{"type":"Feature","properties":{},"geometry":{"type":"Polygon","coordinates":[[[54.391412,24.496961],[54.391413,24.496975],[54.391293,24.496967],[54.391292,24.497001],[54.391421,24.497019],[54.391663,24.497013],[54.391661,24.496974],[54.391533,24.496956],[54.391412,24.496961]]]}},{"type":"Feature","properties":{},"geometry":{"type":"Polygon","coordinates":[[[54.394542,24.496821],[54.393898,24.496732],[54.393666,24.497017],[54.393746,24.497301],[54.393997,24.497419],[54.394641,24.497508],[54.394769,24.497442],[54.394885,24.497348],[54.394874,24.497274],[54.394918,24.497211],[54.394997,24.497172],[54.39503,24.497114],[54.394542,24.496821]]]}},{"type":"Feature","properties":{},"geometry":{"type":"Polygon","coordinates":[[[54.391533,24.497062],[54.391479,24.497072],[54.391486,24.49711],[54.391615,24.497128],[54.39167,24.497118],[54.391662,24.49708],[54.391533,24.497062]]]}},{"type":"Feature","properties":{},"geometry":{"type":"Polygon","coordinates":[[[54.391309,24.497052],[54.391057,24.497032],[54.391055,24.497127],[54.391304,24.497146],[54.391309,24.497052]]]}},{"type":"Feature","properties":{},"geometry":{"type":"Polygon","coordinates":[[[54.391345,24.497181],[54.391103,24.49716],[54.391101,24.497223],[54.391343,24.497244],[54.391345,24.497181]]]}},{"type":"Feature","properties":{},"geometry":{"type":"Polygon","coordinates":[[[54.393355,24.498117],[54.393184,24.498098],[54.393181,24.498179],[54.393352,24.498198],[54.393355,24.498117]]]}},{"type":"Feature","properties":{},"geometry":{"type":"Polygon","coordinates":[[[54.389641,24.497929],[54.388608,24.498036],[54.388653,24.49839],[54.389941,24.498568],[54.390974,24.498461],[54.390929,24.498107],[54.389641,24.497929]]]}},{"type":"Feature","properties":{},"geometry":{"type":"Polygon","coordinates":[[[54.392822,24.498571],[54.392977,24.499576],[54.393621,24.499665],[54.39537,24.499471],[54.39526,24.498664],[54.395136,24.498542],[54.394492,24.498453],[54.392822,24.498571]]]}},{"type":"Feature","properties":{},"geometry":{"type":"Polygon","coordinates":[[[54.392054,24.503603],[54.391962,24.503615],[54.39197,24.503665],[54.392099,24.503682],[54.392191,24.50367],[54.392183,24.503621],[54.392054,24.503603]]]}},{"type":"Feature","properties":{},"geometry":{"type":"Polygon","coordinates":[[[54.392334,24.503745],[54.392334,24.503794],[54.392554,24.503811],[54.392554,24.503762],[54.392334,24.503745]]]}},{"type":"Feature","properties":{},"geometry":{"type":"Polygon","coordinates":[[[54.392139,24.503711],[54.391976,24.503719],[54.391982,24.503821],[54.392111,24.503839],[54.392274,24.503831],[54.392268,24.503729],[54.392139,24.503711]]]}},{"type":"Feature","properties":{},"geometry":{"type":"Polygon","coordinates":[[[54.391748,24.504437],[54.391781,24.504712],[54.39221,24.504771],[54.392653,24.504727],[54.39262,24.504452],[54.392328,24.504412],[54.392327,24.504397],[54.392504,24.504401],[54.392497,24.5043],[54.392592,24.504285],[54.39258,24.504249],[54.392493,24.504237],[54.392488,24.504165],[54.392298,24.504151],[54.392294,24.504115],[54.392379,24.504127],[54.39259,24.504102],[54.392558,24.503881],[54.392429,24.503863],[54.392218,24.503888],[54.392222,24.50391],[54.391843,24.503857],[54.391735,24.503868],[54.391792,24.504372],[54.392045,24.504407],[54.391748,24.504437]]]}},{"type":"Feature","properties":{},"geometry":{"type":"Polygon","coordinates":[[[54.392044,24.504845],[54.392052,24.504925],[54.392236,24.504938],[54.392228,24.504858],[54.392044,24.504845]]]}},{"type":"Feature","properties":{},"geometry":{"type":"Polygon","coordinates":[[[54.392434,24.504797],[54.392324,24.504807],[54.392353,24.505056],[54.392482,24.505074],[54.392592,24.505063],[54.392563,24.504815],[54.392434,24.504797]]]}},{"type":"Feature","properties":{},"geometry":{"type":"Polygon","coordinates":[[[54.392082,24.505196],[54.392101,24.505198],[54.392129,24.505589],[54.392558,24.505648],[54.392773,24.505636],[54.392737,24.505136],[54.392303,24.505063],[54.39219,24.505066],[54.39219,24.505083],[54.39208,24.505087],[54.392082,24.505196]]]}},{"type":"Feature","properties":{},"geometry":{"type":"Polygon","coordinates":[[[54.389993,24.505205],[54.389564,24.505145],[54.389365,24.505158],[54.389412,24.505752],[54.389842,24.505811],[54.390056,24.505797],[54.389993,24.505205]]]}},{"type":"Feature","properties":{},"geometry":{"type":"Polygon","coordinates":[[[54.391731,24.506783],[54.391641,24.506792],[54.391647,24.506838],[54.391776,24.506856],[54.391865,24.506847],[54.391859,24.506801],[54.391731,24.506783]]]}},{"type":"Feature","properties":{},"geometry":{"type":"Polygon","coordinates":[[[54.391759,24.50694],[54.391888,24.506957],[54.391923,24.506948],[54.392001,24.506959],[54.392067,24.506945],[54.392055,24.506897],[54.392098,24.506888],[54.392088,24.506846],[54.391959,24.506828],[54.391849,24.506851],[54.391858,24.506884],[54.391751,24.506879],[54.391759,24.50694]]]}},{"type":"Feature","properties":{},"geometry":{"type":"Polygon","coordinates":[[[54.392101,24.506735],[54.392127,24.507077],[54.392556,24.507137],[54.392741,24.507125],[54.392715,24.506783],[54.392286,24.506723],[54.392101,24.506735]]]}},{"type":"Feature","properties":{},"geometry":{"type":"Polygon","coordinates":[[[54.391685,24.507037],[54.391687,24.507126],[54.391816,24.507144],[54.391942,24.507142],[54.39194,24.507053],[54.391811,24.507035],[54.391685,24.507037]]]}},{"type":"Feature","properties":{},"geometry":{"type":"Polygon","coordinates":[[[54.392856,24.507134],[54.392775,24.507142],[54.392782,24.507196],[54.392911,24.507214],[54.392992,24.507205],[54.392985,24.507152],[54.392856,24.507134]]]}},{"type":"Feature","properties":{},"geometry":{"type":"Polygon","coordinates":[[[54.391179,24.507511],[54.39118,24.50744],[54.391541,24.50749],[54.391944,24.507466],[54.391934,24.507327],[54.391505,24.507268],[54.391102,24.507292],[54.391111,24.507421],[54.390918,24.507411],[54.390917,24.507492],[54.391179,24.507511]]]}},{"type":"Feature","properties":{},"geometry":{"type":"Polygon","coordinates":[[[54.392842,24.508721],[54.39297,24.508739],[54.393216,24.508734],[54.393217,24.5087],[54.393088,24.508682],[54.392841,24.508691],[54.392842,24.508721]]]}},{"type":"Feature","properties":{},"geometry":{"type":"Polygon","coordinates":[[[54.392536,24.509523],[54.392643,24.509698],[54.392884,24.509732],[54.392934,24.50976],[54.393063,24.509778],[54.393076,24.509758],[54.393287,24.509787],[54.393625,24.509616],[54.393613,24.509596],[54.393795,24.509504],[54.393752,24.509434],[54.393855,24.509448],[54.393889,24.50943],[54.393853,24.509371],[54.393724,24.509353],[54.393708,24.509361],[54.393576,24.509147],[54.393658,24.509149],[54.393655,24.509094],[54.393526,24.509076],[54.393475,24.509078],[54.393477,24.509113],[54.392919,24.509036],[54.392725,24.509135],[54.392861,24.509358],[54.392536,24.509523]]]}},{"type":"Feature","properties":{},"geometry":{"type":"Polygon","coordinates":[[[54.393971,24.509759],[54.393902,24.509789],[54.393948,24.509876],[54.394077,24.509894],[54.394173,24.509852],[54.394128,24.509765],[54.394101,24.509762],[54.394119,24.509751],[54.394018,24.509606],[54.393889,24.509588],[54.393849,24.509611],[54.393949,24.509756],[54.393971,24.509759]]]}},{"type":"Feature","properties":{},"geometry":{"type":"Polygon","coordinates":[[[54.394351,24.510146],[54.39429,24.510095],[54.394096,24.510076],[54.394076,24.510095],[54.394067,24.510079],[54.394022,24.510072],[54.394195,24.509998],[54.394163,24.509938],[54.394035,24.50992],[54.393914,24.509972],[54.393911,24.50995],[54.39374,24.509937],[54.393745,24.509973],[54.393872,24.509991],[54.393719,24.510056],[54.393741,24.510098],[54.393694,24.510091],[54.393636,24.510111],[54.393657,24.510165],[54.393786,24.510183],[54.393845,24.510163],[54.393831,24.510127],[54.393883,24.510132],[54.393907,24.510175],[54.394036,24.510193],[54.394069,24.510178],[54.394124,24.510224],[54.394253,24.510242],[54.394351,24.510146]]]}},{"type":"Feature","properties":{},"geometry":{"type":"Polygon","coordinates":[[[54.406255,24.479987],[54.40643,24.479895],[54.406373,24.479805],[54.406267,24.479791],[54.406176,24.479648],[54.405532,24.479559],[54.405283,24.47969],[54.405339,24.479778],[54.405132,24.479887],[54.405169,24.479945],[54.405093,24.479986],[54.405156,24.480084],[54.405179,24.480088],[54.405261,24.480217],[54.405905,24.480306],[54.406324,24.480095],[54.406255,24.479987]]]}},{"type":"Feature","properties":{},"geometry":{"type":"Polygon","coordinates":[[[54.406836,24.48],[54.406771,24.479935],[54.406643,24.479918],[54.40655,24.479994],[54.406614,24.480058],[54.406743,24.480076],[54.406836,24.48]]]}},{"type":"Feature","properties":{},"geometry":{"type":"Polygon","coordinates":[[[54.405785,24.480537],[54.405872,24.480549],[54.406007,24.480682],[54.406437,24.480741],[54.406583,24.480618],[54.406407,24.480445],[54.406444,24.48045],[54.406479,24.480403],[54.40642,24.480367],[54.406484,24.480376],[54.406523,24.480297],[54.406404,24.480249],[54.406275,24.480231],[54.406237,24.480309],[54.40622,24.480306],[54.406175,24.480369],[54.405861,24.480325],[54.405804,24.480373],[54.405879,24.480447],[54.405866,24.480458],[54.405797,24.480448],[54.405742,24.480494],[54.405785,24.480537]]]}},{"type":"Feature","properties":{},"geometry":{"type":"Polygon","coordinates":[[[54.405775,24.48046],[54.405748,24.480415],[54.405619,24.480397],[54.405544,24.480434],[54.405571,24.480479],[54.405699,24.480497],[54.405775,24.48046]]]}},{"type":"Feature","properties":{},"geometry":{"type":"Polygon","coordinates":[[[54.405508,24.480697],[54.405367,24.480537],[54.404529,24.480421],[54.404434,24.480491],[54.404338,24.480477],[54.404107,24.480647],[54.404303,24.480869],[54.404947,24.480958],[54.405109,24.480854],[54.405129,24.480857],[54.405239,24.480777],[54.405226,24.480762],[54.405389,24.480784],[54.405508,24.480697]]]}},{"type":"Feature","properties":{},"geometry":{"type":"Polygon","coordinates":[[[54.404568,24.481084],[54.404512,24.481108],[54.404529,24.481142],[54.404658,24.48116],[54.404714,24.481136],[54.404697,24.481102],[54.404568,24.481084]]]}},{"type":"Feature","properties":{},"geometry":{"type":"Polygon","coordinates":[[[54.403917,24.481584],[54.404445,24.481313],[54.404282,24.481036],[54.403638,24.480947],[54.403029,24.481221],[54.403273,24.481494],[54.403917,24.481584]]]}},{"type":"Feature","properties":{},"geometry":{"type":"Polygon","coordinates":[[[54.404321,24.482126],[54.40437,24.48221],[54.404405,24.482215],[54.404451,24.482306],[54.405417,24.48244],[54.405651,24.482324],[54.405622,24.482223],[54.405589,24.482218],[54.405574,24.482154],[54.40588,24.482196],[54.406045,24.482093],[54.406108,24.482179],[54.406228,24.482281],[54.406331,24.482444],[54.406298,24.482464],[54.40612,24.482439],[54.405944,24.482535],[54.40601,24.482635],[54.405978,24.482652],[54.406014,24.482709],[54.406063,24.482716],[54.406278,24.483044],[54.406708,24.483103],[54.406884,24.483008],[54.40655,24.482498],[54.406515,24.482485],[54.407416,24.48261],[54.407605,24.482539],[54.407647,24.482408],[54.407249,24.481963],[54.406394,24.481845],[54.406456,24.481804],[54.406244,24.481517],[54.406178,24.481406],[54.405212,24.481272],[54.405035,24.481376],[54.404957,24.481444],[54.405027,24.481526],[54.40488,24.481505],[54.404655,24.481618],[54.404614,24.481666],[54.404635,24.48172],[54.404722,24.481799],[54.404432,24.481759],[54.404324,24.481864],[54.404295,24.481986],[54.404321,24.482126]],[[54.40609,24.481932],[54.406037,24.481957],[54.406004,24.48192],[54.40609,24.481932]]]}},{"type":"Feature","properties":{},"geometry":{"type":"Polygon","coordinates":[[[54.403079,24.482706],[54.402754,24.48227],[54.402539,24.48224],[54.402368,24.48231],[54.402377,24.482242],[54.402076,24.482209],[54.401207,24.483124],[54.401207,24.483241],[54.401249,24.483305],[54.401638,24.483375],[54.401836,24.48329],[54.402151,24.483205],[54.402432,24.483212],[54.40288,24.483366],[54.403095,24.483396],[54.403021,24.483179],[54.403255,24.483046],[54.403079,24.482706]]]}},{"type":"Feature","properties":{},"geometry":{"type":"Polygon","coordinates":[[[54.404482,24.483176],[54.404674,24.483824],[54.404295,24.483928],[54.40435,24.48427],[54.404994,24.484359],[54.405703,24.48437],[54.405703,24.483852],[54.405455,24.483133],[54.404811,24.483044],[54.404482,24.483176]]]}},{"type":"Feature","properties":{},"geometry":{"type":"Polygon","coordinates":[[[54.404367,24.485274],[54.404472,24.48503],[54.404542,24.48481],[54.404541,24.484723],[54.405619,24.484873],[54.405743,24.48448],[54.403955,24.484246],[54.403913,24.484428],[54.403107,24.484362],[54.402976,24.484809],[54.402882,24.484985],[54.402696,24.485176],[54.403307,24.485711],[54.403951,24.4858],[54.404147,24.485609],[54.404367,24.485274]]]}},{"type":"Feature","properties":{},"geometry":{"type":"Polygon","coordinates":[[[54.400099,24.486034],[54.399987,24.486213],[54.399676,24.486527],[54.399525,24.486703],[54.399992,24.487033],[54.40011,24.487069],[54.400754,24.487158],[54.400866,24.487117],[54.401207,24.486363],[54.400743,24.486123],[54.400099,24.486034]]]}},{"type":"Feature","properties":{},"geometry":{"type":"Polygon","coordinates":[[[54.404417,24.486697],[54.404408,24.486649],[54.40406,24.486285],[54.404023,24.48626],[54.403701,24.486215],[54.403649,24.486209],[54.402912,24.486563],[54.403122,24.487115],[54.403156,24.487149],[54.403208,24.487163],[54.40353,24.487207],[54.403767,24.487123],[54.404122,24.486933],[54.40439,24.486736],[54.404417,24.486697]],[[54.40375,24.48663],[54.403561,24.486739],[54.403554,24.486721],[54.40375,24.48663]]]}},{"type":"Feature","properties":{},"geometry":{"type":"Polygon","coordinates":[[[54.406127,24.487642],[54.405832,24.487429],[54.405145,24.487334],[54.404999,24.487507],[54.405296,24.487727],[54.405983,24.487822],[54.406127,24.487642]]]}},{"type":"Feature","properties":{},"geometry":{"type":"Polygon","coordinates":[[[54.400111,24.487303],[54.399543,24.486934],[54.398968,24.486502],[54.398324,24.486413],[54.39709,24.487762],[54.39823,24.488617],[54.399552,24.48931],[54.400322,24.489624],[54.401113,24.489794],[54.401757,24.489883],[54.4026,24.489943],[54.40288,24.489596],[54.402625,24.488136],[54.402288,24.488086],[54.401773,24.487981],[54.401144,24.487765],[54.400111,24.487303]]]}},{"type":"Feature","properties":{},"geometry":{"type":"Polygon","coordinates":[[[54.406674,24.487784],[54.405853,24.488248],[54.406132,24.488656],[54.406304,24.48868],[54.406259,24.488706],[54.406539,24.489114],[54.407183,24.489203],[54.407589,24.488973],[54.407565,24.488938],[54.407644,24.488949],[54.40802,24.488719],[54.407768,24.488343],[54.407543,24.488312],[54.407598,24.488281],[54.407318,24.487873],[54.406674,24.487784]]]}},{"type":"Feature","properties":{},"geometry":{"type":"Polygon","coordinates":[[[54.400402,24.490694],[54.400362,24.490428],[54.399932,24.490369],[54.399628,24.490407],[54.399669,24.490673],[54.400098,24.490732],[54.400402,24.490694]]]}},{"type":"Feature","properties":{},"geometry":{"type":"Polygon","coordinates":[[[54.398495,24.491822],[54.398369,24.491836],[54.398412,24.492158],[54.398541,24.492176],[54.398667,24.492158],[54.398624,24.49184],[54.398495,24.491822]]]}},{"type":"Feature","properties":{},"geometry":{"type":"Polygon","coordinates":[[[54.398624,24.492207],[54.398652,24.492443],[54.398781,24.49246],[54.399095,24.49242],[54.399082,24.49232],[54.398953,24.492302],[54.398842,24.492316],[54.398825,24.492216],[54.398696,24.492198],[54.398624,24.492207]]]}},{"type":"Feature","properties":{},"geometry":{"type":"Polygon","coordinates":[[[54.398473,24.492206],[54.398396,24.492215],[54.398441,24.492544],[54.39857,24.492562],[54.398647,24.492553],[54.398602,24.492224],[54.398473,24.492206]]]}},{"type":"Feature","properties":{},"geometry":{"type":"Polygon","coordinates":[[[54.396062,24.492332],[54.395653,24.492258],[54.395224,24.492198],[54.395158,24.492497],[54.395997,24.492631],[54.396062,24.492332]]]}},{"type":"Feature","properties":{},"geometry":{"type":"Polygon","coordinates":[[[54.405239,24.492696],[54.405204,24.492981],[54.405358,24.493111],[54.405148,24.49323],[54.404797,24.493493],[54.404523,24.493816],[54.404585,24.493855],[54.40457,24.493874],[54.404667,24.493934],[54.404725,24.493942],[54.404803,24.493981],[54.404981,24.494099],[54.407375,24.49443],[54.407962,24.494787],[54.407995,24.494883],[54.408146,24.495071],[54.408378,24.495194],[54.408051,24.495675],[54.406894,24.495031],[54.406733,24.495009],[54.406599,24.495376],[54.406562,24.495341],[54.406434,24.495323],[54.406357,24.495388],[54.406467,24.495494],[54.406553,24.495506],[54.406531,24.495628],[54.406429,24.495601],[54.406448,24.495591],[54.406395,24.495503],[54.406266,24.495485],[54.406183,24.495527],[54.406236,24.495615],[54.406277,24.495621],[54.406252,24.495669],[54.405225,24.495527],[54.405068,24.495543],[54.40502,24.495597],[54.404508,24.495526],[54.404413,24.495526],[54.404293,24.495566],[54.404123,24.495669],[54.404017,24.495805],[54.404017,24.495898],[54.40408,24.495943],[54.406631,24.496295],[54.40679,24.496278],[54.406967,24.496185],[54.407908,24.496315],[54.408046,24.496358],[54.408207,24.49638],[54.408219,24.496358],[54.408742,24.496429],[54.408833,24.496427],[54.4089,24.496399],[54.408918,24.496381],[54.408932,24.49632],[54.408856,24.496195],[54.408693,24.496072],[54.408481,24.495984],[54.408504,24.495925],[54.408263,24.495794],[54.408631,24.495252],[54.409261,24.495341],[54.409621,24.495322],[54.409964,24.495229],[54.409867,24.495048],[54.409653,24.494565],[54.40954,24.494014],[54.409518,24.493451],[54.409564,24.493205],[54.409532,24.493029],[54.406698,24.492638],[54.406191,24.492756],[54.406315,24.492642],[54.406142,24.492521],[54.406355,24.492421],[54.406247,24.492254],[54.40611,24.492235],[54.405239,24.492696]]]}},{"type":"Feature","properties":{},"geometry":{"type":"Polygon","coordinates":[[[54.400005,24.492846],[54.399274,24.492931],[54.399329,24.493317],[54.399973,24.493406],[54.400704,24.493321],[54.400649,24.492935],[54.400005,24.492846]]]}},{"type":"Feature","properties":{},"geometry":{"type":"Polygon","coordinates":[[[54.404185,24.494278],[54.404124,24.494246],[54.404554,24.493571],[54.404527,24.493557],[54.404581,24.493471],[54.404418,24.493385],[54.403774,24.493296],[54.403735,24.493356],[54.403652,24.493345],[54.403403,24.493369],[54.403353,24.493455],[54.403059,24.49342],[54.402715,24.493455],[54.402721,24.493507],[54.401927,24.493397],[54.401885,24.493464],[54.401863,24.493466],[54.401853,24.493514],[54.401784,24.493505],[54.401666,24.493516],[54.401696,24.49376],[54.401659,24.493819],[54.401706,24.493843],[54.401717,24.493935],[54.401809,24.493948],[54.401891,24.493992],[54.402657,24.494098],[54.402677,24.494264],[54.403286,24.494348],[54.403401,24.494409],[54.404045,24.494498],[54.404185,24.494278]]]}},{"type":"Feature","properties":{},"geometry":{"type":"Polygon","coordinates":[[[54.40635,24.49524],[54.406221,24.495222],[54.406176,24.49529],[54.406243,24.495327],[54.406371,24.495344],[54.406396,24.495308],[54.4066,24.495316],[54.406598,24.495288],[54.406413,24.495275],[54.40635,24.49524]]]}},{"type":"Feature","properties":{},"geometry":{"type":"Polygon","coordinates":[[[54.404048,24.497852],[54.403991,24.497871],[54.403951,24.497923],[54.403988,24.498044],[54.403954,24.498039],[54.40394,24.498067],[54.404006,24.49809],[54.404018,24.498119],[54.403978,24.498096],[54.403817,24.498074],[54.403047,24.498391],[54.402968,24.49838],[54.402775,24.498425],[54.402624,24.498529],[54.402515,24.498718],[54.400281,24.498409],[54.40017,24.498408],[54.400001,24.498449],[54.399888,24.498513],[54.399781,24.498622],[54.399742,24.498687],[54.399797,24.498723],[54.399822,24.498757],[54.399835,24.498802],[54.399828,24.49886],[54.402298,24.499204],[54.402267,24.499243],[54.401973,24.49943],[54.401913,24.499442],[54.401899,24.499469],[54.401934,24.49955],[54.401974,24.499591],[54.402067,24.499639],[54.402894,24.499753],[54.402901,24.499943],[54.402932,24.499948],[54.402954,24.499971],[54.402928,24.499998],[54.402932,24.50002],[54.403003,24.500066],[54.404184,24.500229],[54.404311,24.500225],[54.404311,24.500262],[54.404483,24.500286],[54.404761,24.500267],[54.405188,24.500172],[54.405667,24.499947],[54.405928,24.49974],[54.406255,24.499347],[54.406373,24.499138],[54.406474,24.49889],[54.406529,24.498602],[54.406545,24.49833],[54.406522,24.498107],[54.406444,24.497802],[54.405472,24.497628],[54.405619,24.497828],[54.4057,24.497996],[54.405751,24.498267],[54.405759,24.498485],[54.405748,24.49869],[54.40571,24.498843],[54.405619,24.499011],[54.405541,24.499114],[54.405415,24.499232],[54.405091,24.499187],[54.405252,24.499057],[54.405358,24.498901],[54.40544,24.498736],[54.405445,24.498549],[54.405429,24.498461],[54.405389,24.498455],[54.405412,24.498398],[54.405332,24.498066],[54.405283,24.498019],[54.405209,24.498001],[54.404459,24.497897],[54.404599,24.497783],[54.404892,24.497434],[54.405251,24.496952],[54.405413,24.496686],[54.405411,24.496392],[54.404485,24.49605],[54.404216,24.496012],[54.404161,24.496164],[54.402703,24.495962],[54.402505,24.496459],[54.402868,24.496578],[54.403211,24.496625],[54.40304,24.497039],[54.403335,24.49714],[54.403084,24.497105],[54.402824,24.497215],[54.403022,24.497607],[54.403996,24.497741],[54.404048,24.497852]],[[54.404565,24.499485],[54.404636,24.499565],[54.404823,24.4996],[54.404799,24.499607],[54.404245,24.49953],[54.40423,24.499562],[54.404139,24.499552],[54.404028,24.499573],[54.403987,24.499617],[54.404001,24.499673],[54.403903,24.499659],[54.403777,24.499622],[54.403591,24.499597],[54.403588,24.499576],[54.403634,24.499578],[54.403672,24.499531],[54.403644,24.499465],[54.403558,24.499379],[54.403048,24.499301],[54.403167,24.499287],[54.403283,24.499245],[54.403414,24.499154],[54.404407,24.499292],[54.40453,24.499295],[54.404534,24.499315],[54.404486,24.499322],[54.404495,24.499409],[54.404547,24.499417],[54.404565,24.499485]],[[54.404535,24.498632],[54.403777,24.498527],[54.403927,24.498463],[54.404068,24.498379],[54.404107,24.498336],[54.404613,24.49841],[54.40459,24.498544],[54.404535,24.498632]]]}},{"type":"Feature","properties":{},"geometry":{"type":"Polygon","coordinates":[[[54.406805,24.497122],[54.407067,24.497052],[54.407344,24.497081],[54.407345,24.497066],[54.407513,24.497088],[54.407646,24.497162],[54.408709,24.497309],[54.40953,24.496918],[54.409385,24.496689],[54.408322,24.496542],[54.407901,24.49673],[54.407724,24.496686],[54.407115,24.496606],[54.407108,24.496729],[54.407001,24.496714],[54.40676,24.496723],[54.406692,24.496713],[54.406521,24.496754],[54.406227,24.496713],[54.4059,24.496794],[54.405915,24.496848],[54.405834,24.496837],[54.405768,24.496886],[54.405848,24.496975],[54.405954,24.49699],[54.406003,24.497164],[54.406432,24.497223],[54.40674,24.497142],[54.406733,24.497112],[54.406805,24.497122]]]}},{"type":"Feature","properties":{},"geometry":{"type":"Polygon","coordinates":[[[54.406,24.497594],[54.406014,24.497534],[54.406053,24.497539],[54.406089,24.497391],[54.405991,24.497375],[54.406007,24.497326],[54.405371,24.497228],[54.405311,24.497489],[54.406,24.497594]]]}},{"type":"Feature","properties":{},"geometry":{"type":"Polygon","coordinates":[[[54.396129,24.498519],[54.395944,24.498499],[54.395942,24.498565],[54.396127,24.498585],[54.396129,24.498519]]]}},{"type":"Feature","properties":{},"geometry":{"type":"Polygon","coordinates":[[[54.395405,24.499809],[54.395291,24.499826],[54.395318,24.49998],[54.395447,24.499997],[54.395562,24.49998],[54.395534,24.499827],[54.395405,24.499809]]]}},{"type":"Feature","properties":{},"geometry":{"type":"Polygon","coordinates":[[[54.395112,24.499991],[54.395135,24.500095],[54.395296,24.500107],[54.395273,24.500002],[54.395112,24.499991]]]}},{"type":"Feature","properties":{},"geometry":{"type":"Polygon","coordinates":[[[54.394754,24.500395],[54.394278,24.500461],[54.39442,24.50131],[54.395064,24.501399],[54.39563,24.50132],[54.395488,24.500472],[54.394928,24.500395],[54.394916,24.50033],[54.394787,24.500312],[54.39474,24.500319],[54.394754,24.500395]]]}},{"type":"Feature","properties":{},"geometry":{"type":"Polygon","coordinates":[[[54.395747,24.501897],[54.395532,24.501877],[54.395529,24.50198],[54.395744,24.502],[54.395747,24.501897]]]}},{"type":"Feature","properties":{},"geometry":{"type":"Polygon","coordinates":[[[54.394797,24.502122],[54.394848,24.50243],[54.395492,24.502519],[54.395924,24.502461],[54.395873,24.502153],[54.395229,24.502064],[54.394797,24.502122]]]}},{"type":"Feature","properties":{},"geometry":{"type":"Polygon","coordinates":[[[54.405959,24.504575],[54.406012,24.504741],[54.406141,24.504759],[54.406233,24.504739],[54.406184,24.50457],[54.406055,24.504552],[54.405959,24.504575]]]}},{"type":"Feature","properties":{},"geometry":{"type":"Polygon","coordinates":[[[54.397272,24.504669],[54.397278,24.50477],[54.397479,24.504785],[54.397473,24.504684],[54.397272,24.504669]]]}},{"type":"Feature","properties":{},"geometry":{"type":"Polygon","coordinates":[[[54.406702,24.505922],[54.406793,24.505817],[54.406828,24.505695],[54.406787,24.505553],[54.406674,24.505453],[54.406579,24.505439],[54.406344,24.50524],[54.4057,24.505151],[54.40555,24.505297],[54.405493,24.505289],[54.405362,24.505421],[54.404955,24.505365],[54.404862,24.50568],[54.405063,24.505729],[54.405492,24.505789],[54.405505,24.505746],[54.405521,24.505758],[54.406702,24.505922]]]}},{"type":"Feature","properties":{},"geometry":{"type":"Polygon","coordinates":[[[54.405475,24.505923],[54.405179,24.505828],[54.40475,24.505769],[54.404634,24.506067],[54.40493,24.506162],[54.405359,24.506221],[54.405475,24.505923]]]}},{"type":"Feature","properties":{},"geometry":{"type":"Polygon","coordinates":[[[54.405345,24.506365],[54.405066,24.506279],[54.404637,24.50622],[54.404544,24.506468],[54.404822,24.506554],[54.405252,24.506613],[54.405345,24.506365]]]}},{"type":"Feature","properties":{},"geometry":{"type":"Polygon","coordinates":[[[54.403705,24.507953],[54.404993,24.508131],[54.405356,24.508068],[54.405385,24.508016],[54.405588,24.508217],[54.405068,24.508145],[54.40495,24.508252],[54.405231,24.50853],[54.404812,24.508472],[54.404694,24.508579],[54.40509,24.508971],[54.406121,24.509114],[54.406153,24.509081],[54.406215,24.509128],[54.406344,24.509146],[54.406384,24.509101],[54.406299,24.509036],[54.406209,24.509023],[54.406232,24.508999],[54.405958,24.508729],[54.406377,24.508786],[54.406489,24.508672],[54.406125,24.508313],[54.406645,24.508385],[54.406757,24.508271],[54.406367,24.507886],[54.405522,24.507769],[54.405862,24.507159],[54.405855,24.507079],[54.405593,24.506955],[54.405157,24.506895],[54.405237,24.506716],[54.404948,24.50662],[54.404519,24.50656],[54.404435,24.506795],[54.404305,24.506777],[54.404241,24.506788],[54.40361,24.507888],[54.403705,24.507953]]]}},{"type":"Feature","properties":{},"geometry":{"type":"Polygon","coordinates":[[[54.404427,24.50926],[54.404211,24.50923],[54.404085,24.509398],[54.404233,24.509543],[54.405253,24.509684],[54.405264,24.509674],[54.405418,24.509695],[54.405598,24.509432],[54.405477,24.509367],[54.404457,24.509226],[54.404427,24.50926]]]}},{"type":"Feature","properties":{},"geometry":{"type":"Polygon","coordinates":[[[54.406127,24.510778],[54.406266,24.510799],[54.406547,24.510635],[54.406487,24.51055],[54.406524,24.510524],[54.406565,24.510262],[54.406429,24.510139],[54.406291,24.51012],[54.406051,24.510321],[54.405947,24.510394],[54.405809,24.510461],[54.405681,24.510502],[54.405427,24.510526],[54.405191,24.510688],[54.405009,24.510873],[54.405055,24.510911],[54.405148,24.510943],[54.405285,24.510962],[54.40559,24.51097],[54.405791,24.510912],[54.406127,24.510778]]]}},{"type":"Feature","properties":{},"geometry":{"type":"Polygon","coordinates":[[[54.396454,24.510746],[54.396883,24.510805],[54.397139,24.510517],[54.396934,24.510367],[54.396505,24.510308],[54.396251,24.510593],[54.396454,24.510746]]]}},{"type":"Feature","properties":{},"geometry":{"type":"Polygon","coordinates":[[[54.405881,24.511802],[54.406382,24.511872],[54.406643,24.511846],[54.406913,24.511678],[54.407107,24.511705],[54.407305,24.511605],[54.407555,24.511438],[54.407416,24.511264],[54.407961,24.511339],[54.408026,24.511295],[54.408059,24.5113],[54.407593,24.511561],[54.407812,24.511884],[54.408457,24.511973],[54.40895,24.511696],[54.408854,24.511555],[54.409192,24.511602],[54.409672,24.511336],[54.409455,24.511011],[54.408874,24.510931],[54.409042,24.510838],[54.409002,24.510778],[54.409153,24.510798],[54.409228,24.51076],[54.409243,24.510684],[54.409185,24.510624],[54.408995,24.510602],[54.408942,24.510632],[54.408921,24.510701],[54.407772,24.510542],[54.407364,24.510767],[54.406674,24.510671],[54.406639,24.510695],[54.406513,24.510678],[54.406422,24.51074],[54.406516,24.510854],[54.40623,24.511007],[54.406007,24.510976],[54.405563,24.511224],[54.405527,24.511328],[54.405661,24.511716],[54.405734,24.511779],[54.404915,24.511666],[54.404489,24.511697],[54.404512,24.511948],[54.404545,24.51199],[54.405539,24.512127],[54.405563,24.512123],[54.40559,24.512093],[54.405859,24.512123],[54.405892,24.512081],[54.405881,24.511802]],[[54.408154,24.511293],[54.408204,24.511259],[54.408046,24.511067],[54.408448,24.511122],[54.40833,24.511188],[54.408426,24.511331],[54.408154,24.511293]]]}},{"type":"Feature","properties":{},"geometry":{"type":"Polygon","coordinates":[[[54.410314,24.479867],[54.410245,24.479934],[54.410395,24.480063],[54.410524,24.48008],[54.410593,24.480014],[54.410443,24.479885],[54.410314,24.479867]]]}},{"type":"Feature","properties":{},"geometry":{"type":"Polygon","coordinates":[[[54.410793,24.481876],[54.410877,24.481949],[54.411307,24.482009],[54.411484,24.481839],[54.411116,24.48152],[54.410687,24.481461],[54.410513,24.481627],[54.410594,24.481697],[54.410851,24.481746],[54.41087,24.481762],[54.410777,24.481749],[54.410747,24.481777],[54.410787,24.481812],[54.410851,24.48182],[54.410793,24.481876]]]}},{"type":"Feature","properties":{},"geometry":{"type":"Polygon","coordinates":[[[54.409274,24.482865],[54.409178,24.482869],[54.409183,24.482983],[54.409312,24.483001],[54.409408,24.482998],[54.409403,24.482883],[54.409274,24.482865]]]}},{"type":"Feature","properties":{},"geometry":{"type":"Polygon","coordinates":[[[54.408372,24.48482],[54.408829,24.484883],[54.409038,24.484742],[54.408793,24.48444],[54.408106,24.484345],[54.407897,24.484486],[54.408108,24.484746],[54.407647,24.484682],[54.407442,24.484836],[54.407455,24.484901],[54.407674,24.485012],[54.407772,24.485025],[54.407802,24.485065],[54.408489,24.48516],[54.408602,24.485076],[54.408372,24.48482]]]}},{"type":"Feature","properties":{},"geometry":{"type":"Polygon","coordinates":[[[54.40955,24.485227],[54.409394,24.485205],[54.40932,24.485291],[54.409144,24.485362],[54.409057,24.485444],[54.409021,24.485538],[54.409021,24.485594],[54.409001,24.485574],[54.408872,24.485556],[54.408794,24.485617],[54.408834,24.48566],[54.408902,24.48567],[54.408893,24.485675],[54.409,24.485827],[54.409048,24.485834],[54.409118,24.485947],[54.409205,24.486022],[54.409624,24.486071],[54.409707,24.486047],[54.409814,24.485924],[54.410225,24.48663],[54.410504,24.486668],[54.410863,24.4865],[54.410363,24.485619],[54.410402,24.485593],[54.410413,24.48552],[54.410404,24.485468],[54.410388,24.485446],[54.41025,24.485427],[54.410362,24.485422],[54.410404,24.485395],[54.410434,24.485322],[54.410595,24.485258],[54.410645,24.485336],[54.410774,24.485354],[54.410882,24.485296],[54.410832,24.485218],[54.41073,24.485204],[54.410978,24.485104],[54.410804,24.484786],[54.410525,24.484747],[54.40955,24.485227]]]}},{"type":"Feature","properties":{},"geometry":{"type":"Polygon","coordinates":[[[54.406584,24.485595],[54.406689,24.485654],[54.406818,24.485672],[54.406836,24.485644],[54.407011,24.485784],[54.407698,24.485879],[54.407889,24.48568],[54.407828,24.485631],[54.407782,24.485625],[54.407564,24.485445],[54.407258,24.485403],[54.407336,24.485327],[54.407262,24.485263],[54.407133,24.485246],[54.407007,24.485368],[54.406877,24.48535],[54.406692,24.485543],[54.406626,24.485534],[54.406584,24.485595]]]}},{"type":"Feature","properties":{},"geometry":{"type":"Polygon","coordinates":[[[54.4077,24.485931],[54.407651,24.485895],[54.407522,24.485877],[54.407428,24.485979],[54.407476,24.486016],[54.407605,24.486034],[54.4077,24.485931]]]}},{"type":"Feature","properties":{},"geometry":{"type":"Polygon","coordinates":[[[54.409363,24.48769],[54.409247,24.487364],[54.408603,24.487275],[54.40824,24.487558],[54.40769,24.487921],[54.407993,24.488404],[54.408637,24.488493],[54.409511,24.488057],[54.40936,24.487784],[54.409227,24.487766],[54.409363,24.48769]]]}},{"type":"Feature","properties":{},"geometry":{"type":"Polygon","coordinates":[[[54.409907,24.488267],[54.409912,24.488316],[54.409777,24.488327],[54.409783,24.488375],[54.409494,24.488403],[54.409539,24.488839],[54.410183,24.488928],[54.410544,24.488897],[54.410554,24.48891],[54.41068,24.488927],[54.410753,24.489023],[54.410332,24.488965],[54.409775,24.489017],[54.409787,24.489125],[54.410203,24.489182],[54.410235,24.489466],[54.409761,24.489401],[54.409612,24.489416],[54.409682,24.490001],[54.410326,24.49009],[54.410885,24.490035],[54.41087,24.489907],[54.410447,24.489849],[54.410415,24.48958],[54.410674,24.489615],[54.410826,24.489601],[54.410788,24.489263],[54.41085,24.489272],[54.410941,24.489418],[54.411026,24.48943],[54.411069,24.489504],[54.411328,24.489553],[54.411311,24.48963],[54.411476,24.489667],[54.41212,24.489755],[54.412163,24.489592],[54.412803,24.48968],[54.412956,24.4896],[54.412923,24.48955],[54.413136,24.489455],[54.413188,24.489338],[54.413261,24.489348],[54.413305,24.489173],[54.412655,24.488956],[54.412659,24.488907],[54.41288,24.488938],[54.413489,24.488848],[54.413445,24.488556],[54.412801,24.488467],[54.412628,24.488487],[54.412558,24.488398],[54.412667,24.488059],[54.412969,24.488101],[54.413104,24.487954],[54.412745,24.487759],[54.411872,24.487629],[54.411598,24.487616],[54.4116,24.487631],[54.411513,24.487619],[54.411224,24.487693],[54.410937,24.487868],[54.41077,24.488041],[54.410927,24.488152],[54.411276,24.4882],[54.411384,24.488385],[54.411329,24.488541],[54.411214,24.488505],[54.410875,24.488458],[54.410862,24.48833],[54.410218,24.488241],[54.409907,24.488267]],[[54.410789,24.489072],[54.410768,24.489083],[54.410763,24.489037],[54.410789,24.489072]]]}},{"type":"Feature","properties":{},"geometry":{"type":"Polygon","coordinates":[[[54.406892,24.490253],[54.406832,24.490274],[54.40686,24.490355],[54.406989,24.490373],[54.407054,24.490352],[54.407021,24.490271],[54.406892,24.490253]]]}},{"type":"Feature","properties":{},"geometry":{"type":"Polygon","coordinates":[[[54.409983,24.49097],[54.410413,24.49103],[54.410699,24.491033],[54.410706,24.490766],[54.410277,24.490706],[54.410171,24.490706],[54.410169,24.490753],[54.409987,24.490758],[54.409983,24.49097]]]}},{"type":"Feature","properties":{},"geometry":{"type":"Polygon","coordinates":[[[54.409272,24.491156],[54.409143,24.491138],[54.408908,24.491131],[54.408907,24.491164],[54.40883,24.491162],[54.408818,24.491277],[54.408879,24.491285],[54.408879,24.491305],[54.409219,24.491329],[54.409221,24.491262],[54.409268,24.491263],[54.409272,24.491156]]]}},{"type":"Feature","properties":{},"geometry":{"type":"Polygon","coordinates":[[[54.41072,24.49201],[54.411364,24.492099],[54.41186,24.492132],[54.411931,24.491223],[54.411287,24.491134],[54.410791,24.491102],[54.410775,24.491303],[54.4104,24.491252],[54.410028,24.491239],[54.410014,24.491563],[54.410444,24.491622],[54.410749,24.491633],[54.41072,24.49201]]]}},{"type":"Feature","properties":{},"geometry":{"type":"Polygon","coordinates":[[[54.410366,24.495963],[54.410337,24.495938],[54.409478,24.495819],[54.409187,24.49605],[54.409291,24.49617],[54.40921,24.496224],[54.40932,24.496365],[54.410179,24.496484],[54.410343,24.49638],[54.410253,24.496251],[54.410552,24.496292],[54.410775,24.496187],[54.410614,24.495998],[54.410366,24.495963]]]}},{"type":"Feature","properties":{},"geometry":{"type":"Polygon","coordinates":[[[54.407923,24.497323],[54.407967,24.497334],[54.408096,24.497352],[54.408151,24.49732],[54.408105,24.497266],[54.408002,24.497236],[54.407873,24.497218],[54.40783,24.497258],[54.407923,24.497323]]]}},{"type":"Feature","properties":{},"geometry":{"type":"Polygon","coordinates":[[[54.408992,24.498391],[54.409383,24.498324],[54.409415,24.497947],[54.409165,24.497863],[54.408499,24.497771],[54.408325,24.497838],[54.408327,24.498299],[54.408992,24.498391]]]}},{"type":"Feature","properties":{},"geometry":{"type":"Polygon","coordinates":[[[54.409966,24.498782],[54.410104,24.498928],[54.410748,24.499018],[54.410993,24.499029],[54.410987,24.49792],[54.411055,24.498093],[54.41118,24.498823],[54.411825,24.498912],[54.411943,24.498902],[54.412125,24.498673],[54.412019,24.498054],[54.412041,24.498045],[54.41181,24.4975],[54.411496,24.497386],[54.410852,24.497297],[54.410759,24.497333],[54.410821,24.497492],[54.410341,24.497426],[54.410154,24.497471],[54.40998,24.497619],[54.409966,24.498782]]]}},{"type":"Feature","properties":{},"geometry":{"type":"Polygon","coordinates":[[[54.408541,24.499405],[54.408848,24.499486],[54.408705,24.499951],[54.408656,24.500164],[54.408697,24.500292],[54.408789,24.500359],[54.409613,24.500479],[54.409746,24.500476],[54.409871,24.500412],[54.409926,24.500296],[54.409975,24.49974],[54.410012,24.49951],[54.409978,24.499439],[54.4099,24.49938],[54.409345,24.499302],[54.409382,24.499166],[54.409435,24.498769],[54.408922,24.498707],[54.408924,24.498611],[54.408723,24.498582],[54.408707,24.498642],[54.408724,24.498693],[54.408615,24.498686],[54.408627,24.49904],[54.408541,24.499405]]]}},{"type":"Feature","properties":{},"geometry":{"type":"Polygon","coordinates":[[[54.407896,24.500995],[54.407935,24.501026],[54.408063,24.501044],[54.408114,24.500971],[54.408147,24.500887],[54.407956,24.500858],[54.407925,24.50089],[54.407924,24.500936],[54.407896,24.500995]]]}},{"type":"Feature","properties":{},"geometry":{"type":"Polygon","coordinates":[[[54.40747,24.502488],[54.408114,24.502577],[54.408295,24.5021],[54.408397,24.501902],[54.408752,24.50195],[54.409021,24.501962],[54.409339,24.501953],[54.40943,24.501922],[54.409545,24.501851],[54.409583,24.501748],[54.410333,24.501852],[54.410433,24.501853],[54.410432,24.501791],[54.410568,24.501791],[54.410573,24.501566],[54.410542,24.501562],[54.410544,24.501523],[54.409578,24.501389],[54.409471,24.501387],[54.409471,24.501412],[54.408961,24.501342],[54.408079,24.501382],[54.408035,24.50171],[54.408051,24.501748],[54.407381,24.501651],[54.407052,24.502314],[54.40747,24.502488]]]}},{"type":"Feature","properties":{},"geometry":{"type":"Polygon","coordinates":[[[54.407164,24.502915],[54.407111,24.502908],[54.406987,24.503059],[54.40705,24.503095],[54.407179,24.503113],[54.40731,24.502996],[54.407335,24.502994],[54.407403,24.502885],[54.407216,24.502853],[54.407164,24.502915]]]}},{"type":"Feature","properties":{},"geometry":{"type":"Polygon","coordinates":[[[54.406814,24.503327],[54.406751,24.503346],[54.406788,24.503467],[54.406917,24.503485],[54.406997,24.503468],[54.406943,24.503344],[54.406814,24.503327]]]}},{"type":"Feature","properties":{},"geometry":{"type":"Polygon","coordinates":[[[54.410673,24.504204],[54.410705,24.504046],[54.409963,24.503931],[54.410053,24.503863],[54.40972,24.503497],[54.408701,24.503356],[54.408556,24.503464],[54.408889,24.503831],[54.409203,24.503874],[54.409181,24.503985],[54.410673,24.504204]]]}},{"type":"Feature","properties":{},"geometry":{"type":"Polygon","coordinates":[[[54.407134,24.50368],[54.407036,24.503648],[54.406908,24.50363],[54.406856,24.503788],[54.407074,24.503829],[54.407134,24.50368]]]}},{"type":"Feature","properties":{},"geometry":{"type":"Polygon","coordinates":[[[54.40961,24.504393],[54.409259,24.504094],[54.407756,24.503886],[54.407551,24.504146],[54.407846,24.504484],[54.409349,24.504692],[54.40961,24.504393]]]}},{"type":"Feature","properties":{},"geometry":{"type":"Polygon","coordinates":[[[54.406525,24.504539],[54.406303,24.504519],[54.406299,24.504662],[54.406523,24.504681],[54.406525,24.504539]]]}},{"type":"Feature","properties":{},"geometry":{"type":"Polygon","coordinates":[[[54.408028,24.505741],[54.407737,24.505707],[54.407739,24.505801],[54.408033,24.505842],[54.408028,24.505741]]]}},{"type":"Feature","properties":{},"geometry":{"type":"Polygon","coordinates":[[[54.409587,24.506114],[54.409672,24.506021],[54.409717,24.505908],[54.409719,24.505787],[54.40968,24.50568],[54.409606,24.50559],[54.409506,24.505526],[54.409388,24.505493],[54.408744,24.505404],[54.40862,24.505406],[54.408504,24.505443],[54.408406,24.505512],[54.408337,24.505604],[54.408303,24.505712],[54.40831,24.505833],[54.408361,24.505944],[54.40845,24.506034],[54.408567,24.506091],[54.409211,24.50618],[54.409342,24.506198],[54.409472,24.506175],[54.409587,24.506114]]]}},{"type":"Feature","properties":{},"geometry":{"type":"Polygon","coordinates":[[[54.407629,24.506391],[54.407472,24.506231],[54.406022,24.506031],[54.405794,24.506039],[54.405579,24.506263],[54.405887,24.506499],[54.407336,24.506699],[54.407629,24.506391]]]}},{"type":"Feature","properties":{},"geometry":{"type":"Polygon","coordinates":[[[54.410732,24.506708],[54.410747,24.506615],[54.410678,24.506576],[54.410546,24.50654],[54.410116,24.50648],[54.409942,24.506501],[54.409869,24.506552],[54.409869,24.506601],[54.409906,24.50667],[54.409954,24.50668],[54.410072,24.506743],[54.410588,24.506808],[54.410773,24.506792],[54.410797,24.506728],[54.410732,24.506708]]]}},{"type":"Feature","properties":{},"geometry":{"type":"Polygon","coordinates":[[[54.406919,24.506861],[54.406815,24.506847],[54.406719,24.506935],[54.406752,24.506968],[54.406646,24.50706],[54.40668,24.507097],[54.406574,24.507182],[54.406916,24.5075],[54.407019,24.507514],[54.40712,24.507428],[54.407102,24.50741],[54.407191,24.507334],[54.407231,24.50734],[54.407333,24.507251],[54.406919,24.506861]]]}},{"type":"Feature","properties":{},"geometry":{"type":"Polygon","coordinates":[[[54.406472,24.507352],[54.406592,24.507503],[54.406721,24.507521],[54.406764,24.507492],[54.406644,24.507341],[54.406516,24.507324],[54.406472,24.507352]]]}},{"type":"Feature","properties":{},"geometry":{"type":"Polygon","coordinates":[[[54.41011,24.507998],[54.410185,24.50796],[54.410332,24.507855],[54.410313,24.507789],[54.410234,24.507778],[54.410204,24.507719],[54.409774,24.50766],[54.409699,24.507661],[54.409692,24.507556],[54.409481,24.507344],[54.409052,24.507285],[54.408858,24.507453],[54.409218,24.507815],[54.40941,24.507842],[54.409395,24.507879],[54.409425,24.507921],[54.409497,24.50796],[54.409927,24.508019],[54.41011,24.507998]]]}},{"type":"Feature","properties":{},"geometry":{"type":"Polygon","coordinates":[[[54.407201,24.507774],[54.407167,24.507749],[54.407038,24.507731],[54.407008,24.507764],[54.407042,24.507789],[54.407171,24.507807],[54.407201,24.507774]]]}},{"type":"Feature","properties":{},"geometry":{"type":"Polygon","coordinates":[[[54.408748,24.50784],[54.408751,24.507902],[54.408717,24.507903],[54.408722,24.508009],[54.40889,24.508025],[54.408889,24.507995],[54.408918,24.507994],[54.408925,24.507856],[54.408748,24.50784]]]}},{"type":"Feature","properties":{},"geometry":{"type":"Polygon","coordinates":[[[54.40932,24.508159],[54.409278,24.508116],[54.409149,24.508098],[54.40906,24.508172],[54.409102,24.508215],[54.409231,24.508233],[54.40932,24.508159]]]}},{"type":"Feature","properties":{},"geometry":{"type":"Polygon","coordinates":[[[54.409117,24.508675],[54.409097,24.508646],[54.409158,24.508646],[54.409334,24.508542],[54.409273,24.508456],[54.409189,24.508445],[54.409158,24.5084],[54.408728,24.508341],[54.408585,24.508425],[54.408631,24.50849],[54.408557,24.508549],[54.408576,24.508574],[54.40854,24.508596],[54.40857,24.508639],[54.409057,24.508711],[54.409117,24.508675]]]}},{"type":"Feature","properties":{},"geometry":{"type":"Polygon","coordinates":[[[54.407615,24.508841],[54.407587,24.508811],[54.407459,24.508793],[54.407394,24.508843],[54.407421,24.508873],[54.40755,24.50889],[54.407615,24.508841]]]}},{"type":"Feature","properties":{},"geometry":{"type":"Polygon","coordinates":[[[54.407579,24.508951],[54.407527,24.508995],[54.407683,24.509148],[54.407812,24.509166],[54.407864,24.509122],[54.407708,24.508969],[54.407579,24.508951]]]}},{"type":"Feature","properties":{},"geometry":{"type":"Polygon","coordinates":[[[54.40578,24.509431],[54.405621,24.509564],[54.405984,24.509895],[54.407014,24.510038],[54.407179,24.509921],[54.406975,24.509728],[54.407446,24.509794],[54.40758,24.509657],[54.407351,24.509442],[54.407784,24.509501],[54.4079,24.509383],[54.407538,24.50905],[54.406507,24.508908],[54.406385,24.509017],[54.4066,24.509217],[54.40617,24.509157],[54.406029,24.509292],[54.406249,24.509496],[54.40578,24.509431]]]}},{"type":"Feature","properties":{},"geometry":{"type":"Polygon","coordinates":[[[54.41019,24.509994],[54.410005,24.509826],[54.409576,24.509766],[54.409232,24.510079],[54.409417,24.510247],[54.409847,24.510306],[54.41019,24.509994]]]}},{"type":"Feature","properties":{},"geometry":{"type":"Polygon","coordinates":[[[54.410239,24.510791],[54.41027,24.510774],[54.410248,24.510742],[54.410303,24.51071],[54.410208,24.510574],[54.410079,24.510556],[54.409997,24.510612],[54.409667,24.510566],[54.409471,24.510677],[54.409538,24.510775],[54.409501,24.510796],[54.409571,24.510899],[54.41,24.510958],[54.410233,24.510827],[54.410206,24.510787],[54.410239,24.510791]]]}},{"type":"Feature","properties":{},"geometry":{"type":"Polygon","coordinates":[[[54.410136,24.511137],[54.410205,24.511104],[54.410185,24.511068],[54.410255,24.511078],[54.410308,24.511057],[54.410506,24.510935],[54.41043,24.510834],[54.410301,24.510816],[54.410104,24.510938],[54.410142,24.51099],[54.410092,24.511009],[54.410101,24.511023],[54.410035,24.511014],[54.409965,24.511047],[54.410007,24.51112],[54.410136,24.511137]]]}},{"type":"Feature","properties":{},"geometry":{"type":"Polygon","coordinates":[[[54.407834,24.511895],[54.407782,24.511906],[54.407793,24.511955],[54.407922,24.511973],[54.407975,24.511962],[54.407963,24.511913],[54.407834,24.511895]]]}},{"type":"Feature","properties":{},"geometry":{"type":"Polygon","coordinates":[[[54.412378,24.481741],[54.411949,24.481682],[54.411773,24.481957],[54.412133,24.482148],[54.412563,24.482207],[54.412739,24.481932],[54.412378,24.481741]]]}},{"type":"Feature","properties":{},"geometry":{"type":"Polygon","coordinates":[[[54.41143,24.482077],[54.411398,24.482052],[54.41127,24.482034],[54.411191,24.482114],[54.411222,24.48214],[54.411351,24.482158],[54.41143,24.482077]]]}},{"type":"Feature","properties":{},"geometry":{"type":"Polygon","coordinates":[[[54.411468,24.48562],[54.411454,24.485589],[54.411325,24.485571],[54.411221,24.485612],[54.411236,24.485643],[54.411281,24.485649],[54.411247,24.48566],[54.411285,24.485758],[54.411414,24.485776],[54.411471,24.485757],[54.411432,24.48566],[54.411384,24.485653],[54.411468,24.48562]]]}},{"type":"Feature","properties":{},"geometry":{"type":"Polygon","coordinates":[[[54.413088,24.487687],[54.413256,24.48771],[54.413524,24.4877],[54.413521,24.487621],[54.413488,24.487617],[54.413484,24.487529],[54.413516,24.487528],[54.413513,24.487454],[54.4134,24.487439],[54.413388,24.487195],[54.412959,24.487136],[54.412854,24.48714],[54.412855,24.487167],[54.412678,24.487174],[54.412755,24.487392],[54.41284,24.487404],[54.412815,24.487405],[54.412827,24.487651],[54.412862,24.487655],[54.412885,24.487734],[54.413014,24.487751],[54.4131,24.487731],[54.413088,24.487687]]]}},{"type":"Feature","properties":{},"geometry":{"type":"Polygon","coordinates":[[[54.415543,24.487664],[54.415484,24.487667],[54.415487,24.487711],[54.415615,24.487729],[54.415674,24.487726],[54.415671,24.487682],[54.415543,24.487664]]]}},{"type":"Feature","properties":{},"geometry":{"type":"Polygon","coordinates":[[[54.415881,24.487999],[54.41601,24.488017],[54.416207,24.488011],[54.416221,24.48827],[54.416107,24.488259],[54.416105,24.488338],[54.416017,24.488335],[54.416021,24.488371],[54.416104,24.488382],[54.416103,24.488471],[54.416232,24.488489],[54.416527,24.488493],[54.416527,24.488461],[54.416694,24.488479],[54.416696,24.488436],[54.416349,24.488402],[54.416349,24.488388],[54.416274,24.488378],[54.416275,24.488296],[54.416348,24.488306],[54.41635,24.488347],[54.416526,24.488363],[54.416523,24.488318],[54.41665,24.48833],[54.416652,24.488297],[54.416749,24.488305],[54.416748,24.488248],[54.416682,24.488239],[54.41675,24.488241],[54.416746,24.488148],[54.416646,24.488134],[54.416669,24.488133],[54.416665,24.488042],[54.416594,24.488032],[54.416595,24.488019],[54.416666,24.48802],[54.416665,24.487971],[54.416536,24.487953],[54.416314,24.487957],[54.416313,24.488006],[54.416245,24.488004],[54.416244,24.487954],[54.416125,24.487938],[54.416262,24.487931],[54.416254,24.487801],[54.416103,24.487784],[54.416103,24.487769],[54.415758,24.48773],[54.415726,24.487729],[54.415725,24.487763],[54.415616,24.487748],[54.415501,24.487755],[54.415189,24.487712],[54.414693,24.487712],[54.414693,24.487756],[54.414758,24.487765],[54.414758,24.488154],[54.415187,24.488213],[54.41537,24.488213],[54.41537,24.487962],[54.415751,24.487968],[54.415745,24.487775],[54.415972,24.487791],[54.415868,24.487797],[54.415877,24.487926],[54.415976,24.48794],[54.415879,24.487943],[54.415881,24.487999]],[[54.416577,24.488241],[54.416577,24.488255],[54.416502,24.488247],[54.416501,24.48823],[54.416577,24.488241]]]}},{"type":"Feature","properties":{},"geometry":{"type":"Polygon","coordinates":[[[54.41339,24.487875],[54.413393,24.487937],[54.41359,24.487952],[54.413587,24.48789],[54.41339,24.487875]]]}},{"type":"Feature","properties":{},"geometry":{"type":"Polygon","coordinates":[[[54.415189,24.488297],[54.41519,24.488379],[54.415319,24.488397],[54.415436,24.488396],[54.415435,24.488329],[54.415473,24.488334],[54.415473,24.488369],[54.415696,24.488385],[54.415695,24.488336],[54.415567,24.488319],[54.415566,24.488301],[54.415714,24.488311],[54.41571,24.4882],[54.415519,24.488184],[54.415522,24.488286],[54.415343,24.488278],[54.415344,24.4883],[54.415189,24.488297]]]}},{"type":"Feature","properties":{},"geometry":{"type":"Polygon","coordinates":[[[54.414972,24.488235],[54.41471,24.488213],[54.414707,24.488308],[54.414968,24.48833],[54.414972,24.488235]]]}},{"type":"Feature","properties":{},"geometry":{"type":"Polygon","coordinates":[[[54.414847,24.488338],[54.414723,24.488341],[54.414727,24.48846],[54.414856,24.488478],[54.414979,24.488475],[54.414976,24.488355],[54.414847,24.488338]]]}},{"type":"Feature","properties":{},"geometry":{"type":"Polygon","coordinates":[[[54.415432,24.488438],[54.415284,24.48842],[54.415283,24.488466],[54.415431,24.488484],[54.415432,24.488438]]]}},{"type":"Feature","properties":{},"geometry":{"type":"Polygon","coordinates":[[[54.415334,24.488626],[54.415336,24.488675],[54.415545,24.48869],[54.415543,24.488642],[54.415334,24.488626]]]}},{"type":"Feature","properties":{},"geometry":{"type":"Polygon","coordinates":[[[54.416094,24.488864],[54.416098,24.488971],[54.416257,24.488988],[54.416252,24.488881],[54.416094,24.488864]]]}},{"type":"Feature","properties":{},"geometry":{"type":"Polygon","coordinates":[[[54.41587,24.488824],[54.415877,24.489023],[54.416065,24.48904],[54.416058,24.48884],[54.41587,24.488824]]]}},{"type":"Feature","properties":{},"geometry":{"type":"Polygon","coordinates":[[[54.415491,24.488834],[54.415495,24.489034],[54.415683,24.489051],[54.415679,24.488851],[54.415491,24.488834]]]}},{"type":"Feature","properties":{},"geometry":{"type":"Polygon","coordinates":[[[54.415722,24.489146],[54.415876,24.489139],[54.415873,24.489095],[54.415744,24.489077],[54.41559,24.489087],[54.415593,24.489129],[54.415722,24.489146]]]}},{"type":"Feature","properties":{},"geometry":{"type":"Polygon","coordinates":[[[54.415835,24.489171],[54.415655,24.489151],[54.415653,24.489232],[54.415833,24.489251],[54.415835,24.489171]]]}},{"type":"Feature","properties":{},"geometry":{"type":"Polygon","coordinates":[[[54.415421,24.489677],[54.416292,24.489655],[54.41629,24.489586],[54.416269,24.489583],[54.416267,24.489502],[54.415837,24.489443],[54.414987,24.489464],[54.414991,24.489617],[54.415421,24.489677]]]}},{"type":"Feature","properties":{},"geometry":{"type":"Polygon","coordinates":[[[54.410755,24.489718],[54.410706,24.489721],[54.41071,24.489764],[54.410839,24.489782],[54.410888,24.489778],[54.410884,24.489736],[54.410755,24.489718]]]}},{"type":"Feature","properties":{},"geometry":{"type":"Polygon","coordinates":[[[54.412299,24.489931],[54.412304,24.489994],[54.412502,24.490007],[54.412498,24.489945],[54.412299,24.489931]]]}},{"type":"Feature","properties":{},"geometry":{"type":"Polygon","coordinates":[[[54.410923,24.490643],[54.410922,24.490695],[54.411147,24.490714],[54.411148,24.490662],[54.410923,24.490643]]]}},{"type":"Feature","properties":{},"geometry":{"type":"Polygon","coordinates":[[[54.412916,24.491132],[54.413395,24.491138],[54.413397,24.490975],[54.413114,24.490935],[54.413116,24.49081],[54.413411,24.490814],[54.413413,24.490645],[54.412769,24.490556],[54.41228,24.49055],[54.412272,24.491043],[54.412916,24.491132]]]}},{"type":"Feature","properties":{},"geometry":{"type":"Polygon","coordinates":[[[54.411223,24.490949],[54.411221,24.490892],[54.411192,24.490888],[54.411224,24.490888],[54.411224,24.490795],[54.411026,24.490777],[54.411026,24.49087],[54.41106,24.490875],[54.411018,24.490876],[54.411019,24.490933],[54.411223,24.490949]]]}},{"type":"Feature","properties":{},"geometry":{"type":"Polygon","coordinates":[[[54.412875,24.491187],[54.412701,24.491167],[54.412699,24.491207],[54.412874,24.491226],[54.412875,24.491187]]]}},{"type":"Feature","properties":{},"geometry":{"type":"Polygon","coordinates":[[[54.411979,24.491679],[54.411978,24.491709],[54.412185,24.491729],[54.412186,24.491699],[54.411979,24.491679]]]}},{"type":"Feature","properties":{},"geometry":{"type":"Polygon","coordinates":[[[54.411709,24.492296],[54.411452,24.492274],[54.41145,24.492362],[54.411706,24.492383],[54.411709,24.492296]]]}},{"type":"Feature","properties":{},"geometry":{"type":"Polygon","coordinates":[[[54.412026,24.492443],[54.411844,24.492441],[54.411843,24.492539],[54.411972,24.492557],[54.412154,24.492558],[54.412155,24.492461],[54.412026,24.492443]]]}},{"type":"Feature","properties":{},"geometry":{"type":"Polygon","coordinates":[[[54.415103,24.496914],[54.41501,24.49686],[54.414881,24.496842],[54.414771,24.497],[54.414863,24.497053],[54.414992,24.497071],[54.415103,24.496914]]]}},{"type":"Feature","properties":{},"geometry":{"type":"Polygon","coordinates":[[[54.412691,24.502928],[54.412776,24.503074],[54.413098,24.503119],[54.41317,24.503099],[54.41329,24.502809],[54.413379,24.502328],[54.412899,24.502033],[54.412741,24.501881],[54.412655,24.501769],[54.412574,24.501625],[54.412526,24.501486],[54.412204,24.501441],[54.41166,24.501428],[54.411696,24.501628],[54.411743,24.501762],[54.411815,24.501945],[54.4119,24.502102],[54.412052,24.50231],[54.412307,24.502611],[54.412552,24.502776],[54.412691,24.502928]]]}},{"type":"Feature","properties":{},"geometry":{"type":"Polygon","coordinates":[[[54.415526,24.502419],[54.415372,24.502399],[54.415368,24.502458],[54.415522,24.502478],[54.415526,24.502419]]]}},{"type":"Feature","properties":{},"geometry":{"type":"Polygon","coordinates":[[[54.411855,24.502805],[54.411957,24.502748],[54.411796,24.502509],[54.411697,24.502495],[54.411742,24.502449],[54.411529,24.502276],[54.4114,24.502258],[54.411328,24.502331],[54.411541,24.502504],[54.411623,24.502515],[54.411565,24.502548],[54.411726,24.502787],[54.411855,24.502805]]]}},{"type":"Feature","properties":{},"geometry":{"type":"Polygon","coordinates":[[[54.411356,24.502864],[54.411354,24.502702],[54.411224,24.502679],[54.411155,24.502628],[54.411149,24.502248],[54.410505,24.502159],[54.410303,24.502155],[54.410269,24.502749],[54.410913,24.502838],[54.411356,24.502864]]]}},{"type":"Feature","properties":{},"geometry":{"type":"Polygon","coordinates":[[[54.415261,24.502589],[54.415263,24.502623],[54.415286,24.502626],[54.415266,24.502626],[54.415266,24.502664],[54.415466,24.502682],[54.415466,24.502644],[54.415428,24.502639],[54.415469,24.502637],[54.415468,24.502603],[54.415261,24.502589]]]}},{"type":"Feature","properties":{},"geometry":{"type":"Polygon","coordinates":[[[54.411512,24.502535],[54.411334,24.502517],[54.411331,24.50264],[54.411509,24.502659],[54.411512,24.502535]]]}},{"type":"Feature","properties":{},"geometry":{"type":"Polygon","coordinates":[[[54.415497,24.502843],[54.415438,24.502835],[54.415465,24.502832],[54.41546,24.502793],[54.415558,24.502806],[54.415556,24.502839],[54.415811,24.502861],[54.415815,24.502783],[54.41556,24.502761],[54.415559,24.502777],[54.415436,24.502762],[54.415434,24.502775],[54.415329,24.50276],[54.415267,24.502767],[54.415274,24.502821],[54.415336,24.502829],[54.41531,24.502833],[54.415318,24.502883],[54.415447,24.502901],[54.415505,24.502893],[54.415497,24.502843]]]}},{"type":"Feature","properties":{},"geometry":{"type":"Polygon","coordinates":[[[54.411528,24.502742],[54.411444,24.502777],[54.41152,24.502929],[54.411649,24.502947],[54.411733,24.502911],[54.411657,24.50276],[54.411528,24.502742]]]}},{"type":"Feature","properties":{},"geometry":{"type":"Polygon","coordinates":[[[54.415728,24.503421],[54.415506,24.5034],[54.415503,24.503456],[54.415726,24.503477],[54.415728,24.503421]]]}},{"type":"Feature","properties":{},"geometry":{"type":"Polygon","coordinates":[[[54.415681,24.503541],[54.415684,24.503624],[54.415855,24.50364],[54.415852,24.503558],[54.415681,24.503541]]]}},{"type":"Feature","properties":{},"geometry":{"type":"Polygon","coordinates":[[[54.414587,24.503973],[54.414063,24.5039],[54.413905,24.504057],[54.414043,24.504177],[54.413346,24.50408],[54.413187,24.504238],[54.413364,24.50439],[54.414331,24.504524],[54.414508,24.504375],[54.414353,24.504248],[54.414844,24.504316],[54.414887,24.50428],[54.41533,24.504341],[54.415409,24.504275],[54.415811,24.504331],[54.415988,24.504182],[54.415792,24.50402],[54.415286,24.503955],[54.415227,24.503967],[54.415236,24.504004],[54.415299,24.504012],[54.415264,24.504024],[54.414624,24.503936],[54.414587,24.503973]]]}},{"type":"Feature","properties":{},"geometry":{"type":"Polygon","coordinates":[[[54.415312,24.504404],[54.415267,24.504439],[54.41528,24.504453],[54.415084,24.504426],[54.414925,24.504583],[54.415103,24.504736],[54.415629,24.504809],[54.415806,24.50466],[54.41561,24.504498],[54.41548,24.50448],[54.41549,24.504472],[54.415441,24.504421],[54.415312,24.504404]]]}},{"type":"Feature","properties":{},"geometry":{"type":"Polygon","coordinates":[[[54.415332,24.505068],[54.415428,24.504987],[54.415232,24.504826],[54.414788,24.504764],[54.414671,24.504668],[54.413984,24.504573],[54.413826,24.504731],[54.414003,24.504884],[54.414539,24.504958],[54.414649,24.505053],[54.415313,24.505155],[54.415377,24.50511],[54.415332,24.505068]]]}},{"type":"Feature","properties":{},"geometry":{"type":"Polygon","coordinates":[[[54.415655,24.504912],[54.415608,24.504948],[54.415665,24.505009],[54.415794,24.505027],[54.415841,24.50499],[54.415784,24.50493],[54.415655,24.504912]]]}},{"type":"Feature","properties":{},"geometry":{"type":"Polygon","coordinates":[[[54.411043,24.506943],[54.410977,24.506911],[54.410548,24.506852],[54.410524,24.506893],[54.410417,24.506878],[54.410364,24.506934],[54.410303,24.507047],[54.410297,24.507207],[54.41034,24.507281],[54.410823,24.507348],[54.410904,24.507326],[54.410922,24.507285],[54.41101,24.507189],[54.411043,24.506943]]]}},{"type":"Feature","properties":{},"geometry":{"type":"Polygon","coordinates":[[[54.410684,24.508579],[54.41068,24.508679],[54.410809,24.508696],[54.411097,24.508706],[54.4111,24.508608],[54.410684,24.508579]]]}},{"type":"Feature","properties":{},"geometry":{"type":"Polygon","coordinates":[[[54.410877,24.509277],[54.411307,24.509336],[54.411429,24.509339],[54.411427,24.50943],[54.411316,24.509415],[54.410595,24.509432],[54.410598,24.509526],[54.410727,24.509544],[54.411448,24.509523],[54.411446,24.509465],[54.411673,24.509482],[54.411678,24.509265],[54.411479,24.509246],[54.411482,24.50915],[54.411694,24.509167],[54.411703,24.508958],[54.411451,24.508936],[54.411449,24.508979],[54.411058,24.508925],[54.410888,24.508921],[54.410877,24.509277]]]}},{"type":"Feature","properties":{},"geometry":{"type":"Polygon","coordinates":[[[54.410569,24.509047],[54.410571,24.509143],[54.410762,24.50916],[54.41076,24.509063],[54.410569,24.509047]]]}},{"type":"Feature","properties":{},"geometry":{"type":"Polygon","coordinates":[[[54.411226,24.509623],[54.411127,24.509663],[54.411204,24.50982],[54.411333,24.509838],[54.411432,24.509798],[54.411355,24.509641],[54.411226,24.509623]]]}},{"type":"Feature","properties":{},"geometry":{"type":"Polygon","coordinates":[[[54.410637,24.510739],[54.410584,24.510715],[54.410455,24.510697],[54.410429,24.510746],[54.410482,24.510769],[54.410611,24.510787],[54.410637,24.510739]]]}},{"type":"Feature","properties":{},"geometry":{"type":"Polygon","coordinates":[[[54.418744,24.480025],[54.418738,24.48006],[54.418814,24.480071],[54.418813,24.480113],[54.41898,24.480132],[54.418981,24.480071],[54.418936,24.480065],[54.418939,24.480052],[54.418744,24.480025]]]}},{"type":"Feature","properties":{},"geometry":{"type":"Polygon","coordinates":[[[54.42066,24.480236],[54.42044,24.480215],[54.420433,24.480346],[54.420658,24.480379],[54.420901,24.480388],[54.420903,24.480342],[54.420695,24.480321],[54.420696,24.480302],[54.420657,24.480297],[54.42066,24.480236]]]}},{"type":"Feature","properties":{},"geometry":{"type":"Polygon","coordinates":[[[54.419993,24.480828],[54.419801,24.480805],[54.419794,24.480859],[54.419987,24.480883],[54.419993,24.480828]]]}},{"type":"Feature","properties":{},"geometry":{"type":"Polygon","coordinates":[[[54.419748,24.48167],[54.418896,24.481576],[54.418898,24.481561],[54.41845,24.481506],[54.418431,24.481641],[54.418836,24.48169],[54.418831,24.481724],[54.41896,24.481742],[54.4193,24.481784],[54.419304,24.481754],[54.419728,24.481807],[54.419748,24.48167]]]}},{"type":"Feature","properties":{},"geometry":{"type":"Polygon","coordinates":[[[54.420597,24.481951],[54.4206,24.481931],[54.421032,24.481962],[54.42104,24.48183],[54.420619,24.481797],[54.420621,24.481788],[54.420202,24.48173],[54.420202,24.48172],[54.419854,24.481688],[54.41983,24.481849],[54.419722,24.481838],[54.419706,24.481973],[54.420155,24.482024],[54.42017,24.481898],[54.420597,24.481951]]]}},{"type":"Feature","properties":{},"geometry":{"type":"Polygon","coordinates":[[[54.41873,24.481743],[54.418674,24.481735],[54.418672,24.481686],[54.418543,24.481668],[54.418415,24.481673],[54.418421,24.481813],[54.41855,24.481831],[54.418685,24.481826],[54.418855,24.481855],[54.418868,24.481775],[54.41873,24.481757],[54.41873,24.481743]]]}},{"type":"Feature","properties":{},"geometry":{"type":"Polygon","coordinates":[[[54.418444,24.481881],[54.4184,24.481883],[54.418402,24.481905],[54.41853,24.481923],[54.418575,24.48192],[54.418573,24.481898],[54.418444,24.481881]]]}},{"type":"Feature","properties":{},"geometry":{"type":"Polygon","coordinates":[[[54.421007,24.482012],[54.420568,24.481953],[54.420548,24.482076],[54.420987,24.482135],[54.421007,24.482012]]]}},{"type":"Feature","properties":{},"geometry":{"type":"Polygon","coordinates":[[[54.419165,24.48193],[54.419147,24.482056],[54.418831,24.482019],[54.418837,24.481991],[54.418672,24.481967],[54.418656,24.482037],[54.41875,24.482052],[54.418745,24.48209],[54.418819,24.482101],[54.418816,24.482124],[54.418366,24.482066],[54.418346,24.482193],[54.418798,24.482252],[54.418798,24.482249],[54.419395,24.482328],[54.419244,24.482315],[54.419237,24.482381],[54.418332,24.482267],[54.418313,24.482399],[54.418769,24.482457],[54.418766,24.482489],[54.418631,24.482462],[54.418305,24.482429],[54.418288,24.482563],[54.418743,24.482614],[54.418751,24.482548],[54.419127,24.482596],[54.419131,24.48257],[54.419387,24.482596],[54.420061,24.482685],[54.420057,24.48272],[54.420442,24.482764],[54.420432,24.482837],[54.420871,24.48289],[54.420888,24.482769],[54.42052,24.482723],[54.420522,24.482703],[54.420156,24.482662],[54.420159,24.48264],[54.420895,24.482727],[54.420916,24.482582],[54.420175,24.482506],[54.419612,24.482426],[54.419619,24.482362],[54.420926,24.482526],[54.420945,24.482404],[54.420206,24.482299],[54.420209,24.482274],[54.420954,24.482361],[54.420967,24.48224],[54.420528,24.482194],[54.420521,24.482253],[54.4198,24.482164],[54.4198,24.482142],[54.420207,24.482195],[54.420226,24.482072],[54.420444,24.482109],[54.420468,24.48202],[54.420249,24.481982],[54.420226,24.482064],[54.419778,24.482006],[54.419616,24.482003],[54.419618,24.481986],[54.419165,24.48193]],[[54.419759,24.482125],[54.419711,24.482118],[54.419761,24.482117],[54.419759,24.482125]],[[54.419202,24.4821],[54.419206,24.482069],[54.419529,24.482108],[54.419524,24.482137],[54.419202,24.4821]]]}},{"type":"Feature","properties":{},"geometry":{"type":"Polygon","coordinates":[[[54.419494,24.482791],[54.419514,24.482659],[54.419063,24.482601],[54.41905,24.482686],[54.418829,24.482643],[54.4188,24.482729],[54.419026,24.482773],[54.419045,24.482715],[54.419043,24.482733],[54.419494,24.482791]]]}},{"type":"Feature","properties":{},"geometry":{"type":"Polygon","coordinates":[[[54.420123,24.482738],[54.419673,24.48268],[54.419653,24.482812],[54.420103,24.48287],[54.420123,24.482738]]]}},{"type":"Feature","properties":{},"geometry":{"type":"Polygon","coordinates":[[[54.41869,24.482913],[54.418735,24.482919],[54.418728,24.482977],[54.419189,24.483025],[54.4192,24.482924],[54.419551,24.482961],[54.419568,24.482829],[54.419116,24.482777],[54.419104,24.482868],[54.41885,24.482844],[54.418851,24.482817],[54.418713,24.482799],[54.418722,24.482713],[54.418267,24.482667],[54.418253,24.482803],[54.418631,24.482842],[54.41863,24.482865],[54.418238,24.482843],[54.418232,24.482965],[54.418361,24.482982],[54.418686,24.482995],[54.41869,24.482913]]]}},{"type":"Feature","properties":{},"geometry":{"type":"Polygon","coordinates":[[[54.420388,24.482858],[54.4203,24.48283],[54.420171,24.482812],[54.420136,24.482903],[54.420225,24.482931],[54.420354,24.482948],[54.420388,24.482858]]]}},{"type":"Feature","properties":{},"geometry":{"type":"Polygon","coordinates":[[[54.419544,24.482997],[54.419531,24.483117],[54.420382,24.483191],[54.420378,24.483233],[54.420826,24.483278],[54.420839,24.483149],[54.420424,24.483108],[54.420427,24.483076],[54.420835,24.483127],[54.420852,24.483007],[54.420415,24.482952],[54.420404,24.483028],[54.420009,24.482973],[54.420021,24.482886],[54.419571,24.482832],[54.419553,24.482967],[54.41966,24.482982],[54.419657,24.483007],[54.419544,24.482997]]]}},{"type":"Feature","properties":{},"geometry":{"type":"Polygon","coordinates":[[[54.417109,24.487706],[54.41711,24.487752],[54.417325,24.487769],[54.417324,24.487723],[54.417109,24.487706]]]}},{"type":"Feature","properties":{},"geometry":{"type":"Polygon","coordinates":[[[54.416725,24.488369],[54.416566,24.48835],[54.416565,24.488389],[54.416723,24.488408],[54.416725,24.488369]]]}},{"type":"Feature","properties":{},"geometry":{"type":"Polygon","coordinates":[[[54.419695,24.489319],[54.419694,24.489265],[54.419411,24.489241],[54.419353,24.489244],[54.419354,24.489254],[54.419201,24.48925],[54.419202,24.489289],[54.419331,24.489307],[54.419433,24.489296],[54.419592,24.48932],[54.419695,24.489319]]]}},{"type":"Feature","properties":{},"geometry":{"type":"Polygon","coordinates":[[[54.418948,24.489283],[54.418859,24.489287],[54.418865,24.489411],[54.418994,24.489429],[54.419083,24.489425],[54.419077,24.489301],[54.418948,24.489283]]]}},{"type":"Feature","properties":{},"geometry":{"type":"Polygon","coordinates":[[[54.419661,24.489381],[54.419428,24.489361],[54.419425,24.489463],[54.419658,24.489483],[54.419661,24.489381]]]}},{"type":"Feature","properties":{},"geometry":{"type":"Polygon","coordinates":[[[54.419028,24.489522],[54.419037,24.489594],[54.419193,24.489609],[54.419183,24.489537],[54.419028,24.489522]]]}},{"type":"Feature","properties":{},"geometry":{"type":"Polygon","coordinates":[[[54.419555,24.489756],[54.419434,24.489758],[54.419435,24.489804],[54.419564,24.489821],[54.419685,24.489819],[54.419684,24.489774],[54.419555,24.489756]]]}},{"type":"Feature","properties":{},"geometry":{"type":"Polygon","coordinates":[[[54.419662,24.490293],[54.419659,24.490172],[54.419482,24.490155],[54.419484,24.490236],[54.419442,24.49024],[54.41945,24.49028],[54.419579,24.490298],[54.419662,24.490293]]]}},{"type":"Feature","properties":{},"geometry":{"type":"Polygon","coordinates":[[[54.419315,24.490309],[54.419315,24.490295],[54.419438,24.490303],[54.419432,24.490181],[54.419252,24.490165],[54.419257,24.490267],[54.41911,24.490259],[54.419111,24.490293],[54.419315,24.490309]]]}},{"type":"Feature","properties":{},"geometry":{"type":"Polygon","coordinates":[[[54.416443,24.501911],[54.416445,24.501957],[54.416574,24.501975],[54.416734,24.501965],[54.416824,24.50203],[54.417254,24.502089],[54.41747,24.501885],[54.41724,24.501685],[54.416811,24.501626],[54.416733,24.501698],[54.41679,24.501759],[54.416752,24.501842],[54.416629,24.50189],[54.416644,24.5019],[54.416443,24.501911]]]}},{"type":"Feature","properties":{},"geometry":{"type":"Polygon","coordinates":[[[54.417619,24.50236],[54.41759,24.502323],[54.417461,24.502305],[54.417419,24.502333],[54.417448,24.50237],[54.417577,24.502387],[54.417619,24.50236]]]}},{"type":"Feature","properties":{},"geometry":{"type":"Polygon","coordinates":[[[54.418045,24.502361],[54.418089,24.502454],[54.418218,24.502471],[54.41842,24.502393],[54.418376,24.5023],[54.418247,24.502282],[54.418045,24.502361]]]}},{"type":"Feature","properties":{},"geometry":{"type":"Polygon","coordinates":[[[54.417732,24.50246],[54.417779,24.502497],[54.417908,24.502514],[54.417932,24.502489],[54.417885,24.502453],[54.417756,24.502435],[54.417732,24.50246]]]}},{"type":"Feature","properties":{},"geometry":{"type":"Polygon","coordinates":[[[54.417504,24.502442],[54.417292,24.502424],[54.417292,24.502539],[54.4175,24.502562],[54.417504,24.502442]]]}},{"type":"Feature","properties":{},"geometry":{"type":"Polygon","coordinates":[[[54.416866,24.50261],[54.416763,24.502612],[54.416764,24.502636],[54.416893,24.502654],[54.416996,24.502652],[54.416995,24.502628],[54.416866,24.50261]]]}},{"type":"Feature","properties":{},"geometry":{"type":"Polygon","coordinates":[[[54.417273,24.502693],[54.417005,24.5027],[54.416816,24.502685],[54.416813,24.502745],[54.41706,24.502794],[54.417302,24.502785],[54.417302,24.502769],[54.417408,24.502771],[54.417402,24.50271],[54.417273,24.502693]]]}},{"type":"Feature","properties":{},"geometry":{"type":"Polygon","coordinates":[[[54.417374,24.50306],[54.417138,24.503038],[54.417136,24.503081],[54.417372,24.503102],[54.417374,24.50306]]]}},{"type":"Feature","properties":{},"geometry":{"type":"Polygon","coordinates":[[[54.417336,24.503119],[54.417332,24.503209],[54.417605,24.503229],[54.417604,24.503168],[54.417526,24.503157],[54.417526,24.503139],[54.417336,24.503119]]]}},{"type":"Feature","properties":{},"geometry":{"type":"Polygon","coordinates":[[[54.417535,24.503551],[54.417528,24.503768],[54.41769,24.503787],[54.417698,24.50357],[54.417535,24.503551]]]}}]}