{"type":"FeatureCollection","features":[{"type":"Feature","properties":{},"geometry":{"type":"Polygon","coordinates":[[[54.378693,24.479808],[54.378497,24.479972],[54.378635,24.480098],[54.378831,24.479933],[54.378693,24.479808]]]}},{"type":"Feature","properties":{},"geometry":{"type":"Polygon","coordinates":[[[54.378424,24.480295],[54.378635,24.480118],[54.378493,24.479989],[54.378283,24.480166],[54.378424,24.480295]]]}},{"type":"Feature","properties":{},"geometry":{"type":"Polygon","coordinates":[[[54.378011,24.480653],[54.378037,24.480644],[54.37822,24.480473],[54.37808,24.48035],[54.378054,24.480359],[54.377872,24.480529],[54.378011,24.480653]]]}},{"type":"Feature","properties":{},"geometry":{"type":"Polygon","coordinates":[[[54.37789,24.48056],[54.377695,24.480723],[54.377815,24.480833],[54.37801,24.48067],[54.37789,24.48056]]]}},{"type":"Feature","properties":{},"geometry":{"type":"Polygon","coordinates":[[[54.379143,24.481182],[54.378954,24.481053],[54.378849,24.481168],[54.379038,24.481298],[54.379143,24.481182]]]}},{"type":"Feature","properties":{},"geometry":{"type":"Polygon","coordinates":[[[54.378821,24.481205],[54.378807,24.48121],[54.378583,24.481484],[54.378665,24.48154],[54.378679,24.481535],[54.378904,24.481261],[54.378821,24.481205]]]}},{"type":"Feature","properties":{},"geometry":{"type":"Polygon","coordinates":[[[54.37889,24.481342],[54.378753,24.481489],[54.378954,24.481632],[54.379091,24.481485],[54.37889,24.481342]]]}},{"type":"Feature","properties":{},"geometry":{"type":"Polygon","coordinates":[[[54.379183,24.481467],[54.379169,24.481472],[54.378944,24.481746],[54.379027,24.481802],[54.379041,24.481797],[54.379266,24.481523],[54.379183,24.481467]]]}},{"type":"Feature","properties":{},"geometry":{"type":"Polygon","coordinates":[[[54.378567,24.481508],[54.378553,24.481513],[54.378328,24.481787],[54.378416,24.481841],[54.378294,24.48199],[54.378554,24.482167],[54.378601,24.48215],[54.378729,24.481993],[54.378469,24.481816],[54.378431,24.48183],[54.378649,24.481564],[54.378567,24.481508]]]}},{"type":"Feature","properties":{},"geometry":{"type":"Polygon","coordinates":[[[54.37893,24.481766],[54.378916,24.481771],[54.378692,24.482045],[54.378774,24.482101],[54.378788,24.482096],[54.379013,24.481822],[54.37893,24.481766]]]}},{"type":"Feature","properties":{},"geometry":{"type":"Polygon","coordinates":[[[54.378443,24.482311],[54.378518,24.482232],[54.378635,24.482311],[54.378685,24.482262],[54.37834,24.482028],[54.378221,24.482161],[54.378443,24.482311]]]}},{"type":"Feature","properties":{},"geometry":{"type":"Polygon","coordinates":[[[54.37798,24.482348],[54.377911,24.482373],[54.377539,24.482824],[54.37781,24.48301],[54.377879,24.482984],[54.378251,24.482533],[54.37798,24.482348]]]}},{"type":"Feature","properties":{},"geometry":{"type":"Polygon","coordinates":[[[54.37893,24.483304],[54.378654,24.483109],[54.37864,24.483115],[54.378548,24.483222],[54.378824,24.483417],[54.37893,24.483304]]]}},{"type":"Feature","properties":{},"geometry":{"type":"Polygon","coordinates":[[[54.379053,24.483493],[54.379024,24.483609],[54.379151,24.483627],[54.37918,24.483511],[54.379053,24.483493]]]}},{"type":"Feature","properties":{},"geometry":{"type":"Polygon","coordinates":[[[54.37927,24.483702],[54.379335,24.483758],[54.379436,24.48367],[54.379371,24.483614],[54.37927,24.483702]]]}},{"type":"Feature","properties":{},"geometry":{"type":"Polygon","coordinates":[[[54.378608,24.483848],[54.378652,24.48388],[54.37881,24.483709],[54.378765,24.483677],[54.378608,24.483848]]]}},{"type":"Feature","properties":{},"geometry":{"type":"Polygon","coordinates":[[[54.378474,24.48377],[54.378543,24.483744],[54.378629,24.48365],[54.37834,24.48345],[54.37826,24.48349],[54.378225,24.48347],[54.378156,24.483496],[54.378017,24.483668],[54.37804,24.483885],[54.378354,24.484096],[54.378423,24.48407],[54.378507,24.483958],[54.37826,24.483784],[54.378251,24.483701],[54.378297,24.483651],[54.378474,24.48377]]]}},{"type":"Feature","properties":{},"geometry":{"type":"Polygon","coordinates":[[[54.379238,24.48373],[54.379178,24.483839],[54.379231,24.483852],[54.379292,24.483743],[54.379238,24.48373]]]}},{"type":"Feature","properties":{},"geometry":{"type":"Polygon","coordinates":[[[54.379146,24.483911],[54.3791,24.483886],[54.379088,24.483792],[54.379023,24.48375],[54.378936,24.483735],[54.378903,24.483747],[54.378871,24.483726],[54.378802,24.483752],[54.378516,24.484075],[54.37854,24.484098],[54.378566,24.484188],[54.378601,24.484226],[54.378653,24.48425],[54.378697,24.484252],[54.378744,24.484235],[54.378793,24.484272],[54.378862,24.484247],[54.379146,24.483911]]]}},{"type":"Feature","properties":{},"geometry":{"type":"Polygon","coordinates":[[[54.379148,24.484204],[54.379233,24.484262],[54.379317,24.48417],[54.379276,24.484142],[54.379302,24.484111],[54.37934,24.484137],[54.379354,24.484132],[54.379465,24.483997],[54.379377,24.483937],[54.379148,24.484204]]]}},{"type":"Feature","properties":{},"geometry":{"type":"Polygon","coordinates":[[[54.377927,24.484123],[54.3778,24.484262],[54.377991,24.484396],[54.378118,24.484257],[54.377927,24.484123]]]}},{"type":"Feature","properties":{},"geometry":{"type":"Polygon","coordinates":[[[54.37815,24.484275],[54.378019,24.484416],[54.378203,24.484546],[54.378333,24.484405],[54.37815,24.484275]]]}},{"type":"Feature","properties":{},"geometry":{"type":"Polygon","coordinates":[[[54.378354,24.484422],[54.378224,24.48456],[54.378408,24.484692],[54.378538,24.484554],[54.378354,24.484422]]]}},{"type":"Feature","properties":{},"geometry":{"type":"Polygon","coordinates":[[[54.379098,24.484562],[54.379379,24.484755],[54.379393,24.48475],[54.379469,24.484658],[54.379188,24.484464],[54.379098,24.484562]]]}},{"type":"Feature","properties":{},"geometry":{"type":"Polygon","coordinates":[[[54.378563,24.484576],[54.378438,24.484711],[54.378616,24.484838],[54.378742,24.484704],[54.378563,24.484576]]]}},{"type":"Feature","properties":{},"geometry":{"type":"Polygon","coordinates":[[[54.37877,24.484724],[54.378647,24.484862],[54.378834,24.484989],[54.378957,24.484851],[54.37877,24.484724]]]}},{"type":"Feature","properties":{},"geometry":{"type":"Polygon","coordinates":[[[54.378995,24.484865],[54.378862,24.485005],[54.379053,24.485143],[54.379186,24.485003],[54.378995,24.484865]]]}},{"type":"Feature","properties":{},"geometry":{"type":"Polygon","coordinates":[[[54.379388,24.485161],[54.3792,24.485025],[54.379076,24.485156],[54.379264,24.485292],[54.379388,24.485161]]]}},{"type":"Feature","properties":{},"geometry":{"type":"Polygon","coordinates":[[[54.379211,24.486209],[54.37917,24.486253],[54.37923,24.486287],[54.37927,24.486243],[54.379211,24.486209]]]}},{"type":"Feature","properties":{},"geometry":{"type":"Polygon","coordinates":[[[54.377837,24.48678],[54.378112,24.486958],[54.378181,24.486933],[54.3785,24.486525],[54.37853,24.486545],[54.3786,24.486519],[54.37882,24.486237],[54.37878,24.486211],[54.378835,24.48614],[54.378537,24.485947],[54.378468,24.485972],[54.377837,24.48678]]]}},{"type":"Feature","properties":{},"geometry":{"type":"Polygon","coordinates":[[[54.378708,24.486544],[54.378781,24.486582],[54.378795,24.486577],[54.378817,24.486542],[54.378744,24.486504],[54.378708,24.486544]]]}},{"type":"Feature","properties":{},"geometry":{"type":"Polygon","coordinates":[[[54.378347,24.486951],[54.378361,24.486946],[54.378587,24.486668],[54.378541,24.48664],[54.378527,24.486645],[54.378314,24.486931],[54.378347,24.486951]]]}},{"type":"Feature","properties":{},"geometry":{"type":"Polygon","coordinates":[[[54.377483,24.488322],[54.377301,24.488195],[54.377255,24.488212],[54.377198,24.48828],[54.377997,24.488837],[54.378043,24.488819],[54.3781,24.488752],[54.377687,24.488464],[54.377709,24.488456],[54.378146,24.487957],[54.378192,24.48799],[54.377751,24.488493],[54.37786,24.488572],[54.37789,24.488561],[54.378776,24.487549],[54.379177,24.487841],[54.379207,24.48783],[54.37933,24.487689],[54.3793,24.487667],[54.379473,24.48747],[54.379086,24.48719],[54.379049,24.48721],[54.378887,24.487093],[54.37899,24.486976],[54.378791,24.486831],[54.378762,24.486842],[54.378394,24.487262],[54.378264,24.487168],[54.378235,24.487179],[54.378155,24.487269],[54.378119,24.487243],[54.378178,24.487176],[54.378058,24.487089],[54.378029,24.4871],[54.377988,24.487146],[54.377885,24.487071],[54.377856,24.487082],[54.377773,24.487176],[54.37763,24.487072],[54.377712,24.486979],[54.377627,24.486917],[54.377597,24.486928],[54.377407,24.487145],[54.377493,24.487208],[54.377523,24.487197],[54.377574,24.487138],[54.377718,24.487242],[54.377633,24.48734],[54.377688,24.48738],[54.377641,24.487433],[54.377828,24.487569],[54.377883,24.487529],[54.377917,24.487554],[54.377827,24.487656],[54.377973,24.487762],[54.377483,24.488322]]]}},{"type":"Feature","properties":{},"geometry":{"type":"Polygon","coordinates":[[[54.379102,24.48789],[54.379203,24.487967],[54.379217,24.487962],[54.379254,24.487922],[54.379153,24.487845],[54.379102,24.48789]]]}},{"type":"Feature","properties":{},"geometry":{"type":"Polygon","coordinates":[[[54.378962,24.487917],[54.378916,24.487934],[54.37879,24.488092],[54.379011,24.488238],[54.379057,24.488221],[54.379183,24.488063],[54.378962,24.487917]]]}},{"type":"Feature","properties":{},"geometry":{"type":"Polygon","coordinates":[[[54.378366,24.48895],[54.378164,24.488808],[54.37815,24.488814],[54.378103,24.48887],[54.378305,24.489011],[54.378366,24.48895]]]}},{"type":"Feature","properties":{},"geometry":{"type":"Polygon","coordinates":[[[54.379075,24.48969],[54.379061,24.489695],[54.379011,24.489751],[54.379042,24.489773],[54.379055,24.489768],[54.379105,24.489712],[54.379075,24.48969]]]}},{"type":"Feature","properties":{},"geometry":{"type":"Polygon","coordinates":[[[54.378939,24.489813],[54.378885,24.489864],[54.378916,24.489886],[54.37897,24.489835],[54.378939,24.489813]]]}},{"type":"Feature","properties":{},"geometry":{"type":"Polygon","coordinates":[[[54.379065,24.490043],[54.378988,24.490072],[54.378826,24.490267],[54.378972,24.490367],[54.379049,24.490338],[54.379211,24.490143],[54.379065,24.490043]]]}},{"type":"Feature","properties":{},"geometry":{"type":"Polygon","coordinates":[[[54.378583,24.490879],[54.378624,24.490864],[54.378784,24.490666],[54.378755,24.490647],[54.378789,24.490635],[54.378943,24.490452],[54.378811,24.490359],[54.378737,24.490387],[54.378427,24.490774],[54.378583,24.490879]]]}},{"type":"Feature","properties":{},"geometry":{"type":"Polygon","coordinates":[[[54.378416,24.490798],[54.378346,24.490824],[54.378196,24.491],[54.378337,24.491099],[54.378407,24.491073],[54.378556,24.490897],[54.378416,24.490798]]]}},{"type":"Feature","properties":{},"geometry":{"type":"Polygon","coordinates":[[[54.3793,24.490926],[54.379345,24.490914],[54.379517,24.490718],[54.379368,24.490611],[54.379328,24.490626],[54.378993,24.491019],[54.379007,24.491028],[54.378975,24.49104],[54.378826,24.491211],[54.37895,24.491301],[54.378983,24.491289],[54.379133,24.491118],[54.379121,24.491109],[54.379154,24.491097],[54.3793,24.490926]]]}},{"type":"Feature","properties":{},"geometry":{"type":"Polygon","coordinates":[[[54.378201,24.491039],[54.378123,24.491068],[54.377978,24.491239],[54.378113,24.491334],[54.37819,24.491305],[54.378336,24.491134],[54.378201,24.491039]]]}},{"type":"Feature","properties":{},"geometry":{"type":"Polygon","coordinates":[[[54.37909,24.491245],[54.379023,24.491314],[54.37908,24.491353],[54.379147,24.491285],[54.37909,24.491245]]]}},{"type":"Feature","properties":{},"geometry":{"type":"Polygon","coordinates":[[[54.378833,24.49123],[54.378789,24.491246],[54.378632,24.491429],[54.378752,24.491515],[54.378797,24.491498],[54.378954,24.491315],[54.378833,24.49123]]]}},{"type":"Feature","properties":{},"geometry":{"type":"Polygon","coordinates":[[[54.377876,24.491389],[54.377693,24.491602],[54.377931,24.491772],[54.378008,24.491743],[54.378192,24.491529],[54.377954,24.49136],[54.377876,24.491389]]]}},{"type":"Feature","properties":{},"geometry":{"type":"Polygon","coordinates":[[[54.379371,24.491576],[54.379518,24.491403],[54.379397,24.491317],[54.379367,24.491328],[54.379225,24.491504],[54.379184,24.491519],[54.379026,24.491701],[54.379171,24.491804],[54.379215,24.491788],[54.379373,24.491607],[54.379344,24.491586],[54.379371,24.491576]]]}},{"type":"Feature","properties":{},"geometry":{"type":"Polygon","coordinates":[[[54.378494,24.491575],[54.378379,24.491717],[54.378637,24.49189],[54.378678,24.491875],[54.378792,24.491733],[54.378534,24.49156],[54.378494,24.491575]]]}},{"type":"Feature","properties":{},"geometry":{"type":"Polygon","coordinates":[[[54.378914,24.492028],[54.379001,24.491926],[54.378816,24.491796],[54.378786,24.491807],[54.378699,24.49191],[54.378884,24.492039],[54.378914,24.492028]]]}},{"type":"Feature","properties":{},"geometry":{"type":"Polygon","coordinates":[[[54.377826,24.492532],[54.377712,24.492661],[54.377962,24.492846],[54.378007,24.492829],[54.378121,24.492701],[54.377871,24.492515],[54.377826,24.492532]]]}},{"type":"Feature","properties":{},"geometry":{"type":"Polygon","coordinates":[[[54.378141,24.492959],[54.378026,24.493002],[54.37784,24.493209],[54.378049,24.493364],[54.378165,24.493321],[54.37835,24.493114],[54.378141,24.492959]]]}},{"type":"Feature","properties":{},"geometry":{"type":"Polygon","coordinates":[[[54.379194,24.493855],[54.379247,24.493892],[54.379228,24.493915],[54.379438,24.494066],[54.379541,24.494028],[54.379712,24.493834],[54.378641,24.493079],[54.378537,24.493117],[54.378362,24.493317],[54.37857,24.493467],[54.378605,24.493455],[54.378673,24.493499],[54.378654,24.493522],[54.378873,24.49367],[54.378907,24.493657],[54.37896,24.493691],[54.378941,24.493714],[54.37916,24.493868],[54.379194,24.493855]]]}},{"type":"Feature","properties":{},"geometry":{"type":"Polygon","coordinates":[[[54.378392,24.493408],[54.378378,24.493413],[54.378271,24.493534],[54.378334,24.49358],[54.378348,24.493575],[54.378455,24.493454],[54.378392,24.493408]]]}},{"type":"Feature","properties":{},"geometry":{"type":"Polygon","coordinates":[[[54.378254,24.493585],[54.37819,24.49365],[54.378254,24.493694],[54.378318,24.493629],[54.378254,24.493585]]]}},{"type":"Feature","properties":{},"geometry":{"type":"Polygon","coordinates":[[[54.378374,24.493584],[54.378326,24.493832],[54.378586,24.493866],[54.378629,24.493626],[54.378374,24.493584]]]}},{"type":"Feature","properties":{},"geometry":{"type":"Polygon","coordinates":[[[54.378155,24.49374],[54.378127,24.49378],[54.378188,24.493801],[54.378216,24.493761],[54.378155,24.49374]]]}},{"type":"Feature","properties":{},"geometry":{"type":"Polygon","coordinates":[[[54.378219,24.493992],[54.378006,24.493843],[54.377914,24.493878],[54.377711,24.494118],[54.377924,24.494267],[54.378016,24.494232],[54.378219,24.493992]]]}},{"type":"Feature","properties":{},"geometry":{"type":"Polygon","coordinates":[[[54.378863,24.493933],[54.378771,24.493967],[54.378595,24.494172],[54.378818,24.49433],[54.37891,24.494295],[54.379085,24.494091],[54.378863,24.493933]]]}},{"type":"Feature","properties":{},"geometry":{"type":"Polygon","coordinates":[[[54.378521,24.494211],[54.378311,24.49406],[54.37823,24.49409],[54.378121,24.494216],[54.37833,24.494367],[54.378411,24.494337],[54.378521,24.494211]]]}},{"type":"Feature","properties":{},"geometry":{"type":"Polygon","coordinates":[[[54.379042,24.494142],[54.378893,24.494338],[54.379124,24.494483],[54.379216,24.494449],[54.379365,24.494253],[54.379134,24.494108],[54.379042,24.494142]]]}},{"type":"Feature","properties":{},"geometry":{"type":"Polygon","coordinates":[[[54.378397,24.494371],[54.3786,24.494515],[54.378698,24.494478],[54.378808,24.494349],[54.378606,24.494205],[54.378508,24.494242],[54.378397,24.494371]]]}},{"type":"Feature","properties":{},"geometry":{"type":"Polygon","coordinates":[[[54.377962,24.494422],[54.377851,24.494548],[54.378044,24.494688],[54.378118,24.49466],[54.378228,24.494534],[54.378036,24.494394],[54.377962,24.494422]]]}},{"type":"Feature","properties":{},"geometry":{"type":"Polygon","coordinates":[[[54.378817,24.494482],[54.378719,24.494518],[54.378548,24.494717],[54.378759,24.494868],[54.378857,24.494832],[54.379029,24.494632],[54.378817,24.494482]]]}},{"type":"Feature","properties":{},"geometry":{"type":"Polygon","coordinates":[[[54.378362,24.494835],[54.378473,24.494709],[54.37828,24.49457],[54.378207,24.494597],[54.378096,24.494724],[54.378288,24.494863],[54.378362,24.494835]]]}},{"type":"Feature","properties":{},"geometry":{"type":"Polygon","coordinates":[[[54.378708,24.494858],[54.378634,24.494885],[54.37847,24.495076],[54.378613,24.495178],[54.378687,24.49515],[54.378851,24.49496],[54.378708,24.494858]]]}},{"type":"Feature","properties":{},"geometry":{"type":"Polygon","coordinates":[[[54.379304,24.495108],[54.379348,24.495091],[54.37951,24.494903],[54.379368,24.494802],[54.379313,24.494823],[54.379151,24.495011],[54.379174,24.495028],[54.379142,24.495039],[54.378984,24.49523],[54.379131,24.495331],[54.379171,24.495316],[54.379329,24.495125],[54.379304,24.495108]]]}},{"type":"Feature","properties":{},"geometry":{"type":"Polygon","coordinates":[[[54.377923,24.495357],[54.378029,24.495232],[54.377838,24.495097],[54.377797,24.495112],[54.377691,24.495237],[54.377883,24.495372],[54.377923,24.495357]]]}},{"type":"Feature","properties":{},"geometry":{"type":"Polygon","coordinates":[[[54.378501,24.495106],[54.378427,24.495133],[54.378264,24.495322],[54.378402,24.495421],[54.378475,24.495393],[54.378639,24.495205],[54.378501,24.495106]]]}},{"type":"Feature","properties":{},"geometry":{"type":"Polygon","coordinates":[[[54.378302,24.495359],[54.378243,24.495381],[54.3781,24.495559],[54.378228,24.495645],[54.378287,24.495623],[54.378431,24.495445],[54.378302,24.495359]]]}},{"type":"Feature","properties":{},"geometry":{"type":"Polygon","coordinates":[[[54.377965,24.495507],[54.377844,24.495552],[54.377586,24.495857],[54.377805,24.49601],[54.377926,24.495965],[54.378184,24.49566],[54.377965,24.495507]]]}},{"type":"Feature","properties":{},"geometry":{"type":"Polygon","coordinates":[[[54.37829,24.496269],[54.378405,24.496226],[54.378603,24.495984],[54.378792,24.496117],[54.378913,24.496072],[54.379047,24.495915],[54.378842,24.495769],[54.378721,24.495814],[54.3786,24.495955],[54.378401,24.495821],[54.378286,24.495864],[54.378074,24.496123],[54.37829,24.496269]]]}},{"type":"Feature","properties":{},"geometry":{"type":"Polygon","coordinates":[[[54.378895,24.496603],[54.379007,24.496464],[54.378744,24.496279],[54.378628,24.496322],[54.378512,24.496464],[54.37878,24.496646],[54.378895,24.496603]]]}},{"type":"Feature","properties":{},"geometry":{"type":"Polygon","coordinates":[[[54.378313,24.49726],[54.37842,24.497141],[54.378156,24.496946],[54.378104,24.496965],[54.377997,24.497084],[54.378262,24.497279],[54.378313,24.49726]]]}},{"type":"Feature","properties":{},"geometry":{"type":"Polygon","coordinates":[[[54.3786,24.497223],[54.378523,24.497251],[54.378246,24.497562],[54.378446,24.497709],[54.378523,24.49768],[54.3788,24.49737],[54.3786,24.497223]]]}},{"type":"Feature","properties":{},"geometry":{"type":"Polygon","coordinates":[[[54.377978,24.497351],[54.377872,24.49747],[54.378123,24.497656],[54.378168,24.497639],[54.378274,24.49752],[54.378023,24.497334],[54.377978,24.497351]]]}},{"type":"Feature","properties":{},"geometry":{"type":"Polygon","coordinates":[[[54.378198,24.497711],[54.378003,24.497929],[54.378121,24.498016],[54.378194,24.497989],[54.378389,24.49777],[54.378271,24.497684],[54.378198,24.497711]]]}},{"type":"Feature","properties":{},"geometry":{"type":"Polygon","coordinates":[[[54.378123,24.498043],[54.377929,24.498261],[54.378048,24.498344],[54.378096,24.498326],[54.378263,24.4981],[54.378171,24.498025],[54.378123,24.498043]]]}},{"type":"Feature","properties":{},"geometry":{"type":"Polygon","coordinates":[[[54.377939,24.498278],[54.377865,24.498305],[54.37769,24.498502],[54.377825,24.4986],[54.377898,24.498573],[54.378057,24.498368],[54.377939,24.498278]]]}},{"type":"Feature","properties":{},"geometry":{"type":"Polygon","coordinates":[[[54.37886,24.498546],[54.379043,24.498663],[54.379057,24.498658],[54.379131,24.498562],[54.378948,24.498445],[54.37886,24.498546]]]}},{"type":"Feature","properties":{},"geometry":{"type":"Polygon","coordinates":[[[54.378665,24.498661],[54.378683,24.498707],[54.378767,24.498679],[54.378748,24.498633],[54.378665,24.498661]]]}},{"type":"Feature","properties":{},"geometry":{"type":"Polygon","coordinates":[[[54.378741,24.498751],[54.378613,24.498878],[54.378715,24.498955],[54.378841,24.498827],[54.378741,24.498751]]]}},{"type":"Feature","properties":{},"geometry":{"type":"Polygon","coordinates":[[[54.378512,24.499099],[54.378557,24.499062],[54.378582,24.499082],[54.378595,24.499077],[54.378635,24.499036],[54.378544,24.498962],[54.37845,24.499048],[54.378512,24.499099]]]}},{"type":"Feature","properties":{},"geometry":{"type":"Polygon","coordinates":[[[54.377961,24.501167],[54.377858,24.501205],[54.377659,24.501417],[54.377872,24.501583],[54.377974,24.501545],[54.378174,24.501332],[54.377961,24.501167]]]}},{"type":"Feature","properties":{},"geometry":{"type":"Polygon","coordinates":[[[54.37789,24.501751],[54.37782,24.501777],[54.37762,24.50198],[54.377766,24.502099],[54.377836,24.502074],[54.378036,24.50187],[54.37789,24.501751]]]}},{"type":"Feature","properties":{},"geometry":{"type":"Polygon","coordinates":[[[54.377867,24.502736],[54.377954,24.502704],[54.378059,24.502581],[54.377914,24.502479],[54.377996,24.502449],[54.378186,24.502251],[54.378018,24.502117],[54.377931,24.502149],[54.37774,24.502347],[54.377855,24.502439],[54.377769,24.502471],[54.377664,24.502594],[54.377867,24.502736]]]}},{"type":"Feature","properties":{},"geometry":{"type":"Polygon","coordinates":[[[54.378741,24.508425],[54.378744,24.508528],[54.378867,24.508521],[54.378864,24.508417],[54.378741,24.508425]]]}},{"type":"Feature","properties":{},"geometry":{"type":"Polygon","coordinates":[[[54.378515,24.508575],[54.378517,24.508685],[54.378603,24.508678],[54.378601,24.508569],[54.378515,24.508575]]]}},{"type":"Feature","properties":{},"geometry":{"type":"Polygon","coordinates":[[[54.378591,24.509439],[54.377733,24.509734],[54.377934,24.510046],[54.378003,24.51002],[54.378717,24.509628],[54.378591,24.509439]]]}},{"type":"Feature","properties":{},"geometry":{"type":"Polygon","coordinates":[[[54.378733,24.510295],[54.37876,24.510335],[54.378806,24.510318],[54.379035,24.510192],[54.378775,24.509801],[54.3785,24.509945],[54.378591,24.510082],[54.378385,24.510188],[54.378275,24.510024],[54.378069,24.51013],[54.378321,24.510505],[54.378733,24.510295]]]}},{"type":"Feature","properties":{},"geometry":{"type":"Polygon","coordinates":[[[54.380285,24.479919],[54.38047,24.480056],[54.380579,24.479946],[54.380394,24.479808],[54.380285,24.479919]]]}},{"type":"Feature","properties":{},"geometry":{"type":"Polygon","coordinates":[[[54.380021,24.48021],[54.380042,24.480224],[54.379897,24.480398],[54.380055,24.480507],[54.380069,24.480502],[54.380219,24.480322],[54.380204,24.480312],[54.380228,24.480303],[54.380411,24.480083],[54.380249,24.479972],[54.380203,24.479989],[54.380102,24.480111],[54.380026,24.480057],[54.380012,24.480062],[54.379782,24.48033],[54.37986,24.480386],[54.380021,24.48021]]]}},{"type":"Feature","properties":{},"geometry":{"type":"Polygon","coordinates":[[[54.380512,24.480076],[54.380498,24.480081],[54.380259,24.480357],[54.380337,24.480413],[54.380351,24.480408],[54.38059,24.480132],[54.380512,24.480076]]]}},{"type":"Feature","properties":{},"geometry":{"type":"Polygon","coordinates":[[[54.379654,24.480425],[54.379927,24.48063],[54.379941,24.480625],[54.379999,24.480561],[54.379726,24.480356],[54.379654,24.480425]]]}},{"type":"Feature","properties":{},"geometry":{"type":"Polygon","coordinates":[[[54.380242,24.480395],[54.380229,24.4804],[54.379988,24.480679],[54.38006,24.480731],[54.380074,24.480726],[54.380315,24.480447],[54.380242,24.480395]]]}},{"type":"Feature","properties":{},"geometry":{"type":"Polygon","coordinates":[[[54.379641,24.480545],[54.379547,24.480656],[54.379524,24.48064],[54.379555,24.480604],[54.37945,24.480531],[54.379404,24.480548],[54.379162,24.480835],[54.379289,24.480924],[54.379335,24.480907],[54.379412,24.480816],[54.379434,24.480832],[54.379399,24.480873],[54.379521,24.480958],[54.379567,24.480941],[54.379832,24.480629],[54.379687,24.480528],[54.379641,24.480545]]]}},{"type":"Feature","properties":{},"geometry":{"type":"Polygon","coordinates":[[[54.380499,24.481038],[54.380533,24.481002],[54.380643,24.48108],[54.380657,24.481075],[54.380823,24.480878],[54.380663,24.480766],[54.380268,24.481203],[54.380428,24.481315],[54.380608,24.481113],[54.380499,24.481038]]]}},{"type":"Feature","properties":{},"geometry":{"type":"Polygon","coordinates":[[[54.379724,24.480881],[54.379677,24.480898],[54.379507,24.481086],[54.379741,24.481262],[54.379787,24.481244],[54.379958,24.481057],[54.379724,24.480881]]]}},{"type":"Feature","properties":{},"geometry":{"type":"Polygon","coordinates":[[[54.380637,24.481123],[54.380457,24.481325],[54.380618,24.481437],[54.380798,24.481235],[54.380637,24.481123]]]}},{"type":"Feature","properties":{},"geometry":{"type":"Polygon","coordinates":[[[54.380256,24.481232],[54.380076,24.481433],[54.380237,24.481545],[54.380417,24.481344],[54.380256,24.481232]]]}},{"type":"Feature","properties":{},"geometry":{"type":"Polygon","coordinates":[[[54.380435,24.481357],[54.380255,24.481558],[54.380415,24.481671],[54.380595,24.481469],[54.380435,24.481357]]]}},{"type":"Feature","properties":{},"geometry":{"type":"Polygon","coordinates":[[[54.380904,24.482067],[54.380942,24.482053],[54.38092,24.482078],[54.381162,24.482253],[54.381189,24.482242],[54.381173,24.482261],[54.381416,24.482435],[54.381462,24.482418],[54.381633,24.482211],[54.381673,24.482196],[54.381797,24.482058],[54.381556,24.48188],[54.381522,24.481893],[54.381538,24.481875],[54.381297,24.481697],[54.381251,24.481714],[54.381127,24.481853],[54.381136,24.48186],[54.381104,24.481872],[54.381126,24.481847],[54.380883,24.481672],[54.380856,24.481682],[54.380873,24.481663],[54.38063,24.481489],[54.380584,24.481506],[54.380408,24.481709],[54.38065,24.481884],[54.380677,24.481874],[54.380661,24.481892],[54.380904,24.482067]],[[54.381394,24.482042],[54.381368,24.482051],[54.381377,24.482027],[54.381402,24.482018],[54.381394,24.482042]]]}},{"type":"Feature","properties":{},"geometry":{"type":"Polygon","coordinates":[[[54.379725,24.481675],[54.379645,24.481758],[54.379748,24.48183],[54.379828,24.481747],[54.379725,24.481675]]]}},{"type":"Feature","properties":{},"geometry":{"type":"Polygon","coordinates":[[[54.380002,24.482368],[54.380052,24.482405],[54.380215,24.48223],[54.380165,24.482194],[54.380002,24.482368]]]}},{"type":"Feature","properties":{},"geometry":{"type":"Polygon","coordinates":[[[54.380286,24.482582],[54.380367,24.482643],[54.380463,24.482548],[54.380286,24.482414],[54.380273,24.48242],[54.380092,24.482618],[54.380182,24.482686],[54.380286,24.482582]]]}},{"type":"Feature","properties":{},"geometry":{"type":"Polygon","coordinates":[[[54.379865,24.482592],[54.379647,24.482854],[54.379836,24.482985],[54.379869,24.482973],[54.380007,24.483068],[54.380149,24.482909],[54.380056,24.482845],[54.380146,24.482737],[54.379911,24.482575],[54.379865,24.482592]]]}},{"type":"Feature","properties":{},"geometry":{"type":"Polygon","coordinates":[[[54.380861,24.483221],[54.380884,24.483195],[54.380948,24.483178],[54.380964,24.483189],[54.381033,24.483163],[54.381063,24.483127],[54.381127,24.483103],[54.381221,24.482991],[54.381104,24.482909],[54.381074,24.482921],[54.380654,24.482628],[54.380585,24.482654],[54.380499,24.482756],[54.380543,24.482787],[54.380491,24.482849],[54.380533,24.482879],[54.38045,24.482977],[54.380359,24.482914],[54.380394,24.482872],[54.380332,24.482828],[54.380263,24.482854],[54.379985,24.483183],[54.380761,24.483724],[54.38083,24.483699],[54.381095,24.483384],[54.380861,24.483221]],[[54.380369,24.483043],[54.380256,24.483179],[54.380177,24.483125],[54.38029,24.482989],[54.380369,24.483043]],[[54.380906,24.483083],[54.380642,24.483397],[54.38039,24.483222],[54.380654,24.482907],[54.380906,24.483083]],[[54.380889,24.48341],[54.380772,24.483552],[54.380711,24.48351],[54.380829,24.483368],[54.380889,24.48341]]]}},{"type":"Feature","properties":{},"geometry":{"type":"Polygon","coordinates":[[[54.380189,24.483713],[54.380574,24.483977],[54.380588,24.483971],[54.380653,24.483893],[54.380273,24.483625],[54.380189,24.483713]]]}},{"type":"Feature","properties":{},"geometry":{"type":"Polygon","coordinates":[[[54.379854,24.484],[54.379658,24.484228],[54.380129,24.484562],[54.380175,24.484545],[54.380371,24.484317],[54.3799,24.483983],[54.379854,24.484]],[[54.379821,24.484201],[54.37989,24.484119],[54.380217,24.484347],[54.380148,24.484429],[54.379821,24.484201]]]}},{"type":"Feature","properties":{},"geometry":{"type":"Polygon","coordinates":[[[54.379455,24.484439],[54.379361,24.484541],[54.379473,24.484616],[54.379566,24.484514],[54.379455,24.484439]]]}},{"type":"Feature","properties":{},"geometry":{"type":"Polygon","coordinates":[[[54.380385,24.484852],[54.380272,24.484767],[54.380212,24.484823],[54.380325,24.484908],[54.380385,24.484852]]]}},{"type":"Feature","properties":{},"geometry":{"type":"Polygon","coordinates":[[[54.380403,24.48495],[54.380538,24.485047],[54.380618,24.484966],[54.380484,24.484868],[54.380403,24.48495]]]}},{"type":"Feature","properties":{},"geometry":{"type":"Polygon","coordinates":[[[54.380516,24.485087],[54.380209,24.48486],[54.38018,24.484871],[54.379987,24.48508],[54.379988,24.485107],[54.380019,24.485134],[54.38008,24.485124],[54.380068,24.485142],[54.380144,24.485217],[54.380289,24.485324],[54.380319,24.485313],[54.380516,24.485087]]]}},{"type":"Feature","properties":{},"geometry":{"type":"Polygon","coordinates":[[[54.37941,24.485193],[54.379388,24.485201],[54.379286,24.485322],[54.379461,24.485445],[54.379483,24.485436],[54.379585,24.485315],[54.37941,24.485193]]]}},{"type":"Feature","properties":{},"geometry":{"type":"Polygon","coordinates":[[[54.379655,24.48535],[54.379629,24.48536],[54.379524,24.485484],[54.379704,24.48561],[54.37973,24.485601],[54.379835,24.485477],[54.379655,24.48535]]]}},{"type":"Feature","properties":{},"geometry":{"type":"Polygon","coordinates":[[[54.379864,24.485497],[54.379838,24.485506],[54.379721,24.48564],[54.37991,24.485777],[54.379936,24.485767],[54.380053,24.485633],[54.379864,24.485497]]]}},{"type":"Feature","properties":{},"geometry":{"type":"Polygon","coordinates":[[[54.380077,24.485651],[54.379945,24.485787],[54.380123,24.485919],[54.380255,24.485783],[54.380077,24.485651]]]}},{"type":"Feature","properties":{},"geometry":{"type":"Polygon","coordinates":[[[54.38025,24.485817],[54.380154,24.485925],[54.380332,24.486055],[54.380358,24.486046],[54.380454,24.485938],[54.380275,24.485807],[54.38025,24.485817]]]}},{"type":"Feature","properties":{},"geometry":{"type":"Polygon","coordinates":[[[54.380746,24.486341],[54.380877,24.486206],[54.380689,24.486067],[54.380588,24.486169],[54.380677,24.486066],[54.380496,24.485937],[54.38037,24.486072],[54.380746,24.486341]]]}},{"type":"Feature","properties":{},"geometry":{"type":"Polygon","coordinates":[[[54.37952,24.486663],[54.379563,24.486684],[54.379614,24.486619],[54.379571,24.486597],[54.37952,24.486663]]]}},{"type":"Feature","properties":{},"geometry":{"type":"Polygon","coordinates":[[[54.379502,24.486902],[54.379666,24.487032],[54.37977,24.486934],[54.379606,24.486803],[54.379502,24.486902]]]}},{"type":"Feature","properties":{},"geometry":{"type":"Polygon","coordinates":[[[54.379948,24.486866],[54.379913,24.486904],[54.379949,24.486923],[54.379971,24.486905],[54.380006,24.486924],[54.379985,24.486957],[54.380041,24.486986],[54.380082,24.486937],[54.379948,24.486866]]]}},{"type":"Feature","properties":{},"geometry":{"type":"Polygon","coordinates":[[[54.380019,24.486986],[54.379913,24.486908],[54.379899,24.486913],[54.379865,24.486951],[54.379971,24.48703],[54.380019,24.486986]]]}},{"type":"Feature","properties":{},"geometry":{"type":"Polygon","coordinates":[[[54.379954,24.487063],[54.37985,24.486984],[54.3798,24.487028],[54.379874,24.487084],[54.3798,24.487038],[54.379755,24.487084],[54.379871,24.487157],[54.379954,24.487063]]]}},{"type":"Feature","properties":{},"geometry":{"type":"Polygon","coordinates":[[[54.379516,24.487168],[54.379475,24.487211],[54.379509,24.48723],[54.37955,24.487187],[54.379516,24.487168]]]}},{"type":"Feature","properties":{},"geometry":{"type":"Polygon","coordinates":[[[54.380484,24.488531],[54.38047,24.488522],[54.380497,24.488512],[54.380654,24.488314],[54.380646,24.488308],[54.38082,24.488104],[54.380677,24.488008],[54.380652,24.488018],[54.380489,24.488218],[54.380457,24.48823],[54.380121,24.488622],[54.380284,24.488734],[54.380328,24.488718],[54.380484,24.488531]]]}},{"type":"Feature","properties":{},"geometry":{"type":"Polygon","coordinates":[[[54.38033,24.489195],[54.38037,24.48918],[54.380481,24.489049],[54.380273,24.488905],[54.380237,24.488918],[54.380176,24.48887],[54.380112,24.488936],[54.380185,24.488977],[54.380123,24.489051],[54.38033,24.489195]]]}},{"type":"Feature","properties":{},"geometry":{"type":"Polygon","coordinates":[[[54.37985,24.488987],[54.379806,24.489004],[54.379643,24.489184],[54.379793,24.489296],[54.379837,24.489279],[54.38,24.489099],[54.37985,24.488987]]]}},{"type":"Feature","properties":{},"geometry":{"type":"Polygon","coordinates":[[[54.380115,24.489546],[54.380216,24.489427],[54.380008,24.48928],[54.379982,24.48929],[54.379881,24.489409],[54.380089,24.489556],[54.380115,24.489546]]]}},{"type":"Feature","properties":{},"geometry":{"type":"Polygon","coordinates":[[[54.380659,24.489696],[54.380458,24.489547],[54.380413,24.489566],[54.380237,24.489437],[54.380211,24.489447],[54.380117,24.489554],[54.380296,24.489685],[54.380313,24.489678],[54.380296,24.489697],[54.380498,24.489847],[54.380539,24.489831],[54.380659,24.489696]]]}},{"type":"Feature","properties":{},"geometry":{"type":"Polygon","coordinates":[[[54.379385,24.489702],[54.379319,24.489727],[54.379114,24.489969],[54.379377,24.490154],[54.379444,24.490129],[54.379649,24.489887],[54.379385,24.489702]]]}},{"type":"Feature","properties":{},"geometry":{"type":"Polygon","coordinates":[[[54.379847,24.490032],[54.37981,24.490046],[54.379644,24.490242],[54.379761,24.490323],[54.379798,24.49031],[54.379963,24.490114],[54.379847,24.490032]]]}},{"type":"Feature","properties":{},"geometry":{"type":"Polygon","coordinates":[[[54.380217,24.49031],[54.380051,24.490506],[54.380167,24.490587],[54.3802,24.490575],[54.380366,24.490379],[54.38025,24.490298],[54.380217,24.49031]]]}},{"type":"Feature","properties":{},"geometry":{"type":"Polygon","coordinates":[[[54.37985,24.490493],[54.379653,24.490355],[54.37962,24.490367],[54.379517,24.490489],[54.379714,24.490627],[54.379747,24.490615],[54.37985,24.490493]]]}},{"type":"Feature","properties":{},"geometry":{"type":"Polygon","coordinates":[[[54.379852,24.490548],[54.379739,24.490683],[54.380023,24.490879],[54.380071,24.490861],[54.380184,24.490727],[54.3799,24.49053],[54.379852,24.490548]]]}},{"type":"Feature","properties":{},"geometry":{"type":"Polygon","coordinates":[[[54.379529,24.490948],[54.379461,24.491018],[54.379517,24.491056],[54.379584,24.490987],[54.379529,24.490948]]]}},{"type":"Feature","properties":{},"geometry":{"type":"Polygon","coordinates":[[[54.379505,24.491386],[54.379534,24.491376],[54.379684,24.491204],[54.379671,24.491194],[54.379697,24.491185],[54.379847,24.491013],[54.37973,24.490928],[54.379697,24.49094],[54.379547,24.491112],[54.37956,24.491121],[54.379537,24.49113],[54.379387,24.491301],[54.379505,24.491386]]]}},{"type":"Feature","properties":{},"geometry":{"type":"Polygon","coordinates":[[[54.380041,24.491181],[54.38,24.491196],[54.37983,24.491391],[54.379968,24.491491],[54.380008,24.491476],[54.380179,24.491281],[54.380041,24.491181]]]}},{"type":"Feature","properties":{},"geometry":{"type":"Polygon","coordinates":[[[54.379818,24.491429],[54.379777,24.491444],[54.379611,24.491634],[54.379747,24.491732],[54.379788,24.491717],[54.379954,24.491528],[54.379818,24.491429]]]}},{"type":"Feature","properties":{},"geometry":{"type":"Polygon","coordinates":[[[54.37997,24.49187],[54.38028,24.491921],[54.380206,24.491999],[54.380158,24.491963],[54.380122,24.491993],[54.38029,24.492117],[54.3804,24.492003],[54.380293,24.491924],[54.380386,24.491939],[54.380455,24.491914],[54.380467,24.491853],[54.380515,24.491835],[54.380551,24.491633],[54.380515,24.491631],[54.380532,24.491557],[54.380396,24.491446],[54.380135,24.49142],[54.380066,24.491446],[54.37997,24.49187]]]}},{"type":"Feature","properties":{},"geometry":{"type":"Polygon","coordinates":[[[54.37991,24.491666],[54.379819,24.491758],[54.379887,24.491807],[54.379977,24.491715],[54.37991,24.491666]]]}},{"type":"Feature","properties":{},"geometry":{"type":"Polygon","coordinates":[[[54.379505,24.492084],[54.380014,24.492454],[54.380029,24.492449],[54.380124,24.49234],[54.379615,24.49197],[54.379505,24.492084]]]}},{"type":"Feature","properties":{},"geometry":{"type":"Polygon","coordinates":[[[54.380634,24.492679],[54.381183,24.492023],[54.380737,24.491713],[54.38043,24.492073],[54.380392,24.492087],[54.380141,24.492386],[54.380276,24.49248],[54.380263,24.492495],[54.380564,24.492704],[54.380634,24.492679]]]}},{"type":"Feature","properties":{},"geometry":{"type":"Polygon","coordinates":[[[54.379355,24.492207],[54.379264,24.492317],[54.379452,24.492446],[54.379481,24.492435],[54.379573,24.492326],[54.379385,24.492196],[54.379355,24.492207]]]}},{"type":"Feature","properties":{},"geometry":{"type":"Polygon","coordinates":[[[54.379572,24.492359],[54.379485,24.492463],[54.379684,24.4926],[54.379713,24.492589],[54.3798,24.492485],[54.379602,24.492348],[54.379572,24.492359]]]}},{"type":"Feature","properties":{},"geometry":{"type":"Polygon","coordinates":[[[54.380019,24.492639],[54.379824,24.492505],[54.379787,24.492518],[54.379702,24.492619],[54.379897,24.492754],[54.379934,24.49274],[54.380019,24.492639]]]}},{"type":"Feature","properties":{},"geometry":{"type":"Polygon","coordinates":[[[54.37992,24.492771],[54.38011,24.492902],[54.380143,24.492889],[54.380229,24.492787],[54.380039,24.492656],[54.380006,24.492668],[54.37992,24.492771]]]}},{"type":"Feature","properties":{},"geometry":{"type":"Polygon","coordinates":[[[54.380361,24.493057],[54.380451,24.492949],[54.380251,24.492811],[54.380218,24.492823],[54.380128,24.492931],[54.380328,24.493069],[54.380361,24.493057]]]}},{"type":"Feature","properties":{},"geometry":{"type":"Polygon","coordinates":[[[54.3798,24.494163],[54.379755,24.49418],[54.379582,24.494379],[54.379788,24.494529],[54.379833,24.494512],[54.380006,24.494312],[54.3798,24.494163]]]}},{"type":"Feature","properties":{},"geometry":{"type":"Polygon","coordinates":[[[54.380487,24.494377],[54.380234,24.494196],[54.380142,24.49423],[54.380025,24.494365],[54.380279,24.494546],[54.380371,24.494512],[54.380487,24.494377]]]}},{"type":"Feature","properties":{},"geometry":{"type":"Polygon","coordinates":[[[54.37981,24.49457],[54.379707,24.494608],[54.379549,24.49479],[54.37976,24.494942],[54.379864,24.494903],[54.380022,24.494722],[54.37981,24.49457]]]}},{"type":"Feature","properties":{},"geometry":{"type":"Polygon","coordinates":[[[54.380024,24.494735],[54.38001,24.494741],[54.379951,24.494813],[54.380003,24.494849],[54.379945,24.494871],[54.379807,24.495014],[54.380072,24.495199],[54.38017,24.495162],[54.380296,24.495013],[54.380043,24.494834],[54.380017,24.494844],[54.380077,24.494773],[54.380024,24.494735]]]}},{"type":"Feature","properties":{},"geometry":{"type":"Polygon","coordinates":[[[54.380481,24.495268],[54.380596,24.495225],[54.380798,24.494986],[54.380594,24.494844],[54.380479,24.494887],[54.380277,24.495125],[54.380325,24.495159],[54.380289,24.495203],[54.380334,24.495235],[54.380376,24.495194],[54.380481,24.495268]]]}},{"type":"Feature","properties":{},"geometry":{"type":"Polygon","coordinates":[[[54.379785,24.495095],[54.379693,24.495129],[54.379531,24.495318],[54.379673,24.495418],[54.379765,24.495384],[54.379927,24.495196],[54.379785,24.495095]]]}},{"type":"Feature","properties":{},"geometry":{"type":"Polygon","coordinates":[[[54.379889,24.495862],[54.379705,24.496085],[54.379723,24.496098],[54.379529,24.496325],[54.379662,24.496416],[54.379578,24.496447],[54.379383,24.49667],[54.379528,24.496775],[54.379632,24.496736],[54.379827,24.496513],[54.379691,24.496415],[54.37974,24.496396],[54.379924,24.496173],[54.379905,24.49616],[54.379957,24.496141],[54.380348,24.495671],[54.380314,24.495647],[54.380389,24.495619],[54.380568,24.495408],[54.38063,24.495452],[54.380745,24.495409],[54.380931,24.495189],[54.3808,24.495098],[54.380685,24.495141],[54.380518,24.495339],[54.380439,24.495284],[54.380324,24.495327],[54.380127,24.495559],[54.380183,24.495598],[54.38013,24.495618],[54.379945,24.495841],[54.379889,24.495862]]]}},{"type":"Feature","properties":{},"geometry":{"type":"Polygon","coordinates":[[[54.379131,24.495782],[54.37927,24.495881],[54.379374,24.495842],[54.379508,24.495675],[54.379491,24.495664],[54.379542,24.495645],[54.379703,24.495443],[54.379556,24.495346],[54.379446,24.495387],[54.379285,24.495589],[54.379311,24.495605],[54.379265,24.495622],[54.379131,24.495782]]]}},{"type":"Feature","properties":{},"geometry":{"type":"Polygon","coordinates":[[[54.379104,24.495967],[54.37894,24.496166],[54.379206,24.496347],[54.379252,24.49633],[54.379416,24.496131],[54.37915,24.49595],[54.379104,24.495967]]]}},{"type":"Feature","properties":{},"geometry":{"type":"Polygon","coordinates":[[[54.380053,24.496338],[54.380002,24.496399],[54.380029,24.496404],[54.38008,24.496342],[54.380053,24.496338]]]}},{"type":"Feature","properties":{},"geometry":{"type":"Polygon","coordinates":[[[54.379501,24.496321],[54.379425,24.496378],[54.379464,24.496417],[54.37954,24.49636],[54.379501,24.496321]]]}},{"type":"Feature","properties":{},"geometry":{"type":"Polygon","coordinates":[[[54.379501,24.496507],[54.37929,24.49636],[54.379175,24.496403],[54.378999,24.496612],[54.37921,24.496759],[54.379325,24.496717],[54.379501,24.496507]]]}},{"type":"Feature","properties":{},"geometry":{"type":"Polygon","coordinates":[[[54.379415,24.498117],[54.379369,24.498134],[54.379207,24.498319],[54.379443,24.498489],[54.379489,24.498472],[54.37965,24.498288],[54.379415,24.498117]]]}},{"type":"Feature","properties":{},"geometry":{"type":"Polygon","coordinates":[[[54.379405,24.498736],[54.37919,24.498593],[54.379066,24.498735],[54.379282,24.498878],[54.379405,24.498736]]]}},{"type":"Feature","properties":{},"geometry":{"type":"Polygon","coordinates":[[[54.380392,24.499377],[54.380495,24.499243],[54.380252,24.499089],[54.380269,24.499068],[54.38019,24.499018],[54.380144,24.499035],[54.380037,24.499176],[54.380013,24.49916],[54.379967,24.499178],[54.379908,24.499254],[54.379928,24.499267],[54.379973,24.49925],[54.379938,24.499295],[54.380277,24.49951],[54.380323,24.499493],[54.380365,24.499437],[54.380274,24.49938],[54.38029,24.499359],[54.380345,24.499394],[54.380392,24.499377]]]}},{"type":"Feature","properties":{},"geometry":{"type":"Polygon","coordinates":[[[54.379475,24.507593],[54.379716,24.50759],[54.379762,24.507573],[54.379757,24.507281],[54.379536,24.507284],[54.37949,24.507301],[54.379491,24.507406],[54.379472,24.507413],[54.379475,24.507593]]]}},{"type":"Feature","properties":{},"geometry":{"type":"Polygon","coordinates":[[[54.379326,24.507552],[54.379402,24.507547],[54.379401,24.507332],[54.379284,24.507338],[54.379285,24.507457],[54.379326,24.507457],[54.379326,24.507552]]]}},{"type":"Feature","properties":{},"geometry":{"type":"Polygon","coordinates":[[[54.380178,24.509563],[54.379918,24.509156],[54.37962,24.509298],[54.379896,24.509708],[54.380178,24.509563]]]}},{"type":"Feature","properties":{},"geometry":{"type":"Polygon","coordinates":[[[54.379535,24.509383],[54.378826,24.50975],[54.378932,24.509915],[54.379641,24.509548],[54.379535,24.509383]]]}},{"type":"Feature","properties":{},"geometry":{"type":"Polygon","coordinates":[[[54.379725,24.509683],[54.379031,24.510045],[54.379099,24.51015],[54.379792,24.509788],[54.379725,24.509683]]]}},{"type":"Feature","properties":{},"geometry":{"type":"Polygon","coordinates":[[[54.380021,24.511881],[54.379535,24.512357],[54.379653,24.512439],[54.380141,24.511968],[54.380021,24.511881]]]}},{"type":"Feature","properties":{},"geometry":{"type":"Polygon","coordinates":[[[54.381497,24.47971],[54.381451,24.479727],[54.381279,24.479916],[54.381459,24.480051],[54.381504,24.480034],[54.381478,24.480063],[54.381657,24.480198],[54.381703,24.480181],[54.381875,24.479991],[54.381696,24.479856],[54.381651,24.479873],[54.381677,24.479845],[54.381497,24.47971]]]}},{"type":"Feature","properties":{},"geometry":{"type":"Polygon","coordinates":[[[54.381239,24.479978],[54.381067,24.480167],[54.381246,24.480302],[54.381273,24.480292],[54.381452,24.480427],[54.381498,24.48041],[54.38167,24.480221],[54.38149,24.480086],[54.381464,24.480096],[54.381285,24.479961],[54.381239,24.479978]]]}},{"type":"Feature","properties":{},"geometry":{"type":"Polygon","coordinates":[[[54.381914,24.480716],[54.382069,24.480516],[54.3817,24.480241],[54.381654,24.480258],[54.381471,24.480469],[54.381867,24.480733],[54.381914,24.480716]]]}},{"type":"Feature","properties":{},"geometry":{"type":"Polygon","coordinates":[[[54.380843,24.4805],[54.380663,24.480702],[54.380823,24.480814],[54.381003,24.480613],[54.380843,24.4805]]]}},{"type":"Feature","properties":{},"geometry":{"type":"Polygon","coordinates":[[[54.381063,24.480649],[54.380883,24.48085],[54.381044,24.480962],[54.381223,24.480761],[54.381063,24.480649]]]}},{"type":"Feature","properties":{},"geometry":{"type":"Polygon","coordinates":[[[54.381862,24.481475],[54.381795,24.481555],[54.382031,24.481717],[54.382077,24.4817],[54.382265,24.481485],[54.382027,24.481316],[54.381989,24.481331],[54.382012,24.481305],[54.381774,24.481136],[54.381739,24.481149],[54.381764,24.48112],[54.381527,24.480951],[54.381487,24.480966],[54.381503,24.480947],[54.381265,24.480779],[54.381219,24.480796],[54.381033,24.481017],[54.381269,24.48118],[54.381315,24.481162],[54.381379,24.481089],[54.381295,24.481189],[54.38153,24.481352],[54.381575,24.481335],[54.381542,24.481374],[54.381778,24.481537],[54.381824,24.481519],[54.381862,24.481475]]]}},{"type":"Feature","properties":{},"geometry":{"type":"Polygon","coordinates":[[[54.380862,24.480913],[54.380682,24.481114],[54.380843,24.481226],[54.381022,24.481025],[54.380862,24.480913]]]}},{"type":"Feature","properties":{},"geometry":{"type":"Polygon","coordinates":[[[54.381127,24.481259],[54.381077,24.481335],[54.381168,24.481373],[54.381218,24.481298],[54.381127,24.481259]]]}},{"type":"Feature","properties":{},"geometry":{"type":"Polygon","coordinates":[[[54.381646,24.481715],[54.381522,24.481854],[54.381763,24.482032],[54.381809,24.482015],[54.381933,24.481876],[54.381693,24.481698],[54.381646,24.481715]]]}},{"type":"Feature","properties":{},"geometry":{"type":"Polygon","coordinates":[[[54.382138,24.482502],[54.382324,24.482283],[54.382315,24.482277],[54.382518,24.482051],[54.382508,24.482044],[54.382546,24.48203],[54.382733,24.481811],[54.382497,24.481645],[54.382451,24.481662],[54.382264,24.481881],[54.382274,24.481888],[54.382236,24.481902],[54.38205,24.482121],[54.382059,24.482128],[54.381856,24.482353],[54.381879,24.482369],[54.381841,24.482383],[54.381655,24.482601],[54.381891,24.482768],[54.381937,24.482751],[54.382123,24.482532],[54.3821,24.482516],[54.382138,24.482502]]]}},{"type":"Feature","properties":{},"geometry":{"type":"Polygon","coordinates":[[[54.381745,24.483323],[54.381693,24.483287],[54.381725,24.48325],[54.381363,24.483006],[54.381349,24.483011],[54.3813,24.483071],[54.381399,24.483137],[54.381377,24.483165],[54.38156,24.483287],[54.381574,24.483282],[54.381608,24.48324],[54.381611,24.483242],[54.381528,24.483339],[54.381651,24.483424],[54.381745,24.483323]]]}},{"type":"Feature","properties":{},"geometry":{"type":"Polygon","coordinates":[[[54.381653,24.483452],[54.381597,24.483512],[54.381667,24.483558],[54.381724,24.483499],[54.381653,24.483452]]]}},{"type":"Feature","properties":{},"geometry":{"type":"Polygon","coordinates":[[[54.382079,24.483554],[54.3818,24.483391],[54.381786,24.483396],[54.381736,24.483467],[54.382015,24.48363],[54.382079,24.483554]]]}},{"type":"Feature","properties":{},"geometry":{"type":"Polygon","coordinates":[[[54.381381,24.483434],[54.381283,24.483524],[54.38136,24.483586],[54.381457,24.483497],[54.381381,24.483434]]]}},{"type":"Feature","properties":{},"geometry":{"type":"Polygon","coordinates":[[[54.38146,24.484276],[54.381529,24.48425],[54.381533,24.484236],[54.381867,24.484451],[54.381923,24.48443],[54.381906,24.484451],[54.381972,24.484496],[54.381912,24.48457],[54.382024,24.484645],[54.38207,24.484628],[54.382291,24.484353],[54.382169,24.484271],[54.382063,24.484312],[54.382006,24.484383],[54.381963,24.48439],[54.382281,24.48398],[54.382157,24.483901],[54.382088,24.483926],[54.381864,24.484215],[54.381794,24.484198],[54.382024,24.483901],[54.38205,24.483814],[54.381717,24.4836],[54.381648,24.483626],[54.381638,24.48366],[54.381453,24.483511],[54.381332,24.483626],[54.381542,24.483795],[54.381407,24.483983],[54.381363,24.484069],[54.381456,24.484129],[54.381399,24.484151],[54.381357,24.48421],[54.38146,24.484276]],[[54.381647,24.48372],[54.381654,24.483725],[54.381652,24.483733],[54.381636,24.483731],[54.381647,24.48372]]]}},{"type":"Feature","properties":{},"geometry":{"type":"Polygon","coordinates":[[[54.380738,24.483973],[54.380669,24.484049],[54.380715,24.484081],[54.380788,24.484007],[54.380738,24.483973]]]}},{"type":"Feature","properties":{},"geometry":{"type":"Polygon","coordinates":[[[54.380414,24.48473],[54.380735,24.484708],[54.380781,24.484691],[54.380797,24.48466],[54.380673,24.484575],[54.380693,24.484546],[54.380577,24.484469],[54.380539,24.484483],[54.380451,24.484425],[54.380405,24.484442],[54.380383,24.484475],[54.380414,24.48473]]]}},{"type":"Feature","properties":{},"geometry":{"type":"Polygon","coordinates":[[[54.381871,24.484722],[54.38195,24.484783],[54.382015,24.484722],[54.381936,24.484661],[54.381871,24.484722]]]}},{"type":"Feature","properties":{},"geometry":{"type":"Polygon","coordinates":[[[54.380838,24.485212],[54.380923,24.485271],[54.380969,24.485254],[54.381299,24.484858],[54.381158,24.48476],[54.381112,24.484777],[54.380798,24.485153],[54.380854,24.485192],[54.380838,24.485212]]]}},{"type":"Feature","properties":{},"geometry":{"type":"Polygon","coordinates":[[[54.381039,24.485257],[54.381111,24.48535],[54.381194,24.4853],[54.381123,24.485207],[54.381039,24.485257]]]}},{"type":"Feature","properties":{},"geometry":{"type":"Polygon","coordinates":[[[54.381937,24.485212],[54.381768,24.485393],[54.381912,24.485498],[54.382081,24.485317],[54.381937,24.485212]]]}},{"type":"Feature","properties":{},"geometry":{"type":"Polygon","coordinates":[[[54.381776,24.485422],[54.381613,24.485593],[54.381747,24.485693],[54.38191,24.485521],[54.381776,24.485422]]]}},{"type":"Feature","properties":{},"geometry":{"type":"Polygon","coordinates":[[[54.380777,24.485542],[54.380749,24.485702],[54.380945,24.485723],[54.380973,24.485564],[54.380777,24.485542]]]}},{"type":"Feature","properties":{},"geometry":{"type":"Polygon","coordinates":[[[54.381613,24.485615],[54.38145,24.485792],[54.381588,24.485891],[54.381751,24.485714],[54.381613,24.485615]]]}},{"type":"Feature","properties":{},"geometry":{"type":"Polygon","coordinates":[[[54.380976,24.485853],[54.381032,24.485895],[54.381096,24.485835],[54.38104,24.485793],[54.380976,24.485853]]]}},{"type":"Feature","properties":{},"geometry":{"type":"Polygon","coordinates":[[[54.38128,24.48598],[54.38142,24.486081],[54.381587,24.485901],[54.381446,24.4858],[54.38128,24.48598]]]}},{"type":"Feature","properties":{},"geometry":{"type":"Polygon","coordinates":[[[54.381285,24.485993],[54.381114,24.486177],[54.381254,24.486278],[54.381425,24.486095],[54.381285,24.485993]]]}},{"type":"Feature","properties":{},"geometry":{"type":"Polygon","coordinates":[[[54.381443,24.48752],[54.381345,24.487636],[54.381533,24.487766],[54.381558,24.487756],[54.381656,24.48764],[54.381469,24.48751],[54.381443,24.48752]]]}},{"type":"Feature","properties":{},"geometry":{"type":"Polygon","coordinates":[[[54.381016,24.487586],[54.380975,24.487601],[54.380814,24.487793],[54.380981,24.487909],[54.381022,24.487894],[54.381183,24.487701],[54.381016,24.487586]]]}},{"type":"Feature","properties":{},"geometry":{"type":"Polygon","coordinates":[[[54.381299,24.488148],[54.381389,24.48804],[54.381192,24.487905],[54.381162,24.487916],[54.381073,24.488024],[54.38127,24.488159],[54.381299,24.488148]]]}},{"type":"Feature","properties":{},"geometry":{"type":"Polygon","coordinates":[[[54.381373,24.488069],[54.381282,24.488178],[54.381477,24.488313],[54.381514,24.488299],[54.381605,24.488191],[54.38141,24.488056],[54.381373,24.488069]]]}},{"type":"Feature","properties":{},"geometry":{"type":"Polygon","coordinates":[[[54.381713,24.488447],[54.381804,24.488345],[54.381622,24.48821],[54.381589,24.488223],[54.381497,24.488325],[54.38168,24.48846],[54.381713,24.488447]]]}},{"type":"Feature","properties":{},"geometry":{"type":"Polygon","coordinates":[[[54.381106,24.488431],[54.381089,24.488438],[54.381113,24.488411],[54.380898,24.488256],[54.380857,24.488271],[54.380748,24.488395],[54.380963,24.488551],[54.38099,24.488541],[54.38098,24.488553],[54.381165,24.488688],[54.381154,24.4887],[54.381361,24.488848],[54.381406,24.488831],[54.381524,24.488693],[54.381317,24.488546],[54.381281,24.488559],[54.381106,24.488431]]]}},{"type":"Feature","properties":{},"geometry":{"type":"Polygon","coordinates":[[[54.380619,24.488546],[54.380575,24.488563],[54.380456,24.488698],[54.380668,24.488853],[54.380712,24.488836],[54.380762,24.48878],[54.380699,24.488854],[54.380892,24.488988],[54.380925,24.488976],[54.381024,24.488858],[54.380832,24.488724],[54.380801,24.488735],[54.380831,24.488701],[54.380619,24.488546]]]}},{"type":"Feature","properties":{},"geometry":{"type":"Polygon","coordinates":[[[54.381479,24.489207],[54.3815,24.489199],[54.381646,24.489032],[54.381627,24.489019],[54.38166,24.489007],[54.381821,24.488827],[54.381684,24.488725],[54.381643,24.48874],[54.381482,24.488921],[54.381521,24.488949],[54.381494,24.488959],[54.381349,24.489126],[54.381358,24.489133],[54.381337,24.48914],[54.381171,24.489329],[54.381291,24.489416],[54.381324,24.489404],[54.38149,24.489216],[54.381479,24.489207]]]}},{"type":"Feature","properties":{},"geometry":{"type":"Polygon","coordinates":[[[54.381026,24.488881],[54.380923,24.488994],[54.381115,24.48914],[54.381144,24.489129],[54.381248,24.489016],[54.381055,24.48887],[54.381026,24.488881]]]}},{"type":"Feature","properties":{},"geometry":{"type":"Polygon","coordinates":[[[54.38054,24.489141],[54.380443,24.489253],[54.380604,24.489369],[54.38063,24.489359],[54.380727,24.489247],[54.380566,24.489131],[54.38054,24.489141]]]}},{"type":"Feature","properties":{},"geometry":{"type":"Polygon","coordinates":[[[54.381255,24.489978],[54.381381,24.490072],[54.381735,24.489688],[54.381894,24.489489],[54.382061,24.489309],[54.382094,24.489297],[54.382256,24.489107],[54.382136,24.489022],[54.382102,24.489034],[54.381942,24.489223],[54.381909,24.489231],[54.381255,24.489978]]]}},{"type":"Feature","properties":{},"geometry":{"type":"Polygon","coordinates":[[[54.380846,24.489514],[54.380944,24.489402],[54.38075,24.489262],[54.380724,24.489272],[54.380626,24.489385],[54.38082,24.489524],[54.380846,24.489514]]]}},{"type":"Feature","properties":{},"geometry":{"type":"Polygon","coordinates":[[[54.381254,24.489999],[54.3811,24.490167],[54.381212,24.490246],[54.381366,24.490078],[54.381254,24.489999]]]}},{"type":"Feature","properties":{},"geometry":{"type":"Polygon","coordinates":[[[54.381469,24.490495],[54.381562,24.490385],[54.381365,24.490246],[54.381339,24.490256],[54.381246,24.490366],[54.381443,24.490504],[54.381469,24.490495]]]}},{"type":"Feature","properties":{},"geometry":{"type":"Polygon","coordinates":[[[54.381567,24.490413],[54.381474,24.490523],[54.381671,24.490661],[54.381697,24.490652],[54.38179,24.490542],[54.381593,24.490403],[54.381567,24.490413]]]}},{"type":"Feature","properties":{},"geometry":{"type":"Polygon","coordinates":[[[54.381916,24.490833],[54.382009,24.490723],[54.381812,24.490585],[54.381778,24.490597],[54.381685,24.490707],[54.381883,24.490846],[54.381916,24.490833]]]}},{"type":"Feature","properties":{},"geometry":{"type":"Polygon","coordinates":[[[54.380733,24.490631],[54.3807,24.490643],[54.380518,24.490856],[54.380652,24.490951],[54.380685,24.490939],[54.380867,24.490726],[54.380733,24.490631]]]}},{"type":"Feature","properties":{},"geometry":{"type":"Polygon","coordinates":[[[54.380417,24.490958],[54.380317,24.491076],[54.380517,24.491216],[54.38055,24.491204],[54.38065,24.491086],[54.38045,24.490946],[54.380417,24.490958]]]}},{"type":"Feature","properties":{},"geometry":{"type":"Polygon","coordinates":[[[54.381646,24.49132],[54.381613,24.491332],[54.381431,24.491528],[54.381553,24.491622],[54.381587,24.49161],[54.381777,24.491408],[54.381646,24.49132]]]}},{"type":"Feature","properties":{},"geometry":{"type":"Polygon","coordinates":[[[54.380652,24.491134],[54.380542,24.491263],[54.381372,24.491851],[54.38142,24.491834],[54.38153,24.491705],[54.3807,24.491116],[54.380652,24.491134]]]}},{"type":"Feature","properties":{},"geometry":{"type":"Polygon","coordinates":[[[54.381557,24.492231],[54.381272,24.492578],[54.381392,24.492667],[54.381716,24.4923],[54.381594,24.492217],[54.381557,24.492231]]]}},{"type":"Feature","properties":{},"geometry":{"type":"Polygon","coordinates":[[[54.381718,24.492385],[54.381677,24.4924],[54.381561,24.492544],[54.381758,24.492676],[54.381798,24.492661],[54.381915,24.492518],[54.381718,24.492385]]]}},{"type":"Feature","properties":{},"geometry":{"type":"Polygon","coordinates":[[[54.381272,24.49259],[54.381239,24.492603],[54.381097,24.492762],[54.381218,24.492851],[54.381251,24.492838],[54.381392,24.492678],[54.381272,24.49259]]]}},{"type":"Feature","properties":{},"geometry":{"type":"Polygon","coordinates":[[[54.381109,24.492797],[54.381076,24.492809],[54.380922,24.492983],[54.381025,24.493059],[54.381058,24.493046],[54.381212,24.492872],[54.381109,24.492797]]]}},{"type":"Feature","properties":{},"geometry":{"type":"Polygon","coordinates":[[[54.381276,24.492859],[54.381185,24.492963],[54.381377,24.493104],[54.38141,24.493091],[54.381502,24.492988],[54.38131,24.492847],[54.381276,24.492859]]]}},{"type":"Feature","properties":{},"geometry":{"type":"Polygon","coordinates":[[[54.381487,24.493011],[54.381395,24.493114],[54.381587,24.493255],[54.38162,24.493243],[54.381712,24.493139],[54.38152,24.492998],[54.381487,24.493011]]]}},{"type":"Feature","properties":{},"geometry":{"type":"Polygon","coordinates":[[[54.380466,24.492991],[54.380354,24.493124],[54.380567,24.493271],[54.380607,24.493256],[54.380719,24.493122],[54.380506,24.492976],[54.380466,24.492991]]]}},{"type":"Feature","properties":{},"geometry":{"type":"Polygon","coordinates":[[[54.380754,24.493184],[54.380673,24.493282],[54.380908,24.493444],[54.380937,24.493433],[54.381019,24.493335],[54.380784,24.493173],[54.380754,24.493184]]]}},{"type":"Feature","properties":{},"geometry":{"type":"Polygon","coordinates":[[[54.381834,24.493303],[54.381863,24.493292],[54.382008,24.493128],[54.381898,24.493048],[54.381865,24.49306],[54.381534,24.493419],[54.381653,24.493506],[54.381683,24.493495],[54.381845,24.493311],[54.381834,24.493303]]]}},{"type":"Feature","properties":{},"geometry":{"type":"Polygon","coordinates":[[[54.381138,24.493597],[54.381228,24.493488],[54.381037,24.493356],[54.381,24.49337],[54.380909,24.493478],[54.381101,24.493611],[54.381138,24.493597]]]}},{"type":"Feature","properties":{},"geometry":{"type":"Polygon","coordinates":[[[54.381446,24.493847],[54.381563,24.493706],[54.381256,24.493494],[54.381212,24.49351],[54.381094,24.493651],[54.381402,24.493863],[54.381446,24.493847]]]}},{"type":"Feature","properties":{},"geometry":{"type":"Polygon","coordinates":[[[54.380565,24.49383],[54.380632,24.493877],[54.380646,24.493871],[54.380663,24.49385],[54.380595,24.493803],[54.380565,24.49383]]]}},{"type":"Feature","properties":{},"geometry":{"type":"Polygon","coordinates":[[[54.381627,24.493788],[54.381594,24.4938],[54.381431,24.493996],[54.381572,24.494094],[54.381605,24.494081],[54.381769,24.493886],[54.381627,24.493788]]]}},{"type":"Feature","properties":{},"geometry":{"type":"Polygon","coordinates":[[[54.380452,24.494452],[54.380336,24.494585],[54.380569,24.494754],[54.380678,24.494713],[54.380794,24.49458],[54.380561,24.494411],[54.380452,24.494452]]]}},{"type":"Feature","properties":{},"geometry":{"type":"Polygon","coordinates":[[[54.381308,24.495449],[54.381147,24.495648],[54.381362,24.495791],[54.381455,24.495757],[54.381615,24.495559],[54.3814,24.495415],[54.381308,24.495449]]]}},{"type":"Feature","properties":{},"geometry":{"type":"Polygon","coordinates":[[[54.381682,24.495626],[54.381589,24.495661],[54.381429,24.495859],[54.381644,24.496003],[54.381737,24.495968],[54.381897,24.49577],[54.381682,24.495626]]]}},{"type":"Feature","properties":{},"geometry":{"type":"Polygon","coordinates":[[[54.38146,24.495888],[54.381367,24.495922],[54.381207,24.496121],[54.381422,24.496264],[54.381515,24.49623],[54.381675,24.496032],[54.38146,24.495888]]]}},{"type":"Feature","properties":{},"geometry":{"type":"Polygon","coordinates":[[[54.38146,24.496299],[54.381244,24.496155],[54.381152,24.496189],[54.380992,24.496387],[54.381207,24.496531],[54.381299,24.496497],[54.38146,24.496299]]]}},{"type":"Feature","properties":{},"geometry":{"type":"Polygon","coordinates":[[[54.380931,24.496357],[54.380716,24.496213],[54.380624,24.496247],[54.380464,24.496445],[54.380679,24.496589],[54.380771,24.496555],[54.380931,24.496357]]]}},{"type":"Feature","properties":{},"geometry":{"type":"Polygon","coordinates":[[[54.381035,24.496416],[54.380942,24.496451],[54.380778,24.49665],[54.380981,24.496788],[54.381073,24.496754],[54.381237,24.496554],[54.381035,24.496416]]]}},{"type":"Feature","properties":{},"geometry":{"type":"Polygon","coordinates":[[[54.380932,24.496834],[54.380476,24.496518],[54.38006,24.497005],[54.380517,24.497321],[54.380932,24.496834]]]}},{"type":"Feature","properties":{},"geometry":{"type":"Polygon","coordinates":[[[54.38103,24.499625],[54.38122,24.4995],[54.381157,24.499399],[54.3811,24.499414],[54.381037,24.499295],[54.381459,24.49904],[54.381157,24.498601],[54.381299,24.498517],[54.381676,24.498666],[54.381665,24.498817],[54.38177,24.498981],[54.381927,24.498916],[54.381895,24.498638],[54.381815,24.498526],[54.381286,24.498381],[54.381081,24.498492],[54.381068,24.498473],[54.381039,24.498483],[54.380599,24.498756],[54.38072,24.498931],[54.380591,24.499013],[54.380459,24.499537],[54.38067,24.499585],[54.380699,24.499574],[54.380727,24.499495],[54.380761,24.499504],[54.380816,24.499614],[54.38103,24.499625]]]}},{"type":"Feature","properties":{},"geometry":{"type":"Polygon","coordinates":[[[54.381525,24.499426],[54.381479,24.499488],[54.381542,24.499518],[54.381588,24.499455],[54.381525,24.499426]]]}},{"type":"Feature","properties":{},"geometry":{"type":"Polygon","coordinates":[[[54.380763,24.511461],[54.380737,24.511526],[54.380794,24.511535],[54.38082,24.51147],[54.380763,24.511461]]]}},{"type":"Feature","properties":{},"geometry":{"type":"Polygon","coordinates":[[[54.380575,24.511574],[54.380709,24.511588],[54.380718,24.511544],[54.38068,24.511537],[54.380694,24.511467],[54.380733,24.511466],[54.380742,24.511423],[54.380608,24.511408],[54.380575,24.511574]]]}},{"type":"Feature","properties":{},"geometry":{"type":"Polygon","coordinates":[[[54.381318,24.512427],[54.380305,24.51159],[54.38023,24.511688],[54.381231,24.512513],[54.381318,24.512427]]]}},{"type":"Feature","properties":{},"geometry":{"type":"Polygon","coordinates":[[[54.382591,24.479691],[54.382545,24.479708],[54.382362,24.479911],[54.382597,24.480087],[54.382642,24.480071],[54.382621,24.480094],[54.382856,24.48027],[54.382902,24.480253],[54.383086,24.480049],[54.382851,24.479873],[54.382806,24.47989],[54.382827,24.479867],[54.382591,24.479691]]]}},{"type":"Feature","properties":{},"geometry":{"type":"Polygon","coordinates":[[[54.3822,24.479994],[54.382109,24.480093],[54.382192,24.480149],[54.382283,24.48005],[54.3822,24.479994]]]}},{"type":"Feature","properties":{},"geometry":{"type":"Polygon","coordinates":[[[54.383114,24.480081],[54.383068,24.480098],[54.382885,24.480301],[54.382913,24.480323],[54.38287,24.480339],[54.382686,24.480542],[54.382922,24.480718],[54.382968,24.480701],[54.383151,24.480498],[54.383123,24.480476],[54.383166,24.48046],[54.38335,24.480257],[54.383114,24.480081]]]}},{"type":"Feature","properties":{},"geometry":{"type":"Polygon","coordinates":[[[54.382491,24.480727],[54.382675,24.480523],[54.382662,24.480514],[54.38269,24.480504],[54.382873,24.4803],[54.382638,24.480124],[54.382592,24.480141],[54.382408,24.480345],[54.382421,24.480354],[54.382394,24.480364],[54.38221,24.480568],[54.382445,24.480744],[54.382491,24.480727]]]}},{"type":"Feature","properties":{},"geometry":{"type":"Polygon","coordinates":[[[54.382171,24.480702],[54.382168,24.480817],[54.382265,24.480813],[54.382268,24.480698],[54.382171,24.480702]]]}},{"type":"Feature","properties":{},"geometry":{"type":"Polygon","coordinates":[[[54.382515,24.480809],[54.382576,24.480855],[54.382257,24.480817],[54.382211,24.480834],[54.382184,24.481021],[54.382387,24.481044],[54.382382,24.481078],[54.382571,24.481101],[54.382617,24.481083],[54.382643,24.480905],[54.382723,24.480965],[54.382769,24.480948],[54.382953,24.480744],[54.382717,24.480568],[54.382671,24.480585],[54.382503,24.480772],[54.382459,24.480778],[54.382461,24.480819],[54.382515,24.480809]]]}},{"type":"Feature","properties":{},"geometry":{"type":"Polygon","coordinates":[[[54.382338,24.480733],[54.38234,24.480801],[54.382411,24.480794],[54.382409,24.480726],[54.382338,24.480733]]]}},{"type":"Feature","properties":{},"geometry":{"type":"Polygon","coordinates":[[[54.382103,24.480787],[54.382016,24.480874],[54.382104,24.480939],[54.382191,24.480852],[54.382103,24.480787]]]}},{"type":"Feature","properties":{},"geometry":{"type":"Polygon","coordinates":[[[54.383198,24.480832],[54.38307,24.480985],[54.383326,24.481162],[54.383372,24.481145],[54.3835,24.480992],[54.383244,24.480815],[54.383198,24.480832]]]}},{"type":"Feature","properties":{},"geometry":{"type":"Polygon","coordinates":[[[54.382952,24.481149],[54.382906,24.481166],[54.382753,24.48135],[54.382998,24.48152],[54.383033,24.481507],[54.383013,24.481531],[54.383258,24.4817],[54.383298,24.481686],[54.383278,24.481709],[54.383384,24.481782],[54.383363,24.481803],[54.38351,24.481924],[54.383546,24.481896],[54.383753,24.482039],[54.383689,24.482128],[54.383734,24.482154],[54.383748,24.482149],[54.38381,24.482061],[54.384055,24.48223],[54.384101,24.482213],[54.384254,24.482029],[54.384009,24.481859],[54.383984,24.481869],[54.383911,24.481809],[54.383956,24.48184],[54.384002,24.481823],[54.38419,24.481608],[54.384171,24.481594],[54.384217,24.481577],[54.384405,24.481362],[54.384385,24.481348],[54.38442,24.481335],[54.384608,24.48112],[54.384371,24.480951],[54.384324,24.480968],[54.384139,24.481189],[54.384152,24.481199],[54.384121,24.48121],[54.383935,24.481432],[54.383949,24.481441],[54.383906,24.481457],[54.383722,24.481677],[54.383478,24.481508],[54.383438,24.481523],[54.383458,24.481499],[54.383212,24.48133],[54.383178,24.481343],[54.383198,24.481319],[54.382952,24.481149]],[[54.38357,24.481861],[54.383697,24.48171],[54.383558,24.481878],[54.383548,24.48187],[54.38357,24.481861]],[[54.383722,24.481679],[54.383743,24.481693],[54.383697,24.48171],[54.383722,24.481679]],[[54.383814,24.482055],[54.383811,24.482058],[54.383809,24.482057],[54.383814,24.482055]]]}},{"type":"Feature","properties":{},"geometry":{"type":"Polygon","coordinates":[[[54.383069,24.482052],[54.382901,24.481932],[54.382854,24.481949],[54.382668,24.482168],[54.382825,24.482281],[54.382866,24.482266],[54.382846,24.482287],[54.383019,24.482406],[54.383065,24.482389],[54.38326,24.482179],[54.383087,24.482066],[54.383041,24.482083],[54.382978,24.482149],[54.383069,24.482052]]]}},{"type":"Feature","properties":{},"geometry":{"type":"Polygon","coordinates":[[[54.382843,24.482703],[54.382674,24.482902],[54.382443,24.48274],[54.382397,24.482757],[54.382211,24.482975],[54.382447,24.483142],[54.382492,24.483125],[54.382468,24.483154],[54.382703,24.48332],[54.382736,24.483308],[54.382708,24.483341],[54.382944,24.483507],[54.38299,24.48349],[54.383362,24.483039],[54.383406,24.483023],[54.383592,24.482804],[54.383356,24.482638],[54.38331,24.482655],[54.383131,24.482879],[54.383089,24.482894],[54.383125,24.482853],[54.383106,24.482839],[54.383151,24.482823],[54.383337,24.482604],[54.383325,24.482595],[54.383347,24.482587],[54.383533,24.482368],[54.383298,24.482202],[54.383251,24.482219],[54.383065,24.482438],[54.383078,24.482446],[54.383055,24.482455],[54.382869,24.482674],[54.382888,24.482687],[54.382843,24.482703]],[[54.382662,24.482926],[54.382668,24.48293],[54.382654,24.482935],[54.382662,24.482926]],[[54.382925,24.483077],[54.382937,24.483072],[54.38293,24.48308],[54.382925,24.483077]]]}},{"type":"Feature","properties":{},"geometry":{"type":"Polygon","coordinates":[[[54.382433,24.4825],[54.382503,24.482543],[54.382579,24.482454],[54.382509,24.482411],[54.382433,24.4825]]]}},{"type":"Feature","properties":{},"geometry":{"type":"Polygon","coordinates":[[[54.382181,24.482555],[54.382135,24.482572],[54.381949,24.48279],[54.382185,24.482957],[54.382231,24.48294],[54.382417,24.482721],[54.382181,24.482555]]]}},{"type":"Feature","properties":{},"geometry":{"type":"Polygon","coordinates":[[[54.382038,24.483655],[54.382324,24.483872],[54.382338,24.483867],[54.382391,24.483809],[54.382105,24.483592],[54.382038,24.483655]]]}},{"type":"Feature","properties":{},"geometry":{"type":"Polygon","coordinates":[[[54.382617,24.483965],[54.382451,24.483829],[54.382437,24.483834],[54.382381,24.48389],[54.382547,24.484026],[54.382617,24.483965]]]}},{"type":"Feature","properties":{},"geometry":{"type":"Polygon","coordinates":[[[54.38236,24.48406],[54.382321,24.484129],[54.382442,24.484168],[54.382481,24.4841],[54.38236,24.48406]]]}},{"type":"Feature","properties":{},"geometry":{"type":"Polygon","coordinates":[[[54.382616,24.484412],[54.382757,24.484509],[54.383081,24.484148],[54.382936,24.484042],[54.382769,24.484219],[54.382887,24.484306],[54.382778,24.484231],[54.382616,24.484412]]]}},{"type":"Feature","properties":{},"geometry":{"type":"Polygon","coordinates":[[[54.382619,24.484421],[54.382458,24.484597],[54.382601,24.484698],[54.382762,24.484523],[54.382619,24.484421]]]}},{"type":"Feature","properties":{},"geometry":{"type":"Polygon","coordinates":[[[54.3823,24.484786],[54.382443,24.484886],[54.382604,24.484706],[54.382461,24.484607],[54.3823,24.484786]]]}},{"type":"Feature","properties":{},"geometry":{"type":"Polygon","coordinates":[[[54.382131,24.484986],[54.382271,24.485087],[54.382438,24.484906],[54.382298,24.484805],[54.382131,24.484986]]]}},{"type":"Feature","properties":{},"geometry":{"type":"Polygon","coordinates":[[[54.383102,24.486215],[54.383014,24.486319],[54.383078,24.486359],[54.383096,24.486349],[54.383195,24.48641],[54.383218,24.486393],[54.383253,24.486401],[54.3833,24.486337],[54.383102,24.486215]]]}},{"type":"Feature","properties":{},"geometry":{"type":"Polygon","coordinates":[[[54.383157,24.486794],[54.383092,24.486862],[54.383136,24.486892],[54.383201,24.486825],[54.383157,24.486794]]]}},{"type":"Feature","properties":{},"geometry":{"type":"Polygon","coordinates":[[[54.382674,24.486763],[54.382404,24.487037],[54.382758,24.487332],[54.382804,24.487315],[54.383074,24.487043],[54.382985,24.486973],[54.382939,24.48699],[54.382797,24.487133],[54.382635,24.486999],[54.382814,24.486824],[54.38272,24.486746],[54.382674,24.486763]]]}},{"type":"Feature","properties":{},"geometry":{"type":"Polygon","coordinates":[[[54.383134,24.48715],[54.382873,24.48742],[54.383229,24.487712],[54.383275,24.487695],[54.383537,24.487425],[54.383447,24.487349],[54.383401,24.487366],[54.383259,24.487512],[54.383101,24.487385],[54.383279,24.487209],[54.38318,24.487133],[54.383134,24.48715]]]}},{"type":"Feature","properties":{},"geometry":{"type":"Polygon","coordinates":[[[54.382036,24.488084],[54.382133,24.487976],[54.381912,24.487812],[54.38189,24.487821],[54.381793,24.487929],[54.382014,24.488092],[54.382036,24.488084]]]}},{"type":"Feature","properties":{},"geometry":{"type":"Polygon","coordinates":[[[54.382197,24.488095],[54.382168,24.488106],[54.382008,24.488291],[54.382126,24.488375],[54.382156,24.488364],[54.382315,24.488179],[54.382197,24.488095]]]}},{"type":"Feature","properties":{},"geometry":{"type":"Polygon","coordinates":[[[54.382008,24.488293],[54.381982,24.488303],[54.381824,24.488483],[54.381944,24.48857],[54.38197,24.48856],[54.382127,24.48838],[54.382008,24.488293]]]}},{"type":"Feature","properties":{},"geometry":{"type":"Polygon","coordinates":[[[54.382422,24.488896],[54.382448,24.488887],[54.382606,24.488699],[54.382581,24.488681],[54.382607,24.488671],[54.382775,24.488484],[54.382664,24.488401],[54.382624,24.488416],[54.382293,24.488806],[54.382422,24.488896]]]}},{"type":"Feature","properties":{},"geometry":{"type":"Polygon","coordinates":[[[54.382833,24.488534],[54.38274,24.488644],[54.382938,24.488783],[54.382962,24.488773],[54.382954,24.488783],[54.383152,24.488921],[54.383196,24.488905],[54.383289,24.488795],[54.383092,24.488656],[54.383067,24.488665],[54.383075,24.488656],[54.382878,24.488517],[54.382833,24.488534]]]}},{"type":"Feature","properties":{},"geometry":{"type":"Polygon","coordinates":[[[54.382313,24.48884],[54.382276,24.488853],[54.382138,24.489011],[54.382255,24.489095],[54.382292,24.489081],[54.382426,24.488917],[54.382313,24.48884]]]}},{"type":"Feature","properties":{},"geometry":{"type":"Polygon","coordinates":[[[54.382465,24.488986],[54.382663,24.489125],[54.38277,24.48901],[54.382573,24.488871],[54.382465,24.488986]]]}},{"type":"Feature","properties":{},"geometry":{"type":"Polygon","coordinates":[[[54.382764,24.48904],[54.382671,24.48915],[54.382868,24.489289],[54.382894,24.489279],[54.382987,24.489169],[54.38279,24.489031],[54.382764,24.48904]]]}},{"type":"Feature","properties":{},"geometry":{"type":"Polygon","coordinates":[[[54.382424,24.489184],[54.382339,24.489124],[54.382279,24.489184],[54.382364,24.489244],[54.382424,24.489184]]]}},{"type":"Feature","properties":{},"geometry":{"type":"Polygon","coordinates":[[[54.38281,24.489329],[54.382767,24.489475],[54.382966,24.489529],[54.38298,24.489524],[54.383019,24.489395],[54.383082,24.489439],[54.383108,24.489429],[54.383201,24.489319],[54.383004,24.489181],[54.382978,24.48919],[54.382885,24.4893],[54.382976,24.489364],[54.38281,24.489329]]]}},{"type":"Feature","properties":{},"geometry":{"type":"Polygon","coordinates":[[[54.382224,24.489262],[54.38213,24.489371],[54.382328,24.48951],[54.382361,24.489498],[54.382454,24.489388],[54.382257,24.489249],[54.382224,24.489262]]]}},{"type":"Feature","properties":{},"geometry":{"type":"Polygon","coordinates":[[[54.38245,24.48941],[54.382357,24.48952],[54.382554,24.489659],[54.38258,24.489649],[54.382673,24.48954],[54.382476,24.489401],[54.38245,24.48941]]]}},{"type":"Feature","properties":{},"geometry":{"type":"Polygon","coordinates":[[[54.383226,24.489488],[54.383193,24.4895],[54.383062,24.489654],[54.383186,24.489741],[54.383219,24.489728],[54.383349,24.489574],[54.383226,24.489488]]]}},{"type":"Feature","properties":{},"geometry":{"type":"Polygon","coordinates":[[[54.382131,24.489776],[54.382224,24.489667],[54.382026,24.489528],[54.381986,24.489543],[54.381893,24.489653],[54.38209,24.489791],[54.382131,24.489776]]]}},{"type":"Feature","properties":{},"geometry":{"type":"Polygon","coordinates":[[[54.383072,24.489663],[54.383042,24.489674],[54.382886,24.489856],[54.383006,24.489941],[54.383035,24.48993],[54.383191,24.489748],[54.383072,24.489663]]]}},{"type":"Feature","properties":{},"geometry":{"type":"Polygon","coordinates":[[[54.382205,24.4897],[54.382111,24.48981],[54.382309,24.489949],[54.382347,24.489935],[54.382324,24.489962],[54.382521,24.4901],[54.382558,24.490087],[54.382651,24.489977],[54.382454,24.489838],[54.38242,24.489851],[54.382443,24.489824],[54.382245,24.489685],[54.382205,24.4897]]]}},{"type":"Feature","properties":{},"geometry":{"type":"Polygon","coordinates":[[[54.382889,24.489869],[54.382856,24.489882],[54.382708,24.490065],[54.382687,24.490073],[54.382526,24.490256],[54.382653,24.490349],[54.382679,24.490339],[54.38284,24.490156],[54.382825,24.490145],[54.382854,24.490134],[54.383009,24.489956],[54.382889,24.489869]]]}},{"type":"Feature","properties":{},"geometry":{"type":"Polygon","coordinates":[[[54.381874,24.490092],[54.38178,24.490202],[54.381978,24.49034],[54.382004,24.490331],[54.382097,24.490221],[54.381899,24.490082],[54.381874,24.490092]]]}},{"type":"Feature","properties":{},"geometry":{"type":"Polygon","coordinates":[[[54.382081,24.490247],[54.381988,24.490357],[54.382185,24.490496],[54.382222,24.490482],[54.382316,24.490372],[54.382118,24.490234],[54.382081,24.490247]]]}},{"type":"Feature","properties":{},"geometry":{"type":"Polygon","coordinates":[[[54.382021,24.490864],[54.382151,24.490956],[54.382184,24.490943],[54.382515,24.490549],[54.382499,24.490537],[54.38266,24.490361],[54.38255,24.490284],[54.382509,24.490299],[54.382021,24.490864]]]}},{"type":"Feature","properties":{},"geometry":{"type":"Polygon","coordinates":[[[54.383048,24.490373],[54.383008,24.490388],[54.382848,24.490583],[54.382823,24.490592],[54.38268,24.490779],[54.382653,24.490788],[54.382509,24.49097],[54.382487,24.490978],[54.382318,24.49117],[54.382462,24.491275],[54.382506,24.491259],[54.383199,24.490477],[54.383048,24.490373]]]}},{"type":"Feature","properties":{},"geometry":{"type":"Polygon","coordinates":[[[54.383035,24.4909],[54.382995,24.490915],[54.382834,24.491108],[54.382972,24.491208],[54.383013,24.491193],[54.383184,24.491004],[54.383035,24.4909]]]}},{"type":"Feature","properties":{},"geometry":{"type":"Polygon","coordinates":[[[54.382719,24.491232],[54.3826,24.491366],[54.382804,24.491509],[54.382844,24.491494],[54.382961,24.491361],[54.382759,24.491217],[54.382719,24.491232]]]}},{"type":"Feature","properties":{},"geometry":{"type":"Polygon","coordinates":[[[54.382108,24.4916],[54.382068,24.491615],[54.381892,24.491822],[54.382034,24.491922],[54.382074,24.491907],[54.38225,24.4917],[54.382108,24.4916]]]}},{"type":"Feature","properties":{},"geometry":{"type":"Polygon","coordinates":[[[54.381982,24.492193],[54.382094,24.492056],[54.381834,24.491882],[54.381794,24.491897],[54.381682,24.492034],[54.381941,24.492209],[54.381982,24.492193]]]}},{"type":"Feature","properties":{},"geometry":{"type":"Polygon","coordinates":[[[54.382088,24.492129],[54.382,24.492237],[54.38219,24.492364],[54.382223,24.492352],[54.382311,24.492244],[54.382121,24.492116],[54.382088,24.492129]]]}},{"type":"Feature","properties":{},"geometry":{"type":"Polygon","coordinates":[[[54.382945,24.492208],[54.382901,24.492224],[54.382746,24.492403],[54.382881,24.4925],[54.382925,24.492484],[54.38308,24.492305],[54.382945,24.492208]]]}},{"type":"Feature","properties":{},"geometry":{"type":"Polygon","coordinates":[[[54.382441,24.492501],[54.382529,24.492392],[54.382339,24.492265],[54.382306,24.492277],[54.382218,24.492385],[54.382408,24.492513],[54.382441,24.492501]]]}},{"type":"Feature","properties":{},"geometry":{"type":"Polygon","coordinates":[[[54.382775,24.492427],[54.382735,24.492442],[54.382575,24.492626],[54.382696,24.492713],[54.382737,24.492698],[54.382896,24.492513],[54.382775,24.492427]]]}},{"type":"Feature","properties":{},"geometry":{"type":"Polygon","coordinates":[[[54.382013,24.492804],[54.382101,24.492696],[54.381908,24.492567],[54.381872,24.49258],[54.381784,24.492688],[54.381976,24.492818],[54.382013,24.492804]]]}},{"type":"Feature","properties":{},"geometry":{"type":"Polygon","coordinates":[[[54.382002,24.493116],[54.382043,24.493101],[54.382197,24.492932],[54.382176,24.492916],[54.382205,24.492905],[54.382359,24.492732],[54.382245,24.492648],[54.382212,24.492661],[54.382061,24.49283],[54.382018,24.492843],[54.381864,24.493012],[54.382002,24.493116]]]}},{"type":"Feature","properties":{},"geometry":{"type":"Polygon","coordinates":[[[54.382533,24.493051],[54.382641,24.492917],[54.382425,24.492772],[54.382385,24.492787],[54.382277,24.492921],[54.382493,24.493066],[54.382533,24.493051]]]}},{"type":"Feature","properties":{},"geometry":{"type":"Polygon","coordinates":[[[54.382077,24.493579],[54.381858,24.493436],[54.381817,24.493451],[54.381726,24.493567],[54.381945,24.49371],[54.381986,24.493695],[54.382077,24.493579]]]}},{"type":"Feature","properties":{},"geometry":{"type":"Polygon","coordinates":[[[54.382969,24.493505],[54.382798,24.493702],[54.383009,24.493854],[54.383061,24.493835],[54.383233,24.493638],[54.383021,24.493486],[54.382969,24.493505]]]}},{"type":"Feature","properties":{},"geometry":{"type":"Polygon","coordinates":[[[54.38309,24.493952],[54.383038,24.493971],[54.382866,24.494169],[54.383078,24.494321],[54.38313,24.494301],[54.383301,24.494104],[54.38309,24.493952]]]}},{"type":"Feature","properties":{},"geometry":{"type":"Polygon","coordinates":[[[54.382876,24.4942],[54.382824,24.494219],[54.382653,24.494416],[54.382865,24.494568],[54.382916,24.494549],[54.383088,24.494352],[54.382876,24.4942]]]}},{"type":"Feature","properties":{},"geometry":{"type":"Polygon","coordinates":[[[54.382359,24.494262],[54.382307,24.494281],[54.382135,24.494479],[54.382347,24.494631],[54.382399,24.494611],[54.38257,24.494414],[54.382359,24.494262]]]}},{"type":"Feature","properties":{},"geometry":{"type":"Polygon","coordinates":[[[54.382649,24.494466],[54.382597,24.494485],[54.382426,24.494683],[54.382637,24.494835],[54.382689,24.494816],[54.38286,24.494618],[54.382649,24.494466]]]}},{"type":"Feature","properties":{},"geometry":{"type":"Polygon","coordinates":[[[54.382177,24.499232],[54.382207,24.49919],[54.382211,24.499118],[54.382177,24.499062],[54.382139,24.499038],[54.382084,24.499027],[54.382033,24.499036],[54.381976,24.499067],[54.381949,24.499101],[54.381937,24.499152],[54.381947,24.499198],[54.38201,24.49926],[54.38207,24.499273],[54.38212,24.499264],[54.382177,24.499232]]]}},{"type":"Feature","properties":{},"geometry":{"type":"Polygon","coordinates":[[[54.382719,24.504663],[54.382729,24.504785],[54.382818,24.504775],[54.382809,24.504652],[54.382719,24.504663]]]}},{"type":"Feature","properties":{},"geometry":{"type":"Polygon","coordinates":[[[54.38161,24.509225],[54.381549,24.509283],[54.381597,24.509317],[54.381657,24.509259],[54.38161,24.509225]]]}},{"type":"Feature","properties":{},"geometry":{"type":"Polygon","coordinates":[[[54.381604,24.510143],[54.381569,24.510072],[54.381454,24.510117],[54.381489,24.510189],[54.381604,24.510143]]]}},{"type":"Feature","properties":{},"geometry":{"type":"Polygon","coordinates":[[[54.381825,24.510705],[54.38144,24.511128],[54.382298,24.511794],[54.382367,24.511768],[54.382751,24.511343],[54.381894,24.510679],[54.381825,24.510705]]]}},{"type":"Feature","properties":{},"geometry":{"type":"Polygon","coordinates":[[[54.383655,24.479809],[54.383535,24.479945],[54.38378,24.480124],[54.383826,24.480107],[54.383946,24.479972],[54.383701,24.479792],[54.383655,24.479809]]]}},{"type":"Feature","properties":{},"geometry":{"type":"Polygon","coordinates":[[[54.383835,24.480121],[54.38408,24.4803],[54.384211,24.480161],[54.383966,24.479982],[54.383835,24.480121]]]}},{"type":"Feature","properties":{},"geometry":{"type":"Polygon","coordinates":[[[54.38447,24.48035],[54.384225,24.480171],[54.384094,24.48031],[54.384339,24.48049],[54.38447,24.48035]]]}},{"type":"Feature","properties":{},"geometry":{"type":"Polygon","coordinates":[[[54.384617,24.48068],[54.384736,24.480545],[54.384491,24.480366],[54.384445,24.480383],[54.384326,24.480518],[54.384571,24.480697],[54.384617,24.48068]]]}},{"type":"Feature","properties":{},"geometry":{"type":"Polygon","coordinates":[[[54.383822,24.480598],[54.383776,24.480615],[54.383598,24.480827],[54.383569,24.480799],[54.383615,24.480782],[54.383803,24.480567],[54.383565,24.480398],[54.383519,24.480415],[54.383333,24.480637],[54.383511,24.480759],[54.383385,24.480864],[54.383481,24.480959],[54.383615,24.480854],[54.383825,24.480999],[54.383871,24.480982],[54.38406,24.480767],[54.383822,24.480598]]]}},{"type":"Feature","properties":{},"geometry":{"type":"Polygon","coordinates":[[[54.38404,24.480792],[54.383854,24.481013],[54.384089,24.481175],[54.384135,24.481158],[54.384323,24.480943],[54.384086,24.480774],[54.38404,24.480792]]]}},{"type":"Feature","properties":{},"geometry":{"type":"Polygon","coordinates":[[[54.384606,24.481177],[54.38456,24.481194],[54.384406,24.481378],[54.384651,24.481548],[54.384698,24.481531],[54.384851,24.481347],[54.384606,24.481177]]]}},{"type":"Feature","properties":{},"geometry":{"type":"Polygon","coordinates":[[[54.384409,24.481405],[54.384363,24.481422],[54.384209,24.481606],[54.384454,24.481776],[54.3845,24.481759],[54.384654,24.481575],[54.384409,24.481405]]]}},{"type":"Feature","properties":{},"geometry":{"type":"Polygon","coordinates":[[[54.384207,24.48163],[54.384161,24.481647],[54.384008,24.481831],[54.384253,24.482001],[54.384299,24.481983],[54.384453,24.4818],[54.384207,24.48163]]]}},{"type":"Feature","properties":{},"geometry":{"type":"Polygon","coordinates":[[[54.383549,24.481944],[54.383498,24.481996],[54.383539,24.482023],[54.38359,24.481971],[54.383549,24.481944]]]}},{"type":"Feature","properties":{},"geometry":{"type":"Polygon","coordinates":[[[54.383895,24.48224],[54.383826,24.482197],[54.383784,24.48224],[54.383853,24.482283],[54.383895,24.48224]]]}},{"type":"Feature","properties":{},"geometry":{"type":"Polygon","coordinates":[[[54.384558,24.48214],[54.384396,24.482317],[54.384536,24.482417],[54.384698,24.48224],[54.384558,24.48214]]]}},{"type":"Feature","properties":{},"geometry":{"type":"Polygon","coordinates":[[[54.384386,24.482333],[54.384223,24.482509],[54.384363,24.482609],[54.384526,24.482433],[54.384386,24.482333]]]}},{"type":"Feature","properties":{},"geometry":{"type":"Polygon","coordinates":[[[54.38337,24.482611],[54.383606,24.482777],[54.383804,24.482554],[54.383568,24.482388],[54.38337,24.482611]]]}},{"type":"Feature","properties":{},"geometry":{"type":"Polygon","coordinates":[[[54.38406,24.482703],[54.3842,24.482804],[54.384363,24.482627],[54.384223,24.482527],[54.38406,24.482703]]]}},{"type":"Feature","properties":{},"geometry":{"type":"Polygon","coordinates":[[[54.38406,24.482717],[54.384035,24.482727],[54.383887,24.482898],[54.384026,24.482998],[54.384052,24.482989],[54.3842,24.482817],[54.38406,24.482717]]]}},{"type":"Feature","properties":{},"geometry":{"type":"Polygon","coordinates":[[[54.383894,24.48291],[54.383731,24.483086],[54.383871,24.483187],[54.384034,24.48301],[54.383894,24.48291]]]}},{"type":"Feature","properties":{},"geometry":{"type":"Polygon","coordinates":[[[54.383727,24.483108],[54.383564,24.483284],[54.383704,24.483384],[54.383867,24.483208],[54.383727,24.483108]]]}},{"type":"Feature","properties":{},"geometry":{"type":"Polygon","coordinates":[[[54.383558,24.483302],[54.383532,24.483312],[54.383385,24.483483],[54.383524,24.483583],[54.38355,24.483573],[54.383698,24.483402],[54.383558,24.483302]]]}},{"type":"Feature","properties":{},"geometry":{"type":"Polygon","coordinates":[[[54.383384,24.483501],[54.383221,24.483678],[54.383361,24.483778],[54.383524,24.483601],[54.383384,24.483501]]]}},{"type":"Feature","properties":{},"geometry":{"type":"Polygon","coordinates":[[[54.384495,24.484167],[54.384478,24.484154],[54.384503,24.484128],[54.384471,24.484102],[54.384371,24.484197],[54.38442,24.484236],[54.384495,24.484167]]]}},{"type":"Feature","properties":{},"geometry":{"type":"Polygon","coordinates":[[[54.384341,24.485187],[54.384362,24.485164],[54.384397,24.485194],[54.384443,24.485177],[54.384549,24.485072],[54.38441,24.484958],[54.384364,24.484975],[54.384259,24.48508],[54.384275,24.485093],[54.384208,24.485136],[54.384084,24.485261],[54.384096,24.48527],[54.384069,24.485299],[54.384034,24.485312],[54.383921,24.485421],[54.384061,24.485538],[54.384108,24.485521],[54.384215,24.485411],[54.38416,24.485367],[54.384184,24.485344],[54.384235,24.48533],[54.38436,24.485202],[54.384341,24.485187]]]}},{"type":"Feature","properties":{},"geometry":{"type":"Polygon","coordinates":[[[54.384181,24.485751],[54.384322,24.485596],[54.384485,24.48574],[54.384303,24.485909],[54.384397,24.485986],[54.384443,24.485969],[54.384706,24.485695],[54.384357,24.485404],[54.384311,24.485421],[54.384041,24.485693],[54.384135,24.485768],[54.384181,24.485751]]]}},{"type":"Feature","properties":{},"geometry":{"type":"Polygon","coordinates":[[[54.383787,24.485565],[54.383524,24.485837],[54.383879,24.486129],[54.383925,24.486112],[54.384186,24.485842],[54.384095,24.485772],[54.384049,24.485789],[54.383912,24.485932],[54.383751,24.4858],[54.383927,24.485626],[54.383833,24.485548],[54.383787,24.485565]]]}},{"type":"Feature","properties":{},"geometry":{"type":"Polygon","coordinates":[[[54.384255,24.485945],[54.383986,24.486219],[54.384345,24.486512],[54.384391,24.486495],[54.384655,24.486223],[54.384563,24.48615],[54.384517,24.486167],[54.38438,24.486315],[54.384218,24.486182],[54.384391,24.486004],[54.384301,24.485928],[54.384255,24.485945]]]}},{"type":"Feature","properties":{},"geometry":{"type":"Polygon","coordinates":[[[54.384381,24.486938],[54.384191,24.486806],[54.384177,24.486811],[54.38411,24.486887],[54.384298,24.487022],[54.384381,24.486938]]]}},{"type":"Feature","properties":{},"geometry":{"type":"Polygon","coordinates":[[[54.384021,24.486993],[54.384209,24.487126],[54.384223,24.487121],[54.384293,24.487043],[54.384102,24.48691],[54.384021,24.486993]]]}},{"type":"Feature","properties":{},"geometry":{"type":"Polygon","coordinates":[[[54.38435,24.487057],[54.384537,24.487193],[54.38455,24.487188],[54.384621,24.487109],[54.384433,24.486972],[54.38435,24.487057]]]}},{"type":"Feature","properties":{},"geometry":{"type":"Polygon","coordinates":[[[54.384204,24.487148],[54.384013,24.487014],[54.383999,24.487019],[54.38393,24.487099],[54.38412,24.487233],[54.384204,24.487148]]]}},{"type":"Feature","properties":{},"geometry":{"type":"Polygon","coordinates":[[[54.384536,24.487209],[54.384345,24.487076],[54.384331,24.487081],[54.384261,24.487164],[54.384446,24.4873],[54.384536,24.487209]]]}},{"type":"Feature","properties":{},"geometry":{"type":"Polygon","coordinates":[[[54.384114,24.487255],[54.383924,24.487119],[54.38391,24.487124],[54.383841,24.487204],[54.384031,24.48734],[54.384114,24.487255]]]}},{"type":"Feature","properties":{},"geometry":{"type":"Polygon","coordinates":[[[54.384446,24.487315],[54.384257,24.487181],[54.384243,24.487187],[54.384171,24.487269],[54.38436,24.487404],[54.384446,24.487315]]]}},{"type":"Feature","properties":{},"geometry":{"type":"Polygon","coordinates":[[[54.383752,24.487309],[54.383938,24.487443],[54.383952,24.487438],[54.384023,24.48736],[54.383834,24.487226],[54.383752,24.487309]]]}},{"type":"Feature","properties":{},"geometry":{"type":"Polygon","coordinates":[[[54.384094,24.487305],[54.38391,24.487517],[54.384084,24.487644],[54.38413,24.487627],[54.384145,24.487591],[54.384165,24.487589],[54.384196,24.48763],[54.384242,24.487613],[54.384381,24.487454],[54.38414,24.487287],[54.384094,24.487305]]]}},{"type":"Feature","properties":{},"geometry":{"type":"Polygon","coordinates":[[[54.383216,24.487796],[54.383389,24.487938],[54.383724,24.487605],[54.383552,24.487465],[54.383384,24.487627],[54.383527,24.487746],[54.383385,24.487633],[54.383216,24.487796]]]}},{"type":"Feature","properties":{},"geometry":{"type":"Polygon","coordinates":[[[54.38478,24.487679],[54.38469,24.487613],[54.384706,24.487592],[54.384597,24.487519],[54.384551,24.487536],[54.384395,24.487717],[54.38442,24.487736],[54.384368,24.487749],[54.384326,24.4878],[54.384408,24.487867],[54.384339,24.487818],[54.384293,24.487835],[54.384251,24.487884],[54.384343,24.487953],[54.384327,24.487973],[54.384433,24.488049],[54.384479,24.488032],[54.38478,24.487679]]]}},{"type":"Feature","properties":{},"geometry":{"type":"Polygon","coordinates":[[[54.383908,24.487709],[54.383768,24.487597],[54.383722,24.487614],[54.38362,24.487716],[54.383677,24.487764],[54.383648,24.487793],[54.383596,24.487806],[54.383477,24.487926],[54.383578,24.488008],[54.383624,24.487991],[54.383748,24.487874],[54.383736,24.487863],[54.383773,24.487826],[54.383806,24.487814],[54.383908,24.487709]]]}},{"type":"Feature","properties":{},"geometry":{"type":"Polygon","coordinates":[[[54.383861,24.487795],[54.383815,24.487812],[54.383645,24.48798],[54.383725,24.488047],[54.383676,24.48809],[54.383717,24.488122],[54.383767,24.488082],[54.383821,24.488127],[54.383867,24.48811],[54.384038,24.487939],[54.383861,24.487795]]]}},{"type":"Feature","properties":{},"geometry":{"type":"Polygon","coordinates":[[[54.384155,24.488079],[54.384141,24.488085],[54.383997,24.488251],[54.384074,24.488305],[54.384088,24.4883],[54.384233,24.488134],[54.384155,24.488079]]]}},{"type":"Feature","properties":{},"geometry":{"type":"Polygon","coordinates":[[[54.384117,24.488361],[54.384133,24.488372],[54.38406,24.488459],[54.384153,24.488524],[54.38439,24.488237],[54.384297,24.488166],[54.384117,24.488361]]]}},{"type":"Feature","properties":{},"geometry":{"type":"Polygon","coordinates":[[[54.384374,24.488438],[54.384325,24.488485],[54.384371,24.488519],[54.384422,24.488473],[54.384374,24.488438]]]}},{"type":"Feature","properties":{},"geometry":{"type":"Polygon","coordinates":[[[54.384606,24.488415],[54.384592,24.48842],[54.384444,24.488595],[54.384526,24.488652],[54.38454,24.488647],[54.384689,24.488473],[54.384606,24.488415]]]}},{"type":"Feature","properties":{},"geometry":{"type":"Polygon","coordinates":[[[54.384426,24.488715],[54.384525,24.488784],[54.384589,24.48872],[54.384488,24.488651],[54.384426,24.488715]]]}},{"type":"Feature","properties":{},"geometry":{"type":"Polygon","coordinates":[[[54.383583,24.489056],[54.383557,24.489065],[54.3834,24.489251],[54.383519,24.489335],[54.383545,24.489326],[54.383703,24.48914],[54.383583,24.489056]]]}},{"type":"Feature","properties":{},"geometry":{"type":"Polygon","coordinates":[[[54.38338,24.489268],[54.383219,24.489459],[54.383344,24.489547],[54.38337,24.489537],[54.383531,24.489347],[54.383405,24.489259],[54.38338,24.489268]]]}},{"type":"Feature","properties":{},"geometry":{"type":"Polygon","coordinates":[[[54.383601,24.489682],[54.383448,24.489865],[54.383458,24.489871],[54.383436,24.48988],[54.383104,24.490244],[54.383258,24.490357],[54.383299,24.490342],[54.383459,24.490161],[54.383485,24.490151],[54.383633,24.489977],[54.383615,24.489963],[54.38364,24.489954],[54.383792,24.489771],[54.383775,24.489759],[54.383805,24.489749],[54.383952,24.489566],[54.383938,24.489556],[54.383965,24.489546],[54.384116,24.489364],[54.383973,24.489266],[54.383932,24.489281],[54.383781,24.489463],[54.383794,24.489472],[54.383765,24.489483],[54.383618,24.489666],[54.383627,24.489672],[54.383601,24.489682]]]}},{"type":"Feature","properties":{},"geometry":{"type":"Polygon","coordinates":[[[54.384206,24.489468],[54.384099,24.489608],[54.384322,24.489764],[54.384362,24.489749],[54.38448,24.489612],[54.384246,24.489453],[54.384206,24.489468]]]}},{"type":"Feature","properties":{},"geometry":{"type":"Polygon","coordinates":[[[54.384743,24.490046],[54.384784,24.490031],[54.384896,24.4899],[54.384723,24.489777],[54.384694,24.489788],[54.38471,24.489769],[54.384496,24.489626],[54.384455,24.489641],[54.384344,24.489779],[54.384558,24.489922],[54.384579,24.489914],[54.38457,24.489924],[54.384743,24.490046]]]}},{"type":"Feature","properties":{},"geometry":{"type":"Polygon","coordinates":[[[54.384073,24.490014],[54.384186,24.48988],[54.383974,24.489732],[54.383934,24.489747],[54.383821,24.489881],[54.384033,24.490029],[54.384073,24.490014]]]}},{"type":"Feature","properties":{},"geometry":{"type":"Polygon","coordinates":[[[54.38418,24.489919],[54.384067,24.490053],[54.384279,24.490201],[54.384319,24.490186],[54.384432,24.490053],[54.38422,24.489904],[54.38418,24.489919]]]}},{"type":"Feature","properties":{},"geometry":{"type":"Polygon","coordinates":[[[54.384539,24.490358],[54.384664,24.490219],[54.384457,24.490065],[54.384417,24.49008],[54.384292,24.490219],[54.384498,24.490373],[54.384539,24.490358]]]}},{"type":"Feature","properties":{},"geometry":{"type":"Polygon","coordinates":[[[54.384059,24.490498],[54.384172,24.490365],[54.38396,24.490217],[54.383919,24.490232],[54.383807,24.490365],[54.384019,24.490514],[54.384059,24.490498]]]}},{"type":"Feature","properties":{},"geometry":{"type":"Polygon","coordinates":[[[54.384295,24.490661],[54.384408,24.490528],[54.384196,24.49038],[54.384155,24.490395],[54.384043,24.490528],[54.384254,24.490676],[54.384295,24.490661]]]}},{"type":"Feature","properties":{},"geometry":{"type":"Polygon","coordinates":[[[54.383615,24.490497],[54.383502,24.49063],[54.383714,24.490778],[54.383754,24.490763],[54.383867,24.49063],[54.383655,24.490481],[54.383615,24.490497]]]}},{"type":"Feature","properties":{},"geometry":{"type":"Polygon","coordinates":[[[54.384666,24.490697],[54.384687,24.490689],[54.384835,24.490515],[54.384874,24.490501],[54.385029,24.490322],[54.385003,24.490303],[54.385186,24.490111],[54.385054,24.490014],[54.385009,24.49003],[54.384934,24.490115],[54.38489,24.490132],[54.384827,24.490203],[54.38486,24.490227],[54.384699,24.490401],[54.384656,24.490415],[54.384499,24.4906],[54.384509,24.490607],[54.384485,24.490616],[54.38433,24.490797],[54.384359,24.490817],[54.384334,24.490827],[54.384176,24.491012],[54.384304,24.491102],[54.384345,24.491087],[54.384502,24.490902],[54.384489,24.490892],[54.384514,24.490883],[54.384674,24.490703],[54.384666,24.490697]]]}},{"type":"Feature","properties":{},"geometry":{"type":"Polygon","coordinates":[[[54.38386,24.490669],[54.383748,24.490802],[54.38396,24.49095],[54.384,24.490935],[54.384113,24.490802],[54.383901,24.490653],[54.38386,24.490669]]]}},{"type":"Feature","properties":{},"geometry":{"type":"Polygon","coordinates":[[[54.383166,24.490677],[54.383054,24.49081],[54.383266,24.490958],[54.383306,24.490943],[54.383419,24.49081],[54.383207,24.490662],[54.383166,24.490677]]]}},{"type":"Feature","properties":{},"geometry":{"type":"Polygon","coordinates":[[[54.383728,24.491278],[54.383768,24.491263],[54.383881,24.49113],[54.383453,24.490834],[54.383412,24.490849],[54.3833,24.490982],[54.383728,24.491278]]]}},{"type":"Feature","properties":{},"geometry":{"type":"Polygon","coordinates":[[[54.38348,24.491259],[54.383497,24.491238],[54.383285,24.49109],[54.383245,24.491105],[54.383132,24.491239],[54.383344,24.491387],[54.383366,24.491379],[54.383288,24.491468],[54.383431,24.491571],[54.383472,24.491556],[54.383648,24.491352],[54.383506,24.491249],[54.38348,24.491259]]]}},{"type":"Feature","properties":{},"geometry":{"type":"Polygon","coordinates":[[[54.383713,24.491523],[54.383568,24.491699],[54.383536,24.491711],[54.383371,24.491906],[54.383523,24.492013],[54.383563,24.491998],[54.384251,24.491226],[54.384104,24.491121],[54.384064,24.491136],[54.383723,24.491508],[54.383734,24.491516],[54.383713,24.491523]]]}},{"type":"Feature","properties":{},"geometry":{"type":"Polygon","coordinates":[[[54.383183,24.491529],[54.383142,24.491544],[54.383021,24.491685],[54.383213,24.491823],[54.383254,24.491808],[54.383376,24.491668],[54.383183,24.491529]]]}},{"type":"Feature","properties":{},"geometry":{"type":"Polygon","coordinates":[[[54.383695,24.492853],[54.383767,24.492915],[54.383817,24.492875],[54.383745,24.492813],[54.383695,24.492853]]]}},{"type":"Feature","properties":{},"geometry":{"type":"Polygon","coordinates":[[[54.383904,24.492948],[54.383871,24.493118],[54.384118,24.49315],[54.384151,24.49298],[54.383904,24.492948]]]}},{"type":"Feature","properties":{},"geometry":{"type":"Polygon","coordinates":[[[54.383505,24.493054],[54.383436,24.49308],[54.383145,24.493437],[54.38343,24.493624],[54.383499,24.493598],[54.383778,24.493254],[54.383505,24.493054]]]}},{"type":"Feature","properties":{},"geometry":{"type":"Polygon","coordinates":[[[54.383312,24.493706],[54.38326,24.493725],[54.383089,24.493922],[54.383301,24.494074],[54.383352,24.494055],[54.383524,24.493858],[54.383312,24.493706]]]}},{"type":"Feature","properties":{},"geometry":{"type":"Polygon","coordinates":[[[54.384161,24.494168],[54.384104,24.49419],[54.384076,24.494224],[54.384017,24.494244],[54.383972,24.494301],[54.383999,24.494319],[54.383891,24.494452],[54.383833,24.494473],[54.383789,24.494527],[54.383815,24.494545],[54.383746,24.49463],[54.384623,24.494936],[54.384681,24.494915],[54.384731,24.494856],[54.384161,24.494168]]]}},{"type":"Feature","properties":{},"geometry":{"type":"Polygon","coordinates":[[[54.382641,24.495738],[54.381906,24.496623],[54.382948,24.497339],[54.382977,24.497328],[54.383016,24.497282],[54.38305,24.497305],[54.383079,24.497294],[54.383123,24.497241],[54.383076,24.497209],[54.384191,24.495886],[54.384223,24.495877],[54.384283,24.495807],[54.384266,24.495795],[54.38461,24.495405],[54.384588,24.495391],[54.384573,24.495221],[54.384451,24.495136],[54.384429,24.495144],[54.384375,24.495108],[54.383833,24.494902],[54.383796,24.494869],[54.383725,24.494871],[54.383484,24.494781],[54.383456,24.494791],[54.382825,24.495524],[54.382844,24.495537],[54.382822,24.495562],[54.382838,24.495587],[54.382824,24.495607],[54.382787,24.4956],[54.382759,24.49561],[54.382702,24.495673],[54.382733,24.495707],[54.38272,24.495722],[54.382641,24.495738]]]}},{"type":"Feature","properties":{},"geometry":{"type":"Polygon","coordinates":[[[54.384336,24.496265],[54.384348,24.496317],[54.384434,24.496298],[54.384421,24.496245],[54.384336,24.496265]]]}},{"type":"Feature","properties":{},"geometry":{"type":"Polygon","coordinates":[[[54.384069,24.496469],[54.38424,24.49627],[54.384134,24.496202],[54.384065,24.496227],[54.383817,24.496519],[54.383725,24.49658],[54.383696,24.496677],[54.383755,24.496854],[54.383701,24.496874],[54.383759,24.496988],[54.383828,24.496962],[54.383972,24.496876],[54.383957,24.496858],[54.384103,24.496767],[54.384058,24.496667],[54.384036,24.496558],[54.384069,24.496469]]]}},{"type":"Feature","properties":{},"geometry":{"type":"Polygon","coordinates":[[[54.383607,24.497127],[54.383671,24.49717],[54.383737,24.497101],[54.383674,24.497057],[54.383607,24.497127]]]}},{"type":"Feature","properties":{},"geometry":{"type":"Polygon","coordinates":[[[54.383527,24.497251],[54.383308,24.497527],[54.38386,24.497891],[54.383929,24.497866],[54.384015,24.497758],[54.383883,24.497654],[54.383911,24.497619],[54.383771,24.497526],[54.383867,24.497404],[54.383596,24.497226],[54.383527,24.497251]]]}},{"type":"Feature","properties":{},"geometry":{"type":"Polygon","coordinates":[[[54.383288,24.50435],[54.383289,24.504404],[54.383408,24.504401],[54.383409,24.504455],[54.383368,24.50447],[54.383368,24.504491],[54.383339,24.504507],[54.383248,24.504533],[54.383252,24.504935],[54.383554,24.504932],[54.383623,24.504907],[54.383622,24.504878],[54.383705,24.504852],[54.383696,24.503998],[54.383674,24.503998],[54.383687,24.503993],[54.383686,24.503916],[54.383612,24.503919],[54.38361,24.503752],[54.38347,24.503754],[54.383401,24.503779],[54.383408,24.504343],[54.383288,24.50435]]]}},{"type":"Feature","properties":{},"geometry":{"type":"Polygon","coordinates":[[[54.383699,24.503904],[54.383701,24.504039],[54.383864,24.504031],[54.383861,24.503897],[54.383699,24.503904]]]}},{"type":"Feature","properties":{},"geometry":{"type":"Polygon","coordinates":[[[54.382833,24.508251],[54.382853,24.508285],[54.38292,24.508253],[54.3829,24.508219],[54.382833,24.508251]]]}},{"type":"Feature","properties":{},"geometry":{"type":"Polygon","coordinates":[[[54.382984,24.511092],[54.383375,24.510679],[54.382681,24.51014],[54.382612,24.510166],[54.382231,24.510581],[54.382915,24.511118],[54.382984,24.511092]]]}},{"type":"Feature","properties":{},"geometry":{"type":"Polygon","coordinates":[[[54.384626,24.480696],[54.384864,24.480864],[54.384991,24.480728],[54.384753,24.48056],[54.384626,24.480696]]]}},{"type":"Feature","properties":{},"geometry":{"type":"Polygon","coordinates":[[[54.385254,24.481278],[54.385228,24.481288],[54.38508,24.481459],[54.385093,24.481468],[54.384936,24.481642],[54.385076,24.481742],[54.385091,24.481737],[54.385239,24.481566],[54.385226,24.481557],[54.385394,24.481378],[54.385254,24.481278]]]}},{"type":"Feature","properties":{},"geometry":{"type":"Polygon","coordinates":[[[54.384884,24.481744],[54.384721,24.481921],[54.384861,24.482021],[54.385024,24.481844],[54.384884,24.481744]]]}},{"type":"Feature","properties":{},"geometry":{"type":"Polygon","coordinates":[[[54.386676,24.482056],[54.386685,24.48212],[54.386898,24.482089],[54.386893,24.482028],[54.386676,24.482056]]]}},{"type":"Feature","properties":{},"geometry":{"type":"Polygon","coordinates":[[[54.384723,24.481946],[54.38456,24.482123],[54.3847,24.482223],[54.384863,24.482046],[54.384723,24.481946]]]}},{"type":"Feature","properties":{},"geometry":{"type":"Polygon","coordinates":[[[54.389809,24.482389],[54.389758,24.48246],[54.389889,24.48252],[54.389939,24.482448],[54.389809,24.482389]]]}},{"type":"Feature","properties":{},"geometry":{"type":"Polygon","coordinates":[[[54.387203,24.482327],[54.387134,24.482353],[54.386628,24.482961],[54.387018,24.483235],[54.387087,24.483209],[54.387599,24.482609],[54.387203,24.482327]]]}},{"type":"Feature","properties":{},"geometry":{"type":"Polygon","coordinates":[[[54.387829,24.485188],[54.38788,24.485234],[54.38797,24.485159],[54.387919,24.485113],[54.387829,24.485188]]]}},{"type":"Feature","properties":{},"geometry":{"type":"Polygon","coordinates":[[[54.389659,24.485745],[54.389615,24.485699],[54.389693,24.485636],[54.389584,24.485525],[54.389429,24.485644],[54.389582,24.485801],[54.389659,24.485745]]]}},{"type":"Feature","properties":{},"geometry":{"type":"Polygon","coordinates":[[[54.384605,24.486101],[54.384746,24.485949],[54.384913,24.486087],[54.384737,24.486261],[54.384828,24.486337],[54.384874,24.48632],[54.385139,24.486051],[54.384782,24.485761],[54.384736,24.485778],[54.384472,24.486044],[54.384559,24.486118],[54.384605,24.486101]]]}},{"type":"Feature","properties":{},"geometry":{"type":"Polygon","coordinates":[[[54.385417,24.486301],[54.385502,24.486217],[54.385451,24.486177],[54.385405,24.486194],[54.385357,24.48624],[54.385333,24.486218],[54.385373,24.48618],[54.385332,24.486138],[54.385268,24.486172],[54.38524,24.486147],[54.385194,24.486164],[54.385101,24.486253],[54.385497,24.486592],[54.385543,24.486575],[54.385722,24.486403],[54.385539,24.486245],[54.385493,24.486262],[54.385435,24.486317],[54.385417,24.486301]]]}},{"type":"Feature","properties":{},"geometry":{"type":"Polygon","coordinates":[[[54.387364,24.48671],[54.38735,24.486715],[54.387251,24.486824],[54.387299,24.486861],[54.387313,24.486855],[54.38741,24.486744],[54.387364,24.48671]]]}},{"type":"Feature","properties":{},"geometry":{"type":"Polygon","coordinates":[[[54.385113,24.486646],[54.385067,24.486663],[54.385011,24.486944],[54.385407,24.487006],[54.385453,24.486989],[54.385516,24.486706],[54.385113,24.486646]]]}},{"type":"Feature","properties":{},"geometry":{"type":"Polygon","coordinates":[[[54.387449,24.486816],[54.387366,24.486897],[54.387455,24.486963],[54.387539,24.486882],[54.387449,24.486816]]]}},{"type":"Feature","properties":{},"geometry":{"type":"Polygon","coordinates":[[[54.386453,24.486984],[54.386325,24.487115],[54.386411,24.487179],[54.386544,24.487055],[54.386453,24.486984]]]}},{"type":"Feature","properties":{},"geometry":{"type":"Polygon","coordinates":[[[54.384808,24.487298],[54.384717,24.487391],[54.384781,24.487435],[54.384873,24.487343],[54.384808,24.487298]]]}},{"type":"Feature","properties":{},"geometry":{"type":"Polygon","coordinates":[[[54.387253,24.487282],[54.387069,24.487297],[54.386903,24.487165],[54.386943,24.487126],[54.386854,24.487055],[54.386785,24.487081],[54.386446,24.487461],[54.386544,24.487538],[54.386604,24.487515],[54.38674,24.487616],[54.386758,24.487786],[54.386901,24.487772],[54.38697,24.487746],[54.386947,24.487591],[54.387075,24.487451],[54.387195,24.487437],[54.387264,24.487411],[54.387253,24.487282]]]}},{"type":"Feature","properties":{},"geometry":{"type":"Polygon","coordinates":[[[54.385311,24.488595],[54.38538,24.48857],[54.385542,24.488391],[54.38539,24.48828],[54.385439,24.488224],[54.385512,24.488201],[54.385607,24.488099],[54.385564,24.488067],[54.385602,24.488027],[54.385504,24.487955],[54.385521,24.487933],[54.38542,24.487862],[54.38534,24.487899],[54.385317,24.487884],[54.385248,24.48791],[54.384946,24.488257],[54.385102,24.488373],[54.385066,24.488413],[54.385042,24.488413],[54.385013,24.488469],[54.385068,24.488493],[54.385103,24.488447],[54.385311,24.488595]]]}},{"type":"Feature","properties":{},"geometry":{"type":"Polygon","coordinates":[[[54.386334,24.488328],[54.386082,24.488145],[54.386036,24.488162],[54.385901,24.488317],[54.385972,24.488371],[54.386018,24.488354],[54.386073,24.488289],[54.386158,24.488353],[54.386108,24.488321],[54.386062,24.488338],[54.386009,24.488396],[54.386139,24.488498],[54.386185,24.488481],[54.386334,24.488328]]]}},{"type":"Feature","properties":{},"geometry":{"type":"Polygon","coordinates":[[[54.386244,24.488629],[54.386462,24.488501],[54.386385,24.488388],[54.386101,24.488536],[54.386088,24.488527],[54.386123,24.488488],[54.385883,24.488306],[54.385837,24.488323],[54.385743,24.488425],[54.385988,24.488607],[54.386044,24.488581],[54.385934,24.488868],[54.38607,24.488912],[54.386116,24.488895],[54.386206,24.488671],[54.386244,24.488629]]]}},{"type":"Feature","properties":{},"geometry":{"type":"Polygon","coordinates":[[[54.384811,24.488694],[54.38505,24.488863],[54.385064,24.488858],[54.385141,24.488766],[54.384904,24.488593],[54.384811,24.488694]]]}},{"type":"Feature","properties":{},"geometry":{"type":"Polygon","coordinates":[[[54.384568,24.488761],[54.384921,24.489013],[54.384934,24.489008],[54.384976,24.488959],[54.384623,24.488707],[54.384568,24.488761]]]}},{"type":"Feature","properties":{},"geometry":{"type":"Polygon","coordinates":[[[54.385566,24.488889],[54.385813,24.489071],[54.385965,24.488909],[54.385897,24.488858],[54.385808,24.488944],[54.385711,24.488867],[54.385791,24.488776],[54.38572,24.488724],[54.385566,24.488889]]]}},{"type":"Feature","properties":{},"geometry":{"type":"Polygon","coordinates":[[[54.385123,24.488887],[54.38537,24.48907],[54.385524,24.48891],[54.385455,24.48886],[54.385368,24.488946],[54.385266,24.488868],[54.385348,24.488778],[54.385276,24.488729],[54.385123,24.488887]]]}},{"type":"Feature","properties":{},"geometry":{"type":"Polygon","coordinates":[[[54.385265,24.489056],[54.385204,24.48901],[54.385144,24.489066],[54.385187,24.488991],[54.385147,24.488972],[54.385084,24.489063],[54.385132,24.489079],[54.385116,24.489097],[54.385178,24.489143],[54.385265,24.489056]]]}},{"type":"Feature","properties":{},"geometry":{"type":"Polygon","coordinates":[[[54.385906,24.489036],[54.385851,24.489084],[54.385894,24.489119],[54.385949,24.489071],[54.385906,24.489036]]]}},{"type":"Feature","properties":{},"geometry":{"type":"Polygon","coordinates":[[[54.385515,24.48901],[54.385469,24.489027],[54.385221,24.489307],[54.385333,24.489385],[54.385379,24.489367],[54.385491,24.489238],[54.385452,24.489211],[54.385498,24.489156],[54.385603,24.489234],[54.385556,24.489285],[54.38562,24.489331],[54.385666,24.489314],[54.385766,24.489201],[54.385515,24.48901]]]}},{"type":"Feature","properties":{},"geometry":{"type":"Polygon","coordinates":[[[54.385846,24.489256],[54.385832,24.489261],[54.38574,24.489386],[54.385811,24.489429],[54.385825,24.489424],[54.385917,24.489299],[54.385846,24.489256]]]}},{"type":"Feature","properties":{},"geometry":{"type":"Polygon","coordinates":[[[54.386191,24.48966],[54.38632,24.489485],[54.386041,24.489309],[54.385995,24.489326],[54.385876,24.489482],[54.386145,24.489678],[54.386191,24.48966]]]}},{"type":"Feature","properties":{},"geometry":{"type":"Polygon","coordinates":[[[54.385581,24.489496],[54.386051,24.489825],[54.386065,24.48982],[54.386101,24.489776],[54.385634,24.489447],[54.385581,24.489496]]]}},{"type":"Feature","properties":{},"geometry":{"type":"Polygon","coordinates":[[[54.386094,24.489852],[54.386182,24.489916],[54.386232,24.489871],[54.386143,24.489808],[54.386094,24.489852]]]}},{"type":"Feature","properties":{},"geometry":{"type":"Polygon","coordinates":[[[54.386886,24.490041],[54.386883,24.490084],[54.386962,24.490082],[54.386964,24.490038],[54.386886,24.490041]]]}},{"type":"Feature","properties":{},"geometry":{"type":"Polygon","coordinates":[[[54.386821,24.490262],[54.387044,24.49042],[54.387178,24.490277],[54.386955,24.490116],[54.386821,24.490262]]]}},{"type":"Feature","properties":{},"geometry":{"type":"Polygon","coordinates":[[[54.386342,24.490856],[54.386304,24.490835],[54.386313,24.490821],[54.386213,24.490767],[54.386199,24.490772],[54.386144,24.490856],[54.386283,24.490931],[54.386342,24.490856]]]}},{"type":"Feature","properties":{},"geometry":{"type":"Polygon","coordinates":[[[54.386123,24.491795],[54.386157,24.491716],[54.386248,24.491786],[54.386277,24.491775],[54.386347,24.491691],[54.386237,24.491616],[54.386457,24.491498],[54.386623,24.4913],[54.385526,24.490487],[54.385497,24.490498],[54.384747,24.491389],[54.386179,24.492366],[54.386208,24.492355],[54.386267,24.492254],[54.386236,24.492187],[54.386149,24.492098],[54.386123,24.491932],[54.386123,24.491795]]]}},{"type":"Feature","properties":{},"geometry":{"type":"Polygon","coordinates":[[[54.384744,24.491426],[54.384706,24.491478],[54.384757,24.491499],[54.384794,24.491446],[54.384744,24.491426]]]}},{"type":"Feature","properties":{},"geometry":{"type":"Polygon","coordinates":[[[54.384615,24.491581],[54.384674,24.491632],[54.384726,24.491591],[54.384666,24.491539],[54.384615,24.491581]]]}},{"type":"Feature","properties":{},"geometry":{"type":"Polygon","coordinates":[[[54.384881,24.491855],[54.384574,24.491644],[54.38456,24.491649],[54.384493,24.491729],[54.384801,24.491941],[54.384881,24.491855]]]}},{"type":"Feature","properties":{},"geometry":{"type":"Polygon","coordinates":[[[54.384796,24.491952],[54.384513,24.491754],[54.3845,24.491759],[54.384471,24.491792],[54.384753,24.491991],[54.384796,24.491952]]]}},{"type":"Feature","properties":{},"geometry":{"type":"Polygon","coordinates":[[[54.385111,24.491866],[54.385094,24.491848],[54.38508,24.491853],[54.384924,24.491986],[54.385047,24.492106],[54.384958,24.492031],[54.384912,24.492048],[54.384854,24.492118],[54.384835,24.492107],[54.384788,24.492124],[54.384728,24.492171],[54.384658,24.492274],[54.384876,24.492396],[54.384922,24.492379],[54.385002,24.492261],[54.38497,24.492238],[54.385059,24.492183],[54.385093,24.492132],[54.385049,24.492107],[54.385089,24.492079],[54.385112,24.492102],[54.385126,24.492097],[54.385199,24.492035],[54.38515,24.491986],[54.385251,24.4919],[54.385171,24.491822],[54.385111,24.491866]],[[54.384922,24.492158],[54.384909,24.492178],[54.384904,24.492172],[54.384922,24.492158]]]}},{"type":"Feature","properties":{},"geometry":{"type":"Polygon","coordinates":[[[54.385452,24.491967],[54.385389,24.492063],[54.385432,24.492087],[54.385446,24.492082],[54.385509,24.491985],[54.385452,24.491967]]]}},{"type":"Feature","properties":{},"geometry":{"type":"Polygon","coordinates":[[[54.385246,24.492015],[54.385233,24.49202],[54.385086,24.492194],[54.385119,24.492217],[54.385133,24.492211],[54.385279,24.492037],[54.385246,24.492015]]]}},{"type":"Feature","properties":{},"geometry":{"type":"Polygon","coordinates":[[[54.384413,24.492565],[54.384507,24.492622],[54.384521,24.492617],[54.384553,24.492574],[54.384458,24.492517],[54.384413,24.492565]]]}},{"type":"Feature","properties":{},"geometry":{"type":"Polygon","coordinates":[[[54.385326,24.492264],[54.385426,24.49233],[54.385414,24.492342],[54.385342,24.492296],[54.385273,24.492322],[54.385098,24.49253],[54.386016,24.493194],[54.386085,24.493168],[54.386313,24.492575],[54.385554,24.492038],[54.385485,24.492063],[54.385326,24.492264]]]}},{"type":"Feature","properties":{},"geometry":{"type":"Polygon","coordinates":[[[54.384623,24.492653],[54.384555,24.492598],[54.384514,24.49263],[54.384661,24.492752],[54.384731,24.492691],[54.384655,24.492629],[54.384623,24.492653]]]}},{"type":"Feature","properties":{},"geometry":{"type":"Polygon","coordinates":[[[54.384797,24.492733],[54.384737,24.492803],[54.384846,24.492869],[54.384907,24.492799],[54.384797,24.492733]]]}},{"type":"Feature","properties":{},"geometry":{"type":"Polygon","coordinates":[[[54.388344,24.492845],[54.388319,24.492834],[54.388221,24.492863],[54.388153,24.49291],[54.387736,24.493624],[54.387918,24.493693],[54.387987,24.493667],[54.388409,24.492957],[54.388344,24.492845]]]}},{"type":"Feature","properties":{},"geometry":{"type":"Polygon","coordinates":[[[54.384399,24.494132],[54.384548,24.494076],[54.384707,24.493885],[54.38521,24.49423],[54.38536,24.494175],[54.385517,24.493985],[54.384727,24.493442],[54.384577,24.493498],[54.384177,24.49398],[54.384399,24.494132]]]}},{"type":"Feature","properties":{},"geometry":{"type":"Polygon","coordinates":[[[54.388366,24.493923],[54.388371,24.49396],[54.388498,24.493941],[54.388493,24.493904],[54.388366,24.493923]]]}},{"type":"Feature","properties":{},"geometry":{"type":"Polygon","coordinates":[[[54.389223,24.494106],[54.389194,24.494083],[54.389223,24.494038],[54.389194,24.494015],[54.389225,24.493982],[54.389223,24.493943],[54.389208,24.49393],[54.389225,24.493913],[54.389183,24.493879],[54.389235,24.493825],[54.389231,24.49374],[54.389188,24.493707],[54.389216,24.493696],[54.389214,24.493647],[54.389112,24.493651],[54.389108,24.493557],[54.389031,24.493561],[54.388959,24.49359],[54.38898,24.494028],[54.38907,24.494099],[54.389032,24.494138],[54.389065,24.4948],[54.389154,24.494797],[54.389162,24.494957],[54.389273,24.494953],[54.389342,24.494927],[54.389308,24.494232],[54.390101,24.494141],[54.39017,24.494115],[54.390121,24.493761],[54.389311,24.493854],[54.389242,24.49388],[54.389286,24.494191],[54.389225,24.494194],[54.389207,24.494179],[54.389226,24.494172],[54.389223,24.494106]]]}},{"type":"Feature","properties":{},"geometry":{"type":"Polygon","coordinates":[[[54.388299,24.49397],[54.388266,24.494089],[54.388338,24.494097],[54.388371,24.493978],[54.388299,24.49397]]]}},{"type":"Feature","properties":{},"geometry":{"type":"Polygon","coordinates":[[[54.387541,24.494017],[54.387251,24.494721],[54.387591,24.49495],[54.387698,24.49491],[54.387827,24.494738],[54.387628,24.494616],[54.387759,24.494297],[54.387873,24.494334],[54.387981,24.494294],[54.388056,24.494112],[54.387649,24.493977],[54.387541,24.494017]]]}},{"type":"Feature","properties":{},"geometry":{"type":"Polygon","coordinates":[[[54.385292,24.494765],[54.385256,24.494756],[54.38512,24.494931],[54.385211,24.495001],[54.385297,24.495045],[54.385443,24.494869],[54.385372,24.494824],[54.385403,24.494783],[54.385326,24.494734],[54.385292,24.494765]]]}},{"type":"Feature","properties":{},"geometry":{"type":"Polygon","coordinates":[[[54.388132,24.49571],[54.388145,24.495819],[54.388218,24.495812],[54.388226,24.495874],[54.388496,24.495844],[54.388485,24.495747],[54.388404,24.495755],[54.388398,24.495709],[54.388299,24.495719],[54.388296,24.49569],[54.388132,24.49571]]]}},{"type":"Feature","properties":{},"geometry":{"type":"Polygon","coordinates":[[[54.387574,24.496068],[54.387505,24.496093],[54.387597,24.496786],[54.388348,24.496704],[54.388417,24.496678],[54.388325,24.495985],[54.387574,24.496068]]]}},{"type":"Feature","properties":{},"geometry":{"type":"Polygon","coordinates":[[[54.386558,24.497313],[54.386567,24.49739],[54.386529,24.497397],[54.386573,24.497759],[54.386612,24.497755],[54.386631,24.497913],[54.386603,24.497919],[54.386615,24.498013],[54.386655,24.498009],[54.386698,24.498361],[54.386663,24.498367],[54.386671,24.498436],[54.386719,24.498431],[54.38676,24.49877],[54.387145,24.498729],[54.387125,24.498567],[54.387246,24.498547],[54.387223,24.498349],[54.38761,24.49832],[54.387651,24.498305],[54.387636,24.498174],[54.38779,24.498159],[54.387803,24.498266],[54.387953,24.49825],[54.388054,24.498213],[54.388057,24.498236],[54.388198,24.498221],[54.388313,24.498178],[54.388298,24.498063],[54.388782,24.498006],[54.388707,24.497432],[54.388902,24.497414],[54.388971,24.497388],[54.388962,24.497314],[54.388982,24.497306],[54.38896,24.497113],[54.388935,24.497116],[54.388926,24.497036],[54.388658,24.497062],[54.388649,24.496995],[54.387604,24.497104],[54.387575,24.497115],[54.387587,24.497217],[54.387525,24.497221],[54.38752,24.497188],[54.387077,24.497236],[54.387055,24.497067],[54.387325,24.497035],[54.387311,24.496928],[54.38704,24.496954],[54.38694,24.496187],[54.38668,24.496223],[54.386821,24.497284],[54.386558,24.497313]]]}},{"type":"Feature","properties":{},"geometry":{"type":"Polygon","coordinates":[[[54.384421,24.497102],[54.384333,24.497201],[54.384402,24.497247],[54.384491,24.497147],[54.384421,24.497102]]]}},{"type":"Feature","properties":{},"geometry":{"type":"Polygon","coordinates":[[[54.389683,24.497601],[54.389601,24.497604],[54.389588,24.497609],[54.38959,24.497658],[54.389528,24.497665],[54.389535,24.497811],[54.38975,24.497793],[54.389743,24.497623],[54.389684,24.497625],[54.389683,24.497601]]]}},{"type":"Feature","properties":{},"geometry":{"type":"Polygon","coordinates":[[[54.386821,24.498921],[54.386817,24.498866],[54.386633,24.49889],[54.386639,24.498944],[54.386821,24.498921]]]}},{"type":"Feature","properties":{},"geometry":{"type":"Polygon","coordinates":[[[54.389961,24.499853],[54.390286,24.502375],[54.389868,24.502417],[54.389851,24.502276],[54.38862,24.50241],[54.388725,24.503241],[54.389955,24.503108],[54.389888,24.502572],[54.390305,24.502524],[54.39038,24.503109],[54.391157,24.503036],[54.391101,24.502528],[54.391418,24.50248],[54.39098,24.498843],[54.389852,24.498977],[54.389942,24.499685],[54.389471,24.499728],[54.389403,24.499085],[54.387988,24.499207],[54.388087,24.500128],[54.388807,24.500056],[54.388818,24.500148],[54.389048,24.500125],[54.389065,24.500119],[54.389053,24.500017],[54.38948,24.499979],[54.389497,24.499972],[54.389489,24.499901],[54.389961,24.499853]]]}},{"type":"Feature","properties":{},"geometry":{"type":"Polygon","coordinates":[[[54.388076,24.500869],[54.387902,24.500912],[54.387995,24.501057],[54.38803,24.501147],[54.388168,24.501022],[54.388232,24.501598],[54.388112,24.501492],[54.388095,24.501498],[54.388102,24.501577],[54.388036,24.501758],[54.388139,24.501768],[54.388117,24.501877],[54.387927,24.502074],[54.387895,24.502065],[54.387823,24.502142],[54.387851,24.502164],[54.387568,24.502503],[54.387593,24.502528],[54.387454,24.502831],[54.387561,24.502866],[54.387639,24.503039],[54.387577,24.503046],[54.387411,24.503108],[54.387411,24.503121],[54.387363,24.503126],[54.387197,24.503187],[54.387173,24.503312],[54.387504,24.503267],[54.387509,24.503453],[54.388232,24.503194],[54.388072,24.503066],[54.388044,24.503076],[54.387896,24.50273],[54.388085,24.502402],[54.388914,24.502335],[54.388953,24.502321],[54.389363,24.502283],[54.38938,24.502276],[54.389362,24.502093],[54.389482,24.502084],[54.389783,24.501969],[54.389737,24.501471],[54.389597,24.501482],[54.389594,24.501451],[54.389464,24.501461],[54.389306,24.50152],[54.389295,24.501406],[54.389356,24.501286],[54.389429,24.501256],[54.389562,24.501272],[54.389668,24.501319],[54.389685,24.501313],[54.389647,24.500933],[54.389444,24.50104],[54.389335,24.501049],[54.389208,24.500967],[54.389197,24.500878],[54.389322,24.500865],[54.389628,24.500753],[54.389567,24.500249],[54.389426,24.500263],[54.389421,24.500227],[54.389282,24.500242],[54.38913,24.500298],[54.389113,24.500147],[54.388807,24.500174],[54.388793,24.500075],[54.388104,24.50016],[54.387841,24.500174],[54.387727,24.499275],[54.386775,24.499375],[54.386706,24.499401],[54.386699,24.499532],[54.386801,24.499791],[54.38676,24.49981],[54.386748,24.499845],[54.38676,24.499888],[54.386831,24.499931],[54.386901,24.49994],[54.387166,24.500235],[54.38739,24.500413],[54.387454,24.500406],[54.387515,24.500468],[54.388076,24.500869]],[[54.387646,24.502581],[54.387665,24.5026],[54.387657,24.502602],[54.387646,24.502581]]]}},{"type":"Feature","properties":{},"geometry":{"type":"Polygon","coordinates":[[[54.38912,24.503272],[54.389119,24.503325],[54.38924,24.503322],[54.389242,24.503268],[54.38912,24.503272]]]}},{"type":"Feature","properties":{},"geometry":{"type":"Polygon","coordinates":[[[54.388723,24.503333],[54.38873,24.503383],[54.388959,24.503353],[54.388952,24.503303],[54.388723,24.503333]]]}},{"type":"Feature","properties":{},"geometry":{"type":"Polygon","coordinates":[[[54.38797,24.50361],[54.387981,24.503651],[54.38806,24.503632],[54.388048,24.50359],[54.38797,24.50361]]]}},{"type":"Feature","properties":{},"geometry":{"type":"Polygon","coordinates":[[[54.387387,24.503989],[54.387393,24.504031],[54.387525,24.504011],[54.387519,24.503969],[54.387387,24.503989]]]}},{"type":"Feature","properties":{},"geometry":{"type":"Polygon","coordinates":[[[54.387475,24.504025],[54.387479,24.504106],[54.387557,24.504098],[54.387554,24.504018],[54.387475,24.504025]]]}},{"type":"Feature","properties":{},"geometry":{"type":"Polygon","coordinates":[[[54.387348,24.504045],[54.387356,24.504092],[54.387414,24.50408],[54.387406,24.504034],[54.387348,24.504045]]]}},{"type":"Feature","properties":{},"geometry":{"type":"Polygon","coordinates":[[[54.389139,24.507033],[54.389142,24.507067],[54.389251,24.507055],[54.389248,24.507021],[54.389139,24.507033]]]}},{"type":"Feature","properties":{},"geometry":{"type":"Polygon","coordinates":[[[54.390566,24.482464],[54.390549,24.482587],[54.390697,24.482594],[54.390718,24.482472],[54.390566,24.482464]]]}},{"type":"Feature","properties":{},"geometry":{"type":"Polygon","coordinates":[[[54.390942,24.482565],[54.390928,24.48257],[54.390811,24.482777],[54.390898,24.482821],[54.390912,24.482816],[54.391035,24.482607],[54.390942,24.482565]]]}},{"type":"Feature","properties":{},"geometry":{"type":"Polygon","coordinates":[[[54.391062,24.48262],[54.391049,24.482626],[54.390933,24.482833],[54.391014,24.482872],[54.391028,24.482867],[54.391149,24.48266],[54.391062,24.48262]]]}},{"type":"Feature","properties":{},"geometry":{"type":"Polygon","coordinates":[[[54.390447,24.48274],[54.390696,24.482878],[54.39071,24.482873],[54.390765,24.482792],[54.390518,24.482654],[54.390447,24.48274]]]}},{"type":"Feature","properties":{},"geometry":{"type":"Polygon","coordinates":[[[54.391221,24.482884],[54.391367,24.482951],[54.391292,24.48308],[54.391056,24.482942],[54.390983,24.48303],[54.391224,24.483173],[54.391247,24.483155],[54.391229,24.483187],[54.391457,24.4833],[54.391503,24.483283],[54.39158,24.48316],[54.39149,24.483096],[54.391545,24.483005],[54.391621,24.48302],[54.391667,24.483003],[54.391742,24.482883],[54.391509,24.482769],[54.391456,24.482799],[54.391195,24.48268],[54.391141,24.482755],[54.391242,24.482803],[54.391233,24.482821],[54.39125,24.48283],[54.391234,24.48286],[54.391177,24.482844],[54.391136,24.482907],[54.391195,24.482925],[54.391221,24.482884]]]}},{"type":"Feature","properties":{},"geometry":{"type":"Polygon","coordinates":[[[54.389997,24.482755],[54.389894,24.48283],[54.389958,24.482899],[54.390062,24.482824],[54.389997,24.482755]]]}},{"type":"Feature","properties":{},"geometry":{"type":"Polygon","coordinates":[[[54.392141,24.483051],[54.392042,24.483006],[54.392028,24.483011],[54.392008,24.483048],[54.392104,24.483095],[54.392141,24.483051]]]}},{"type":"Feature","properties":{},"geometry":{"type":"Polygon","coordinates":[[[54.392174,24.483027],[54.392132,24.483083],[54.392248,24.483129],[54.392193,24.483223],[54.392247,24.483248],[54.392319,24.48314],[54.392257,24.483118],[54.392281,24.483077],[54.392174,24.483027]]]}},{"type":"Feature","properties":{},"geometry":{"type":"Polygon","coordinates":[[[54.392268,24.483317],[54.392361,24.48336],[54.392476,24.48318],[54.392379,24.483134],[54.392268,24.483317]]]}},{"type":"Feature","properties":{},"geometry":{"type":"Polygon","coordinates":[[[54.391503,24.483422],[54.391612,24.483457],[54.391627,24.483427],[54.391532,24.483387],[54.391503,24.483422]]]}},{"type":"Feature","properties":{},"geometry":{"type":"Polygon","coordinates":[[[54.391174,24.483728],[54.39122,24.483711],[54.3913,24.483619],[54.391286,24.483608],[54.391324,24.483594],[54.391408,24.483498],[54.391224,24.483358],[54.391178,24.483375],[54.390968,24.483581],[54.391174,24.483728]]]}},{"type":"Feature","properties":{},"geometry":{"type":"Polygon","coordinates":[[[54.391411,24.48382],[54.391274,24.483685],[54.391172,24.483765],[54.39131,24.483901],[54.391411,24.48382]]]}},{"type":"Feature","properties":{},"geometry":{"type":"Polygon","coordinates":[[[54.39089,24.484485],[54.390771,24.484369],[54.390666,24.484452],[54.390785,24.484568],[54.39089,24.484485]]]}},{"type":"Feature","properties":{},"geometry":{"type":"Polygon","coordinates":[[[54.394275,24.4876],[54.394229,24.487617],[54.394049,24.487773],[54.394067,24.48779],[54.39402,24.48783],[54.394146,24.48795],[54.394129,24.487965],[54.394452,24.488329],[54.394475,24.48832],[54.394631,24.488479],[54.394776,24.488425],[54.394805,24.488455],[54.394968,24.488395],[54.395185,24.488219],[54.395111,24.488144],[54.395209,24.488065],[54.395036,24.487889],[54.394861,24.487637],[54.394986,24.48759],[54.39537,24.487249],[54.395338,24.487219],[54.395256,24.487186],[54.395144,24.487174],[54.395019,24.487192],[54.39485,24.487255],[54.3948,24.487298],[54.394843,24.487338],[54.394721,24.487446],[54.39462,24.487343],[54.394509,24.487381],[54.394323,24.487532],[54.394466,24.487678],[54.394408,24.487727],[54.394275,24.4876]]]}},{"type":"Feature","properties":{},"geometry":{"type":"Polygon","coordinates":[[[54.392446,24.488995],[54.392639,24.48909],[54.392822,24.489259],[54.392869,24.489325],[54.393238,24.489178],[54.393255,24.489282],[54.393803,24.489206],[54.39375,24.488869],[54.393172,24.488945],[54.393098,24.488906],[54.393043,24.488846],[54.393017,24.488786],[54.39301,24.488722],[54.393024,24.488658],[54.393057,24.488601],[54.393106,24.488554],[54.393169,24.488524],[54.393708,24.488472],[54.393649,24.487917],[54.392855,24.487991],[54.392892,24.488347],[54.392646,24.488652],[54.392483,24.488575],[54.392314,24.488534],[54.392297,24.48854],[54.39228,24.488622],[54.392198,24.488612],[54.392107,24.488947],[54.392286,24.488955],[54.392446,24.488995]]]}},{"type":"Feature","properties":{},"geometry":{"type":"Polygon","coordinates":[[[54.394622,24.488843],[54.39452,24.488853],[54.394508,24.488755],[54.394327,24.488773],[54.394169,24.488831],[54.394177,24.488892],[54.394032,24.488946],[54.394073,24.489294],[54.394226,24.489279],[54.39424,24.489396],[54.394427,24.489378],[54.394585,24.489319],[54.394575,24.48923],[54.394664,24.489197],[54.394622,24.488843]]]}},{"type":"Feature","properties":{},"geometry":{"type":"Polygon","coordinates":[[[54.394704,24.489573],[54.394603,24.489582],[54.394592,24.489484],[54.39441,24.489501],[54.394252,24.48956],[54.394259,24.48962],[54.394113,24.489674],[54.394154,24.490025],[54.394307,24.490011],[54.394323,24.490155],[54.394511,24.490137],[54.394669,24.490078],[54.394655,24.489958],[54.394745,24.489924],[54.394704,24.489573]]]}},{"type":"Feature","properties":{},"geometry":{"type":"Polygon","coordinates":[[[54.392368,24.490876],[54.392486,24.490876],[54.392552,24.491004],[54.392967,24.490949],[54.393283,24.491136],[54.393382,24.491022],[54.393462,24.49112],[54.393555,24.491174],[54.393661,24.491199],[54.393747,24.491195],[54.393432,24.491578],[54.393484,24.491723],[54.393821,24.491955],[54.395053,24.490483],[54.394882,24.49037],[54.394497,24.490409],[54.394343,24.490472],[54.394056,24.49082],[54.394011,24.490704],[54.393938,24.490627],[54.393842,24.490574],[54.393734,24.490551],[54.39384,24.490494],[54.393978,24.490318],[54.393891,24.489814],[54.393513,24.489847],[54.393237,24.48969],[54.392995,24.489698],[54.392978,24.489704],[54.392882,24.490093],[54.392839,24.490184],[54.392755,24.490286],[54.392712,24.490288],[54.39258,24.490367],[54.392344,24.490476],[54.392143,24.490511],[54.391935,24.490511],[54.391736,24.490465],[54.391718,24.490471],[54.391703,24.490508],[54.391718,24.490583],[54.391682,24.490606],[54.391634,24.490716],[54.391706,24.490786],[54.391925,24.490828],[54.392285,24.49094],[54.392368,24.490876]]]}},{"type":"Feature","properties":{},"geometry":{"type":"Polygon","coordinates":[[[54.392433,24.491485],[54.392502,24.49146],[54.39249,24.49136],[54.392826,24.491325],[54.392896,24.4913],[54.392869,24.491091],[54.392169,24.491164],[54.392099,24.49119],[54.392141,24.491516],[54.392433,24.491485]]]}},{"type":"Feature","properties":{},"geometry":{"type":"Polygon","coordinates":[[[54.394826,24.491916],[54.394884,24.491895],[54.394963,24.491952],[54.395132,24.491889],[54.395234,24.491772],[54.395139,24.491703],[54.395182,24.491654],[54.394932,24.491475],[54.394763,24.491538],[54.394585,24.491743],[54.394826,24.491916]]]}},{"type":"Feature","properties":{},"geometry":{"type":"Polygon","coordinates":[[[54.39299,24.491892],[54.392934,24.491532],[54.39246,24.491593],[54.392267,24.491665],[54.392353,24.492218],[54.392769,24.492165],[54.392963,24.492093],[54.39299,24.491892]]]}},{"type":"Feature","properties":{},"geometry":{"type":"Polygon","coordinates":[[[54.394662,24.491877],[54.394589,24.491904],[54.394529,24.491865],[54.394359,24.491928],[54.394226,24.492096],[54.394317,24.492156],[54.394278,24.492204],[54.394414,24.492294],[54.39455,24.492243],[54.394583,24.492265],[54.394752,24.492202],[54.394827,24.492108],[54.394752,24.492059],[54.394815,24.491978],[54.394662,24.491877]]]}},{"type":"Feature","properties":{},"geometry":{"type":"Polygon","coordinates":[[[54.393628,24.492312],[54.393869,24.492485],[54.393927,24.492463],[54.394006,24.49252],[54.394184,24.492454],[54.394285,24.492338],[54.39419,24.492269],[54.394233,24.49222],[54.393984,24.49204],[54.393806,24.492106],[54.393628,24.492312]]]}},{"type":"Feature","properties":{},"geometry":{"type":"Polygon","coordinates":[[[54.392226,24.492479],[54.392029,24.492552],[54.392092,24.492938],[54.392673,24.49286],[54.39287,24.492786],[54.392808,24.492401],[54.392226,24.492479]]]}},{"type":"Feature","properties":{},"geometry":{"type":"Polygon","coordinates":[[[54.390587,24.492771],[54.390385,24.492947],[54.390491,24.493044],[54.390693,24.492868],[54.390587,24.492771]]]}},{"type":"Feature","properties":{},"geometry":{"type":"Polygon","coordinates":[[[54.393323,24.494489],[54.393264,24.494508],[54.393298,24.494747],[54.393567,24.494715],[54.393613,24.494698],[54.393582,24.494482],[54.393522,24.49449],[54.393515,24.494441],[54.393321,24.494476],[54.393323,24.494489]]]}},{"type":"Feature","properties":{},"geometry":{"type":"Polygon","coordinates":[[[54.392676,24.495443],[54.392607,24.495469],[54.392672,24.496106],[54.392768,24.49606],[54.393587,24.495979],[54.393656,24.495953],[54.39361,24.495604],[54.39367,24.496034],[54.393795,24.49602],[54.393864,24.495994],[54.394046,24.495832],[54.394216,24.495812],[54.394285,24.495786],[54.3942,24.495176],[54.393632,24.495242],[54.393563,24.495268],[54.39357,24.495316],[54.392676,24.495443]]]}},{"type":"Feature","properties":{},"geometry":{"type":"Polygon","coordinates":[[[54.390509,24.496344],[54.390506,24.49627],[54.390381,24.496277],[54.390378,24.496257],[54.390448,24.496231],[54.390436,24.496134],[54.390499,24.496128],[54.3905,24.496152],[54.390543,24.49615],[54.390554,24.496337],[54.390643,24.496328],[54.39063,24.496099],[54.390616,24.4961],[54.390627,24.496096],[54.390576,24.495677],[54.390095,24.495735],[54.390099,24.495842],[54.390169,24.49584],[54.390192,24.496028],[54.390078,24.496058],[54.390087,24.496133],[54.390104,24.496131],[54.390136,24.496389],[54.39032,24.496371],[54.390378,24.496349],[54.390509,24.496344]]]}},{"type":"Feature","properties":{},"geometry":{"type":"Polygon","coordinates":[[[54.389827,24.495827],[54.389848,24.495933],[54.389955,24.495913],[54.389935,24.495807],[54.389827,24.495827]]]}},{"type":"Feature","properties":{},"geometry":{"type":"Polygon","coordinates":[[[54.391541,24.496979],[54.391527,24.496984],[54.391529,24.497023],[54.391649,24.497018],[54.391663,24.497013],[54.391661,24.496974],[54.391541,24.496979]]]}},{"type":"Feature","properties":{},"geometry":{"type":"Polygon","coordinates":[[[54.391408,24.49699],[54.391407,24.497024],[54.391496,24.497021],[54.391497,24.496987],[54.391408,24.49699]]]}},{"type":"Feature","properties":{},"geometry":{"type":"Polygon","coordinates":[[[54.391594,24.497095],[54.391601,24.497133],[54.39167,24.497118],[54.391662,24.49708],[54.391594,24.497095]]]}},{"type":"Feature","properties":{},"geometry":{"type":"Polygon","coordinates":[[[54.391309,24.497052],[54.391172,24.497055],[54.39117,24.49715],[54.39129,24.497151],[54.391309,24.497052]]]}},{"type":"Feature","properties":{},"geometry":{"type":"Polygon","coordinates":[[[54.394241,24.497132],[54.394321,24.497416],[54.394572,24.497534],[54.394769,24.497442],[54.394885,24.497348],[54.394874,24.497274],[54.394918,24.497211],[54.394997,24.497172],[54.39503,24.497114],[54.394542,24.496821],[54.394473,24.496847],[54.394241,24.497132]]]}},{"type":"Feature","properties":{},"geometry":{"type":"Polygon","coordinates":[[[54.391218,24.497183],[54.391216,24.497246],[54.391343,24.497244],[54.391345,24.497181],[54.391218,24.497183]]]}},{"type":"Feature","properties":{},"geometry":{"type":"Polygon","coordinates":[[[54.391913,24.49816],[54.391881,24.497941],[54.391505,24.497815],[54.391178,24.497953],[54.391214,24.498193],[54.391306,24.498249],[54.391722,24.49823],[54.391913,24.49816]]]}},{"type":"Feature","properties":{},"geometry":{"type":"Polygon","coordinates":[[[54.393299,24.498121],[54.393296,24.498202],[54.393352,24.498198],[54.393355,24.498117],[54.393299,24.498121]]]}},{"type":"Feature","properties":{},"geometry":{"type":"Polygon","coordinates":[[[54.389896,24.498215],[54.389758,24.498266],[54.389802,24.49862],[54.390835,24.498513],[54.390974,24.498461],[54.390929,24.498107],[54.389896,24.498215]]]}},{"type":"Feature","properties":{},"geometry":{"type":"Polygon","coordinates":[[[54.393397,24.498686],[54.393552,24.499691],[54.395301,24.499497],[54.39537,24.499471],[54.39526,24.498664],[54.395136,24.498542],[54.393466,24.49866],[54.393397,24.498686]]]}},{"type":"Feature","properties":{},"geometry":{"type":"Polygon","coordinates":[[[54.394855,24.500342],[54.394876,24.500456],[54.394937,24.500444],[54.394916,24.50033],[54.394855,24.500342]]]}},{"type":"Feature","properties":{},"geometry":{"type":"Polygon","coordinates":[[[54.391889,24.500727],[54.391623,24.500751],[54.391577,24.500768],[54.391614,24.501016],[54.391875,24.500986],[54.391921,24.500969],[54.391889,24.500727]]]}},{"type":"Feature","properties":{},"geometry":{"type":"Polygon","coordinates":[[[54.392077,24.503638],[54.392085,24.503688],[54.392191,24.50367],[54.392183,24.503621],[54.392077,24.503638]]]}},{"type":"Feature","properties":{},"geometry":{"type":"Polygon","coordinates":[[[54.392449,24.503768],[54.392449,24.503817],[54.392554,24.503811],[54.392554,24.503762],[54.392449,24.503768]]]}},{"type":"Feature","properties":{},"geometry":{"type":"Polygon","coordinates":[[[54.392091,24.503742],[54.392097,24.503844],[54.392274,24.503831],[54.392268,24.503729],[54.392091,24.503742]]]}},{"type":"Feature","properties":{},"geometry":{"type":"Polygon","coordinates":[[[54.392333,24.503911],[54.392365,24.504132],[54.39259,24.504102],[54.392558,24.503881],[54.392333,24.503911]]]}},{"type":"Feature","properties":{},"geometry":{"type":"Polygon","coordinates":[[[54.39204,24.503945],[54.392051,24.504138],[54.392102,24.504135],[54.392116,24.50413],[54.392104,24.503938],[54.39204,24.503945]]]}},{"type":"Feature","properties":{},"geometry":{"type":"Polygon","coordinates":[[[54.392118,24.503944],[54.392176,24.504449],[54.392283,24.504439],[54.392329,24.504421],[54.392272,24.503917],[54.392118,24.503944]]]}},{"type":"Feature","properties":{},"geometry":{"type":"Polygon","coordinates":[[[54.392497,24.504273],[54.392509,24.504309],[54.392592,24.504285],[54.39258,24.504249],[54.392497,24.504273]]]}},{"type":"Feature","properties":{},"geometry":{"type":"Polygon","coordinates":[[[54.392367,24.504176],[54.392383,24.504412],[54.392504,24.504401],[54.392488,24.504165],[54.392367,24.504176]]]}},{"type":"Feature","properties":{},"geometry":{"type":"Polygon","coordinates":[[[54.392076,24.504232],[54.392084,24.504401],[54.392147,24.504393],[54.392139,24.504225],[54.392076,24.504232]]]}},{"type":"Feature","properties":{},"geometry":{"type":"Polygon","coordinates":[[[54.392177,24.504496],[54.392131,24.504513],[54.392164,24.504788],[54.392607,24.504744],[54.392653,24.504727],[54.39262,24.504452],[54.392177,24.504496]]]}},{"type":"Feature","properties":{},"geometry":{"type":"Polygon","coordinates":[[[54.392159,24.504868],[54.392167,24.504948],[54.392236,24.504938],[54.392228,24.504858],[54.392159,24.504868]]]}},{"type":"Feature","properties":{},"geometry":{"type":"Polygon","coordinates":[[[54.392439,24.50483],[54.392468,24.505079],[54.392592,24.505063],[54.392563,24.504815],[54.392439,24.50483]]]}},{"type":"Feature","properties":{},"geometry":{"type":"Polygon","coordinates":[[[54.392305,24.505089],[54.392308,24.505198],[54.392434,24.505191],[54.392431,24.505081],[54.392305,24.505089]]]}},{"type":"Feature","properties":{},"geometry":{"type":"Polygon","coordinates":[[[54.392195,24.50511],[54.392197,24.505219],[54.392269,24.505212],[54.392266,24.505103],[54.392195,24.50511]]]}},{"type":"Feature","properties":{},"geometry":{"type":"Polygon","coordinates":[[[54.392522,24.505149],[54.392476,24.505166],[54.392512,24.505665],[54.392727,24.505653],[54.392773,24.505636],[54.392737,24.505136],[54.392522,24.505149]]]}},{"type":"Feature","properties":{},"geometry":{"type":"Polygon","coordinates":[[[54.390013,24.505457],[54.389993,24.505205],[54.389795,24.505218],[54.389749,24.505235],[54.389757,24.505337],[54.389685,24.505346],[54.389688,24.505381],[54.389626,24.505389],[54.389644,24.50562],[54.389778,24.505608],[54.389796,24.505828],[54.39001,24.505814],[54.390056,24.505797],[54.390029,24.505456],[54.390013,24.505457]]]}},{"type":"Feature","properties":{},"geometry":{"type":"Polygon","coordinates":[[[54.391756,24.506815],[54.391762,24.506861],[54.391865,24.506847],[54.391859,24.506801],[54.391756,24.506815]]]}},{"type":"Feature","properties":{},"geometry":{"type":"Polygon","coordinates":[[[54.392098,24.506888],[54.392088,24.506846],[54.391964,24.506874],[54.391987,24.506964],[54.392067,24.506945],[54.392055,24.506899],[54.392098,24.506888]]]}},{"type":"Feature","properties":{},"geometry":{"type":"Polygon","coordinates":[[[54.391866,24.506902],[54.391874,24.506963],[54.391924,24.506953],[54.391916,24.506892],[54.391866,24.506902]]]}},{"type":"Feature","properties":{},"geometry":{"type":"Polygon","coordinates":[[[54.39253,24.506794],[54.392484,24.506812],[54.39251,24.507154],[54.392695,24.507142],[54.392741,24.507125],[54.392715,24.506783],[54.39253,24.506794]]]}},{"type":"Feature","properties":{},"geometry":{"type":"Polygon","coordinates":[[[54.3918,24.50706],[54.391802,24.507149],[54.391942,24.507142],[54.39194,24.507053],[54.3918,24.50706]]]}},{"type":"Feature","properties":{},"geometry":{"type":"Polygon","coordinates":[[[54.39289,24.507165],[54.392897,24.507219],[54.392992,24.507205],[54.392985,24.507152],[54.39289,24.507165]]]}},{"type":"Feature","properties":{},"geometry":{"type":"Polygon","coordinates":[[[54.391531,24.507352],[54.391485,24.507369],[54.391495,24.507507],[54.391898,24.507483],[54.391944,24.507466],[54.391934,24.507327],[54.391531,24.507352]]]}},{"type":"Feature","properties":{},"geometry":{"type":"Polygon","coordinates":[[[54.391033,24.507434],[54.391032,24.507515],[54.391179,24.507511],[54.39118,24.507431],[54.391033,24.507434]]]}},{"type":"Feature","properties":{},"geometry":{"type":"Polygon","coordinates":[[[54.393104,24.508696],[54.39309,24.508701],[54.393088,24.508736],[54.393202,24.508739],[54.393216,24.508734],[54.393217,24.5087],[54.393104,24.508696]]]}},{"type":"Feature","properties":{},"geometry":{"type":"Polygon","coordinates":[[[54.39297,24.508709],[54.392956,24.508714],[54.392957,24.508744],[54.393074,24.508742],[54.393088,24.508737],[54.393088,24.508707],[54.39297,24.508709]]]}},{"type":"Feature","properties":{},"geometry":{"type":"Polygon","coordinates":[[[54.39359,24.509101],[54.393593,24.509156],[54.393658,24.509149],[54.393655,24.509094],[54.39359,24.509101]]]}},{"type":"Feature","properties":{},"geometry":{"type":"Polygon","coordinates":[[[54.393334,24.509406],[54.39332,24.509411],[54.393274,24.509438],[54.393307,24.509484],[54.393082,24.509592],[54.393218,24.509813],[54.393625,24.509616],[54.393613,24.509596],[54.393795,24.509504],[54.393563,24.509125],[54.3933,24.50925],[54.393313,24.509272],[54.393303,24.509277],[54.393436,24.509473],[54.393335,24.509524],[54.393324,24.509504],[54.393382,24.509472],[54.393334,24.509406]]]}},{"type":"Feature","properties":{},"geometry":{"type":"Polygon","coordinates":[[[54.393804,24.509394],[54.393841,24.509453],[54.393889,24.50943],[54.393853,24.509371],[54.393804,24.509394]]]}},{"type":"Feature","properties":{},"geometry":{"type":"Polygon","coordinates":[[[54.393964,24.509634],[54.393998,24.509683],[54.394052,24.509655],[54.394018,24.509606],[54.393964,24.509634]]]}},{"type":"Feature","properties":{},"geometry":{"type":"Polygon","coordinates":[[[54.394003,24.509688],[54.394064,24.509779],[54.394119,24.509751],[54.394058,24.50966],[54.394003,24.509688]]]}},{"type":"Feature","properties":{},"geometry":{"type":"Polygon","coordinates":[[[54.393021,24.509696],[54.392979,24.509743],[54.393049,24.509783],[54.393091,24.509737],[54.393021,24.509696]]]}},{"type":"Feature","properties":{},"geometry":{"type":"Polygon","coordinates":[[[54.394017,24.509812],[54.394063,24.509899],[54.394173,24.509852],[54.394128,24.509765],[54.394017,24.509812]]]}},{"type":"Feature","properties":{},"geometry":{"type":"Polygon","coordinates":[[[54.393855,24.50996],[54.39386,24.509996],[54.393916,24.509985],[54.393911,24.50995],[54.393855,24.50996]]]}},{"type":"Feature","properties":{},"geometry":{"type":"Polygon","coordinates":[[[54.393834,24.510079],[54.393865,24.510139],[54.394195,24.509998],[54.394163,24.509938],[54.393834,24.510079]]]}},{"type":"Feature","properties":{},"geometry":{"type":"Polygon","coordinates":[[[54.394111,24.510159],[54.394067,24.510079],[54.393978,24.510118],[54.394022,24.510198],[54.394111,24.510159]]]}},{"type":"Feature","properties":{},"geometry":{"type":"Polygon","coordinates":[[[54.393751,24.510134],[54.393772,24.510188],[54.393845,24.510163],[54.393823,24.510109],[54.393751,24.510134]]]}},{"type":"Feature","properties":{},"geometry":{"type":"Polygon","coordinates":[[[54.394351,24.510146],[54.39429,24.510095],[54.394256,24.51012],[54.394225,24.510094],[54.394211,24.510099],[54.394142,24.510166],[54.394239,24.510247],[54.394351,24.510146]]]}},{"type":"Feature","properties":{},"geometry":{"type":"Polygon","coordinates":[[[54.406255,24.479987],[54.40643,24.479895],[54.406373,24.479805],[54.406263,24.479852],[54.406249,24.479829],[54.406281,24.479812],[54.406176,24.479648],[54.405858,24.479805],[54.405914,24.479893],[54.405707,24.480002],[54.405744,24.48006],[54.405668,24.4801],[54.405731,24.480199],[54.405748,24.480193],[54.405836,24.480331],[54.406324,24.480095],[54.406255,24.479987]]]}},{"type":"Feature","properties":{},"geometry":{"type":"Polygon","coordinates":[[[54.406771,24.479935],[54.406665,24.480017],[54.406729,24.480081],[54.406836,24.48],[54.406771,24.479935]]]}},{"type":"Feature","properties":{},"geometry":{"type":"Polygon","coordinates":[[[54.40609,24.480534],[54.406168,24.480613],[54.406221,24.480591],[54.406391,24.480758],[54.406437,24.480741],[54.406583,24.480618],[54.406398,24.480436],[54.40643,24.480456],[54.406444,24.48045],[54.406479,24.480403],[54.406391,24.480349],[54.406484,24.480376],[54.406523,24.480297],[54.406404,24.480249],[54.406354,24.480327],[54.406335,24.480329],[54.406293,24.480387],[54.406244,24.480402],[54.406187,24.48045],[54.406176,24.480478],[54.40609,24.480534]],[[54.40638,24.480443],[54.406389,24.48043],[54.406398,24.480436],[54.40638,24.480443]],[[54.406358,24.480451],[54.406344,24.480437],[54.406363,24.480449],[54.406358,24.480451]],[[54.406236,24.480498],[54.406262,24.480524],[54.406252,24.480533],[54.406215,24.480511],[54.406236,24.480498]]]}},{"type":"Feature","properties":{},"geometry":{"type":"Polygon","coordinates":[[[54.405658,24.480457],[54.405686,24.480502],[54.405775,24.48046],[54.405748,24.480415],[54.405658,24.480457]]]}},{"type":"Feature","properties":{},"geometry":{"type":"Polygon","coordinates":[[[54.405229,24.48075],[54.405276,24.480803],[54.405304,24.480792],[54.40532,24.48081],[54.405389,24.480784],[54.405508,24.480697],[54.405367,24.480537],[54.40525,24.480598],[54.405173,24.48051],[54.405104,24.480536],[54.405014,24.480602],[54.404982,24.480566],[54.404913,24.480592],[54.404682,24.480762],[54.404878,24.480984],[54.405002,24.480933],[54.405129,24.480857],[54.405239,24.480777],[54.405221,24.480756],[54.405229,24.48075]]]}},{"type":"Feature","properties":{},"geometry":{"type":"Polygon","coordinates":[[[54.404714,24.481136],[54.404697,24.481102],[54.404627,24.481131],[54.404644,24.481165],[54.404714,24.481136]]]}},{"type":"Feature","properties":{},"geometry":{"type":"Polygon","coordinates":[[[54.404445,24.481313],[54.404282,24.481036],[54.403604,24.481335],[54.403847,24.481609],[54.404445,24.481313]]]}},{"type":"Feature","properties":{},"geometry":{"type":"Polygon","coordinates":[[[54.40612,24.482046],[54.405951,24.481864],[54.405854,24.481656],[54.406038,24.481921],[54.406125,24.48199],[54.406228,24.481951],[54.406456,24.481804],[54.406244,24.481517],[54.406178,24.481406],[54.406075,24.481444],[54.405897,24.481548],[54.405819,24.481616],[54.405841,24.481641],[54.405517,24.48179],[54.405476,24.481838],[54.405498,24.481892],[54.405643,24.482024],[54.405711,24.482175],[54.405776,24.482235],[54.40588,24.482196],[54.40612,24.482046]]]}},{"type":"Feature","properties":{},"geometry":{"type":"Polygon","coordinates":[[[54.405295,24.481931],[54.405187,24.482036],[54.405158,24.482158],[54.405184,24.482298],[54.405232,24.482382],[54.40526,24.482372],[54.405313,24.482478],[54.405651,24.482324],[54.405622,24.482223],[54.405591,24.482228],[54.405542,24.482007],[54.405398,24.481892],[54.405295,24.481931]]]}},{"type":"Feature","properties":{},"geometry":{"type":"Polygon","coordinates":[[[54.406338,24.482627],[54.406662,24.48312],[54.406884,24.483008],[54.40655,24.482498],[54.406463,24.482537],[54.406525,24.4825],[54.406485,24.482446],[54.406296,24.482558],[54.406303,24.482568],[54.406093,24.482675],[54.406129,24.482732],[54.406338,24.482627]]]}},{"type":"Feature","properties":{},"geometry":{"type":"Polygon","coordinates":[[[54.403079,24.482706],[54.402754,24.48227],[54.402444,24.482395],[54.402362,24.482355],[54.402377,24.482242],[54.402291,24.482238],[54.402268,24.482247],[54.401398,24.483162],[54.401398,24.483279],[54.40144,24.483343],[54.401615,24.483383],[54.401821,24.483296],[54.402128,24.483213],[54.402547,24.483224],[54.403072,24.483404],[54.403095,24.483396],[54.403021,24.483179],[54.403255,24.483046],[54.403079,24.482706]]]}},{"type":"Feature","properties":{},"geometry":{"type":"Polygon","coordinates":[[[54.405057,24.483291],[54.405247,24.483932],[54.40487,24.484043],[54.404924,24.484384],[54.405634,24.484396],[54.405703,24.48437],[54.405703,24.483852],[54.405455,24.483133],[54.405057,24.483291]]]}},{"type":"Feature","properties":{},"geometry":{"type":"Polygon","coordinates":[[[54.405017,24.484393],[54.404903,24.484435],[54.404825,24.484777],[54.405505,24.484915],[54.405619,24.484873],[54.405743,24.48448],[54.405017,24.484393]]]}},{"type":"Feature","properties":{},"geometry":{"type":"Polygon","coordinates":[[[54.403951,24.4858],[54.404147,24.485609],[54.404367,24.485274],[54.404472,24.48503],[54.404542,24.48481],[54.40454,24.484515],[54.403751,24.484451],[54.403682,24.484477],[54.40355,24.484924],[54.403457,24.485099],[54.40327,24.485291],[54.403882,24.485826],[54.403951,24.4858]]]}},{"type":"Feature","properties":{},"geometry":{"type":"Polygon","coordinates":[[[54.406754,24.485552],[54.406699,24.485618],[54.406804,24.485677],[54.406859,24.48561],[54.406754,24.485552]]]}},{"type":"Feature","properties":{},"geometry":{"type":"Polygon","coordinates":[[[54.4001,24.486818],[54.400567,24.487147],[54.400685,24.487184],[54.400866,24.487117],[54.401207,24.486363],[54.400743,24.486123],[54.400674,24.486149],[54.400562,24.486327],[54.4001,24.486818]]]}},{"type":"Feature","properties":{},"geometry":{"type":"Polygon","coordinates":[[[54.40406,24.486285],[54.404023,24.48626],[54.403971,24.486254],[54.4032,24.48662],[54.403409,24.487173],[54.403443,24.487206],[54.403495,24.48722],[54.403767,24.487123],[54.404122,24.486933],[54.40439,24.486736],[54.404417,24.486697],[54.404408,24.486649],[54.40406,24.486285]],[[54.403916,24.486538],[54.404038,24.486688],[54.403622,24.486909],[54.403554,24.486721],[54.403916,24.486538]]]}},{"type":"Feature","properties":{},"geometry":{"type":"Polygon","coordinates":[[[54.405983,24.487822],[54.406127,24.487642],[54.405832,24.487429],[54.405758,24.487456],[54.405612,24.48763],[54.405909,24.487849],[54.405983,24.487822]]]}},{"type":"Feature","properties":{},"geometry":{"type":"Polygon","coordinates":[[[54.400111,24.487303],[54.399543,24.486934],[54.398968,24.486502],[54.398899,24.486528],[54.397665,24.487877],[54.398805,24.488732],[54.400126,24.489425],[54.400897,24.489739],[54.401688,24.489909],[54.402531,24.489969],[54.4026,24.489943],[54.40288,24.489596],[54.402625,24.488136],[54.402288,24.488086],[54.401773,24.487981],[54.401144,24.487765],[54.400111,24.487303]]]}},{"type":"Feature","properties":{},"geometry":{"type":"Polygon","coordinates":[[[54.407598,24.488281],[54.407318,24.487873],[54.407249,24.487899],[54.406428,24.488363],[54.406707,24.488771],[54.406776,24.488745],[54.407598,24.488281]]]}},{"type":"Feature","properties":{},"geometry":{"type":"Polygon","coordinates":[[[54.400402,24.490694],[54.400362,24.490428],[54.400058,24.490467],[54.400012,24.490484],[54.400052,24.490749],[54.400356,24.490711],[54.400402,24.490694]]]}},{"type":"Feature","properties":{},"geometry":{"type":"Polygon","coordinates":[[[54.395435,24.491218],[54.395278,24.491105],[54.395424,24.49105],[54.395626,24.490818],[54.395387,24.490647],[54.395185,24.490722],[54.394984,24.490954],[54.39513,24.491059],[54.395016,24.491101],[54.394838,24.491306],[54.395079,24.49148],[54.395137,24.491458],[54.395216,24.491515],[54.395386,24.491452],[54.395487,24.491335],[54.395392,24.491267],[54.395435,24.491218]]]}},{"type":"Feature","properties":{},"geometry":{"type":"Polygon","coordinates":[[[54.398484,24.491859],[54.398527,24.492181],[54.398667,24.492158],[54.398624,24.49184],[54.398484,24.491859]]]}},{"type":"Feature","properties":{},"geometry":{"type":"Polygon","coordinates":[[[54.398739,24.49223],[54.398767,24.492466],[54.399095,24.49242],[54.399082,24.49232],[54.398848,24.492349],[54.398825,24.492216],[54.398739,24.49223]]]}},{"type":"Feature","properties":{},"geometry":{"type":"Polygon","coordinates":[[[54.398511,24.492238],[54.398556,24.492567],[54.398647,24.492553],[54.398602,24.492224],[54.398511,24.492238]]]}},{"type":"Feature","properties":{},"geometry":{"type":"Polygon","coordinates":[[[54.395653,24.492258],[54.395607,24.492275],[54.395542,24.492574],[54.395951,24.492648],[54.395997,24.492631],[54.396062,24.492332],[54.395653,24.492258]]]}},{"type":"Feature","properties":{},"geometry":{"type":"Polygon","coordinates":[[[54.406379,24.492879],[54.406235,24.493012],[54.406332,24.493093],[54.406476,24.49296],[54.406379,24.492879]]]}},{"type":"Feature","properties":{},"geometry":{"type":"Polygon","coordinates":[[[54.405361,24.49272],[54.405326,24.493005],[54.406186,24.493734],[54.406527,24.493456],[54.405951,24.492978],[54.406315,24.492642],[54.406142,24.492521],[54.406355,24.492421],[54.406247,24.492254],[54.405361,24.49272]]]}},{"type":"Feature","properties":{},"geometry":{"type":"Polygon","coordinates":[[[54.399918,24.49302],[54.399849,24.493046],[54.399904,24.493432],[54.400634,24.493347],[54.400704,24.493321],[54.400649,24.492935],[54.399918,24.49302]]]}},{"type":"Feature","properties":{},"geometry":{"type":"Polygon","coordinates":[[[54.403553,24.494348],[54.403584,24.494391],[54.403632,24.494416],[54.403688,24.494419],[54.403741,24.494399],[54.403976,24.494523],[54.404045,24.494498],[54.404185,24.494278],[54.404124,24.494246],[54.404554,24.493571],[54.404527,24.493557],[54.404581,24.493471],[54.404418,24.493385],[54.404349,24.493411],[54.404324,24.493449],[54.404296,24.493434],[54.404047,24.493458],[54.403978,24.493484],[54.403935,24.493557],[54.403873,24.493527],[54.403708,24.493544],[54.403703,24.493509],[54.403359,24.493544],[54.40329,24.49357],[54.403297,24.493624],[54.403204,24.493652],[54.403218,24.493766],[54.403113,24.493805],[54.403164,24.494224],[54.403233,24.494217],[54.403252,24.494379],[54.403553,24.494348]]]}},{"type":"Feature","properties":{},"geometry":{"type":"Polygon","coordinates":[[[54.40635,24.49524],[54.406291,24.495313],[54.406358,24.49535],[54.406417,24.495276],[54.40635,24.49524]]]}},{"type":"Feature","properties":{},"geometry":{"type":"Polygon","coordinates":[[[54.406472,24.495298],[54.406458,24.495303],[54.406461,24.495324],[54.406586,24.495321],[54.4066,24.495316],[54.406598,24.495288],[54.406472,24.495298]]]}},{"type":"Feature","properties":{},"geometry":{"type":"Polygon","coordinates":[[[54.406472,24.495411],[54.406582,24.495517],[54.406672,24.495447],[54.406562,24.495341],[54.406472,24.495411]]]}},{"type":"Feature","properties":{},"geometry":{"type":"Polygon","coordinates":[[[54.406298,24.49555],[54.406351,24.495638],[54.406448,24.495591],[54.406395,24.495503],[54.406298,24.49555]]]}},{"type":"Feature","properties":{},"geometry":{"type":"Polygon","coordinates":[[[54.406347,24.495729],[54.406532,24.495808],[54.406546,24.495803],[54.406617,24.495665],[54.406485,24.495609],[54.406457,24.495641],[54.4064,24.495627],[54.406347,24.495729]]]}},{"type":"Feature","properties":{},"geometry":{"type":"Polygon","coordinates":[[[54.40621,24.495808],[54.406237,24.495824],[54.406297,24.495754],[54.40627,24.495738],[54.40621,24.495808]]]}},{"type":"Feature","properties":{},"geometry":{"type":"Polygon","coordinates":[[[54.406241,24.496042],[54.406239,24.496021],[54.406202,24.496007],[54.40619,24.495968],[54.406153,24.495976],[54.406159,24.496015],[54.406188,24.496041],[54.406241,24.496042]]]}},{"type":"Feature","properties":{},"geometry":{"type":"Polygon","coordinates":[[[54.406294,24.49626],[54.406286,24.496326],[54.40631,24.496374],[54.406357,24.496397],[54.406517,24.496379],[54.406844,24.496258],[54.406938,24.496207],[54.407038,24.496126],[54.407157,24.496214],[54.407807,24.496269],[54.407861,24.496286],[54.407942,24.496371],[54.408084,24.496461],[54.408272,24.496535],[54.408405,24.496554],[54.408496,24.496552],[54.408871,24.496413],[54.408918,24.496381],[54.408932,24.496347],[54.408922,24.496284],[54.408856,24.496195],[54.408693,24.496072],[54.408481,24.495984],[54.408504,24.495925],[54.408263,24.495794],[54.408672,24.495192],[54.408903,24.495314],[54.409204,24.495363],[54.409563,24.495343],[54.409964,24.495229],[54.409867,24.495048],[54.409653,24.494565],[54.40954,24.494014],[54.409518,24.493451],[54.409564,24.493205],[54.409532,24.493029],[54.409064,24.493135],[54.408245,24.493421],[54.407678,24.493735],[54.407327,24.493998],[54.407053,24.494321],[54.407068,24.49433],[54.40702,24.494394],[54.407262,24.494555],[54.407518,24.494459],[54.408557,24.49509],[54.40813,24.495719],[54.406894,24.495031],[54.406877,24.495037],[54.406698,24.49553],[54.406612,24.496002],[54.40645,24.496085],[54.406373,24.496153],[54.406314,24.496136],[54.406298,24.496163],[54.406343,24.496185],[54.406294,24.49626]]]}},{"type":"Feature","properties":{},"geometry":{"type":"Polygon","coordinates":[[[54.404252,24.497823],[54.404329,24.49799],[54.404358,24.49798],[54.404599,24.497783],[54.404892,24.497434],[54.405251,24.496952],[54.405413,24.496686],[54.405411,24.496392],[54.404485,24.49605],[54.404456,24.49606],[54.404378,24.496276],[54.404341,24.49629],[54.404144,24.496786],[54.404187,24.4968],[54.404129,24.49696],[54.4039,24.497063],[54.404066,24.497423],[54.404002,24.49745],[54.404201,24.497842],[54.404252,24.497823]]]}},{"type":"Feature","properties":{},"geometry":{"type":"Polygon","coordinates":[[[54.406044,24.496945],[54.405962,24.496854],[54.405883,24.496909],[54.405963,24.496998],[54.406044,24.496945]]]}},{"type":"Feature","properties":{},"geometry":{"type":"Polygon","coordinates":[[[54.406283,24.496871],[54.406386,24.49724],[54.40674,24.497142],[54.406656,24.496773],[54.406283,24.496871]]]}},{"type":"Feature","properties":{},"geometry":{"type":"Polygon","coordinates":[[[54.405954,24.497611],[54.406,24.497594],[54.406009,24.497556],[54.406053,24.497539],[54.406089,24.497391],[54.405991,24.497375],[54.406007,24.497326],[54.4058,24.497287],[54.405754,24.497305],[54.405694,24.497565],[54.405954,24.497611]]]}},{"type":"Feature","properties":{},"geometry":{"type":"Polygon","coordinates":[[[54.404083,24.498057],[54.404055,24.49809],[54.404108,24.498111],[54.404135,24.498077],[54.404083,24.498057]]]}},{"type":"Feature","properties":{},"geometry":{"type":"Polygon","coordinates":[[[54.404984,24.498202],[54.404849,24.498343],[54.404825,24.498412],[54.404829,24.498482],[54.404805,24.498587],[54.404746,24.498681],[54.404672,24.498745],[54.404564,24.498792],[54.404451,24.498802],[54.404327,24.498776],[54.404208,24.498818],[54.404102,24.498887],[54.404144,24.498929],[54.404116,24.498952],[54.404065,24.498942],[54.403884,24.499015],[54.403848,24.499057],[54.403837,24.499137],[54.40387,24.499208],[54.404089,24.499298],[54.404223,24.499329],[54.404378,24.499278],[54.404381,24.499301],[54.404655,24.499309],[54.404867,24.499266],[54.405087,24.49919],[54.405252,24.499057],[54.405358,24.498901],[54.40544,24.498736],[54.405445,24.498549],[54.405429,24.498461],[54.405388,24.498458],[54.405412,24.498398],[54.405332,24.498066],[54.405283,24.498019],[54.405209,24.498001],[54.405007,24.498074],[54.404967,24.498126],[54.404984,24.498202]]]}},{"type":"Feature","properties":{},"geometry":{"type":"Polygon","coordinates":[[[54.403927,24.498463],[54.404068,24.498379],[54.404149,24.498291],[54.404172,24.498239],[54.404153,24.498207],[54.404167,24.498192],[54.404081,24.49813],[54.404059,24.498142],[54.403978,24.498096],[54.403204,24.498414],[54.40299,24.498467],[54.402838,24.498572],[54.402731,24.498753],[54.402715,24.498883],[54.402731,24.498979],[54.402591,24.499053],[54.402484,24.499161],[54.402445,24.499227],[54.4025,24.499262],[54.402525,24.499297],[54.402539,24.499341],[54.402531,24.4994],[54.402696,24.499425],[54.402842,24.499408],[54.403283,24.499245],[54.403411,24.499157],[54.403515,24.499023],[54.403464,24.498982],[54.403434,24.49893],[54.403429,24.498854],[54.403445,24.498825],[54.403547,24.498701],[54.403653,24.49863],[54.40363,24.498579],[54.403927,24.498463]]]}},{"type":"Feature","properties":{},"geometry":{"type":"Polygon","coordinates":[[[54.405348,24.499443],[54.405041,24.49961],[54.404746,24.499696],[54.404471,24.499732],[54.404464,24.500293],[54.404743,24.500273],[54.40517,24.500178],[54.405667,24.499947],[54.405928,24.49974],[54.406139,24.499496],[54.406255,24.499347],[54.406373,24.499138],[54.406474,24.49889],[54.406529,24.498602],[54.406545,24.49833],[54.406522,24.498107],[54.406444,24.497802],[54.405643,24.497652],[54.405625,24.497658],[54.405772,24.497859],[54.405853,24.498027],[54.405904,24.498298],[54.405901,24.49872],[54.405864,24.498874],[54.405772,24.499042],[54.405659,24.499181],[54.405348,24.499443]]]}},{"type":"Feature","properties":{},"geometry":{"type":"Polygon","coordinates":[[[54.396059,24.498522],[54.396057,24.498588],[54.396127,24.498585],[54.396129,24.498519],[54.396059,24.498522]]]}},{"type":"Feature","properties":{},"geometry":{"type":"Polygon","coordinates":[[[54.40336,24.499867],[54.40345,24.499952],[54.403555,24.500022],[54.403672,24.500075],[54.403797,24.500109],[54.403954,24.500121],[54.403955,24.500154],[54.403984,24.500156],[54.404008,24.500181],[54.403982,24.500208],[54.403986,24.50023],[54.404057,24.500276],[54.404173,24.500277],[54.404336,24.500214],[54.404353,24.500188],[54.404328,24.500137],[54.404329,24.499803],[54.404345,24.49978],[54.404325,24.499746],[54.404286,24.499723],[54.404159,24.499696],[54.4041,24.4997],[54.403991,24.499741],[54.403894,24.499653],[54.403777,24.499622],[54.403688,24.499633],[54.403604,24.49967],[54.403549,24.499625],[54.403649,24.499568],[54.403672,24.499531],[54.403644,24.499465],[54.403558,24.499379],[54.403484,24.499365],[54.403357,24.499412],[54.403321,24.499453],[54.403074,24.49961],[54.402967,24.499652],[54.402953,24.49968],[54.40296,24.499715],[54.403028,24.499801],[54.403121,24.49985],[54.40327,24.499798],[54.403286,24.499769],[54.40336,24.499867]]]}},{"type":"Feature","properties":{},"geometry":{"type":"Polygon","coordinates":[[[54.395406,24.499849],[54.395433,24.500003],[54.395562,24.49998],[54.395534,24.499827],[54.395406,24.499849]]]}},{"type":"Feature","properties":{},"geometry":{"type":"Polygon","coordinates":[[[54.395227,24.500014],[54.39525,24.500118],[54.395296,24.500107],[54.395273,24.500002],[54.395227,24.500014]]]}},{"type":"Feature","properties":{},"geometry":{"type":"Polygon","coordinates":[[[54.394922,24.50055],[54.394853,24.500576],[54.394995,24.501424],[54.395561,24.501346],[54.39563,24.50132],[54.395488,24.500472],[54.394922,24.50055]]]}},{"type":"Feature","properties":{},"geometry":{"type":"Polygon","coordinates":[[[54.395647,24.5019],[54.395644,24.502003],[54.395744,24.502],[54.395747,24.501897],[54.395647,24.5019]]]}},{"type":"Feature","properties":{},"geometry":{"type":"Polygon","coordinates":[[[54.395372,24.502237],[54.395423,24.502545],[54.395855,24.502486],[54.395924,24.502461],[54.395873,24.502153],[54.395441,24.502211],[54.395372,24.502237]]]}},{"type":"Feature","properties":{},"geometry":{"type":"Polygon","coordinates":[[[54.406418,24.504542],[54.406414,24.504685],[54.406523,24.504681],[54.406525,24.504539],[54.406418,24.504542]]]}},{"type":"Feature","properties":{},"geometry":{"type":"Polygon","coordinates":[[[54.406074,24.504598],[54.406127,24.504764],[54.406233,24.504739],[54.406184,24.50457],[54.406074,24.504598]]]}},{"type":"Feature","properties":{},"geometry":{"type":"Polygon","coordinates":[[[54.397387,24.504692],[54.397393,24.504793],[54.397479,24.504785],[54.397473,24.504684],[54.397387,24.504692]]]}},{"type":"Feature","properties":{},"geometry":{"type":"Polygon","coordinates":[[[54.406702,24.505922],[54.406793,24.505817],[54.406828,24.505695],[54.406787,24.505553],[54.406674,24.505453],[54.406618,24.505473],[54.406344,24.50524],[54.406275,24.505266],[54.406013,24.505521],[54.406295,24.505761],[54.406311,24.505755],[54.406575,24.505969],[54.406702,24.505922]]]}},{"type":"Feature","properties":{},"geometry":{"type":"Polygon","coordinates":[[[54.405385,24.505424],[54.405339,24.505441],[54.405245,24.505756],[54.405446,24.505806],[54.405492,24.505789],[54.405586,24.505474],[54.405385,24.505424]]]}},{"type":"Feature","properties":{},"geometry":{"type":"Polygon","coordinates":[[[54.405179,24.505828],[54.405133,24.505845],[54.405017,24.506143],[54.405313,24.506238],[54.405359,24.506221],[54.405475,24.505923],[54.405179,24.505828]]]}},{"type":"Feature","properties":{},"geometry":{"type":"Polygon","coordinates":[[[54.405066,24.506279],[54.40502,24.506296],[54.404927,24.506544],[54.405206,24.506631],[54.405252,24.506613],[54.405345,24.506365],[54.405066,24.506279]]]}},{"type":"Feature","properties":{},"geometry":{"type":"Polygon","coordinates":[[[54.404948,24.50662],[54.404902,24.506637],[54.40476,24.507036],[54.405016,24.507129],[54.405062,24.507112],[54.405237,24.506716],[54.404948,24.50662]]]}},{"type":"Feature","properties":{},"geometry":{"type":"Polygon","coordinates":[[[54.40453,24.507326],[54.404437,24.507235],[54.40439,24.507268],[54.404483,24.507359],[54.40453,24.507326]]]}},{"type":"Feature","properties":{},"geometry":{"type":"Polygon","coordinates":[[[54.405593,24.506955],[54.405391,24.507018],[54.40476,24.508117],[54.404855,24.508182],[54.405218,24.508119],[54.405356,24.508068],[54.405862,24.507159],[54.405855,24.507079],[54.405593,24.506955]]]}},{"type":"Feature","properties":{},"geometry":{"type":"Polygon","coordinates":[[[54.406256,24.507927],[54.406138,24.508034],[54.406534,24.508426],[54.406645,24.508385],[54.406757,24.508271],[54.406367,24.507886],[54.406256,24.507927]]]}},{"type":"Feature","properties":{},"geometry":{"type":"Polygon","coordinates":[[[54.405988,24.508328],[54.40587,24.508436],[54.406266,24.508828],[54.406377,24.508786],[54.406489,24.508672],[54.406098,24.508287],[54.405988,24.508328]]]}},{"type":"Feature","properties":{},"geometry":{"type":"Polygon","coordinates":[[[54.405732,24.508656],[54.405614,24.508763],[54.40601,24.509155],[54.406121,24.509114],[54.406232,24.508999],[54.405842,24.508615],[54.405732,24.508656]]]}},{"type":"Feature","properties":{},"geometry":{"type":"Polygon","coordinates":[[[54.406384,24.509101],[54.406299,24.509036],[54.406244,24.509086],[54.40633,24.509151],[54.406384,24.509101]]]}},{"type":"Feature","properties":{},"geometry":{"type":"Polygon","coordinates":[[[54.405367,24.509408],[54.405337,24.509442],[54.405231,24.509371],[54.405121,24.509412],[54.404995,24.50958],[54.405144,24.509724],[54.405239,24.509689],[54.405308,24.509736],[54.405418,24.509695],[54.405598,24.509432],[54.405477,24.509367],[54.405367,24.509408]]]}},{"type":"Feature","properties":{},"geometry":{"type":"Polygon","coordinates":[[[54.406071,24.510807],[54.406205,24.510738],[54.406251,24.510804],[54.406547,24.510635],[54.406487,24.51055],[54.406524,24.510524],[54.406565,24.510262],[54.406429,24.510139],[54.406174,24.510346],[54.406069,24.510418],[54.405937,24.510483],[54.405819,24.510521],[54.40555,24.51055],[54.405313,24.510712],[54.405131,24.510897],[54.405178,24.510935],[54.40527,24.510967],[54.405374,24.510971],[54.405575,24.510976],[54.406071,24.510807]]]}},{"type":"Feature","properties":{},"geometry":{"type":"Polygon","coordinates":[[[54.396837,24.510822],[54.396883,24.510805],[54.397139,24.510517],[54.396934,24.510367],[54.396888,24.510384],[54.396635,24.51067],[54.396837,24.510822]]]}},{"type":"Feature","properties":{},"geometry":{"type":"Polygon","coordinates":[[[54.40563,24.511986],[54.405648,24.512077],[54.405703,24.512161],[54.405755,24.512161],[54.405882,24.512107],[54.405894,24.512054],[54.405881,24.511799],[54.405455,24.511831],[54.405351,24.51187],[54.405374,24.512121],[54.405407,24.512162],[54.40546,24.512162],[54.405563,24.512123],[54.40563,24.511986]]]}},{"type":"Feature","properties":{},"geometry":{"type":"Polygon","coordinates":[[[54.41036,24.479957],[54.41051,24.480085],[54.410593,24.480014],[54.410443,24.479885],[54.41036,24.479957]]]}},{"type":"Feature","properties":{},"geometry":{"type":"Polygon","coordinates":[[[54.410945,24.481801],[54.410906,24.481767],[54.410862,24.4818],[54.410902,24.481834],[54.410945,24.481801]]]}},{"type":"Feature","properties":{},"geometry":{"type":"Polygon","coordinates":[[[54.406926,24.48218],[54.407066,24.48237],[54.407186,24.482472],[54.407301,24.482653],[54.407605,24.482539],[54.407647,24.482408],[54.407249,24.481963],[54.407134,24.482006],[54.407068,24.482114],[54.406926,24.48218]]]}},{"type":"Feature","properties":{},"geometry":{"type":"Polygon","coordinates":[[[54.409293,24.482892],[54.409298,24.483006],[54.409408,24.482998],[54.409403,24.482883],[54.409293,24.482892]]]}},{"type":"Feature","properties":{},"geometry":{"type":"Polygon","coordinates":[[[54.408829,24.484883],[54.409038,24.484742],[54.408793,24.48444],[54.40872,24.484468],[54.40851,24.484609],[54.408755,24.48491],[54.408829,24.484883]]]}},{"type":"Feature","properties":{},"geometry":{"type":"Polygon","coordinates":[[[54.408055,24.484958],[54.408068,24.485023],[54.408287,24.485134],[54.408355,24.485109],[54.408415,24.485187],[54.408489,24.48516],[54.408602,24.485076],[54.408334,24.484777],[54.40826,24.484805],[54.408055,24.484958]]]}},{"type":"Feature","properties":{},"geometry":{"type":"Polygon","coordinates":[[[54.410882,24.485296],[54.410832,24.485218],[54.410709,24.485281],[54.41076,24.485359],[54.410882,24.485296]]]}},{"type":"Feature","properties":{},"geometry":{"type":"Polygon","coordinates":[[[54.407262,24.485263],[54.407248,24.485269],[54.406953,24.485556],[54.407028,24.485619],[54.407042,24.485614],[54.407336,24.485327],[54.407262,24.485263]]]}},{"type":"Feature","properties":{},"geometry":{"type":"Polygon","coordinates":[[[54.409001,24.485574],[54.408908,24.48564],[54.408949,24.485683],[54.409042,24.485617],[54.409001,24.485574]]]}},{"type":"Feature","properties":{},"geometry":{"type":"Polygon","coordinates":[[[54.407653,24.485896],[54.407698,24.485879],[54.407889,24.48568],[54.407828,24.485631],[54.407801,24.485641],[54.407564,24.485445],[54.407491,24.485472],[54.407304,24.485666],[54.407364,24.485713],[54.407389,24.485704],[54.407382,24.485713],[54.407635,24.485903],[54.407543,24.486002],[54.407591,24.486039],[54.4077,24.485931],[54.407653,24.485896]]]}},{"type":"Feature","properties":{},"geometry":{"type":"Polygon","coordinates":[[[54.40979,24.485963],[54.409837,24.485885],[54.409867,24.485772],[54.409861,24.485668],[54.409834,24.48558],[54.410474,24.486679],[54.410863,24.4865],[54.410363,24.485619],[54.410402,24.485593],[54.410413,24.48552],[54.410404,24.485468],[54.410388,24.485446],[54.41025,24.485463],[54.41025,24.485434],[54.410332,24.485433],[54.410404,24.485395],[54.410434,24.485322],[54.410978,24.485104],[54.410804,24.484786],[54.409806,24.485264],[54.409783,24.485307],[54.409673,24.485244],[54.409643,24.485255],[54.409573,24.485337],[54.409393,24.485411],[54.409307,24.485494],[54.40927,24.485588],[54.409268,24.485774],[54.409287,24.485867],[54.409367,24.485996],[54.409454,24.486071],[54.409594,24.486082],[54.409707,24.486047],[54.40979,24.485963]]]}},{"type":"Feature","properties":{},"geometry":{"type":"Polygon","coordinates":[[[54.409188,24.485811],[54.409107,24.485694],[54.409162,24.485662],[54.409136,24.485626],[54.409008,24.485698],[54.409115,24.48585],[54.409188,24.485811]]]}},{"type":"Feature","properties":{},"geometry":{"type":"Polygon","coordinates":[[[54.409178,24.48739],[54.408815,24.487673],[54.408265,24.488036],[54.408568,24.488519],[54.409511,24.488057],[54.40936,24.487784],[54.40929,24.48781],[54.408626,24.488181],[54.40859,24.488122],[54.409363,24.48769],[54.409247,24.487364],[54.409178,24.48739]]]}},{"type":"Feature","properties":{},"geometry":{"type":"Polygon","coordinates":[[[54.410482,24.488382],[54.410485,24.488411],[54.410422,24.488416],[54.410352,24.488442],[54.410356,24.488471],[54.410138,24.488492],[54.410069,24.488518],[54.410114,24.488953],[54.410581,24.488913],[54.41065,24.488887],[54.41064,24.488787],[54.410836,24.488771],[54.410905,24.488745],[54.410862,24.48833],[54.410551,24.488356],[54.410482,24.488382]]]}},{"type":"Feature","properties":{},"geometry":{"type":"Polygon","coordinates":[[[54.407316,24.488575],[54.407309,24.488565],[54.40724,24.48859],[54.406834,24.48882],[54.407114,24.489229],[54.407183,24.489203],[54.407644,24.488949],[54.40802,24.488719],[54.407768,24.488343],[54.407316,24.488575]]]}},{"type":"Feature","properties":{},"geometry":{"type":"Polygon","coordinates":[[[54.410628,24.489632],[54.41078,24.489618],[54.410826,24.489601],[54.410762,24.489025],[54.410204,24.489076],[54.410158,24.489093],[54.41017,24.489201],[54.410576,24.489163],[54.410628,24.489632]]]}},{"type":"Feature","properties":{},"geometry":{"type":"Polygon","coordinates":[[[54.410821,24.489744],[54.410825,24.489787],[54.410888,24.489778],[54.410884,24.489736],[54.410821,24.489744]]]}},{"type":"Feature","properties":{},"geometry":{"type":"Polygon","coordinates":[[[54.410816,24.49006],[54.410885,24.490035],[54.41087,24.489907],[54.41051,24.489942],[54.410508,24.489927],[54.410457,24.489932],[54.410405,24.48949],[54.410256,24.489504],[54.410187,24.48953],[54.410257,24.490115],[54.410816,24.49006]]]}},{"type":"Feature","properties":{},"geometry":{"type":"Polygon","coordinates":[[[54.406947,24.490297],[54.406975,24.490378],[54.407054,24.490352],[54.407021,24.490271],[54.406947,24.490297]]]}},{"type":"Feature","properties":{},"geometry":{"type":"Polygon","coordinates":[[[54.410416,24.490817],[54.41037,24.490834],[54.410366,24.491047],[54.410653,24.49105],[54.410699,24.491033],[54.410706,24.490766],[54.4106,24.490766],[54.410554,24.490783],[54.410553,24.490814],[54.410416,24.490817]]]}},{"type":"Feature","properties":{},"geometry":{"type":"Polygon","coordinates":[[[54.409268,24.491263],[54.409272,24.491156],[54.409037,24.491149],[54.409023,24.491154],[54.409023,24.491182],[54.408945,24.491185],[54.408933,24.4913],[54.408994,24.491301],[54.408994,24.491328],[54.409205,24.491334],[54.409219,24.491329],[54.409221,24.491267],[54.409268,24.491263]]]}},{"type":"Feature","properties":{},"geometry":{"type":"Polygon","coordinates":[[[54.410457,24.491298],[54.410411,24.491315],[54.410398,24.491639],[54.41077,24.491652],[54.410816,24.491635],[54.41083,24.491311],[54.410457,24.491298]]]}},{"type":"Feature","properties":{},"geometry":{"type":"Polygon","coordinates":[[[54.410614,24.495998],[54.410475,24.49606],[54.410337,24.495938],[54.410245,24.495972],[54.409954,24.496203],[54.410058,24.496323],[54.409977,24.496377],[54.410086,24.496518],[54.410179,24.496484],[54.410343,24.49638],[54.410247,24.496256],[54.410344,24.496173],[54.410459,24.496327],[54.410775,24.496187],[54.410614,24.495998]]]}},{"type":"Feature","properties":{},"geometry":{"type":"Polygon","coordinates":[[[54.408066,24.497177],[54.408106,24.497162],[54.408244,24.496834],[54.408035,24.496764],[54.407724,24.496686],[54.407491,24.496658],[54.40745,24.496673],[54.407427,24.497098],[54.408066,24.497177]]]}},{"type":"Feature","properties":{},"geometry":{"type":"Polygon","coordinates":[[[54.407136,24.496768],[54.407096,24.496783],[54.407088,24.497075],[54.407303,24.497096],[54.407344,24.497081],[54.407376,24.496766],[54.407136,24.496768]]]}},{"type":"Feature","properties":{},"geometry":{"type":"Polygon","coordinates":[[[54.406688,24.49684],[54.406771,24.497134],[54.407067,24.497052],[54.407014,24.496758],[54.406688,24.49684]]]}},{"type":"Feature","properties":{},"geometry":{"type":"Polygon","coordinates":[[[54.40838,24.496868],[54.408266,24.49691],[54.40818,24.49712],[54.408595,24.497351],[54.408709,24.497309],[54.40953,24.496918],[54.409385,24.496689],[54.408688,24.496992],[54.40838,24.496868]]]}},{"type":"Feature","properties":{},"geometry":{"type":"Polygon","coordinates":[[[54.408038,24.497346],[54.408082,24.497357],[54.408151,24.49732],[54.408105,24.497266],[54.408002,24.497236],[54.407945,24.497281],[54.408038,24.497346]]]}},{"type":"Feature","properties":{},"geometry":{"type":"Polygon","coordinates":[[[54.408921,24.498417],[54.409311,24.498351],[54.409383,24.498324],[54.409415,24.497947],[54.409165,24.497863],[54.408919,24.497957],[54.408921,24.498417]]]}},{"type":"Feature","properties":{},"geometry":{"type":"Polygon","coordinates":[[[54.408914,24.498778],[54.408924,24.498611],[54.408852,24.4986],[54.408838,24.498605],[54.408822,24.498665],[54.40886,24.49878],[54.408914,24.498778]]]}},{"type":"Feature","properties":{},"geometry":{"type":"Polygon","coordinates":[[[54.409435,24.498769],[54.408993,24.498738],[54.408953,24.498753],[54.408964,24.499107],[54.408878,24.499472],[54.409235,24.499567],[54.409276,24.499552],[54.409382,24.499166],[54.409435,24.498769]]]}},{"type":"Feature","properties":{},"geometry":{"type":"Polygon","coordinates":[[[54.409975,24.49974],[54.410012,24.49951],[54.409978,24.499439],[54.4099,24.49938],[54.409787,24.499363],[54.409615,24.499373],[54.409546,24.499398],[54.409479,24.499445],[54.409429,24.499581],[54.40928,24.500065],[54.409231,24.500279],[54.409272,24.500407],[54.409364,24.500474],[54.409544,24.500505],[54.409677,24.500502],[54.409871,24.500412],[54.409926,24.500296],[54.409975,24.49974]]]}},{"type":"Feature","properties":{},"geometry":{"type":"Polygon","coordinates":[[[54.408039,24.500959],[54.408011,24.501018],[54.40805,24.501049],[54.408114,24.500971],[54.408147,24.500887],[54.408085,24.500876],[54.40804,24.500913],[54.408039,24.500959]]]}},{"type":"Feature","properties":{},"geometry":{"type":"Polygon","coordinates":[[[54.410437,24.50152],[54.410334,24.501559],[54.410333,24.501604],[54.410232,24.501641],[54.41023,24.50189],[54.41033,24.501892],[54.410433,24.501853],[54.410433,24.50183],[54.410568,24.501791],[54.410573,24.501566],[54.410542,24.501564],[54.410544,24.501523],[54.410437,24.50152]]]}},{"type":"Feature","properties":{},"geometry":{"type":"Polygon","coordinates":[[[54.409584,24.501746],[54.40961,24.501599],[54.409605,24.501431],[54.408723,24.501471],[54.408654,24.501497],[54.40861,24.501824],[54.408683,24.501976],[54.408951,24.501988],[54.40927,24.501979],[54.40943,24.501922],[54.409545,24.501851],[54.409584,24.501746]]]}},{"type":"Feature","properties":{},"geometry":{"type":"Polygon","coordinates":[[[54.407627,24.502428],[54.408045,24.502602],[54.408114,24.502577],[54.408295,24.5021],[54.408422,24.501858],[54.408025,24.50174],[54.407956,24.501766],[54.407627,24.502428]]]}},{"type":"Feature","properties":{},"geometry":{"type":"Polygon","coordinates":[[[54.407501,24.502397],[54.407493,24.502443],[54.407551,24.502448],[54.407608,24.502389],[54.407648,24.502313],[54.407572,24.502315],[54.407501,24.502397]]]}},{"type":"Feature","properties":{},"geometry":{"type":"Polygon","coordinates":[[[54.407269,24.502951],[54.40724,24.502926],[54.407226,24.502931],[54.407102,24.503082],[54.407165,24.503118],[54.407179,24.503113],[54.407305,24.503],[54.407335,24.502994],[54.407403,24.502885],[54.407331,24.502876],[54.407269,24.502951]]]}},{"type":"Feature","properties":{},"geometry":{"type":"Polygon","coordinates":[[[54.406866,24.503369],[54.406903,24.50349],[54.406997,24.503468],[54.406943,24.503344],[54.406866,24.503369]]]}},{"type":"Feature","properties":{},"geometry":{"type":"Polygon","coordinates":[[[54.409611,24.503538],[54.409467,24.503646],[54.409799,24.504012],[54.409909,24.503972],[54.410053,24.503863],[54.40972,24.503497],[54.409611,24.503538]]]}},{"type":"Feature","properties":{},"geometry":{"type":"Polygon","coordinates":[[[54.407023,24.503653],[54.406971,24.503811],[54.407074,24.503829],[54.407134,24.50368],[54.407023,24.503653]]]}},{"type":"Feature","properties":{},"geometry":{"type":"Polygon","coordinates":[[[54.410233,24.503968],[54.410123,24.504009],[54.410092,24.504167],[54.410564,24.504245],[54.410673,24.504204],[54.410705,24.504046],[54.410233,24.503968]]]}},{"type":"Feature","properties":{},"geometry":{"type":"Polygon","coordinates":[[[54.409349,24.504692],[54.40961,24.504393],[54.409259,24.504094],[54.409098,24.504154],[54.408892,24.504414],[54.409187,24.504752],[54.409349,24.504692]]]}},{"type":"Feature","properties":{},"geometry":{"type":"Polygon","coordinates":[[[54.407852,24.50573],[54.407854,24.505824],[54.408033,24.505842],[54.408028,24.505741],[54.407852,24.50573]]]}},{"type":"Feature","properties":{},"geometry":{"type":"Polygon","coordinates":[[[54.409587,24.506114],[54.409672,24.506021],[54.409717,24.505908],[54.409719,24.505787],[54.40968,24.50568],[54.409606,24.50559],[54.409506,24.505526],[54.409388,24.505493],[54.409265,24.505495],[54.409079,24.505558],[54.408981,24.505626],[54.408912,24.505719],[54.408878,24.505827],[54.408885,24.505948],[54.408936,24.506059],[54.409025,24.506149],[54.409142,24.506206],[54.409273,24.506224],[54.409403,24.506201],[54.409587,24.506114]]]}},{"type":"Feature","properties":{},"geometry":{"type":"Polygon","coordinates":[[[54.407629,24.506391],[54.407472,24.506231],[54.407244,24.506239],[54.407088,24.506297],[54.406872,24.506522],[54.407181,24.506757],[54.407336,24.506699],[54.407629,24.506391]]]}},{"type":"Feature","properties":{},"geometry":{"type":"Polygon","coordinates":[[[54.407333,24.507251],[54.406919,24.506861],[54.406907,24.506865],[54.406811,24.506953],[54.406844,24.506987],[54.406738,24.507078],[54.406772,24.507115],[54.406666,24.507201],[54.407008,24.507518],[54.40712,24.507428],[54.407102,24.50741],[54.4072,24.507327],[54.407231,24.50734],[54.407333,24.507251]]]}},{"type":"Feature","properties":{},"geometry":{"type":"Polygon","coordinates":[[[54.406587,24.507375],[54.406707,24.507526],[54.406721,24.507521],[54.406764,24.507492],[54.406644,24.507341],[54.406587,24.507375]]]}},{"type":"Feature","properties":{},"geometry":{"type":"Polygon","coordinates":[[[54.409692,24.507556],[54.409481,24.507344],[54.409435,24.507362],[54.409241,24.50753],[54.409602,24.507892],[54.409709,24.507832],[54.409692,24.507556]]]}},{"type":"Feature","properties":{},"geometry":{"type":"Polygon","coordinates":[[[54.407167,24.507749],[54.407123,24.507787],[54.407157,24.507812],[54.407201,24.507774],[54.407167,24.507749]]]}},{"type":"Feature","properties":{},"geometry":{"type":"Polygon","coordinates":[[[54.410332,24.507855],[54.410313,24.507789],[54.410247,24.507805],[54.410204,24.507719],[54.410122,24.507721],[54.409944,24.507773],[54.40981,24.507877],[54.409779,24.507955],[54.409808,24.507997],[54.40988,24.508036],[54.409927,24.508021],[54.410064,24.508015],[54.410185,24.50796],[54.410332,24.507855]]]}},{"type":"Feature","properties":{},"geometry":{"type":"Polygon","coordinates":[[[54.408925,24.507856],[54.408863,24.507863],[54.408866,24.50792],[54.408832,24.507926],[54.408837,24.508032],[54.40889,24.508025],[54.408889,24.508],[54.408918,24.507994],[54.408914,24.507909],[54.408927,24.507904],[54.408925,24.507856]]]}},{"type":"Feature","properties":{},"geometry":{"type":"Polygon","coordinates":[[[54.409278,24.508116],[54.409175,24.508195],[54.409217,24.508238],[54.40932,24.508159],[54.409278,24.508116]]]}},{"type":"Feature","properties":{},"geometry":{"type":"Polygon","coordinates":[[[54.409097,24.508646],[54.409112,24.508663],[54.409158,24.508646],[54.409334,24.508542],[54.409273,24.508456],[54.409215,24.50848],[54.409158,24.5084],[54.408968,24.508502],[54.409014,24.508567],[54.408941,24.508625],[54.408959,24.508651],[54.408923,24.508672],[54.408954,24.508715],[54.408992,24.508701],[54.409011,24.508728],[54.409117,24.508675],[54.409097,24.508646]]]}},{"type":"Feature","properties":{},"geometry":{"type":"Polygon","coordinates":[[[54.407587,24.508811],[54.407509,24.508866],[54.407536,24.508896],[54.407615,24.508841],[54.407587,24.508811]]]}},{"type":"Feature","properties":{},"geometry":{"type":"Polygon","coordinates":[[[54.407864,24.509122],[54.407708,24.508969],[54.407694,24.508974],[54.407642,24.509018],[54.407798,24.509171],[54.407864,24.509122]]]}},{"type":"Feature","properties":{},"geometry":{"type":"Polygon","coordinates":[[[54.407274,24.509285],[54.40717,24.509197],[54.407156,24.509203],[54.407115,24.509243],[54.407188,24.509304],[54.40709,24.509341],[54.406949,24.509476],[54.407336,24.509835],[54.407446,24.509794],[54.40758,24.509657],[54.407229,24.509327],[54.407274,24.509285]]]}},{"type":"Feature","properties":{},"geometry":{"type":"Polygon","coordinates":[[[54.407784,24.509501],[54.4079,24.509383],[54.407538,24.50905],[54.407427,24.509091],[54.407305,24.5092],[54.407673,24.509542],[54.407784,24.509501]]]}},{"type":"Feature","properties":{},"geometry":{"type":"Polygon","coordinates":[[[54.407014,24.510038],[54.407179,24.509921],[54.406811,24.509574],[54.4067,24.509615],[54.406541,24.509747],[54.406904,24.510079],[54.407014,24.510038]]]}},{"type":"Feature","properties":{},"geometry":{"type":"Polygon","coordinates":[[[54.410005,24.509826],[54.409959,24.509843],[54.409616,24.510155],[54.409801,24.510324],[54.409847,24.510306],[54.41019,24.509994],[54.410005,24.509826]]]}},{"type":"Feature","properties":{},"geometry":{"type":"Polygon","coordinates":[[[54.41027,24.510774],[54.410248,24.510742],[54.410303,24.51071],[54.410208,24.510574],[54.410108,24.510629],[54.410225,24.510797],[54.41027,24.510774]]]}},{"type":"Feature","properties":{},"geometry":{"type":"Polygon","coordinates":[[[54.409228,24.51076],[54.409243,24.510684],[54.409185,24.510624],[54.409124,24.51062],[54.409057,24.510655],[54.409034,24.510709],[54.409039,24.510739],[54.409077,24.510787],[54.409106,24.5108],[54.409168,24.510798],[54.409228,24.51076]]]}},{"type":"Feature","properties":{},"geometry":{"type":"Polygon","coordinates":[[[54.409954,24.510975],[54.410233,24.510827],[54.410096,24.510626],[54.409854,24.510753],[54.409921,24.510852],[54.409884,24.510873],[54.409954,24.510975]]]}},{"type":"Feature","properties":{},"geometry":{"type":"Polygon","coordinates":[[[54.408194,24.510919],[54.40815,24.510926],[54.408155,24.511016],[54.408176,24.511015],[54.40818,24.5111],[54.408258,24.511097],[54.408272,24.511092],[54.408263,24.510917],[54.408252,24.510917],[54.408264,24.510912],[54.408261,24.510837],[54.408191,24.510844],[54.408194,24.510919]]]}},{"type":"Feature","properties":{},"geometry":{"type":"Polygon","coordinates":[[[54.407917,24.51091],[54.407855,24.510834],[54.407727,24.510882],[54.407694,24.510841],[54.407567,24.510888],[54.407476,24.51095],[54.407834,24.511386],[54.407979,24.511327],[54.408003,24.511357],[54.40813,24.511309],[54.408204,24.511259],[54.40793,24.510927],[54.408002,24.510925],[54.408004,24.510895],[54.408005,24.510928],[54.408163,24.510916],[54.408177,24.510911],[54.408175,24.51086],[54.407919,24.51087],[54.407917,24.51091]]]}},{"type":"Feature","properties":{},"geometry":{"type":"Polygon","coordinates":[[[54.410241,24.511083],[54.410308,24.511057],[54.410506,24.510935],[54.41043,24.510834],[54.410219,24.510961],[54.410254,24.511008],[54.410207,24.511032],[54.410241,24.511083]]]}},{"type":"Feature","properties":{},"geometry":{"type":"Polygon","coordinates":[[[54.408953,24.510705],[54.408826,24.510752],[54.408295,24.511045],[54.408384,24.511178],[54.408511,24.511131],[54.409042,24.510838],[54.408953,24.510705]]]}},{"type":"Feature","properties":{},"geometry":{"type":"Polygon","coordinates":[[[54.40806,24.511012],[54.40805,24.511069],[54.408114,24.511071],[54.408124,24.511014],[54.40806,24.511012]]]}},{"type":"Feature","properties":{},"geometry":{"type":"Polygon","coordinates":[[[54.41008,24.51107],[54.410122,24.511143],[54.410205,24.511104],[54.410164,24.511031],[54.41008,24.51107]]]}},{"type":"Feature","properties":{},"geometry":{"type":"Polygon","coordinates":[[[54.409123,24.511627],[54.409192,24.511602],[54.409672,24.511336],[54.409455,24.511011],[54.409386,24.511036],[54.408905,24.511302],[54.409123,24.511627]]]}},{"type":"Feature","properties":{},"geometry":{"type":"Polygon","coordinates":[[[54.406313,24.511897],[54.406573,24.511871],[54.406643,24.511846],[54.406975,24.51164],[54.407038,24.511731],[54.407107,24.511705],[54.407305,24.511605],[54.407555,24.511438],[54.40716,24.510943],[54.406721,24.511167],[54.406651,24.511065],[54.406582,24.511091],[54.406138,24.511339],[54.406102,24.511442],[54.406236,24.511831],[54.406313,24.511897]]]}},{"type":"Feature","properties":{},"geometry":{"type":"Polygon","coordinates":[[[54.408457,24.511973],[54.40895,24.511696],[54.408731,24.511373],[54.408662,24.511399],[54.408168,24.511676],[54.408387,24.511999],[54.408457,24.511973]]]}},{"type":"Feature","properties":{},"geometry":{"type":"Polygon","coordinates":[[[54.407897,24.511929],[54.407908,24.511978],[54.407975,24.511962],[54.407963,24.511913],[54.407897,24.511929]]]}},{"type":"Feature","properties":{},"geometry":{"type":"Polygon","coordinates":[[[54.411484,24.481839],[54.411116,24.48152],[54.41107,24.481537],[54.410897,24.481703],[54.410978,24.481773],[54.411024,24.481756],[54.411089,24.481693],[54.411152,24.481747],[54.411123,24.481775],[54.411168,24.481813],[54.411207,24.481799],[54.411275,24.481858],[54.411176,24.481953],[54.411261,24.482026],[54.411307,24.482009],[54.411484,24.481839]]]}},{"type":"Feature","properties":{},"geometry":{"type":"Polygon","coordinates":[[[54.412332,24.481758],[54.412156,24.482033],[54.412516,24.482224],[54.412563,24.482207],[54.412739,24.481932],[54.412378,24.481741],[54.412332,24.481758]]]}},{"type":"Feature","properties":{},"geometry":{"type":"Polygon","coordinates":[[[54.411398,24.482052],[54.411385,24.482057],[54.411306,24.482137],[54.411337,24.482163],[54.411351,24.482158],[54.41143,24.482077],[54.411398,24.482052]]]}},{"type":"Feature","properties":{},"geometry":{"type":"Polygon","coordinates":[[[54.411454,24.485589],[54.411336,24.485635],[54.411351,24.485666],[54.411468,24.48562],[54.411454,24.485589]]]}},{"type":"Feature","properties":{},"geometry":{"type":"Polygon","coordinates":[[[54.411361,24.485683],[54.4114,24.485781],[54.411471,24.485757],[54.411432,24.48566],[54.411361,24.485683]]]}},{"type":"Feature","properties":{},"geometry":{"type":"Polygon","coordinates":[[[54.413488,24.487622],[54.413485,24.48754],[54.413516,24.487528],[54.413513,24.487454],[54.413354,24.48746],[54.4134,24.487443],[54.413388,24.487195],[54.413283,24.487199],[54.413237,24.487216],[54.413238,24.487228],[54.413107,24.487233],[54.413061,24.487251],[54.413138,24.487469],[54.413245,24.487464],[54.413199,24.487482],[54.41321,24.487727],[54.413478,24.487717],[54.413524,24.4877],[54.413521,24.487621],[54.413488,24.487622]]]}},{"type":"Feature","properties":{},"geometry":{"type":"Polygon","coordinates":[[[54.412945,24.487567],[54.413,24.487756],[54.4131,24.487731],[54.413046,24.487541],[54.412945,24.487567]]]}},{"type":"Feature","properties":{},"geometry":{"type":"Polygon","coordinates":[[[54.415599,24.48769],[54.415602,24.487734],[54.415674,24.487726],[54.415671,24.487682],[54.415599,24.48769]]]}},{"type":"Feature","properties":{},"geometry":{"type":"Polygon","coordinates":[[[54.415841,24.487751],[54.415839,24.487795],[54.415885,24.487791],[54.415887,24.487747],[54.415841,24.487751]]]}},{"type":"Feature","properties":{},"geometry":{"type":"Polygon","coordinates":[[[54.415997,24.487765],[54.415983,24.48777],[54.415982,24.4878],[54.416088,24.487803],[54.416102,24.487798],[54.416103,24.487769],[54.415997,24.487765]]]}},{"type":"Feature","properties":{},"geometry":{"type":"Polygon","coordinates":[[[54.415983,24.487819],[54.415992,24.487949],[54.416262,24.487931],[54.416254,24.487801],[54.415983,24.487819]]]}},{"type":"Feature","properties":{},"geometry":{"type":"Polygon","coordinates":[[[54.415077,24.487788],[54.415077,24.487832],[54.415141,24.487832],[54.415141,24.48823],[54.415324,24.48823],[54.41537,24.488213],[54.41537,24.487979],[54.415573,24.487979],[54.415619,24.487961],[54.415619,24.487865],[54.415621,24.487947],[54.415688,24.487946],[54.415689,24.487975],[54.415751,24.487968],[54.415745,24.487766],[54.415123,24.487771],[54.415077,24.487788]]]}},{"type":"Feature","properties":{},"geometry":{"type":"Polygon","coordinates":[[[54.413505,24.487898],[54.413508,24.487959],[54.41359,24.487952],[54.413587,24.48789],[54.413505,24.487898]]]}},{"type":"Feature","properties":{},"geometry":{"type":"Polygon","coordinates":[[[54.416008,24.487961],[54.415994,24.487966],[54.415996,24.488022],[54.416232,24.488016],[54.416245,24.48801],[54.416244,24.487954],[54.416008,24.487961]]]}},{"type":"Feature","properties":{},"geometry":{"type":"Polygon","coordinates":[[[54.416598,24.487978],[54.416599,24.488026],[54.416666,24.48802],[54.416665,24.487971],[54.416598,24.487978]]]}},{"type":"Feature","properties":{},"geometry":{"type":"Polygon","coordinates":[[[54.416429,24.48798],[54.416426,24.488126],[54.416593,24.488124],[54.416595,24.487977],[54.416429,24.48798]]]}},{"type":"Feature","properties":{},"geometry":{"type":"Polygon","coordinates":[[[54.416522,24.488295],[54.416505,24.488295],[54.416498,24.488184],[54.416552,24.488182],[54.416504,24.488192],[54.416512,24.488239],[54.416578,24.488227],[54.416577,24.488248],[54.416682,24.488244],[54.416684,24.488149],[54.416603,24.488148],[54.416669,24.488133],[54.416665,24.488042],[54.416598,24.488049],[54.416601,24.488132],[54.416422,24.48814],[54.416416,24.48802],[54.416321,24.488029],[54.416337,24.488312],[54.416461,24.488306],[54.416465,24.48837],[54.416526,24.488363],[54.416522,24.488295]],[[54.416578,24.488212],[54.416572,24.488179],[54.416579,24.488177],[54.416578,24.488212]]]}},{"type":"Feature","properties":{},"geometry":{"type":"Polygon","coordinates":[[[54.415634,24.488207],[54.415638,24.488318],[54.415714,24.488311],[54.41571,24.4882],[54.415634,24.488207]]]}},{"type":"Feature","properties":{},"geometry":{"type":"Polygon","coordinates":[[[54.416586,24.488268],[54.416582,24.488333],[54.41665,24.48833],[54.416654,24.488266],[54.416586,24.488268]]]}},{"type":"Feature","properties":{},"geometry":{"type":"Polygon","coordinates":[[[54.414825,24.488236],[54.414822,24.488331],[54.414968,24.48833],[54.414972,24.488235],[54.414825,24.488236]]]}},{"type":"Feature","properties":{},"geometry":{"type":"Polygon","coordinates":[[[54.415458,24.488301],[54.41546,24.488339],[54.415568,24.48833],[54.415566,24.488292],[54.415458,24.488301]]]}},{"type":"Feature","properties":{},"geometry":{"type":"Polygon","coordinates":[[[54.415304,24.488319],[54.415305,24.488402],[54.415436,24.488396],[54.415435,24.488313],[54.415304,24.488319]]]}},{"type":"Feature","properties":{},"geometry":{"type":"Polygon","coordinates":[[[54.416132,24.488358],[54.416136,24.488394],[54.41619,24.488385],[54.416187,24.488349],[54.416132,24.488358]]]}},{"type":"Feature","properties":{},"geometry":{"type":"Polygon","coordinates":[[[54.415587,24.488343],[54.415588,24.488392],[54.415696,24.488385],[54.415695,24.488336],[54.415587,24.488343]]]}},{"type":"Feature","properties":{},"geometry":{"type":"Polygon","coordinates":[[[54.416513,24.488499],[54.416527,24.488493],[54.416528,24.48842],[54.416348,24.488417],[54.416349,24.488388],[54.416274,24.488387],[54.416276,24.488277],[54.416236,24.488277],[54.416222,24.488282],[54.416218,24.488494],[54.416513,24.488499]]]}},{"type":"Feature","properties":{},"geometry":{"type":"Polygon","coordinates":[[[54.414838,24.488363],[54.414842,24.488483],[54.414979,24.488475],[54.414976,24.488355],[54.414838,24.488363]]]}},{"type":"Feature","properties":{},"geometry":{"type":"Polygon","coordinates":[[[54.416638,24.488439],[54.416635,24.488483],[54.416694,24.488479],[54.416696,24.488436],[54.416638,24.488439]]]}},{"type":"Feature","properties":{},"geometry":{"type":"Polygon","coordinates":[[[54.415399,24.488443],[54.415398,24.488489],[54.415431,24.488484],[54.415432,24.488438],[54.415399,24.488443]]]}},{"type":"Feature","properties":{},"geometry":{"type":"Polygon","coordinates":[[[54.415449,24.488649],[54.415451,24.488698],[54.415545,24.48869],[54.415543,24.488642],[54.415449,24.488649]]]}},{"type":"Feature","properties":{},"geometry":{"type":"Polygon","coordinates":[[[54.411105,24.488896],[54.411078,24.488957],[54.411129,24.489024],[54.41124,24.489021],[54.411364,24.489187],[54.411192,24.489279],[54.411245,24.489361],[54.411314,24.489336],[54.411952,24.488982],[54.411994,24.489064],[54.411421,24.48938],[54.411516,24.489533],[54.41158,24.489509],[54.411644,24.489619],[54.411903,24.489668],[54.411886,24.489745],[54.412051,24.489781],[54.41212,24.489755],[54.412278,24.489154],[54.412342,24.489156],[54.412427,24.489123],[54.412733,24.489706],[54.412956,24.4896],[54.412923,24.48955],[54.413136,24.489455],[54.413176,24.489365],[54.413192,24.489373],[54.413261,24.489348],[54.413305,24.489173],[54.412655,24.488956],[54.412657,24.488934],[54.412811,24.488964],[54.41342,24.488874],[54.413489,24.488848],[54.413445,24.488556],[54.412861,24.488626],[54.412817,24.488588],[54.412675,24.488652],[54.412595,24.488585],[54.412673,24.488545],[54.412558,24.488398],[54.412682,24.488014],[54.4129,24.488126],[54.412969,24.488101],[54.413104,24.487954],[54.412745,24.487759],[54.412516,24.487718],[54.412242,24.487705],[54.412173,24.487731],[54.412195,24.487951],[54.4123,24.487959],[54.412366,24.487935],[54.412408,24.487939],[54.412273,24.488495],[54.411987,24.487994],[54.412183,24.487944],[54.412157,24.487708],[54.411868,24.487782],[54.411799,24.487808],[54.411512,24.487982],[54.411345,24.488156],[54.411502,24.488267],[54.411571,24.488241],[54.411731,24.48811],[54.411959,24.488499],[54.411884,24.488712],[54.411214,24.488505],[54.411145,24.488531],[54.411102,24.488626],[54.411287,24.488693],[54.411253,24.48886],[54.411105,24.488896]],[[54.411834,24.489464],[54.41175,24.489351],[54.411896,24.489268],[54.411893,24.489328],[54.411994,24.489349],[54.411965,24.489492],[54.411834,24.489464]],[[54.412827,24.489256],[54.412852,24.489188],[54.412994,24.489233],[54.412947,24.489358],[54.412885,24.489388],[54.412827,24.489256]]]}},{"type":"Feature","properties":{},"geometry":{"type":"Polygon","coordinates":[[[54.416209,24.488887],[54.416213,24.488994],[54.416257,24.488988],[54.416252,24.488881],[54.416209,24.488887]]]}},{"type":"Feature","properties":{},"geometry":{"type":"Polygon","coordinates":[[[54.415985,24.488846],[54.415992,24.489046],[54.416065,24.48904],[54.416058,24.48884],[54.415985,24.488846]]]}},{"type":"Feature","properties":{},"geometry":{"type":"Polygon","coordinates":[[[54.415606,24.488857],[54.41561,24.489057],[54.415683,24.489051],[54.415679,24.488851],[54.415606,24.488857]]]}},{"type":"Feature","properties":{},"geometry":{"type":"Polygon","coordinates":[[[54.415876,24.489139],[54.415873,24.489095],[54.415705,24.48911],[54.415708,24.489152],[54.415876,24.489139]]]}},{"type":"Feature","properties":{},"geometry":{"type":"Polygon","coordinates":[[[54.41577,24.489174],[54.415768,24.489255],[54.415833,24.489251],[54.415835,24.489171],[54.41577,24.489174]]]}},{"type":"Feature","properties":{},"geometry":{"type":"Polygon","coordinates":[[[54.415416,24.489523],[54.41537,24.48954],[54.415375,24.489694],[54.416246,24.489672],[54.416292,24.489655],[54.41629,24.489586],[54.416269,24.489586],[54.416267,24.489502],[54.415416,24.489523]]]}},{"type":"Feature","properties":{},"geometry":{"type":"Polygon","coordinates":[[[54.412414,24.489954],[54.412419,24.490017],[54.412502,24.490007],[54.412498,24.489945],[54.412414,24.489954]]]}},{"type":"Feature","properties":{},"geometry":{"type":"Polygon","coordinates":[[[54.411038,24.490666],[54.411037,24.490718],[54.411147,24.490714],[54.411148,24.490662],[54.411038,24.490666]]]}},{"type":"Feature","properties":{},"geometry":{"type":"Polygon","coordinates":[[[54.411224,24.490795],[54.411141,24.4908],[54.411141,24.490893],[54.411165,24.490893],[54.411133,24.490899],[54.411134,24.490956],[54.411223,24.490949],[54.411213,24.490892],[54.411224,24.490888],[54.411224,24.490795]]]}},{"type":"Feature","properties":{},"geometry":{"type":"Polygon","coordinates":[[[54.412847,24.491158],[54.413326,24.491164],[54.413395,24.491138],[54.413397,24.490975],[54.413113,24.490971],[54.413115,24.490837],[54.413341,24.490839],[54.413411,24.490814],[54.413413,24.490645],[54.412924,24.490639],[54.412855,24.490665],[54.412847,24.491158]]]}},{"type":"Feature","properties":{},"geometry":{"type":"Polygon","coordinates":[[[54.412816,24.49119],[54.412814,24.491229],[54.412874,24.491226],[54.412875,24.491187],[54.412816,24.49119]]]}},{"type":"Feature","properties":{},"geometry":{"type":"Polygon","coordinates":[[[54.411171,24.49143],[54.411167,24.491506],[54.411219,24.491503],[54.411222,24.491426],[54.411171,24.49143]]]}},{"type":"Feature","properties":{},"geometry":{"type":"Polygon","coordinates":[[[54.411435,24.491191],[54.411366,24.491216],[54.411295,24.492125],[54.411791,24.492157],[54.41186,24.492132],[54.411931,24.491223],[54.411435,24.491191]]]}},{"type":"Feature","properties":{},"geometry":{"type":"Polygon","coordinates":[[[54.412094,24.491702],[54.412093,24.491731],[54.412185,24.491729],[54.412186,24.491699],[54.412094,24.491702]]]}},{"type":"Feature","properties":{},"geometry":{"type":"Polygon","coordinates":[[[54.411567,24.492297],[54.411565,24.492385],[54.411706,24.492383],[54.411709,24.492296],[54.411567,24.492297]]]}},{"type":"Feature","properties":{},"geometry":{"type":"Polygon","coordinates":[[[54.411959,24.492464],[54.411958,24.492562],[54.412154,24.492558],[54.412155,24.492461],[54.411959,24.492464]]]}},{"type":"Feature","properties":{},"geometry":{"type":"Polygon","coordinates":[[[54.41501,24.49686],[54.414996,24.496865],[54.414886,24.497023],[54.414978,24.497076],[54.414992,24.497071],[54.415103,24.496914],[54.41501,24.49686]]]}},{"type":"Feature","properties":{},"geometry":{"type":"Polygon","coordinates":[[[54.411943,24.498902],[54.412125,24.498673],[54.412019,24.498054],[54.412041,24.498045],[54.41181,24.4975],[54.411496,24.497386],[54.411334,24.497448],[54.41163,24.498208],[54.411755,24.498938],[54.411874,24.498928],[54.411943,24.498902]]]}},{"type":"Feature","properties":{},"geometry":{"type":"Polygon","coordinates":[[[54.410541,24.498897],[54.410679,24.499043],[54.410923,24.499055],[54.410993,24.499029],[54.410985,24.497515],[54.410729,24.497586],[54.410555,24.497734],[54.410541,24.498897]]]}},{"type":"Feature","properties":{},"geometry":{"type":"Polygon","coordinates":[[[54.41329,24.502809],[54.413379,24.502328],[54.412899,24.502033],[54.412741,24.501881],[54.412655,24.501769],[54.412574,24.501625],[54.412526,24.501486],[54.411982,24.501472],[54.411947,24.501485],[54.411983,24.501685],[54.412103,24.502003],[54.412187,24.50216],[54.412339,24.502367],[54.412595,24.502668],[54.41284,24.502833],[54.412909,24.502905],[54.412978,24.502986],[54.413063,24.503131],[54.41317,24.503099],[54.41329,24.502809]]]}},{"type":"Feature","properties":{},"geometry":{"type":"Polygon","coordinates":[[[54.415487,24.502422],[54.415483,24.502481],[54.415522,24.502478],[54.415526,24.502419],[54.415487,24.502422]]]}},{"type":"Feature","properties":{},"geometry":{"type":"Polygon","coordinates":[[[54.411742,24.502449],[54.411529,24.502276],[54.411515,24.502281],[54.411443,24.502354],[54.411656,24.502527],[54.411742,24.502449]]]}},{"type":"Feature","properties":{},"geometry":{"type":"Polygon","coordinates":[[[54.415468,24.502603],[54.415376,24.502612],[54.415378,24.502645],[54.415391,24.502645],[54.415381,24.502687],[54.415466,24.502682],[54.415466,24.502644],[54.415418,24.502644],[54.415469,24.502637],[54.415468,24.502603]]]}},{"type":"Feature","properties":{},"geometry":{"type":"Polygon","coordinates":[[[54.411356,24.502864],[54.411354,24.502702],[54.411224,24.502679],[54.411155,24.502628],[54.411149,24.502248],[54.410947,24.502245],[54.410878,24.50227],[54.410844,24.502864],[54.411287,24.50289],[54.411356,24.502864]]]}},{"type":"Feature","properties":{},"geometry":{"type":"Polygon","coordinates":[[[54.411449,24.50254],[54.411446,24.502663],[54.411509,24.502659],[54.411512,24.502535],[54.411449,24.50254]]]}},{"type":"Feature","properties":{},"geometry":{"type":"Polygon","coordinates":[[[54.41168,24.502571],[54.411841,24.50281],[54.411957,24.502748],[54.411796,24.502509],[54.41168,24.502571]]]}},{"type":"Feature","properties":{},"geometry":{"type":"Polygon","coordinates":[[[54.415551,24.502785],[54.415547,24.502812],[54.415614,24.502812],[54.415618,24.502785],[54.415551,24.502785]]]}},{"type":"Feature","properties":{},"geometry":{"type":"Polygon","coordinates":[[[54.415382,24.50279],[54.415389,24.502843],[54.415465,24.502832],[54.415458,24.502778],[54.415382,24.50279]]]}},{"type":"Feature","properties":{},"geometry":{"type":"Polygon","coordinates":[[[54.415675,24.502784],[54.415671,24.502862],[54.415811,24.502861],[54.415815,24.502783],[54.415675,24.502784]]]}},{"type":"Feature","properties":{},"geometry":{"type":"Polygon","coordinates":[[[54.415425,24.502856],[54.415433,24.502906],[54.415505,24.502893],[54.415497,24.502843],[54.415425,24.502856]]]}},{"type":"Feature","properties":{},"geometry":{"type":"Polygon","coordinates":[[[54.411559,24.5028],[54.411635,24.502952],[54.411733,24.502911],[54.411657,24.50276],[54.411559,24.5028]]]}},{"type":"Feature","properties":{},"geometry":{"type":"Polygon","coordinates":[[[54.415621,24.503423],[54.415618,24.503479],[54.415726,24.503477],[54.415728,24.503421],[54.415621,24.503423]]]}},{"type":"Feature","properties":{},"geometry":{"type":"Polygon","coordinates":[[[54.415796,24.503564],[54.415799,24.503647],[54.415855,24.50364],[54.415852,24.503558],[54.415796,24.503564]]]}},{"type":"Feature","properties":{},"geometry":{"type":"Polygon","coordinates":[[[54.415342,24.503989],[54.415351,24.504027],[54.415424,24.504009],[54.415415,24.503972],[54.415342,24.503989]]]}},{"type":"Feature","properties":{},"geometry":{"type":"Polygon","coordinates":[[[54.415448,24.50408],[54.415408,24.504032],[54.415369,24.504054],[54.415409,24.504102],[54.415448,24.50408]]]}},{"type":"Feature","properties":{},"geometry":{"type":"Polygon","coordinates":[[[54.41564,24.504033],[54.415554,24.504089],[54.415598,24.504139],[54.415683,24.504083],[54.41564,24.504033]]]}},{"type":"Feature","properties":{},"geometry":{"type":"Polygon","coordinates":[[[54.415792,24.50402],[54.415745,24.504038],[54.415586,24.504195],[54.415764,24.504348],[54.415811,24.504331],[54.415988,24.504182],[54.415792,24.50402]]]}},{"type":"Feature","properties":{},"geometry":{"type":"Polygon","coordinates":[[[54.414826,24.504005],[54.414744,24.504036],[54.414585,24.504193],[54.414762,24.504346],[54.414844,24.504316],[54.415022,24.504167],[54.414826,24.504005]]]}},{"type":"Feature","properties":{},"geometry":{"type":"Polygon","coordinates":[[[54.415311,24.504031],[54.415238,24.504058],[54.415079,24.504216],[54.415256,24.504369],[54.41533,24.504341],[54.415507,24.504192],[54.415311,24.504031]]]}},{"type":"Feature","properties":{},"geometry":{"type":"Polygon","coordinates":[[[54.414312,24.504214],[54.414208,24.504252],[54.414049,24.50441],[54.414227,24.504563],[54.414331,24.504524],[54.414508,24.504375],[54.414312,24.504214]]]}},{"type":"Feature","properties":{},"geometry":{"type":"Polygon","coordinates":[[[54.415382,24.504462],[54.415432,24.504513],[54.41549,24.504472],[54.415441,24.504421],[54.415382,24.504462]]]}},{"type":"Feature","properties":{},"geometry":{"type":"Polygon","coordinates":[[[54.41561,24.504498],[54.415554,24.504519],[54.415395,24.504677],[54.415572,24.50483],[54.415629,24.504809],[54.415806,24.50466],[54.41561,24.504498]]]}},{"type":"Feature","properties":{},"geometry":{"type":"Polygon","coordinates":[[[54.414671,24.504668],[54.414598,24.504696],[54.414439,24.504853],[54.414616,24.505006],[54.41469,24.504979],[54.414868,24.50483],[54.414671,24.504668]]]}},{"type":"Feature","properties":{},"geometry":{"type":"Polygon","coordinates":[[[54.415841,24.50499],[54.415784,24.50493],[54.415723,24.504971],[54.41578,24.505032],[54.415841,24.50499]]]}},{"type":"Feature","properties":{},"geometry":{"type":"Polygon","coordinates":[[[54.415428,24.504987],[54.415232,24.504826],[54.415167,24.50485],[54.415009,24.505007],[54.415186,24.50516],[54.415267,24.505122],[54.415299,24.50516],[54.415377,24.50511],[54.415342,24.505069],[54.415302,24.505093],[54.415428,24.504987]]]}},{"type":"Feature","properties":{},"geometry":{"type":"Polygon","coordinates":[[[54.410732,24.506708],[54.410747,24.506615],[54.410678,24.506576],[54.410546,24.50654],[54.410371,24.50656],[54.410252,24.506628],[54.410252,24.506678],[54.410289,24.506747],[54.410337,24.506757],[54.410456,24.50682],[54.410727,24.506809],[54.410773,24.506792],[54.410797,24.506728],[54.410732,24.506708]]]}},{"type":"Feature","properties":{},"geometry":{"type":"Polygon","coordinates":[[[54.411043,24.506943],[54.410977,24.506911],[54.410931,24.506929],[54.410915,24.506957],[54.410847,24.506938],[54.410801,24.506955],[54.410747,24.507011],[54.410686,24.507123],[54.41068,24.507283],[54.410723,24.507357],[54.410777,24.507366],[54.410904,24.507326],[54.410922,24.507285],[54.41101,24.507189],[54.411043,24.506943]]]}},{"type":"Feature","properties":{},"geometry":{"type":"Polygon","coordinates":[[[54.410799,24.508602],[54.410795,24.508702],[54.411097,24.508706],[54.4111,24.508608],[54.410799,24.508602]]]}},{"type":"Feature","properties":{},"geometry":{"type":"Polygon","coordinates":[[[54.411566,24.508959],[54.411557,24.509167],[54.411694,24.509167],[54.411703,24.508958],[54.411566,24.508959]]]}},{"type":"Feature","properties":{},"geometry":{"type":"Polygon","coordinates":[[[54.410684,24.50907],[54.410686,24.509166],[54.410762,24.50916],[54.41076,24.509063],[54.410684,24.50907]]]}},{"type":"Feature","properties":{},"geometry":{"type":"Polygon","coordinates":[[[54.41122,24.509315],[54.411262,24.509316],[54.41126,24.509353],[54.41143,24.509357],[54.411477,24.50934],[54.411487,24.508984],[54.411234,24.508989],[54.41122,24.509315]]]}},{"type":"Feature","properties":{},"geometry":{"type":"Polygon","coordinates":[[[54.411109,24.509153],[54.411108,24.509224],[54.41117,24.50922],[54.411171,24.509148],[54.411109,24.509153]]]}},{"type":"Feature","properties":{},"geometry":{"type":"Polygon","coordinates":[[[54.411546,24.509268],[54.411541,24.509485],[54.411673,24.509482],[54.411678,24.509265],[54.411546,24.509268]]]}},{"type":"Feature","properties":{},"geometry":{"type":"Polygon","coordinates":[[[54.411434,24.509528],[54.411448,24.509523],[54.411445,24.509433],[54.410723,24.509449],[54.41071,24.509455],[54.410713,24.509549],[54.411434,24.509528]]]}},{"type":"Feature","properties":{},"geometry":{"type":"Polygon","coordinates":[[[54.411242,24.509686],[54.411319,24.509843],[54.411432,24.509798],[54.411355,24.509641],[54.411242,24.509686]]]}},{"type":"Feature","properties":{},"geometry":{"type":"Polygon","coordinates":[[[54.410584,24.510715],[54.410544,24.510769],[54.410597,24.510792],[54.410637,24.510739],[54.410584,24.510715]]]}},{"type":"Feature","properties":{},"geometry":{"type":"Polygon","coordinates":[[[54.418873,24.480042],[54.418859,24.480048],[54.418853,24.480083],[54.418929,24.480089],[54.418928,24.480136],[54.418966,24.480137],[54.41898,24.480132],[54.418981,24.480071],[54.418935,24.480073],[54.418939,24.480052],[54.418873,24.480042]]]}},{"type":"Feature","properties":{},"geometry":{"type":"Polygon","coordinates":[[[54.42066,24.480236],[54.420555,24.480238],[54.420548,24.480369],[54.420644,24.480371],[54.420644,24.480384],[54.420901,24.480388],[54.420903,24.480342],[54.420695,24.480334],[54.420696,24.480302],[54.420656,24.480302],[54.42066,24.480236]]]}},{"type":"Feature","properties":{},"geometry":{"type":"Polygon","coordinates":[[[54.419916,24.480827],[54.419909,24.480882],[54.419987,24.480883],[54.419993,24.480828],[54.419916,24.480827]]]}},{"type":"Feature","properties":{},"geometry":{"type":"Polygon","coordinates":[[[54.418579,24.481524],[54.418565,24.481529],[54.418546,24.481664],[54.418866,24.4817],[54.41888,24.481695],[54.418898,24.481561],[54.418579,24.481524]]]}},{"type":"Feature","properties":{},"geometry":{"type":"Polygon","coordinates":[[[54.418982,24.481589],[54.418968,24.481594],[54.418946,24.481747],[54.419286,24.481789],[54.4193,24.481784],[54.419322,24.48163],[54.418982,24.481589]]]}},{"type":"Feature","properties":{},"geometry":{"type":"Polygon","coordinates":[[[54.419421,24.481631],[54.419407,24.481636],[54.419387,24.481773],[54.419715,24.481812],[54.419728,24.481807],[54.419748,24.48167],[54.419421,24.481631]]]}},{"type":"Feature","properties":{},"geometry":{"type":"Polygon","coordinates":[[[54.420056,24.481711],[54.42005,24.481774],[54.4202,24.481772],[54.420202,24.48172],[54.420056,24.481711]]]}},{"type":"Feature","properties":{},"geometry":{"type":"Polygon","coordinates":[[[54.41853,24.481696],[54.418536,24.481836],[54.418733,24.481824],[54.41873,24.481743],[54.418675,24.481744],[54.418672,24.481686],[54.41853,24.481696]]]}},{"type":"Feature","properties":{},"geometry":{"type":"Polygon","coordinates":[[[54.418812,24.481775],[54.418799,24.481855],[54.418855,24.481855],[54.418868,24.481775],[54.418812,24.481775]]]}},{"type":"Feature","properties":{},"geometry":{"type":"Polygon","coordinates":[[[54.420283,24.481748],[54.420237,24.481765],[54.420213,24.481928],[54.420551,24.481968],[54.420597,24.481951],[54.420621,24.481788],[54.420283,24.481748]]]}},{"type":"Feature","properties":{},"geometry":{"type":"Polygon","coordinates":[[[54.420715,24.481813],[54.420701,24.481818],[54.420693,24.481951],[54.421018,24.481967],[54.421032,24.481962],[54.42104,24.48183],[54.420715,24.481813]]]}},{"type":"Feature","properties":{},"geometry":{"type":"Polygon","coordinates":[[[54.418515,24.481906],[54.418517,24.481928],[54.418575,24.48192],[54.418573,24.481898],[54.418515,24.481906]]]}},{"type":"Feature","properties":{},"geometry":{"type":"Polygon","coordinates":[[[54.419851,24.481856],[54.419837,24.481861],[54.41982,24.481996],[54.420141,24.482029],[54.420155,24.482024],[54.420171,24.481889],[54.419851,24.481856]]]}},{"type":"Feature","properties":{},"geometry":{"type":"Polygon","coordinates":[[[54.420697,24.48197],[54.420683,24.481975],[54.420663,24.482098],[54.420973,24.48214],[54.420987,24.482135],[54.421007,24.482012],[54.420697,24.48197]]]}},{"type":"Feature","properties":{},"geometry":{"type":"Polygon","coordinates":[[[54.419294,24.481947],[54.41928,24.481952],[54.419261,24.482083],[54.419586,24.482122],[54.4196,24.482116],[54.419618,24.481986],[54.419294,24.481947]]]}},{"type":"Feature","properties":{},"geometry":{"type":"Polygon","coordinates":[[[54.418787,24.48199],[54.418771,24.48206],[54.418821,24.482062],[54.418837,24.481991],[54.418787,24.48199]]]}},{"type":"Feature","properties":{},"geometry":{"type":"Polygon","coordinates":[[[54.420364,24.482004],[54.420339,24.482094],[54.420444,24.482109],[54.420468,24.48202],[54.420364,24.482004]]]}},{"type":"Feature","properties":{},"geometry":{"type":"Polygon","coordinates":[[[54.41966,24.482027],[54.419662,24.482112],[54.419647,24.482117],[54.419635,24.482182],[54.419583,24.482177],[54.419586,24.482153],[54.419255,24.482114],[54.419209,24.482131],[54.419181,24.482325],[54.419358,24.482346],[54.419352,24.482407],[54.419212,24.482394],[54.419166,24.482411],[54.419146,24.482596],[54.419479,24.482626],[54.419525,24.482609],[54.419529,24.482572],[54.419598,24.482572],[54.419636,24.482189],[54.419722,24.482194],[54.419733,24.482136],[54.419732,24.482184],[54.419786,24.482184],[54.4198,24.482179],[54.4198,24.48213],[54.419733,24.482135],[54.419731,24.482122],[54.419837,24.482116],[54.419835,24.482019],[54.41966,24.482027]]]}},{"type":"Feature","properties":{},"geometry":{"type":"Polygon","coordinates":[[[54.418884,24.482029],[54.41887,24.482034],[54.41886,24.482113],[54.419182,24.482149],[54.419196,24.482143],[54.419207,24.482064],[54.418884,24.482029]]]}},{"type":"Feature","properties":{},"geometry":{"type":"Polygon","coordinates":[[[54.419907,24.482023],[54.419893,24.482028],[54.419873,24.482159],[54.420194,24.4822],[54.420207,24.482195],[54.420228,24.482064],[54.419907,24.482023]]]}},{"type":"Feature","properties":{},"geometry":{"type":"Polygon","coordinates":[[[54.418494,24.482084],[54.41848,24.482089],[54.418461,24.482216],[54.418784,24.482257],[54.418798,24.482252],[54.418817,24.482124],[54.418494,24.482084]]]}},{"type":"Feature","properties":{},"geometry":{"type":"Polygon","coordinates":[[[54.419879,24.482189],[54.419832,24.482206],[54.419831,24.482221],[54.419732,24.482203],[54.419714,24.482227],[54.419713,24.4822],[54.419648,24.482207],[54.419649,24.482245],[54.419711,24.482239],[54.419826,24.482265],[54.419808,24.482411],[54.420145,24.482444],[54.420191,24.482427],[54.420215,24.482222],[54.419879,24.482189]]]}},{"type":"Feature","properties":{},"geometry":{"type":"Polygon","coordinates":[[[54.42027,24.482219],[54.420256,24.482224],[54.420246,24.482286],[54.420564,24.482329],[54.420578,24.482324],[54.420588,24.482262],[54.42027,24.482219]]]}},{"type":"Feature","properties":{},"geometry":{"type":"Polygon","coordinates":[[[54.420657,24.482212],[54.420643,24.482217],[54.420629,24.482337],[54.42094,24.482366],[54.420954,24.482361],[54.420967,24.48224],[54.420657,24.482212]]]}},{"type":"Feature","properties":{},"geometry":{"type":"Polygon","coordinates":[[[54.420258,24.482308],[54.420245,24.482313],[54.420225,24.482445],[54.420547,24.482484],[54.420561,24.482479],[54.42058,24.482347],[54.420258,24.482308]]]}},{"type":"Feature","properties":{},"geometry":{"type":"Polygon","coordinates":[[[54.41846,24.482285],[54.418446,24.48229],[54.418428,24.482422],[54.418751,24.482459],[54.418765,24.482454],[54.418784,24.482322],[54.41846,24.482285]]]}},{"type":"Feature","properties":{},"geometry":{"type":"Polygon","coordinates":[[[54.420635,24.482364],[54.420621,24.48237],[54.420602,24.482492],[54.420912,24.482531],[54.420926,24.482526],[54.420945,24.482404],[54.420635,24.482364]]]}},{"type":"Feature","properties":{},"geometry":{"type":"Polygon","coordinates":[[[54.418828,24.482336],[54.418807,24.48247],[54.419142,24.482506],[54.419163,24.482372],[54.418828,24.482336]]]}},{"type":"Feature","properties":{},"geometry":{"type":"Polygon","coordinates":[[[54.418434,24.482447],[54.41842,24.482452],[54.418403,24.482586],[54.418729,24.482619],[54.418743,24.482614],[54.41876,24.48248],[54.418434,24.482447]]]}},{"type":"Feature","properties":{},"geometry":{"type":"Polygon","coordinates":[[[54.418814,24.482496],[54.4188,24.482501],[54.418791,24.48256],[54.419113,24.482601],[54.419127,24.482596],[54.419136,24.482537],[54.418814,24.482496]]]}},{"type":"Feature","properties":{},"geometry":{"type":"Polygon","coordinates":[[[54.41984,24.482465],[54.419793,24.482482],[54.41977,24.482678],[54.420106,24.482712],[54.420152,24.482694],[54.420176,24.482499],[54.41984,24.482465]]]}},{"type":"Feature","properties":{},"geometry":{"type":"Polygon","coordinates":[[[54.420223,24.482516],[54.42021,24.482522],[54.420196,24.482652],[54.420517,24.482681],[54.420531,24.482676],[54.420545,24.482545],[54.420223,24.482516]]]}},{"type":"Feature","properties":{},"geometry":{"type":"Polygon","coordinates":[[[54.420592,24.482553],[54.420573,24.482699],[54.420895,24.482727],[54.420916,24.482582],[54.420592,24.482553]]]}},{"type":"Feature","properties":{},"geometry":{"type":"Polygon","coordinates":[[[54.420194,24.48267],[54.42018,24.482675],[54.420172,24.482743],[54.4205,24.482776],[54.420514,24.482771],[54.420522,24.482703],[54.420194,24.48267]]]}},{"type":"Feature","properties":{},"geometry":{"type":"Polygon","coordinates":[[[54.419191,24.482619],[54.419178,24.482624],[54.419158,24.482756],[54.41948,24.482796],[54.419494,24.482791],[54.419514,24.482659],[54.419191,24.482619]]]}},{"type":"Feature","properties":{},"geometry":{"type":"Polygon","coordinates":[[[54.418943,24.482666],[54.418915,24.482752],[54.419026,24.482773],[54.419055,24.482687],[54.418943,24.482666]]]}},{"type":"Feature","properties":{},"geometry":{"type":"Polygon","coordinates":[[[54.419802,24.482698],[54.419788,24.482703],[54.419768,24.482835],[54.420089,24.482875],[54.420103,24.48287],[54.420123,24.482738],[54.419802,24.482698]]]}},{"type":"Feature","properties":{},"geometry":{"type":"Polygon","coordinates":[[[54.418396,24.482685],[54.418382,24.48269],[54.418368,24.482826],[54.418694,24.482853],[54.418708,24.482848],[54.418722,24.482713],[54.418396,24.482685]]]}},{"type":"Feature","properties":{},"geometry":{"type":"Polygon","coordinates":[[[54.420578,24.482733],[54.420564,24.482738],[54.420547,24.482859],[54.420857,24.482895],[54.420871,24.48289],[54.420888,24.482769],[54.420578,24.482733]]]}},{"type":"Feature","properties":{},"geometry":{"type":"Polygon","coordinates":[[[54.420286,24.482835],[54.420251,24.482926],[54.420354,24.482948],[54.420388,24.482858],[54.420286,24.482835]]]}},{"type":"Feature","properties":{},"geometry":{"type":"Polygon","coordinates":[[[54.419245,24.482795],[54.419231,24.4828],[54.419214,24.482933],[54.419537,24.482967],[54.419551,24.482961],[54.419568,24.482829],[54.419245,24.482795]]]}},{"type":"Feature","properties":{},"geometry":{"type":"Polygon","coordinates":[[[54.418749,24.482818],[54.418743,24.482928],[54.418845,24.482927],[54.418851,24.482817],[54.418749,24.482818]]]}},{"type":"Feature","properties":{},"geometry":{"type":"Polygon","coordinates":[[[54.4197,24.48285],[54.419686,24.482855],[54.419668,24.48299],[54.419989,24.483026],[54.420003,24.48302],[54.420021,24.482886],[54.4197,24.48285]]]}},{"type":"Feature","properties":{},"geometry":{"type":"Polygon","coordinates":[[[54.418352,24.482866],[54.418347,24.482988],[54.418686,24.482995],[54.418692,24.482873],[54.418352,24.482866]]]}},{"type":"Feature","properties":{},"geometry":{"type":"Polygon","coordinates":[[[54.418859,24.482857],[54.418843,24.483],[54.419189,24.483025],[54.419205,24.482882],[54.418859,24.482857]]]}},{"type":"Feature","properties":{},"geometry":{"type":"Polygon","coordinates":[[[54.420544,24.48297],[54.42053,24.482975],[54.420513,24.483095],[54.420821,24.483132],[54.420835,24.483127],[54.420852,24.483007],[54.420544,24.48297]]]}},{"type":"Feature","properties":{},"geometry":{"type":"Polygon","coordinates":[[[54.419673,24.483014],[54.419659,24.48302],[54.419646,24.483139],[54.41997,24.483168],[54.419984,24.483163],[54.419997,24.483043],[54.419673,24.483014]]]}},{"type":"Feature","properties":{},"geometry":{"type":"Polygon","coordinates":[[[54.420094,24.483],[54.420048,24.483017],[54.420029,24.483179],[54.420368,24.483211],[54.420414,24.483194],[54.420432,24.483032],[54.420094,24.483]]]}},{"type":"Feature","properties":{},"geometry":{"type":"Polygon","coordinates":[[[54.42052,24.483123],[54.420506,24.483128],[54.420493,24.483256],[54.420812,24.483283],[54.420826,24.483278],[54.420839,24.483149],[54.42052,24.483123]]]}},{"type":"Feature","properties":{},"geometry":{"type":"Polygon","coordinates":[[[54.417224,24.487729],[54.417225,24.487775],[54.417325,24.487769],[54.417324,24.487723],[54.417224,24.487729]]]}},{"type":"Feature","properties":{},"geometry":{"type":"Polygon","coordinates":[[[54.416687,24.488155],[54.416691,24.488247],[54.41675,24.488241],[54.416746,24.488148],[54.416687,24.488155]]]}},{"type":"Feature","properties":{},"geometry":{"type":"Polygon","coordinates":[[[54.416692,24.488254],[54.416692,24.48831],[54.416749,24.488305],[54.416748,24.488248],[54.416692,24.488254]]]}},{"type":"Feature","properties":{},"geometry":{"type":"Polygon","coordinates":[[[54.416681,24.488373],[54.41668,24.488412],[54.416723,24.488408],[54.416725,24.488369],[54.416681,24.488373]]]}},{"type":"Feature","properties":{},"geometry":{"type":"Polygon","coordinates":[[[54.419468,24.489267],[54.419471,24.489308],[54.419542,24.4893],[54.41954,24.489259],[54.419468,24.489267]]]}},{"type":"Feature","properties":{},"geometry":{"type":"Polygon","coordinates":[[[54.419316,24.489273],[54.419317,24.489312],[54.419433,24.489303],[54.419432,24.489265],[54.419316,24.489273]]]}},{"type":"Feature","properties":{},"geometry":{"type":"Polygon","coordinates":[[[54.419577,24.489271],[54.419578,24.489325],[54.419695,24.489319],[54.419694,24.489265],[54.419577,24.489271]]]}},{"type":"Feature","properties":{},"geometry":{"type":"Polygon","coordinates":[[[54.418974,24.48931],[54.41898,24.489434],[54.419083,24.489425],[54.419077,24.489301],[54.418974,24.48931]]]}},{"type":"Feature","properties":{},"geometry":{"type":"Polygon","coordinates":[[[54.419543,24.489383],[54.41954,24.489486],[54.419658,24.489483],[54.419661,24.489381],[54.419543,24.489383]]]}},{"type":"Feature","properties":{},"geometry":{"type":"Polygon","coordinates":[[[54.419143,24.489545],[54.419152,24.489617],[54.419193,24.489609],[54.419183,24.489537],[54.419143,24.489545]]]}},{"type":"Feature","properties":{},"geometry":{"type":"Polygon","coordinates":[[[54.419549,24.489781],[54.41955,24.489826],[54.419685,24.489819],[54.419684,24.489774],[54.419549,24.489781]]]}},{"type":"Feature","properties":{},"geometry":{"type":"Polygon","coordinates":[[[54.419662,24.490293],[54.419659,24.490172],[54.419597,24.490178],[54.419599,24.490253],[54.419557,24.490263],[54.419565,24.490303],[54.419662,24.490293]]]}},{"type":"Feature","properties":{},"geometry":{"type":"Polygon","coordinates":[[[54.419367,24.490188],[54.419373,24.49031],[54.419424,24.490308],[54.419438,24.490303],[54.419432,24.490181],[54.419367,24.490188]]]}},{"type":"Feature","properties":{},"geometry":{"type":"Polygon","coordinates":[[[54.419225,24.490282],[54.419226,24.490316],[54.419315,24.490309],[54.419314,24.490275],[54.419225,24.490282]]]}},{"type":"Feature","properties":{},"geometry":{"type":"Polygon","coordinates":[[[54.417117,24.501775],[54.417173,24.501836],[54.417135,24.501919],[54.417013,24.501966],[54.417208,24.502106],[54.417254,24.502089],[54.41747,24.501885],[54.41724,24.501685],[54.417194,24.501702],[54.417117,24.501775]]]}},{"type":"Feature","properties":{},"geometry":{"type":"Polygon","coordinates":[[[54.416792,24.501892],[54.416807,24.501939],[54.416865,24.501923],[54.41685,24.501875],[54.416792,24.501892]]]}},{"type":"Feature","properties":{},"geometry":{"type":"Polygon","coordinates":[[[54.416757,24.501916],[54.416558,24.501933],[54.41656,24.50198],[54.416758,24.501965],[54.416757,24.501916]]]}},{"type":"Feature","properties":{},"geometry":{"type":"Polygon","coordinates":[[[54.417534,24.502356],[54.417563,24.502393],[54.417619,24.50236],[54.41759,24.502323],[54.417534,24.502356]]]}},{"type":"Feature","properties":{},"geometry":{"type":"Polygon","coordinates":[[[54.41842,24.502393],[54.418376,24.5023],[54.41816,24.502384],[54.418204,24.502476],[54.41842,24.502393]]]}},{"type":"Feature","properties":{},"geometry":{"type":"Polygon","coordinates":[[[54.417932,24.502489],[54.417885,24.502453],[54.417871,24.502458],[54.417847,24.502483],[54.417894,24.502519],[54.417932,24.502489]]]}},{"type":"Feature","properties":{},"geometry":{"type":"Polygon","coordinates":[[[54.417407,24.502447],[54.417407,24.502562],[54.4175,24.502562],[54.417504,24.502442],[54.417407,24.502447]]]}},{"type":"Feature","properties":{},"geometry":{"type":"Polygon","coordinates":[[[54.416892,24.50263],[54.416878,24.502635],[54.416879,24.502659],[54.416982,24.502657],[54.416996,24.502652],[54.416995,24.502628],[54.416892,24.50263]]]}},{"type":"Feature","properties":{},"geometry":{"type":"Polygon","coordinates":[[[54.416931,24.502708],[54.416928,24.502767],[54.417045,24.502769],[54.417046,24.502799],[54.417302,24.502785],[54.417299,24.502712],[54.417054,24.502722],[54.417054,24.502707],[54.416931,24.502708]]]}},{"type":"Feature","properties":{},"geometry":{"type":"Polygon","coordinates":[[[54.41733,24.50272],[54.417335,24.502781],[54.417408,24.502771],[54.417402,24.50271],[54.41733,24.50272]]]}},{"type":"Feature","properties":{},"geometry":{"type":"Polygon","coordinates":[[[54.417267,24.503056],[54.417253,24.503061],[54.417251,24.503103],[54.417358,24.503107],[54.417372,24.503102],[54.417374,24.50306],[54.417267,24.503056]]]}},{"type":"Feature","properties":{},"geometry":{"type":"Polygon","coordinates":[[[54.417451,24.503142],[54.417447,24.503232],[54.417523,24.503229],[54.417526,24.503139],[54.417451,24.503142]]]}},{"type":"Feature","properties":{},"geometry":{"type":"Polygon","coordinates":[[[54.417542,24.503174],[54.417543,24.503235],[54.417605,24.503229],[54.417604,24.503168],[54.417542,24.503174]]]}},{"type":"Feature","properties":{},"geometry":{"type":"Polygon","coordinates":[[[54.41765,24.503574],[54.417643,24.503791],[54.417676,24.503792],[54.41769,24.503787],[54.417698,24.50357],[54.41765,24.503574]]]}}]}