{"type":"FeatureCollection","features":[{"type":"Feature","properties":{},"geometry":{"type":"Polygon","coordinates":[[[54.378779,24.48009],[54.378949,24.479935],[54.378811,24.47981],[54.378693,24.479808],[54.378523,24.479963],[54.378553,24.47999],[54.378493,24.479989],[54.378309,24.480157],[54.37845,24.480285],[54.378568,24.480287],[54.378752,24.480119],[54.378719,24.480089],[54.378779,24.48009]]]}},{"type":"Feature","properties":{},"geometry":{"type":"Polygon","coordinates":[[[54.37808,24.48035],[54.377897,24.48052],[54.377944,24.480561],[54.37789,24.48056],[54.377721,24.480713],[54.377841,24.480823],[54.377959,24.480825],[54.378128,24.480672],[54.378098,24.480645],[54.378155,24.480646],[54.378338,24.480475],[54.378198,24.480351],[54.37808,24.48035]]]}},{"type":"Feature","properties":{},"geometry":{"type":"Polygon","coordinates":[[[54.379115,24.481294],[54.379206,24.481183],[54.379017,24.481054],[54.378954,24.481053],[54.378863,24.481163],[54.379052,24.481293],[54.379115,24.481294]]]}},{"type":"Feature","properties":{},"geometry":{"type":"Polygon","coordinates":[[[54.378884,24.481206],[54.378821,24.481205],[54.378597,24.481479],[54.378679,24.481535],[54.378742,24.481536],[54.378778,24.481492],[54.378968,24.481627],[54.379031,24.481628],[54.379154,24.481486],[54.378953,24.481343],[54.378901,24.481342],[54.378967,24.481262],[54.378884,24.481206]]]}},{"type":"Feature","properties":{},"geometry":{"type":"Polygon","coordinates":[[[54.379246,24.481468],[54.379183,24.481467],[54.378958,24.481741],[54.379041,24.481797],[54.379104,24.481798],[54.379329,24.481524],[54.379246,24.481468]]]}},{"type":"Feature","properties":{},"geometry":{"type":"Polygon","coordinates":[[[54.37893,24.481766],[54.378812,24.48191],[54.378679,24.481819],[54.378506,24.481817],[54.378712,24.481565],[54.37863,24.481509],[54.378567,24.481508],[54.378342,24.481782],[54.378425,24.481838],[54.37845,24.481839],[54.37834,24.481973],[54.378601,24.48215],[54.378811,24.482154],[54.379076,24.481823],[54.378993,24.481767],[54.37893,24.481766]]]}},{"type":"Feature","properties":{},"geometry":{"type":"Polygon","coordinates":[[[54.378457,24.482306],[54.37852,24.482307],[54.378566,24.482251],[54.378648,24.482306],[54.378712,24.482307],[54.378748,24.482263],[54.378403,24.482029],[54.37834,24.482028],[54.378235,24.482156],[54.378457,24.482306]]]}},{"type":"Feature","properties":{},"geometry":{"type":"Polygon","coordinates":[[[54.378296,24.482353],[54.37798,24.482348],[54.377608,24.482798],[54.377879,24.482984],[54.378194,24.482989],[54.378567,24.482538],[54.378296,24.482353]]]}},{"type":"Feature","properties":{},"geometry":{"type":"Polygon","coordinates":[[[54.378901,24.483413],[54.378993,24.483305],[54.378717,24.48311],[54.378654,24.483109],[54.378562,24.483217],[54.378838,24.483412],[54.378901,24.483413]]]}},{"type":"Feature","properties":{},"geometry":{"type":"Polygon","coordinates":[[[54.379067,24.483488],[54.379038,24.483604],[54.379214,24.483628],[54.379243,24.483512],[54.379067,24.483488]]]}},{"type":"Feature","properties":{},"geometry":{"type":"Polygon","coordinates":[[[54.37888,24.483726],[54.378945,24.483655],[54.378656,24.483455],[54.37834,24.48345],[54.378323,24.483472],[54.378225,24.48347],[54.378086,24.483642],[54.378109,24.483859],[54.378423,24.48407],[54.378609,24.484073],[54.378613,24.484118],[54.37867,24.4842],[54.378722,24.484225],[54.378837,24.484228],[54.378862,24.484247],[54.379178,24.484252],[54.3792,24.484225],[54.379247,24.484257],[54.37931,24.484258],[54.37938,24.484171],[54.379339,24.484143],[54.37935,24.484129],[54.379417,24.484133],[54.379528,24.483998],[54.379442,24.48394],[54.379462,24.483916],[54.379415,24.483891],[54.379404,24.483797],[54.379346,24.48376],[54.379412,24.483754],[54.379499,24.483671],[54.379434,24.483615],[54.379371,24.483614],[54.379284,24.483697],[54.379321,24.483728],[54.379252,24.483725],[54.379244,24.48374],[54.37888,24.483726]],[[54.378729,24.483876],[54.37885,24.483749],[54.378723,24.483893],[54.378697,24.483876],[54.378729,24.483876]],[[54.378705,24.483747],[54.378633,24.48383],[54.378575,24.483789],[54.37857,24.483744],[54.378705,24.483747]]]}},{"type":"Feature","properties":{},"geometry":{"type":"Polygon","coordinates":[[[54.378631,24.484833],[54.378681,24.484833],[54.378662,24.484857],[54.378849,24.484984],[54.378891,24.484984],[54.378877,24.485],[54.379068,24.485138],[54.379101,24.485138],[54.37909,24.485151],[54.379279,24.485286],[54.37933,24.485287],[54.379308,24.485314],[54.379483,24.485436],[54.37958,24.485438],[54.37955,24.485474],[54.37973,24.485601],[54.379772,24.485601],[54.379747,24.485631],[54.379936,24.485767],[54.379972,24.485768],[54.37996,24.485781],[54.380137,24.485913],[54.380181,24.485914],[54.380358,24.486046],[54.380401,24.486046],[54.380384,24.486066],[54.380761,24.486336],[54.380828,24.486337],[54.380944,24.486207],[54.380393,24.485809],[54.380301,24.485808],[54.380322,24.485784],[54.380151,24.485657],[54.380171,24.485635],[54.379982,24.485498],[54.379937,24.485498],[54.379953,24.485479],[54.379773,24.485352],[54.379658,24.48535],[54.379686,24.485317],[54.379511,24.485194],[54.379428,24.485193],[54.379455,24.485162],[54.379267,24.485026],[54.379234,24.485026],[54.379253,24.485004],[54.379062,24.484866],[54.379014,24.484865],[54.379025,24.484852],[54.378838,24.484725],[54.378792,24.484725],[54.378809,24.484705],[54.378631,24.484578],[54.378586,24.484577],[54.378605,24.484555],[54.378421,24.484423],[54.378387,24.484422],[54.378401,24.484406],[54.378217,24.484276],[54.378171,24.484275],[54.378186,24.484258],[54.377994,24.484125],[54.377927,24.484123],[54.377814,24.484257],[54.378006,24.484391],[54.37805,24.484391],[54.378034,24.48441],[54.378218,24.48454],[54.378251,24.484541],[54.378239,24.484554],[54.378423,24.484686],[54.378468,24.484687],[54.378453,24.484705],[54.378631,24.484833]]]}},{"type":"Feature","properties":{},"geometry":{"type":"Polygon","coordinates":[[[54.379518,24.48444],[54.379455,24.484439],[54.379375,24.484536],[54.379486,24.484611],[54.37955,24.484612],[54.379629,24.484515],[54.379518,24.48444]]]}},{"type":"Feature","properties":{},"geometry":{"type":"Polygon","coordinates":[[[54.379456,24.484751],[54.379533,24.484659],[54.379252,24.484465],[54.379188,24.484464],[54.379112,24.484557],[54.379393,24.48475],[54.379456,24.484751]]]}},{"type":"Feature","properties":{},"geometry":{"type":"Polygon","coordinates":[[[54.379274,24.48621],[54.379211,24.486209],[54.379184,24.486248],[54.379244,24.486282],[54.379307,24.486283],[54.379334,24.486244],[54.379274,24.48621]]]}},{"type":"Feature","properties":{},"geometry":{"type":"Polygon","coordinates":[[[54.378783,24.486571],[54.378858,24.486578],[54.37888,24.486543],[54.378842,24.486523],[54.378915,24.486524],[54.379136,24.486242],[54.379095,24.486216],[54.379151,24.486145],[54.378853,24.485952],[54.378537,24.485947],[54.377906,24.486755],[54.378181,24.486933],[54.378343,24.486935],[54.378361,24.486946],[54.378496,24.486938],[54.378783,24.486571]]]}},{"type":"Feature","properties":{},"geometry":{"type":"Polygon","coordinates":[[[54.377627,24.486917],[54.377437,24.487134],[54.377523,24.487197],[54.377657,24.487199],[54.377675,24.487179],[54.377747,24.487231],[54.377662,24.487329],[54.377718,24.487369],[54.37767,24.487423],[54.377858,24.487559],[54.377932,24.48756],[54.377857,24.487645],[54.378003,24.487751],[54.377573,24.488241],[54.377511,24.488199],[54.377301,24.488195],[54.377244,24.488263],[54.378043,24.488819],[54.378153,24.488821],[54.378117,24.488864],[54.378318,24.489006],[54.378382,24.489007],[54.378429,24.488951],[54.378246,24.488823],[54.378311,24.488755],[54.378028,24.488558],[54.378877,24.48759],[54.379207,24.48783],[54.379341,24.487832],[54.379465,24.487691],[54.379434,24.487669],[54.379607,24.487472],[54.379221,24.487192],[54.379154,24.487191],[54.379022,24.487095],[54.379125,24.486978],[54.378926,24.486833],[54.378791,24.486831],[54.378457,24.487213],[54.378399,24.487171],[54.3783,24.487169],[54.378193,24.487091],[54.378052,24.487096],[54.37802,24.487073],[54.377885,24.487071],[54.377837,24.487126],[54.377765,24.487074],[54.377846,24.486981],[54.377762,24.48692],[54.377627,24.486917]]]}},{"type":"Feature","properties":{},"geometry":{"type":"Polygon","coordinates":[[[54.37928,24.487963],[54.379317,24.487923],[54.379216,24.487846],[54.379153,24.487845],[54.379116,24.487885],[54.379162,24.48792],[54.378962,24.487917],[54.378836,24.488075],[54.379057,24.488221],[54.379267,24.488225],[54.379393,24.488066],[54.379236,24.487963],[54.37928,24.487963]]]}},{"type":"Feature","properties":{},"geometry":{"type":"Polygon","coordinates":[[[54.379138,24.489691],[54.379075,24.48969],[54.379025,24.489745],[54.379055,24.489768],[54.379119,24.489769],[54.379168,24.489713],[54.379138,24.489691]]]}},{"type":"Feature","properties":{},"geometry":{"type":"Polygon","coordinates":[[[54.379002,24.489814],[54.378939,24.489813],[54.378899,24.489859],[54.37893,24.489881],[54.378993,24.489882],[54.379033,24.489836],[54.379002,24.489814]]]}},{"type":"Feature","properties":{},"geometry":{"type":"Polygon","coordinates":[[[54.379538,24.490131],[54.379747,24.490134],[54.379952,24.489892],[54.379688,24.489707],[54.379385,24.489702],[54.37918,24.489944],[54.379327,24.490048],[54.379065,24.490043],[54.378904,24.490239],[54.379049,24.490338],[54.379403,24.490344],[54.379564,24.490149],[54.379538,24.490131]]]}},{"type":"Feature","properties":{},"geometry":{"type":"Polygon","coordinates":[[[54.37819,24.491305],[54.378544,24.491311],[54.378689,24.49114],[54.378599,24.491076],[54.378727,24.491078],[54.378876,24.490902],[54.378815,24.490859],[54.378969,24.490669],[54.37892,24.490637],[54.379125,24.49064],[54.37928,24.490458],[54.379148,24.490365],[54.378811,24.490359],[54.378656,24.490542],[54.378686,24.490562],[54.378627,24.490562],[54.378467,24.490759],[54.378528,24.4908],[54.378416,24.490798],[54.378267,24.490974],[54.378362,24.491042],[54.378201,24.491039],[54.378055,24.49121],[54.37819,24.491305]]]}},{"type":"Feature","properties":{},"geometry":{"type":"Polygon","coordinates":[[[54.379157,24.491349],[54.37921,24.491286],[54.379166,24.491255],[54.379284,24.491121],[54.379253,24.491098],[54.379305,24.491099],[54.379462,24.490916],[54.37953,24.490917],[54.379702,24.490721],[54.379553,24.490614],[54.379368,24.490611],[54.379197,24.490806],[54.379221,24.490824],[54.379183,24.490823],[54.379026,24.491007],[54.379058,24.491029],[54.379008,24.491028],[54.378859,24.491198],[54.378904,24.491231],[54.378833,24.49123],[54.378677,24.491413],[54.378797,24.491498],[54.378999,24.491501],[54.37913,24.491349],[54.379157,24.491349]]]}},{"type":"Feature","properties":{},"geometry":{"type":"Polygon","coordinates":[[[54.378307,24.491366],[54.377954,24.49136],[54.37777,24.491574],[54.378008,24.491743],[54.378362,24.491749],[54.378545,24.491535],[54.378307,24.491366]]]}},{"type":"Feature","properties":{},"geometry":{"type":"Polygon","coordinates":[[[54.379515,24.491567],[54.379653,24.491406],[54.379612,24.491377],[54.379669,24.491378],[54.379819,24.491206],[54.379791,24.491186],[54.379849,24.491187],[54.379999,24.491016],[54.379882,24.490931],[54.37973,24.490928],[54.37958,24.491099],[54.379607,24.49112],[54.379567,24.491119],[54.379417,24.49129],[54.379456,24.491318],[54.379397,24.491317],[54.37925,24.49149],[54.379269,24.491503],[54.379229,24.491503],[54.379071,24.491684],[54.379215,24.491788],[54.379417,24.491791],[54.379575,24.49161],[54.379515,24.491567]]]}},{"type":"Feature","properties":{},"geometry":{"type":"Polygon","coordinates":[[[54.378927,24.491798],[54.378977,24.491736],[54.37872,24.491563],[54.378534,24.49156],[54.37842,24.491702],[54.378678,24.491875],[54.378749,24.491876],[54.378729,24.491899],[54.378914,24.492028],[54.379049,24.492031],[54.379135,24.491928],[54.378951,24.491798],[54.378927,24.491798]]]}},{"type":"Feature","properties":{},"geometry":{"type":"Polygon","coordinates":[[[54.378209,24.492833],[54.378323,24.492704],[54.378073,24.492519],[54.377871,24.492515],[54.377756,24.492644],[54.378007,24.492829],[54.378209,24.492833]]]}},{"type":"Feature","properties":{},"geometry":{"type":"Polygon","coordinates":[[[54.380015,24.494036],[54.380186,24.493841],[54.379964,24.49369],[54.379864,24.493689],[54.379901,24.493644],[54.37968,24.49349],[54.379578,24.493489],[54.379616,24.493445],[54.379396,24.49329],[54.379277,24.493288],[54.379322,24.493237],[54.379114,24.493086],[54.378821,24.493082],[54.378667,24.492967],[54.378141,24.492959],[54.377956,24.493166],[54.378165,24.493321],[54.378533,24.493327],[54.379541,24.494028],[54.380015,24.494036]]]}},{"type":"Feature","properties":{},"geometry":{"type":"Polygon","coordinates":[[[54.378455,24.493409],[54.378392,24.493408],[54.378285,24.493529],[54.378348,24.493575],[54.378411,24.493576],[54.378518,24.493455],[54.378455,24.493409]]]}},{"type":"Feature","properties":{},"geometry":{"type":"Polygon","coordinates":[[[54.378373,24.493625],[54.378317,24.493586],[54.378254,24.493585],[54.378204,24.493644],[54.378268,24.493689],[54.378331,24.49369],[54.378369,24.493644],[54.378333,24.493829],[54.378619,24.493866],[54.378663,24.493627],[54.378382,24.493581],[54.378373,24.493625]]]}},{"type":"Feature","properties":{},"geometry":{"type":"Polygon","coordinates":[[[54.378218,24.493741],[54.378155,24.49374],[54.378141,24.493775],[54.378202,24.493796],[54.378265,24.493797],[54.378279,24.493762],[54.378218,24.493741]]]}},{"type":"Feature","properties":{},"geometry":{"type":"Polygon","coordinates":[[[54.379637,24.494456],[54.379679,24.494401],[54.379833,24.494512],[54.380035,24.494515],[54.380166,24.494365],[54.380371,24.494512],[54.380472,24.494513],[54.380445,24.494544],[54.380678,24.494713],[54.381178,24.494721],[54.381294,24.494588],[54.381061,24.49442],[54.38088,24.494417],[54.380908,24.494384],[54.380655,24.494202],[54.380234,24.494196],[54.38016,24.494281],[54.380002,24.494167],[54.3798,24.494163],[54.37974,24.494232],[54.379555,24.494115],[54.379492,24.494114],[54.379506,24.494098],[54.379284,24.49394],[54.378863,24.493933],[54.378722,24.494097],[54.378679,24.494066],[54.378584,24.494064],[54.378639,24.493999],[54.378427,24.49385],[54.378006,24.493843],[54.377803,24.494084],[54.378016,24.494232],[54.378271,24.494236],[54.378411,24.494337],[54.378501,24.494339],[54.378698,24.494478],[54.379145,24.494486],[54.37919,24.494432],[54.379216,24.494449],[54.379637,24.494456]]]}},{"type":"Feature","properties":{},"geometry":{"type":"Polygon","coordinates":[[[54.379304,24.494839],[54.379476,24.49464],[54.379264,24.494489],[54.378817,24.494482],[54.378691,24.494628],[54.378617,24.494575],[54.378535,24.494574],[54.378565,24.494539],[54.378372,24.4944],[54.378036,24.494394],[54.377925,24.494521],[54.378118,24.49466],[54.3782,24.494662],[54.37817,24.494696],[54.378362,24.494835],[54.378699,24.494841],[54.378764,24.494766],[54.378857,24.494832],[54.379304,24.494839]]]}},{"type":"Feature","properties":{},"geometry":{"type":"Polygon","coordinates":[[[54.378431,24.495362],[54.378302,24.495359],[54.37818,24.49551],[54.377965,24.495507],[54.377707,24.495812],[54.377926,24.495965],[54.378279,24.495971],[54.37819,24.49608],[54.378405,24.496226],[54.378931,24.496235],[54.378996,24.496156],[54.379187,24.496286],[54.378744,24.496279],[54.378627,24.496421],[54.378895,24.496603],[54.379168,24.496607],[54.379325,24.496717],[54.380106,24.496744],[54.3803,24.496521],[54.380155,24.496416],[54.379877,24.496411],[54.379858,24.496398],[54.380092,24.496405],[54.380143,24.496343],[54.380112,24.496333],[54.380239,24.496178],[54.380191,24.496145],[54.380456,24.49615],[54.38064,24.495926],[54.380591,24.495893],[54.380769,24.495678],[54.380691,24.495624],[54.380915,24.495628],[54.381096,24.495415],[54.381271,24.495417],[54.381457,24.495198],[54.381326,24.495107],[54.381231,24.495105],[54.381324,24.494995],[54.38112,24.494852],[54.380594,24.494844],[54.380556,24.494888],[54.38049,24.494842],[54.380399,24.49484],[54.380495,24.49473],[54.380284,24.494577],[54.37981,24.49457],[54.379653,24.494751],[54.379864,24.494903],[54.379975,24.494905],[54.379905,24.494978],[54.38008,24.4951],[54.379785,24.495095],[54.379623,24.495283],[54.379715,24.495349],[54.379556,24.495346],[54.379395,24.495548],[54.379451,24.495585],[54.379369,24.495584],[54.379234,24.495743],[54.379282,24.495777],[54.378842,24.495769],[54.378792,24.495827],[54.378605,24.495824],[54.378736,24.495669],[54.3786,24.495573],[54.3787,24.49545],[54.378619,24.495396],[54.378812,24.495399],[54.378975,24.49521],[54.378896,24.495154],[54.379023,24.495156],[54.379187,24.494966],[54.379044,24.494863],[54.378708,24.494858],[54.378544,24.495048],[54.378628,24.495108],[54.378501,24.495106],[54.378338,24.495295],[54.378431,24.495362]],[[54.379998,24.495821],[54.379814,24.496045],[54.379863,24.496077],[54.379782,24.496076],[54.379598,24.496299],[54.379697,24.496367],[54.379598,24.496365],[54.379564,24.496323],[54.379501,24.496321],[54.379451,24.496363],[54.379375,24.496362],[54.379332,24.496332],[54.379463,24.496334],[54.379626,24.496135],[54.379495,24.496046],[54.3796,24.495924],[54.379486,24.495844],[54.379848,24.49585],[54.379981,24.495683],[54.379933,24.495652],[54.380042,24.495653],[54.380203,24.495451],[54.38011,24.49539],[54.380186,24.495391],[54.380333,24.495219],[54.380411,24.495231],[54.380452,24.495179],[54.380434,24.495167],[54.380515,24.495168],[54.380596,24.495225],[54.380692,24.495226],[54.380641,24.495287],[54.380439,24.495284],[54.380242,24.495516],[54.380342,24.495586],[54.380222,24.495584],[54.380025,24.495822],[54.379998,24.495821]],[[54.38033,24.495165],[54.380317,24.495181],[54.380294,24.495164],[54.38033,24.495165]]]}},{"type":"Feature","properties":{},"geometry":{"type":"Polygon","coordinates":[[[54.379464,24.495093],[54.3796,24.495095],[54.379762,24.494907],[54.379621,24.494806],[54.379368,24.494802],[54.379206,24.494991],[54.379255,24.495026],[54.379182,24.495024],[54.379025,24.495215],[54.379171,24.495316],[54.379356,24.495319],[54.379514,24.495128],[54.379464,24.495093]]]}},{"type":"Feature","properties":{},"geometry":{"type":"Polygon","coordinates":[[[54.378108,24.49536],[54.378214,24.495235],[54.378023,24.4951],[54.377838,24.495097],[54.377732,24.495222],[54.377923,24.495357],[54.378108,24.49536]]]}},{"type":"Feature","properties":{},"geometry":{"type":"Polygon","coordinates":[[[54.378549,24.497264],[54.378655,24.497144],[54.378391,24.496949],[54.378156,24.496946],[54.378049,24.497065],[54.378313,24.49726],[54.378549,24.497264]]]}},{"type":"Feature","properties":{},"geometry":{"type":"Polygon","coordinates":[[[54.378168,24.497639],[54.37837,24.497642],[54.37841,24.497597],[54.378523,24.49768],[54.378877,24.497686],[54.379153,24.497375],[54.378954,24.497228],[54.3786,24.497223],[54.378389,24.497459],[54.378225,24.497338],[54.378023,24.497334],[54.377916,24.497454],[54.378168,24.497639]]]}},{"type":"Feature","properties":{},"geometry":{"type":"Polygon","coordinates":[[[54.378271,24.497684],[54.378077,24.497902],[54.378194,24.497989],[54.378531,24.497994],[54.378725,24.497776],[54.378608,24.497689],[54.378271,24.497684]]]}},{"type":"Feature","properties":{},"geometry":{"type":"Polygon","coordinates":[[[54.378235,24.498578],[54.378394,24.498374],[54.378322,24.498319],[54.378482,24.498103],[54.37839,24.498029],[54.378171,24.498025],[54.377977,24.498244],[54.378029,24.498279],[54.377939,24.498278],[54.377764,24.498474],[54.377898,24.498573],[54.378235,24.498578]]]}},{"type":"Feature","properties":{},"geometry":{"type":"Polygon","coordinates":[[[54.37912,24.498659],[54.379194,24.498563],[54.379011,24.498446],[54.378948,24.498445],[54.378874,24.498541],[54.379057,24.498658],[54.37912,24.498659]]]}},{"type":"Feature","properties":{},"geometry":{"type":"Polygon","coordinates":[[[54.37876,24.498703],[54.37883,24.49868],[54.378811,24.498634],[54.378748,24.498633],[54.378678,24.498656],[54.378697,24.498702],[54.37876,24.498703]]]}},{"type":"Feature","properties":{},"geometry":{"type":"Polygon","coordinates":[[[54.378804,24.498752],[54.378741,24.498751],[54.378627,24.498872],[54.378728,24.498949],[54.378792,24.49895],[54.378904,24.498828],[54.378804,24.498752]]]}},{"type":"Feature","properties":{},"geometry":{"type":"Polygon","coordinates":[[[54.378659,24.499078],[54.378699,24.499037],[54.378607,24.498963],[54.378544,24.498962],[54.378463,24.499043],[54.378526,24.499094],[54.378659,24.499078]]]}},{"type":"Feature","properties":{},"geometry":{"type":"Polygon","coordinates":[[[54.378429,24.501174],[54.377961,24.501167],[54.377761,24.501379],[54.377974,24.501545],[54.378443,24.501552],[54.378642,24.50134],[54.378429,24.501174]]]}},{"type":"Feature","properties":{},"geometry":{"type":"Polygon","coordinates":[[[54.378205,24.501756],[54.37789,24.501751],[54.377689,24.501955],[54.377836,24.502074],[54.378151,24.502079],[54.378351,24.501875],[54.378205,24.501756]]]}},{"type":"Feature","properties":{},"geometry":{"type":"Polygon","coordinates":[[[54.377954,24.502704],[54.378354,24.50271],[54.378459,24.502587],[54.378268,24.502453],[54.378396,24.502455],[54.378586,24.502258],[54.378418,24.502123],[54.378018,24.502117],[54.377828,24.502314],[54.377986,24.50244],[54.377856,24.502438],[54.377752,24.502561],[54.377954,24.502704]]]}},{"type":"Feature","properties":{},"geometry":{"type":"Polygon","coordinates":[[[54.37893,24.508522],[54.378927,24.508418],[54.378755,24.50842],[54.378758,24.508523],[54.37893,24.508522]]]}},{"type":"Feature","properties":{},"geometry":{"type":"Polygon","coordinates":[[[54.378666,24.508679],[54.378664,24.50857],[54.378529,24.50857],[54.37853,24.508679],[54.378666,24.508679]]]}},{"type":"Feature","properties":{},"geometry":{"type":"Polygon","coordinates":[[[54.379245,24.510196],[54.379204,24.510133],[54.379355,24.510136],[54.380003,24.509791],[54.379935,24.509686],[54.379725,24.509683],[54.379119,24.510006],[54.379042,24.50989],[54.379317,24.509895],[54.379878,24.509596],[54.379942,24.509691],[54.380153,24.509694],[54.380388,24.509567],[54.380128,24.50916],[54.379918,24.509156],[54.379666,24.509281],[54.379737,24.509386],[54.379535,24.509383],[54.378895,24.509724],[54.378946,24.509804],[54.378775,24.509801],[54.378546,24.509927],[54.378643,24.510073],[54.378616,24.510072],[54.378542,24.510112],[54.378485,24.510027],[54.378321,24.510024],[54.379033,24.509633],[54.378906,24.509445],[54.378591,24.509439],[54.377802,24.509708],[54.378003,24.51002],[54.378273,24.510025],[54.378115,24.510113],[54.378367,24.510488],[54.378578,24.510492],[54.378905,24.51032],[54.379016,24.510322],[54.379245,24.510196]]]}},{"type":"Feature","properties":{},"geometry":{"type":"Polygon","coordinates":[[[54.380609,24.480102],[54.380621,24.480087],[54.380556,24.480042],[54.380642,24.479947],[54.380457,24.479809],[54.380394,24.479808],[54.380299,24.479913],[54.380381,24.479974],[54.380249,24.479972],[54.380145,24.480098],[54.380089,24.480058],[54.380026,24.480057],[54.379795,24.480325],[54.379874,24.48038],[54.379921,24.480381],[54.379911,24.480393],[54.380069,24.480502],[54.380132,24.480503],[54.380282,24.480323],[54.380254,24.480304],[54.380314,24.480305],[54.380273,24.480352],[54.380351,24.480408],[54.380414,24.480409],[54.380653,24.480133],[54.380609,24.480102]],[[54.380087,24.480207],[54.380098,24.480214],[54.380081,24.480214],[54.380087,24.480207]]]}},{"type":"Feature","properties":{},"geometry":{"type":"Polygon","coordinates":[[[54.379522,24.48091],[54.379567,24.480941],[54.379667,24.480943],[54.379553,24.481068],[54.379787,24.481244],[54.379998,24.481248],[54.380168,24.48106],[54.379934,24.480884],[54.37983,24.480883],[54.380005,24.480676],[54.380074,24.480726],[54.380137,24.480727],[54.380378,24.480448],[54.380306,24.480396],[54.380242,24.480395],[54.380039,24.480631],[54.380015,24.480614],[54.380062,24.480562],[54.379789,24.480357],[54.379726,24.480356],[54.379668,24.480419],[54.379815,24.48053],[54.379687,24.480528],[54.379674,24.480543],[54.37945,24.480531],[54.379208,24.480817],[54.379335,24.480907],[54.379522,24.48091]]]}},{"type":"Feature","properties":{},"geometry":{"type":"Polygon","coordinates":[[[54.380695,24.481433],[54.380861,24.481236],[54.3807,24.481124],[54.380663,24.481124],[54.380671,24.481115],[54.380559,24.481036],[54.380581,24.481021],[54.380657,24.481075],[54.38072,24.481076],[54.380886,24.480879],[54.380726,24.480767],[54.380663,24.480766],[54.380497,24.480962],[54.380505,24.480969],[54.380486,24.480968],[54.380447,24.481001],[54.380281,24.481198],[54.380442,24.48131],[54.380479,24.48131],[54.380471,24.481319],[54.380632,24.481432],[54.380695,24.481433]]]}},{"type":"Feature","properties":{},"geometry":{"type":"Polygon","coordinates":[[[54.38095,24.48205],[54.380975,24.48205],[54.380966,24.482061],[54.381208,24.482235],[54.381226,24.482236],[54.381219,24.482244],[54.381462,24.482418],[54.381672,24.482422],[54.381848,24.482219],[54.381821,24.482199],[54.381883,24.4822],[54.382007,24.482061],[54.381948,24.482017],[54.382019,24.482018],[54.382144,24.481879],[54.381903,24.481702],[54.381693,24.481698],[54.381618,24.481782],[54.381507,24.4817],[54.381297,24.481697],[54.381229,24.481773],[54.381094,24.481676],[54.381076,24.481675],[54.381083,24.481667],[54.38084,24.481493],[54.380642,24.481489],[54.380658,24.48147],[54.380498,24.481358],[54.380469,24.481357],[54.38048,24.481345],[54.380319,24.481233],[54.380256,24.481232],[54.38009,24.481428],[54.380251,24.48154],[54.380279,24.481541],[54.380269,24.481553],[54.380429,24.481665],[54.380476,24.481666],[54.380454,24.481692],[54.380696,24.481867],[54.380714,24.481867],[54.380707,24.481875],[54.38095,24.48205]]]}},{"type":"Feature","properties":{},"geometry":{"type":"Polygon","coordinates":[[[54.379788,24.481676],[54.379725,24.481675],[54.379659,24.481753],[54.379762,24.481825],[54.379825,24.481826],[54.379891,24.481748],[54.379788,24.481676]]]}},{"type":"Feature","properties":{},"geometry":{"type":"Polygon","coordinates":[[[54.380165,24.482194],[54.380016,24.482363],[54.380066,24.4824],[54.380129,24.482401],[54.380278,24.482231],[54.380228,24.482195],[54.380165,24.482194]]]}},{"type":"Feature","properties":{},"geometry":{"type":"Polygon","coordinates":[[[54.379911,24.482575],[54.379693,24.482837],[54.380021,24.483063],[54.380084,24.483064],[54.380212,24.48291],[54.380169,24.48288],[54.380311,24.482709],[54.380264,24.482677],[54.380333,24.482601],[54.380381,24.482638],[54.380444,24.482639],[54.380527,24.482549],[54.38035,24.482415],[54.380286,24.482414],[54.380131,24.482585],[54.379911,24.482575]]]}},{"type":"Feature","properties":{},"geometry":{"type":"Polygon","coordinates":[[[54.380651,24.483972],[54.380716,24.483894],[54.380336,24.483626],[54.380273,24.483625],[54.380203,24.483708],[54.380588,24.483971],[54.380651,24.483972]]]}},{"type":"Feature","properties":{},"geometry":{"type":"Polygon","coordinates":[[[54.380726,24.484471],[54.380661,24.484428],[54.380491,24.484426],[54.380581,24.48432],[54.380111,24.483986],[54.3799,24.483983],[54.379704,24.484211],[54.380175,24.484545],[54.380385,24.484549],[54.380433,24.484493],[54.38046,24.484713],[54.380671,24.484717],[54.380992,24.484694],[54.381007,24.484663],[54.380883,24.484579],[54.380904,24.484549],[54.380787,24.484472],[54.380726,24.484471]],[[54.38005,24.484182],[54.380263,24.48433],[54.380244,24.484353],[54.380031,24.484204],[54.38005,24.484182]]]}},{"type":"Feature","properties":{},"geometry":{"type":"Polygon","coordinates":[[[54.380101,24.485126],[54.380173,24.485206],[54.380319,24.485313],[54.380454,24.485315],[54.380651,24.485089],[54.380588,24.485043],[54.380615,24.485043],[54.380682,24.484967],[54.380547,24.484869],[54.380484,24.484868],[54.380432,24.484927],[54.380401,24.484904],[54.380448,24.484853],[54.380335,24.484768],[54.380272,24.484767],[54.380226,24.484818],[54.380283,24.484861],[54.380209,24.48486],[54.380016,24.485069],[54.380027,24.485116],[54.380101,24.485126]]]}},{"type":"Feature","properties":{},"geometry":{"type":"Polygon","coordinates":[[[54.379634,24.486598],[54.379571,24.486597],[54.379534,24.486657],[54.379577,24.486679],[54.37964,24.48668],[54.379677,24.48662],[54.379634,24.486598]]]}},{"type":"Feature","properties":{},"geometry":{"type":"Polygon","coordinates":[[[54.379743,24.487028],[54.379833,24.486935],[54.379669,24.486804],[54.379606,24.486803],[54.379516,24.486896],[54.37968,24.487027],[54.379743,24.487028]]]}},{"type":"Feature","properties":{},"geometry":{"type":"Polygon","coordinates":[[[54.380011,24.486867],[54.379948,24.486866],[54.379927,24.486899],[54.379944,24.486908],[54.379913,24.486908],[54.379879,24.486946],[54.379985,24.487024],[54.380048,24.487025],[54.380082,24.486987],[54.380074,24.486981],[54.380118,24.486982],[54.380145,24.486938],[54.380011,24.486867]],[[54.379989,24.486919],[54.38002,24.486919],[54.38001,24.486934],[54.379989,24.486919]]]}},{"type":"Feature","properties":{},"geometry":{"type":"Polygon","coordinates":[[[54.379981,24.487103],[54.380017,24.487064],[54.379913,24.486985],[54.37985,24.486984],[54.379814,24.487023],[54.379834,24.487038],[54.3798,24.487038],[54.379768,24.487079],[54.379885,24.487152],[54.379948,24.487153],[54.37998,24.487112],[54.379965,24.487103],[54.379981,24.487103]]]}},{"type":"Feature","properties":{},"geometry":{"type":"Polygon","coordinates":[[[54.379579,24.487169],[54.379516,24.487168],[54.379489,24.487206],[54.379523,24.487225],[54.379586,24.487226],[54.379613,24.487188],[54.379579,24.487169]]]}},{"type":"Feature","properties":{},"geometry":{"type":"Polygon","coordinates":[[[54.380328,24.488718],[54.38053,24.488721],[54.380539,24.48871],[54.380925,24.488976],[54.380958,24.488976],[54.381144,24.489129],[54.381279,24.489131],[54.381382,24.489019],[54.38119,24.488873],[54.381165,24.488872],[54.381175,24.48886],[54.381002,24.48874],[54.381033,24.488705],[54.380821,24.48855],[54.380675,24.488547],[54.380686,24.488534],[54.380657,24.488514],[54.380699,24.488515],[54.3808,24.488388],[54.381406,24.488831],[54.381587,24.488834],[54.381523,24.488905],[54.38158,24.488948],[54.381528,24.488947],[54.381382,24.489114],[54.381403,24.489128],[54.381371,24.489128],[54.381204,24.489316],[54.381324,24.489404],[54.381475,24.489407],[54.381642,24.489218],[54.381618,24.489201],[54.381652,24.489201],[54.381797,24.489035],[54.381761,24.489008],[54.381845,24.48901],[54.382006,24.48883],[54.381869,24.488728],[54.381701,24.488726],[54.381726,24.488697],[54.381519,24.488549],[54.381397,24.488547],[54.381265,24.488451],[54.381298,24.488414],[54.381083,24.488259],[54.380898,24.488256],[54.380848,24.488312],[54.380797,24.488279],[54.380938,24.488106],[54.380795,24.48801],[54.380677,24.488008],[54.380515,24.488208],[54.380523,24.488214],[54.380501,24.488213],[54.380344,24.488411],[54.380357,24.488419],[54.380321,24.488419],[54.380166,24.488606],[54.380328,24.488718]]]}},{"type":"Feature","properties":{},"geometry":{"type":"Polygon","coordinates":[[[54.380176,24.48887],[54.380126,24.488931],[54.38019,24.488975],[54.380214,24.488976],[54.380163,24.489036],[54.38037,24.48918],[54.380521,24.489183],[54.380469,24.489243],[54.38063,24.489359],[54.380665,24.48936],[54.380652,24.489375],[54.380846,24.489514],[54.380964,24.489516],[54.381061,24.489404],[54.380868,24.489264],[54.380832,24.489264],[54.380845,24.489248],[54.380684,24.489133],[54.380599,24.489131],[54.380666,24.489052],[54.380459,24.488908],[54.380289,24.488905],[54.380239,24.488871],[54.380176,24.48887]]]}},{"type":"Feature","properties":{},"geometry":{"type":"Polygon","coordinates":[[[54.380115,24.489546],[54.380145,24.489546],[54.380322,24.489675],[54.380343,24.489676],[54.380539,24.489831],[54.380724,24.489835],[54.380844,24.489699],[54.380643,24.48955],[54.380503,24.489548],[54.380355,24.489439],[54.380325,24.489439],[54.380334,24.489429],[54.380126,24.489282],[54.38004,24.489281],[54.380202,24.489103],[54.380052,24.488991],[54.37985,24.488987],[54.379687,24.489167],[54.379837,24.489279],[54.380006,24.489282],[54.379907,24.489399],[54.380115,24.489546]]]}},{"type":"Feature","properties":{},"geometry":{"type":"Polygon","coordinates":[[[54.380015,24.490035],[54.379847,24.490032],[54.379681,24.490228],[54.379798,24.49031],[54.379966,24.490312],[54.380132,24.490117],[54.380015,24.490035]]]}},{"type":"Feature","properties":{},"geometry":{"type":"Polygon","coordinates":[[[54.380401,24.4903],[54.38025,24.490298],[54.380084,24.490494],[54.3802,24.490575],[54.380351,24.490577],[54.380517,24.490382],[54.380401,24.4903]]]}},{"type":"Feature","properties":{},"geometry":{"type":"Polygon","coordinates":[[[54.379971,24.490532],[54.380002,24.490495],[54.379805,24.490357],[54.379653,24.490355],[54.37955,24.490476],[54.379747,24.490615],[54.379828,24.490616],[54.379787,24.490665],[54.380071,24.490861],[54.38029,24.490865],[54.380402,24.49073],[54.380119,24.490534],[54.379971,24.490532]]]}},{"type":"Feature","properties":{},"geometry":{"type":"Polygon","coordinates":[[[54.379592,24.490949],[54.379529,24.490948],[54.379475,24.491012],[54.37953,24.491051],[54.379594,24.491052],[54.379647,24.490988],[54.379592,24.490949]]]}},{"type":"Feature","properties":{},"geometry":{"type":"Polygon","coordinates":[[[54.380623,24.491205],[54.380589,24.491245],[54.38142,24.491834],[54.381639,24.491837],[54.381749,24.491708],[54.38161,24.49161],[54.381738,24.491612],[54.381928,24.49141],[54.381798,24.491322],[54.381646,24.49132],[54.381469,24.49151],[54.380918,24.49112],[54.380777,24.491117],[54.380802,24.491088],[54.380602,24.490948],[54.38045,24.490946],[54.38035,24.491064],[54.38055,24.491204],[54.380623,24.491205]]]}},{"type":"Feature","properties":{},"geometry":{"type":"Polygon","coordinates":[[[54.380001,24.491688],[54.3801,24.491575],[54.380039,24.491844],[54.380455,24.491914],[54.380567,24.491915],[54.380188,24.492369],[54.380634,24.492679],[54.380949,24.492684],[54.381362,24.49219],[54.381182,24.492065],[54.381216,24.492023],[54.380844,24.491765],[54.380867,24.491638],[54.380831,24.491636],[54.380847,24.491562],[54.380711,24.491451],[54.380451,24.491425],[54.380244,24.491422],[54.380364,24.491284],[54.380226,24.491184],[54.380041,24.491181],[54.379871,24.491376],[54.379946,24.491431],[54.379818,24.491429],[54.379651,24.491618],[54.379788,24.491717],[54.379863,24.491719],[54.379833,24.491753],[54.379901,24.491802],[54.379964,24.491803],[54.38004,24.491717],[54.380001,24.491688]],[[54.380122,24.491478],[54.380114,24.491512],[54.380065,24.491477],[54.380122,24.491478]]]}},{"type":"Feature","properties":{},"geometry":{"type":"Polygon","coordinates":[[[54.380236,24.491975],[54.380158,24.491963],[54.380136,24.491988],[54.380304,24.492112],[54.380367,24.492113],[54.380463,24.492004],[54.380349,24.49192],[54.380286,24.491919],[54.380236,24.491975]]]}},{"type":"Feature","properties":{},"geometry":{"type":"Polygon","coordinates":[[[54.380096,24.49245],[54.380191,24.492342],[54.379682,24.491972],[54.379615,24.49197],[54.37952,24.492079],[54.380029,24.492449],[54.380096,24.49245]]]}},{"type":"Feature","properties":{},"geometry":{"type":"Polygon","coordinates":[[[54.379968,24.492741],[54.379954,24.492758],[54.380143,24.492889],[54.380185,24.49289],[54.380161,24.492919],[54.380361,24.493057],[54.380437,24.493058],[54.380395,24.493109],[54.380607,24.493256],[54.380714,24.493258],[54.380703,24.493271],[54.380937,24.493433],[54.380972,24.493433],[54.380946,24.493465],[54.381138,24.493597],[54.381169,24.493597],[54.381138,24.493634],[54.381446,24.493847],[54.381576,24.493849],[54.381464,24.493984],[54.381605,24.494081],[54.381757,24.494084],[54.38192,24.493888],[54.381779,24.49379],[54.381699,24.493789],[54.381765,24.493709],[54.381458,24.493497],[54.381392,24.493496],[54.381205,24.493359],[54.381136,24.493358],[54.381153,24.493338],[54.380919,24.493176],[54.380863,24.493175],[54.380904,24.493125],[54.380691,24.492979],[54.380581,24.492977],[54.380602,24.492951],[54.380403,24.492813],[54.380361,24.492813],[54.38038,24.492789],[54.380174,24.492658],[54.380187,24.492642],[54.379992,24.492507],[54.379919,24.492506],[54.379935,24.492487],[54.379736,24.49235],[54.37969,24.492349],[54.379707,24.492328],[54.379519,24.492198],[54.379385,24.492196],[54.379293,24.492306],[54.379481,24.492435],[54.379528,24.492436],[54.379515,24.492452],[54.379713,24.492589],[54.379752,24.49259],[54.379739,24.492606],[54.379934,24.49274],[54.379968,24.492741]]]}},{"type":"Feature","properties":{},"geometry":{"type":"Polygon","coordinates":[[[54.379625,24.498121],[54.379415,24.498117],[54.379253,24.498302],[54.379489,24.498472],[54.379699,24.498476],[54.379861,24.498291],[54.379625,24.498121]]]}},{"type":"Feature","properties":{},"geometry":{"type":"Polygon","coordinates":[[[54.379359,24.498874],[54.379468,24.498737],[54.379253,24.498594],[54.37919,24.498593],[54.37908,24.49873],[54.379296,24.498873],[54.379359,24.498874]]]}},{"type":"Feature","properties":{},"geometry":{"type":"Polygon","coordinates":[[[54.3804,24.499021],[54.38019,24.499018],[54.38008,24.499162],[54.380013,24.49916],[54.379954,24.499237],[54.380006,24.49925],[54.379985,24.499278],[54.380323,24.499493],[54.380495,24.499496],[54.380487,24.499527],[54.380699,24.499574],[54.380831,24.499575],[54.380845,24.499603],[54.381191,24.499616],[54.381351,24.499503],[54.381289,24.499401],[54.381223,24.4994],[54.381169,24.499297],[54.381591,24.499043],[54.381288,24.498603],[54.381403,24.498536],[54.381705,24.498655],[54.381694,24.498807],[54.381799,24.49897],[54.38193,24.498972],[54.382059,24.498918],[54.382027,24.49864],[54.381946,24.498528],[54.381417,24.498383],[54.381286,24.498381],[54.381124,24.498474],[54.381068,24.498473],[54.380628,24.498745],[54.380749,24.49892],[54.38062,24.499002],[54.380578,24.499166],[54.380463,24.499093],[54.380479,24.499071],[54.3804,24.499021]],[[54.380518,24.499404],[54.380485,24.499383],[54.380488,24.499379],[54.380524,24.499379],[54.380518,24.499404]]]}},{"type":"Feature","properties":{},"geometry":{"type":"Polygon","coordinates":[[[54.379521,24.507576],[54.379972,24.507577],[54.379968,24.507285],[54.379536,24.507284],[54.379537,24.507395],[54.379519,24.507396],[54.379521,24.507576]]]}},{"type":"Feature","properties":{},"geometry":{"type":"Polygon","coordinates":[[[54.37934,24.507547],[54.379465,24.507548],[54.379464,24.507333],[54.379298,24.507332],[54.379299,24.507452],[54.37934,24.507453],[54.37934,24.507547]]]}},{"type":"Feature","properties":{},"geometry":{"type":"Polygon","coordinates":[[[54.380062,24.511878],[54.380028,24.511878],[54.379543,24.512354],[54.379653,24.512439],[54.379686,24.51244],[54.380175,24.511969],[54.380062,24.511878]]]}},{"type":"Feature","properties":{},"geometry":{"type":"Polygon","coordinates":[[[54.382124,24.48072],[54.382279,24.48052],[54.381911,24.480244],[54.381862,24.480244],[54.38188,24.480224],[54.381825,24.480183],[54.381914,24.480184],[54.382086,24.479995],[54.381906,24.47986],[54.381877,24.479859],[54.381887,24.479848],[54.381708,24.479713],[54.381497,24.47971],[54.381326,24.479899],[54.38141,24.479963],[54.381285,24.479961],[54.381113,24.48015],[54.381292,24.480285],[54.381332,24.480285],[54.381498,24.48041],[54.381552,24.480411],[54.381517,24.480452],[54.381914,24.480716],[54.382124,24.48072]]]}},{"type":"Feature","properties":{},"geometry":{"type":"Polygon","coordinates":[[[54.380906,24.480501],[54.380843,24.4805],[54.380677,24.480697],[54.380837,24.480809],[54.3809,24.48081],[54.381066,24.480614],[54.380906,24.480501]]]}},{"type":"Feature","properties":{},"geometry":{"type":"Polygon","coordinates":[[[54.381824,24.481519],[54.381856,24.48152],[54.381842,24.481538],[54.382077,24.4817],[54.382287,24.481703],[54.382476,24.481489],[54.382238,24.48132],[54.382212,24.481319],[54.382222,24.481308],[54.381984,24.481139],[54.381961,24.481139],[54.381975,24.481123],[54.381475,24.480782],[54.381272,24.480779],[54.381286,24.480762],[54.381126,24.48065],[54.381063,24.480649],[54.380897,24.480845],[54.381057,24.480957],[54.381114,24.480958],[54.381079,24.481],[54.381315,24.481162],[54.381348,24.481163],[54.381341,24.481172],[54.381576,24.481335],[54.381607,24.481335],[54.381588,24.481357],[54.381824,24.481519]]]}},{"type":"Feature","properties":{},"geometry":{"type":"Polygon","coordinates":[[[54.382231,24.481003],[54.382433,24.481027],[54.382428,24.481061],[54.382617,24.481083],[54.382828,24.481087],[54.382847,24.480949],[54.38298,24.480951],[54.383163,24.480748],[54.383104,24.480703],[54.383178,24.480705],[54.383362,24.480501],[54.38331,24.480463],[54.383377,24.480464],[54.38356,24.48026],[54.383325,24.480084],[54.383269,24.480083],[54.383296,24.480053],[54.383061,24.479877],[54.383032,24.479876],[54.382802,24.479694],[54.382591,24.479691],[54.382408,24.479894],[54.382643,24.48007],[54.382673,24.480071],[54.382732,24.480126],[54.382638,24.480124],[54.382454,24.480328],[54.382482,24.480348],[54.38244,24.480347],[54.382256,24.480551],[54.382491,24.480727],[54.382573,24.480728],[54.382534,24.480772],[54.382474,24.480773],[54.382472,24.480727],[54.382352,24.480728],[54.382354,24.480796],[54.382474,24.480795],[54.382475,24.480814],[54.382578,24.480814],[54.382578,24.480804],[54.382624,24.480839],[54.382467,24.480821],[54.382257,24.480817],[54.382252,24.480851],[54.382198,24.480812],[54.382328,24.480814],[54.382331,24.480699],[54.382185,24.480697],[54.382182,24.4808],[54.382166,24.480788],[54.382103,24.480787],[54.38203,24.480869],[54.382118,24.480934],[54.382181,24.480935],[54.382251,24.480856],[54.382231,24.481003]]]}},{"type":"Feature","properties":{},"geometry":{"type":"Polygon","coordinates":[[[54.380925,24.480914],[54.380862,24.480913],[54.380696,24.481109],[54.380856,24.481221],[54.38092,24.481222],[54.381086,24.481026],[54.380925,24.480914]]]}},{"type":"Feature","properties":{},"geometry":{"type":"Polygon","coordinates":[[[54.38119,24.48126],[54.381127,24.481259],[54.381091,24.481329],[54.381182,24.481368],[54.381245,24.481369],[54.381281,24.481299],[54.38119,24.48126]]]}},{"type":"Feature","properties":{},"geometry":{"type":"Polygon","coordinates":[[[54.382348,24.482505],[54.382534,24.482287],[54.382515,24.482273],[54.382542,24.482274],[54.382728,24.482055],[54.382696,24.482033],[54.382757,24.482034],[54.382943,24.481815],[54.382707,24.481649],[54.382497,24.481645],[54.38231,24.481864],[54.382342,24.481886],[54.382282,24.481885],[54.382096,24.482104],[54.382115,24.482117],[54.382088,24.482117],[54.381902,24.482335],[54.381946,24.482366],[54.381887,24.482366],[54.381701,24.482584],[54.381937,24.482751],[54.382014,24.482752],[54.381995,24.482773],[54.382231,24.48294],[54.382272,24.48294],[54.382257,24.482958],[54.382493,24.483125],[54.382524,24.483125],[54.382514,24.483137],[54.38275,24.483303],[54.382771,24.483303],[54.382754,24.483324],[54.38299,24.48349],[54.3832,24.483493],[54.383387,24.483275],[54.383374,24.483266],[54.383394,24.483266],[54.38358,24.483047],[54.383548,24.483025],[54.383616,24.483026],[54.383802,24.482807],[54.3837,24.482736],[54.383854,24.482555],[54.383688,24.482438],[54.383744,24.482372],[54.383508,24.482205],[54.38345,24.482204],[54.383471,24.482182],[54.383297,24.48207],[54.383266,24.482069],[54.383279,24.482055],[54.383111,24.481935],[54.382901,24.481932],[54.382714,24.482151],[54.383065,24.482389],[54.383137,24.48239],[54.383111,24.482421],[54.383136,24.482438],[54.383101,24.482438],[54.382915,24.482656],[54.382959,24.482687],[54.382889,24.482686],[54.38277,24.482826],[54.382653,24.482743],[54.382612,24.482742],[54.382628,24.482724],[54.382392,24.482558],[54.382315,24.482557],[54.382334,24.482535],[54.38229,24.482504],[54.382348,24.482505]]]}},{"type":"Feature","properties":{},"geometry":{"type":"Polygon","coordinates":[[[54.381372,24.482914],[54.38097,24.482633],[54.380654,24.482628],[54.380568,24.482731],[54.380612,24.482761],[54.38056,24.482824],[54.380572,24.482832],[54.380332,24.482828],[54.380054,24.483157],[54.38083,24.483699],[54.381146,24.483704],[54.3813,24.483521],[54.381384,24.483581],[54.381346,24.483621],[54.381569,24.4838],[54.381587,24.4838],[54.381432,24.484044],[54.381561,24.484127],[54.381468,24.484125],[54.381426,24.484184],[54.381529,24.48425],[54.381667,24.484252],[54.381936,24.484425],[54.381959,24.484425],[54.381952,24.484434],[54.382018,24.484478],[54.381958,24.484553],[54.38207,24.484628],[54.38228,24.484631],[54.382501,24.484356],[54.382372,24.484275],[54.382459,24.484163],[54.382519,24.484164],[54.382544,24.484101],[54.382515,24.484091],[54.382569,24.484021],[54.382624,24.484022],[54.38268,24.483966],[54.382514,24.48383],[54.382451,24.483829],[54.382395,24.483885],[54.382419,24.483905],[54.38234,24.483904],[54.382351,24.483867],[54.382401,24.483868],[54.382454,24.48381],[54.382168,24.483593],[54.382116,24.483592],[54.382142,24.483555],[54.381863,24.483392],[54.3818,24.483391],[54.38175,24.483461],[54.381995,24.483604],[54.381717,24.4836],[54.381699,24.48366],[54.381507,24.483512],[54.38152,24.483498],[54.381444,24.483435],[54.381381,24.483434],[54.381327,24.483489],[54.38141,24.48339],[54.381177,24.483227],[54.381218,24.483178],[54.381348,24.483168],[54.381391,24.483117],[54.381413,24.483132],[54.381391,24.48316],[54.381586,24.483282],[54.381542,24.483334],[54.381665,24.483419],[54.381728,24.48342],[54.381808,24.483324],[54.381753,24.483286],[54.381788,24.483251],[54.381491,24.483051],[54.381537,24.482997],[54.381419,24.482915],[54.381372,24.482914]],[[54.38207,24.483629],[54.382064,24.483625],[54.382074,24.483625],[54.38207,24.483629]],[[54.380975,24.483057],[54.380786,24.483283],[54.380705,24.483227],[54.380895,24.483001],[54.380975,24.483057]],[[54.38172,24.483711],[54.381714,24.483729],[54.381702,24.483729],[54.38172,24.483711]]]}},{"type":"Feature","properties":{},"geometry":{"type":"Polygon","coordinates":[[[54.381716,24.483453],[54.381653,24.483452],[54.381611,24.483506],[54.381681,24.483553],[54.381744,24.483554],[54.381787,24.4835],[54.381716,24.483453]]]}},{"type":"Feature","properties":{},"geometry":{"type":"Polygon","coordinates":[[[54.380801,24.483974],[54.380738,24.483973],[54.380683,24.484044],[54.380729,24.484076],[54.380792,24.484077],[54.380851,24.484008],[54.380801,24.483974]]]}},{"type":"Feature","properties":{},"geometry":{"type":"Polygon","coordinates":[[[54.382027,24.484779],[54.382078,24.484723],[54.381999,24.484662],[54.381936,24.484661],[54.381885,24.484717],[54.381964,24.484778],[54.382027,24.484779]]]}},{"type":"Feature","properties":{},"geometry":{"type":"Polygon","coordinates":[[[54.381368,24.484764],[54.381158,24.48476],[54.380844,24.485136],[54.380901,24.485175],[54.380884,24.485195],[54.380969,24.485254],[54.381056,24.485255],[54.381125,24.485345],[54.381188,24.485346],[54.381257,24.485302],[54.381202,24.48523],[54.381509,24.484861],[54.381368,24.484764]]]}},{"type":"Feature","properties":{},"geometry":{"type":"Polygon","coordinates":[[[54.381665,24.485616],[54.381613,24.485615],[54.381464,24.485787],[54.381483,24.4858],[54.381446,24.4858],[54.381295,24.485975],[54.381321,24.485994],[54.381285,24.485993],[54.381128,24.486171],[54.381268,24.486273],[54.381336,24.486274],[54.381492,24.486096],[54.381464,24.486076],[54.381502,24.486077],[54.381654,24.485902],[54.381633,24.485886],[54.381671,24.485887],[54.381819,24.485716],[54.38178,24.485688],[54.381829,24.485688],[54.381977,24.485523],[54.381937,24.485493],[54.381994,24.485494],[54.382148,24.485318],[54.382005,24.485213],[54.381937,24.485212],[54.381783,24.485388],[54.381831,24.485423],[54.381776,24.485422],[54.381627,24.485588],[54.381665,24.485616]]]}},{"type":"Feature","properties":{},"geometry":{"type":"Polygon","coordinates":[[[54.38079,24.485537],[54.380762,24.485697],[54.381008,24.485724],[54.381036,24.485565],[54.38079,24.485537]]]}},{"type":"Feature","properties":{},"geometry":{"type":"Polygon","coordinates":[[[54.38104,24.485793],[54.38099,24.485848],[54.381046,24.48589],[54.381109,24.485891],[54.381159,24.485836],[54.381103,24.485794],[54.38104,24.485793]]]}},{"type":"Feature","properties":{},"geometry":{"type":"Polygon","coordinates":[[[54.381676,24.487758],[54.381774,24.487642],[54.381586,24.487512],[54.381469,24.48751],[54.381371,24.487626],[54.381558,24.487756],[54.381676,24.487758]]]}},{"type":"Feature","properties":{},"geometry":{"type":"Polygon","coordinates":[[[54.381201,24.487589],[54.381016,24.487586],[54.380855,24.487778],[54.381022,24.487894],[54.381207,24.487897],[54.381368,24.487704],[54.381201,24.487589]]]}},{"type":"Feature","properties":{},"geometry":{"type":"Polygon","coordinates":[[[54.382137,24.488086],[54.382234,24.487977],[54.382013,24.487814],[54.381912,24.487812],[54.381815,24.487921],[54.382036,24.488084],[54.382137,24.488086]]]}},{"type":"Feature","properties":{},"geometry":{"type":"Polygon","coordinates":[[[54.381864,24.48845],[54.381956,24.488347],[54.381757,24.488213],[54.381773,24.488194],[54.381579,24.488058],[54.381511,24.488057],[54.381524,24.488042],[54.381326,24.487907],[54.381192,24.487905],[54.381102,24.488013],[54.381299,24.488148],[54.381332,24.488149],[54.381319,24.488164],[54.381514,24.488299],[54.381543,24.4883],[54.381531,24.488313],[54.381713,24.488447],[54.381864,24.48845]]]}},{"type":"Feature","properties":{},"geometry":{"type":"Polygon","coordinates":[[[54.381622,24.489608],[54.381604,24.489607],[54.381463,24.489774],[54.381475,24.489782],[54.381441,24.489781],[54.381269,24.489973],[54.381305,24.49],[54.381254,24.489999],[54.381114,24.490162],[54.381226,24.490241],[54.381289,24.490242],[54.381429,24.490079],[54.381411,24.490067],[54.381458,24.490068],[54.38163,24.489876],[54.381607,24.489859],[54.381736,24.489861],[54.382036,24.489496],[54.382024,24.489488],[54.382038,24.489488],[54.382197,24.489309],[54.382181,24.489298],[54.382215,24.489299],[54.382164,24.489359],[54.382361,24.489498],[54.382393,24.489498],[54.382382,24.489511],[54.38258,24.489649],[54.382698,24.489651],[54.382791,24.489541],[54.382408,24.489252],[54.382288,24.48925],[54.382327,24.489203],[54.382378,24.489239],[54.382441,24.48924],[54.382487,24.489185],[54.382394,24.489125],[54.382407,24.489109],[54.382369,24.489082],[54.38246,24.489084],[54.382521,24.48901],[54.382677,24.489119],[54.382714,24.48912],[54.382697,24.48914],[54.382894,24.489279],[54.38292,24.48928],[54.382911,24.48929],[54.383004,24.489356],[54.382887,24.489325],[54.382824,24.489324],[54.382781,24.48947],[54.38298,24.489524],[54.383043,24.489525],[54.383079,24.489408],[54.383108,24.489429],[54.383226,24.489431],[54.383319,24.489321],[54.383122,24.489183],[54.383096,24.489182],[54.383105,24.489171],[54.382908,24.489033],[54.382816,24.489031],[54.382833,24.489011],[54.382636,24.488872],[54.382581,24.488871],[54.382724,24.488701],[54.382685,24.488672],[54.382792,24.488674],[54.382815,24.488649],[54.383196,24.488905],[54.383398,24.488908],[54.383491,24.488798],[54.38308,24.488521],[54.382932,24.488518],[54.382961,24.488487],[54.382849,24.488404],[54.382664,24.488401],[54.382496,24.488588],[54.382519,24.488605],[54.382479,24.488605],[54.382319,24.488797],[54.382382,24.488841],[54.382313,24.48884],[54.382175,24.488997],[54.382212,24.489023],[54.382136,24.489022],[54.381974,24.489212],[54.381986,24.489221],[54.381938,24.48922],[54.381608,24.489598],[54.381622,24.489608]],[[54.382557,24.488889],[54.382554,24.488892],[54.382548,24.488888],[54.382557,24.488889]]]}},{"type":"Feature","properties":{},"geometry":{"type":"Polygon","coordinates":[[[54.382067,24.490836],[54.382161,24.490726],[54.381963,24.490587],[54.381873,24.490586],[54.381908,24.490544],[54.381711,24.490405],[54.381665,24.490404],[54.38168,24.490387],[54.381483,24.490248],[54.381365,24.490246],[54.381272,24.490356],[54.381469,24.490495],[54.381514,24.490495],[54.3815,24.490513],[54.381697,24.490652],[54.381754,24.490653],[54.381718,24.490694],[54.381916,24.490833],[54.382067,24.490836]]]}},{"type":"Feature","properties":{},"geometry":{"type":"Polygon","coordinates":[[[54.380884,24.490634],[54.380733,24.490631],[54.380551,24.490844],[54.380685,24.490939],[54.380837,24.490942],[54.381019,24.490729],[54.380884,24.490634]]]}},{"type":"Feature","properties":{},"geometry":{"type":"Polygon","coordinates":[[[54.381594,24.492217],[54.381442,24.492401],[54.381461,24.492414],[54.381427,24.492414],[54.381286,24.492573],[54.38131,24.492591],[54.381272,24.49259],[54.381131,24.49275],[54.381197,24.492798],[54.381109,24.492797],[54.380955,24.492971],[54.381058,24.493046],[54.38121,24.493049],[54.381266,24.492986],[54.38141,24.493091],[54.381437,24.493092],[54.381428,24.493102],[54.38162,24.493243],[54.381709,24.493244],[54.381564,24.493408],[54.381683,24.493495],[54.381809,24.493497],[54.381766,24.493552],[54.381986,24.493695],[54.382171,24.493698],[54.382262,24.493582],[54.382043,24.493439],[54.381871,24.493437],[54.38198,24.493313],[54.381953,24.493294],[54.382014,24.493295],[54.382159,24.493131],[54.38212,24.493102],[54.382228,24.493104],[54.382374,24.492944],[54.382533,24.493051],[54.382718,24.493054],[54.382827,24.49292],[54.38261,24.492775],[54.382477,24.492773],[54.382511,24.492735],[54.382397,24.492651],[54.382245,24.492648],[54.382226,24.49267],[54.382061,24.492569],[54.3821,24.492521],[54.381903,24.492388],[54.381814,24.492387],[54.381884,24.492303],[54.381763,24.49222],[54.381594,24.492217]],[[54.381798,24.492661],[54.381831,24.492662],[54.38182,24.492675],[54.382013,24.492804],[54.382105,24.492806],[54.382091,24.492821],[54.382101,24.492829],[54.382059,24.492828],[54.381905,24.492997],[54.381973,24.493049],[54.381898,24.493048],[54.381834,24.49312],[54.381672,24.493001],[54.381644,24.493],[54.381653,24.49299],[54.381461,24.492849],[54.381315,24.492839],[54.381402,24.492841],[54.381544,24.492681],[54.381489,24.492641],[54.381611,24.492503],[54.381586,24.492485],[54.381636,24.492485],[54.381601,24.492528],[54.381798,24.492661]]]}},{"type":"Feature","properties":{},"geometry":{"type":"Polygon","coordinates":[[[54.380709,24.493873],[54.380726,24.493851],[54.380658,24.493804],[54.380595,24.493803],[54.380579,24.493825],[54.380646,24.493871],[54.380709,24.493873]]]}},{"type":"Feature","properties":{},"geometry":{"type":"Polygon","coordinates":[[[54.38162,24.495891],[54.38146,24.495888],[54.3813,24.496087],[54.381406,24.496157],[54.381244,24.496155],[54.381173,24.496244],[54.381137,24.49622],[54.380716,24.496213],[54.380556,24.496411],[54.380771,24.496555],[54.380919,24.496557],[54.380871,24.496616],[54.381073,24.496754],[54.381494,24.496761],[54.381658,24.496561],[54.38157,24.496501],[54.38172,24.496504],[54.38188,24.496305],[54.381774,24.496234],[54.381935,24.496237],[54.382096,24.496039],[54.381997,24.495973],[54.382157,24.495975],[54.382318,24.495777],[54.382102,24.495633],[54.381983,24.495631],[54.382036,24.495566],[54.381821,24.495422],[54.3814,24.495415],[54.38124,24.495613],[54.381455,24.495757],[54.381574,24.495759],[54.381522,24.495825],[54.38162,24.495891]]]}},{"type":"Feature","properties":{},"geometry":{"type":"Polygon","coordinates":[[[54.380578,24.497318],[54.380983,24.496835],[54.380527,24.496518],[54.380476,24.496518],[54.380072,24.497001],[54.380528,24.497317],[54.380578,24.497318]]]}},{"type":"Feature","properties":{},"geometry":{"type":"Polygon","coordinates":[[[54.381588,24.499427],[54.381525,24.499426],[54.381493,24.499483],[54.381556,24.499512],[54.381619,24.499513],[54.381651,24.499456],[54.381588,24.499427]]]}},{"type":"Feature","properties":{},"geometry":{"type":"Polygon","coordinates":[[[54.380772,24.511589],[54.380781,24.511545],[54.380743,24.511539],[54.380758,24.511466],[54.380773,24.511466],[54.380751,24.511521],[54.380794,24.511535],[54.380857,24.511536],[54.380883,24.511471],[54.380798,24.511456],[54.380805,24.511424],[54.380622,24.511403],[54.380589,24.511568],[54.380772,24.511589]]]}},{"type":"Feature","properties":{},"geometry":{"type":"Polygon","coordinates":[[[54.381272,24.512511],[54.381351,24.512427],[54.380346,24.511588],[54.380313,24.511587],[54.380238,24.511685],[54.381238,24.51251],[54.381272,24.512511]]]}},{"type":"Feature","properties":{},"geometry":{"type":"Polygon","coordinates":[[[54.382263,24.479995],[54.3822,24.479994],[54.382123,24.480087],[54.382206,24.480144],[54.382269,24.480145],[54.382346,24.480051],[54.382263,24.479995]]]}},{"type":"Feature","properties":{},"geometry":{"type":"Polygon","coordinates":[[[54.3839,24.480996],[54.384135,24.481158],[54.384196,24.481159],[54.384185,24.481172],[54.384216,24.481194],[54.384167,24.481193],[54.383982,24.481414],[54.38402,24.481441],[54.383953,24.48144],[54.383817,24.481601],[54.383688,24.481511],[54.383661,24.481511],[54.383668,24.481503],[54.383423,24.481333],[54.383399,24.481333],[54.383408,24.481322],[54.383163,24.481152],[54.382952,24.481149],[54.382799,24.481333],[54.383044,24.481503],[54.383067,24.481503],[54.383059,24.481513],[54.383304,24.481683],[54.383331,24.481684],[54.383324,24.481692],[54.383423,24.48176],[54.383377,24.481798],[54.383524,24.481919],[54.383587,24.48192],[54.383613,24.481893],[54.383815,24.482033],[54.383768,24.482032],[54.383703,24.482123],[54.383748,24.482149],[54.383811,24.48215],[54.383875,24.482059],[54.383862,24.482047],[54.384101,24.482213],[54.384311,24.482216],[54.384465,24.482033],[54.384396,24.481985],[54.38451,24.481987],[54.384663,24.481803],[54.384602,24.481761],[54.384711,24.481762],[54.384864,24.481578],[54.384798,24.481532],[54.384908,24.481534],[54.385062,24.48135],[54.384816,24.48118],[54.384769,24.48118],[54.384819,24.481123],[54.384581,24.480954],[54.384528,24.480953],[54.384296,24.480778],[54.384264,24.480777],[54.38427,24.48077],[54.384032,24.480602],[54.383987,24.480601],[54.384013,24.480571],[54.383775,24.480402],[54.383565,24.480398],[54.383379,24.48062],[54.383576,24.480755],[54.383524,24.480754],[54.383448,24.480818],[54.383244,24.480815],[54.383116,24.480968],[54.383372,24.481145],[54.383583,24.481149],[54.383711,24.480996],[54.383601,24.48092],[54.383682,24.480851],[54.383871,24.480982],[54.383911,24.480982],[54.3839,24.480996]],[[54.383667,24.480783],[54.383643,24.480811],[54.383615,24.480782],[54.383667,24.480783]],[[54.383602,24.481862],[54.383602,24.481863],[54.3836,24.481862],[54.383602,24.481862]]]}},{"type":"Feature","properties":{},"geometry":{"type":"Polygon","coordinates":[[[54.382509,24.482411],[54.382447,24.482495],[54.382517,24.482538],[54.38258,24.482539],[54.382642,24.482455],[54.382572,24.482412],[54.382509,24.482411]]]}},{"type":"Feature","properties":{},"geometry":{"type":"Polygon","coordinates":[[[54.383551,24.483573],[54.383668,24.483575],[54.383816,24.483404],[54.383782,24.48338],[54.383934,24.483209],[54.383896,24.483181],[54.383953,24.483182],[54.384101,24.483011],[54.38407,24.482989],[54.38417,24.482991],[54.384318,24.482819],[54.384285,24.482796],[54.38443,24.482628],[54.384397,24.482604],[54.384445,24.482605],[54.384593,24.482434],[54.384562,24.482412],[54.384618,24.482413],[54.384766,24.482241],[54.384732,24.482218],[54.384782,24.482218],[54.38493,24.482047],[54.384886,24.482016],[54.384943,24.482017],[54.385091,24.481846],[54.384951,24.481745],[54.384884,24.481744],[54.384736,24.481915],[54.38478,24.481947],[54.384723,24.481946],[54.384575,24.482117],[54.384608,24.482141],[54.384558,24.48214],[54.38441,24.482311],[54.384441,24.482334],[54.384386,24.482333],[54.384238,24.482504],[54.384271,24.482528],[54.384223,24.482527],[54.384075,24.482698],[54.384103,24.482718],[54.38406,24.482717],[54.383912,24.482889],[54.383943,24.482911],[54.383894,24.48291],[54.383746,24.483081],[54.383784,24.483109],[54.383727,24.483108],[54.383579,24.483279],[54.383613,24.483303],[54.383558,24.483302],[54.38341,24.483473],[54.383451,24.483502],[54.383384,24.483501],[54.383236,24.483672],[54.383376,24.483772],[54.383443,24.483773],[54.383591,24.483602],[54.383551,24.483573]]]}},{"type":"Feature","properties":{},"geometry":{"type":"Polygon","coordinates":[[[54.382653,24.484422],[54.382619,24.484421],[54.382473,24.484591],[54.382495,24.484607],[54.382461,24.484607],[54.382315,24.48478],[54.382352,24.484806],[54.382298,24.484805],[54.382146,24.48498],[54.382286,24.485081],[54.382354,24.485082],[54.382506,24.484907],[54.382468,24.48488],[54.382525,24.484881],[54.382671,24.484708],[54.382651,24.484693],[54.382683,24.484694],[54.382829,24.484524],[54.382801,24.484504],[54.382839,24.484505],[54.382986,24.484329],[54.382974,24.484321],[54.382995,24.484321],[54.383148,24.484149],[54.383004,24.484043],[54.382936,24.484042],[54.382784,24.484214],[54.382807,24.484231],[54.382778,24.484231],[54.382631,24.484407],[54.382653,24.484422]]]}},{"type":"Feature","properties":{},"geometry":{"type":"Polygon","coordinates":[[[54.383028,24.486314],[54.383209,24.486405],[54.383316,24.486402],[54.383363,24.486338],[54.383165,24.486216],[54.383102,24.486215],[54.383028,24.486314]]]}},{"type":"Feature","properties":{},"geometry":{"type":"Polygon","coordinates":[[[54.38322,24.486795],[54.383157,24.486794],[54.383105,24.486857],[54.38315,24.486887],[54.383213,24.486888],[54.383265,24.486826],[54.38322,24.486795]]]}},{"type":"Feature","properties":{},"geometry":{"type":"Polygon","coordinates":[[[54.383311,24.487388],[54.383489,24.487212],[54.383391,24.487137],[54.383198,24.487133],[54.383284,24.487046],[54.383196,24.486976],[54.382985,24.486973],[54.382906,24.487052],[54.382845,24.487002],[54.383025,24.486827],[54.382931,24.48675],[54.38272,24.486746],[54.38245,24.48702],[54.382804,24.487315],[54.383002,24.487318],[54.382919,24.487403],[54.383275,24.487695],[54.383324,24.487696],[54.38323,24.487791],[54.383403,24.487933],[54.383466,24.487934],[54.383623,24.487774],[54.383613,24.487766],[54.383633,24.487766],[54.383684,24.487714],[54.383723,24.487747],[54.383681,24.48779],[54.383643,24.487789],[54.383523,24.487909],[54.383624,24.487991],[54.383726,24.487993],[54.38379,24.488045],[54.383733,24.488044],[54.38369,24.488085],[54.383731,24.488117],[54.383794,24.488118],[54.383833,24.488081],[54.383867,24.48811],[54.384077,24.488113],[54.384249,24.487942],[54.384072,24.487798],[54.384036,24.487797],[54.384119,24.487713],[54.383979,24.487601],[54.383776,24.487597],[54.383669,24.487509],[54.383747,24.487429],[54.383657,24.487353],[54.383447,24.487349],[54.383366,24.487432],[54.383311,24.487388]]]}},{"type":"Feature","properties":{},"geometry":{"type":"Polygon","coordinates":[[[54.382332,24.488097],[54.382197,24.488095],[54.382038,24.48828],[54.382058,24.488294],[54.382008,24.488293],[54.38185,24.488474],[54.38197,24.48856],[54.382088,24.488562],[54.382245,24.488382],[54.382221,24.488365],[54.38229,24.488366],[54.38245,24.488181],[54.382332,24.488097]]]}},{"type":"Feature","properties":{},"geometry":{"type":"Polygon","coordinates":[[[54.382952,24.48987],[54.382889,24.489869],[54.382803,24.489968],[54.382616,24.489841],[54.382628,24.489827],[54.38243,24.489688],[54.382394,24.489688],[54.382409,24.48967],[54.382211,24.489531],[54.382026,24.489528],[54.381933,24.489637],[54.382131,24.489776],[54.382167,24.489777],[54.382152,24.489795],[54.382349,24.489934],[54.382372,24.489934],[54.382361,24.489948],[54.382558,24.490087],[54.38269,24.490089],[54.382552,24.490246],[54.382604,24.490285],[54.38255,24.490284],[54.382477,24.49037],[54.382286,24.490236],[54.382204,24.490235],[54.382215,24.490223],[54.382017,24.490084],[54.381899,24.490082],[54.381806,24.490192],[54.382004,24.490331],[54.382035,24.490331],[54.382025,24.490343],[54.382222,24.490482],[54.382364,24.490484],[54.382225,24.490651],[54.38224,24.490662],[54.382217,24.490661],[54.382055,24.490852],[54.382184,24.490943],[54.382336,24.490946],[54.382498,24.490755],[54.382481,24.490743],[54.382523,24.490744],[54.382684,24.490552],[54.382657,24.490533],[54.382702,24.490534],[54.382845,24.490364],[54.382803,24.490335],[54.382958,24.490158],[54.382926,24.490135],[54.383006,24.490137],[54.383161,24.489958],[54.383123,24.489931],[54.38317,24.489932],[54.383326,24.48975],[54.383296,24.489729],[54.38337,24.489731],[54.383501,24.489577],[54.383446,24.489539],[54.383488,24.489539],[54.383649,24.489348],[54.383618,24.489327],[54.383663,24.489328],[54.38382,24.489142],[54.383701,24.489058],[54.383583,24.489056],[54.383425,24.489242],[54.38345,24.489259],[54.383405,24.489259],[54.383244,24.489449],[54.383301,24.489489],[54.383226,24.489488],[54.383096,24.489642],[54.383128,24.489664],[54.383072,24.489663],[54.382916,24.489845],[54.382952,24.48987]],[[54.382757,24.490064],[54.382748,24.490064],[54.382751,24.49006],[54.382757,24.490064]],[[54.382412,24.49046],[54.382413,24.490458],[54.382415,24.49046],[54.382412,24.49046]]]}},{"type":"Feature","properties":{},"geometry":{"type":"Polygon","coordinates":[[[54.382506,24.491259],[54.382708,24.491262],[54.382877,24.491071],[54.382861,24.491059],[54.38288,24.491059],[54.38303,24.49088],[54.383008,24.490866],[54.383051,24.490866],[54.383104,24.490802],[54.383306,24.490943],[54.38336,24.490944],[54.38334,24.490967],[54.383768,24.491263],[54.383953,24.491266],[54.384066,24.491133],[54.383638,24.490837],[54.383585,24.490836],[54.383604,24.490813],[54.383392,24.490665],[54.383231,24.490662],[54.383384,24.49048],[54.383233,24.490376],[54.383048,24.490373],[54.382886,24.490566],[54.382902,24.490577],[54.382864,24.490577],[54.382713,24.490759],[54.382735,24.490774],[54.382694,24.490773],[54.382545,24.490952],[54.38256,24.490962],[54.382531,24.490962],[54.382362,24.491154],[54.382506,24.491259]],[[54.383185,24.490673],[54.383197,24.490673],[54.383193,24.490679],[54.383185,24.490673]]]}},{"type":"Feature","properties":{},"geometry":{"type":"Polygon","coordinates":[[[54.383399,24.491372],[54.383329,24.491453],[54.383472,24.491556],[54.383657,24.491559],[54.383833,24.491355],[54.383673,24.491252],[54.383682,24.491241],[54.38347,24.491093],[54.383293,24.49109],[54.383369,24.491007],[54.38322,24.490903],[54.383035,24.4909],[54.382874,24.491093],[54.383013,24.491193],[54.383196,24.491196],[54.383173,24.491223],[54.383399,24.491372]]]}},{"type":"Feature","properties":{},"geometry":{"type":"Polygon","coordinates":[[[54.383029,24.491497],[54.383146,24.491364],[54.382945,24.49122],[54.382759,24.491217],[54.382641,24.491351],[54.382844,24.491494],[54.383029,24.491497]]]}},{"type":"Feature","properties":{},"geometry":{"type":"Polygon","coordinates":[[[54.382294,24.491603],[54.382108,24.4916],[54.381932,24.491807],[54.382074,24.491907],[54.382259,24.49191],[54.382435,24.491703],[54.382294,24.491603]]]}},{"type":"Feature","properties":{},"geometry":{"type":"Polygon","coordinates":[[[54.382592,24.492503],[54.38268,24.492395],[54.38249,24.492267],[54.382446,24.492266],[54.382463,24.492246],[54.382273,24.492119],[54.382231,24.492118],[54.382279,24.492059],[54.382019,24.491885],[54.381834,24.491882],[54.381723,24.492019],[54.381982,24.492193],[54.382057,24.492195],[54.382033,24.492224],[54.382223,24.492352],[54.382267,24.492353],[54.382251,24.492373],[54.382441,24.492501],[54.382592,24.492503]]]}},{"type":"Feature","properties":{},"geometry":{"type":"Polygon","coordinates":[[[54.382737,24.492698],[54.382922,24.492701],[54.383082,24.492516],[54.383038,24.492485],[54.383127,24.492487],[54.383282,24.492308],[54.383147,24.492211],[54.382945,24.492208],[54.38279,24.492387],[54.382847,24.492428],[54.382775,24.492427],[54.382616,24.492611],[54.382737,24.492698]]]}},{"type":"Feature","properties":{},"geometry":{"type":"Polygon","coordinates":[[[54.38309,24.493952],[54.382918,24.494149],[54.382991,24.494201],[54.382876,24.4942],[54.382733,24.494365],[54.382595,24.494266],[54.382359,24.494262],[54.382187,24.49446],[54.382399,24.494611],[54.382521,24.494613],[54.382478,24.494664],[54.382689,24.494816],[54.382926,24.494819],[54.383097,24.494622],[54.382997,24.49455],[54.383153,24.494553],[54.383325,24.494355],[54.383252,24.494303],[54.383366,24.494305],[54.383538,24.494108],[54.383467,24.494057],[54.383589,24.494059],[54.383761,24.493861],[54.383549,24.49371],[54.383412,24.493707],[54.383469,24.493641],[54.383258,24.49349],[54.383021,24.493486],[54.38285,24.493683],[54.383061,24.493835],[54.383198,24.493837],[54.383141,24.493903],[54.383211,24.493954],[54.38309,24.493952]],[[54.382805,24.494469],[54.382763,24.494468],[54.382779,24.49445],[54.382805,24.494469]]]}},{"type":"Feature","properties":{},"geometry":{"type":"Polygon","coordinates":[[[54.38224,24.499233],[54.38227,24.499191],[54.382275,24.499119],[54.38224,24.499063],[54.382202,24.499039],[54.382084,24.499027],[54.382033,24.499036],[54.38199,24.499062],[54.381963,24.499096],[54.381951,24.499147],[54.381961,24.499193],[54.38199,24.499233],[54.382054,24.499265],[54.382197,24.499259],[54.38224,24.499233]]]}},{"type":"Feature","properties":{},"geometry":{"type":"Polygon","coordinates":[[[54.382881,24.504776],[54.382872,24.504654],[54.382733,24.504657],[54.382743,24.50478],[54.382881,24.504776]]]}},{"type":"Feature","properties":{},"geometry":{"type":"Polygon","coordinates":[[[54.38293,24.508281],[54.382983,24.508254],[54.382963,24.50822],[54.3829,24.508219],[54.382846,24.508246],[54.382867,24.50828],[54.38293,24.508281]]]}},{"type":"Feature","properties":{},"geometry":{"type":"Polygon","coordinates":[[[54.381673,24.509226],[54.38161,24.509225],[54.381563,24.509278],[54.381611,24.509312],[54.381674,24.509313],[54.38172,24.50926],[54.381673,24.509226]]]}},{"type":"Feature","properties":{},"geometry":{"type":"Polygon","coordinates":[[[54.381566,24.510185],[54.381667,24.510144],[54.381632,24.510073],[54.381569,24.510072],[54.381468,24.510112],[54.381503,24.510184],[54.381566,24.510185]]]}},{"type":"Feature","properties":{},"geometry":{"type":"Polygon","coordinates":[[[54.382683,24.511773],[54.383066,24.511349],[54.38221,24.510685],[54.381894,24.510679],[54.381509,24.511102],[54.382367,24.511768],[54.382683,24.511773]]]}},{"type":"Feature","properties":{},"geometry":{"type":"Polygon","coordinates":[[[54.384385,24.480486],[54.384372,24.480501],[54.384617,24.48068],[54.384649,24.480681],[54.384641,24.48069],[54.384879,24.480859],[54.384946,24.48086],[54.385058,24.480729],[54.384891,24.480611],[54.384947,24.480548],[54.384702,24.480369],[54.384507,24.480366],[54.38452,24.480351],[54.384275,24.480172],[54.384253,24.480171],[54.384261,24.480162],[54.384097,24.480042],[54.384156,24.479975],[54.383911,24.479796],[54.383701,24.479792],[54.383582,24.479927],[54.383826,24.480107],[54.383855,24.480107],[54.383847,24.480117],[54.384091,24.480296],[54.384114,24.480296],[54.384105,24.480306],[54.38435,24.480485],[54.384385,24.480486]]]}},{"type":"Feature","properties":{},"geometry":{"type":"Polygon","coordinates":[[[54.383612,24.481945],[54.383549,24.481944],[54.383512,24.481991],[54.383553,24.482018],[54.383616,24.482019],[54.383653,24.481972],[54.383612,24.481945]]]}},{"type":"Feature","properties":{},"geometry":{"type":"Polygon","coordinates":[[[54.38393,24.482279],[54.383958,24.482241],[54.38389,24.482198],[54.383826,24.482197],[54.383798,24.482235],[54.383866,24.482278],[54.38393,24.482279]]]}},{"type":"Feature","properties":{},"geometry":{"type":"Polygon","coordinates":[[[54.384434,24.484231],[54.384497,24.484232],[54.384558,24.484168],[54.384541,24.484155],[54.384566,24.484129],[54.384534,24.484103],[54.384471,24.484102],[54.384385,24.484192],[54.384434,24.484231]]]}},{"type":"Feature","properties":{},"geometry":{"type":"Polygon","coordinates":[[[54.384759,24.485076],[54.384621,24.484961],[54.38441,24.484958],[54.384305,24.485063],[54.384321,24.485075],[54.384276,24.48512],[54.384254,24.485119],[54.38413,24.485244],[54.384142,24.485253],[54.384103,24.485295],[54.38408,24.485295],[54.383967,24.485404],[54.384108,24.485521],[54.384239,24.485523],[54.384135,24.485627],[54.384043,24.485551],[54.383833,24.485548],[54.38357,24.48582],[54.383925,24.486112],[54.384118,24.486115],[54.384032,24.486202],[54.384391,24.486495],[54.384601,24.486499],[54.384819,24.486274],[54.384874,24.48632],[54.385084,24.486324],[54.38516,24.486247],[54.385543,24.486575],[54.385753,24.486579],[54.385932,24.486407],[54.385749,24.486249],[54.385685,24.486248],[54.385712,24.486221],[54.385661,24.486181],[54.38558,24.486179],[54.385542,24.486142],[54.385258,24.486147],[54.38535,24.486054],[54.384993,24.485764],[54.384856,24.485762],[54.384916,24.485699],[54.384568,24.485407],[54.384414,24.485405],[54.384371,24.48537],[54.384411,24.485333],[54.384445,24.485333],[54.38457,24.485205],[54.384551,24.48519],[54.384562,24.485179],[54.384654,24.48518],[54.384759,24.485076]],[[54.384553,24.486057],[54.384605,24.486101],[54.384815,24.486104],[54.384896,24.486018],[54.384959,24.48607],[54.384829,24.486198],[54.384773,24.486154],[54.384563,24.48615],[54.384486,24.486232],[54.384429,24.486185],[54.384553,24.486057]],[[54.384573,24.485971],[54.384567,24.485978],[54.384558,24.485971],[54.384573,24.485971]],[[54.384351,24.485893],[54.384395,24.48593],[54.384316,24.485929],[54.384351,24.485893]],[[54.384391,24.485754],[54.384469,24.485669],[54.384531,24.485723],[54.384379,24.485864],[54.384396,24.485846],[54.384306,24.485775],[54.384095,24.485772],[54.38402,24.485851],[54.383961,24.485803],[54.384089,24.485677],[54.384181,24.485751],[54.384391,24.485754]]]}},{"type":"Feature","properties":{},"geometry":{"type":"Polygon","coordinates":[[[54.383924,24.487119],[54.383855,24.487199],[54.383894,24.487227],[54.383834,24.487226],[54.383766,24.487304],[54.383952,24.487438],[54.384009,24.487439],[54.383956,24.4875],[54.38413,24.487627],[54.384341,24.487631],[54.384354,24.487615],[54.384452,24.487616],[54.384591,24.487458],[54.384463,24.487369],[54.384509,24.487316],[54.384478,24.487295],[54.384523,24.487296],[54.384599,24.48721],[54.384568,24.487189],[54.384614,24.487189],[54.384685,24.48711],[54.384496,24.486973],[54.384433,24.486972],[54.384364,24.487052],[54.384397,24.487077],[54.384345,24.487076],[54.384275,24.487158],[54.384307,24.487182],[54.384257,24.487181],[54.384184,24.487264],[54.38422,24.487289],[54.38415,24.487288],[54.384177,24.487257],[54.384137,24.487228],[54.384197,24.487229],[54.384267,24.487149],[54.384228,24.487121],[54.384286,24.487122],[54.384356,24.487044],[54.384317,24.487017],[54.384375,24.487018],[54.384444,24.486939],[54.384254,24.486807],[54.384191,24.486806],[54.384124,24.486882],[54.384164,24.486911],[54.384102,24.48691],[54.384035,24.486988],[54.384073,24.487015],[54.384013,24.487014],[54.383944,24.487093],[54.383981,24.48712],[54.383924,24.487119]],[[54.384049,24.487335],[54.384099,24.487335],[54.38408,24.487357],[54.384049,24.487335]]]}},{"type":"Feature","properties":{},"geometry":{"type":"Polygon","coordinates":[[[54.384597,24.487519],[54.384441,24.4877],[54.384467,24.487719],[54.384454,24.487733],[54.384414,24.487732],[54.384372,24.487783],[54.384423,24.487819],[54.384339,24.487818],[54.384297,24.487867],[54.384389,24.487936],[54.384373,24.487956],[54.384479,24.488032],[54.384689,24.488035],[54.384991,24.487682],[54.384901,24.487616],[54.384917,24.487595],[54.384808,24.487522],[54.384597,24.487519]]]}},{"type":"Feature","properties":{},"geometry":{"type":"Polygon","coordinates":[[[54.384218,24.488081],[54.384155,24.488079],[54.384011,24.488245],[54.384088,24.4883],[54.384151,24.488301],[54.384296,24.488135],[54.384218,24.488081]]]}},{"type":"Feature","properties":{},"geometry":{"type":"Polygon","coordinates":[[[54.384131,24.488356],[54.384147,24.488367],[54.384074,24.488454],[54.384166,24.488518],[54.38423,24.488519],[54.384303,24.488432],[54.384292,24.488424],[54.384453,24.488238],[54.38436,24.488167],[54.384297,24.488166],[54.384131,24.488356]]]}},{"type":"Feature","properties":{},"geometry":{"type":"Polygon","coordinates":[[[54.384437,24.488439],[54.384374,24.488438],[54.384338,24.48848],[54.384385,24.488514],[54.384448,24.488515],[54.384485,24.488474],[54.384437,24.488439]]]}},{"type":"Feature","properties":{},"geometry":{"type":"Polygon","coordinates":[[[54.384669,24.488416],[54.384606,24.488415],[54.384458,24.48859],[54.38454,24.488647],[54.384603,24.488648],[54.384752,24.488474],[54.384669,24.488416]]]}},{"type":"Feature","properties":{},"geometry":{"type":"Polygon","coordinates":[[[54.384607,24.488774],[54.384934,24.489008],[54.384998,24.489009],[54.385039,24.48896],[54.384686,24.488708],[54.384632,24.488707],[54.384551,24.488652],[54.384488,24.488651],[54.38444,24.48871],[54.384539,24.488779],[54.384607,24.488774]]]}},{"type":"Feature","properties":{},"geometry":{"type":"Polygon","coordinates":[[[54.383642,24.489667],[54.383489,24.489849],[54.383511,24.489865],[54.383476,24.489865],[54.383329,24.490043],[54.383308,24.490043],[54.383144,24.490229],[54.383299,24.490342],[54.383484,24.490345],[54.383648,24.490159],[54.38364,24.490154],[54.38367,24.490154],[54.383818,24.48998],[54.383786,24.489956],[54.383825,24.489957],[54.383887,24.489883],[54.384073,24.490014],[54.384127,24.490015],[54.384108,24.490038],[54.384319,24.490186],[54.384348,24.490186],[54.384333,24.490204],[54.384539,24.490358],[54.384724,24.490361],[54.384849,24.490222],[54.384643,24.490068],[54.384607,24.490068],[54.384617,24.490056],[54.384405,24.489907],[54.384352,24.489906],[54.384371,24.489884],[54.384159,24.489735],[54.384005,24.489733],[54.384137,24.489569],[54.384107,24.489549],[54.38415,24.48955],[54.384301,24.489367],[54.384158,24.489269],[54.383973,24.489266],[54.383821,24.489448],[54.383852,24.489469],[54.383805,24.489468],[54.383658,24.489651],[54.383682,24.489667],[54.383642,24.489667]],[[54.383953,24.489757],[54.383944,24.489751],[54.383958,24.489751],[54.383953,24.489757]]]}},{"type":"Feature","properties":{},"geometry":{"type":"Polygon","coordinates":[[[54.384396,24.489749],[54.384384,24.489764],[54.384784,24.490031],[54.384969,24.490034],[54.385081,24.489903],[54.384681,24.489629],[54.384654,24.489628],[54.384665,24.489615],[54.384431,24.489456],[54.384246,24.489453],[54.38414,24.489593],[54.384362,24.489749],[54.384396,24.489749]]]}},{"type":"Feature","properties":{},"geometry":{"type":"Polygon","coordinates":[[[54.384374,24.490812],[54.384217,24.490997],[54.384345,24.491087],[54.38453,24.49109],[54.384687,24.490905],[54.38466,24.490886],[54.384699,24.490886],[54.384859,24.490706],[54.384839,24.490692],[54.384873,24.490692],[54.385025,24.490503],[54.385059,24.490504],[54.385215,24.490325],[54.385178,24.490299],[54.385223,24.4903],[54.385388,24.490114],[54.385256,24.490017],[54.385054,24.490014],[54.384963,24.490116],[54.384934,24.490115],[54.384871,24.490186],[54.384915,24.490219],[54.384885,24.490218],[54.384734,24.4904],[54.384697,24.490399],[54.384588,24.490528],[54.384381,24.490383],[54.384345,24.490382],[54.384357,24.490368],[54.384145,24.49022],[54.38396,24.490217],[54.383847,24.49035],[54.384059,24.490498],[54.384095,24.490499],[54.384083,24.490513],[54.384295,24.490661],[54.384472,24.490664],[54.384371,24.490782],[54.384413,24.490812],[54.384374,24.490812]],[[54.384562,24.490601],[54.384534,24.490601],[54.384544,24.490588],[54.384562,24.490601]]]}},{"type":"Feature","properties":{},"geometry":{"type":"Polygon","coordinates":[[[54.384033,24.490656],[54.384052,24.490633],[54.38384,24.490485],[54.383655,24.490481],[54.383543,24.490615],[54.383754,24.490763],[54.383808,24.490764],[54.383788,24.490787],[54.384,24.490935],[54.384185,24.490938],[54.384298,24.490805],[54.384086,24.490657],[54.384033,24.490656]]]}},{"type":"Feature","properties":{},"geometry":{"type":"Polygon","coordinates":[[[54.383563,24.491998],[54.383749,24.492001],[54.383914,24.491806],[54.383901,24.491797],[54.383934,24.491798],[54.384087,24.491613],[54.384078,24.491606],[54.384099,24.491607],[54.384262,24.491424],[54.384253,24.491418],[54.384272,24.491418],[54.384436,24.491229],[54.384289,24.491124],[54.384104,24.491121],[54.383764,24.491493],[54.383785,24.491509],[54.383754,24.491508],[54.383605,24.491696],[54.383577,24.491696],[54.383411,24.491891],[54.383563,24.491998]]]}},{"type":"Feature","properties":{},"geometry":{"type":"Polygon","coordinates":[[[54.383368,24.491532],[54.383183,24.491529],[54.383061,24.49167],[54.383254,24.491808],[54.383439,24.491811],[54.383561,24.491671],[54.383368,24.491532]]]}},{"type":"Feature","properties":{},"geometry":{"type":"Polygon","coordinates":[[[54.384675,24.492747],[54.384738,24.492748],[54.384794,24.492692],[54.384719,24.49263],[54.384655,24.492629],[54.384598,24.492598],[54.384616,24.492575],[54.384521,24.492518],[54.384458,24.492517],[54.384427,24.49256],[54.384521,24.492617],[54.384675,24.492747]]]}},{"type":"Feature","properties":{},"geometry":{"type":"Polygon","coordinates":[[[54.383844,24.492911],[54.38388,24.492876],[54.383808,24.492814],[54.383745,24.492813],[54.383709,24.492848],[54.383781,24.49291],[54.383844,24.492911]]]}},{"type":"Feature","properties":{},"geometry":{"type":"Polygon","coordinates":[[[54.383499,24.493598],[54.383815,24.493603],[54.384094,24.493259],[54.383896,24.493114],[54.384181,24.493151],[54.384214,24.492981],[54.383918,24.492943],[54.383886,24.493107],[54.383821,24.493059],[54.383505,24.493054],[54.383214,24.493412],[54.383499,24.493598]]]}},{"type":"Feature","properties":{},"geometry":{"type":"Polygon","coordinates":[[[54.384161,24.494168],[54.384117,24.494224],[54.384075,24.494223],[54.384029,24.494279],[54.384056,24.494298],[54.383931,24.494452],[54.38389,24.494451],[54.383846,24.494506],[54.383873,24.494523],[54.383803,24.494609],[54.384681,24.494915],[54.384944,24.494919],[54.384994,24.49486],[54.384424,24.494173],[54.384161,24.494168]]]}},{"type":"Feature","properties":{},"geometry":{"type":"Polygon","coordinates":[[[54.381935,24.496612],[54.382977,24.497328],[54.383109,24.49733],[54.383138,24.497295],[54.38321,24.497296],[54.383254,24.497243],[54.383208,24.497211],[54.384331,24.495879],[54.384354,24.495879],[54.384415,24.49581],[54.384397,24.495797],[54.384741,24.495408],[54.38472,24.495394],[54.384705,24.495223],[54.384582,24.495138],[54.384547,24.495137],[54.384506,24.49511],[54.383965,24.494905],[54.383927,24.494871],[54.38383,24.494863],[54.383616,24.494783],[54.383484,24.494781],[54.382853,24.495513],[54.382873,24.495526],[54.382851,24.495551],[54.382867,24.495577],[54.382849,24.495601],[54.382787,24.4956],[54.382731,24.495662],[54.382762,24.495696],[54.382741,24.495719],[54.382669,24.495728],[54.381935,24.496612]]]}},{"type":"Feature","properties":{},"geometry":{"type":"Polygon","coordinates":[[[54.384384,24.496474],[54.384556,24.496275],[54.384449,24.496207],[54.384134,24.496202],[54.383887,24.496494],[54.383794,24.496555],[54.383765,24.496652],[54.383826,24.496834],[54.38377,24.496848],[54.383828,24.496962],[54.384144,24.496968],[54.384288,24.496882],[54.384273,24.496863],[54.384418,24.496772],[54.384374,24.496672],[54.384352,24.496563],[54.384384,24.496474]]]}},{"type":"Feature","properties":{},"geometry":{"type":"Polygon","coordinates":[[[54.383737,24.497058],[54.383674,24.497057],[54.383621,24.497122],[54.383685,24.497165],[54.383748,24.497166],[54.383801,24.497102],[54.383737,24.497058]]]}},{"type":"Feature","properties":{},"geometry":{"type":"Polygon","coordinates":[[[54.384183,24.497409],[54.383912,24.497231],[54.383596,24.497226],[54.383377,24.497502],[54.383929,24.497866],[54.384245,24.497871],[54.384331,24.497763],[54.384199,24.497659],[54.384227,24.497624],[54.384086,24.497531],[54.384183,24.497409]]]}},{"type":"Feature","properties":{},"geometry":{"type":"Polygon","coordinates":[[[54.38347,24.503754],[54.383477,24.504343],[54.383302,24.504345],[54.383303,24.504399],[54.383478,24.504397],[54.383478,24.504444],[54.383437,24.504445],[54.383437,24.504477],[54.383408,24.504477],[54.383408,24.504506],[54.383317,24.504507],[54.383321,24.50491],[54.383938,24.504912],[54.383938,24.504858],[54.384021,24.504857],[54.384011,24.504003],[54.383928,24.504002],[54.383925,24.503758],[54.38347,24.503754]]]}},{"type":"Feature","properties":{},"geometry":{"type":"Polygon","coordinates":[[[54.3833,24.511097],[54.383691,24.510685],[54.382997,24.510145],[54.382681,24.51014],[54.3823,24.510555],[54.382984,24.511092],[54.3833,24.511097]]]}},{"type":"Feature","properties":{},"geometry":{"type":"Polygon","coordinates":[[[54.385371,24.48128],[54.385254,24.481278],[54.385106,24.481449],[54.385129,24.481466],[54.385099,24.481466],[54.384951,24.481637],[54.385091,24.481737],[54.385158,24.481738],[54.385306,24.481567],[54.385282,24.48155],[54.385363,24.481551],[54.385511,24.48138],[54.385371,24.48128]]]}},{"type":"Feature","properties":{},"geometry":{"type":"Polygon","coordinates":[[[54.386961,24.48209],[54.386956,24.482029],[54.38669,24.482051],[54.386699,24.482115],[54.386961,24.48209]]]}},{"type":"Feature","properties":{},"geometry":{"type":"Polygon","coordinates":[[[54.389872,24.48239],[54.389809,24.482389],[54.389772,24.482455],[54.389903,24.482514],[54.389966,24.482516],[54.390002,24.482449],[54.389872,24.48239]]]}},{"type":"Feature","properties":{},"geometry":{"type":"Polygon","coordinates":[[[54.387519,24.482332],[54.387203,24.482327],[54.386697,24.482936],[54.387087,24.483209],[54.387403,24.483215],[54.387915,24.482614],[54.387519,24.482332]]]}},{"type":"Feature","properties":{},"geometry":{"type":"Polygon","coordinates":[[[54.390061,24.482756],[54.389997,24.482755],[54.389907,24.482825],[54.389972,24.482894],[54.390035,24.482895],[54.390125,24.482825],[54.390061,24.482756]]]}},{"type":"Feature","properties":{},"geometry":{"type":"Polygon","coordinates":[[[54.387919,24.485113],[54.387843,24.485182],[54.387894,24.485229],[54.387957,24.48523],[54.388033,24.48516],[54.387982,24.485114],[54.387919,24.485113]]]}},{"type":"Feature","properties":{},"geometry":{"type":"Polygon","coordinates":[[[54.389722,24.485746],[54.389678,24.485701],[54.389756,24.485638],[54.389647,24.485526],[54.389584,24.485525],[54.389443,24.485639],[54.389596,24.485795],[54.389659,24.485797],[54.389722,24.485746]]]}},{"type":"Feature","properties":{},"geometry":{"type":"Polygon","coordinates":[[[54.387427,24.486711],[54.387364,24.48671],[54.387265,24.486819],[54.387313,24.486855],[54.387376,24.486856],[54.387473,24.486745],[54.387427,24.486711]]]}},{"type":"Feature","properties":{},"geometry":{"type":"Polygon","coordinates":[[[54.385324,24.48665],[54.385113,24.486646],[54.385057,24.486927],[54.385453,24.486989],[54.385664,24.486992],[54.385727,24.486709],[54.385324,24.48665]]]}},{"type":"Feature","properties":{},"geometry":{"type":"Polygon","coordinates":[[[54.387512,24.486817],[54.387449,24.486816],[54.38738,24.486892],[54.387469,24.486958],[54.387532,24.486959],[54.387602,24.486883],[54.387512,24.486817]]]}},{"type":"Feature","properties":{},"geometry":{"type":"Polygon","coordinates":[[[54.386516,24.486985],[54.386453,24.486984],[54.386339,24.48711],[54.386425,24.487174],[54.386488,24.487175],[54.386607,24.487056],[54.386516,24.486985]]]}},{"type":"Feature","properties":{},"geometry":{"type":"Polygon","coordinates":[[[54.384871,24.487299],[54.384808,24.487298],[54.384731,24.487386],[54.384795,24.48743],[54.384858,24.487431],[54.384936,24.487344],[54.384871,24.487299]]]}},{"type":"Feature","properties":{},"geometry":{"type":"Polygon","coordinates":[[[54.387413,24.487431],[54.387579,24.487416],[54.387569,24.487287],[54.387361,24.487284],[54.387219,24.48717],[54.387258,24.487131],[54.387169,24.48706],[54.386854,24.487055],[54.386515,24.487435],[54.386613,24.487512],[54.386705,24.487513],[54.386809,24.48759],[54.386827,24.48776],[54.387142,24.487765],[54.387286,24.487752],[54.387263,24.487596],[54.387413,24.487431]]]}},{"type":"Feature","properties":{},"geometry":{"type":"Polygon","coordinates":[[[54.38598,24.488851],[54.386116,24.488895],[54.386327,24.488898],[54.386417,24.488675],[54.386455,24.488633],[54.386672,24.488505],[54.386596,24.488391],[54.386488,24.488389],[54.386544,24.488331],[54.386292,24.488148],[54.386082,24.488145],[54.385948,24.4883],[54.385957,24.488307],[54.385883,24.488306],[54.385823,24.488371],[54.385705,24.488286],[54.385777,24.488205],[54.385827,24.488206],[54.385922,24.488104],[54.385879,24.488072],[54.385918,24.488032],[54.385819,24.48796],[54.385837,24.487938],[54.385735,24.487867],[54.38542,24.487862],[54.385398,24.487885],[54.385317,24.487884],[54.385015,24.488232],[54.385171,24.488347],[54.385131,24.488391],[54.38538,24.48857],[54.385696,24.488575],[54.385824,24.488433],[54.386034,24.48859],[54.38608,24.488591],[54.38598,24.488851]]]}},{"type":"Feature","properties":{},"geometry":{"type":"Polygon","coordinates":[[[54.385119,24.488409],[54.385056,24.488408],[54.385027,24.488464],[54.385082,24.488488],[54.385145,24.488489],[54.385174,24.488433],[54.385119,24.488409]]]}},{"type":"Feature","properties":{},"geometry":{"type":"Polygon","coordinates":[[[54.385127,24.488859],[54.385204,24.488767],[54.384967,24.488594],[54.384904,24.488593],[54.384825,24.488689],[54.385064,24.488858],[54.385127,24.488859]]]}},{"type":"Feature","properties":{},"geometry":{"type":"Polygon","coordinates":[[[54.38572,24.488724],[54.38558,24.488884],[54.385827,24.489066],[54.385877,24.489067],[54.385865,24.489079],[54.385908,24.489113],[54.385971,24.489114],[54.386012,24.489072],[54.385969,24.489037],[54.385917,24.489037],[54.386029,24.48891],[54.385961,24.488859],[54.385897,24.488858],[54.385839,24.48892],[54.385774,24.488868],[54.385854,24.488777],[54.385783,24.488725],[54.38572,24.488724]]]}},{"type":"Feature","properties":{},"geometry":{"type":"Polygon","coordinates":[[[54.385137,24.488882],[54.385384,24.489065],[54.385447,24.489066],[54.385587,24.488911],[54.385518,24.488861],[54.385455,24.48886],[54.385399,24.488922],[54.385329,24.488869],[54.385411,24.488779],[54.385339,24.48873],[54.385276,24.488729],[54.385137,24.488882]]]}},{"type":"Feature","properties":{},"geometry":{"type":"Polygon","coordinates":[[[54.385255,24.489139],[54.385328,24.489057],[54.385267,24.489011],[54.38524,24.489011],[54.385251,24.488992],[54.38521,24.488973],[54.385147,24.488972],[54.385098,24.489058],[54.385143,24.489077],[54.38513,24.489092],[54.385192,24.489138],[54.385255,24.489139]]]}},{"type":"Feature","properties":{},"geometry":{"type":"Polygon","coordinates":[[[54.385515,24.48901],[54.385267,24.48929],[54.385379,24.489367],[54.385589,24.489371],[54.385649,24.489302],[54.385666,24.489314],[54.385802,24.489316],[54.385754,24.489381],[54.385825,24.489424],[54.385888,24.489425],[54.38598,24.4893],[54.385922,24.489265],[54.385976,24.489204],[54.385726,24.489013],[54.385515,24.48901]]]}},{"type":"Feature","properties":{},"geometry":{"type":"Polygon","coordinates":[[[54.386401,24.489664],[54.38653,24.489488],[54.386251,24.489312],[54.386041,24.489309],[54.385923,24.489465],[54.386191,24.48966],[54.386401,24.489664]]]}},{"type":"Feature","properties":{},"geometry":{"type":"Polygon","coordinates":[[[54.386128,24.489821],[54.386164,24.489777],[54.385697,24.489448],[54.385634,24.489447],[54.385595,24.48949],[54.386065,24.48982],[54.386128,24.489821]]]}},{"type":"Feature","properties":{},"geometry":{"type":"Polygon","coordinates":[[[54.386295,24.489872],[54.386206,24.489809],[54.386143,24.489808],[54.386108,24.489847],[54.386196,24.489911],[54.386259,24.489912],[54.386295,24.489872]]]}},{"type":"Feature","properties":{},"geometry":{"type":"Polygon","coordinates":[[[54.3869,24.490036],[54.386897,24.490079],[54.387025,24.490083],[54.387028,24.490039],[54.3869,24.490036]]]}},{"type":"Feature","properties":{},"geometry":{"type":"Polygon","coordinates":[[[54.387121,24.490416],[54.387241,24.490278],[54.387018,24.490118],[54.386955,24.490116],[54.386835,24.490257],[54.387058,24.490415],[54.387121,24.490416]]]}},{"type":"Feature","properties":{},"geometry":{"type":"Polygon","coordinates":[[[54.38636,24.490927],[54.386405,24.490857],[54.386367,24.490837],[54.386376,24.490822],[54.386276,24.490768],[54.386213,24.490767],[54.386158,24.490851],[54.386297,24.490926],[54.38636,24.490927]]]}},{"type":"Feature","properties":{},"geometry":{"type":"Polygon","coordinates":[[[54.386267,24.491768],[54.386409,24.491778],[54.386479,24.491694],[54.386369,24.491618],[54.386588,24.4915],[54.386755,24.491302],[54.385657,24.49049],[54.385526,24.490487],[54.384776,24.491378],[54.385747,24.492041],[54.385554,24.492038],[54.385395,24.492238],[54.385487,24.492299],[54.385342,24.492296],[54.385167,24.492504],[54.386085,24.493168],[54.3864,24.493173],[54.386628,24.49258],[54.386314,24.492357],[54.38634,24.492358],[54.386398,24.492256],[54.386368,24.492189],[54.386281,24.4921],[54.386254,24.491934],[54.386254,24.491797],[54.386267,24.491768]]]}},{"type":"Feature","properties":{},"geometry":{"type":"Polygon","coordinates":[[[54.384744,24.491426],[54.38472,24.491473],[54.384771,24.491494],[54.384834,24.491495],[54.384857,24.491447],[54.384807,24.491427],[54.384744,24.491426]]]}},{"type":"Feature","properties":{},"geometry":{"type":"Polygon","coordinates":[[[54.384751,24.491628],[54.384789,24.491592],[54.384729,24.49154],[54.384666,24.491539],[54.384628,24.491576],[54.384688,24.491627],[54.384751,24.491628]]]}},{"type":"Feature","properties":{},"geometry":{"type":"Polygon","coordinates":[[[54.384878,24.491937],[54.384945,24.491856],[54.384637,24.491645],[54.384574,24.491644],[54.384507,24.491724],[54.384551,24.491754],[54.384513,24.491754],[54.384485,24.491787],[54.384767,24.491986],[54.38483,24.491987],[54.384859,24.491953],[54.384834,24.491936],[54.384878,24.491937]]]}},{"type":"Feature","properties":{},"geometry":{"type":"Polygon","coordinates":[[[54.384922,24.492379],[54.385132,24.492383],[54.385212,24.492264],[54.385163,24.492227],[54.385216,24.492228],[54.385269,24.492187],[54.385304,24.492136],[54.385274,24.492119],[54.385342,24.492038],[54.38531,24.492016],[54.385244,24.492018],[54.385213,24.491987],[54.385314,24.491901],[54.385234,24.491823],[54.385171,24.491822],[54.385139,24.491849],[54.385094,24.491848],[54.384938,24.491981],[54.384989,24.492031],[54.384958,24.492031],[54.384895,24.492108],[54.384835,24.492107],[54.384774,24.492154],[54.384704,24.492257],[54.384922,24.492379]]]}},{"type":"Feature","properties":{},"geometry":{"type":"Polygon","coordinates":[[[54.385529,24.491963],[54.385466,24.491961],[54.385403,24.492058],[54.385446,24.492082],[54.385509,24.492083],[54.385573,24.491986],[54.385529,24.491963]]]}},{"type":"Feature","properties":{},"geometry":{"type":"Polygon","coordinates":[[[54.384861,24.492734],[54.384797,24.492733],[54.384751,24.492798],[54.38486,24.492864],[54.384923,24.492865],[54.38497,24.4928],[54.384861,24.492734]]]}},{"type":"Feature","properties":{},"geometry":{"type":"Polygon","coordinates":[[[54.388253,24.492863],[54.388247,24.492885],[54.388222,24.492885],[54.387805,24.493598],[54.387987,24.493667],[54.388303,24.493673],[54.388724,24.492962],[54.388659,24.49285],[54.388635,24.492839],[54.388319,24.492834],[54.388253,24.492863]]]}},{"type":"Feature","properties":{},"geometry":{"type":"Polygon","coordinates":[[[54.386044,24.494186],[54.386201,24.493996],[54.385411,24.493453],[54.384727,24.493442],[54.384327,24.493925],[54.384548,24.494076],[54.385232,24.494087],[54.38536,24.494175],[54.386044,24.494186]]]}},{"type":"Feature","properties":{},"geometry":{"type":"Polygon","coordinates":[[[54.388561,24.493942],[54.388556,24.493905],[54.38838,24.493917],[54.388385,24.493955],[54.388561,24.493942]]]}},{"type":"Feature","properties":{},"geometry":{"type":"Polygon","coordinates":[[[54.389028,24.493564],[54.389049,24.494002],[54.389139,24.494073],[54.389101,24.494112],[54.389134,24.494774],[54.389223,24.494776],[54.389231,24.494932],[54.389658,24.494932],[54.389623,24.494213],[54.390486,24.49412],[54.390437,24.493766],[54.390121,24.493761],[54.38955,24.493826],[54.389546,24.493746],[54.389493,24.493703],[54.389532,24.493701],[54.38953,24.493652],[54.389428,24.493651],[54.389423,24.493563],[54.389028,24.493564]]]}},{"type":"Feature","properties":{},"geometry":{"type":"Polygon","coordinates":[[[54.38825,24.494299],[54.38847,24.494303],[54.388545,24.49412],[54.388408,24.494075],[54.388434,24.493979],[54.388376,24.493965],[54.388313,24.493964],[54.388293,24.494037],[54.388138,24.493985],[54.387649,24.493977],[54.387358,24.494681],[54.387698,24.49491],[54.388188,24.494918],[54.388316,24.494746],[54.388117,24.494624],[54.38825,24.494299]]]}},{"type":"Feature","properties":{},"geometry":{"type":"Polygon","coordinates":[[[54.385435,24.494825],[54.385467,24.494784],[54.385389,24.494735],[54.385326,24.494734],[54.385312,24.494751],[54.385269,24.494751],[54.385134,24.494926],[54.385224,24.494996],[54.385311,24.49504],[54.385374,24.495041],[54.385506,24.49487],[54.385435,24.494825]]]}},{"type":"Feature","properties":{},"geometry":{"type":"Polygon","coordinates":[[[54.388359,24.495691],[54.388146,24.495705],[54.388159,24.495814],[54.388233,24.495814],[54.388239,24.495869],[54.38856,24.495845],[54.388548,24.495748],[54.388466,24.495749],[54.388461,24.49571],[54.388361,24.495713],[54.388359,24.495691]]]}},{"type":"Feature","properties":{},"geometry":{"type":"Polygon","coordinates":[[[54.387982,24.496766],[54.388732,24.496683],[54.38864,24.49599],[54.388325,24.495985],[54.387574,24.496068],[54.387666,24.49676],[54.387982,24.496766]]]}},{"type":"Feature","properties":{},"geometry":{"type":"Polygon","coordinates":[[[54.386584,24.497755],[54.386624,24.497755],[54.386643,24.497912],[54.386615,24.497915],[54.386626,24.498009],[54.386667,24.49801],[54.38671,24.49836],[54.386674,24.498363],[54.386683,24.498432],[54.386731,24.498433],[54.386772,24.498766],[54.386825,24.498767],[54.387197,24.49873],[54.387178,24.498569],[54.387378,24.498549],[54.387354,24.498343],[54.387835,24.498308],[54.387819,24.498173],[54.38791,24.498164],[54.387918,24.498223],[54.388442,24.498231],[54.388592,24.498216],[54.388589,24.4982],[54.388837,24.498187],[54.388816,24.498018],[54.388913,24.498008],[54.388838,24.497436],[54.389286,24.497393],[54.389277,24.497313],[54.389298,24.497311],[54.389276,24.497118],[54.38925,24.497118],[54.389241,24.497041],[54.388926,24.497036],[54.388788,24.497049],[54.388781,24.496997],[54.388649,24.496995],[54.387776,24.497079],[54.387604,24.497104],[54.387614,24.49719],[54.387206,24.497222],[54.387184,24.497053],[54.387342,24.497035],[54.387328,24.496928],[54.38717,24.496942],[54.387071,24.496189],[54.38694,24.496187],[54.386709,24.496212],[54.386851,24.497281],[54.38657,24.497309],[54.386579,24.497389],[54.38654,24.497392],[54.386584,24.497755]]]}},{"type":"Feature","properties":{},"geometry":{"type":"Polygon","coordinates":[[[54.384484,24.497103],[54.384421,24.497102],[54.384347,24.497196],[54.384416,24.497242],[54.384479,24.497243],[54.384554,24.497148],[54.384484,24.497103]]]}},{"type":"Feature","properties":{},"geometry":{"type":"Polygon","coordinates":[[[54.389542,24.49766],[54.389549,24.497806],[54.389813,24.497795],[54.389806,24.497624],[54.389747,24.497623],[54.389746,24.497602],[54.389601,24.497604],[54.389604,24.497657],[54.389542,24.49766]]]}},{"type":"Feature","properties":{},"geometry":{"type":"Polygon","coordinates":[[[54.38688,24.498867],[54.386647,24.498885],[54.386653,24.498939],[54.386884,24.498922],[54.38688,24.498867]]]}},{"type":"Feature","properties":{},"geometry":{"type":"Polygon","coordinates":[[[54.389481,24.499086],[54.388005,24.4992],[54.388014,24.49928],[54.387727,24.499275],[54.386775,24.499375],[54.386768,24.499506],[54.386877,24.499783],[54.386944,24.499887],[54.387235,24.500209],[54.387459,24.500387],[54.387532,24.500461],[54.388096,24.500864],[54.387919,24.500905],[54.388012,24.50105],[54.388047,24.501141],[54.388126,24.501142],[54.388222,24.501048],[54.388287,24.501578],[54.388191,24.501493],[54.388112,24.501492],[54.38812,24.501571],[54.388053,24.501752],[54.388156,24.501762],[54.388134,24.501871],[54.387957,24.502061],[54.387908,24.50206],[54.387837,24.502137],[54.387875,24.50216],[54.387597,24.502492],[54.387626,24.502521],[54.387613,24.502521],[54.387477,24.502822],[54.387584,24.502858],[54.387665,24.503036],[54.387577,24.503046],[54.387576,24.503105],[54.387363,24.503126],[54.387339,24.50325],[54.387672,24.503256],[54.387675,24.503391],[54.388433,24.503403],[54.388941,24.503223],[54.390034,24.503109],[54.389966,24.502568],[54.390332,24.502528],[54.390406,24.5031],[54.390521,24.503101],[54.391273,24.503038],[54.391216,24.502524],[54.391534,24.502482],[54.391096,24.498845],[54.39098,24.498843],[54.389877,24.498968],[54.389968,24.499683],[54.389549,24.499721],[54.389481,24.499086]],[[54.389988,24.499856],[54.390037,24.500238],[54.389427,24.500228],[54.389417,24.500121],[54.389144,24.500116],[54.389131,24.500013],[54.389576,24.499973],[54.389568,24.499897],[54.389988,24.499856]],[[54.389777,24.502174],[54.389763,24.502054],[54.389735,24.502053],[54.389732,24.502032],[54.390269,24.502041],[54.390312,24.502373],[54.389946,24.502409],[54.389929,24.502278],[54.389754,24.502287],[54.389742,24.502177],[54.389777,24.502174]],[[54.389685,24.501313],[54.389764,24.501314],[54.389726,24.500934],[54.389647,24.500933],[54.389449,24.50104],[54.389401,24.501043],[54.389287,24.500968],[54.389265,24.500795],[54.389337,24.500796],[54.38934,24.500815],[54.390113,24.500828],[54.390194,24.501461],[54.389594,24.501451],[54.389464,24.501461],[54.389467,24.501497],[54.389383,24.501503],[54.389374,24.501407],[54.389435,24.501287],[54.389508,24.501257],[54.389579,24.501265],[54.389685,24.501313]],[[54.388149,24.500122],[54.388825,24.500059],[54.388827,24.500076],[54.388153,24.500154],[54.388149,24.500122]],[[54.388579,24.503074],[54.388563,24.503033],[54.388127,24.503026],[54.38801,24.502752],[54.388219,24.502393],[54.388763,24.502342],[54.389121,24.502348],[54.389458,24.502318],[54.388637,24.502403],[54.388722,24.503077],[54.388579,24.503074]]]}},{"type":"Feature","properties":{},"geometry":{"type":"Polygon","coordinates":[[[54.389304,24.503323],[54.389305,24.50327],[54.389134,24.503267],[54.389133,24.50332],[54.389304,24.503323]]]}},{"type":"Feature","properties":{},"geometry":{"type":"Polygon","coordinates":[[[54.389022,24.503354],[54.389015,24.503304],[54.388737,24.503327],[54.388744,24.503378],[54.389022,24.503354]]]}},{"type":"Feature","properties":{},"geometry":{"type":"Polygon","coordinates":[[[54.388123,24.503633],[54.388111,24.503591],[54.387984,24.503605],[54.387995,24.503646],[54.388123,24.503633]]]}},{"type":"Feature","properties":{},"geometry":{"type":"Polygon","coordinates":[[[54.387543,24.504018],[54.387588,24.504012],[54.387582,24.50397],[54.3874,24.503984],[54.387407,24.504026],[54.38749,24.504025],[54.387493,24.504101],[54.387621,24.504099],[54.387617,24.504019],[54.387543,24.504018]]]}},{"type":"Feature","properties":{},"geometry":{"type":"Polygon","coordinates":[[[54.387477,24.504081],[54.387469,24.504035],[54.387362,24.50404],[54.38737,24.504086],[54.387477,24.504081]]]}},{"type":"Feature","properties":{},"geometry":{"type":"Polygon","coordinates":[[[54.389315,24.507056],[54.389311,24.507022],[54.389152,24.507028],[54.389156,24.507062],[54.389315,24.507056]]]}},{"type":"Feature","properties":{},"geometry":{"type":"Polygon","coordinates":[[[54.39058,24.482459],[54.390563,24.482582],[54.39076,24.482595],[54.390781,24.482473],[54.39058,24.482459]]]}},{"type":"Feature","properties":{},"geometry":{"type":"Polygon","coordinates":[[[54.391255,24.482841],[54.391191,24.482839],[54.39115,24.482902],[54.391195,24.482925],[54.391258,24.482926],[54.391276,24.482897],[54.391406,24.482946],[54.391334,24.483069],[54.391119,24.482943],[54.391056,24.482942],[54.390997,24.483025],[54.391238,24.483168],[54.391276,24.483168],[54.391503,24.483283],[54.391713,24.483286],[54.39179,24.483163],[54.3917,24.483099],[54.391758,24.483004],[54.391878,24.483006],[54.391952,24.482886],[54.39172,24.482773],[54.391509,24.482769],[54.391497,24.48279],[54.391258,24.482681],[54.391201,24.48268],[54.391212,24.482661],[54.391126,24.482621],[54.391091,24.482621],[54.391098,24.482608],[54.391005,24.482566],[54.390942,24.482565],[54.390825,24.482772],[54.390912,24.482816],[54.390953,24.482817],[54.390947,24.482828],[54.391028,24.482867],[54.391091,24.482868],[54.391159,24.482752],[54.391256,24.482798],[54.391247,24.482816],[54.391264,24.482825],[54.391255,24.482841]]]}},{"type":"Feature","properties":{},"geometry":{"type":"Polygon","coordinates":[[[54.390773,24.482874],[54.390829,24.482793],[54.390581,24.482655],[54.390518,24.482654],[54.390461,24.482735],[54.39071,24.482873],[54.390773,24.482874]]]}},{"type":"Feature","properties":{},"geometry":{"type":"Polygon","coordinates":[[[54.392282,24.483312],[54.392375,24.483354],[54.392438,24.483356],[54.392539,24.483181],[54.392442,24.483135],[54.392377,24.483139],[54.392322,24.483115],[54.392344,24.483078],[54.392237,24.483028],[54.392169,24.483036],[54.392105,24.483007],[54.392042,24.483006],[54.392022,24.483043],[54.392118,24.483089],[54.392172,24.48309],[54.392259,24.483127],[54.392207,24.483218],[54.392261,24.483243],[54.392319,24.483244],[54.392282,24.483312]]]}},{"type":"Feature","properties":{},"geometry":{"type":"Polygon","coordinates":[[[54.39169,24.483428],[54.391595,24.483388],[54.391532,24.483387],[54.391516,24.483417],[54.391612,24.483457],[54.391675,24.483458],[54.39169,24.483428]]]}},{"type":"Feature","properties":{},"geometry":{"type":"Polygon","coordinates":[[[54.391478,24.483596],[54.391534,24.483597],[54.391618,24.483501],[54.391434,24.483362],[54.391224,24.483358],[54.391015,24.483564],[54.39122,24.483711],[54.391243,24.483711],[54.391186,24.48376],[54.391324,24.483896],[54.391387,24.483897],[54.391474,24.483821],[54.391365,24.483713],[54.391431,24.483714],[54.39151,24.483622],[54.391478,24.483596]]]}},{"type":"Feature","properties":{},"geometry":{"type":"Polygon","coordinates":[[[54.390862,24.484564],[54.390953,24.484486],[54.390834,24.48437],[54.390771,24.484369],[54.39068,24.484447],[54.390799,24.484563],[54.390862,24.484564]]]}},{"type":"Feature","properties":{},"geometry":{"type":"Polygon","coordinates":[[[54.394095,24.487756],[54.394113,24.487773],[54.394066,24.487813],[54.394198,24.487939],[54.394521,24.488303],[54.394683,24.488306],[54.394793,24.488419],[54.395535,24.488431],[54.395568,24.488405],[54.39571,24.488407],[54.395927,24.488231],[54.395853,24.488156],[54.395951,24.488077],[54.395778,24.487901],[54.395352,24.487894],[54.395142,24.487593],[54.39576,24.487603],[54.396143,24.487262],[54.396111,24.487232],[54.396029,24.487199],[54.395918,24.487187],[54.395144,24.487174],[54.395019,24.487192],[54.39497,24.487235],[54.395012,24.487275],[54.394877,24.487394],[54.39483,24.487347],[54.39462,24.487343],[54.394593,24.487365],[54.394555,24.487364],[54.394369,24.487515],[54.394455,24.487603],[54.394275,24.4876],[54.394095,24.487756]]]}},{"type":"Feature","properties":{},"geometry":{"type":"Polygon","coordinates":[[[54.392463,24.488988],[54.392656,24.489084],[54.392839,24.489252],[54.392886,24.489319],[54.392965,24.48932],[54.39326,24.489202],[54.393272,24.489275],[54.393351,24.489277],[54.393882,24.489207],[54.393829,24.488871],[54.39375,24.488869],[54.393234,24.488937],[54.393177,24.488907],[54.393122,24.488847],[54.393096,24.488787],[54.393089,24.488723],[54.393103,24.488659],[54.393136,24.488602],[54.393185,24.488556],[54.39326,24.488519],[54.393786,24.488473],[54.393728,24.487918],[54.392872,24.487985],[54.392909,24.488341],[54.392675,24.48863],[54.392562,24.488576],[54.392393,24.488535],[54.392314,24.488534],[54.392299,24.488608],[54.392215,24.488605],[54.392125,24.48894],[54.392304,24.488949],[54.392463,24.488988]]]}},{"type":"Feature","properties":{},"geometry":{"type":"Polygon","coordinates":[[[54.395239,24.488853],[54.395229,24.488767],[54.394508,24.488755],[54.394327,24.488773],[54.394339,24.488873],[54.39419,24.488888],[54.394231,24.489235],[54.394386,24.489238],[54.394398,24.489338],[54.395119,24.489349],[54.395306,24.489331],[54.395292,24.489218],[54.395385,24.489209],[54.395342,24.488855],[54.395239,24.488853]]]}},{"type":"Feature","properties":{},"geometry":{"type":"Polygon","coordinates":[[[54.395322,24.489583],[54.395312,24.489495],[54.394592,24.489484],[54.39441,24.489501],[54.394421,24.489601],[54.394271,24.489615],[54.394312,24.489967],[54.394467,24.489969],[54.394481,24.490096],[54.395202,24.490108],[54.39539,24.49009],[54.395373,24.489945],[54.395466,24.489936],[54.395425,24.489585],[54.395322,24.489583]]]}},{"type":"Feature","properties":{},"geometry":{"type":"Polygon","coordinates":[[[54.392382,24.490935],[54.392455,24.490871],[54.392504,24.490871],[54.39257,24.490997],[54.392648,24.490998],[54.393,24.490952],[54.393301,24.49113],[54.39338,24.491131],[54.393428,24.491067],[54.393474,24.491116],[54.393566,24.49117],[54.393672,24.491195],[54.393754,24.491194],[54.393469,24.491541],[54.392934,24.491532],[54.39246,24.491593],[54.392547,24.492146],[54.39343,24.492161],[54.393847,24.492107],[54.393868,24.491952],[54.395095,24.490484],[54.394924,24.490371],[54.394655,24.490384],[54.394497,24.490409],[54.394352,24.490468],[54.394097,24.490778],[54.394064,24.490705],[54.393991,24.490627],[54.393895,24.490574],[54.393795,24.490554],[54.393919,24.490495],[54.394057,24.490319],[54.39397,24.489815],[54.39358,24.489841],[54.393316,24.489691],[54.392995,24.489698],[54.392899,24.490086],[54.392856,24.490178],[54.392771,24.490282],[54.392729,24.490281],[54.392598,24.490361],[54.392349,24.490475],[54.392143,24.490511],[54.392008,24.490511],[54.391814,24.490466],[54.391736,24.490465],[54.391721,24.490502],[54.391735,24.490577],[54.3917,24.4906],[54.391651,24.49071],[54.391724,24.490779],[54.391942,24.490822],[54.392303,24.490933],[54.392382,24.490935]]]}},{"type":"Feature","properties":{},"geometry":{"type":"Polygon","coordinates":[[[54.392169,24.491164],[54.39221,24.49149],[54.392525,24.491495],[54.392818,24.491465],[54.392803,24.491347],[54.393211,24.491305],[54.393185,24.491096],[54.392869,24.491091],[54.392169,24.491164]]]}},{"type":"Feature","properties":{},"geometry":{"type":"Polygon","coordinates":[[[54.394995,24.491853],[54.395085,24.491855],[54.395112,24.491874],[54.394529,24.491865],[54.394395,24.492033],[54.394417,24.492047],[54.393984,24.49204],[54.393805,24.492246],[54.394047,24.492419],[54.394137,24.49242],[54.394184,24.492454],[54.394994,24.492468],[54.395095,24.492351],[54.395,24.492282],[54.395039,24.492238],[54.395357,24.492244],[54.395381,24.492212],[54.395525,24.492215],[54.3956,24.492121],[54.395525,24.492071],[54.395589,24.491991],[54.395441,24.491894],[54.395906,24.491901],[54.396007,24.491784],[54.395912,24.491716],[54.395955,24.491667],[54.395705,24.491487],[54.394932,24.491475],[54.394754,24.49168],[54.394995,24.491853]]]}},{"type":"Feature","properties":{},"geometry":{"type":"Polygon","coordinates":[[[54.393188,24.492879],[54.39377,24.492801],[54.393707,24.492415],[54.392808,24.492401],[54.392226,24.492479],[54.392288,24.492864],[54.393188,24.492879]]]}},{"type":"Feature","properties":{},"geometry":{"type":"Polygon","coordinates":[[[54.39065,24.492772],[54.390587,24.492771],[54.390399,24.492942],[54.390505,24.493039],[54.390568,24.49304],[54.390756,24.492869],[54.39065,24.492772]]]}},{"type":"Feature","properties":{},"geometry":{"type":"Polygon","coordinates":[[[54.393345,24.49473],[54.393555,24.494734],[54.393824,24.494702],[54.393793,24.494486],[54.393731,24.494485],[54.393725,24.494445],[54.393515,24.494441],[54.393367,24.494459],[54.393371,24.494483],[54.39331,24.49449],[54.393345,24.49473]]]}},{"type":"Feature","properties":{},"geometry":{"type":"Polygon","coordinates":[[[54.394055,24.496014],[54.394179,24.495999],[54.394385,24.495816],[54.394601,24.495791],[54.394516,24.495182],[54.3942,24.495176],[54.393632,24.495242],[54.393643,24.495317],[54.393572,24.495316],[54.392676,24.495443],[54.392741,24.49608],[54.393057,24.496086],[54.393113,24.496043],[54.393736,24.495981],[54.393739,24.496008],[54.394055,24.496014]]]}},{"type":"Feature","properties":{},"geometry":{"type":"Polygon","coordinates":[[[54.390173,24.496107],[54.390205,24.496364],[54.39052,24.496369],[54.390705,24.49635],[54.390701,24.496243],[54.390763,24.496237],[54.390749,24.496121],[54.390943,24.496101],[54.390891,24.495682],[54.390576,24.495677],[54.390226,24.495712],[54.390227,24.495726],[54.390109,24.495729],[54.390113,24.495837],[54.390241,24.495836],[54.390264,24.496025],[54.390147,24.496033],[54.390156,24.496107],[54.390173,24.496107]]]}},{"type":"Feature","properties":{},"geometry":{"type":"Polygon","coordinates":[[[54.390018,24.495914],[54.389998,24.495808],[54.389841,24.495821],[54.389862,24.495928],[54.390018,24.495914]]]}},{"type":"Feature","properties":{},"geometry":{"type":"Polygon","coordinates":[[[54.391726,24.497014],[54.391725,24.496975],[54.391422,24.496985],[54.391421,24.497019],[54.391726,24.497014]]]}},{"type":"Feature","properties":{},"geometry":{"type":"Polygon","coordinates":[[[54.391733,24.497119],[54.391725,24.497081],[54.391607,24.49709],[54.391615,24.497128],[54.391733,24.497119]]]}},{"type":"Feature","properties":{},"geometry":{"type":"Polygon","coordinates":[[[54.391367,24.497147],[54.391372,24.497053],[54.391186,24.49705],[54.391184,24.497144],[54.391367,24.497147]]]}},{"type":"Feature","properties":{},"geometry":{"type":"Polygon","coordinates":[[[54.394542,24.496821],[54.39431,24.497106],[54.39439,24.49739],[54.394641,24.497508],[54.394957,24.497513],[54.395084,24.497447],[54.395201,24.497353],[54.39519,24.497279],[54.395233,24.497216],[54.395313,24.497177],[54.395346,24.497119],[54.394858,24.496827],[54.394542,24.496821]]]}},{"type":"Feature","properties":{},"geometry":{"type":"Polygon","coordinates":[[[54.391232,24.497178],[54.39123,24.497241],[54.391406,24.497245],[54.391408,24.497182],[54.391232,24.497178]]]}},{"type":"Feature","properties":{},"geometry":{"type":"Polygon","coordinates":[[[54.391568,24.49818],[54.392366,24.498193],[54.392782,24.498174],[54.39275,24.497955],[54.392374,24.497829],[54.391505,24.497815],[54.391368,24.497883],[54.391403,24.498115],[54.390929,24.498107],[54.389896,24.498215],[54.389941,24.498568],[54.390572,24.498579],[54.391605,24.498472],[54.391568,24.49818]]]}},{"type":"Feature","properties":{},"geometry":{"type":"Polygon","coordinates":[[[54.393313,24.498116],[54.39331,24.498197],[54.393415,24.498199],[54.393418,24.498118],[54.393313,24.498116]]]}},{"type":"Feature","properties":{},"geometry":{"type":"Polygon","coordinates":[[[54.393466,24.49866],[54.393621,24.499665],[54.393937,24.49967],[54.395685,24.499476],[54.395575,24.498669],[54.395451,24.498548],[54.395136,24.498542],[54.393466,24.49866]]]}},{"type":"Feature","properties":{},"geometry":{"type":"Polygon","coordinates":[[[54.395,24.500445],[54.394979,24.500331],[54.394869,24.500337],[54.39489,24.500451],[54.395,24.500445]]]}},{"type":"Feature","properties":{},"geometry":{"type":"Polygon","coordinates":[[[54.392099,24.50073],[54.391889,24.500727],[54.391623,24.500751],[54.39166,24.500999],[54.391871,24.501002],[54.392132,24.500973],[54.392099,24.50073]]]}},{"type":"Feature","properties":{},"geometry":{"type":"Polygon","coordinates":[[[54.392254,24.503671],[54.392246,24.503622],[54.392091,24.503633],[54.392099,24.503682],[54.392254,24.503671]]]}},{"type":"Feature","properties":{},"geometry":{"type":"Polygon","coordinates":[[[54.392618,24.503812],[54.392617,24.503763],[54.392463,24.503763],[54.392463,24.503812],[54.392618,24.503812]]]}},{"type":"Feature","properties":{},"geometry":{"type":"Polygon","coordinates":[[[54.392337,24.503832],[54.392331,24.50373],[54.392105,24.503737],[54.392111,24.503839],[54.392337,24.503832]]]}},{"type":"Feature","properties":{},"geometry":{"type":"Polygon","coordinates":[[[54.392179,24.504131],[54.392169,24.503973],[54.392198,24.504226],[54.39209,24.504227],[54.392098,24.504395],[54.392211,24.504394],[54.392206,24.50429],[54.392222,24.504432],[54.39254,24.504425],[54.392537,24.504404],[54.392567,24.504402],[54.39256,24.504304],[54.392655,24.504286],[54.392643,24.50425],[54.392557,24.504255],[54.392551,24.504166],[54.39251,24.504165],[54.392505,24.50412],[54.392653,24.504103],[54.392621,24.503882],[54.392347,24.503906],[54.392349,24.503918],[54.392164,24.503927],[54.392166,24.503939],[54.392054,24.50394],[54.392065,24.504132],[54.392179,24.504131]]]}},{"type":"Feature","properties":{},"geometry":{"type":"Polygon","coordinates":[[[54.392421,24.504775],[54.392863,24.504731],[54.39283,24.504456],[54.39262,24.504452],[54.392177,24.504496],[54.39221,24.504771],[54.392421,24.504775]]]}},{"type":"Feature","properties":{},"geometry":{"type":"Polygon","coordinates":[[[54.392299,24.504939],[54.392291,24.504859],[54.392173,24.504863],[54.392181,24.504943],[54.392299,24.504939]]]}},{"type":"Feature","properties":{},"geometry":{"type":"Polygon","coordinates":[[[54.392655,24.505064],[54.392626,24.504816],[54.392452,24.504825],[54.392482,24.505074],[54.392655,24.505064]]]}},{"type":"Feature","properties":{},"geometry":{"type":"Polygon","coordinates":[[[54.392498,24.505192],[54.392495,24.505082],[54.392319,24.505083],[54.392319,24.505104],[54.392208,24.505104],[54.392211,24.505213],[54.392332,24.505213],[54.392332,24.505193],[54.392498,24.505192]]]}},{"type":"Feature","properties":{},"geometry":{"type":"Polygon","coordinates":[[[54.392983,24.505639],[54.392947,24.505139],[54.392522,24.505149],[54.392558,24.505648],[54.392983,24.505639]]]}},{"type":"Feature","properties":{},"geometry":{"type":"Polygon","coordinates":[[[54.390204,24.505208],[54.389795,24.505218],[54.389804,24.505338],[54.389699,24.505341],[54.389702,24.50538],[54.38964,24.505384],[54.389658,24.505614],[54.389826,24.505609],[54.389842,24.505811],[54.390267,24.5058],[54.39024,24.505459],[54.390223,24.505459],[54.390204,24.505208]]]}},{"type":"Feature","properties":{},"geometry":{"type":"Polygon","coordinates":[[[54.391928,24.506848],[54.391923,24.506802],[54.39177,24.50681],[54.391776,24.506856],[54.391928,24.506848]]]}},{"type":"Feature","properties":{},"geometry":{"type":"Polygon","coordinates":[[[54.392151,24.506847],[54.391978,24.506869],[54.392001,24.506959],[54.39213,24.506946],[54.392118,24.506898],[54.392161,24.506889],[54.392151,24.506847]]]}},{"type":"Feature","properties":{},"geometry":{"type":"Polygon","coordinates":[[[54.391987,24.506954],[54.391979,24.506893],[54.39188,24.506896],[54.391888,24.506957],[54.391987,24.506954]]]}},{"type":"Feature","properties":{},"geometry":{"type":"Polygon","coordinates":[[[54.392952,24.507128],[54.392926,24.506786],[54.39253,24.506794],[54.392556,24.507137],[54.392952,24.507128]]]}},{"type":"Feature","properties":{},"geometry":{"type":"Polygon","coordinates":[[[54.392005,24.507143],[54.392003,24.507054],[54.391814,24.507055],[54.391816,24.507144],[54.392005,24.507143]]]}},{"type":"Feature","properties":{},"geometry":{"type":"Polygon","coordinates":[[[54.393055,24.507207],[54.393048,24.507153],[54.392904,24.50716],[54.392911,24.507214],[54.393055,24.507207]]]}},{"type":"Feature","properties":{},"geometry":{"type":"Polygon","coordinates":[[[54.391751,24.507494],[54.392155,24.507469],[54.392145,24.507331],[54.391934,24.507327],[54.391531,24.507352],[54.391541,24.50749],[54.391751,24.507494]]]}},{"type":"Feature","properties":{},"geometry":{"type":"Polygon","coordinates":[[[54.391242,24.507512],[54.391243,24.507432],[54.391047,24.507429],[54.391046,24.50751],[54.391242,24.507512]]]}},{"type":"Feature","properties":{},"geometry":{"type":"Polygon","coordinates":[[[54.393104,24.508696],[54.393103,24.508707],[54.39297,24.508709],[54.39297,24.508739],[54.393279,24.508735],[54.39328,24.508701],[54.393104,24.508696]]]}},{"type":"Feature","properties":{},"geometry":{"type":"Polygon","coordinates":[[[54.393505,24.509447],[54.393388,24.509507],[54.393445,24.509473],[54.393397,24.509407],[54.393334,24.509406],[54.393287,24.509433],[54.393323,24.509483],[54.393096,24.509587],[54.393144,24.509669],[54.393213,24.509666],[54.393287,24.509787],[54.393603,24.509792],[54.393941,24.509621],[54.393928,24.509601],[54.394111,24.509509],[54.393879,24.50913],[54.39372,24.509128],[54.393718,24.509095],[54.393604,24.509096],[54.393606,24.509126],[54.393563,24.509125],[54.393369,24.509224],[54.393382,24.509245],[54.393317,24.509272],[54.393434,24.509442],[54.393505,24.509447]]]}},{"type":"Feature","properties":{},"geometry":{"type":"Polygon","coordinates":[[[54.39414,24.509895],[54.394236,24.509853],[54.394191,24.509766],[54.394158,24.509766],[54.394182,24.509752],[54.394122,24.509661],[54.394105,24.509661],[54.394115,24.509656],[54.394081,24.509607],[54.394018,24.509606],[54.393978,24.509629],[54.394012,24.509678],[54.394027,24.509678],[54.394017,24.509683],[54.394078,24.509774],[54.394106,24.509775],[54.394031,24.509807],[54.394077,24.509894],[54.39414,24.509895]]]}},{"type":"Feature","properties":{},"geometry":{"type":"Polygon","coordinates":[[[54.393084,24.509698],[54.393021,24.509696],[54.392992,24.509738],[54.393063,24.509778],[54.393126,24.509779],[54.393154,24.509738],[54.393084,24.509698]]]}},{"type":"Feature","properties":{},"geometry":{"type":"Polygon","coordinates":[[[54.393979,24.509986],[54.393974,24.509951],[54.393869,24.509955],[54.393874,24.509991],[54.393979,24.509986]]]}},{"type":"Feature","properties":{},"geometry":{"type":"Polygon","coordinates":[[[54.394225,24.510094],[54.394168,24.510149],[54.394131,24.51008],[54.394073,24.510079],[54.394258,24.509999],[54.394227,24.509939],[54.394163,24.509938],[54.393848,24.510074],[54.393867,24.51011],[54.393764,24.510129],[54.393786,24.510183],[54.393849,24.510184],[54.393908,24.510164],[54.393896,24.510134],[54.393942,24.510135],[54.393992,24.510113],[54.394036,24.510193],[54.394099,24.510194],[54.394162,24.510166],[54.394253,24.510242],[54.394316,24.510243],[54.394414,24.510147],[54.394353,24.510096],[54.394225,24.510094]]]}},{"type":"Feature","properties":{},"geometry":{"type":"Polygon","coordinates":[[[54.406571,24.479992],[54.406745,24.4799],[54.406688,24.479811],[54.406591,24.479809],[54.406492,24.479653],[54.406176,24.479648],[54.405927,24.479779],[54.405983,24.479867],[54.405776,24.479976],[54.405813,24.480035],[54.405737,24.480075],[54.4058,24.480173],[54.405821,24.480174],[54.405905,24.480306],[54.406221,24.480311],[54.406639,24.4801],[54.406571,24.479992]]]}},{"type":"Feature","properties":{},"geometry":{"type":"Polygon","coordinates":[[[54.406835,24.479936],[54.406771,24.479935],[54.406679,24.480012],[54.406743,24.480076],[54.406806,24.480077],[54.406899,24.480001],[54.406835,24.479936]]]}},{"type":"Feature","properties":{},"geometry":{"type":"Polygon","coordinates":[[[54.406349,24.480324],[54.406304,24.480385],[54.406192,24.480475],[54.406104,24.480529],[54.406136,24.480569],[54.406187,24.480569],[54.406214,24.480596],[54.406291,24.480598],[54.406437,24.480741],[54.406647,24.480745],[54.406793,24.480622],[54.406608,24.48044],[54.406552,24.480439],[54.406532,24.480418],[54.406542,24.480404],[54.406496,24.480376],[54.406547,24.480377],[54.406586,24.480298],[54.406467,24.48025],[54.406404,24.480249],[54.406367,24.480324],[54.406349,24.480324]],[[54.406288,24.480508],[54.4063,24.480499],[54.406306,24.480509],[54.406288,24.480508]]]}},{"type":"Feature","properties":{},"geometry":{"type":"Polygon","coordinates":[[[54.405763,24.480498],[54.405838,24.480461],[54.405811,24.480416],[54.405748,24.480415],[54.405672,24.480452],[54.405699,24.480497],[54.405763,24.480498]]]}},{"type":"Feature","properties":{},"geometry":{"type":"Polygon","coordinates":[[[54.405682,24.480542],[54.40551,24.480539],[54.405488,24.480515],[54.405173,24.48051],[54.405093,24.480568],[54.404982,24.480566],[54.404751,24.480736],[54.404947,24.480958],[54.405263,24.480963],[54.405422,24.480862],[54.405445,24.480862],[54.405548,24.480787],[54.405705,24.480789],[54.405824,24.480702],[54.405682,24.480542]]]}},{"type":"Feature","properties":{},"geometry":{"type":"Polygon","coordinates":[[[54.404668,24.48116],[54.404721,24.481161],[54.404777,24.481137],[54.40476,24.481103],[54.404697,24.481102],[54.404646,24.481123],[54.404598,24.481041],[54.404282,24.481036],[54.403673,24.48131],[54.403917,24.481584],[54.404232,24.481589],[54.404761,24.481319],[54.404668,24.48116]]]}},{"type":"Feature","properties":{},"geometry":{"type":"Polygon","coordinates":[[[54.405287,24.48226],[54.405336,24.482344],[54.405369,24.482344],[54.405417,24.48244],[54.40589,24.482447],[54.406125,24.482332],[54.406095,24.48223],[54.406063,24.48223],[54.406056,24.482199],[54.406354,24.482204],[54.406594,24.482054],[54.406503,24.481956],[54.406702,24.481959],[54.406929,24.481812],[54.406717,24.481525],[54.406652,24.481413],[54.406178,24.481406],[54.406001,24.481509],[54.405923,24.481577],[54.405978,24.481641],[54.405846,24.481639],[54.405621,24.481752],[54.40558,24.481799],[54.405601,24.481854],[54.405649,24.481896],[54.405398,24.481892],[54.40529,24.481997],[54.405261,24.482119],[54.405287,24.48226]]]}},{"type":"Feature","properties":{},"geometry":{"type":"Polygon","coordinates":[[[54.406206,24.482728],[54.406397,24.48263],[54.406708,24.483103],[54.406918,24.483107],[54.407094,24.483011],[54.40676,24.482502],[54.406587,24.482499],[54.406549,24.482447],[54.406485,24.482446],[54.40631,24.482553],[54.406318,24.482564],[54.406107,24.48267],[54.406143,24.482727],[54.406206,24.482728]]]}},{"type":"Feature","properties":{},"geometry":{"type":"Polygon","coordinates":[[[54.4032,24.483398],[54.403126,24.483181],[54.40336,24.483048],[54.403184,24.482708],[54.402859,24.482272],[54.402754,24.48227],[54.4025,24.482373],[54.402468,24.482357],[54.402482,24.482244],[54.402291,24.482238],[54.401421,24.483154],[54.401422,24.483271],[54.401463,24.483334],[54.401638,24.483375],[54.401743,24.483376],[54.401941,24.483291],[54.402253,24.483207],[54.40257,24.483215],[54.403095,24.483396],[54.4032,24.483398]]]}},{"type":"Feature","properties":{},"geometry":{"type":"Polygon","coordinates":[[[54.405126,24.483265],[54.405318,24.483913],[54.404939,24.484017],[54.404994,24.484359],[54.406018,24.484375],[54.406019,24.483857],[54.40577,24.483138],[54.405455,24.483133],[54.405126,24.483265]]]}},{"type":"Feature","properties":{},"geometry":{"type":"Polygon","coordinates":[[[54.405538,24.484401],[54.405017,24.484393],[54.404939,24.484734],[54.405619,24.484873],[54.40614,24.484881],[54.406263,24.484488],[54.405538,24.484401]]]}},{"type":"Feature","properties":{},"geometry":{"type":"Polygon","coordinates":[[[54.404788,24.485035],[54.404858,24.484815],[54.404855,24.48452],[54.404067,24.484456],[54.403751,24.484451],[54.40362,24.484898],[54.403526,24.485074],[54.40334,24.485265],[54.403951,24.4858],[54.404267,24.485806],[54.404463,24.485614],[54.404561,24.485478],[54.4047,24.48523],[54.404788,24.485035]]]}},{"type":"Feature","properties":{},"geometry":{"type":"Polygon","coordinates":[[[54.406817,24.485553],[54.406754,24.485552],[54.406713,24.485613],[54.406818,24.485672],[54.406881,24.485673],[54.406923,24.485611],[54.406817,24.485553]]]}},{"type":"Feature","properties":{},"geometry":{"type":"Polygon","coordinates":[[[54.400169,24.486792],[54.400636,24.487122],[54.400754,24.487158],[54.401069,24.487163],[54.401182,24.487122],[54.401523,24.486368],[54.401059,24.486129],[54.400743,24.486123],[54.400631,24.486302],[54.400169,24.486792]]]}},{"type":"Feature","properties":{},"geometry":{"type":"Polygon","coordinates":[[[54.404218,24.486287],[54.404181,24.486262],[54.404128,24.486257],[54.403971,24.486254],[54.403234,24.486607],[54.403444,24.48716],[54.403478,24.487193],[54.40353,24.487207],[54.403688,24.48721],[54.403925,24.487126],[54.404279,24.486935],[54.404547,24.486739],[54.404575,24.4867],[54.404566,24.486652],[54.404218,24.486287]],[[54.403998,24.486583],[54.404072,24.486675],[54.403757,24.486848],[54.403712,24.486723],[54.403998,24.486583]]]}},{"type":"Feature","properties":{},"geometry":{"type":"Polygon","coordinates":[[[54.406319,24.487827],[54.406464,24.487648],[54.406168,24.487434],[54.405832,24.487429],[54.405686,24.487602],[54.405983,24.487822],[54.406319,24.487827]]]}},{"type":"Feature","properties":{},"geometry":{"type":"Polygon","coordinates":[[[54.40294,24.488141],[54.402604,24.488091],[54.402089,24.487987],[54.40146,24.48777],[54.400426,24.487309],[54.399859,24.486939],[54.399283,24.486507],[54.398968,24.486502],[54.397734,24.487851],[54.398874,24.488706],[54.400196,24.489399],[54.400966,24.489714],[54.401757,24.489883],[54.4026,24.489943],[54.402916,24.489948],[54.403196,24.489601],[54.40294,24.488141]]]}},{"type":"Feature","properties":{},"geometry":{"type":"Polygon","coordinates":[[[54.406903,24.488795],[54.407183,24.489203],[54.407499,24.489208],[54.407904,24.488978],[54.407887,24.488953],[54.40796,24.488954],[54.408336,24.488724],[54.408083,24.488348],[54.407812,24.488344],[54.407913,24.488286],[54.407634,24.487878],[54.407318,24.487873],[54.406497,24.488337],[54.406776,24.488745],[54.406984,24.488749],[54.406903,24.488795]]]}},{"type":"Feature","properties":{},"geometry":{"type":"Polygon","coordinates":[[[54.400058,24.490467],[54.400098,24.490732],[54.400309,24.490736],[54.400613,24.490697],[54.400572,24.490432],[54.400362,24.490428],[54.400058,24.490467]]]}},{"type":"Feature","properties":{},"geometry":{"type":"Polygon","coordinates":[[[54.396208,24.49123],[54.395971,24.491059],[54.396345,24.491065],[54.396546,24.490833],[54.396308,24.490662],[54.395387,24.490647],[54.395185,24.490879],[54.395412,24.491042],[54.395186,24.491038],[54.395007,24.491243],[54.395249,24.491417],[54.395339,24.491418],[54.395386,24.491452],[54.396159,24.491465],[54.396261,24.491348],[54.396165,24.49128],[54.396208,24.49123]]]}},{"type":"Feature","properties":{},"geometry":{"type":"Polygon","coordinates":[[[54.39873,24.492159],[54.398687,24.491841],[54.398498,24.491854],[54.398541,24.492176],[54.39873,24.492159]]]}},{"type":"Feature","properties":{},"geometry":{"type":"Polygon","coordinates":[[[54.39891,24.492341],[54.398888,24.492217],[54.398753,24.492225],[54.398781,24.49246],[54.399158,24.492421],[54.399145,24.492321],[54.39891,24.492341]]]}},{"type":"Feature","properties":{},"geometry":{"type":"Polygon","coordinates":[[[54.39871,24.492554],[54.398665,24.492225],[54.398525,24.492233],[54.39857,24.492562],[54.39871,24.492554]]]}},{"type":"Feature","properties":{},"geometry":{"type":"Polygon","coordinates":[[[54.395864,24.492261],[54.395653,24.492258],[54.395588,24.492557],[54.395997,24.492631],[54.396207,24.492635],[54.396273,24.492336],[54.395864,24.492261]]]}},{"type":"Feature","properties":{},"geometry":{"type":"Polygon","coordinates":[[[54.406442,24.49288],[54.406379,24.492879],[54.406249,24.493007],[54.406346,24.493088],[54.406409,24.493089],[54.406539,24.492961],[54.406442,24.49288]]]}},{"type":"Feature","properties":{},"geometry":{"type":"Polygon","coordinates":[[[54.405376,24.492715],[54.405341,24.492999],[54.4062,24.493728],[54.406268,24.493729],[54.406595,24.493457],[54.406018,24.492979],[54.406382,24.492644],[54.406209,24.492522],[54.406422,24.492423],[54.406314,24.492255],[54.406247,24.492254],[54.405376,24.492715]]]}},{"type":"Feature","properties":{},"geometry":{"type":"Polygon","coordinates":[[[54.400288,24.493411],[54.401019,24.493326],[54.400965,24.49294],[54.400649,24.492935],[54.399918,24.49302],[54.399973,24.493406],[54.400288,24.493411]]]}},{"type":"Feature","properties":{},"geometry":{"type":"Polygon","coordinates":[[[54.404045,24.494498],[54.404361,24.494503],[54.404488,24.494303],[54.40517,24.494314],[54.405453,24.49387],[54.40537,24.493826],[54.40528,24.493824],[54.405312,24.493775],[54.405206,24.493719],[54.404782,24.493712],[54.404869,24.493576],[54.404843,24.493562],[54.404897,24.493476],[54.404733,24.49339],[54.404418,24.493385],[54.404386,24.493435],[54.404047,24.493458],[54.404014,24.493514],[54.403703,24.493509],[54.403359,24.493544],[54.403368,24.493617],[54.403273,24.493627],[54.403326,24.494059],[54.403286,24.494063],[54.403322,24.494353],[54.403647,24.494357],[54.403701,24.49439],[54.40385,24.494395],[54.404045,24.494498]]]}},{"type":"Feature","properties":{},"geometry":{"type":"Polygon","coordinates":[[[54.406413,24.495241],[54.40635,24.49524],[54.406305,24.495308],[54.406371,24.495344],[54.406435,24.495345],[54.40648,24.495278],[54.406413,24.495241]]]}},{"type":"Feature","properties":{},"geometry":{"type":"Polygon","coordinates":[[[54.406663,24.495317],[54.406661,24.495289],[54.406472,24.495298],[54.406475,24.495319],[54.406663,24.495317]]]}},{"type":"Feature","properties":{},"geometry":{"type":"Polygon","coordinates":[[[54.406659,24.495513],[54.406735,24.495448],[54.406626,24.495342],[54.406562,24.495341],[54.406486,24.495406],[54.406596,24.495512],[54.406659,24.495513]]]}},{"type":"Feature","properties":{},"geometry":{"type":"Polygon","coordinates":[[[54.406478,24.495623],[54.40645,24.495623],[54.406511,24.495592],[54.406458,24.495504],[54.406395,24.495503],[54.406312,24.495545],[54.406365,24.495633],[54.406408,24.495634],[54.406361,24.495724],[54.406546,24.495803],[54.406609,24.495804],[54.40668,24.495666],[54.406548,24.49561],[54.406485,24.495609],[54.406478,24.495623]]]}},{"type":"Feature","properties":{},"geometry":{"type":"Polygon","coordinates":[[[54.406333,24.495739],[54.40627,24.495738],[54.406224,24.495803],[54.406251,24.495819],[54.406314,24.49582],[54.40636,24.495755],[54.406333,24.495739]]]}},{"type":"Feature","properties":{},"geometry":{"type":"Polygon","coordinates":[[[54.406253,24.495969],[54.406167,24.495971],[54.406173,24.49601],[54.406202,24.496035],[54.406304,24.496043],[54.406302,24.496022],[54.406265,24.496008],[54.406253,24.495969]]]}},{"type":"Feature","properties":{},"geometry":{"type":"Polygon","coordinates":[[[54.406448,24.496194],[54.406463,24.496167],[54.406391,24.496132],[54.406327,24.496131],[54.406312,24.496158],[54.406385,24.496193],[54.406448,24.496194]]]}},{"type":"Feature","properties":{},"geometry":{"type":"Polygon","coordinates":[[[54.404489,24.497982],[54.404718,24.497795],[54.40499,24.4978],[54.405251,24.49769],[54.405084,24.497362],[54.405237,24.497158],[54.405706,24.497165],[54.405919,24.496657],[54.405714,24.49657],[54.405801,24.49635],[54.405438,24.496231],[54.405078,24.496225],[54.404616,24.496052],[54.404485,24.49605],[54.404158,24.496949],[54.403928,24.497053],[54.404358,24.49798],[54.404489,24.497982]]]}},{"type":"Feature","properties":{},"geometry":{"type":"Polygon","coordinates":[[[54.40604,24.496994],[54.406107,24.496946],[54.406026,24.496855],[54.405962,24.496854],[54.405897,24.496904],[54.405977,24.496993],[54.40604,24.496994]]]}},{"type":"Feature","properties":{},"geometry":{"type":"Polygon","coordinates":[[[54.406642,24.497227],[54.406951,24.497146],[54.406946,24.497124],[54.407185,24.497066],[54.407816,24.497118],[54.408106,24.497162],[54.40829,24.497164],[54.408321,24.497093],[54.408709,24.497309],[54.40923,24.497317],[54.41005,24.496927],[54.409905,24.496697],[54.409385,24.496689],[54.408935,24.49689],[54.408901,24.496876],[54.408415,24.496868],[54.408428,24.496837],[54.408219,24.496767],[54.407908,24.496688],[54.407675,24.49666],[54.407491,24.496658],[54.407485,24.496767],[54.407014,24.496758],[54.40687,24.496792],[54.406867,24.496776],[54.406656,24.496773],[54.406329,24.496853],[54.406432,24.497223],[54.406642,24.497227]]]}},{"type":"Feature","properties":{},"geometry":{"type":"Polygon","coordinates":[[[54.4058,24.497287],[54.40574,24.497548],[54.406,24.497594],[54.406211,24.497598],[54.406223,24.497542],[54.406264,24.497543],[54.406299,24.497394],[54.406201,24.497379],[54.406217,24.49733],[54.406011,24.497291],[54.4058,24.497287]]]}},{"type":"Feature","properties":{},"geometry":{"type":"Polygon","coordinates":[[[54.404146,24.498058],[54.404083,24.498057],[54.404069,24.498085],[54.404122,24.498105],[54.404185,24.498107],[54.404199,24.498078],[54.404146,24.498058]]]}},{"type":"Feature","properties":{},"geometry":{"type":"Polygon","coordinates":[[[54.405727,24.497653],[54.405643,24.497652],[54.405791,24.497852],[54.40588,24.498066],[54.40584,24.498028],[54.405766,24.49801],[54.405209,24.498001],[54.405129,24.498028],[54.405089,24.49808],[54.4051,24.498143],[54.405047,24.498153],[54.404875,24.498333],[54.404851,24.498402],[54.404855,24.498473],[54.40483,24.498577],[54.404772,24.498671],[54.404698,24.498736],[54.404569,24.498791],[54.404327,24.498776],[54.404183,24.498842],[54.40353,24.498831],[54.403626,24.498702],[54.403732,24.498632],[54.403709,24.49858],[54.404006,24.498464],[54.404146,24.49838],[54.404228,24.498292],[54.404251,24.49824],[54.404232,24.498208],[54.404246,24.498193],[54.40416,24.498131],[54.404115,24.49813],[54.404057,24.498097],[54.403978,24.498096],[54.403208,24.498413],[54.403016,24.498458],[54.402864,24.498563],[54.402757,24.498744],[54.40274,24.498873],[54.402759,24.498984],[54.402809,24.499041],[54.40277,24.499106],[54.402825,24.499141],[54.40285,24.499176],[54.402864,24.49922],[54.402856,24.499279],[54.403021,24.499304],[54.404505,24.499328],[54.404685,24.499299],[54.404903,24.499292],[54.405074,24.499237],[54.405599,24.499245],[54.405367,24.499437],[54.405053,24.499607],[54.404746,24.499696],[54.404159,24.499696],[54.404082,24.499708],[54.404046,24.499681],[54.40417,24.49961],[54.404167,24.499588],[54.404213,24.499588],[54.404251,24.49954],[54.404222,24.499475],[54.404188,24.499436],[54.404137,24.499389],[54.404088,24.499374],[54.403484,24.499365],[54.403448,24.499406],[54.403154,24.499593],[54.403093,24.499605],[54.40308,24.499633],[54.403087,24.499668],[54.403154,24.499754],[54.403248,24.499802],[54.403346,24.499804],[54.403476,24.499943],[54.403581,24.500013],[54.403698,24.500065],[54.403823,24.500099],[54.404114,24.500113],[54.404135,24.500134],[54.404109,24.500161],[54.404113,24.500183],[54.404184,24.500229],[54.404483,24.500238],[54.404483,24.500286],[54.404567,24.500287],[54.404846,24.500268],[54.405058,24.500221],[54.405258,24.500224],[54.405345,24.500187],[54.405399,24.500141],[54.405439,24.500141],[54.405507,24.500063],[54.405634,24.500003],[54.405908,24.500008],[54.405911,24.499994],[54.406078,24.499988],[54.406132,24.499948],[54.406139,24.499883],[54.406085,24.499811],[54.405999,24.49977],[54.406008,24.499744],[54.406377,24.499743],[54.406434,24.499695],[54.406473,24.499563],[54.406501,24.499562],[54.406509,24.499446],[54.406459,24.499446],[54.406422,24.499352],[54.406366,24.4993],[54.406457,24.499139],[54.406558,24.498892],[54.406613,24.498604],[54.406629,24.498331],[54.406606,24.498108],[54.406528,24.497803],[54.405727,24.497653]],[[54.405929,24.498477],[54.405916,24.498729],[54.405558,24.498723],[54.405554,24.498505],[54.405871,24.49851],[54.405929,24.498477]]]}},{"type":"Feature","properties":{},"geometry":{"type":"Polygon","coordinates":[[[54.396073,24.498517],[54.39607,24.498583],[54.39619,24.498586],[54.396192,24.49852],[54.396073,24.498517]]]}},{"type":"Feature","properties":{},"geometry":{"type":"Polygon","coordinates":[[[54.395625,24.499981],[54.395597,24.499828],[54.395419,24.499844],[54.395447,24.499997],[54.395625,24.499981]]]}},{"type":"Feature","properties":{},"geometry":{"type":"Polygon","coordinates":[[[54.395359,24.500108],[54.395336,24.500004],[54.395241,24.500009],[54.395264,24.500113],[54.395359,24.500108]]]}},{"type":"Feature","properties":{},"geometry":{"type":"Polygon","coordinates":[[[54.39538,24.501404],[54.395945,24.501325],[54.395804,24.500477],[54.395488,24.500472],[54.394922,24.50055],[54.395064,24.501399],[54.39538,24.501404]]]}},{"type":"Feature","properties":{},"geometry":{"type":"Polygon","coordinates":[[[54.395661,24.501895],[54.395658,24.501997],[54.395807,24.502001],[54.39581,24.501898],[54.395661,24.501895]]]}},{"type":"Feature","properties":{},"geometry":{"type":"Polygon","coordinates":[[[54.396239,24.502466],[54.396189,24.502158],[54.395873,24.502153],[54.395441,24.502211],[54.395492,24.502519],[54.395808,24.502524],[54.396239,24.502466]]]}},{"type":"Feature","properties":{},"geometry":{"type":"Polygon","coordinates":[[[54.406432,24.504537],[54.406428,24.504679],[54.406586,24.504682],[54.406589,24.50454],[54.406432,24.504537]]]}},{"type":"Feature","properties":{},"geometry":{"type":"Polygon","coordinates":[[[54.406296,24.50474],[54.406247,24.504571],[54.406184,24.50457],[54.406088,24.504593],[54.406141,24.504759],[54.406296,24.50474]]]}},{"type":"Feature","properties":{},"geometry":{"type":"Polygon","coordinates":[[[54.397542,24.504786],[54.397537,24.504685],[54.397401,24.504687],[54.397407,24.504788],[54.397542,24.504786]]]}},{"type":"Feature","properties":{},"geometry":{"type":"Polygon","coordinates":[[[54.40728,24.505931],[54.407371,24.505826],[54.407406,24.505704],[54.407366,24.505563],[54.407253,24.505462],[54.406908,24.505456],[54.40666,24.505245],[54.406344,24.50524],[54.406082,24.505495],[54.406364,24.505735],[54.406474,24.505737],[54.406702,24.505922],[54.40728,24.505931]]]}},{"type":"Feature","properties":{},"geometry":{"type":"Polygon","coordinates":[[[54.405595,24.505428],[54.405385,24.505424],[54.405291,24.505739],[54.405492,24.505789],[54.405703,24.505792],[54.405796,24.505477],[54.405595,24.505428]]]}},{"type":"Feature","properties":{},"geometry":{"type":"Polygon","coordinates":[[[54.405389,24.505832],[54.405179,24.505828],[54.405064,24.506126],[54.405359,24.506221],[54.405569,24.506224],[54.405685,24.505927],[54.405389,24.505832]]]}},{"type":"Feature","properties":{},"geometry":{"type":"Polygon","coordinates":[[[54.405277,24.506282],[54.405066,24.506279],[54.404973,24.506527],[54.405252,24.506613],[54.405462,24.506617],[54.405555,24.506369],[54.405277,24.506282]]]}},{"type":"Feature","properties":{},"geometry":{"type":"Polygon","coordinates":[[[54.405158,24.506623],[54.404948,24.50662],[54.404806,24.507019],[54.405062,24.507112],[54.405272,24.507115],[54.405447,24.506719],[54.405158,24.506623]]]}},{"type":"Feature","properties":{},"geometry":{"type":"Polygon","coordinates":[[[54.40456,24.507355],[54.404593,24.507327],[54.4045,24.507236],[54.404437,24.507235],[54.404404,24.507263],[54.404497,24.507354],[54.40456,24.507355]]]}},{"type":"Feature","properties":{},"geometry":{"type":"Polygon","coordinates":[[[54.404898,24.508066],[54.404993,24.508131],[54.405624,24.508141],[54.405987,24.508078],[54.406493,24.507169],[54.406486,24.507089],[54.406225,24.506966],[54.405593,24.506955],[54.405529,24.506966],[54.404898,24.508066]]]}},{"type":"Feature","properties":{},"geometry":{"type":"Polygon","coordinates":[[[54.406432,24.509119],[54.406626,24.509122],[54.406738,24.509007],[54.406516,24.508789],[54.406882,24.508795],[54.406994,24.50868],[54.406695,24.508386],[54.40715,24.508393],[54.407262,24.508279],[54.406872,24.507894],[54.406367,24.507886],[54.406249,24.507993],[54.406553,24.508295],[54.406098,24.508287],[54.40598,24.508394],[54.406209,24.50862],[54.405842,24.508615],[54.405724,24.508722],[54.406121,24.509114],[54.406306,24.509117],[54.406344,24.509146],[54.406407,24.509147],[54.406432,24.509119]]]}},{"type":"Feature","properties":{},"geometry":{"type":"Polygon","coordinates":[[[54.405231,24.509371],[54.405105,24.509539],[54.405253,24.509684],[54.405917,24.509703],[54.406098,24.50944],[54.405976,24.509376],[54.405231,24.509371]]]}},{"type":"Feature","properties":{},"geometry":{"type":"Polygon","coordinates":[[[54.406138,24.510809],[54.406237,24.510757],[54.406266,24.510799],[54.406333,24.5108],[54.406614,24.510636],[54.406554,24.510551],[54.406592,24.510525],[54.406633,24.510263],[54.406496,24.51014],[54.406429,24.510139],[54.406188,24.51034],[54.406084,24.510413],[54.405947,24.51048],[54.405819,24.510521],[54.405565,24.510545],[54.405328,24.510706],[54.405146,24.510891],[54.405193,24.51093],[54.405285,24.510962],[54.405388,24.510966],[54.405657,24.510971],[54.405859,24.510913],[54.406138,24.510809]]]}},{"type":"Feature","properties":{},"geometry":{"type":"Polygon","coordinates":[[[54.396883,24.510805],[54.397094,24.510809],[54.397349,24.510521],[54.397145,24.51037],[54.396934,24.510367],[54.396681,24.510653],[54.396883,24.510805]]]}},{"type":"Feature","properties":{},"geometry":{"type":"Polygon","coordinates":[[[54.406357,24.51185],[54.406382,24.511872],[54.406698,24.511877],[54.406958,24.511851],[54.407192,24.511706],[54.407423,24.51171],[54.407621,24.51161],[54.40787,24.511443],[54.407476,24.510949],[54.40716,24.510943],[54.406924,24.51107],[54.406651,24.511065],[54.406208,24.511313],[54.406171,24.511417],[54.406307,24.511806],[54.405881,24.511799],[54.405455,24.511831],[54.405478,24.512082],[54.405511,24.512124],[54.406303,24.512134],[54.406356,24.512115],[54.406367,24.512062],[54.406357,24.51185]]]}},{"type":"Feature","properties":{},"geometry":{"type":"Polygon","coordinates":[[[54.410587,24.480081],[54.410656,24.480015],[54.410506,24.479886],[54.410443,24.479885],[54.410374,24.479952],[54.410524,24.48008],[54.410587,24.480081]]]}},{"type":"Feature","properties":{},"geometry":{"type":"Polygon","coordinates":[[[54.410979,24.48183],[54.411008,24.481802],[54.410969,24.481768],[54.410906,24.481767],[54.410876,24.481795],[54.410916,24.481829],[54.410979,24.48183]]]}},{"type":"Feature","properties":{},"geometry":{"type":"Polygon","coordinates":[[[54.407041,24.482137],[54.407181,24.482327],[54.407302,24.482429],[54.407416,24.48261],[54.407942,24.482619],[54.408131,24.482547],[54.408173,24.482416],[54.407775,24.481971],[54.407249,24.481963],[54.407183,24.482071],[54.407041,24.482137]]]}},{"type":"Feature","properties":{},"geometry":{"type":"Polygon","coordinates":[[[54.409471,24.482999],[54.409466,24.482884],[54.409307,24.482887],[54.409312,24.483001],[54.409471,24.482999]]]}},{"type":"Feature","properties":{},"geometry":{"type":"Polygon","coordinates":[[[54.409165,24.484888],[54.409375,24.484747],[54.40913,24.484446],[54.408793,24.48444],[54.408584,24.484581],[54.408829,24.484883],[54.409165,24.484888]]]}},{"type":"Feature","properties":{},"geometry":{"type":"Polygon","coordinates":[[[54.408671,24.484783],[54.408334,24.484777],[54.408129,24.484931],[54.408142,24.484996],[54.408361,24.485107],[54.40845,24.485108],[54.408489,24.48516],[54.408826,24.485165],[54.408939,24.485082],[54.408671,24.484783]]]}},{"type":"Feature","properties":{},"geometry":{"type":"Polygon","coordinates":[[[54.410804,24.484786],[54.409833,24.485259],[54.40981,24.485246],[54.409673,24.485244],[54.409599,24.48533],[54.409423,24.4854],[54.409337,24.485483],[54.4093,24.485577],[54.409298,24.485763],[54.409317,24.485856],[54.409397,24.485985],[54.409484,24.48606],[54.409761,24.486073],[54.409844,24.486049],[54.409927,24.485965],[54.409973,24.485887],[54.409997,24.485799],[54.410504,24.486668],[54.410641,24.48667],[54.411,24.486503],[54.410499,24.485621],[54.410539,24.485595],[54.41055,24.485522],[54.410541,24.48547],[54.410525,24.485448],[54.410387,24.485446],[54.410387,24.485426],[54.410499,24.485424],[54.410541,24.485397],[54.410571,24.485324],[54.410818,24.485225],[54.410723,24.485276],[54.410774,24.485354],[54.410837,24.485355],[54.410945,24.485297],[54.410895,24.485219],[54.410837,24.485218],[54.411114,24.485107],[54.410941,24.484788],[54.410804,24.484786]]]}},{"type":"Feature","properties":{},"geometry":{"type":"Polygon","coordinates":[[[54.407325,24.485265],[54.407262,24.485263],[54.406967,24.48555],[54.407042,24.485614],[54.407105,24.485615],[54.407399,24.485328],[54.407325,24.485265]]]}},{"type":"Feature","properties":{},"geometry":{"type":"Polygon","coordinates":[[[54.409064,24.485575],[54.409001,24.485574],[54.408922,24.485635],[54.408963,24.485678],[54.409026,24.485679],[54.409105,24.485618],[54.409064,24.485575]]]}},{"type":"Feature","properties":{},"geometry":{"type":"Polygon","coordinates":[[[54.407698,24.485879],[54.408035,24.485884],[54.408226,24.485686],[54.408164,24.485637],[54.408126,24.485636],[54.407901,24.48545],[54.407564,24.485445],[54.407378,24.485639],[54.407438,24.485686],[54.407457,24.485686],[54.407698,24.485879]]]}},{"type":"Feature","properties":{},"geometry":{"type":"Polygon","coordinates":[[[54.409192,24.485846],[54.409251,24.485812],[54.40917,24.485696],[54.409225,24.485664],[54.4092,24.485627],[54.409136,24.485626],[54.409022,24.485692],[54.409129,24.485845],[54.409192,24.485846]]]}},{"type":"Feature","properties":{},"geometry":{"type":"Polygon","coordinates":[[[54.407714,24.485896],[54.407651,24.485895],[54.407557,24.485997],[54.407605,24.486034],[54.407668,24.486035],[54.407763,24.485932],[54.407714,24.485896]]]}},{"type":"Feature","properties":{},"geometry":{"type":"Polygon","coordinates":[[[54.409679,24.487695],[54.409563,24.487369],[54.409247,24.487364],[54.408884,24.487647],[54.408334,24.48801],[54.408637,24.488493],[54.408952,24.488499],[54.409826,24.488063],[54.409675,24.48779],[54.409515,24.487787],[54.409679,24.487695]]]}},{"type":"Feature","properties":{},"geometry":{"type":"Polygon","coordinates":[[[54.411319,24.488851],[54.411174,24.48887],[54.411147,24.488931],[54.411198,24.488999],[54.411312,24.489],[54.411433,24.489161],[54.411262,24.489253],[54.411314,24.489336],[54.411518,24.489339],[54.411491,24.489354],[54.411585,24.489507],[54.411664,24.489509],[54.411713,24.489593],[54.411972,24.489642],[54.411955,24.489719],[54.41212,24.489755],[54.412436,24.489761],[54.412572,24.489242],[54.412803,24.48968],[54.413118,24.489685],[54.413271,24.489605],[54.413239,24.489555],[54.413451,24.48946],[54.4135,24.489352],[54.413577,24.489353],[54.41362,24.489178],[54.41297,24.488962],[54.412972,24.488939],[54.413196,24.488943],[54.413804,24.488853],[54.41376,24.488561],[54.413445,24.488556],[54.413133,24.488593],[54.412912,24.488589],[54.412988,24.48855],[54.412874,24.488403],[54.412971,24.488101],[54.413285,24.488106],[54.413419,24.487959],[54.41306,24.487764],[54.412831,24.487723],[54.412157,24.487708],[54.411868,24.487782],[54.411582,24.487957],[54.411414,24.48813],[54.411571,24.488241],[54.411892,24.488242],[54.412028,24.488474],[54.411968,24.488646],[54.41153,24.48851],[54.411214,24.488505],[54.411199,24.488539],[54.411178,24.488335],[54.410862,24.48833],[54.410551,24.488356],[54.410556,24.488405],[54.410422,24.488416],[54.410427,24.488464],[54.410138,24.488492],[54.410183,24.488928],[54.410499,24.488933],[54.410966,24.488893],[54.410954,24.488773],[54.411221,24.48875],[54.411207,24.488613],[54.411356,24.488668],[54.411319,24.488851]],[[54.41241,24.48819],[54.412297,24.487988],[54.412467,24.487955],[54.41241,24.48819]]]}},{"type":"Feature","properties":{},"geometry":{"type":"Polygon","coordinates":[[[54.410771,24.489917],[54.410735,24.489616],[54.411036,24.489605],[54.410972,24.489028],[54.410762,24.489025],[54.410204,24.489076],[54.410216,24.489184],[54.410427,24.489187],[54.410624,24.489169],[54.410661,24.489494],[54.410405,24.48949],[54.410256,24.489504],[54.410326,24.49009],[54.410641,24.490095],[54.411201,24.49004],[54.411185,24.489912],[54.410771,24.489917]]]}},{"type":"Feature","properties":{},"geometry":{"type":"Polygon","coordinates":[[[54.410951,24.489779],[54.410947,24.489737],[54.410835,24.489739],[54.410839,24.489782],[54.410951,24.489779]]]}},{"type":"Feature","properties":{},"geometry":{"type":"Polygon","coordinates":[[[54.407052,24.490374],[54.407117,24.490353],[54.407084,24.490272],[54.407021,24.490271],[54.406961,24.490292],[54.406989,24.490373],[54.407052,24.490374]]]}},{"type":"Feature","properties":{},"geometry":{"type":"Polygon","coordinates":[[[54.410413,24.49103],[54.41091,24.491037],[54.410917,24.490769],[54.4106,24.490766],[54.410598,24.490812],[54.410416,24.490817],[54.410413,24.49103]]]}},{"type":"Feature","properties":{},"geometry":{"type":"Polygon","coordinates":[[[54.409331,24.491264],[54.409335,24.491157],[54.409037,24.491149],[54.409036,24.491181],[54.408959,24.49118],[54.408947,24.491294],[54.409008,24.491296],[54.409007,24.491323],[54.409282,24.49133],[54.409284,24.491263],[54.409331,24.491264]]]}},{"type":"Feature","properties":{},"geometry":{"type":"Polygon","coordinates":[[[54.410457,24.491298],[54.410444,24.491622],[54.411026,24.491639],[54.41104,24.491314],[54.410457,24.491298]]]}},{"type":"Feature","properties":{},"geometry":{"type":"Polygon","coordinates":[[[54.407536,24.494453],[54.408571,24.495082],[54.408157,24.495692],[54.406973,24.495032],[54.406894,24.495031],[54.406715,24.495524],[54.406613,24.496087],[54.406559,24.496192],[54.406567,24.496251],[54.406604,24.496287],[54.406663,24.496297],[54.407986,24.496312],[54.408207,24.49638],[54.408286,24.496381],[54.408336,24.496288],[54.408526,24.496384],[54.408742,24.496429],[54.410154,24.496452],[54.410179,24.496484],[54.410599,24.496491],[54.410764,24.496387],[54.410692,24.496294],[54.410972,24.496299],[54.411196,24.496194],[54.411035,24.496004],[54.410821,24.496001],[54.410758,24.495945],[54.410337,24.495938],[54.410172,24.496068],[54.410018,24.496009],[54.409899,24.495985],[54.408569,24.495963],[54.408583,24.495926],[54.408323,24.495784],[54.408737,24.495174],[54.408961,24.495292],[54.409261,24.495341],[54.409524,24.495346],[54.409884,24.495326],[54.410227,24.495233],[54.41013,24.495053],[54.409946,24.49505],[54.409732,24.494566],[54.409636,24.494098],[54.409803,24.494018],[54.409798,24.493832],[54.409614,24.493829],[54.409612,24.4938],[54.410044,24.493529],[54.410505,24.49338],[54.41095,24.493262],[54.410921,24.493052],[54.409532,24.493029],[54.409064,24.493135],[54.408549,24.493307],[54.407982,24.493622],[54.407631,24.493885],[54.407294,24.494291],[54.407536,24.494453]]]}},{"type":"Feature","properties":{},"geometry":{"type":"Polygon","coordinates":[[[54.408051,24.497341],[54.408096,24.497352],[54.408159,24.497353],[54.408214,24.497321],[54.408168,24.497267],[54.408065,24.497237],[54.408002,24.497236],[54.407959,24.497276],[54.408051,24.497341]]]}},{"type":"Feature","properties":{},"geometry":{"type":"Polygon","coordinates":[[[54.40899,24.49793],[54.408992,24.498391],[54.409318,24.498396],[54.409709,24.498329],[54.409741,24.497952],[54.409491,24.497869],[54.409165,24.497863],[54.40899,24.49793]]]}},{"type":"Feature","properties":{},"geometry":{"type":"Polygon","coordinates":[[[54.408977,24.498779],[54.408988,24.498612],[54.408852,24.4986],[54.408836,24.49866],[54.408874,24.498774],[54.408977,24.498779]]]}},{"type":"Feature","properties":{},"geometry":{"type":"Polygon","coordinates":[[[54.408919,24.499457],[54.409276,24.499552],[54.409461,24.499555],[54.409567,24.499169],[54.40962,24.498772],[54.408993,24.498738],[54.409005,24.499092],[54.408919,24.499457]]]}},{"type":"Feature","properties":{},"geometry":{"type":"Polygon","coordinates":[[[54.410327,24.499515],[54.410294,24.499444],[54.410215,24.499385],[54.410103,24.499368],[54.409615,24.499373],[54.409548,24.499419],[54.409349,24.50004],[54.4093,24.500253],[54.409341,24.500381],[54.409433,24.500448],[54.409613,24.500479],[54.410061,24.500482],[54.410187,24.500418],[54.410241,24.500301],[54.410291,24.499746],[54.410327,24.499515]]]}},{"type":"Feature","properties":{},"geometry":{"type":"Polygon","coordinates":[[[54.408025,24.501013],[54.408063,24.501044],[54.408127,24.501045],[54.408178,24.500972],[54.40821,24.500888],[54.408085,24.500876],[54.408054,24.500908],[54.408053,24.500954],[54.408025,24.501013]]]}},{"type":"Feature","properties":{},"geometry":{"type":"Polygon","coordinates":[[[54.410335,24.501603],[54.410333,24.501852],[54.410907,24.501861],[54.410906,24.501798],[54.411041,24.501799],[54.411047,24.501574],[54.411015,24.501572],[54.411017,24.501531],[54.410437,24.50152],[54.410436,24.501605],[54.410335,24.501603]]]}},{"type":"Feature","properties":{},"geometry":{"type":"Polygon","coordinates":[[[54.409605,24.501431],[54.408723,24.501471],[54.408679,24.501799],[54.408701,24.501852],[54.40834,24.501745],[54.408025,24.50174],[54.407696,24.502403],[54.408114,24.502577],[54.40843,24.502582],[54.408611,24.502105],[54.408719,24.501895],[54.408752,24.50195],[54.409021,24.501962],[54.409654,24.501958],[54.409746,24.501927],[54.40986,24.501856],[54.4099,24.501752],[54.409926,24.501604],[54.40992,24.501436],[54.409605,24.501431]]]}},{"type":"Feature","properties":{},"geometry":{"type":"Polygon","coordinates":[[[54.407515,24.502391],[54.407507,24.502438],[54.407614,24.502449],[54.407671,24.50239],[54.407711,24.502314],[54.407586,24.50231],[54.407515,24.502391]]]}},{"type":"Feature","properties":{},"geometry":{"type":"Polygon","coordinates":[[[54.407116,24.503077],[54.407179,24.503113],[54.407242,24.503114],[54.407373,24.502997],[54.407398,24.502995],[54.407466,24.502886],[54.407345,24.502871],[54.407298,24.502927],[54.40724,24.502926],[54.407116,24.503077]]]}},{"type":"Feature","properties":{},"geometry":{"type":"Polygon","coordinates":[[[54.40706,24.503469],[54.407006,24.503345],[54.406943,24.503344],[54.40688,24.503364],[54.406917,24.503485],[54.40706,24.503469]]]}},{"type":"Feature","properties":{},"geometry":{"type":"Polygon","coordinates":[[[54.41042,24.503971],[54.410553,24.503871],[54.41022,24.503505],[54.40972,24.503497],[54.409576,24.503605],[54.409909,24.503972],[54.410231,24.503977],[54.410201,24.504126],[54.410673,24.504204],[54.411173,24.504213],[54.411205,24.504054],[54.410732,24.503976],[54.41042,24.503971]]]}},{"type":"Feature","properties":{},"geometry":{"type":"Polygon","coordinates":[[[54.4071,24.503649],[54.407036,24.503648],[54.406985,24.503805],[54.407137,24.50383],[54.407198,24.503681],[54.4071,24.503649]]]}},{"type":"Feature","properties":{},"geometry":{"type":"Polygon","coordinates":[[[54.410085,24.504704],[54.410347,24.504405],[54.409996,24.504105],[54.409259,24.504094],[54.409054,24.504354],[54.409349,24.504692],[54.410085,24.504704]]]}},{"type":"Feature","properties":{},"geometry":{"type":"Polygon","coordinates":[[[54.407866,24.505725],[54.407868,24.505818],[54.408096,24.505843],[54.408091,24.505742],[54.407866,24.505725]]]}},{"type":"Feature","properties":{},"geometry":{"type":"Polygon","coordinates":[[[54.409902,24.506119],[54.409987,24.506026],[54.410033,24.505913],[54.410034,24.505792],[54.409995,24.505686],[54.409922,24.505595],[54.409821,24.505531],[54.409703,24.505498],[54.409388,24.505493],[54.409265,24.505495],[54.409148,24.505532],[54.40905,24.505601],[54.408981,24.505693],[54.408947,24.505801],[54.408954,24.505922],[54.409005,24.506033],[54.409094,24.506123],[54.409211,24.50618],[54.409342,24.506198],[54.409658,24.506204],[54.409788,24.506181],[54.409902,24.506119]]]}},{"type":"Feature","properties":{},"geometry":{"type":"Polygon","coordinates":[[[54.407244,24.506239],[54.407028,24.506464],[54.407336,24.506699],[54.408046,24.506711],[54.408339,24.506402],[54.408182,24.506243],[54.407472,24.506231],[54.407244,24.506239]]]}},{"type":"Feature","properties":{},"geometry":{"type":"Polygon","coordinates":[[[54.407383,24.507252],[54.406969,24.506862],[54.406919,24.506861],[54.406822,24.506949],[54.406855,24.506983],[54.406749,24.507074],[54.406783,24.507111],[54.406677,24.507196],[54.407019,24.507514],[54.40707,24.507515],[54.40717,24.507428],[54.407152,24.507411],[54.407236,24.50734],[54.407282,24.507341],[54.407383,24.507252]]]}},{"type":"Feature","properties":{},"geometry":{"type":"Polygon","coordinates":[[[54.406827,24.507493],[54.406708,24.507342],[54.406644,24.507341],[54.406601,24.50737],[54.406721,24.507521],[54.406784,24.507522],[54.406827,24.507493]]]}},{"type":"Feature","properties":{},"geometry":{"type":"Polygon","coordinates":[[[54.41032,24.508002],[54.410396,24.507964],[54.410542,24.507859],[54.410524,24.507793],[54.410449,24.507792],[54.410414,24.507723],[54.410122,24.507721],[54.40999,24.507756],[54.409918,24.507811],[54.409903,24.50756],[54.409692,24.507348],[54.409481,24.507344],[54.409287,24.507513],[54.409648,24.507874],[54.409848,24.507878],[54.409825,24.507938],[54.409854,24.50798],[54.409927,24.508019],[54.410137,24.508023],[54.410183,24.508007],[54.41032,24.508002]]]}},{"type":"Feature","properties":{},"geometry":{"type":"Polygon","coordinates":[[[54.40723,24.50775],[54.407167,24.507749],[54.407137,24.507782],[54.407171,24.507807],[54.407234,24.507808],[54.407264,24.507775],[54.40723,24.50775]]]}},{"type":"Feature","properties":{},"geometry":{"type":"Polygon","coordinates":[[[54.408846,24.507921],[54.408851,24.508027],[54.408953,24.508026],[54.408952,24.507996],[54.408981,24.507995],[54.408988,24.507857],[54.408877,24.507857],[54.40888,24.50792],[54.408846,24.507921]]]}},{"type":"Feature","properties":{},"geometry":{"type":"Polygon","coordinates":[[[54.409341,24.508117],[54.409278,24.508116],[54.409189,24.50819],[54.409231,24.508233],[54.409294,24.508234],[54.409384,24.50816],[54.409341,24.508117]]]}},{"type":"Feature","properties":{},"geometry":{"type":"Polygon","coordinates":[[[54.409544,24.508546],[54.409483,24.50846],[54.409407,24.508458],[54.409368,24.508403],[54.409158,24.5084],[54.409014,24.508484],[54.409061,24.50855],[54.408987,24.508608],[54.409005,24.508634],[54.408969,24.508655],[54.409,24.508698],[54.409049,24.508699],[54.409057,24.508711],[54.409267,24.508714],[54.409328,24.508678],[54.409307,24.508649],[54.409369,24.508649],[54.409544,24.508546]]]}},{"type":"Feature","properties":{},"geometry":{"type":"Polygon","coordinates":[[[54.407651,24.508812],[54.407587,24.508811],[54.407523,24.508861],[54.40755,24.50889],[54.407613,24.508891],[54.407678,24.508842],[54.407651,24.508812]]]}},{"type":"Feature","properties":{},"geometry":{"type":"Polygon","coordinates":[[[54.40717,24.509197],[54.407129,24.509238],[54.407202,24.5093],[54.40706,24.509435],[54.407217,24.50958],[54.406811,24.509574],[54.406652,24.509706],[54.407014,24.510038],[54.407519,24.510046],[54.407684,24.50993],[54.407542,24.509795],[54.407951,24.509802],[54.408085,24.509665],[54.407913,24.509503],[54.408289,24.50951],[54.408405,24.509391],[54.408043,24.509058],[54.407858,24.509055],[54.407771,24.50897],[54.407708,24.508969],[54.407656,24.509013],[54.407697,24.509053],[54.407538,24.50905],[54.407416,24.509159],[54.407573,24.509306],[54.407321,24.509302],[54.407337,24.509286],[54.407233,24.509199],[54.40717,24.509197]]]}},{"type":"Feature","properties":{},"geometry":{"type":"Polygon","coordinates":[[[54.410216,24.509829],[54.410005,24.509826],[54.409662,24.510138],[54.409847,24.510306],[54.410057,24.51031],[54.410401,24.509997],[54.410216,24.509829]]]}},{"type":"Feature","properties":{},"geometry":{"type":"Polygon","coordinates":[[[54.41027,24.511006],[54.410225,24.511032],[54.410164,24.511031],[54.410094,24.511064],[54.410136,24.511137],[54.410199,24.511138],[54.410269,24.511106],[54.410239,24.511054],[54.410255,24.511078],[54.410318,24.511079],[54.410569,24.510936],[54.410493,24.510835],[54.410436,24.510834],[54.410271,24.510575],[54.410208,24.510574],[54.4099,24.510736],[54.409967,24.510835],[54.409931,24.510855],[54.41,24.510958],[54.410211,24.510961],[54.410364,24.510875],[54.410233,24.510956],[54.41027,24.511006]]]}},{"type":"Feature","properties":{},"geometry":{"type":"Polygon","coordinates":[[[54.409155,24.510618],[54.409095,24.510631],[54.409055,24.510675],[54.409049,24.510706],[54.408953,24.510705],[54.408517,24.510945],[54.408434,24.510844],[54.408324,24.510838],[54.407694,24.510841],[54.407603,24.510903],[54.407961,24.511339],[54.40854,24.511349],[54.408587,24.511317],[54.408708,24.511319],[54.408782,24.511269],[54.408672,24.511134],[54.409089,24.511141],[54.40962,24.510848],[54.409532,24.510714],[54.40931,24.510711],[54.409294,24.510661],[54.409248,24.510625],[54.409155,24.510618]]]}},{"type":"Feature","properties":{},"geometry":{"type":"Polygon","coordinates":[[[54.409988,24.511341],[54.40977,24.511016],[54.409455,24.511011],[54.408975,24.511277],[54.409042,24.511378],[54.408731,24.511373],[54.408237,24.51165],[54.408457,24.511973],[54.408772,24.511978],[54.409266,24.511701],[54.409198,24.511602],[54.409508,24.511607],[54.409988,24.511341]]]}},{"type":"Feature","properties":{},"geometry":{"type":"Polygon","coordinates":[[[54.408038,24.511963],[54.408026,24.511914],[54.40791,24.511924],[54.407922,24.511973],[54.408038,24.511963]]]}},{"type":"Feature","properties":{},"geometry":{"type":"Polygon","coordinates":[[[54.410943,24.481686],[54.411024,24.481756],[54.41117,24.481758],[54.411214,24.481796],[54.411271,24.481797],[54.411321,24.481841],[54.411222,24.481936],[54.411307,24.482009],[54.411517,24.482012],[54.411695,24.481842],[54.411327,24.481524],[54.411116,24.48152],[54.410943,24.481686]]]}},{"type":"Feature","properties":{},"geometry":{"type":"Polygon","coordinates":[[[54.412378,24.481741],[54.412202,24.482016],[54.412563,24.482207],[54.412773,24.482211],[54.412949,24.481936],[54.412588,24.481745],[54.412378,24.481741]]]}},{"type":"Feature","properties":{},"geometry":{"type":"Polygon","coordinates":[[[54.411462,24.482053],[54.411398,24.482052],[54.41132,24.482132],[54.411351,24.482158],[54.411414,24.482159],[54.411493,24.482079],[54.411462,24.482053]]]}},{"type":"Feature","properties":{},"geometry":{"type":"Polygon","coordinates":[[[54.411517,24.48559],[54.411454,24.485589],[54.41135,24.48563],[54.411365,24.485661],[54.411426,24.485662],[54.411375,24.485678],[54.411414,24.485776],[54.411477,24.485777],[54.411534,24.485758],[54.411495,24.485661],[54.411433,24.48566],[54.411532,24.485621],[54.411517,24.48559]]]}},{"type":"Feature","properties":{},"geometry":{"type":"Polygon","coordinates":[[[54.413184,24.487452],[54.41361,24.487446],[54.413599,24.487199],[54.413283,24.487199],[54.413284,24.487227],[54.413107,24.487233],[54.413184,24.487452]]]}},{"type":"Feature","properties":{},"geometry":{"type":"Polygon","coordinates":[[[54.413731,24.487625],[54.413699,24.487624],[54.413695,24.487533],[54.413727,24.487532],[54.413723,24.487458],[54.413245,24.487464],[54.413256,24.48771],[54.413735,24.487703],[54.413731,24.487625]]]}},{"type":"Feature","properties":{},"geometry":{"type":"Polygon","coordinates":[[[54.413077,24.487752],[54.413164,24.487732],[54.413109,24.487542],[54.413046,24.487541],[54.412959,24.487562],[54.413014,24.487751],[54.413077,24.487752]]]}},{"type":"Feature","properties":{},"geometry":{"type":"Polygon","coordinates":[[[54.415737,24.487727],[54.415735,24.487683],[54.415613,24.487685],[54.415615,24.487729],[54.415737,24.487727]]]}},{"type":"Feature","properties":{},"geometry":{"type":"Polygon","coordinates":[[[54.415855,24.487746],[54.415853,24.48779],[54.415948,24.487792],[54.41595,24.487748],[54.415855,24.487746]]]}},{"type":"Feature","properties":{},"geometry":{"type":"Polygon","coordinates":[[[54.415997,24.487765],[54.415996,24.487795],[54.416165,24.487799],[54.416167,24.48777],[54.415997,24.487765]]]}},{"type":"Feature","properties":{},"geometry":{"type":"Polygon","coordinates":[[[54.416325,24.487932],[54.416317,24.487802],[54.415997,24.487814],[54.416006,24.487944],[54.416325,24.487932]]]}},{"type":"Feature","properties":{},"geometry":{"type":"Polygon","coordinates":[[[54.415123,24.487771],[54.415123,24.487815],[54.415187,24.487816],[54.415187,24.488213],[54.41558,24.488216],[54.41558,24.487965],[54.415829,24.487965],[54.415829,24.487774],[54.415123,24.487771]]]}},{"type":"Feature","properties":{},"geometry":{"type":"Polygon","coordinates":[[[54.413653,24.487953],[54.41365,24.487891],[54.413519,24.487893],[54.413522,24.487954],[54.413653,24.487953]]]}},{"type":"Feature","properties":{},"geometry":{"type":"Polygon","coordinates":[[[54.416309,24.488011],[54.416307,24.487955],[54.416008,24.487961],[54.41601,24.488017],[54.416309,24.488011]]]}},{"type":"Feature","properties":{},"geometry":{"type":"Polygon","coordinates":[[[54.416476,24.488305],[54.416479,24.488365],[54.416589,24.488364],[54.416564,24.488234],[54.416813,24.488242],[54.416809,24.488149],[54.416667,24.488149],[54.416666,24.488136],[54.416732,24.488134],[54.416728,24.488043],[54.416657,24.488042],[54.416658,24.488022],[54.41673,24.488021],[54.416728,24.487972],[54.416443,24.487975],[54.416442,24.488021],[54.416335,24.488024],[54.416351,24.488306],[54.416476,24.488305]],[[54.416484,24.488122],[54.416615,24.488124],[54.416615,24.488132],[54.416485,24.488138],[54.416484,24.488122]]]}},{"type":"Feature","properties":{},"geometry":{"type":"Polygon","coordinates":[[[54.415777,24.488312],[54.415773,24.488201],[54.415648,24.488202],[54.415652,24.488313],[54.415777,24.488312]]]}},{"type":"Feature","properties":{},"geometry":{"type":"Polygon","coordinates":[[[54.416812,24.488306],[54.416812,24.488249],[54.416706,24.488248],[54.416706,24.488266],[54.4166,24.488263],[54.416596,24.488328],[54.416713,24.488331],[54.416715,24.488305],[54.416812,24.488306]]]}},{"type":"Feature","properties":{},"geometry":{"type":"Polygon","coordinates":[[[54.414839,24.488231],[54.414836,24.488326],[54.415031,24.488331],[54.415035,24.488236],[54.414839,24.488231]]]}},{"type":"Feature","properties":{},"geometry":{"type":"Polygon","coordinates":[[[54.415631,24.488331],[54.415629,24.488293],[54.415472,24.488296],[54.415473,24.488313],[54.415318,24.488314],[54.415319,24.488397],[54.415499,24.488397],[54.415498,24.488334],[54.415631,24.488331]]]}},{"type":"Feature","properties":{},"geometry":{"type":"Polygon","coordinates":[[[54.416411,24.488418],[54.416412,24.488389],[54.416337,24.488388],[54.416339,24.488278],[54.416236,24.488277],[54.416234,24.48835],[54.416146,24.488352],[54.41615,24.488389],[54.416234,24.488388],[54.416232,24.488489],[54.41659,24.488494],[54.416591,24.488421],[54.416411,24.488418]]]}},{"type":"Feature","properties":{},"geometry":{"type":"Polygon","coordinates":[[[54.415759,24.488386],[54.415758,24.488337],[54.415601,24.488338],[54.415602,24.488387],[54.415759,24.488386]]]}},{"type":"Feature","properties":{},"geometry":{"type":"Polygon","coordinates":[[[54.415042,24.488476],[54.415039,24.488356],[54.414852,24.488358],[54.414856,24.488478],[54.415042,24.488476]]]}},{"type":"Feature","properties":{},"geometry":{"type":"Polygon","coordinates":[[[54.416652,24.488434],[54.416649,24.488477],[54.416757,24.48848],[54.416759,24.488437],[54.416652,24.488434]]]}},{"type":"Feature","properties":{},"geometry":{"type":"Polygon","coordinates":[[[54.415412,24.488438],[54.415411,24.488484],[54.415494,24.488485],[54.415495,24.488439],[54.415412,24.488438]]]}},{"type":"Feature","properties":{},"geometry":{"type":"Polygon","coordinates":[[[54.415608,24.488691],[54.415606,24.488643],[54.415463,24.488644],[54.415465,24.488693],[54.415608,24.488691]]]}},{"type":"Feature","properties":{},"geometry":{"type":"Polygon","coordinates":[[[54.41632,24.488989],[54.416315,24.488882],[54.416223,24.488882],[54.416227,24.488989],[54.41632,24.488989]]]}},{"type":"Feature","properties":{},"geometry":{"type":"Polygon","coordinates":[[[54.416128,24.489041],[54.416121,24.488841],[54.415999,24.488841],[54.416006,24.489041],[54.416128,24.489041]]]}},{"type":"Feature","properties":{},"geometry":{"type":"Polygon","coordinates":[[[54.415746,24.489052],[54.415742,24.488852],[54.41562,24.488852],[54.415624,24.489052],[54.415746,24.489052]]]}},{"type":"Feature","properties":{},"geometry":{"type":"Polygon","coordinates":[[[54.415939,24.48914],[54.415936,24.489096],[54.415719,24.489105],[54.415722,24.489146],[54.415939,24.48914]]]}},{"type":"Feature","properties":{},"geometry":{"type":"Polygon","coordinates":[[[54.415784,24.489169],[54.415782,24.48925],[54.415896,24.489252],[54.415898,24.489172],[54.415784,24.489169]]]}},{"type":"Feature","properties":{},"geometry":{"type":"Polygon","coordinates":[[[54.416477,24.489505],[54.415416,24.489523],[54.415421,24.489677],[54.416502,24.489659],[54.4165,24.489589],[54.41648,24.489589],[54.416477,24.489505]]]}},{"type":"Feature","properties":{},"geometry":{"type":"Polygon","coordinates":[[[54.412565,24.490009],[54.412561,24.489946],[54.412428,24.489949],[54.412432,24.490011],[54.412565,24.490009]]]}},{"type":"Feature","properties":{},"geometry":{"type":"Polygon","coordinates":[[[54.411211,24.490715],[54.411211,24.490663],[54.411052,24.490661],[54.411051,24.490713],[54.411211,24.490715]]]}},{"type":"Feature","properties":{},"geometry":{"type":"Polygon","coordinates":[[[54.411287,24.490889],[54.411287,24.490796],[54.411155,24.490795],[54.411155,24.490888],[54.411287,24.490889]]]}},{"type":"Feature","properties":{},"geometry":{"type":"Polygon","coordinates":[[[54.412924,24.490639],[54.412916,24.491132],[54.413711,24.491143],[54.413713,24.49098],[54.413429,24.490975],[54.413431,24.490815],[54.413726,24.490819],[54.413729,24.49065],[54.412924,24.490639]]]}},{"type":"Feature","properties":{},"geometry":{"type":"Polygon","coordinates":[[[54.411286,24.490951],[54.411284,24.490893],[54.411147,24.490894],[54.411148,24.490951],[54.411286,24.490951]]]}},{"type":"Feature","properties":{},"geometry":{"type":"Polygon","coordinates":[[[54.412829,24.491185],[54.412828,24.491224],[54.412937,24.491227],[54.412938,24.491188],[54.412829,24.491185]]]}},{"type":"Feature","properties":{},"geometry":{"type":"Polygon","coordinates":[[[54.411185,24.491424],[54.411181,24.491501],[54.411282,24.491504],[54.411285,24.491427],[54.411185,24.491424]]]}},{"type":"Feature","properties":{},"geometry":{"type":"Polygon","coordinates":[[[54.411364,24.492099],[54.41186,24.492132],[54.412175,24.492137],[54.412207,24.491729],[54.412248,24.49173],[54.412249,24.4917],[54.41221,24.491699],[54.412247,24.491228],[54.411751,24.491196],[54.411435,24.491191],[54.411364,24.492099]]]}},{"type":"Feature","properties":{},"geometry":{"type":"Polygon","coordinates":[[[54.411581,24.492292],[54.411578,24.49238],[54.411769,24.492384],[54.411772,24.492297],[54.411581,24.492292]]]}},{"type":"Feature","properties":{},"geometry":{"type":"Polygon","coordinates":[[[54.412217,24.492559],[54.412218,24.492462],[54.411973,24.492459],[54.411972,24.492557],[54.412217,24.492559]]]}},{"type":"Feature","properties":{},"geometry":{"type":"Polygon","coordinates":[[[54.415073,24.496861],[54.41501,24.49686],[54.4149,24.497017],[54.414992,24.497071],[54.415055,24.497072],[54.415166,24.496915],[54.415073,24.496861]]]}},{"type":"Feature","properties":{},"geometry":{"type":"Polygon","coordinates":[[[54.412441,24.498678],[54.412335,24.498059],[54.412357,24.49805],[54.412125,24.497506],[54.411812,24.497391],[54.411496,24.497386],[54.411403,24.497422],[54.411699,24.498182],[54.411825,24.498912],[54.412258,24.498907],[54.412441,24.498678]]]}},{"type":"Feature","properties":{},"geometry":{"type":"Polygon","coordinates":[[[54.41061,24.498871],[54.410748,24.499018],[54.411308,24.499034],[54.411301,24.49752],[54.410985,24.497515],[54.410798,24.49756],[54.410624,24.497708],[54.41061,24.498871]]]}},{"type":"Feature","properties":{},"geometry":{"type":"Polygon","coordinates":[[[54.413013,24.502973],[54.413098,24.503119],[54.413256,24.503121],[54.413327,24.503102],[54.413448,24.502811],[54.413537,24.502331],[54.413057,24.502035],[54.412898,24.501884],[54.412812,24.501772],[54.412732,24.501628],[54.412684,24.501488],[54.411982,24.501472],[54.412018,24.501673],[54.412065,24.501807],[54.412137,24.50199],[54.412222,24.502147],[54.412374,24.502354],[54.412629,24.502656],[54.412874,24.50282],[54.413013,24.502973]]]}},{"type":"Feature","properties":{},"geometry":{"type":"Polygon","coordinates":[[[54.415501,24.502417],[54.415496,24.502476],[54.415585,24.502479],[54.415589,24.50242],[54.415501,24.502417]]]}},{"type":"Feature","properties":{},"geometry":{"type":"Polygon","coordinates":[[[54.410947,24.502245],[54.410913,24.502838],[54.411609,24.502868],[54.411649,24.502947],[54.411712,24.502948],[54.411796,24.502912],[54.41172,24.502761],[54.41167,24.50276],[54.411669,24.502708],[54.411539,24.502684],[54.411505,24.502659],[54.411572,24.50266],[54.411575,24.502536],[54.411469,24.502535],[54.411466,24.502356],[54.41167,24.502522],[54.411733,24.502523],[54.411805,24.50245],[54.411592,24.502277],[54.411529,24.502276],[54.411466,24.502339],[54.411465,24.502253],[54.410947,24.502245]]]}},{"type":"Feature","properties":{},"geometry":{"type":"Polygon","coordinates":[[[54.415533,24.502638],[54.415531,24.502604],[54.41539,24.502607],[54.415392,24.50264],[54.415533,24.502638]]]}},{"type":"Feature","properties":{},"geometry":{"type":"Polygon","coordinates":[[[54.415529,24.502683],[54.415529,24.502645],[54.415395,24.502643],[54.415395,24.502682],[54.415529,24.502683]]]}},{"type":"Feature","properties":{},"geometry":{"type":"Polygon","coordinates":[[[54.411918,24.502806],[54.41202,24.502749],[54.411859,24.50251],[54.411796,24.502509],[54.411694,24.502566],[54.411855,24.502805],[54.411918,24.502806]]]}},{"type":"Feature","properties":{},"geometry":{"type":"Polygon","coordinates":[[[54.415565,24.502779],[54.415561,24.502807],[54.415677,24.502813],[54.415681,24.502786],[54.415565,24.502779]]]}},{"type":"Feature","properties":{},"geometry":{"type":"Polygon","coordinates":[[[54.415528,24.502833],[54.415521,24.502779],[54.415396,24.502784],[54.415403,24.502838],[54.415528,24.502833]]]}},{"type":"Feature","properties":{},"geometry":{"type":"Polygon","coordinates":[[[54.415689,24.502779],[54.415685,24.502856],[54.415874,24.502862],[54.415878,24.502784],[54.415689,24.502779]]]}},{"type":"Feature","properties":{},"geometry":{"type":"Polygon","coordinates":[[[54.415568,24.502894],[54.41556,24.502844],[54.415439,24.50285],[54.415447,24.502901],[54.415568,24.502894]]]}},{"type":"Feature","properties":{},"geometry":{"type":"Polygon","coordinates":[[[54.415635,24.503418],[54.415632,24.503473],[54.415789,24.503478],[54.415791,24.503422],[54.415635,24.503418]]]}},{"type":"Feature","properties":{},"geometry":{"type":"Polygon","coordinates":[[[54.415918,24.503642],[54.415915,24.503559],[54.415809,24.503559],[54.415813,24.503642],[54.415918,24.503642]]]}},{"type":"Feature","properties":{},"geometry":{"type":"Polygon","coordinates":[[[54.415487,24.504011],[54.415478,24.503973],[54.415356,24.503984],[54.415365,24.504022],[54.415487,24.504011]]]}},{"type":"Feature","properties":{},"geometry":{"type":"Polygon","coordinates":[[[54.414667,24.504163],[54.414734,24.504221],[54.414312,24.504214],[54.414153,24.504371],[54.414331,24.504524],[54.414804,24.504532],[54.414981,24.504383],[54.414901,24.504317],[54.415218,24.504322],[54.415263,24.504284],[54.41533,24.504341],[54.415667,24.504347],[54.415749,24.504277],[54.415811,24.504331],[54.416027,24.504334],[54.416204,24.504185],[54.416008,24.504024],[54.415792,24.50402],[54.415738,24.504074],[54.415703,24.504034],[54.415311,24.504031],[54.415271,24.504071],[54.415199,24.504012],[54.414826,24.504005],[54.414667,24.504163]]]}},{"type":"Feature","properties":{},"geometry":{"type":"Polygon","coordinates":[[[54.415509,24.504509],[54.415553,24.504473],[54.415504,24.504422],[54.415441,24.504421],[54.415396,24.504457],[54.415445,24.504508],[54.415509,24.504509]]]}},{"type":"Feature","properties":{},"geometry":{"type":"Polygon","coordinates":[[[54.415868,24.504503],[54.41561,24.504498],[54.415451,24.504656],[54.415629,24.504809],[54.415887,24.504813],[54.416064,24.504664],[54.415868,24.504503]]]}},{"type":"Feature","properties":{},"geometry":{"type":"Polygon","coordinates":[[[54.415008,24.504674],[54.414671,24.504668],[54.414513,24.504826],[54.41469,24.504979],[54.415027,24.504984],[54.415204,24.504835],[54.415008,24.504674]]]}},{"type":"Feature","properties":{},"geometry":{"type":"Polygon","coordinates":[[[54.415857,24.505028],[54.415904,24.504991],[54.415847,24.504931],[54.415784,24.50493],[54.415737,24.504966],[54.415794,24.505027],[54.415857,24.505028]]]}},{"type":"Feature","properties":{},"geometry":{"type":"Polygon","coordinates":[[[54.415073,24.504983],[54.415251,24.505136],[54.415297,24.505137],[54.415313,24.505155],[54.415376,24.505156],[54.415402,24.505138],[54.415545,24.505141],[54.415723,24.504992],[54.415526,24.50483],[54.415232,24.504826],[54.415073,24.504983]]]}},{"type":"Feature","properties":{},"geometry":{"type":"Polygon","coordinates":[[[54.410958,24.506618],[54.410888,24.506579],[54.410756,24.506543],[54.410546,24.50654],[54.410371,24.50656],[54.410298,24.506611],[54.410298,24.506661],[54.410335,24.50673],[54.410383,24.506739],[54.410502,24.506803],[54.410798,24.506811],[54.410984,24.506796],[54.411008,24.506731],[54.410943,24.506711],[54.410958,24.506618]]]}},{"type":"Feature","properties":{},"geometry":{"type":"Polygon","coordinates":[[[54.411221,24.507192],[54.411254,24.506947],[54.411188,24.506915],[54.410977,24.506911],[54.410961,24.50694],[54.410847,24.506938],[54.410793,24.506994],[54.410732,24.507106],[54.410726,24.507266],[54.410769,24.50734],[54.411033,24.507352],[54.411114,24.50733],[54.411221,24.507192]]]}},{"type":"Feature","properties":{},"geometry":{"type":"Polygon","coordinates":[[[54.410813,24.508596],[54.410809,24.508696],[54.411161,24.508707],[54.411164,24.508609],[54.410813,24.508596]]]}},{"type":"Feature","properties":{},"geometry":{"type":"Polygon","coordinates":[[[54.411248,24.508984],[54.411234,24.509309],[54.411307,24.509312],[54.411307,24.509336],[54.411558,24.509342],[54.411555,24.50948],[54.411736,24.509483],[54.411741,24.509266],[54.411689,24.509265],[54.411692,24.509166],[54.411757,24.509168],[54.411766,24.508959],[54.41158,24.508954],[54.411578,24.508985],[54.411248,24.508984]]]}},{"type":"Feature","properties":{},"geometry":{"type":"Polygon","coordinates":[[[54.410825,24.509161],[54.410823,24.509064],[54.410698,24.509064],[54.4107,24.509161],[54.410825,24.509161]]]}},{"type":"Feature","properties":{},"geometry":{"type":"Polygon","coordinates":[[[54.411233,24.509221],[54.411234,24.509149],[54.411123,24.509147],[54.411122,24.509219],[54.411233,24.509221]]]}},{"type":"Feature","properties":{},"geometry":{"type":"Polygon","coordinates":[[[54.411511,24.509524],[54.411508,24.509434],[54.410723,24.509449],[54.410727,24.509544],[54.411511,24.509524]]]}},{"type":"Feature","properties":{},"geometry":{"type":"Polygon","coordinates":[[[54.411396,24.509839],[54.411495,24.509799],[54.411418,24.509642],[54.411355,24.509641],[54.411256,24.509681],[54.411333,24.509838],[54.411396,24.509839]]]}},{"type":"Feature","properties":{},"geometry":{"type":"Polygon","coordinates":[[[54.410647,24.510716],[54.410584,24.510715],[54.410558,24.510764],[54.410611,24.510787],[54.410674,24.510788],[54.4107,24.51074],[54.410647,24.510716]]]}},{"type":"Feature","properties":{},"geometry":{"type":"Polygon","coordinates":[[[54.418873,24.480042],[54.418867,24.480078],[54.418943,24.480088],[54.418942,24.480131],[54.419043,24.480133],[54.419044,24.480072],[54.418998,24.480071],[54.419002,24.480053],[54.418873,24.480042]]]}},{"type":"Feature","properties":{},"geometry":{"type":"Polygon","coordinates":[[[54.420723,24.480238],[54.420569,24.480232],[54.420562,24.480364],[54.420964,24.480389],[54.420967,24.480343],[54.420758,24.480335],[54.420759,24.480303],[54.42072,24.480302],[54.420723,24.480238]]]}},{"type":"Feature","properties":{},"geometry":{"type":"Polygon","coordinates":[[[54.419929,24.480822],[54.419923,24.480877],[54.42005,24.480884],[54.420056,24.480829],[54.419929,24.480822]]]}},{"type":"Feature","properties":{},"geometry":{"type":"Polygon","coordinates":[[[54.418579,24.481524],[54.41856,24.481659],[54.418943,24.481696],[54.418961,24.481562],[54.418579,24.481524]]]}},{"type":"Feature","properties":{},"geometry":{"type":"Polygon","coordinates":[[[54.418982,24.481589],[54.41896,24.481742],[54.419363,24.481785],[54.419385,24.481631],[54.418982,24.481589]]]}},{"type":"Feature","properties":{},"geometry":{"type":"Polygon","coordinates":[[[54.419421,24.481631],[54.419401,24.481768],[54.419792,24.481808],[54.419811,24.481671],[54.419421,24.481631]]]}},{"type":"Feature","properties":{},"geometry":{"type":"Polygon","coordinates":[[[54.42007,24.481706],[54.420064,24.481769],[54.420263,24.481773],[54.420265,24.481722],[54.42007,24.481706]]]}},{"type":"Feature","properties":{},"geometry":{"type":"Polygon","coordinates":[[[54.418735,24.481687],[54.418544,24.481691],[54.41855,24.481831],[54.418796,24.481825],[54.418793,24.481744],[54.418738,24.481743],[54.418735,24.481687]]]}},{"type":"Feature","properties":{},"geometry":{"type":"Polygon","coordinates":[[[54.418826,24.48177],[54.418813,24.48185],[54.418918,24.481856],[54.418931,24.481777],[54.418826,24.48177]]]}},{"type":"Feature","properties":{},"geometry":{"type":"Polygon","coordinates":[[[54.420283,24.481748],[54.42026,24.481911],[54.420597,24.481951],[54.421095,24.481963],[54.421103,24.481831],[54.420827,24.481817],[54.420831,24.481791],[54.420493,24.481751],[54.420283,24.481748]]]}},{"type":"Feature","properties":{},"geometry":{"type":"Polygon","coordinates":[[[54.418638,24.481921],[54.418636,24.481899],[54.418529,24.481901],[54.41853,24.481923],[54.418638,24.481921]]]}},{"type":"Feature","properties":{},"geometry":{"type":"Polygon","coordinates":[[[54.419851,24.481856],[54.419834,24.481991],[54.420218,24.482025],[54.420235,24.48189],[54.419851,24.481856]]]}},{"type":"Feature","properties":{},"geometry":{"type":"Polygon","coordinates":[[[54.420697,24.48197],[54.420677,24.482093],[54.42105,24.482136],[54.42107,24.482013],[54.420697,24.48197]]]}},{"type":"Feature","properties":{},"geometry":{"type":"Polygon","coordinates":[[[54.420291,24.482065],[54.419907,24.482023],[54.419899,24.482072],[54.419898,24.48202],[54.419676,24.482022],[54.419681,24.481987],[54.419294,24.481947],[54.419275,24.482078],[54.41966,24.482117],[54.419656,24.48214],[54.419466,24.482117],[54.419263,24.482114],[54.41927,24.482065],[54.418892,24.482029],[54.4189,24.481992],[54.418801,24.481985],[54.418785,24.482055],[54.41888,24.482063],[54.418874,24.482108],[54.419251,24.482144],[54.419228,24.482308],[54.419475,24.482337],[54.419372,24.482333],[54.419366,24.482396],[54.419223,24.482394],[54.419226,24.482373],[54.41846,24.482285],[54.418442,24.482417],[54.4192,24.482507],[54.419196,24.482538],[54.418821,24.482496],[54.418823,24.482481],[54.418434,24.482447],[54.418417,24.482581],[54.418806,24.482615],[54.418813,24.482556],[54.419127,24.482596],[54.41919,24.482597],[54.419193,24.482579],[54.419525,24.482609],[54.419736,24.482612],[54.419756,24.482427],[54.419676,24.48242],[54.419683,24.482349],[54.419769,24.482351],[54.419783,24.482251],[54.41987,24.482262],[54.419855,24.482394],[54.420241,24.482428],[54.420239,24.48244],[54.420989,24.482527],[54.421008,24.482405],[54.420641,24.482364],[54.420643,24.482348],[54.420415,24.48232],[54.420417,24.482302],[54.420641,24.482325],[54.420651,24.482263],[54.420426,24.482225],[54.420089,24.482193],[54.419879,24.482189],[54.419875,24.482219],[54.41979,24.482204],[54.419793,24.482179],[54.419863,24.48218],[54.419863,24.482131],[54.419764,24.482119],[54.419892,24.482117],[54.419887,24.482154],[54.420271,24.482196],[54.420291,24.482065]],[[54.419676,24.482112],[54.419663,24.482112],[54.419674,24.482036],[54.419676,24.482112]]]}},{"type":"Feature","properties":{},"geometry":{"type":"Polygon","coordinates":[[[54.420378,24.481999],[54.420353,24.482089],[54.420507,24.482111],[54.420532,24.482021],[54.420378,24.481999]]]}},{"type":"Feature","properties":{},"geometry":{"type":"Polygon","coordinates":[[[54.418494,24.482084],[54.418475,24.482211],[54.418861,24.482253],[54.41888,24.482126],[54.418494,24.482084]]]}},{"type":"Feature","properties":{},"geometry":{"type":"Polygon","coordinates":[[[54.420657,24.482212],[54.420643,24.482332],[54.421017,24.482362],[54.42103,24.482241],[54.420657,24.482212]]]}},{"type":"Feature","properties":{},"geometry":{"type":"Polygon","coordinates":[[[54.420582,24.482733],[54.420586,24.482705],[54.420365,24.482682],[54.420367,24.482661],[54.420589,24.482677],[54.420587,24.482694],[54.420958,24.482728],[54.42098,24.482583],[54.420384,24.482526],[54.420386,24.482503],[54.42005,24.482469],[54.41984,24.482465],[54.419816,24.482661],[54.420191,24.482695],[54.420186,24.482738],[54.420573,24.482772],[54.420561,24.482854],[54.420871,24.48289],[54.420934,24.482891],[54.420951,24.48277],[54.420582,24.482733]]]}},{"type":"Feature","properties":{},"geometry":{"type":"Polygon","coordinates":[[[54.419191,24.482619],[54.419171,24.48275],[54.419557,24.482792],[54.419577,24.48266],[54.419191,24.482619]]]}},{"type":"Feature","properties":{},"geometry":{"type":"Polygon","coordinates":[[[54.41902,24.482662],[54.418957,24.482661],[54.418929,24.482747],[54.419026,24.482773],[54.419089,24.482774],[54.419118,24.482688],[54.41902,24.482662]]]}},{"type":"Feature","properties":{},"geometry":{"type":"Polygon","coordinates":[[[54.419802,24.482698],[54.419782,24.48283],[54.420166,24.482871],[54.420186,24.482739],[54.419802,24.482698]]]}},{"type":"Feature","properties":{},"geometry":{"type":"Polygon","coordinates":[[[54.419614,24.482962],[54.419631,24.48283],[54.419245,24.482795],[54.419234,24.48288],[54.418912,24.482853],[54.418915,24.482818],[54.418774,24.482813],[54.418785,24.482714],[54.418396,24.482685],[54.418382,24.482821],[54.418761,24.482849],[54.418757,24.482922],[54.418865,24.482927],[54.418857,24.482995],[54.419252,24.483026],[54.419263,24.482931],[54.419614,24.482962]]]}},{"type":"Feature","properties":{},"geometry":{"type":"Polygon","coordinates":[[[54.420363,24.482831],[54.4203,24.48283],[54.420265,24.48292],[54.420354,24.482948],[54.420417,24.482949],[54.420451,24.482859],[54.420363,24.482831]]]}},{"type":"Feature","properties":{},"geometry":{"type":"Polygon","coordinates":[[[54.4197,24.48285],[54.419682,24.482985],[54.420066,24.483022],[54.420084,24.482887],[54.4197,24.48285]]]}},{"type":"Feature","properties":{},"geometry":{"type":"Polygon","coordinates":[[[54.418366,24.482861],[54.418361,24.482982],[54.418749,24.482996],[54.418755,24.482874],[54.418366,24.482861]]]}},{"type":"Feature","properties":{},"geometry":{"type":"Polygon","coordinates":[[[54.420512,24.483195],[54.420507,24.483251],[54.420889,24.483279],[54.420902,24.48315],[54.420632,24.483128],[54.420635,24.483103],[54.420898,24.483128],[54.420915,24.483008],[54.420544,24.48297],[54.420536,24.483025],[54.420094,24.483],[54.420075,24.483162],[54.420512,24.483195]]]}},{"type":"Feature","properties":{},"geometry":{"type":"Polygon","coordinates":[[[54.419673,24.483014],[54.41966,24.483134],[54.420047,24.483164],[54.42006,24.483044],[54.419673,24.483014]]]}},{"type":"Feature","properties":{},"geometry":{"type":"Polygon","coordinates":[[[54.417388,24.48777],[54.417387,24.487724],[54.417238,24.487724],[54.417239,24.487769],[54.417388,24.48777]]]}},{"type":"Feature","properties":{},"geometry":{"type":"Polygon","coordinates":[[[54.416695,24.488368],[54.416694,24.488407],[54.416786,24.488409],[54.416788,24.48837],[54.416695,24.488368]]]}},{"type":"Feature","properties":{},"geometry":{"type":"Polygon","coordinates":[[[54.419591,24.489302],[54.419592,24.48932],[54.419758,24.48932],[54.419758,24.489266],[54.41933,24.489268],[54.419331,24.489307],[54.419591,24.489302]]]}},{"type":"Feature","properties":{},"geometry":{"type":"Polygon","coordinates":[[[54.419146,24.489426],[54.41914,24.489302],[54.418987,24.489305],[54.418994,24.489429],[54.419146,24.489426]]]}},{"type":"Feature","properties":{},"geometry":{"type":"Polygon","coordinates":[[[54.419557,24.489378],[54.419554,24.489481],[54.419721,24.489484],[54.419724,24.489382],[54.419557,24.489378]]]}},{"type":"Feature","properties":{},"geometry":{"type":"Polygon","coordinates":[[[54.419256,24.48961],[54.419246,24.489538],[54.419157,24.48954],[54.419166,24.489612],[54.419256,24.48961]]]}},{"type":"Feature","properties":{},"geometry":{"type":"Polygon","coordinates":[[[54.419748,24.48982],[54.419747,24.489775],[54.419563,24.489776],[54.419564,24.489821],[54.419748,24.48982]]]}},{"type":"Feature","properties":{},"geometry":{"type":"Polygon","coordinates":[[[54.419571,24.490258],[54.419579,24.490298],[54.419725,24.490294],[54.419723,24.490173],[54.419611,24.490173],[54.419605,24.490252],[54.419571,24.490258]]]}},{"type":"Feature","properties":{},"geometry":{"type":"Polygon","coordinates":[[[54.419501,24.490304],[54.419495,24.490182],[54.419381,24.490183],[54.419387,24.490305],[54.419501,24.490304]]]}},{"type":"Feature","properties":{},"geometry":{"type":"Polygon","coordinates":[[[54.419378,24.49031],[54.419377,24.490276],[54.419239,24.490277],[54.41924,24.490311],[54.419378,24.49031]]]}},{"type":"Feature","properties":{},"geometry":{"type":"Polygon","coordinates":[[[54.417163,24.501757],[54.41722,24.501818],[54.417181,24.501902],[54.417059,24.501949],[54.417254,24.502089],[54.417464,24.502093],[54.417681,24.501889],[54.41745,24.501689],[54.41724,24.501685],[54.417163,24.501757]]]}},{"type":"Feature","properties":{},"geometry":{"type":"Polygon","coordinates":[[[54.416821,24.501966],[54.416821,24.501934],[54.416928,24.501924],[54.416913,24.501876],[54.41685,24.501875],[54.416805,24.501887],[54.416815,24.501917],[54.416572,24.501928],[54.416574,24.501975],[54.416821,24.501966]]]}},{"type":"Feature","properties":{},"geometry":{"type":"Polygon","coordinates":[[[54.41764,24.502388],[54.417682,24.502361],[54.417653,24.502324],[54.41759,24.502323],[54.417548,24.502351],[54.417577,24.502387],[54.41764,24.502388]]]}},{"type":"Feature","properties":{},"geometry":{"type":"Polygon","coordinates":[[[54.418483,24.502394],[54.418439,24.502301],[54.418376,24.5023],[54.418174,24.502378],[54.418218,24.502471],[54.418281,24.502472],[54.418483,24.502394]]]}},{"type":"Feature","properties":{},"geometry":{"type":"Polygon","coordinates":[[[54.417995,24.50249],[54.417948,24.502454],[54.417885,24.502453],[54.417861,24.502478],[54.417908,24.502514],[54.417971,24.502515],[54.417995,24.50249]]]}},{"type":"Feature","properties":{},"geometry":{"type":"Polygon","coordinates":[[[54.417421,24.502442],[54.417421,24.502556],[54.417563,24.502563],[54.417567,24.502443],[54.417421,24.502442]]]}},{"type":"Feature","properties":{},"geometry":{"type":"Polygon","coordinates":[[[54.417059,24.502653],[54.417058,24.502629],[54.416892,24.50263],[54.416893,24.502654],[54.417059,24.502653]]]}},{"type":"Feature","properties":{},"geometry":{"type":"Polygon","coordinates":[[[54.417117,24.502719],[54.417118,24.502708],[54.416945,24.502702],[54.416942,24.502762],[54.417059,24.502767],[54.41706,24.502794],[54.417366,24.502786],[54.417365,24.502776],[54.417471,24.502772],[54.417465,24.502711],[54.417117,24.502719]]]}},{"type":"Feature","properties":{},"geometry":{"type":"Polygon","coordinates":[[[54.417267,24.503056],[54.417265,24.503098],[54.417435,24.503103],[54.417437,24.503061],[54.417267,24.503056]]]}},{"type":"Feature","properties":{},"geometry":{"type":"Polygon","coordinates":[[[54.417465,24.503137],[54.417461,24.503227],[54.417668,24.50323],[54.417667,24.503169],[54.417588,24.503168],[54.417589,24.50314],[54.417465,24.503137]]]}},{"type":"Feature","properties":{},"geometry":{"type":"Polygon","coordinates":[[[54.417664,24.503569],[54.417657,24.503786],[54.417753,24.503788],[54.417761,24.503571],[54.417664,24.503569]]]}}]}